id,text,true_intent,pred_intent,intent_correct,confidence,weak_by_conf,weak_intent_real,weak_slot_real,true_slots,pred_slots
test_500,"забронируй вечеринку в их кампусе, в том же районе, что и чурраскария",BookRestaurant,none,False,0.0,True,False,False,"{'location': 'их кампусе, | в том же районе,', 'restaurant_type': 'чурраскария'}",{}
test_499,Покажи мне фильмы в Харкинс Фитерс .,SearchScreeningEvent,SearchScreeningEvent,True,0.9294,False,False,False,"{'movie_type': 'фильмы', 'location': 'Харкинс Фитерс'}","{'object_location_type': 'кинотеатры', 'object_location_name': 'Харкинс Фитерс'}"
test_498,Забронируй столик на девять персон в лучшем пабе около Танжера через шесть месяцев,BookRestaurant,BookRestaurant,True,0.9327,False,False,False,"{'party_size_number': 'девять', 'sort': 'лучшем', 'restaurant_type': 'пабе', 'location': 'около | Танжера', 'datetime': 'через шесть месяцев'}","{'party_size_number': 'девять', 'cuisine': 'паб', 'sort': 'лучший', 'location': 'около Танжера', 'datetime': 'через шесть месяцев'}"
test_497,Найди ТВ сериал Парни из Джерси,SearchCreativeWork,SearchCreativeWork,True,0.9619,False,False,False,"{'object_type': 'ТВ сериал', 'object_name': 'Парни из Джерси'}","{'object_type': 'телевизионный сериал', 'object_name': 'Парни из Джерси'}"
test_496,Добавь этот альбом к Old School Death Metal,AddToPlaylist,none,False,0.0,True,False,False,"{'music_item': 'альбом', 'playlist': 'Old School Death Metal'}",{}
test_495,"Забронируй номер в The Dome, в Эдинбурге, недалеко от Бруклона",BookRestaurant,BookRestaurant,True,0.9636,False,False,True,"{'restaurant_name': 'The Dome, в Эдинбурге', 'location': 'недалеко | Бруклона'}","{'facility': 'The Dome', 'location': 'Эдинбург, недалеко от Бруклона'}"
test_494,Забронируй популярный ресторан на 5 персон,BookRestaurant,none,False,0.0,True,False,False,"{'sort': 'популярный', 'restaurant_type': 'ресторан', 'party_size_number': '5'}",{}
test_493,филлис уорд и веронике нужен столик в ресторане через 152 дня,BookRestaurant,BookRestaurant,True,0.9216,False,False,True,"{'party_size_description': 'филлис уорд и веронике', 'restaurant_type': 'ресторане', 'datetime': 'через 152 дня'}","{'cuisine': 'филлис уорд и вероника', 'party_size_description': 'столик', 'party_size_number': '1', 'restaurant_name': 'не указан', 'restaurant_type': 'ресторан', 'datetime': 'через 152 дня', 'location': 'не указан'}"
test_492,найди книгу The Girl Who Was Plugged In,SearchCreativeWork,SearchCreativeWork,True,0.9971,False,False,False,"{'object_type': 'книгу', 'object_name': 'The Girl Who Was Plugged In'}",{'object_name': 'The Girl Who Was Plugged In'}
test_491,Найди мне ТВ шоу под названием Baby Blue,SearchCreativeWork,SearchCreativeWork,True,0.98,False,False,False,"{'object_type': 'ТВ шоу', 'object_name': 'Baby Blue'}","{'object_name': 'Baby Blue', 'object_type': 'ТВ шоу'}"
test_490,поставь The Gift: Imagination and the Erotic Life of Property пять звезд,RateBook,BookRestaurant,False,0.8905,False,False,False,"{'object_name': 'The Gift: Imagination and the Erotic Life of Property', 'rating_value': 'пять', 'rating_unit': 'звезд'}","{'restaurant_name': 'The Gift: Imagination and the Erotic Life of Property', 'party_size_number': 'five stars', 'sort': 'highest rating'}"
test_489,Я хочу послушать их от артиста Murcof,PlayMusic,PlayMusic,True,0.9824,False,False,False,"{'music_item': 'их', 'artist': 'Murcof'}","{'artist': 'Murcof', 'datetime': 'через 1 минуту и 8 секунд'}"
test_488,"В travelling плейлист, пожалуйста, добавь эту песню Дэвида Гаана .",AddToPlaylist,AddToPlaylist,True,0.8795,False,False,False,"{'playlist': 'travelling', 'music_item': 'песню', 'artist': 'Дэвида Гаана'}","{'artist': 'Дэвид Гаан', 'music_item': ""песня из плейлиста 'Traveling'"", 'playlist': 'плейлист'}"
test_487,Можешь найти мне the National Anthem of the Ancient Britons ТВ шоу ?,SearchCreativeWork,SearchCreativeWork,True,0.9774,False,False,False,"{'object_name': 'National Anthem of the Ancient Britons', 'object_type': 'ТВ шоу'}","{'object_name': 'National Anthem of the Ancient Britons', 'object_type': 'ТВ шоу'}"
test_486,Добавь песню в Indie Hipster,AddToPlaylist,PlayMusic,False,0.9023,False,False,False,"{'music_item': 'песню', 'playlist': 'Indie Hipster'}","{'music_item': 'Indie Hipster', 'service': 'плейлист'}"
test_485,добавь ирландию на детском евровидении 2015 в мой Jazzy Dinner плейлист,AddToPlaylist,AddToPlaylist,True,0.9601,False,False,False,"{'entity_name': 'ирландию на детском евровидении 2015', 'reference': 'мой', 'playlist': 'Jazzy Dinner'}","{'entity_name': 'Jazzy Dinner', 'music_item': 'Ирландия на детском евровидении 2015'}"
test_484,какой прогноз погоды здесь в связи с метелью на пять часов вечера,weather/find,weather/find,True,0.9166,False,False,True,"{'location': 'здесь', 'condition_description': 'метелью', 'datetime': 'пять часов вечера'}","{'condition_description': 'метель', 'datetime': 'пять часов вечера', 'location': 'текущий местоположение'}"
test_483,"Пожалуйста, найди мне Monty Python Live в Голливуд-боул .",SearchCreativeWork,SearchCreativeWork,True,0.8645,False,False,False,{'object_name': 'Monty Python Live в Голливуд - боул'},"{'object_name': 'Monty Python Live', 'object_type': 'встреча', 'location': 'Голливуд-боул', 'service': 'проживание'}"
test_482,Показывают ли No Time to Be Young в AMC Theaters,SearchScreeningEvent,SearchCreativeWork,False,0.9628,False,False,False,"{'movie_name': 'No Time to Be Young', 'location': 'AMC Theaters'}","{'object_name': 'No Time to Be Young', 'object_type': 'фильм', 'service': 'AMC Theaters'}"
test_481,Сыграй любой блюз британский .,PlayMusic,none,False,0.0,True,False,True,{'genre': 'блюз британский'},{}
test_480,Покажи расписание фильмов в округе,SearchScreeningEvent,weather/find,False,0.9227,False,False,False,"{'object_type': 'расписание фильмов', 'location': 'в округе'}","{'condition_description': 'расписание фильмов', 'location': 'округ'}"
test_479,какой прогноз для Ваурики в Самоа,weather/find,weather/find,True,0.9159,False,False,False,{'location': 'Ваурики | Самоа'},"{'condition_description': 'прогноз', 'location': 'Ваурика, Самоа'}"
test_478,Найди расписание фильмов для Wanda Group .,SearchScreeningEvent,SearchCreativeWork,False,0.9538,False,False,False,"{'object_type': 'расписание фильмов', 'location': 'Wanda Group'}","{'object_name': 'Wanda Group', 'object_type': 'расписание фильмов'}"
test_477,какая погода здесь на два утра,weather/find,weather/find,True,0.908,False,False,False,"{'location': 'здесь', 'datetime': 'два утра'}",{'location': 'здесь'}
test_476,Я хочу забронировать Oregon Electric Station в North City .,BookRestaurant,BookRestaurant,True,0.9241,False,False,True,"{'restaurant_name': 'Oregon Electric Station', 'location': 'North City'}","{'restaurant_name': 'Oregon Electric Station', 'location': 'North City', 'facility': 'кинотеатр'}"
test_475,Какие фильмы показывают в округе,SearchScreeningEvent,SearchCreativeWork,False,0.9409,False,False,False,"{'movie_type': 'фильмы', 'location': 'в округе'}","{'object_type': 'расписание', 'location': 'округ'}"
test_474,В какое время будет показ The Young Swordsman в моем кинотеатре ?,SearchScreeningEvent,SearchScreeningEvent,True,0.9402,False,False,True,"{'object_type': 'время', 'movie_name': 'The Young Swordsman', 'object_location_type': 'кинотеатре'}","{'object_name': 'The Young Swordsman', 'object_type': 'расписание', 'location': 'мой кинотеатр'}"
test_473,оцени текущий роман на ноль из 6,RateBook,RateBook,True,0.891,False,False,False,"{'object_select': 'текущий', 'object_type': 'роман', 'rating_value': 'ноль', 'best_rating': '6'}","{'object_name': 'Текущий роман', 'object_type': 'расписание', 'rating_value': '0 из 6', 'rating_unit': 'звезды'}"
test_472,Добавь мартина барра в мой punk unplugged плейлист.,AddToPlaylist,AddToPlaylist,True,0.8375,False,False,False,"{'artist': 'мартина барра', 'reference': 'мой', 'playlist': 'punk unplugged'}","{'entity_name': 'Панк Уплейн', 'music_item': 'Мартина Барра'}"
test_471,Оцени The 8-Week Cholesterol Cure на три из 6 .,RateBook,RateBook,True,0.9491,False,False,False,"{'object_name': 'The 8-Week Cholesterol Cure', 'rating_value': 'три', 'best_rating': '6'}","{'object_name': 'The 8-Week Cholesterol Cure', 'rating_value': '3'}"
test_470,Показывают ли Редкие птицы в ближайшем кинотеатре в обед .,SearchScreeningEvent,none,False,0.952,True,False,True,"{'movie_name': 'Редкие птицы', 'location': 'ближайшем', 'object_location_type': 'кинотеатре', 'datetime': 'обед'}",{}
test_469,оцени этот альбом на 5 баллов,RateBook,RateBook,True,0.8614,False,False,False,"{'object_select': 'этот', 'object_type': 'альбом', 'rating_value': '5'}","{'object_name': 'альбом', 'rating_value': '5'}"
test_468,Найди мне роман с названием To Lose My Life …,SearchCreativeWork,SearchCreativeWork,True,0.97,False,False,False,"{'object_type': 'роман', 'object_name': 'To Lose My Life'}",{'object_name': 'To Lose My Life …'}
test_467,добавь Highway Patrolman в мой плейлист this is al green,AddToPlaylist,AddToPlaylist,True,0.9338,False,False,False,"{'entity_name': 'Highway Patrolman', 'reference': 'мой', 'playlist': 'this is al green'}","{'entity_name': 'Highway Patrolman', 'music_item': 'this is al green', 'playlist': 'мой плейлист'}"
test_466,Добавь artist от mike в Sexy as Folk плейлист.,AddToPlaylist,AddToPlaylist,True,0.897,False,False,False,"{'music_item': 'artist', 'artist': 'mike', 'playlist': 'Sexy as Folk'}","{'artist': 'Mike', 'playlist': 'Sexy as Folk', 'entity_name': 'artist', 'music_item': 'Sexy as Folk', 'service': 'плейлист'}"
test_465,Я хочу анимационные фильмы в MJR Theatres,SearchScreeningEvent,SearchScreeningEvent,True,0.9467,False,False,False,"{'movie_type': 'анимационные фильмы', 'location': 'MJR Theatres'}","{'object_type': 'расписание', 'movie_name': 'анимационные фильмы', 'location': 'MJR Theatres'}"
test_464,Дай две звезды из 6 для 36 Children,RateBook,RateBook,True,0.9135,False,False,False,"{'rating_value': 'две', 'rating_unit': 'звезды', 'best_rating': '6', 'object_name': '36 Children'}","{'rating_value': '2 из 6', 'object_name': '36 Children', 'object_type': 'книга'}"
test_463,Можешь найти мне трейлер Синей весны ?,SearchCreativeWork,SearchCreativeWork,True,0.977,False,False,False,"{'object_type': 'трейлер', 'object_name': 'Синей весны'}","{'object_name': 'Синяя весна', 'object_type': 'трейлер'}"
test_462,Включи что-нибудь из 90s Pop Rock Essentials,PlayMusic,SearchCreativeWork,False,0.9416,False,False,False,{'playlist': '90s Pop Rock Essentials'},"{'object_name': '90s Pop Rock Essentials', 'object_type': 'расписание'}"
test_461,добавь этот трек в мой Hands Up плейлист,AddToPlaylist,AddToPlaylist,True,0.9147,False,False,False,"{'music_item': 'трек', 'reference': 'мой', 'playlist': 'Hands Up'}","{'playlist': 'Hands Up', 'music_item': 'трек'}"
test_460,Забронируй место для 9,BookRestaurant,none,False,0.0,True,False,False,{'party_size_number': '9'},{}
test_459,Будет ли Без свидетелей показываться двадцать два часа спустя,SearchScreeningEvent,SearchScreeningEvent,True,0.9315,False,False,False,"{'movie_name': 'Без свидетелей', 'datetime': 'двадцать два часа спустя'}","{'object_type': 'расписание', 'movie_name': 'Без свидетелей', 'datetime': 'двадцать два часа'}"
test_458,Я хочу забронировать стейк-хаус на хребте Вими .,BookRestaurant,BookRestaurant,True,0.9292,False,False,False,"{'restaurant_type': 'стейк-хаус', 'location': 'хребте Вими'}","{'cuisine': 'стейк-хаус', 'facility': 'хребет Вими', 'restaurant_type': 'стейк-хаус'}"
test_457,Добавь песню boy george в Emo Forever плейлист.,AddToPlaylist,AddToPlaylist,True,0.9589,False,False,False,"{'music_item': 'песню', 'artist': 'boy george', 'playlist': 'Emo Forever'}","{'entity_name': 'Emo Forever', 'music_item': 'песня Boy George'}"
test_456,Я хочу поесть в Ramona,BookRestaurant,BookRestaurant,True,0.9644,False,False,False,{'location': 'Ramona'},"{'cuisine': 'неизвестно', 'datetime': 'неизвестно', 'facility': 'Ramona', 'party_size_description': 'неизвестно', 'party_size_number': 'неизвестно', 'restaurant_name': 'неизвестно', 'restaurant_type': 'неизвестно', 'served_dish': 'неизвестно', 'sort': 'неизвестно'}"
test_455,"Пожалуйста, найди Three Essays on the Theory of Sexuality шоу .",SearchCreativeWork,SearchCreativeWork,True,0.9653,False,False,False,"{'object_name': 'Three Essays on the Theory of Sexuality', 'object_type': 'шоу'}","{'object_name': 'Three Essays on the Theory of Sexuality', 'object_type': 'шоу'}"
test_454,Будет ли дождь в Тенино ?,weather/find,weather/find,True,0.9502,False,False,True,"{'condition_description': 'дождь', 'location': 'Тенино'}","{'location': 'Тенино', 'condition_description': 'дождь'}"
test_453,Я хочу забронировать bougatsa restaurant в следующем году около Penn на троих персон.,BookRestaurant,BookRestaurant,True,0.8973,False,False,True,"{'cuisine': 'bougatsa', 'restaurant_type': 'restaurant', 'datetime': 'следующем году', 'location': 'около | Penn', 'party_size_number': 'троих'}","{'cuisine': 'бугатса', 'datetime': 'следующий год', 'location': 'Penn', 'party_size_description': 'трое', 'party_size_number': '3'}"
test_452,сыграй что-то семидесятое от Филиппа Киркорова,PlayMusic,none,False,0.0,True,False,False,"{'datetime': 'семидесятое', 'artist': 'Филиппа Киркорова'}",{}
test_451,"Можешь найти книгу Париж, когда там жара ?",SearchCreativeWork,SearchCreativeWork,True,0.9497,False,False,False,"{'object_type': 'книгу', 'object_name': 'Париж, когда там жара'}","{'object_name': 'Париж', 'object_type': 'книга', 'condition_description': 'когда там жара'}"
test_450,Оцени текущий роман на 3 звезды,RateBook,RateBook,True,0.9313,False,False,False,"{'object_select': 'текущий', 'object_type': 'роман', 'rating_value': '3', 'rating_unit': 'звезды'}","{'object_name': 'Текущий роман', 'rating_value': '3', 'rating_unit': 'звезды'}"
test_449,Включи Пола Маккартни,PlayMusic,SearchScreeningEvent,False,0.9685,False,False,False,{'artist': 'Пола Маккартни'},"{'object_name': 'Хроники моей матери с участием Пола Маккартни', 'object_type': 'расписание', 'location': 'ближайшем', 'object_location_type': 'кинотеатре', 'datetime': 'через 1 минуту и 8 секунд'}"
test_448,я хочу увидеть Я мечтаю о Джинни в кинотеатре,SearchScreeningEvent,SearchScreeningEvent,True,0.9676,False,False,True,"{'movie_name': 'Я мечтаю о Джинни', 'object_location_type': 'кинотеатре'}","{'movie_name': 'Я мечтаю о Джинни', 'object_location_type': 'кинотеатре'}"
test_447,"Пожалуйста, найди мне работу Serious Awesomeness !.",SearchCreativeWork,SearchCreativeWork,True,0.9576,False,False,False,{'object_name': 'Serious Awesomeness'},"{'object_name': 'Serious Awesomeness', 'object_type': 'работа'}"
test_446,Включи Trance Life в Zvooq .,PlayMusic,SearchCreativeWork,False,0.9185,False,False,False,"{'playlist': 'Trance Life', 'service': 'Zvooq'}","{'object_name': 'Trance Life', 'object_type': 'музыкальный трек', 'service': 'Zvooq'}"
test_445,"Пожалуйста, найди мне Compulsive Disclosure песню .",SearchCreativeWork,SearchCreativeWork,True,0.9832,False,False,False,"{'object_name': 'Compulsive Disclosure', 'object_type': 'песню'}","{'object_name': 'Compulsive Disclosure', 'object_type': 'песня'}"
test_444,Найди ТВ шоу Meet the Prince,SearchCreativeWork,SearchCreativeWork,True,0.9786,False,False,False,"{'object_type': 'ТВ шоу', 'object_name': 'Meet the Prince'}","{'object_name': 'Meet the Prince', 'object_type': 'ТВ шоу'}"
test_443,Мне нужен список Speakeasy Theaters с показом фильмов,SearchScreeningEvent,SearchCreativeWork,False,0.8999,False,False,False,"{'location': 'Speakeasy Theaters', 'object_type': 'фильмов'}","{'object_name': 'фильмы', 'object_type': 'список', 'object_location_type': 'кинотеатры'}"
test_442,Какая погода будет в Вирджинии на День святого Патрика ?,weather/find,weather/find,True,0.9832,False,False,False,"{'location': 'Вирджинии', 'datetime': 'День святого Патрика'}","{'location': 'Вирджиния', 'datetime': 'День святого Патрика'}"
test_441,Мне нужен столик на 4 в Saint Helena в Settha Palace Hotel,BookRestaurant,BookRestaurant,True,0.903,False,False,True,"{'party_size_number': '4', 'location': 'Saint Helena', 'restaurant_name': 'Settha Palace Hotel'}","{'cuisine': 'столик', 'party_size_description': '4', 'party_size_number': '4', 'location': 'Saint Helena', 'facility': 'Settha Palace Hotel'}"
test_440,дай текущей летописи пять из 6 очков,RateBook,SearchCreativeWork,False,0.8896,False,False,True,"{'object_select': 'текущей', 'object_part_of_series_type': 'летописи', 'rating_value': 'пять', 'best_rating': '6', 'rating_unit': 'очков'}","{'object_name': 'текущая летопись', 'object_type': 'окно'}"
test_439,Найди анимационные фильмы рядом,SearchScreeningEvent,SearchScreeningEvent,True,0.8971,False,False,False,"{'movie_type': 'анимационные фильмы', 'location': 'рядом'}","{'object_type': 'анимационный', 'datetime': 'близко'}"
test_438,Давай послушаем что-то от Andrew Hewitt .,PlayMusic,none,False,0.8939,True,False,False,{'artist': 'Andrew Hewitt'},{}
test_437,оцени текущее эссе на ноль из 6 звезд,RateBook,none,False,0.0,True,False,False,"{'object_select': 'текущее', 'object_type': 'эссе', 'rating_value': 'ноль', 'best_rating': '6', 'rating_unit': 'звезд'}",{}
test_436,Добавь песню в this is racionais mc's,AddToPlaylist,AddToPlaylist,True,0.8916,False,False,False,"{'music_item': 'песню', 'playlist': ""this is racionais mc's""}","{'music_item': ""this is racionais mc's"", 'playlist': 'my playlist', 'service': 'Spotify'}"
test_435,Показывают ли Babar: King of the Elephants,SearchScreeningEvent,SearchCreativeWork,False,0.9491,False,False,False,{'movie_name': 'Babar: King of the Elephants'},"{'object_name': 'Babar', 'object_type': 'книга'}"
test_434,Я хочу столик в James D. Conrey House в Urbank California,BookRestaurant,BookRestaurant,True,0.9092,False,False,True,"{'restaurant_name': 'James D. Conrey House', 'location': 'Urbank | California'}","{'facility': 'James D. Conrey House', 'location': 'Urband, California', 'party_size_description': 'столик'}"
test_433,Оцени текущую серию на 4 очка,RateBook,RateBook,True,0.9106,False,False,True,"{'object_select': 'текущую', 'object_part_of_series_type': 'серию', 'rating_value': '4', 'rating_unit': 'очка'}","{'object_name': 'Текущая серия', 'rating_value': '4', 'rating_unit': 'очков'}"
test_432,Дай ноль звезд этому учебнику,RateBook,none,False,0.0,True,False,False,"{'rating_value': 'ноль', 'rating_unit': 'звезд', 'object_select': 'этому', 'object_type': 'учебнику'}",{}
test_431,Дай The Crystal Snare 5 звезд,RateBook,RateBook,True,0.9285,False,False,False,"{'object_name': 'The Crystal Snare', 'rating_value': '5', 'rating_unit': 'звезд'}","{'object_name': 'The Crystal Snare', 'rating_value': '5'}"
test_430,Включи Subconscious Lobotomy от Дженнифер Полл .,PlayMusic,SearchCreativeWork,False,0.9698,False,False,True,"{'album': 'Subconscious Lobotomy', 'artist': 'Дженнифер Полл'}","{'object_name': 'Subconscious Lobotomy', 'object_type': 'книга', 'author': 'Дженнифер Полл'}"
test_103,Отмени следующий будильник,alarm/cancel_alarm,alarm/cancel_alarm,True,0.9538,False,False,False,{'reference': 'следующий'},"{'datetime': 'следующий', 'reference': 'будильник'}"
test_104,Напомни мне сходить в продуктовый магазин сегодня,reminder/set_reminder,reminder/set_reminder,True,0.8572,False,False,False,"{'reminder/todo': 'сходить в продуктовый магазин', 'datetime': 'сегодня'}","{'datetime': 'сегодня', 'reference': 'поправься в продуктовый магазин'}"
test_105,отмени мои напоминания на следующую неделю,reminder/cancel_reminder,reminder/cancel_reminder,True,0.9381,False,False,False,"{'reference': 'мои', 'datetime': 'следующую неделю'}","{'datetime': 'на следующую неделю', 'reference': 'мои напоминания'}"
test_106,напомни мне отвести собаку к грумеру во вторник в 3 часа,reminder/set_reminder,reminder/set_reminder,True,0.925,False,False,False,"{'reminder/todo': 'отвести собаку к грумеру', 'datetime': 'вторник в 3 часа'}","{'datetime': 'во вторник в 3 часа', 'reference': 'отвести собаку к грумеру', 'reminder/todo': 'отправить собаку к грумеру'}"
test_107,Напомни мне забрать цветы для Джен на нашу годовщину на 28-е.,reminder/set_reminder,reminder/set_reminder,True,0.9139,False,False,False,"{'reminder/todo': 'забрать цветы для Джен на нашу годовщину', 'datetime': '28-е'}","{'datetime': '28-е', 'reference': 'цветы для Джен на годовщину', 'reminder/todo': 'забрать цветы'}"
test_109,Напомни мне записаться к доктору завтра.,reminder/set_reminder,reminder/set_reminder,True,0.9428,False,False,False,"{'reminder/todo': 'записаться к доктору', 'datetime': 'завтра'}","{'datetime': 'завтра', 'reference': 'к доктору'}"
test_111,Нужно ли взять дождевик?,weather/find,weather/find,True,0.7846,False,False,False,{'weather/attribute': 'дождевик'},"{'location': 'близкий', 'condition_description': 'дождь'}"
test_150,Покажи все мои напоминания,reminder/show_reminders,reminder/show_reminders,True,0.9361,False,False,False,{'reference': 'все мои'},{}
test_247,Установи будильник на 5 вечера сегодня,alarm/set_alarm,alarm/set_alarm,True,0.952,False,False,False,{'datetime': '5 вечера сегодня'},"{'datetime': '5 вечера сегодня', 'reference': 'будильник'}"
test_248,установи будильник на 7 завтра,alarm/set_alarm,alarm/set_alarm,True,0.9491,False,False,False,{'datetime': '7 завтра'},"{'datetime': '7 завтра', 'reference': 'будильник'}"
test_253,"Пожалуйста, найди мне видеоигру под названием 20 Hours in America .",SearchCreativeWork,SearchCreativeWork,True,0.9468,False,False,False,"{'object_type': 'видеоигру', 'object_name': '20 Hours in America'}","{'object_name': '20 Hours in America', 'object_type': 'игра'}"
test_257,Включи новую музыку на Last Fm от Eddie Vinson .,PlayMusic,PlayMusic,True,0.937,False,False,False,"{'sort': 'новую', 'music_item': 'музыку', 'service': 'Last Fm', 'artist': 'Eddie Vinson'}","{'artist': 'Eddie Vinson', 'music_item': 'новая музыка', 'service': 'Last Fm'}"
test_258,Проверь прогноз погоды в Небраске .,weather/find,weather/find,True,0.9761,False,False,False,{'location': 'Небраске'},{'location': 'Небраска'}
test_259,Есть ли гроза сейчас в ЮК ?,weather/find,weather/find,True,0.9495,False,False,True,"{'condition_description': 'гроза', 'datetime': 'сейчас', 'location': 'ЮК'}",{'location': 'ЮК'}
test_264,Я хочу забронировать сунданский гастропаб где-то в Техасе на 3 персоны на 5/20/2025 .,BookRestaurant,BookRestaurant,True,0.9477,False,False,True,"{'cuisine': 'сунданский', 'restaurant_type': 'гастропаб', 'location': 'где-то | Техасе', 'party_size_number': '3', 'datetime': '5/20/2025'}","{'cuisine': 'сунданский', 'party_size_description': '3 персоны', 'datetime': '5/20/2025', 'restaurant_type': 'гастропаб', 'location': 'Техас'}"
test_269,Я хочу забронировать еврейский ресторан в Гамбии .,BookRestaurant,BookRestaurant,True,0.7928,False,False,True,"{'cuisine': 'еврейский', 'restaurant_type': 'ресторан', 'location': 'Гамбии'}","{'cuisine': 'еврейский', 'location': 'Гамбия', 'party_size_description': 'забронировать'}"
test_273,"Погода в Уолден, Россия на 12/26/2018",weather/find,weather/find,True,0.9802,False,False,False,"{'location': 'Уолден, | Россия', 'datetime': '12/26/2018'}","{'location': 'Уолден, Россия', 'datetime': '12/26/2018'}"
test_274,Я хочу забронировать ресторан для моего тестя и себя в Банкере через год .,BookRestaurant,BookRestaurant,True,0.9062,False,False,True,"{'restaurant_type': 'ресторан', 'party_size_description': 'моего тестя и себя', 'location': 'Банкере', 'datetime': 'через год'}","{'cuisine': 'независимо от', 'party_size_description': 'тест', 'party_size_number': '2', 'restaurant_name': 'независимо от', 'restaurant_type': 'независимо от', 'location': 'Банкер', 'datetime': 'через год'}"
test_285,"Пожалуйста, забронируй мне столик в бистро, где подают lorna doone .",BookRestaurant,BookRestaurant,True,0.8447,False,False,True,"{'restaurant_type': 'бистро,', 'served_dish': 'lorna doone'}","{'cuisine': 'бистро', 'restaurant_name': 'lorna doone', 'party_size_description': 'только один', 'party_size_number': '1', 'served_dish': 'lorna doone', 'datetime': 'через 1 минуту и 8 секунд', 'location': 'ближайшем'}"
test_286,Оцени The Mystery of the Tolling Bell серию 4 звездами .,RateBook,RateBook,True,0.9468,False,False,True,"{'object_name': 'The Mystery of the Tolling Bell', 'object_part_of_series_type': 'серию', 'rating_value': '4', 'rating_unit': 'звездами'}","{'object_name': 'The Mystery of the Tolling Bell', 'rating_value': '4', 'rating_unit': 'звезды'}"
test_288,Проверь расписание для Snowbound в ближайшем кинотеатре .,SearchScreeningEvent,SearchScreeningEvent,True,0.9386,False,False,True,"{'movie_name': 'Snowbound', 'location': 'ближайшем', 'object_location_type': 'кинотеатре'}","{'object_name': 'Snowbound', 'object_location_type': 'кинотеатре'}"
test_291,Будет I Think I Do показываться в 7 вечера ?,SearchScreeningEvent,SearchScreeningEvent,True,0.9487,False,False,False,"{'movie_name': 'I Think I Do', 'datetime': '7 вечера'}","{'movie_name': 'I Think I Do', 'datetime': '7 вечера', 'object_location_type': 'кинотеатре'}"
test_295,"Какой прогноз погоды для государственного парка Боте-Напа-Вэлли рядом на февраль, 20 ?",weather/find,weather/find,True,0.9578,False,False,False,"{'location': 'государственного парка Боте-Напа-Вэлли | рядом', 'datetime': 'февраль, 20'}","{'location': 'государственный парк Боте-Напа-Вэлли', 'datetime': 'февраль, 20', 'weather/attribute': 'прогноз погоды'}"
test_299,Оцени Soul Music на 0 .,RateBook,RateBook,True,0.8844,False,False,False,"{'object_name': 'Soul Music', 'rating_value': '0'}","{'object_name': 'Soul Music', 'rating_value': '0', 'rating_unit': 'points', 'best_rating': '0/10'}"
test_301,Включи All Things Must Pass .,PlayMusic,SearchCreativeWork,False,0.9726,False,False,True,{'track': 'All Things Must Pass'},"{'object_name': 'All Things Must Pass', 'object_type': 'альбом'}"
test_304,Включи музыку на Netflix .,PlayMusic,PlayMusic,True,0.9081,False,False,False,{'service': 'Netflix'},"{'service': 'Netflix', 'music_item': 'на музыку'}"
test_305,Я хочу увидеть Shattered Image .,SearchScreeningEvent,SearchCreativeWork,False,0.9807,False,False,False,{'movie_name': 'Shattered Image'},{'object_name': 'Shattered Image'}
test_310,какой прогноз для жаркой погоды в государственном парке Саутфорд-Фоллс,weather/find,weather/find,True,0.9762,False,False,True,"{'condition_temperature': 'жаркой', 'location': 'государственном парке Саутфорд-Фоллс'}","{'condition_description': 'жаркая погода', 'location': 'государственный парк Саутфорд-Фоллс'}"
test_311,"Пожалуйста, забронируй мне столик в пиццерии с парковкой в Гане .",BookRestaurant,BookRestaurant,True,0.9546,False,False,True,"{'restaurant_type': 'пиццерии', 'facility': 'парковкой', 'location': 'Гане'}","{'cuisine': 'пицца', 'facility': 'с парковкой', 'location': 'Гана'}"
test_312,Я хочу услышать семидесятые саундтреки .,PlayMusic,PlayMusic,True,0.9001,False,False,False,"{'datetime': 'семидесятые', 'music_item': 'саундтреки'}","{'genre': 'семидесятые саундтреки', 'service': 'воспроизведение'}"
test_313,Погода через два часа в Узбекистане,weather/find,weather/find,True,0.9696,False,False,False,"{'datetime': 'через два часа', 'location': 'Узбекистане'}","{'location': 'Узбекистан', 'datetime': 'через два часа'}"
test_314,"Пожалуйста, найди мне Journal of the British Astronomical Association фильм .",SearchCreativeWork,SearchScreeningEvent,False,0.9527,False,False,False,"{'object_name': 'Journal of the British Astronomical Association', 'object_type': 'фильм'}","{'object_name': 'Journal of the British Astronomical Association', 'movie_name': 'фильм', 'datetime': 'через 1 минуту и 8 секунд', 'location': 'ближайшем', 'object_location_type': 'кинотеатре'}"
test_315,"Забронируй столик на 8 человек в Уордвилле, Канзас",BookRestaurant,BookRestaurant,True,0.9491,False,False,False,"{'party_size_number': '8', 'location': 'Уордвилле | Канзасе'}","{'cuisine': 'неизвестно', 'datetime': 'неизвестно', 'facility': 'столик', 'party_size_description': '8 человек', 'party_size_number': '8', 'restaurant_name': 'Уордвилл', 'restaurant_type': 'неизвестно', 'location': 'Уордвилл, Канзас'}"
test_316,Какой будет погода далеко отсюда ?,weather/find,weather/find,True,0.9544,False,False,False,{'location': 'далеко | отсюда'},{'location': 'далеко отсюда'}
test_321,Какой будет погода в ноябре в Брукниле ?,weather/find,weather/find,True,0.9149,False,False,False,"{'datetime': 'ноябре', 'location': 'Бруклине'}","{'datetime': 'ноябрь', 'location': 'Брукнинл'}"
test_325,какие фильмы в Star Theatres .,SearchScreeningEvent,SearchCreativeWork,False,0.9422,False,False,False,"{'movie_type': 'фильмы', 'location': 'Star Theatres'}","{'object_type': 'кинотеатр', 'object_name': 'Star Theatres'}"
test_330,Дай одну звезду текущей книге,RateBook,SearchCreativeWork,False,0.9681,False,False,False,"{'rating_value': 'одну', 'object_select': 'текущей', 'object_type': 'книге'}","{'object_name': 'текущая книга', 'object_type': 'звезда'}"
test_345,"Пожалуйста, найди мне ТВ сериал , Now We Are Married .",SearchCreativeWork,SearchCreativeWork,True,0.9826,False,False,False,"{'object_type': 'ТВ сериал', 'object_name': 'Now We Are Married'}","{'object_name': 'Now We Are Married', 'object_type': 'ТВ сериал'}"
test_356,Я хочу увидеть The Portrait of a Lady в ближайшем кинотеатре .,SearchScreeningEvent,SearchScreeningEvent,True,0.9334,False,False,True,"{'movie_name': 'The Portrait of a Lady', 'location': 'ближайшем', 'object_location_type': 'кинотеатре'}","{'object_name': 'кинотеатре', 'object_location_type': 'ближайшем'}"
test_357,"Пожалуйста, найди мне Phineas Redux .",SearchCreativeWork,SearchCreativeWork,True,0.9624,False,False,False,{'object_name': 'Phineas Redux'},"{'object_name': 'Phineas Redux', 'object_type': 'фильм'}"
test_360,Какой будет погода в Памятнике Лихуле в декабре 5-го ?,weather/find,weather/find,True,0.8232,False,False,False,"{'location': 'Памятнике Лихуле', 'datetime': 'декабре 5-го'}","{'location': 'Памятник Лихуле', 'datetime': 'декабрь 5-го', 'condition_description': 'погода'}"
test_363,"Какая погода в Тионеке , Нью-Джерси",weather/find,none,False,0.9148,True,False,False,{'location': 'Тионеке | Нью-Джерси'},{}
test_365,забронируй место для моих племянниц и меня в чайном доме,BookRestaurant,none,False,0.0,True,False,True,"{'party_size_description': 'моих племянниц и меня', 'restaurant_type': 'чайном доме'}",{}
test_366,Будет ли жарко в Нидерландах в феврале 16-го ?,weather/find,weather/find,True,0.9679,False,False,True,"{'condition_temperature': 'жарко', 'location': 'Нидерландах', 'datetime': 'феврале 16-го'}","{'datetime': '16 февраля', 'location': 'Нидерланды'}"
test_367,Я хочу добавить jordan rudess в Divertido para niños плейлист.,AddToPlaylist,AddToPlaylist,True,0.9296,False,False,False,"{'artist': 'jordan rudess', 'playlist': 'Divertido para niños'}","{'entity_name': 'Divertido para niños', 'artist': 'jordan rudess', 'music_item': 'add'}"
test_369,Забронируй мне столик в лучшем бистро,BookRestaurant,none,False,0.0,True,False,False,"{'sort': 'лучшем', 'restaurant_type': 'бистро'}",{}
test_372,Какой будет погода в Огайо ?,weather/find,weather/find,True,0.9921,False,False,False,{'location': 'Огайо'},{'location': 'Огайо'}
test_374,Забронируй столик для моих малышей и меня,BookRestaurant,BookRestaurant,True,0.9037,False,False,True,{'party_size_description': 'моих малышей и меня'},"{'party_size_description': 'мои малыши и я', 'party_size_number': '3'}"
test_392,Я хочу забронировать массаж в спа .,BookRestaurant,BookRestaurant,True,0.904,False,False,True,"{'restaurant_type': 'массаж', 'facility': 'спа'}","{'facility': 'массаж', 'cuisine': 'спа', 'datetime': 'через 1 минуту и 8 секунд', 'location': 'ближайшем', 'party_size_description': 'один', 'party_size_number': '1'}"
test_417,"Пожалуйста, найди телевизионное шоу , Episodi di The Blacklist .",SearchCreativeWork,SearchCreativeWork,True,0.9724,False,False,False,"{'object_type': 'телевизионное шоу', 'object_name': 'Episodi di The Blacklist'}","{'object_name': 'The Blacklist', 'object_type': 'телевизионное шоу'}"
test_418,"какой прогноз для холодной погоды, начиная с Дня закона здесь",weather/find,weather/find,True,0.9381,False,False,True,"{'condition_temperature': 'холодной', 'datetime': 'Дня закона', 'location': 'здесь'}","{'condition_description': 'холодная погода', 'datetime': 'День закона', 'location': 'здесь'}"
test_419,Я хочу забронировать ресторан на десять человек.,BookRestaurant,BookRestaurant,True,0.9443,False,False,False,"{'restaurant_type': 'ресторан', 'party_size_number': 'десять'}","{'party_size_description': 'десять человек', 'party_size_number': '10'}"
test_420,Включи что-то от Duke Ellington из семидесятых,PlayMusic,SearchCreativeWork,False,0.9128,False,False,False,"{'artist': 'Duke Ellington', 'datetime': 'семидесятых'}","{'object_name': 'семидесятые', 'object_type': 'музыка', 'object_location_type': 'семидесятые'}"
test_421,Оцени Cotton Comes to Harlem на 2,RateBook,RateBook,True,0.9434,False,False,False,"{'object_name': 'Cotton Comes to Harlem', 'rating_value': '2'}","{'object_name': 'Cotton Comes to Harlem', 'rating_value': '2', 'rating_unit': 'звезды'}"
test_422,Добавь песню в мой плейлист madden nfl 16,AddToPlaylist,AddToPlaylist,True,0.936,False,False,False,"{'music_item': 'песню', 'reference': 'мой', 'playlist': 'madden nfl 16'}","{'entity_name': 'madden nfl 16', 'playlist': 'мой плейлист'}"
test_423,Добавь Toyan в мой Epic Gaming плейлист.,AddToPlaylist,AddToPlaylist,True,0.9233,False,False,False,"{'artist': 'Toyan', 'reference': 'мой', 'playlist': 'Epic Gaming'}","{'entity_name': 'Epic Gaming', 'music_item': 'Toyan', 'playlist': 'мой'}"
test_424,включи что-то новое от Les Vandyke на Slacker,PlayMusic,AddToPlaylist,False,0.9527,False,False,False,"{'sort': 'новое', 'artist': 'Les Vandyke', 'service': 'Slacker'}","{'entity_name': 'Les Vandyke', 'datetime': 'через 1 минуту и 8 секунд', 'service': 'Slacker'}"
test_425,оцени Three Junes одним баллом из 6,RateBook,RateBook,True,0.9158,False,False,False,"{'object_name': 'Three Junes', 'rating_value': 'одним', 'best_rating': '6'}","{'object_name': 'Three Junes', 'rating_value': '6', 'rating_unit': 'балл из 6'}"
test_426,Забронируй столик на девять людей в пекарне в Нуньес,BookRestaurant,none,False,0.0,True,False,False,"{'party_size_number': 'девять', 'restaurant_type': 'пекарне', 'location': 'Нуньес'}",{}
test_427,Оцени этот текущий роман двумя баллами из 6 .,RateBook,RateBook,True,0.9022,False,False,False,"{'object_select': 'этот текущий', 'object_type': 'роман', 'rating_value': 'двумя', 'best_rating': '6'}","{'object_name': 'Текущий роман', 'rating_value': '2 из 6', 'rating_unit': 'баллы'}"
test_428,Включи The Happy Blues от Ronnie Wood .,PlayMusic,SearchCreativeWork,False,0.9551,False,False,True,"{'album': 'The Happy Blues', 'artist': 'Ronnie Wood'}","{'object_name': 'The Happy Blues', 'artist': 'Ronnie Wood', 'object_type': 'песня'}"
test_429,Включи симфонию из 2013 .,PlayMusic,SearchScreeningEvent,False,0.9582,False,False,False,"{'music_item': 'симфонию', 'datetime': '2013'}","{'object_name': 'Симфония из 2013', 'object_type': 'музыка', 'datetime': 'через 1 минуту и 8 секунд', 'location': 'ближайшем', 'object_location_type': 'кинотеатре'}"
,Забронируй мне столик в лучшем кафе.,BookRestaurant,BookRestaurant,True,0.9124,False,False,False,"{'sort': 'лучшем', 'restaurant_type': 'кафе'}","{'cuisine': 'лучший', 'facility': 'столик', 'restaurant_name': 'неизвестно', 'restaurant_type': 'кафе', 'datetime': 'неизвестно', 'party_size_description': 'неизвестно', 'party_size_number': 'неизвестно', 'served_dish': 'неизвестно', 'sort': 'неизвестно'}"
,Оцени текущий учебник на 1 из 6.,RateBook,RateBook,True,0.8988,False,False,False,"{'object_select': 'текущий', 'object_type': 'учебник', 'rating_value': '1', 'best_rating': '6'}","{'object_name': 'текущий учебник', 'rating_value': '1 из 6', 'rating_unit': 'оценка'}"
,В какое время показывают фильм,SearchScreeningEvent,SearchScreeningEvent,True,0.9372,False,False,False,{'object_type': 'время показывают фильм'},"{'object_name': 'Хроники моей матери', 'datetime': 'через 1 минуту и 8 секунд', 'object_location_type': 'кинотеатре', 'location': 'ближайшем'}"
,Какая погода будет в Огайо?,weather/find,weather/find,True,0.9947,False,False,False,{'location': 'Огайо'},{'location': 'Огайо'}
,Добавь этого исполнителя в Showstopper Being Mary Jane.,AddToPlaylist,AddToPlaylist,True,0.9286,False,False,False,"{'music_item': 'исполнителя', 'playlist': 'Showstopper Being Mary Jane'}","{'entity_name': 'Showstopper', 'music_item': 'Being Mary Jane', 'playlist': 'через 1 минуту и 8 секунд'}"
,Забронируй столик для меня и моих детей.,BookRestaurant,none,False,0.0,True,False,True,{'party_size_description': 'меня и моих детей'},{}
test_375,"Какая погода будет в заповеднике Сарыгамыш 21 августа, 2035 ?",weather/find,weather/find,True,0.9833,False,False,False,"{'location': 'заповеднике Сарыгамыш', 'datetime': '21 августа, 2035'}","{'location': 'Заповедник Сарыгамыш', 'datetime': '21 августа, 2035'}"
test_376,Оцени Ruth пять баллов из 6 .,RateBook,RateBook,True,0.8931,False,False,False,"{'object_name': 'Ruth', 'rating_value': 'пять', 'rating_unit': 'баллов', 'best_rating': '6'}","{'object_name': 'Ruth', 'best_rating': '5', 'object_type': 'книга', 'rating_value': '5'}"
test_377,Reminiscences of the Anti-Japanese Guerillas chronicle заслуживает ноль баллов из 6.,RateBook,RateBook,True,0.9331,False,False,True,"{'object_name': 'Reminiscences of the Anti-Japanese Guerillas', 'object_part_of_series_type': 'chronicle', 'rating_value': 'ноль', 'rating_unit': 'баллов', 'best_rating': '6.'}","{'object_name': 'Reminiscences of the Anti-Japanese Guerillas', 'rating_value': '0 из 6'}"
test_378,Покажи мне расписание сеансов в южных кинотеатрах,SearchScreeningEvent,SearchScreeningEvent,True,0.9406,False,False,False,"{'object_type': 'расписание сеансов', 'location': 'южных кинотеатрах'}","{'object_type': 'расписание', 'location': 'южных кинотеатрах'}"
test_379,Найди расписание фильмов рядом,SearchScreeningEvent,SearchScreeningEvent,True,0.9579,False,False,False,"{'object_type': 'расписание фильмов', 'location': 'рядом'}","{'object_type': 'расписание фильмов', 'location': 'рядом'}"
test_380,Добавь этот альбом в плейлист Spanish Beat,AddToPlaylist,AddToPlaylist,True,0.9428,False,False,False,"{'music_item': 'альбом', 'playlist': 'Spanish Beat'}","{'playlist': 'Spanish Beat', 'music_item': 'альбом'}"
test_381,Забронируй столик на 6 человек в креольской таверне в Черногории,BookRestaurant,none,False,0.0,True,False,True,"{'party_size_number': '6', 'cuisine': 'креольской', 'restaurant_type': 'таверне', 'location': 'Черногории'}",{}
test_382,Поставь сериалу Catedral 4 звезды .,RateBook,RateBook,True,0.9247,False,False,True,"{'object_part_of_series_type': 'сериалу', 'object_name': 'Catedral', 'rating_value': '4', 'rating_unit': 'звезды'}","{'object_name': 'Catedral', 'rating_value': '4 звезды', 'object_type': 'сериал'}"
test_383,Добавь The Famous Flower of Serving-Men в мой вечерний акустический плейлист.,AddToPlaylist,AddToPlaylist,True,0.9795,False,False,False,"{'entity_name': 'The Famous Flower of Serving-Men', 'reference': 'мой', 'playlist': 'вечерний акустический'}","{'entity_name': 'The Famous Flower of Serving-Men', 'playlist': 'мой вечерний акустический плейлист'}"
test_384,Покажи мне расписание ArcLight Hollywood только для анимационных фильмов,SearchScreeningEvent,SearchScreeningEvent,True,0.9175,False,False,False,"{'object_type': 'расписание', 'location': 'ArcLight Hollywood', 'movie_type': 'анимационных фильмов'}","{'object_type': 'расписание', 'object_name': 'анимационные фильмы', 'object_location_type': 'кинотеатры'}"
test_385,"Пожалуйста, найди картину под названием This Is the Night .",SearchCreativeWork,SearchCreativeWork,True,0.9945,False,False,False,"{'object_type': 'картину', 'object_name': 'This Is the Night'}",{'object_name': 'This Is the Night'}
test_386,Какова будет влажность в данном месте в 15:19:29 ?,weather/find,weather/find,True,0.9498,False,False,True,"{'condition_description': 'влажность', 'location': 'данном месте', 'datetime': '15:19:29'}","{'datetime': '15:19:29', 'location': 'данное место'}"
test_387,я хочу посмотреть JLA Adventures: Trapped In Time,SearchScreeningEvent,SearchScreeningEvent,True,0.9868,False,False,False,{'movie_name': 'JLA Adventures: Trapped In Time'},{'movie_name': 'JLA Adventures: Trapped In Time'}
test_388,Добавь мелодию Дерека Уоткинса в This Is Johnny Cash,AddToPlaylist,AddToPlaylist,True,0.8629,False,False,False,"{'music_item': 'мелодию', 'artist': 'Дерека Уоткинса', 'playlist': 'This Is Johnny Cash'}","{'artist': 'Дерек Уоткинс', 'music_item': 'This Is Johnny Cash', 'playlist': 'Your Playlist Name', 'sort': 'Release Date'}"
test_389,Найди творческую работу под названием Fire in the Hole,SearchCreativeWork,SearchCreativeWork,True,0.9993,False,False,False,{'object_name': 'Fire in the Hole'},{'object_name': 'Fire in the Hole'}
test_390,забронируй столик возле колледжа Пэта,BookRestaurant,none,False,0.0,True,False,False,{'location': 'возле | колледжа Пэта'},{}
test_391,Идет ли Patrick Still Lives в кинотеатрах AMC,SearchScreeningEvent,SearchScreeningEvent,True,0.9789,False,False,False,"{'movie_name': 'Patrick Still Lives', 'location': 'кинотеатрах AMC'}","{'movie_name': 'Patrick Still Lives', 'object_location_type': 'кинотеатры AMC'}"
test_393,нужен столик где-нибудь в Кворривилле через 14 часов,BookRestaurant,search/Find,False,0.9091,False,False,False,"{'location': 'Кворривилле', 'datetime': 'через 14 часов'}","{'condition_description': 'столик', 'object_location_type': 'Кворривилл', 'datetime': 'через 14 часов'}"
test_394,включи Гэри Ли Коннера,PlayMusic,SearchScreeningEvent,False,0.954,False,False,False,{'artist': 'Гэри Ли Коннера'},"{'object_name': 'Гэри Ли Коннер', 'movie_name': 'Хроники моей матери', 'datetime': 'через 1 минуту и 8 секунд', 'object_location_type': 'кинотеатре'}"
test_395,"покажи ближайший кинотеатр, где показывают Boycott",SearchScreeningEvent,SearchScreeningEvent,True,0.9446,False,False,True,"{'location': 'ближайший', 'object_location_type': 'кинотеатр', 'movie_name': 'Boycott'}","{'object_type': 'расписание', 'movie_name': 'Boycott', 'location': 'ближайшем'}"
test_396,"Пожалуйста, включи мой ecstatic плейлист.",PlayMusic,SearchScreeningEvent,False,0.9442,False,False,False,{'playlist': 'ecstatic'},"{'object_type': 'расписание', 'movie_name': 'Хроники моей матери', 'location': 'ближайшем', 'object_location_type': 'кинотеатре', 'datetime': 'через 1 минуту и 8 секунд', 'playlist': 'моя экстравагантный плейлист'}"
test_397,"Пожалуйста, найди песню The Mad Magician .",SearchCreativeWork,SearchCreativeWork,True,0.9903,False,False,False,"{'object_type': 'песню', 'object_name': 'The Mad Magician'}","{'object_name': 'The Mad Magician', 'object_type': 'песня'}"
test_398,Проверь расписание кинотеатров Bow Tie Cinemas .,SearchScreeningEvent,SearchScreeningEvent,True,0.9369,False,False,False,"{'object_type': 'расписание', 'location': 'Bow Tie Cinemas'}","{'object_type': 'расписание', 'object_name': 'Bow Tie Cinemas'}"
test_399,Забронируй мне столик на вечеринку из 3 человек в пабе на Северных Марианских островах,BookRestaurant,none,False,0.0,True,False,False,"{'party_size_number': '3', 'restaurant_type': 'пабе', 'location': 'Северных Марианских островах'}",{}
test_400,Мне нужно добавить в текущий список Infinite Indie Folk произведения Рахим Шаха,AddToPlaylist,AddToPlaylist,True,0.9635,False,False,False,"{'reference': 'текущий', 'playlist': 'Infinite Indie Folk', 'artist': 'Рахим Шаха'}","{'entity_name': 'Infinite Indie Folk', 'music_item': 'Рахим Шах', 'playlist': 'текущий'}"
test_401,Добавь Джерри Каллиста-младшего в мой плейлист Te quiero.,AddToPlaylist,AddToPlaylist,True,0.9425,False,False,False,"{'artist': 'Джерри Каллиста - младшего', 'reference': 'мой', 'playlist': 'Te quiero.'}","{'entity_name': 'Джерри Каллиста-младший', 'playlist': 'мой плейлист', 'reference': 'Te quiero'}"
test_402,Насколько холоднее будет недалеко от Юты около 3 часов утра?,weather/find,weather/find,True,0.9037,False,False,True,"{'condition_temperature': 'холоднее', 'location': 'недалеко | Юты', 'datetime': '3 часов утра'}","{'location': 'Юта', 'datetime': '3 часов утра'}"
test_403,Добавь альбом в плейлист Hipster Soul.,AddToPlaylist,AddToPlaylist,True,0.9781,False,False,False,"{'music_item': 'альбом', 'playlist': 'Hipster Soul.'}","{'playlist': 'Hipster Soul', 'music_item': 'альбом'}"
test_404,Через тринадцать часов я хочу отведать деликатесы восточноевропейской кухни,BookRestaurant,weather/find,False,0.9363,False,False,True,"{'datetime': 'Через тринадцать часов', 'restaurant_type': 'деликатесы', 'cuisine': 'восточноевропейской'}","{'datetime': 'через тринадцать часов', 'location': 'восточноевропейская кухня', 'weather/attribute': 'деликатесы'}"
test_405,включи саундтрек шестидесятых,PlayMusic,SearchScreeningEvent,False,0.9553,False,False,False,"{'music_item': 'саундтрек', 'datetime': 'шестидесятых'}","{'object_type': 'расписание', 'movie_name': 'Хроники моей матери', 'object_location_type': 'кинотеатре', 'datetime': 'через 1 минуту и 8 секунд', 'object_attribute': 'саундтрек шестидесятых'}"
test_406,Поставь этому альбому одну звезду,RateBook,AddToPlaylist,False,0.8448,False,False,False,"{'object_select': 'этому', 'object_type': 'альбому', 'rating_value': 'одну', 'rating_unit': 'звезду'}","{'music_item': 'альбом', 'playlist': 'добавить в плейлист', 'sort': 'звезда'}"
test_407,Включи лучшую музыку Брайана Маклина .,PlayMusic,AddToPlaylist,False,0.8963,False,False,False,"{'sort': 'лучшую', 'artist': 'Брайана Маклина'}","{'entity_name': 'лучшая музыка Брайана Маклина', 'service': 'через 1 минуту и 8 секунд'}"
test_408,какой прогноз погоды в Никодиме и окрестностях,weather/find,weather/find,True,0.956,False,False,False,{'location': 'Никодиме | окрестностях'},{'location': 'Никодим и окрестности'}
test_409,Найди игру под названием Phinally Phamous,SearchCreativeWork,SearchCreativeWork,True,0.9819,False,False,False,"{'object_type': 'игру', 'object_name': 'Phinally Phamous'}",{'object_name': 'Phinally Phamous'}
test_410,Поставь оценку 2 Juneteenth .,RateBook,RateBook,True,0.8979,False,False,False,"{'rating_value': '2', 'object_name': 'Juneteenth'}","{'object_name': 'Juneteenth', 'rating_value': '2', 'rating_unit': 'звезда'}"
test_411,Поставь ноль звезд Rhialto the Marvellous,RateBook,RatingBook,False,0.9128,False,False,False,"{'rating_value': 'ноль', 'rating_unit': 'звезд', 'object_name': 'Rhialto the Marvellous'}","{'object_name': 'Rhialto the Marvellous', 'rating_value': '0', 'rating_unit': 'звезды'}"
test_412,Я хочу послушать саундтрек на Ютубе от Helena Iren Michaelsen,PlayMusic,PlayMusic,True,0.9308,False,False,False,"{'music_item': 'саундтрек', 'service': 'Ютубе', 'artist': 'Helena Iren Michaelsen'}","{'music_item': 'саундтрек', 'service': 'Ютуб', 'entity_name': 'Helena Iren Michaelsen'}"
test_413,забронируй столик на 1/20/2023 на 5 человек в MH,BookRestaurant,BookRestaurant,True,0.9431,False,False,False,"{'datetime': '1/20/2023', 'party_size_number': '5', 'location': 'MH'}","{'facility': 'MH', 'datetime': '1/20/2023', 'party_size_description': '5 человек', 'party_size_number': '5'}"
test_414,расписание сеансов анимационных фильмов рядом,SearchScreeningEvent,SearchScreeningEvent,True,0.9206,False,False,False,"{'object_type': 'расписание сеансов', 'movie_type': 'анимационных фильмов', 'location': 'рядом'}","{'object_type': 'расписание', 'object_name': 'анимационные фильмы', 'object_location_type': 'рядом'}"
test_415,Добавь jack white в мой плейлист This Is Shakira,AddToPlaylist,AddToPlaylist,True,0.9283,False,False,False,"{'artist': 'jack white', 'reference': 'мой', 'playlist': 'This Is Shakira'}","{'artist': 'Jack White', 'playlist': 'мой плейлист', 'music_item': 'This Is Shakira'}"
test_416,Я хочу забронировать ресторан на пять человек на Шри-Ланке .,BookRestaurant,BookRestaurant,True,0.9599,False,False,False,"{'restaurant_type': 'ресторан', 'party_size_number': 'пять', 'location': 'Шри - Ланке'}","{'party_size_description': 'пять человек', 'party_size_number': '5', 'location': 'Шри-Ланка'}"
test_481,Включи британский блюз .,PlayMusic,SearchScreeningEvent,False,0.9344,False,False,True,{'genre': 'британский блюз'},"{'object_type': 'расписание', 'movie_name': 'Хроники моей матери', 'object_location_type': 'ближайшем', 'datetime': 'через 1 минуту и 8 секунд', 'object_name': 'британский блюз'}"
test_162,Сколько снега прогнозируется?,weather/find,none,False,0.0,True,False,False,{'weather/attribute': 'снега'},{}
test_163,на улице жарко,weather/find,none,False,0.0,True,False,False,"{'location': 'улице', 'weather/attribute': 'жарко'}",{}
test_164,Какая температура будет сегодня?,weather/find,weather/find,True,0.8959,False,False,False,"{'weather/attribute': 'температура', 'datetime': 'сегодня'}","{'datetime': 'сегодня', 'location': 'текущий'}"
test_165,какая погода будет завтра в Далласе,weather/find,weather/find,True,0.9668,False,False,False,"{'datetime': 'завтра', 'location': 'Далласе'}","{'location': 'Даллас', 'datetime': 'завтра'}"
test_166,Покажи мне все текущие напоминания на сегодня,reminder/show_reminders,reminder/show_reminders,True,0.9246,False,False,False,"{'reference': 'все текущие', 'datetime': 'сегодня'}","{'datetime': 'сегодня', 'reference': 'текущие'}"
test_167,Установи еженедельное напоминание о покупках.,reminder/set_reminder,reminder/set_reminder,True,0.9276,False,False,False,"{'recurring_datetime': 'еженедельное', 'reminder/todo': 'покупках'}","{'datetime': 'еженедельно', 'reference': 'напоминание о покупках', 'reminder/todo': 'установить'}"
test_168,погода,weather/find,none,False,0.0,True,False,False,{},{}
test_169,Будет ли идти весь день дождь?,weather/find,weather/find,True,0.8682,False,False,False,"{'datetime': 'весь день', 'weather/attribute': 'дождь'}","{'location': 'близкий', 'condition_description': 'весь день'}"
test_170,завтра будет дождь,weather/find,weather/find,True,0.9355,False,False,False,"{'datetime': 'завтра', 'weather/attribute': 'дождь'}","{'datetime': 'завтра', 'location': 'не указано', 'condition_description': 'дождь'}"
test_171,Напомни мне ответить на рабочие письма сегодня вечером,reminder/set_reminder,none,False,0.0,True,False,False,"{'reminder/todo': 'ответить на рабочие письма', 'datetime': 'сегодня вечером'}",{}
test_172,Удали будильники,alarm/cancel_alarm,alarm/snooze_alarm,False,0.9425,False,False,False,{},{'datetime': 'через 1 минуту и 8 секунд'}
test_173,Отмени текущие будильники,alarm/cancel_alarm,alarm/cancel_alarm,True,0.9216,False,False,False,{'reference': 'текущие'},"{'datetime': 'текущий', 'reference': 'будильники'}"
test_215,Могу ли я надеть сегодня шорты?,weather/find,unknown,False,0.9433,False,False,False,"{'datetime': 'сегодня', 'weather/attribute': 'шорты'}",{}
test_203,Завтра будет дождь?,weather/find,weather/find,True,0.8465,False,False,False,"{'datetime': 'Завтра', 'weather/attribute': 'дождь'}",{'location': 'твой город'}
test_176,Установи будильник на 10 утра,alarm/set_alarm,alarm/set_alarm,True,0.9378,False,False,False,{'datetime': '10 утра'},"{'datetime': '10 утра', 'reference': 'будильник'}"
test_177,Будет ли на этой недели дождь?,weather/find,weather/find,True,0.8934,False,False,False,"{'weather/attribute': 'дождь', 'datetime': 'этой недели'}","{'location': 'неизвестно', 'datetime': 'на этой неделе'}"
test_237,покажи все напоминания,reminder/show_reminders,reminder/show_reminders,True,0.9456,False,False,False,{'reference': 'все'},{}
test_179,отмени будильники,alarm/cancel_alarm,alarm/cancel_alarm,True,0.9652,False,False,False,{},"{'datetime': 'через 1 минуту и 8 секунд', 'reference': 'будильники'}"
test_180,отключи все будильники,alarm/cancel_alarm,alarm/cancel_alarm,True,0.9442,False,False,False,{'reference': 'все'},{'reference': 'все будильники'}
test_181,покажи все предустановленные будильники,alarm/show_alarms,alarm/show_alarms,True,0.7707,False,False,False,{'reference': 'все'},{}
test_182,Установи будильник на каждую минуту в течение 20 минут.,alarm/set_alarm,alarm/set_alarm,True,0.8993,False,False,False,{'recurring_datetime': 'каждую минуту в течение 20 минут'},"{'recurring_datetime': 'кажую минуту', 'duration': '20 минут'}"
test_183,Какие у меня напоминания?,reminder/show_reminders,reminder/show_reminders,True,0.713,False,False,False,{'reference': 'меня'},{}
test_184,отмени будильник на завтра,alarm/cancel_alarm,alarm/set_alarm,False,0.9481,False,False,False,{'datetime': 'завтра'},"{'datetime': 'на завтра', 'reference': 'будильник'}"
test_185,мне нужен зонт сегодня?,weather/find,weather/find,True,0.8164,False,False,False,"{'weather/attribute': 'зонт', 'datetime': 'сегодня'}","{'datetime': 'сегодня', 'location': 'ваш'}"
test_186,сегодня будет снег?,weather/find,weather/find,True,0.9254,False,False,False,"{'datetime': 'сегодня', 'weather/attribute': 'снег'}","{'location': 'сегодня', 'condition_description': 'снег'}"
test_187,Напомни мне позвонить маме сегодня вечером,reminder/set_reminder,reminder/set_reminder,True,0.9456,False,False,False,"{'reminder/todo': 'позвонить маме', 'datetime': 'сегодня вечером'}","{'datetime': 'сегодня вечером', 'reference': 'позвонить маме'}"
test_188,сегодня будет дождь,weather/find,weather/find,True,0.8617,False,False,False,"{'datetime': 'сегодня', 'weather/attribute': 'дождь'}","{'condition_description': 'будет дождь', 'datetime': 'сегодня', 'location': 'ваши'}"
test_189,В субботу будет дождь?,weather/find,weather/find,True,0.9124,False,False,False,"{'datetime': 'субботу', 'weather/attribute': 'дождь'}","{'datetime': 'суббота', 'location': 'тут'}"
test_190,Будете ли вы ставить будильник каждую минуту в течение 20 минут?,alarm/set_alarm,alarm/set_alarm,True,0.8648,False,False,False,{'recurring_datetime': 'каждую минуту в течение 20 минут'},"{'datetime': 'через 1 минуту', 'reference': '20 минут', 'recurring_datetime': 'каждая минуту'}"
test_191,Тропические штормы в Карибском море,weather/find,weather/find,True,0.9478,False,False,False,"{'weather/attribute': 'Тропические штормы', 'location': 'Карибском море'}","{'condition_description': 'тропический шторм', 'location': 'Карибское море'}"
test_234,отмени все будильники,alarm/cancel_alarm,alarm/cancel_alarm,True,0.966,False,False,False,{'reference': 'все'},"{'datetime': 'через 1 минуту и 8 секунд', 'reference': 'все будильники'}"
test_193,Установи будильник на каждые девять минут.,alarm/set_alarm,alarm/set_alarm,True,0.9247,False,False,False,{'recurring_datetime': 'каждые девять минут'},"{'datetime': 'каждые девять минут', 'reference': 'будильник'}"
test_194,Удали два последних напоминания в моем списке,reminder/cancel_reminder,reminder/cancel_reminder,True,0.9329,False,False,False,{'reference': 'два последних'},{'reminder/todo': '2 последние напоминания'}
test_195,какая сегодня погода,weather/find,weather/find,True,0.8768,False,False,False,{'datetime': 'сегодня'},"{'datetime': 'сегодня', 'location': 'текущий'}"
test_196,включи текущий будильник,alarm/set_alarm,none,False,0.8528,True,False,False,{'reference': 'текущий'},{}
test_223,Какая сегодня влажность?,weather/find,weather/find,True,0.8832,False,False,False,"{'datetime': 'сегодня', 'weather/attribute': 'влажность'}","{'location': 'текущая', 'condition_description': 'влажность'}"
test_198,напомни мне установить будильник для подъема,reminder/set_reminder,alarm/set_alarm,False,0.9439,False,False,False,{'reminder/todo': 'установить будильник для подъема'},"{'datetime': 'через 1 минуту и 8 секунд', 'reference': 'подъем'}"
test_199,Будет ли в эти выходные снег?,weather/find,weather/find,True,0.902,False,False,False,"{'datetime': 'эти выходные', 'weather/attribute': 'снег'}","{'condition_description': 'снег', 'datetime': 'эти выходные', 'location': 'ваш город'}"
test_232,Насколько жарко будет сегодня?,weather/find,weather/find,True,0.867,False,False,False,"{'weather/attribute': 'жарко', 'datetime': 'сегодня'}","{'datetime': 'сегодня', 'location': 'текущий'}"
test_201,На какое время установлен текущий будильник,alarm/show_alarms,alarm/show_alarms,True,0.935,False,False,False,{'reference': 'текущий'},{'reference': 'текущий'}
test_202,Какая сегодня погода?,weather/find,weather/find,True,0.8565,False,False,False,{'datetime': 'сегодня'},{'location': 'текущая'}
test_203,Завтра будет дождь?,weather/find,weather/find,True,0.8465,False,False,False,"{'datetime': 'Завтра', 'weather/attribute': 'дождь'}",{'location': 'твой город'}
test_204,Отмени текущий будильник на 5:15 утра во вторник,alarm/cancel_alarm,alarm/modify_alarm,False,0.7391,False,False,False,"{'reference': 'текущий', 'datetime': '5:15 утра во вторник'}","{'datetime': '5:15 утра во вторник', 'recurring_datetime': 'через 5 часов'}"
test_205,отмени напоминание о сегодняшней вечерней игре,reminder/cancel_reminder,reminder/cancel_reminder,True,0.8924,False,False,False,"{'datetime': 'сегодняшней | вечерней', 'reminder/todo': 'игре'}","{'datetime': 'сегодня вечером', 'reference': 'текущая вечерняя игра'}"
test_206,Поставь будильник на 3 ночи,alarm/set_alarm,alarm/set_alarm,True,0.9601,False,False,False,{'datetime': '3 ночи'},"{'datetime': 'через 3 ночи', 'reference': 'будильник'}"
test_207,отмени все будильники на субботу,alarm/cancel_alarm,alarm/set_alarm,False,0.9192,False,False,False,"{'reference': 'все', 'datetime': 'субботу'}","{'datetime': 'суббота', 'reference': 'все будильники', 'recurring_datetime': 'суббота'}"
test_208,"мне нужно напоминание, чтобы забрать Лизу",reminder/set_reminder,reminder/set_reminder,True,0.9404,False,False,False,{'reminder/todo': 'забрать Лизу'},"{'datetime': 'через 1 минуту и 8 секунд', 'reference': 'забрать Лизу', 'reminder_todo': 'напоминание'}"
test_209,Какой сегодня максимум?,weather/find,weather/find,True,0.9201,False,False,False,"{'datetime': 'сегодня', 'weather/attribute': 'максимум'}","{'datetime': 'сегодня', 'location': 'текущий', 'condition_description': 'максимум'}"
test_210,Будет ли сегодня облачно в Гриндстоуне?,weather/find,weather/find,True,0.9709,False,False,False,"{'datetime': 'сегодня', 'weather/attribute': 'облачно', 'location': 'Гриндстоуне'}",{'location': 'Гриндстоун'}
test_211,Напомни мне позже,reminder/set_reminder,reminder/set_reminder,True,0.9306,False,False,False,{'datetime': 'позже'},"{'datetime': 'через 1 минуту и 8 секунд', 'reference': 'найди расписание для Хроники моей матери в ближайшем кинотеатре', 'reminder/todo': 'найти расписание'}"
test_212,какая сегодня погода во Франции,weather/find,weather/find,True,0.987,False,False,False,"{'location': 'Франции', 'datetime': 'сегодня'}",{'location': 'Франция'}
test_213,Будет ли солнечно на вечеринке в субботу,weather/find,weather/find,True,0.8762,False,False,False,"{'weather/attribute': 'солнечно', 'datetime': 'субботу'}","{'condition_description': 'на вечеринке', 'datetime': 'в субботу', 'location': 'неизвестно'}"
test_214,завтра пойдет дождь?,weather/find,weather/find,True,0.9013,False,False,False,"{'datetime': 'завтра', 'weather/attribute': 'дождь'}","{'datetime': 'завтра', 'location': 'ваш текущий местоположение'}"
test_215,Могу ли я надеть сегодня шорты?,weather/find,unknown,False,0.9433,False,False,False,"{'datetime': 'сегодня', 'weather/attribute': 'шорты'}",{}
test_216,Покажи текущее напоминание,reminder/show_reminders,reminder/show_reminders,True,0.7911,False,False,False,{'reference': 'текущее'},{}
test_217,какой средний прогноз на сентябрь,weather/find,weather/find,True,0.9543,False,False,False,{'datetime': 'сентябрь'},"{'datetime': 'сентябрь', 'location': 'средний прогноз'}"
test_218,Сегодня холодно?,weather/find,weather/find,True,0.7917,False,False,False,"{'datetime': 'Сегодня', 'weather/attribute': 'холодно'}",{}
test_240,Отмени все напоминания,reminder/cancel_reminder,reminder/cancel_reminder,True,0.9364,False,False,False,{'reference': 'все'},"{'datetime': 'текущий момент', 'reference': 'все напоминания'}"
test_220,жарко?,weather/find,weather/find,True,0.8591,False,False,False,{'weather/attribute': 'жарко'},"{'condition_description': 'жарко', 'location': 'текущий'}"
test_221,Поставь будильник на выходные в 2 часа дня,alarm/set_alarm,alarm/set_alarm,True,0.938,False,False,False,{'recurring_datetime': 'выходные в 2 часа дня'},"{'datetime': 'выходные в 2 часа дня', 'reference': 'будильник'}"
test_222,Поставь будильник на 2 утра,alarm/set_alarm,alarm/set_alarm,True,0.9401,False,False,False,{'datetime': '2 утра'},"{'datetime': '2 утра', 'reference': 'будильник'}"
test_223,Какая сегодня влажность?,weather/find,weather/find,True,0.8832,False,False,False,"{'datetime': 'сегодня', 'weather/attribute': 'влажность'}","{'location': 'текущая', 'condition_description': 'влажность'}"
test_224,покажи все текущие будильники,alarm/show_alarms,alarm/show_alarms,True,0.9635,False,False,False,{'reference': 'все текущие'},{}
test_225,Покажи мне все текущие напоминания,reminder/show_reminders,reminder/show_reminders,True,0.747,False,False,False,{'reference': 'все текущие'},{}
test_234,отмени все будильники,alarm/cancel_alarm,alarm/cancel_alarm,True,0.966,False,False,False,{'reference': 'все'},"{'datetime': 'через 1 минуту и 8 секунд', 'reference': 'все будильники'}"
test_227,Надвигается ли гроза в моем районе?,weather/find,weather/find,True,0.9362,False,False,False,"{'weather/attribute': 'гроза', 'location': 'моем районе'}",{'location': 'моем районе'}
test_195,какая сегодня погода,weather/find,weather/find,True,0.8768,False,False,False,{'datetime': 'сегодня'},"{'datetime': 'сегодня', 'location': 'текущий'}"
test_229,удали последнее напоминание,reminder/cancel_reminder,SearchScreeningEvent,False,0.99,False,False,False,{'reference': 'последнее'},"{'object_type': 'расписание', 'movie_name': 'Хроники моей матери', 'location': 'ближайшем', 'object_location_type': 'кинотеатре', 'datetime': 'через 1 минуту и 8 секунд'}"
test_230,Сколько времени осталость до будильника.,alarm/time_left_on_alarm,none,False,0.0,True,True,False,{},{}
test_231,Отмени все текущие будильники на воскресенье.,alarm/cancel_alarm,alarm/cancel_alarm,True,0.89,False,False,False,"{'reference': 'все текущие', 'datetime': 'воскресенье'}","{'datetime': 'воскресенье', 'reference': 'текущие будильники'}"
test_232,Насколько жарко будет сегодня?,weather/find,weather/find,True,0.867,False,False,False,"{'weather/attribute': 'жарко', 'datetime': 'сегодня'}","{'datetime': 'сегодня', 'location': 'текущий'}"
test_233,"Я бы хотел, чтобы ты создал новый будильник на завтрашнее утро в 8:45",alarm/set_alarm,alarm/set_alarm,True,0.9596,False,False,False,{'datetime': 'завтрашнее утро в 8:45'},"{'datetime': 'завтрашнее утро в 8:45', 'reference': 'будильник'}"
test_234,отмени все будильники,alarm/cancel_alarm,alarm/cancel_alarm,True,0.966,False,False,False,{'reference': 'все'},"{'datetime': 'через 1 минуту и 8 секунд', 'reference': 'все будильники'}"
test_235,Пойдет ли снег сегодня?,weather/find,weather/find,True,0.8808,False,False,False,"{'weather/attribute': 'снег', 'datetime': 'сегодня'}",{'location': 'твой город'}
test_236,напомни мне купить лед,reminder/set_reminder,None,False,0.8144,False,False,False,{'reminder/todo': 'купить лед'},{}
test_237,покажи все напоминания,reminder/show_reminders,reminder/show_reminders,True,0.9456,False,False,False,{'reference': 'все'},{}
test_245,покажи все будильники,alarm/show_alarms,alarm/show_alarms,True,0.9456,False,False,False,{'reference': 'все'},{}
test_239,Какая погода в Сан-Франциско?,weather/find,weather/find,True,0.9988,False,False,False,{'location': 'Сан - Франциско'},{'location': 'Сан-Франциско'}
test_240,Отмени все напоминания,reminder/cancel_reminder,reminder/cancel_reminder,True,0.9364,False,False,False,{'reference': 'все'},"{'datetime': 'текущий момент', 'reference': 'все напоминания'}"
test_241,Отмени напоминание о концерте,reminder/cancel_reminder,reminder/cancel_reminder,True,0.9586,False,False,False,{'reminder/todo': 'концерте'},{'reference': 'концерт'}
test_242,Отмени будильник на завтрашнее утро,alarm/cancel_alarm,alarm/set_alarm,False,0.9374,False,False,False,{'datetime': 'завтрашнее утро'},"{'datetime': 'завтрашнее утро', 'reference': 'будильник'}"
test_243,будет ли дождь на этой недели,weather/find,weather/find,True,0.827,False,False,False,"{'weather/attribute': 'дождь', 'datetime': 'этой недели'}","{'condition_description': 'на этой неделе', 'location': 'твой запрос'}"
test_244,Какая погода будет в среду для игры в гольф,weather/find,none,False,0.0,True,False,False,{'datetime': 'среду'},{}
test_245,покажи все будильники,alarm/show_alarms,alarm/show_alarms,True,0.9456,False,False,False,{'reference': 'все'},{}
test_246,отключи все будильники на завтра,alarm/cancel_alarm,alarm/cancel_alarm,True,0.9182,False,False,False,"{'reference': 'все', 'datetime': 'завтра'}","{'datetime': 'на завтра', 'reference': 'все будильники'}"
test_56,Установи будильник на 5 часов вечера сегодня,alarm/set_alarm,alarm/set_alarm,True,0.9369,False,False,False,{'datetime': '5 часов вечера сегодня'},"{'datetime': '5 часов вечера сегодня', 'reference': 'будильник'}"
,поставь будильник на 7 утра на завтра,alarm/set_alarm,alarm/set_alarm,True,0.9246,False,False,False,{'datetime': '7 утра на завтра'},"{'datetime': '7 утра на завтра', 'reference': 'будильник'}"
test_249,Завтра будет солнечно?,weather/find,weather/find,True,0.9044,False,False,False,"{'datetime': 'Завтра', 'weather/attribute': 'солнечно'}","{'datetime': 'завтра', 'location': 'ваш текущий местоположение'}"
test_250,насколько жарко будет сегодня,weather/find,weather/find,True,0.879,False,False,False,"{'weather/attribute': 'жарко', 'datetime': 'сегодня'}","{'datetime': 'сегодня', 'location': 'текущий'}"
test_251,Поставь ноль звезд игре Halo: Призраки Оникса,RateBook,PlayMusic,False,0.7935,False,False,False,"{'rating_value': 'ноль', 'rating_unit': 'звезд', 'object_name': 'Halo: Призраки Оникса'}","{'music_item': 'Halo: Prizras Okina', 'service': 'ноль звезд'}"
,Включи музыку Джой Нило.,PlayMusic,PlayMusic,True,0.9513,False,False,False,{'artist': 'Джой Нило'},"{'artist': 'Джой Нило', 'datetime': 'через 1 минуту и 8 секунд', 'service': 'через 1 минуту и 8 секунд'}"
,"Пожалуйста, найди мне видеоигру под названием 20 часов в Америке.",SearchCreativeWork,SearchCreativeWork,True,0.9775,False,False,False,"{'object_type': 'видеоигру', 'object_name': '20 часов в Америке'}","{'object_name': '20 часов в Америке', 'object_type': 'видеоигра'}"
test_254,Включи мой изобретательный плейлист,PlayMusic,SearchScreeningEvent,False,0.9627,False,False,False,{'playlist': 'изобретательный'},"{'object_type': 'расписание', 'movie_name': 'Хроники моей матери', 'location': 'ближайшем', 'object_location_type': 'кинотеатре', 'datetime': 'через 1 минуту и 8 секунд', 'playlist': 'мой изобретательный плейлист'}"
test_255,Забронируй место на 9 в Термонте,BookRestaurant,none,False,0.0,True,False,False,"{'party_size_number': '9', 'location': 'Термонте'}",{}
test_256,Добавь эту мелодию в плейлист вечеринок 80-х для Дорти,AddToPlaylist,AddToPlaylist,True,0.9195,False,False,False,"{'music_item': 'мелодию', 'playlist': 'вечеринок 80-х', 'reference': 'Дорти'}","{'entity_name': 'плейлист вечеринок 80-х', 'music_item': 'мелодия', 'playlist': 'Дорти'}"
,Включи новейшую мелодию Эдди Винсона на Last Fm.,PlayMusic,PlayMusic,True,0.9417,False,False,False,"{'sort': 'новейшую', 'music_item': 'мелодию', 'artist': 'Эдди Винсона', 'service': 'Last Fm'}","{'artist': 'Эдди Винсон', 'service': 'Last Fm', 'sort': 'новейшая', 'track': 'мелодия'}"
,Проверь прогноз для Небраски.,weather/find,weather/find,True,0.9641,False,False,False,{'location': 'Небраски'},"{'location': 'Небраска', 'condition_description': 'прогноз'}"
,В Северной Каролине сейчас шторм?,weather/find,weather/find,True,0.9891,False,False,True,"{'location': 'Северной Каролине', 'datetime': 'сейчас', 'condition_description': 'шторм'}",{'location': 'Северная Каролина'}
,Я хочу послушать миньон 1988 года.,PlayMusic,PlayMusic,True,0.9193,False,False,False,"{'music_item': 'миньон', 'datetime': '1998 года'}","{'music_item': 'миньон 1988 года', 'service': 'послушать'}"
test_261,Мне нужно время спектакля A Yiddish World Remembered в театрах Дипсон,SearchScreeningEvent,none,False,0.0,True,False,False,"{'object_type': 'время', 'movie_name': 'A Yiddish World Remembered', 'location': 'театрах Дипсон'}",{}
test_262,Поставь текущему учебнику 1 из 6,RateBook,SearchCreativeWork,False,0.9112,False,False,False,"{'object_select': 'текущему', 'object_type': 'учебнику', 'rating_value': '1', 'best_rating': '6'}","{'object_name': 'Учебник 1', 'object_type': 'учебник'}"
test_263,Добавь мелодию Мэтта Мерфи в плейлист  Flow Español.,AddToPlaylist,AddToPlaylist,True,0.9611,False,False,False,"{'music_item': 'мелодию', 'artist': 'Мэтта Мерфи', 'playlist': 'Flow Español.'}","{'entity_name': 'Flow Español', 'music_item': 'мелодия Мэтта Мерфи'}"
,Я хочу забронировать суданский гастропаб поблизости в Техасе для 3 человек на 5/20/2025.,BookRestaurant,BookRestaurant,True,0.9135,False,False,True,"{'cuisine': 'суданский', 'restaurant_type': 'гастропаб', 'location': 'поблизости | Техасе', 'party_size_number': '3', 'datetime': '5/20/2025'}","{'cuisine': 'суданский', 'facility': 'гастропаб', 'location': 'Техас', 'party_size_description': '3 человек', 'party_size_number': '3', 'restaurant_name': 'не указан', 'restaurant_type': 'гастропаб', 'datetime': '5/20/2025', 'sort': 'не указан'}"
test_265,Не мог бы ты найти телесериал The Approach,SearchCreativeWork,SearchCreativeWork,True,0.9937,False,False,False,"{'object_type': 'телесериал', 'object_name': 'The Approach'}","{'object_name': 'The Approach', 'object_type': 'телесериал'}"
test_266,Поставь этой хронике 2 балла.,RateBook,RateBook,True,0.9601,False,False,True,"{'object_select': 'этой', 'object_part_of_series_type': 'хронике', 'rating_value': '2'}","{'object_name': 'Хроники моей матери', 'rating_value': '2', 'rating_unit': 'баллы'}"
test_267,Поставь The American Scene 2  из 6 звезд,RateBook,RatingBook,False,0.9116,False,False,False,"{'object_name': 'The American Scene', 'rating_value': '2', 'best_rating': '6', 'rating_unit': 'звезд'}","{'object_name': 'The American Scene 2', 'rating_value': '6', 'rating_unit': 'звезды'}"
test_268,Добавь Эмили Отем в мой плейлист Nação Reggae.,AddToPlaylist,AddToPlaylist,True,0.9421,False,False,False,"{'artist': 'Эмили Отем', 'reference': 'мой', 'playlist': 'Nação Reggae'}","{'entity_name': 'Nação Reggae', 'music_item': 'Эмили Отем', 'playlist': 'мой плейлист'}"
test_269,Я хочу забронировать еврейский ресторан в Гамбии .,BookRestaurant,BookRestaurant,True,0.7928,False,False,True,"{'cuisine': 'еврейский', 'restaurant_type': 'ресторан', 'location': 'Гамбии'}","{'cuisine': 'еврейский', 'location': 'Гамбия', 'party_size_description': 'забронировать'}"
test_270,забронируй столик в ресторане Fried chicken,BookRestaurant,none,False,0.0,True,False,True,{'restaurant_name': 'ресторане Fried chicken'},{}
test_271,добавь we have a theme song для моего плейлиста House Afterwork,AddToPlaylist,AddToPlaylist,True,0.8953,False,False,False,"{'entity_name': 'we have a theme song', 'reference': 'моего', 'playlist': 'House Afterwork'}","{'entity_name': 'House Afterwork', 'music_item': 'theme song', 'playlist': 'my playout'}"
test_272,Какая погода будет недалеко отсюда девятнадцатого октября 2026 года?,weather/find,none,False,0.0,True,False,False,"{'location': 'недалеко отсюда', 'datetime': 'девятнадцатого октября 2026 года'}",{}
,Погода в Урюпинске Россия на 12/26/2018,weather/find,weather/find,True,0.9767,False,False,False,"{'location': 'Урюпинске | Россия', 'datetime': '12/26/2018'}","{'datetime': '12/26/2018', 'location': 'Урюпинск, Россия'}"
,Я хочу забронировать ресторан для моего тестя и меня в Бакнере через год.,BookRestaurant,BookRestaurant,True,0.9293,False,False,True,"{'restaurant_type': 'ресторан', 'party_size_description': 'моего тестя и меня', 'location': 'Бакнере', 'datetime': 'через год'}","{'cuisine': 'неизвестно', 'datetime': 'через год', 'facility': 'Бакнер', 'party_size_description': 'мой тесть и я', 'party_size_number': '2', 'restaurant_name': 'неизвестно', 'restaurant_type': 'неизвестно'}"
test_275,Оцени эту книгу на 1,RateBook,RateBook,True,0.9453,False,False,False,"{'object_select': 'эту', 'object_type': 'книгу', 'rating_value': '1'}","{'rating_value': '1', 'object_name': 'книга'}"
test_276,добавь этого исполнителя в мой плейлист spotlight on country 2016,AddToPlaylist,AddToPlaylist,True,0.8678,False,False,False,"{'music_item': 'исполнителя', 'reference': 'мой', 'playlist': 'spotlight on country 2016'}","{'entity_name': 'мой плейлист', 'music_item': 'исполнитель', 'playlist': 'spotlight on country 2016', 'service': 'country'}"
test_277,Не мог бы ты найти фотографию Epic Conditions?,SearchCreativeWork,weather/find,False,0.92,False,False,False,"{'object_type': 'фотографию', 'object_name': 'Epic Conditions'}","{'condition_description': 'Фотография', 'object_name': 'Epic Conditions', 'weather/attribute': 'Фотография'}"
test_278,Включи rich sex на Iheart,PlayMusic,none,False,0.0,True,False,True,"{'track': 'rich sex', 'service': 'Iheart'}",{}
test_279,Играет ли Барток Великолепный в семь утра?,SearchScreeningEvent,SearchCreativeWork,False,0.8966,False,False,False,"{'movie_name': 'Барток Великолепный', 'datetime': 'семь утра'}","{'object_name': 'Барток Великолепный', 'object_type': 'оркестровая музыка', 'datetime': 'семь утра'}"
test_280,Включи что-нибудь на Zvooq,PlayMusic,SearchScreeningEvent,False,0.9754,False,False,False,{'service': 'Zvooq'},"{'object_type': 'расписание', 'movie_name': 'Хроники моей матери', 'location': 'ближайшем', 'object_location_type': 'кинотеатре', 'datetime': 'через 1 минуту и 8 секунд', 'service': 'Zvooq'}"
test_281,Позволь мне послушать музыку Криса Найта,PlayMusic,PlayMusic,True,0.8982,False,False,False,{'artist': 'Криса Найта'},"{'artist': 'Крис Найт', 'track': 'послушать'}"
test_282,включи альбом Джилл Собул,PlayMusic,SearchCreativeWork,False,0.9478,False,False,True,"{'music_item': 'альбом', 'album': 'Джилл Собул'}",{'object_name': 'альбом Джилл Собул'}
test_283,Поставь четыре звезды The Broken Window,RateBook,RateBook,True,0.9042,False,False,False,"{'rating_value': 'четыре', 'rating_unit': 'звезды', 'object_name': 'The Broken Window'}","{'object_name': 'The Broken Window', 'rating_value': '4'}"
test_284,Расскажи мне прогноз на 6 утра в Татра-Национальном парке,weather/find,weather/find,True,0.9808,False,False,False,"{'datetime': '6 утра', 'location': 'Татра - Национальном парке'}","{'datetime': '6 утра', 'location': 'Татра-Национальный парк'}"
,"Пожалуйста, забронируй мне стол в кафе, где подают домашнее печенье.",BookRestaurant,BookRestaurant,True,0.886,False,False,True,"{'restaurant_type': 'кафе', 'served_dish': 'домашнее печенье'}","{'cuisine': 'домашнее печенье', 'facility': 'кафе', 'location': 'забронировать'}"
,Оцени серию The Mystery of the Tolling Bell на 4 звезды.,RateBook,RateBook,True,0.9522,False,False,True,"{'object_part_of_series_type': 'серию', 'object_name': 'The Mystery of the Tolling Bell', 'rating_value': '4', 'rating_unit': 'звезды'}","{'object_name': 'The Mystery of the Tolling Bell', 'rating_value': '4'}"
test_287,Используй Groove Shark для воспроизведения музыки,PlayMusic,PlayMusic,True,0.851,False,False,False,{'service': 'Groove Shark'},"{'service': 'Groove Shark', 'track': 'нет указания'}"
,Проверь расписание сеансов Snowbound в ближайшем кинотеатре.,SearchScreeningEvent,SearchScreeningEvent,True,0.9178,False,False,True,"{'movie_name': 'Snowbound', 'location': 'ближайшем', 'object_location_type': 'кинотеатре'}","{'object_name': 'Snowbound', 'object_type': 'расписание сеансов', 'location': 'ближайшем'}"
test_289,Пожалуйста открой Zvooq,PlayMusic,none,False,0.0,True,False,False,{'service': 'Zvooq'},{}
test_290,забронируй место на 1 человека в Town of Ramsgate in Merit,BookRestaurant,none,False,0.0,True,False,True,"{'party_size_number': '1', 'restaurant_name': 'Town of Ramsgate', 'location': 'Merit'}",{}
,Будет ли Теория большого взрыва идти в 7 вечера?,SearchScreeningEvent,search_screening_event,False,0.9077,False,False,False,"{'movie_name': 'Теория большого взрыва', 'datetime': '7 вечера'}","{'object_name': 'Теория большого взрыва', 'datetime': '7 вечера', 'object_location_type': 'кинотеатре'}"
,станет ли прохладнее в Кастерском национальном лесу в семь вечера,weather/find,weather/find,True,0.9701,False,False,True,"{'condition_temperature': 'прохладнее', 'location': 'Кастерском национальном лесу', 'datetime': 'семь вечера'}","{'location': 'Кастерский национальный лес', 'datetime': 'семь вечера'}"
test_293,Я хочу послушать что-нибудь на Ютубе.,PlayMusic,PlayMusic,True,0.7953,False,False,False,{'service': 'Ютубе'},"{'service': 'Ютуб', 'sort': 'по времени'}"
test_294,Найди игру Difficult Loves,SearchCreativeWork,SearchCreativeWork,True,0.9713,False,False,False,"{'object_type': 'игру', 'object_name': 'Difficult Loves'}","{'object_name': 'Difficult Loves', 'object_type': 'игра'}"
,Какой прогноз погоды на 20 февраля в Bothe-Napa Valley State Park?,weather/find,weather/find,True,0.9532,False,False,False,"{'datetime': '20 февраля', 'location': 'Bothe-Napa Valley State Park'}","{'location': 'Bothe-Napa Valley State Park', 'datetime': '20 февраля'}"
test_296,покажи мне расписание фильма The Great Gildersleeve возле кинотеатра,SearchScreeningEvent,SearchScreeningEvent,True,0.9117,False,False,True,"{'object_type': 'расписание', 'movie_name': 'The Great Gildersleeve', 'object_location_type': 'кинотеатра'}","{'object_name': 'The Great Gildersleeve', 'object_location_type': 'кинотеатре', 'datetime': 'не указано'}"
test_297,Расскажи мне о прогнозе погоды в Гибсленде,weather/find,weather/find,True,0.9963,False,False,False,{'location': 'Гибсленде'},{'location': 'Гибсленд'}
test_298,Могу ли я узнать время сеансов в кинотеатрах по соседству?,SearchScreeningEvent,weather/find,False,0.8749,False,False,False,"{'object_type': 'время сеансов', 'movie_type': 'кинотеатрах', 'location': 'по соседству'}","{'location': 'ближайших кинотеатрах', 'weather/attribute': 'время сеансов'}"
test_299,Оцени Soul Music на 0 .,RateBook,RateBook,True,0.8844,False,False,False,"{'object_name': 'Soul Music', 'rating_value': '0'}","{'object_name': 'Soul Music', 'rating_value': '0', 'rating_unit': 'points', 'best_rating': '0/10'}"
test_300,Забронируй столик на пять человек в татарской таверне в Сарджентсе,BookRestaurant,BookRestaurant,True,0.948,False,False,True,"{'party_size_number': 'пять', 'cuisine': 'татарской', 'restaurant_type': 'таверне', 'location': 'Сарджентсе'}","{'cuisine': 'татарская', 'party_size_description': 'на пять человек', 'location': 'Сарджентс'}"
,Включи All Things Must Pass,PlayMusic,SearchScreeningEvent,False,0.9624,False,False,True,{'track': 'All Things Must Pass'},"{'object_name': 'All Things Must Pass', 'object_type': 'расписание', 'datetime': 'через 1 минуту и 8 секунд', 'location': 'ближайшем', 'object_location_type': 'кинотеатре'}"
test_302,Какой прогноз дождя в Южной Корее через час,weather/find,weather/find,True,0.9693,False,False,True,"{'condition_description': 'дождя', 'location': 'Южной Корее', 'datetime': 'час'}","{'location': 'Южная Корея', 'datetime': 'через час'}"
test_303,Забронируй место на 4 персоны в Оклахоме в South Street Diner,BookRestaurant,BookRestaurant,True,0.9027,False,False,True,"{'party_size_number': '4', 'location': 'Оклахоме', 'restaurant_name': 'South Street Diner'}","{'party_size_number': '4', 'cuisine': 'South Street Diner', 'location': 'Оклахома', 'facility': 'South Street Diner', 'datetime': 'не указано', 'party_size_description': '4 персоны'}"
,Включи музыку с Нетфликса.,PlayMusic,PlayMusic,True,0.8709,False,False,False,{'service': 'Нетфликса'},"{'service': 'Нетфлекс', 'music_item': 'любая песня'}"
,Я хочу увидеть Shattered Image,SearchScreeningEvent,SearchCreativeWork,False,0.9801,False,False,False,{'movie_name': 'Shattered Image'},{'object_name': 'Shattered Image'}
test_306,Найди The Sound of One Hand Clapping,SearchCreativeWork,SearchCreativeWork,True,0.9465,False,False,False,{'object_name': 'The Sound of One Hand Clapping'},"{'object_name': 'The Sound of One Hand Clapping', 'object_type': 'музыка'}"
test_307,Найди альбом Wolves Within,SearchCreativeWork,SearchCreativeWork,True,0.9634,False,False,False,"{'object_type': 'альбом', 'object_name': 'Wolves Within'}","{'object_name': 'Wolves Within', 'object_type': 'альбом'}"
test_308,в каком кинотеатре идет We Are Northern Lights,SearchScreeningEvent,SearchScreeningEvent,True,0.951,False,False,True,"{'object_location_type': 'кинотеатре', 'movie_name': 'We Are Northern Lights'}","{'movie_name': 'We Are Northern Lights', 'object_location_type': 'кинотеатре', 'datetime': 'через 1 минуту и 8 секунд'}"
test_309,Добавь our little corner of the world music from gilmore girls в мой плейлист The Funny Thing About Football Is.,AddToPlaylist,AddToPlaylist,True,0.9377,False,False,False,"{'entity_name': 'our little corner of the world music from gilmore girls', 'reference': 'мой', 'playlist': 'The Funny Thing About Football Is'}","{'playlist': 'our little corner of the world music from Gilmore Girls', 'music_item': 'The Funny Thing About Football Is'}"
test_317,Добавь новейшую песню Richard McNamara в плейлист Just Smile,AddToPlaylist,AddToPlaylist,True,0.9669,False,False,False,"{'music_item': 'песню', 'artist': 'Richard McNamara', 'playlist': 'Just Smile'}","{'entity_name': 'Just Smile', 'music_item': 'новейшая песня Richard McNamara'}"
test_318,насколько здесь будет холодно через секунду,weather/find,weather/find,True,0.84,False,False,True,"{'location': 'здесь', 'condition_temperature': 'холодно', 'datetime': 'через секунду'}","{'datetime': 'через секунду', 'location': 'текущий'}"
test_319,Найди картинку с названием With You,SearchCreativeWork,SearchCreativeWork,True,0.9964,False,False,False,"{'object_type': 'картинку', 'object_name': 'With You'}",{'object_name': 'With You'}
test_320,Найди творческую работу Deadly Weapons,SearchCreativeWork,SearchCreativeWork,True,0.9962,False,False,False,{'object_name': 'Deadly Weapons'},{'object_name': 'Deadly Weapons'}
,Какая погода будет в ноябре в Брукниле?,weather/find,weather/find,True,0.9205,False,False,False,"{'datetime': 'ноябре', 'location': 'Брукниле'}","{'datetime': 'ноябрь', 'location': 'Бруклин', 'condition_description': 'погода'}"
test_322,Забронируй столик в кафе на лапшу,BookRestaurant,none,False,0.0,True,False,True,"{'restaurant_type': 'кафе', 'served_dish': 'лапшу'}",{}
test_323,какой прогноз на Коста-Рике,weather/find,weather/find,True,0.9217,False,False,False,{'location': 'Коста - Рике'},"{'location': 'Коста-Рика', 'datetime': 'текущий момент'}"
test_324,Играет The Two Gladiators,SearchScreeningEvent,SearchCreativeWork,False,0.9709,False,False,False,{'movie_name': 'The Two Gladiators'},"{'object_name': 'The Two Gladiators', 'object_type': 'фильм'}"
test_325,какие фильмы в Star Theatres .,SearchScreeningEvent,SearchCreativeWork,False,0.9422,False,False,False,"{'movie_type': 'фильмы', 'location': 'Star Theatres'}","{'object_type': 'кинотеатр', 'object_name': 'Star Theatres'}"
test_326,Можешь пожалуйста найти мне сагу Harry Hood ?,SearchCreativeWork,SearchCreativeWork,True,0.9389,False,False,False,"{'object_type': 'сагу', 'object_name': 'Harry Hood'}","{'object_name': 'Harry Hood', 'object_type': 'сага'}"
test_327,добавь эту мелодию в мой плейлист Sleepify,AddToPlaylist,AddToPlaylist,True,0.9462,False,False,False,"{'music_item': 'мелодию', 'reference': 'мой', 'playlist': 'Sleepify'}","{'entity_name': 'Sleepify', 'music_item': 'мелодия'}"
test_328,Заиграет ли Any Which Way You Can через 15 секунд,SearchScreeningEvent,SearchCreativeWork,False,0.9655,False,False,False,"{'movie_name': 'Any Which Way You Can', 'datetime': 'через 15 секунд'}","{'object_name': 'Any Which Way You Can', 'datetime': 'через 15 секунд'}"
test_329,Включи музыку с E-type .,PlayMusic,SearchCreativeWork,False,0.9389,False,False,False,{'artist': 'E-type'},"{'object_type': 'музыка', 'music_item': 'E-type'}"
,Поставь одну звезду текущей книге,RateBook,SearchCreativeWork,False,0.9245,False,False,False,"{'rating_value': 'одну', 'object_select': 'текущей', 'object_type': 'книге'}","{'object_name': 'текущая книга', 'object_type': 'текущая книга'}"
test_331,Включи Another Passenger от Louis Nelson Delisle .,PlayMusic,SearchScreeningEvent,False,0.9349,False,False,True,"{'album': 'Another Passenger', 'artist': 'Louis Nelson Delisle'}","{'movie_name': 'Another Passenger', 'object_type': 'расписание', 'object_location_type': 'ближайшем', 'datetime': 'через 1 минуту и 8 секунд'}"
test_332,Где я могу найти расписание фильмов,SearchScreeningEvent,SearchCreativeWork,False,0.9009,False,False,False,{'object_type': 'расписание фильмов'},"{'object_name': 'расписание фильмов', 'object_type': 'расписание фильмов'}"
test_333,какой прогноз на сентябрь 26 в Эмерадо Сен-Пьер и Микелон,weather/find,weather/find,True,0.9687,False,False,False,"{'datetime': 'сентябрь 26', 'location': 'Эмерадо Сен - Пьер и Микелон'}","{'datetime': '26 сентября', 'location': 'Эмерадо Сен-Пьер и Микелон'}"
test_334,Давайте поедим рядом с Оукфилдом через пару минут в Ted Peters Famous Smoked Fish,BookRestaurant,BookRestaurant,True,0.9554,False,False,True,"{'location': 'рядом с | Оукфилдом', 'datetime': 'через пару минут', 'restaurant_name': 'Ted Peters Famous Smoked Fish'}","{'cuisine': 'Ted Peters Famous Smoked Fish', 'datetime': 'через пару минут', 'location': 'Оукфилд'}"
test_335,найди мне трейлер Good Morning Sunshine,SearchCreativeWork,SearchCreativeWork,True,0.9761,False,False,False,"{'object_type': 'трейлер', 'object_name': 'Good Morning Sunshine'}","{'object_name': 'Good Morning Sunshine', 'object_type': 'трейлер'}"
test_336,Я хочу забронировать пивную на 3 человек на Нидерландских Антильских островах .,BookRestaurant,BookRestaurant,True,0.9536,False,False,False,"{'restaurant_type': 'пивную', 'party_size_number': '3', 'location': 'Нидерландских Антильских островах'}","{'cuisine': 'пивная', 'party_size_description': '3 человек', 'party_size_number': '3', 'location': 'Нидерландские Антильские острова'}"
test_337,оцени этот текущий альбом на 0 звезд,RateBook,RateBook,True,0.9122,False,False,False,"{'object_select': 'этот текущий', 'object_type': 'альбом', 'rating_value': '0', 'rating_unit': 'звезд'}","{'object_name': 'текущий альбом', 'rating_value': '0'}"
test_338,Хотели бы забронировать место в Монако в кофейне Yankee Doodle Coffee Shop,BookRestaurant,BookRestaurant,True,0.9317,False,False,True,"{'location': 'Монако', 'restaurant_name': 'Yankee Doodle Coffee Shop'}","{'cuisine': 'Yankee Doodle Coffee Shop', 'facility': 'Монако', 'party_size_description': 'забронировать место', 'party_size_number': '1', 'restaurant_name': 'Yankee Doodle Coffee Shop', 'restaurant_type': 'кофейня'}"
test_339,Добавь исполнителя в плейлист political punks.,AddToPlaylist,AddToPlaylist,True,0.9522,False,False,False,"{'music_item': 'исполнителя', 'playlist': 'political punks.'}","{'artist': 'political punks', 'playlist': 'political punks'}"
test_340,Будет ли холоднее через четыре месяца в Сувани AK,weather/find,weather/find,True,0.9336,False,False,True,"{'condition_temperature': 'холоднее', 'datetime': 'через четыре месяца', 'location': 'Сувани | AK'}","{'datetime': 'через четыре месяца', 'location': 'Сувани, AK'}"
test_341,добавь  Muzika za decu в мой плейлист Crash Course,AddToPlaylist,AddToPlaylist,True,0.9374,False,False,False,"{'entity_name': 'Muzika za decu', 'reference': 'мой', 'playlist': 'Crash Course'}","{'entity_name': 'Crash Course', 'music_item': 'Muzika za decu', 'playlist': 'мой плейлист'}"
test_342,Можешь поискать сагу Molecular Oncology ?,SearchCreativeWork,SearchCreativeWork,True,0.9506,False,False,False,"{'object_type': 'сагу', 'object_name': 'Molecular Oncology'}","{'object_name': 'Molecular Oncology', 'object_type': 'сага'}"
test_343,Я хочу забронировать ресторан на шесть человек в Вагстаффе AK .,BookRestaurant,BookRestaurant,True,0.788,False,False,False,"{'restaurant_type': 'ресторан', 'party_size_number': 'шесть', 'location': 'Вагстаффе | AK'}","{'party_size_number': 'шесть', 'facility': 'ресторан', 'location': 'Вагстафф', 'restaurant_name': 'AK'}"
test_344,Включи симфоническую музыку Дэвида Линдли .,PlayMusic,SearchCreativeWork,False,0.9529,False,False,False,"{'music_item': 'симфоническую', 'artist': 'Дэвида Линдли'}","{'object_name': 'симфоническая музыка Дэвида Линдли', 'object_type': 'музыка'}"
,"Пожалуйста, найди мне телесериал Now We Are Married .",SearchCreativeWork,SearchCreativeWork,True,0.9853,False,False,False,"{'object_type': 'телесериал', 'object_name': 'Now We Are Married'}","{'object_name': 'Now We Are Married', 'object_type': 'телесериал'}"
test_346,Я хочу посмотреть Outcast .,SearchScreeningEvent,SearchCreativeWork,False,0.9697,False,False,False,{'movie_name': 'Outcast'},"{'object_name': 'Outcast', 'object_type': 'фильм'}"
test_347,добавь текущий трек в мой плейлист This Is Tchaikovsky,AddToPlaylist,AddToPlaylist,True,0.9394,False,False,False,"{'music_item': 'трек', 'reference': 'мой', 'playlist': 'This Is Tchaikovsky'}","{'entity_name': 'текущий трек', 'playlist': 'мой плейлист', 'music_item': 'This Is Tchaikovsky'}"
test_348,Включи This Is: Miles Davis на Lastfm .,PlayMusic,PlayMusic,True,0.9034,False,False,False,"{'playlist': 'This Is: Miles Davis', 'service': 'Lastfm'}","{'artist': 'Miles Davis', 'service': 'Lastfm', 'track': 'This Is: Miles Davis', 'playlist': 'Lastfm'}"
test_349,забронируй лучший столик в Танзании на 5 человек в кафе,BookRestaurant,none,False,0.0,True,False,False,"{'sort': 'лучший', 'location': 'Танзании', 'party_size_number': '5', 'restaurant_type': 'кафе'}",{}
test_350,Давайте послушаем старого доброго Mohammad Mamlе на Vimeo .,PlayMusic,none,False,0.0,True,False,False,"{'sort': 'старого | доброго', 'artist': 'Mohammad Mamle', 'service': 'Vimeo'}",{}
test_351,Помести трек Vandemataram Srinivas в HipHop Hot 50 .,AddToPlaylist,none,False,0.0,True,False,False,"{'music_item': 'трек', 'artist': 'Vandemataram Srinivas', 'playlist': 'HipHop Hot 50'}",{}
test_352,Найди мне песню Secret South .,SearchCreativeWork,SearchCreativeWork,True,0.9736,False,False,False,"{'object_type': 'песню', 'object_name': 'Secret South'}","{'object_name': 'Secret South', 'object_type': 'песня'}"
test_353,песни девяностых на Zvooq,PlayMusic,PlayMusic,True,0.8983,False,False,False,"{'datetime': 'девяностых', 'service': 'Zvooq'}","{'service': 'Zvooq', 'genre': 'песни девяностых', 'sort': 'рейтинг', 'track': 'отсутствует', 'playlist': 'отсутствует', 'album': 'отсутствует', 'artist': 'отсутствует'}"
test_354,"какой прогноз погоды в Admire в Техасе, начиная с пяти вечера",weather/find,weather/find,True,0.9432,False,False,False,"{'location': 'Admire | Техасе', 'datetime': 'пяти | вечера'}","{'location': 'Admire, Техас', 'datetime': 'пять вечера'}"
test_355,Включи что-нибудь на Last Fm,PlayMusic,SearchScreeningEvent,False,0.9732,False,False,False,{'service': 'Last Fm'},"{'object_type': 'расписание', 'movie_name': 'Хроники моей матери', 'location': 'ближайшем', 'object_location_type': 'кинотеатре', 'datetime': 'через 1 минуту и 8 секунд', 'service': 'Last Fm'}"
,Я хочу посмотреть The Portrait of a Lady в ближайшем кинотеатре.,SearchScreeningEvent,SearchScreeningEvent,True,0.9317,False,False,True,"{'movie_name': 'The Portrait of a Lady', 'location': 'ближайшем', 'object_location_type': 'кинотеатре'}","{'object_name': 'The Portrait of a Lady', 'object_location_type': 'кинотеатре', 'location': 'ближайшем'}"
,Пожалуйста найди мне Phineas Redux.,SearchCreativeWork,SearchCreativeWork,True,0.9614,False,False,False,{'object_name': 'Phineas Redux'},"{'object_name': 'Phineas Redux', 'object_type': 'фильм'}"
test_358,Добавь мелодию 40 cal в плейлист laundry.,AddToPlaylist,AddToPlaylist,True,0.9092,False,False,False,"{'music_item': 'мелодию', 'artist': '40 cal', 'playlist': 'laundry'}","{'entity_name': 'laundry', 'music_item': '40 cal', 'playlist': 'add to playlist'}"
,Открой itunes и включи Ben Burnley Ready To Die.,PlayMusic,none,False,0.0,True,False,True,"{'service': 'itunes', 'artist': 'Ben Burnley', 'album': 'Ready To Die'}",{}
,Какая погода будет около Памятника Лихула 5 декабря?,weather/find,weather/find,True,0.9826,False,False,False,"{'location': 'Памятника Лихула', 'datetime': '5 декабря'}","{'location': 'Памятник Лихула', 'datetime': '5 декабря'}"
,Покажи расписание Sexy Dance 2 в ближайшем кинотеатре.,SearchScreeningEvent,SearchScreeningEvent,True,0.9587,False,False,True,"{'object_type': 'расписание', 'movie_name': 'Sexy Dance 2', 'location': 'ближайшем', 'object_location_type': 'кинотеатре'}","{'object_name': 'Sexy Dance 2', 'object_type': 'расписание', 'location': 'ближайшем', 'object_location_type': 'кинотеатре'}"
,Найди песню с названием Live at the Kings Center.,SearchCreativeWork,SearchCreativeWork,True,0.973,False,False,False,"{'object_type': 'песню', 'object_name': 'Live at the Kings Center'}","{'object_name': 'Live at the Kings Center', 'object_type': 'песня'}"
,"Какая погода в Тайонеке, Нью-Джерси?",weather/find,weather/find,True,0.9914,False,False,False,{'location': 'Тайонеке | Нью | - Джерси'},"{'location': 'Тайонек, Нью-Джерси'}"
test_364,Я хочу забронировать Tupelo Honey Cafe в Нью-Джерси для пяти человек.,BookRestaurant,BookRestaurant,True,0.9629,False,False,True,"{'restaurant_name': 'Tupelo Honey Cafe', 'location': 'Нью | - Джерси', 'party_size_number': 'пяти'}","{'cuisine': 'Tupelo Honey Cafe', 'party_size_description': 'пять человек', 'location': 'Нью-Джерси'}"
,Забронируй место для меня и моих племянниц в чайном домике.,BookRestaurant,none,False,0.8053,True,False,True,"{'party_size_description': 'меня и моих племянниц', 'restaurant_type': 'чайном домике'}",{}
,Будет ли жарко в Нидерландах 16 февраля?,weather/find,weather/find,True,0.9822,False,False,True,"{'condition_temperature': 'жарко', 'location': 'Нидерландах', 'datetime': '16 февраля'}","{'location': 'Нидерланды', 'datetime': '16 февраля'}"
,Я хотел бы добавить Jordan Rudess в плейлист Divertido para niños.,AddToPlaylist,AddToPlaylist,True,0.8743,False,False,False,"{'artist': 'Jordan Rudess', 'playlist': 'Divertido para niños'}","{'artist': 'Jordan Rudess', 'playlist': 'Divertido para niños', 'entity_name': 'Divertido para niños', 'music_item': 'Jordan Rudess', 'service': 'add to playlist'}"
,Оцени In the Company of Cheerful Ladies на ноль из 6.,RateBook,RateBook,True,0.9455,False,False,False,"{'object_name': 'In the Company of Cheerful Ladies', 'rating_value': 'ноль', 'best_rating': '6'}","{'object_name': 'In the Company of Cheerful Ladies', 'rating_value': '0 из 6', 'rating_unit': 'звезды'}"
test_112,Что такое суровый прогноз погода?,weather/find,none,False,0.0,True,False,False,{'weather/attribute': 'суровый'},{}
test_113,напомни мне о визите к врачу на следующей недели,reminder/set_reminder,reminder/set_reminder,True,0.9552,False,False,False,"{'reminder/todo': 'визите к врачу', 'datetime': 'на следующей недели'}","{'datetime': 'следующая неделя', 'reference': 'визит к врачу'}"
test_114,поставь напоминание о походе в магазин в 8 утра,reminder/set_reminder,reminder/set_reminder,True,0.8959,False,False,False,"{'reminder/todo': 'походе в магазин', 'datetime': '8 утра'}","{'datetime': '8 утра', 'reference': 'похоже в магазин'}"
test_115,Поставь напоминание о сдачи вещей в химчистку,reminder/set_reminder,reminder/set_reminder,True,0.9287,False,False,False,{'reminder/todo': 'сдачи вещей в химчистку'},"{'datetime': 'через 1 минуту и 8 секунд', 'reference': 'сдача вещей в химчистку', 'reminder/todo': 'сдача вещей в химчистку'}"
test_116,когда похоладает?,weather/find,weather/find,True,0.8548,False,False,False,{'weather/attribute': 'похоладает'},"{'condition_description': 'похоладки', 'location': 'близкий'}"
test_243,будет ли дождь на этой недели,weather/find,weather/find,True,0.827,False,False,False,"{'weather/attribute': 'дождь', 'datetime': 'этой недели'}","{'condition_description': 'на этой неделе', 'location': 'твой запрос'}"
test_118,удали все будильники,alarm/cancel_alarm,reminder/cancel_reminder,False,0.9195,False,False,False,{'reference': 'все'},"{'datetime': 'через 1 минуту и 8 секунд', 'object_name': 'Хроники моей матери', 'object_location_type': 'ближайшем кинотеатре'}"
test_179,отмени будильники,alarm/cancel_alarm,alarm/cancel_alarm,True,0.9652,False,False,False,{},"{'datetime': 'через 1 минуту и 8 секунд', 'reference': 'будильники'}"
test_120,покажи мне текущие будильники,alarm/show_alarms,alarm/show_alarms,True,0.7542,False,False,False,{'reference': 'текущие'},{}
test_121,На какое время у меня установлен будильник?,alarm/show_alarms,weather/find,False,0.8206,False,False,False,{},"{'location': 'ваш текущий местоположение', 'datetime': 'ваш текущий час'}"
test_189,В субботу пойдет дождь?,weather/find,weather/find,True,0.8076,False,False,False,{'datetime': 'субботу'},"{'datetime': 'суббота', 'location': 'ваши'}"
test_123,насколько жарко сегодня будет,weather/find,weather/find,True,0.8864,False,False,False,"{'weather/attribute': 'жарко', 'datetime': 'сегодня'}","{'datetime': 'сегодня', 'location': 'текущий'}"
test_124,Сбрось все будильники,alarm/cancel_alarm,alarm/cancel_alarm,True,0.958,False,False,False,{'reference': 'все'},"{'datetime': 'через 1 минуту и 8 секунд', 'reference': 'все будильники'}"
test_125,Погода в Тахо в эти выходных?,weather/find,weather/find,True,0.9746,False,False,False,"{'location': 'Тахо', 'datetime': 'эти выходные'}","{'location': 'Тахо', 'datetime': 'эти выходные'}"
test_126,Понадобится ли курта сегодня?,weather/find,weather/find,True,0.868,False,False,False,"{'weather/attribute': 'куртка', 'datetime': 'сегодня'}","{'datetime': 'сегодня', 'location': 'ваш дом'}"
test_127,Когда дождь закончится?,weather/find,weather/find,True,0.8196,False,False,False,{'weather/attribute': 'дождь'},"{'location': 'ваш текущий местоположение', 'attribute': 'погодные условия'}"
test_128,Поставь напоминание позвонить в школу в понедельник в 4 часа дня,reminder/set_reminder,reminder/set_reminder,True,0.9607,False,False,False,"{'reminder/todo': 'позвонить в школу', 'datetime': 'понедельник в 4 часа дня'}","{'datetime': 'понедельник в 4 часа дня', 'reference': 'позвонить в школу'}"
test_129,Выключи текущий будильник.,alarm/cancel_alarm,alarm/cancel_alarm,True,0.9455,False,False,False,{'reference': 'текущий'},{'reference': 'текущий будильник'}
test_130,Насколько холодно будет сегодня вечером?,weather/find,weather/find,True,0.904,False,False,False,"{'weather/attribute': 'холодно', 'datetime': 'сегодня вечером'}","{'datetime': 'сегодня вечером', 'location': 'твой город'}"
,поставь будильник на 7 утра на завтра,alarm/set_alarm,alarm/set_alarm,True,0.9246,False,False,False,{'datetime': '7 утра на завтра'},"{'datetime': '7 утра на завтра', 'reference': 'будильник'}"
test_132,"Отмени текущее напоминание о том, чтобы забрать Роба",reminder/cancel_reminder,reminder/cancel_reminder,True,0.903,False,False,False,"{'reference': 'текущее', 'reminder/todo': 'забрать Роба'}","{'reference': 'текущее напоминание', 'object_name': 'Роб'}"
test_133,Создай напоминание на завтра о покупке молока,reminder/set_reminder,reminder/set_reminder,True,0.9516,False,False,False,"{'datetime': 'завтра', 'reminder/todo': 'покупке молока'}","{'datetime': 'завтра', 'reference': 'покупка молока', 'reminder/todo': 'покупка молока'}"
test_134,поставь будильник на 6 вечера,alarm/set_alarm,alarm/set_alarm,True,0.943,False,False,False,{'datetime': '6 вечера'},"{'datetime': '6 вечера', 'reference': 'будильник'}"
test_135,запланируй ежедневный будильник на 7:30 вечера до удаления,alarm/set_alarm,alarm/set_alarm,True,0.7441,False,False,False,{'recurring_datetime': 'ежедневный | 7:30 вечера'},{'datetime': '7:30 вечера'}
test_198,напомни мне поставить будильник для подъема,reminder/set_reminder,alarm/set_alarm,False,0.9351,False,False,False,{'reminder/todo': 'поставить будильник для подъема'},"{'datetime': 'через 1 минуту и 8 секунд', 'reference': 'подъем'}"
test_137,Отмени текущее напоминание,reminder/cancel_reminder,reminder/cancel_reminder,True,0.9426,False,False,False,{'reference': 'текущее'},{'reference': 'текущее напоминание'}
test_235,Сегодня пойдет снег?,weather/find,weather/find,True,0.8651,False,False,False,"{'datetime': 'Сегодня', 'weather/attribute': 'снег'}","{'location': 'текущий', 'condition_description': 'пойдет снег'}"
test_139,Покажи мне все будильники,alarm/show_alarms,alarm/show_alarms,True,0.9743,False,False,False,{'reference': 'все'},{}
test_237,покажи все напоминания,reminder/show_reminders,reminder/show_reminders,True,0.9456,False,False,False,{'reference': 'все'},{}
test_141,сколько времени осталось до текущего будильника,alarm/time_left_on_alarm,alarm/time_left_on_alarm,True,0.9587,False,True,False,{'reference': 'текущего'},{'reference': 'текущий будильник'}
test_142,поставь будильник на 2 часа,alarm/set_alarm,alarm/set_alarm,True,0.8578,False,False,False,{'datetime': '2 часа'},{'datetime': 'через 2 часа'}
test_143,Напомни мне купить хлеб после работы,reminder/set_reminder,None,False,0.8886,False,False,False,"{'reminder/todo': 'купить хлеб', 'datetime': 'после работы'}",{}
test_144,Сегодня будет дождь?,weather/find,weather/find,True,0.8569,False,False,False,"{'datetime': 'Сегодня', 'weather/attribute': 'дождь'}","{'location': 'текущий', 'condition_description': 'дождь'}"
test_145,прочитай прогноз погоды на сегодня,weather/find,weather/find,True,0.7814,False,False,False,{'datetime': 'сегодня'},"{'datetime': 'сегодня', 'location': 'твой'}"
test_146,На какое время установлен текущий будильник?,alarm/show_alarms,alarm/show_alarms,True,0.9423,False,False,False,{'reference': 'текущий'},{}
test_147,завтра в 4 напомни мне сходить в торговый центр,reminder/set_reminder,reminder/set_reminder,True,0.9296,False,False,False,"{'datetime': 'завтра в 4', 'reminder/todo': 'сходить в торговый центр'}","{'datetime': 'завтра в 4', 'reference': 'сходь в торговый центр', 'reminder/todo': 'напомнить'}"
test_148,сегодня мне понадобится зонт,weather/find,weather/find,True,0.9157,False,False,False,"{'datetime': 'сегодня', 'weather/attribute': 'зонт'}","{'datetime': 'сегодня', 'location': 'мне', 'weather/attribute': 'зонт'}"
test_216,Покажи текущее напоминание,reminder/show_reminders,reminder/show_reminders,True,0.7911,False,False,False,{'reference': 'текущее'},{}
test_237,покажи все напоминания,reminder/show_reminders,reminder/show_reminders,True,0.9456,False,False,False,{'reference': 'все'},{}
test_151,Установи напоминание покормить собаку в понедельник.,reminder/set_reminder,reminder/set_reminder,True,0.9518,False,False,False,"{'reminder/todo': 'покормить собаку', 'datetime': 'понедельник'}","{'datetime': 'понедельник', 'reference': 'покормить собаку', 'reminder/todo': 'напоминание'}"
test_152,"Поставь напоминание ""Класс саб-йоги во вторник вечером в Bala"" на завтра",reminder/set_reminder,reminder/set_reminder,True,0.9606,False,False,False,"{'reminder/todo': 'Класс саб-йоги во вторник вечером в Bala', 'datetime': 'завтра'}","{'datetime': 'завтра', 'reference': 'Класс саб-йоги во вторник вечером в Bala', 'reminder/todo': 'Напоминание'}"
test_153,Отмени все напоминания на сегодня,reminder/cancel_reminder,reminder/cancel_reminder,True,0.959,False,False,False,"{'reference': 'все', 'datetime': 'сегодня'}","{'datetime': 'сегодня', 'reference': 'все напоминания'}"
test_154,Какая погода будет в Нью Йорке на этой недели,weather/find,weather/find,True,0.9629,False,False,False,"{'location': 'Нью Йорке', 'datetime': 'этой недели'}","{'location': 'Нью Йорк', 'datetime': 'на этой неделе'}"
test_155,напомни мне о визите к доктору в четверг в 12 часов дня,reminder/set_reminder,reminder/set_reminder,True,0.9672,False,False,False,"{'reminder/todo': 'визите к доктору', 'datetime': 'четверг в 12 часов дня'}","{'datetime': 'четверг в 12 часов дня', 'reference': 'визит к доктору'}"
test_156,Установи будильник на 6:50 вечера,alarm/set_alarm,alarm/set_alarm,True,0.9447,False,False,False,{'datetime': '6:50 вечера'},"{'datetime': '6:50 вечера', 'reference': 'будильник'}"
test_235,Пойдет ли снег сегодня?,weather/find,weather/find,True,0.8808,False,False,False,"{'weather/attribute': 'снег', 'datetime': 'сегодня'}",{'location': 'твой город'}
test_158,Какие будильники установлены?,alarm/show_alarms,none,False,0.0,True,False,False,{},{}
test_159,Установи напоминание на 7 октября,reminder/set_reminder,reminder/set_reminder,True,0.9763,False,False,False,{'datetime': '7 октября'},"{'datetime': '7 октября', 'reference': 'напоминание'}"
test_160,Будет ли сегодня снег?,weather/find,weather/find,True,0.9004,False,False,False,"{'datetime': 'сегодня', 'weather/attribute': 'снег'}","{'location': 'текущий', 'condition_description': 'снег'}"
test_161,отложи будильник на 15 минут,alarm/snooze_alarm,alarm/set_alarm,False,0.9492,False,True,False,{'datetime': '15 минут'},"{'datetime': 'через 15 минут', 'reference': 'будильник'}"
test_237,покажи все напоминания,reminder/show_reminders,reminder/show_reminders,True,0.9456,False,False,False,{'reference': 'все'},{}
test_2,Нужен ли мне свитер?,weather/find,none,False,0.0,True,False,False,{'weather/attribute': 'свитер'},{}
test_3,Добавь напоминание на сегодня на 4 часа дня,reminder/set_reminder,reminder/set_reminder,True,0.9625,False,False,False,{'datetime': 'сегодня на 4 часа дня'},"{'datetime': 'сегодня на 4 часа дня', 'reference': 'напоминание'}"
test_137,Отмени текущее напоминание,reminder/cancel_reminder,reminder/cancel_reminder,True,0.9426,False,False,False,{'reference': 'текущее'},{'reference': 'текущее напоминание'}
test_5,Напомни мне заправиться.,reminder/set_reminder,reminder/set_reminder,True,0.9128,False,False,False,{'reminder/todo': 'заправиться'},"{'datetime': 'через 1 минуту', 'reference': 'заправиться', 'reminder/todo': 'заправиться'}"
test_6,Нужен ли мне зонт в среду?,weather/find,weather/find,True,0.8369,False,False,False,"{'weather/attribute': 'зонт', 'datetime': 'среду'}","{'datetime': 'среда', 'location': 'ваши'}"
test_7,отложи будильники на 5 минут,alarm/snooze_alarm,alarm/set_alarm,False,0.9314,False,True,False,{'datetime': '5 минут'},"{'datetime': 'через 5 минут', 'reference': 'будильник'}"
test_8,поставь напоминание о дне рождения Макса,reminder/set_reminder,reminder/set_reminder,True,0.96,False,False,False,{'reminder/todo': 'напоминание о дне рождения Макса'},"{'datetime': 'через 1 минуту и 8 секунд', 'reference': 'день рождения Макса'}"
test_237,покажи все напоминания,reminder/show_reminders,reminder/show_reminders,True,0.9456,False,False,False,{'reference': 'все'},{}
test_10,Покажи все будильники.,alarm/show_alarms,alarm/show_alarms,True,0.8377,False,False,False,{'reference': 'все'},{}
test_144,Сегодня будет дождь?,weather/find,weather/find,True,0.8569,False,False,False,"{'datetime': 'Сегодня', 'weather/attribute': 'дождь'}","{'location': 'текущий', 'condition_description': 'дождь'}"
test_12,Поставь будильник на 8 утра,alarm/set_alarm,alarm/set_alarm,True,0.9427,False,False,False,{'datetime': '8 утра'},"{'datetime': '8 утра', 'reference': 'будильник'}"
test_96,Какая сегодня температура?,weather/find,weather/find,True,0.8964,False,False,False,"{'datetime': 'сегодня', 'weather/attribute': 'температура'}","{'location': 'текущая', 'condition_description': 'температура'}"
test_216,Покажи текущее напоминание,reminder/show_reminders,reminder/show_reminders,True,0.7911,False,False,False,{'reference': 'текущее'},{}
test_245,покажи все будильники,alarm/show_alarms,alarm/show_alarms,True,0.9456,False,False,False,{'reference': 'все'},{}
test_16,Напомни мне поговорить с Беном о Джорджии,reminder/set_reminder,AddToPlaylist,False,0.8914,False,False,False,{'reminder/todo': 'поговорить с Беном о Джорджии'},"{'entity_name': 'Бен', 'object_name': 'Георгия', 'reference': 'поговорить', 'playlist': 'поговорить'}"
test_17,Поставь будильник на 5 утра,alarm/set_alarm,alarm/set_alarm,True,0.9353,False,False,False,{'datetime': '5 утра'},"{'datetime': '5 утра', 'reference': 'будильник'}"
test_18,сегодня пасмурно,weather/find,weather/find,True,0.9264,False,False,False,"{'datetime': 'сегодня', 'weather/attribute': 'пасмурно'}","{'condition_description': 'пасмурно', 'datetime': 'сегодня', 'location': 'ваш местоположение'}"
test_19,Сколько дюймов дождя выпадет сегодня?,weather/find,weather/find,True,0.8343,False,False,False,"{'weather/attribute': 'дюймов дождя', 'datetime': 'сегодня'}","{'location': 'твой город', 'datetime': 'сегодня'}"
test_20,Напомни мне позвонить сестре завтра,reminder/set_reminder,reminder/set_reminder,True,0.9457,False,False,False,"{'reminder/todo': 'позвонить сестре', 'datetime': 'завтра'}","{'datetime': 'завтра', 'reference': 'сестра'}"
test_21,выключи будильник,alarm/cancel_alarm,alarm/set_alarm,False,0.9843,False,False,False,{},"{'datetime': 'через 1 минуту и 8 секунд', 'reference': 'будильник'}"
test_22,Будет ли жарко на этой неделе?,weather/find,weather/find,True,0.8802,False,False,False,"{'weather/attribute': 'жарко', 'datetime': 'этой неделе'}","{'datetime': 'на этой неделе', 'location': 'ваш город'}"
test_23,Поставь будильник на 3 часа дня,alarm/set_alarm,alarm/set_alarm,True,0.9502,False,False,False,{'datetime': '3 часа дня'},"{'datetime': '3 часа дня', 'reference': 'будильник'}"
test_61,сегодня будет снег,weather/find,weather/find,True,0.9077,False,False,False,"{'datetime': 'сегодня', 'weather/attribute': 'снег'}","{'condition_description': 'снег', 'datetime': 'сегодня', 'location': 'ваш местоположение'}"
test_118,удали все будильники,alarm/cancel_alarm,reminder/cancel_reminder,False,0.9195,False,False,False,{'reference': 'все'},"{'datetime': 'через 1 минуту и 8 секунд', 'object_name': 'Хроники моей матери', 'object_location_type': 'ближайшем кинотеатре'}"
test_26,Покажи мне все напоминания,reminder/show_reminders,reminder/show_reminders,True,0.9244,False,False,False,{'reference': 'все'},{}
test_230,Сколько времени осталость до будильника.,alarm/time_left_on_alarm,none,False,0.0,True,True,False,{},{}
test_183,Какие у меня напоминания?,reminder/show_reminders,reminder/show_reminders,True,0.713,False,False,False,{'reference': 'меня'},{}
test_29,Поставь ежедневный будильник на 8 утра,alarm/set_alarm,alarm/set_alarm,True,0.7469,False,False,False,{'recurring_datetime': 'ежедневный | 8 утра'},{'datetime': '8 утра'}
test_30,можешь показать мне будильники?,alarm/show_alarms,alarm/show_alarms,True,0.922,False,False,False,{},{'datetime': 'будильники'}
test_31,В мире Диснея сегодня ожидаются бури?,weather/find,weather/find,True,0.8826,False,False,False,"{'location': 'В мире Диснея', 'datetime': 'сегодня', 'weather/attribute': 'бури'}",{'location': 'Дисней'}
test_61,сегодня будет снег,weather/find,weather/find,True,0.9077,False,False,False,"{'datetime': 'сегодня', 'weather/attribute': 'снег'}","{'condition_description': 'снег', 'datetime': 'сегодня', 'location': 'ваш местоположение'}"
test_245,покажи все будильники,alarm/show_alarms,alarm/show_alarms,True,0.9456,False,False,False,{'reference': 'все'},{}
test_218,Сегодня холодно?,weather/find,weather/find,True,0.7917,False,False,False,"{'datetime': 'Сегодня', 'weather/attribute': 'холодно'}",{}
test_35,Пожалуйста отмени будильник на утро четверга.,alarm/cancel_alarm,reminder/set_reminder,False,0.8064,False,False,False,{'datetime': 'утро четверга'},"{'datetime': 'утро четверга', 'reference': 'будильник'}"
test_144,Сегодня будет дождь?,weather/find,weather/find,True,0.8569,False,False,False,"{'datetime': 'Сегодня', 'weather/attribute': 'дождь'}","{'location': 'текущий', 'condition_description': 'дождь'}"
test_37,в Канаде идет снег,weather/find,weather/find,True,0.9691,False,False,False,"{'location': 'Канаде', 'weather/attribute': 'снег'}","{'location': 'Канада', 'condition_description': 'снег'}"
test_38,Какой максимум будет сегодня?,weather/find,weather/find,True,0.9269,False,False,False,"{'weather/attribute': 'максимум', 'datetime': 'сегодня'}","{'condition_description': 'максимум', 'datetime': 'сегодня', 'location': 'ваш местоположение'}"
test_39,"Выпадет ли сегодня вечером достаточно снега, чтобы сделать поездки опасными?",weather/find,weather/find,True,0.9225,False,False,False,"{'datetime': 'сегодня вечером', 'weather/attribute': 'снега'}","{'condition_description': 'снег', 'datetime': 'сегодня вечером', 'location': 'твоё местоположение'}"
test_237,покажи все напоминания,reminder/show_reminders,reminder/show_reminders,True,0.9456,False,False,False,{'reference': 'все'},{}
test_41,удали все напоминания,reminder/cancel_reminder,SearchScreeningEvent,False,0.9908,False,False,False,{'reference': 'все'},"{'object_type': 'расписание', 'movie_name': 'Хроники моей матери', 'location': 'ближайшем', 'object_location_type': 'кинотеатре', 'datetime': 'через 1 минуту и 8 секунд'}"
test_42,понадобится лм мне завтра куртка?,weather/find,reminder/set_reminder,False,0.9508,False,False,False,"{'datetime': 'завтра', 'weather/attribute': 'куртка'}","{'datetime': 'завтра', 'reference': 'куртка', 'reminder/todo': 'понадобится'}"
test_43,Сколько времени осталось до будильника,alarm/time_left_on_alarm,alarm/time_left_on_alarm,True,0.946,False,True,False,{},{'datetime': 'до будильника'}
test_44,Останови будильник,alarm/snooze_alarm,alarm/set_alarm,False,0.9808,False,True,False,{},"{'datetime': 'через 1 минуту и 8 секунд', 'reference': 'будильник'}"
test_139,Покажи мне все будильники,alarm/show_alarms,alarm/show_alarms,True,0.9743,False,False,False,{'reference': 'все'},{}
test_46,Какая погода в Йеллоустоуне?,weather/find,weather/find,True,0.9704,False,False,False,{'location': 'Йеллоустоуне'},{'location': 'Йеллоустоуне'}
test_202,Какая сегодня погода?,weather/find,weather/find,True,0.8565,False,False,False,{'datetime': 'сегодня'},{'location': 'текущая'}
test_48,"Удали текущее напоминание о том, что завтра нужно забрать Патрика из школы.",reminder/cancel_reminder,reminder/cancel_reminder,True,0.9307,False,False,False,"{'reference': 'текущее', 'datetime': 'завтра', 'reminder/todo': 'забрать Патрика из школы'}","{'reference': 'завтра', 'reminder/todo': 'забрать Патрика из школы'}"
test_49,"Напомни мне завта в это же время, записаться на прием к врачу",reminder/set_reminder,reminder/set_reminder,True,0.9184,False,False,False,"{'datetime': 'завтра в это же время', 'reminder/todo': 'записаться на прием к врачу'}","{'datetime': 'через 1 минуту и 8 секунд', 'reference': 'завтрак', 'reminder/todo': 'записаться на прием к врачу'}"
test_50,Напомни мне отказаться от аренды,reminder/set_reminder,AddToPlaylist,False,0.8684,False,False,False,{'reminder/todo': 'отказаться от аренды'},"{'entity_name': 'аренда', 'object_name': 'отказ', 'reference': 'отказ от аренды'}"
test_51,когда закончится дождь?,weather/find,weather/find,True,0.879,False,False,False,{'weather/attribute': 'дождь'},"{'location': 'не указано', 'condition_description': 'дождь'}"
test_179,отмени будильники,alarm/cancel_alarm,alarm/cancel_alarm,True,0.9652,False,False,False,{},"{'datetime': 'через 1 минуту и 8 секунд', 'reference': 'будильники'}"
test_53,Напомни мне позвонить Стефани во вторник,reminder/set_reminder,reminder/set_reminder,True,0.926,False,False,False,"{'reminder/todo': 'позвонить Стефани', 'datetime': 'вторник'}","{'datetime': 'через вторник', 'reference': 'Позвонить Стефани', 'reminder_todo': 'Позвонить'}"
test_224,покажи все текущие будильники,alarm/show_alarms,alarm/show_alarms,True,0.9635,False,False,False,{'reference': 'все текущие'},{}
test_232,Насколько жарко сегодня будет?,weather/find,weather/find,True,0.7884,False,False,False,"{'weather/attribute': 'жарко', 'datetime': 'сегодня'}","{'datetime': 'сегодня', 'location': 'твой'}"
test_56,Установи будильник на 5 часов вечера сегодня,alarm/set_alarm,alarm/set_alarm,True,0.9369,False,False,False,{'datetime': '5 часов вечера сегодня'},"{'datetime': '5 часов вечера сегодня', 'reference': 'будильник'}"
test_57,напомни мне сходить к врачу 21 августа в 3 часа дня,reminder/set_reminder,alarm/set_alarm,False,0.9482,False,False,False,"{'reminder/todo': 'сходить к врачу', 'datetime': '21 августа в 3 часа дня'}","{'datetime': '21 августа в 3 часа дня', 'reference': 'сходить к врачу'}"
test_58,отмени текущее повторяющееся напоминание о приеме лекарств ежедневно в 7 утра,reminder/cancel_reminder,reminder/cancel_reminder,True,0.927,False,False,False,"{'reminder/todo': 'приеме лекарств', 'recurring_datetime': 'ежедневно в 7 утра'}","{'reference': 'прием лекарств ежедневно в 7 утра', 'datetime': 'текущее'}"
test_59,когда по прогнозу будет дождь,weather/find,weather/find,True,0.8695,False,False,False,{'weather/attribute': 'дождь'},"{'condition_description': 'дождь', 'datetime': 'по прогнозу', 'location': 'текущий'}"
test_60,На какое время установлен текущий будильник на завтрашнее утро?,alarm/show_alarms,alarm/show_alarms,True,0.9406,False,False,False,"{'reference': 'текущий', 'datetime': 'завтрашнее утро'}",{'datetime': 'на завтрашнее утро'}
test_61,сегодня будет снег,weather/find,weather/find,True,0.9077,False,False,False,"{'datetime': 'сегодня', 'weather/attribute': 'снег'}","{'condition_description': 'снег', 'datetime': 'сегодня', 'location': 'ваш местоположение'}"
test_129,Выключи текущий будильник.,alarm/cancel_alarm,alarm/cancel_alarm,True,0.9455,False,False,False,{'reference': 'текущий'},{'reference': 'текущий будильник'}
test_234,отмени все будильники,alarm/cancel_alarm,alarm/cancel_alarm,True,0.966,False,False,False,{'reference': 'все'},"{'datetime': 'через 1 минуту и 8 секунд', 'reference': 'все будильники'}"
test_64,напомни мне купить продукты,reminder/set_reminder,Shopping,False,0.8376,False,False,False,{'reminder/todo': 'купить продукты'},"{'product_name': 'продукты', 'category': 'неизвестно', 'quantity': 'неизвестно'}"
test_65,Мне нужен будильник на 9 утра для завтрака,alarm/set_alarm,alarm/set_alarm,True,0.9563,False,False,False,{'datetime': '9 утра'},"{'datetime': '9 утра', 'reference': 'завтрака'}"
test_66,установи напоминание о просмотре Колтс за час до начала игры,reminder/set_reminder,reminder/set_reminder,True,0.9112,False,False,False,"{'reminder/todo': 'просмотре Колтс', 'datetime': 'за час до начала игры'}","{'datetime': 'через 1 час', 'reference': 'Колтс за час до начала игры', 'reminder/todo': 'просмотр'}"
test_234,отмени все будильники,alarm/cancel_alarm,alarm/cancel_alarm,True,0.966,False,False,False,{'reference': 'все'},"{'datetime': 'через 1 минуту и 8 секунд', 'reference': 'все будильники'}"
test_68,Отмени текущее третье напоминание в этом списке,reminder/cancel_reminder,reminder/cancel_reminder,True,0.9019,False,False,False,{'reference': 'текущее третье'},"{'reference': 'текущее третье напоминание', 'recurring_datetime': 'через 1 минуту и 8 секунд'}"
test_87,установи будильник на 6 утра,alarm/set_alarm,alarm/set_alarm,True,0.9456,False,False,False,{'datetime': '6 утра'},"{'datetime': '6 утра', 'reference': 'будильник'}"
test_70,Сейчас сбрось этот будильник и установи на 2 часа дня,alarm/cancel_alarm,alarm/modify_alarm,False,0.9302,False,False,False,"{'datetime': 'Сейчас | 2 часа дня', 'reference': 'этот'}","{'datetime': '2 часа дня', 'reference': 'будильник'}"
test_71,Пойдет ли снег?,weather/find,weather/find,True,0.8747,False,False,False,{'weather/attribute': 'снег'},{'location': 'ваш текущий местоположение'}
test_72,Напомни мне заплатить арендную плату.,reminder/set_reminder,reminder/set_reminder,True,0.8787,False,False,False,{'reminder/todo': 'заплатить арендную плату'},"{'datetime': 'через 1 минуту', 'reference': 'плату арендной', 'reminder/todo': 'заплатить'}"
test_73,какой минимум на завтра,weather/find,reminder/set_reminder,False,0.743,False,False,False,"{'weather/attribute': 'минимум', 'datetime': 'завтра'}","{'datetime': 'через завтра', 'reference': 'минимум'}"
test_74,cегодня будет солнечно?,weather/find,weather/find,True,0.9087,False,False,False,"{'datetime': 'сегодня', 'weather/attribute': 'солнечно'}","{'datetime': 'сегодня', 'location': 'ваш текущий местоположение'}"
test_84,Сколько у меня напоминаний на сегодня?,reminder/show_reminders,reminder/show_reminders,True,0.9303,False,False,False,{'datetime': 'сегодня'},"{'datetime': 'сегодня', 'reference': 'напоминания'}"
test_76,Какие у меня напоминание на завтра?,reminder/show_reminders,reminder/show_reminders,True,0.9193,False,False,False,"{'reference': 'меня', 'datetime': 'завтра'}",{}
test_77,Отмени все текущие напоминания.,reminder/cancel_reminder,reminder/cancel_reminder,True,0.8749,False,False,False,{'reference': 'все текущие'},{'datetime': 'текущий'}
test_78,установи будильник на 6 утра на завтра,alarm/set_alarm,alarm/set_alarm,True,0.926,False,False,False,{'datetime': '6 утра на завтра'},"{'datetime': '6 утра на завтра', 'reference': 'будильник'}"
test_79,Установи будильник на 30 минут,alarm/set_alarm,alarm/set_alarm,True,0.968,False,False,False,{'datetime': '30 минут'},"{'datetime': 'через 30 минут', 'reference': 'будильник'}"
test_80,Установи будильник на час вперед,alarm/set_alarm,alarm/set_alarm,True,0.9255,False,False,False,{'datetime': 'час вперед'},"{'datetime': 'час вперед', 'reference': 'будильник'}"
test_234,отмени все будильники,alarm/cancel_alarm,alarm/cancel_alarm,True,0.966,False,False,False,{'reference': 'все'},"{'datetime': 'через 1 минуту и 8 секунд', 'reference': 'все будильники'}"
test_82,прогноз погоды в Лос Анджелесе,weather/find,weather/find,True,0.988,False,False,False,{'location': 'Лос Анджелесе'},{'location': 'Лос Анджелес'}
test_234,отмени все будильники,alarm/cancel_alarm,alarm/cancel_alarm,True,0.966,False,False,False,{'reference': 'все'},"{'datetime': 'через 1 минуту и 8 секунд', 'reference': 'все будильники'}"
test_84,Сколько у меня напоминаний на сегодня?,reminder/show_reminders,reminder/show_reminders,True,0.9303,False,False,False,{'datetime': 'сегодня'},"{'datetime': 'сегодня', 'reference': 'напоминания'}"
test_85,Напомни мне купить бумажные полотенца в магазине завтра,reminder/set_reminder,AddToPlaylist,False,0.9179,False,False,False,"{'reminder/todo': 'купить бумажные полотенца в магазине', 'datetime': 'завтра'}","{'entity_name': 'магазин', 'reference': 'завтра', 'object_type': 'покупка', 'object_name': 'бумажные полотенца'}"
test_225,Покажи мне все текущие напоминания,reminder/show_reminders,reminder/show_reminders,True,0.747,False,False,False,{'reference': 'все текущие'},{}
test_87,поставь будильник на 6 утра,alarm/set_alarm,alarm/set_alarm,True,0.939,False,False,False,{'datetime': '6 утра'},"{'datetime': '6 утра', 'reference': 'будильник'}"
test_88,завтра будет снег,weather/find,weather/find,True,0.8495,False,False,False,"{'datetime': 'завтра', 'weather/attribute': 'снег'}","{'datetime': 'завтра', 'location': 'ваш запрос не включает местоположение'}"
test_89,удали текущий будильник на завтрашнее утро,alarm/cancel_alarm,alarm/snooze_alarm,False,0.9096,False,False,False,"{'reference': 'текущий', 'datetime': 'завтрашнее утро'}","{'datetime': 'завтрашнее утро', 'reference': 'текущий будильник'}"
test_90,Установи будильник на полдень только по пондельникам.,alarm/set_alarm,alarm/set_alarm,True,0.7786,False,False,False,{'recurring_datetime': 'полдень только по понедельникам'},"{'datetime': 'полдень пондельников', 'recurring_datetime': 'пондельники', 'reference': 'будильник'}"
test_232,Насколько жарко будет сегодня?,weather/find,weather/find,True,0.867,False,False,False,"{'weather/attribute': 'жарко', 'datetime': 'сегодня'}","{'datetime': 'сегодня', 'location': 'текущий'}"
test_92,напомни мне установить будильники на утром,reminder/set_reminder,alarm/set_alarm,False,0.9223,False,False,False,"{'reminder/todo': 'установить будильники', 'datetime': 'утро'}","{'datetime': 'утром', 'reference': 'будильник'}"
test_118,удали все будильники,alarm/cancel_alarm,reminder/cancel_reminder,False,0.9195,False,False,False,{'reference': 'все'},"{'datetime': 'через 1 минуту и 8 секунд', 'object_name': 'Хроники моей матери', 'object_location_type': 'ближайшем кинотеатре'}"
test_245,покажи все будильники,alarm/show_alarms,alarm/show_alarms,True,0.9456,False,False,False,{'reference': 'все'},{}
test_97,отключи будильник,alarm/cancel_alarm,alarm/set_alarm,False,0.982,False,False,False,{},"{'datetime': 'через 1 минуту и 8 секунд', 'reference': 'будильник'}"
test_96,Какая температура сегодня?,weather/find,weather/find,True,0.8952,False,False,False,"{'weather/attribute': 'температура', 'datetime': 'сегодня'}","{'datetime': 'сегодня', 'location': 'текущая'}"
test_245,покажи все будильники,alarm/show_alarms,alarm/show_alarms,True,0.9456,False,False,False,{'reference': 'все'},{}
test_99,установи будильник на каждые 30 минут,alarm/set_alarm,alarm/set_alarm,True,0.9145,False,False,False,{'recurring_datetime': 'каждые 30 минут'},"{'datetime': 'каждые 30 минут', 'reference': 'будильник'}"
test_164,Какая температура будет сегодня?,weather/find,weather/find,True,0.8959,False,False,False,"{'weather/attribute': 'температура', 'datetime': 'сегодня'}","{'datetime': 'сегодня', 'location': 'текущий'}"
test_101,будет ли жарко сегодня?,weather/find,weather/find,True,0.9048,False,False,False,"{'weather/attribute': 'жарко', 'datetime': 'сегодня'}","{'datetime': 'сегодня', 'location': 'ваш текущий местоположение'}"
test_214,завтра пойдет дождь?,weather/find,weather/find,True,0.9013,False,False,False,"{'datetime': 'завтра', 'weather/attribute': 'дождь'}","{'datetime': 'завтра', 'location': 'ваш текущий местоположение'}"
