id,text,true_intent,pred_intent,intent_correct,confidence,weak_by_conf,weak_intent_real,weak_slot_real,true_slots,pred_slots
test_500,"забронируй вечеринку в их кампусе, в том же районе, что и чурраскария",BookRestaurant,BookRestaurant,True,0.894,False,False,False,"{'location': 'их кампусе, | в том же районе,', 'restaurant_type': 'чурраскария'}","{'cuisine': 'чурраскария', 'facility': 'кампус', 'location': 'ту же область'}"
test_499,Покажи мне фильмы в Харкинс Фитерс .,SearchScreeningEvent,SearchCreativeWork,False,0.9209,False,False,False,"{'movie_type': 'фильмы', 'location': 'Харкинс Фитерс'}","{'object_name': 'фильмы', 'object_type': 'кино', 'object_location_type': 'Харкинс Фитерс'}"
test_498,Забронируй столик на девять персон в лучшем пабе около Танжера через шесть месяцев,BookRestaurant,BookRestaurant,True,0.9155,False,False,False,"{'party_size_number': 'девять', 'sort': 'лучшем', 'restaurant_type': 'пабе', 'location': 'около | Танжера', 'datetime': 'через шесть месяцев'}","{'party_size_description': 'девять персон', 'party_size_number': '9', 'restaurant_type': 'паб', 'sort': 'лучший', 'location': 'Танжер', 'datetime': 'шесть месяцев'}"
test_497,Найди ТВ сериал Парни из Джерси,SearchCreativeWork,SearchCreativeWork,True,0.983,False,False,False,"{'object_type': 'ТВ сериал', 'object_name': 'Парни из Джерси'}","{'object_name': 'Парни из Джерси', 'object_type': 'ТВ сериал'}"
test_496,Добавь этот альбом к Old School Death Metal,AddToPlaylist,AddToPlaylist,True,0.9004,False,False,False,"{'music_item': 'альбом', 'playlist': 'Old School Death Metal'}","{'music_item': 'Old School Death Metal', 'playlist': 'Добавить в плейлист'}"
test_495,"Забронируй номер в The Dome, в Эдинбурге, недалеко от Бруклона",BookRestaurant,BookRestaurant,True,0.947,False,False,True,"{'restaurant_name': 'The Dome, в Эдинбурге', 'location': 'недалеко | Бруклона'}","{'facility': 'The Dome', 'location': 'Эдинбург, недалеко от Бруклона', 'party_size_description': 'не указано', 'party_size_number': 'не указано', 'restaurant_name': 'The Dome', 'restaurant_type': 'не указано', 'served_dish': 'не указано', 'sort': 'не указано'}"
test_494,Забронируй популярный ресторан на 5 персон,BookRestaurant,BookRestaurant,True,0.9021,False,False,False,"{'sort': 'популярный', 'restaurant_type': 'ресторан', 'party_size_number': '5'}","{'cuisine': 'популярный', 'party_size_description': '5 персон', 'party_size_number': '5'}"
test_493,филлис уорд и веронике нужен столик в ресторане через 152 дня,BookRestaurant,BookRestaurant,True,0.9069,False,False,True,"{'party_size_description': 'филлис уорд и веронике', 'restaurant_type': 'ресторане', 'datetime': 'через 152 дня'}","{'party_size_number': '2', 'datetime': 'через 152 дня', 'facility': 'столик', 'restaurant_name': 'недоступно', 'restaurant_type': 'недоступно', 'served_dish': 'недоступно', 'sort': 'недоступно'}"
test_492,найди книгу The Girl Who Was Plugged In,SearchCreativeWork,SearchCreativeWork,True,0.9778,False,False,False,"{'object_type': 'книгу', 'object_name': 'The Girl Who Was Plugged In'}",{'object_name': 'The Girl Who Was Plugged In'}
test_491,Найди мне ТВ шоу под названием Baby Blue,SearchCreativeWork,SearchCreativeWork,True,0.9511,False,False,False,"{'object_type': 'ТВ шоу', 'object_name': 'Baby Blue'}","{'object_name': 'Baby Blue', 'object_type': 'ТВ шоу'}"
test_490,поставь The Gift: Imagination and the Erotic Life of Property пять звезд,RateBook,none,False,0.0,True,False,False,"{'object_name': 'The Gift: Imagination and the Erotic Life of Property', 'rating_value': 'пять', 'rating_unit': 'звезд'}",{}
test_489,Я хочу послушать их от артиста Murcof,PlayMusic,PlayMusic,True,0.9088,False,False,False,"{'music_item': 'их', 'artist': 'Murcof'}","{'artist': 'Murcof', 'service': 'Spotify', 'playlist': 'None', 'sort': 'None', 'track': 'None', 'album': 'None', 'music_item': 'None'}"
test_488,"В travelling плейлист, пожалуйста, добавь эту песню Дэвида Гаана .",AddToPlaylist,AddToPlaylist,True,0.8856,False,False,False,"{'playlist': 'travelling', 'music_item': 'песню', 'artist': 'Дэвида Гаана'}","{'playlist': 'travelling', 'music_item': 'песня Дэвида Гаана'}"
test_487,Можешь найти мне the National Anthem of the Ancient Britons ТВ шоу ?,SearchCreativeWork,SearchCreativeWork,True,0.9567,False,False,False,"{'object_name': 'National Anthem of the Ancient Britons', 'object_type': 'ТВ шоу'}","{'object_name': 'National Anthem of the Ancient Britons', 'object_type': 'TV show'}"
test_486,Добавь песню в Indie Hipster,AddToPlaylist,AddToPlaylist,True,0.9612,False,False,False,"{'music_item': 'песню', 'playlist': 'Indie Hipster'}","{'playlist': 'Indie Hipster', 'music_item': 'песня'}"
test_485,добавь ирландию на детском евровидении 2015 в мой Jazzy Dinner плейлист,AddToPlaylist,AddToPlaylist,True,0.9274,False,False,False,"{'entity_name': 'ирландию на детском евровидении 2015', 'reference': 'мой', 'playlist': 'Jazzy Dinner'}","{'entity_name': 'Jazzy Dinner', 'music_item': 'Ирландия на детском Евровидении 2015'}"
test_484,какой прогноз погоды здесь в связи с метелью на пять часов вечера,weather/find,weather/find,True,0.9201,False,False,True,"{'location': 'здесь', 'condition_description': 'метелью', 'datetime': 'пять часов вечера'}","{'datetime': 'пять часов вечера', 'location': 'тут'}"
test_483,"Пожалуйста, найди мне Monty Python Live в Голливуд-боул .",SearchCreativeWork,AddToPlaylist,False,0.8558,False,False,False,{'object_name': 'Monty Python Live в Голливуд - боул'},"{'service': 'Monty Python Live', 'entity_name': 'Gold Rush', 'location': 'Hollywood Bowl'}"
test_482,Показывают ли No Time to Be Young в AMC Theaters,SearchScreeningEvent,SearchCreativeWork,False,0.9688,False,False,False,"{'movie_name': 'No Time to Be Young', 'location': 'AMC Theaters'}","{'object_name': 'No Time to Be Young', 'object_type': 'фильм', 'service': 'AMC Theaters'}"
test_481,Сыграй любой блюз британский .,PlayMusic,PlayMusic,True,0.8973,False,False,True,{'genre': 'блюз британский'},"{'music_item': 'блюз', 'artist': 'британский', 'genre': 'блюз', 'service': 'любое'}"
test_480,Покажи расписание фильмов в округе,SearchScreeningEvent,SearchScreeningEvent,True,0.9259,False,False,False,"{'object_type': 'расписание фильмов', 'location': 'в округе'}","{'datetime': 'в округе', 'object_type': 'фильмы'}"
test_479,какой прогноз для Ваурики в Самоа,weather/find,weather/find,True,0.913,False,False,False,{'location': 'Ваурики | Самоа'},"{'location': 'Ваурика', 'weather/region': 'Самоа'}"
test_478,Найди расписание фильмов для Wanda Group .,SearchScreeningEvent,SearchCreativeWork,False,0.9391,False,False,False,"{'object_type': 'расписание фильмов', 'location': 'Wanda Group'}","{'object_name': 'Wanda Group', 'object_type': 'фильмы'}"
test_477,какая погода здесь на два утра,weather/find,weather/find,True,0.7639,False,False,False,"{'location': 'здесь', 'datetime': 'два утра'}","{'datetime': 'два утра', 'location': 'текущий'}"
test_476,Я хочу забронировать Oregon Electric Station в North City .,BookRestaurant,BookRestaurant,True,0.8605,False,False,True,"{'restaurant_name': 'Oregon Electric Station', 'location': 'North City'}","{'restaurant_name': 'Oregon Electric Station', 'location': 'North City'}"
test_475,Какие фильмы показывают в округе,SearchScreeningEvent,SearchCreativeWork,False,0.9206,False,False,False,"{'movie_type': 'фильмы', 'location': 'в округе'}","{'object_name': 'фильмы', 'object_type': 'кино', 'object_location_type': 'округ', 'object_location': 'округ'}"
test_474,В какое время будет показ The Young Swordsman в моем кинотеатре ?,SearchScreeningEvent,SearchCreativeWork,False,0.9338,False,False,True,"{'object_type': 'время', 'movie_name': 'The Young Swordsman', 'object_location_type': 'кинотеатре'}","{'object_name': 'The Young Swordsman', 'object_type': 'кино', 'service': 'в моем кинотеатре'}"
test_473,оцени текущий роман на ноль из 6,RateBook,RateBook,True,0.9418,False,False,False,"{'object_select': 'текущий', 'object_type': 'роман', 'rating_value': 'ноль', 'best_rating': '6'}","{'rating_value': '0', 'object_name': 'текущий роман', 'object_type': 'книга'}"
test_472,Добавь мартина барра в мой punk unplugged плейлист.,AddToPlaylist,AddToPlaylist,True,0.9163,False,False,False,"{'artist': 'мартина барра', 'reference': 'мой', 'playlist': 'punk unplugged'}","{'entity_name': 'Мартин Барра', 'music_item': 'punk unplugged'}"
test_471,Оцени The 8-Week Cholesterol Cure на три из 6 .,RateBook,none,False,0.9472,True,False,False,"{'object_name': 'The 8-Week Cholesterol Cure', 'rating_value': 'три', 'best_rating': '6'}",{}
test_470,Показывают ли Редкие птицы в ближайшем кинотеатре в обед .,SearchScreeningEvent,SearchCreativeWork,False,0.9389,False,False,True,"{'movie_name': 'Редкие птицы', 'location': 'ближайшем', 'object_location_type': 'кинотеатре', 'datetime': 'обед'}","{'object_name': 'Редкие птицы', 'object_type': 'фильм', 'object_location_type': 'кинотеатр', 'datetime': 'обед'}"
test_469,оцени этот альбом на 5 баллов,RateBook,RateBook,True,0.9326,False,False,False,"{'object_select': 'этот', 'object_type': 'альбом', 'rating_value': '5'}","{'rating_value': '5', 'object_name': 'альбом', 'object_type': 'книга'}"
test_468,Найди мне роман с названием To Lose My Life …,SearchCreativeWork,SearchCreativeWork,True,0.9664,False,False,False,"{'object_type': 'роман', 'object_name': 'To Lose My Life'}","{'object_name': 'To Lose My Life …', 'object_type': 'роман'}"
test_467,добавь Highway Patrolman в мой плейлист this is al green,AddToPlaylist,AddToPlaylist,True,0.9522,False,False,False,"{'entity_name': 'Highway Patrolman', 'reference': 'мой', 'playlist': 'this is al green'}","{'artist': 'Highway Patrolman', 'music_item': 'Al Green'}"
test_466,Добавь artist от mike в Sexy as Folk плейлист.,AddToPlaylist,none,False,0.9331,True,False,False,"{'music_item': 'artist', 'artist': 'mike', 'playlist': 'Sexy as Folk'}",{}
test_465,Я хочу анимационные фильмы в MJR Theatres,SearchScreeningEvent,SearchCreativeWork,False,0.9231,False,False,False,"{'movie_type': 'анимационные фильмы', 'location': 'MJR Theatres'}","{'object_name': 'анимационные фильмы', 'object_type': 'фильмы', 'service': 'MJR Theatres'}"
test_464,Дай две звезды из 6 для 36 Children,RateBook,BookRestaurant,False,0.9135,False,False,False,"{'rating_value': 'две', 'rating_unit': 'звезды', 'best_rating': '6', 'object_name': '36 Children'}","{'party_size_number': 'две звезды из 6', 'party_size_description': 'дети', 'restaurant_name': '', 'restaurant_type': '', 'served_dish': '', 'sort': ''}"
test_463,Можешь найти мне трейлер Синей весны ?,SearchCreativeWork,SearchCreativeWork,True,0.9728,False,False,False,"{'object_type': 'трейлер', 'object_name': 'Синей весны'}","{'object_name': 'Синяя весна', 'object_type': 'триллер'}"
test_462,Включи что-нибудь из 90s Pop Rock Essentials,PlayMusic,AddToPlaylist,False,0.7334,False,False,False,{'playlist': '90s Pop Rock Essentials'},"{'playlist': '90s Pop Rock Essentials', 'service': 'Spotify', 'sort': 'New Releases', 'track': 'True'}"
test_461,добавь этот трек в мой Hands Up плейлист,AddToPlaylist,AddToPlaylist,True,0.933,False,False,False,"{'music_item': 'трек', 'reference': 'мой', 'playlist': 'Hands Up'}","{'music_item': 'Hands Up', 'playlist': 'Мой Hands Up плейлист'}"
test_460,Забронируй место для 9,BookRestaurant,BookRestaurant,True,0.8638,False,False,False,{'party_size_number': '9'},"{'party_size_number': '9', 'facility': 'место', 'datetime': 'забронировать'}"
test_459,Будет ли Без свидетелей показываться двадцать два часа спустя,SearchScreeningEvent,alarm/set_alarm,False,0.8791,False,False,False,"{'movie_name': 'Без свидетелей', 'datetime': 'двадцать два часа спустя'}","{'datetime': 'двадцать два часа', 'reference': 'Без свидетелей', 'recurring_datetime': 'нет', 'weather/temperatureUnit': 'градусах Цельсия', 'weather/conditionDescription': 'Без свидетелей'}"
test_458,Я хочу забронировать стейк-хаус на хребте Вими .,BookRestaurant,BookRestaurant,True,0.7846,False,False,False,"{'restaurant_type': 'стейк-хаус', 'location': 'хребте Вими'}","{'restaurant_type': 'стейк-хаус', 'facility': 'хребет Вими'}"
test_457,Добавь песню boy george в Emo Forever плейлист.,AddToPlaylist,AddToPlaylist,True,0.9325,False,False,False,"{'music_item': 'песню', 'artist': 'boy george', 'playlist': 'Emo Forever'}","{'artist': 'Boy George', 'music_item': 'Emo Forever', 'playlist': 'плейлист'}"
test_456,Я хочу поесть в Ramona,BookRestaurant,BookRestaurant,True,0.9717,False,False,False,{'location': 'Ramona'},"{'cuisine': 'неизвестно', 'datetime': 'неизвестно', 'facility': 'неизвестно', 'location': 'Ramona', 'party_size_description': 'неизвестно', 'party_size_number': 'неизвестно', 'restaurant_name': 'неизвестно', 'restaurant_type': 'неизвестно', 'served_dish': 'неизвестно', 'sort': 'неизвестно'}"
test_455,"Пожалуйста, найди Three Essays on the Theory of Sexuality шоу .",SearchCreativeWork,SearchCreativeWork,True,0.9599,False,False,False,"{'object_name': 'Three Essays on the Theory of Sexuality', 'object_type': 'шоу'}","{'object_name': 'Three Essays on the Theory of Sexuality', 'object_type': 'show'}"
test_454,Будет ли дождь в Тенино ?,weather/find,weather/find,True,0.9453,False,False,True,"{'condition_description': 'дождь', 'location': 'Тенино'}","{'location': 'Тенино', 'weather/attribute': 'дождь'}"
test_453,Я хочу забронировать bougatsa restaurant в следующем году около Penn на троих персон.,BookRestaurant,BookRestaurant,True,0.8073,False,False,True,"{'cuisine': 'bougatsa', 'restaurant_type': 'restaurant', 'datetime': 'следующем году', 'location': 'около | Penn', 'party_size_number': 'троих'}","{'cuisine': 'bougatsa', 'datetime': 'в следующем году', 'party_size_description': 'трое', 'location': 'Пенс'}"
test_452,сыграй что-то семидесятое от Филиппа Киркорова,PlayMusic,none,False,0.0,True,False,False,"{'datetime': 'семидесятое', 'artist': 'Филиппа Киркорова'}",{}
test_451,"Можешь найти книгу Париж, когда там жара ?",SearchCreativeWork,book/search,False,0.8787,False,False,False,"{'object_type': 'книгу', 'object_name': 'Париж, когда там жара'}","{'object_name': 'Париж', 'object_type': 'жарко', 'datetime': 'на следующую неделю'}"
test_450,Оцени текущий роман на 3 звезды,RateBook,none,False,0.8039,False,False,False,"{'object_select': 'текущий', 'object_type': 'роман', 'rating_value': '3', 'rating_unit': 'звезды'}",{}
test_449,Включи Пола Маккартни,PlayMusic,weather/find,False,0.956,False,False,False,{'artist': 'Пола Маккартни'},"{'location': 'Сан - Паулу', 'weather/temperatureUnit': 'градусах Цельсия'}"
test_448,я хочу увидеть Я мечтаю о Джинни в кинотеатре,SearchScreeningEvent,PlayMusic,False,0.944,False,False,True,"{'movie_name': 'Я мечтаю о Джинни', 'object_location_type': 'кинотеатре'}","{'music_item': 'Я мечтаю о Джинни', 'service': 'кинотеатр'}"
test_447,"Пожалуйста, найди мне работу Serious Awesomeness !.",SearchCreativeWork,SearchCreativeWork,True,0.9472,False,False,False,{'object_name': 'Serious Awesomeness'},"{'object_name': 'Serious Awesomeness', 'object_type': 'serious awesomeness'}"
test_446,Включи Trance Life в Zvooq .,PlayMusic,PlayMusic,True,0.9616,False,False,False,"{'playlist': 'Trance Life', 'service': 'Zvooq'}","{'music_item': 'Trance Life', 'service': 'Zvooq'}"
test_445,"Пожалуйста, найди мне Compulsive Disclosure песню .",SearchCreativeWork,SearchCreativeWork,True,0.9718,False,False,False,"{'object_name': 'Compulsive Disclosure', 'object_type': 'песню'}","{'object_name': 'Compulsive Disclosure', 'object_type': 'песня'}"
test_444,Найди ТВ шоу Meet the Prince,SearchCreativeWork,SearchCreativeWork,True,0.9829,False,False,False,"{'object_type': 'ТВ шоу', 'object_name': 'Meet the Prince'}","{'object_name': 'Meet the Prince', 'object_type': 'ТВ шоу'}"
test_443,Мне нужен список Speakeasy Theaters с показом фильмов,SearchScreeningEvent,SearchCreativeWork,False,0.8833,False,False,False,"{'location': 'Speakeasy Theaters', 'object_type': 'фильмов'}","{'object_name': 'Speakeasy Theaters', 'object_type': 'спецтеатры'}"
test_442,Какая погода будет в Вирджинии на День святого Патрика ?,weather/find,weather/find,True,0.9842,False,False,False,"{'location': 'Вирджинии', 'datetime': 'День святого Патрика'}","{'datetime': 'День святого Патрика', 'location': 'Вирджиния'}"
test_441,Мне нужен столик на 4 в Saint Helena в Settha Palace Hotel,BookRestaurant,BookRestaurant,True,0.9226,False,False,True,"{'party_size_number': '4', 'location': 'Saint Helena', 'restaurant_name': 'Settha Palace Hotel'}","{'facility': 'Settha Palace Hotel', 'party_size_description': '4', 'object_name': 'Saint Helena'}"
test_440,дай текущей летописи пять из 6 очков,RateBook,none,False,0.0,True,False,True,"{'object_select': 'текущей', 'object_part_of_series_type': 'летописи', 'rating_value': 'пять', 'best_rating': '6', 'rating_unit': 'очков'}",{}
test_439,Найди анимационные фильмы рядом,SearchScreeningEvent,SearchCreativeWork,False,0.9423,False,False,False,"{'movie_type': 'анимационные фильмы', 'location': 'рядом'}","{'object_name': 'анимационные фильмы', 'object_type': 'фильмы'}"
test_438,Давай послушаем что-то от Andrew Hewitt .,PlayMusic,PlayMusic,True,0.7752,False,False,False,{'artist': 'Andrew Hewitt'},"{'artist': 'Andrew Hewitt', 'service': 'послушать'}"
test_437,оцени текущее эссе на ноль из 6 звезд,RateBook,none,False,0.0,True,False,False,"{'object_select': 'текущее', 'object_type': 'эссе', 'rating_value': 'ноль', 'best_rating': '6', 'rating_unit': 'звезд'}",{}
test_436,Добавь песню в this is racionais mc's,AddToPlaylist,AddToPlaylist,True,0.8262,False,False,False,"{'music_item': 'песню', 'playlist': ""this is racionais mc's""}","{'playlist': ""this is racionais mc's"", 'music_item': 'песня'}"
test_435,Показывают ли Babar: King of the Elephants,SearchScreeningEvent,SearchCreativeWork,False,0.9766,False,False,False,{'movie_name': 'Babar: King of the Elephants'},"{'object_name': 'Babar', 'object_type': 'King of the Elephants'}"
test_434,Я хочу столик в James D. Conrey House в Urbank California,BookRestaurant,BookRestaurant,True,0.8257,False,False,True,"{'restaurant_name': 'James D. Conrey House', 'location': 'Urbank | California'}","{'facility': 'James D. Conrey House', 'location': 'Urband, California', 'restaurant_name': 'тест'}"
test_433,Оцени текущую серию на 4 очка,RateBook,RateBook,True,0.9318,False,False,True,"{'object_select': 'текущую', 'object_part_of_series_type': 'серию', 'rating_value': '4', 'rating_unit': 'очка'}","{'rating_value': '4', 'object_name': 'текущая серия', 'object_type': 'книга'}"
test_432,Дай ноль звезд этому учебнику,RateBook,none,False,0.0,True,False,False,"{'rating_value': 'ноль', 'rating_unit': 'звезд', 'object_select': 'этому', 'object_type': 'учебнику'}",{}
test_431,Дай The Crystal Snare 5 звезд,RateBook,unknown,False,0.6862,False,False,False,"{'object_name': 'The Crystal Snare', 'rating_value': '5', 'rating_unit': 'звезд'}",{}
test_430,Включи Subconscious Lobotomy от Дженнифер Полл .,PlayMusic,search_creative_work,False,0.9348,False,False,True,"{'album': 'Subconscious Lobotomy', 'artist': 'Дженнифер Полл'}","{'object_name': 'Subconscious Lobotomy', 'object_type': 'книга', 'author': 'Дженнифер Полл'}"
test_103,Отмени следующий будильник,alarm/cancel_alarm,alarm/cancel_alarm,True,0.9069,False,False,False,{'reference': 'следующий'},"{'datetime': 'следующий будильник', 'reference': 'отменить'}"
test_104,Напомни мне сходить в продуктовый магазин сегодня,reminder/set_reminder,reminder/set_reminder,True,0.8985,False,False,False,"{'reminder/todo': 'сходить в продуктовый магазин', 'datetime': 'сегодня'}","{'datetime': 'сегодня', 'reference': 'поправься в продуктовый магазин', 'reminder/todo': 'поправься в продуктовый магазин'}"
test_105,отмени мои напоминания на следующую неделю,reminder/cancel_reminder,reminder/cancel_reminder,True,0.9395,False,False,False,"{'reference': 'мои', 'datetime': 'следующую неделю'}","{'datetime': 'на следующую неделю', 'reminder/todo': 'отменить'}"
test_106,напомни мне отвести собаку к грумеру во вторник в 3 часа,reminder/set_reminder,reminder/set_reminder,True,0.9326,False,False,False,"{'reminder/todo': 'отвести собаку к грумеру', 'datetime': 'вторник в 3 часа'}","{'datetime': 'во вторник в 3 часа', 'reference': 'отвести собаку к грумеру', 'reminder/todo': 'true'}"
test_107,Напомни мне забрать цветы для Джен на нашу годовщину на 28-е.,reminder/set_reminder,reminder/set_reminder,True,0.9322,False,False,False,"{'reminder/todo': 'забрать цветы для Джен на нашу годовщину', 'datetime': '28-е'}","{'datetime': '28-е', 'reference': 'на годовщину', 'reminder/todo': 'забрать цветы для Джен'}"
test_109,Напомни мне записаться к доктору завтра.,reminder/set_reminder,reminder/set_reminder,True,0.9263,False,False,False,"{'reminder/todo': 'записаться к доктору', 'datetime': 'завтра'}","{'datetime': 'завтра', 'reference': 'записаться к доктору', 'reminder/todo': 'напомнить'}"
test_111,Нужно ли взять дождевик?,weather/find,weather/find,True,0.9158,False,False,False,{'weather/attribute': 'дождевик'},"{'weather/attribute': 'дождь', 'datetime': 'на следующей неделе', 'location': 'Сан - Паулу', 'weather/temperatureUnit': 'градусах Цельсия'}"
test_150,Покажи все мои напоминания,reminder/show_reminders,reminder/show_reminders,True,0.9048,False,False,False,{'reference': 'все мои'},"{'datetime': 'все', 'reference': 'мои'}"
test_247,Установи будильник на 5 вечера сегодня,alarm/set_alarm,alarm/set_alarm,True,0.9641,False,False,False,{'datetime': '5 вечера сегодня'},"{'datetime': '5 вечера', 'reference': 'сегодня'}"
test_248,установи будильник на 7 завтра,alarm/set_alarm,reminder/set_reminder,False,0.9294,False,False,False,{'datetime': '7 завтра'},"{'datetime': '7 завтра', 'reference': 'будильник'}"
test_253,"Пожалуйста, найди мне видеоигру под названием 20 Hours in America .",SearchCreativeWork,SearchCreativeWork,True,0.8864,False,False,False,"{'object_type': 'видеоигру', 'object_name': '20 Hours in America'}",{'object_name': '20 Hours in America'}
test_257,Включи новую музыку на Last Fm от Eddie Vinson .,PlayMusic,PlayMusic,True,0.9214,False,False,False,"{'sort': 'новую', 'music_item': 'музыку', 'service': 'Last Fm', 'artist': 'Eddie Vinson'}","{'artist': 'Eddie Vinson', 'music_item': 'новая музыка', 'service': 'Last Fm'}"
test_258,Проверь прогноз погоды в Небраске .,weather/find,weather/find,True,0.9936,False,False,False,{'location': 'Небраске'},{'location': 'Небраска'}
test_259,Есть ли гроза сейчас в ЮК ?,weather/find,weather/find,True,0.934,False,False,True,"{'condition_description': 'гроза', 'datetime': 'сейчас', 'location': 'ЮК'}","{'weather/attribute': 'гроза', 'datetime': 'сейчас', 'location': 'ЮК'}"
test_264,Я хочу забронировать сунданский гастропаб где-то в Техасе на 3 персоны на 5/20/2025 .,BookRestaurant,BookRestaurant,True,0.954,False,False,True,"{'cuisine': 'сунданский', 'restaurant_type': 'гастропаб', 'location': 'где-то | Техасе', 'party_size_number': '3', 'datetime': '5/20/2025'}","{'cuisine': 'сунданский', 'party_size_description': '3 персоны', 'datetime': '5/20/2025', 'location': 'Техас', 'restaurant_name': '', 'restaurant_type': '', 'served_dish': '', 'sort': ''}"
test_269,Я хочу забронировать еврейский ресторан в Гамбии .,BookRestaurant,BookRestaurant,True,0.9351,False,False,True,"{'cuisine': 'еврейский', 'restaurant_type': 'ресторан', 'location': 'Гамбии'}","{'cuisine': 'еврейский', 'location': 'Гамбия', 'restaurant_name': '', 'restaurant_type': '', 'served_dish': '', 'sort': ''}"
test_273,"Погода в Уолден, Россия на 12/26/2018",weather/find,weather/find,True,0.9945,False,False,False,"{'location': 'Уолден, | Россия', 'datetime': '12/26/2018'}","{'datetime': '12/26/2018', 'location': 'Уолден, Россия'}"
test_274,Я хочу забронировать ресторан для моего тестя и себя в Банкере через год .,BookRestaurant,BookRestaurant,True,0.8258,False,False,True,"{'restaurant_type': 'ресторан', 'party_size_description': 'моего тестя и себя', 'location': 'Банкере', 'datetime': 'через год'}","{'party_size_description': 'мой тесть и я', 'party_size_number': '2', 'datetime': 'через год', 'location': 'Банкера', 'facility': 'ресторан'}"
test_285,"Пожалуйста, забронируй мне столик в бистро, где подают lorna doone .",BookRestaurant,BookRestaurant,True,0.8161,False,False,True,"{'restaurant_type': 'бистро,', 'served_dish': 'lorna doone'}","{'cuisine': 'lorna doone', 'restaurant_name': 'bistro', 'restaurant_type': 'bistro', 'served_dish': 'lorna doone', 'datetime': 'забронировать'}"
test_286,Оцени The Mystery of the Tolling Bell серию 4 звездами .,RateBook,RateBook,True,0.945,False,False,True,"{'object_name': 'The Mystery of the Tolling Bell', 'object_part_of_series_type': 'серию', 'rating_value': '4', 'rating_unit': 'звездами'}","{'object_name': 'The Mystery of the Tolling Bell', 'rating_value': '4', 'rating_unit': 'звезды'}"
test_288,Проверь расписание для Snowbound в ближайшем кинотеатре .,SearchScreeningEvent,SearchCreativeWork,False,0.8569,False,False,True,"{'movie_name': 'Snowbound', 'location': 'ближайшем', 'object_location_type': 'кинотеатре'}","{'object_name': 'Snowbound', 'object_type': 'фильм', 'service': 'кинотеатры', 'sort': 'наиболее близко'}"
test_291,Будет I Think I Do показываться в 7 вечера ?,SearchScreeningEvent,alarm/set_alarm,False,0.7239,False,False,False,"{'movie_name': 'I Think I Do', 'datetime': '7 вечера'}","{'datetime': '7 вечера', 'reference': 'I Think I Do', 'recurring_datetime': 'каждый день'}"
test_295,"Какой прогноз погоды для государственного парка Боте-Напа-Вэлли рядом на февраль, 20 ?",weather/find,weather/find,True,0.9548,False,False,False,"{'location': 'государственного парка Боте-Напа-Вэлли | рядом', 'datetime': 'февраль, 20'}","{'datetime': 'февраль, 20', 'location': 'государственный парк Боте-Напа-Вэлли'}"
test_299,Оцени Soul Music на 0 .,RateBook,unknown,False,0.7961,False,False,False,"{'object_name': 'Soul Music', 'rating_value': '0'}",{}
test_301,Включи All Things Must Pass .,PlayMusic,AddToPlaylist,False,0.8799,False,False,True,{'track': 'All Things Must Pass'},"{'music_item': 'All Things Must Pass', 'playlist': 'ваш плейлист'}"
test_304,Включи музыку на Netflix .,PlayMusic,PlayMusic,True,0.8906,False,False,False,{'service': 'Netflix'},"{'service': 'Netflix', 'music_item': 'включи музыку', 'playlist': 'нет'}"
test_305,Я хочу увидеть Shattered Image .,SearchScreeningEvent,SearchCreativeWork,False,0.8749,False,False,False,{'movie_name': 'Shattered Image'},{'object_name': 'Shattered Image'}
test_310,какой прогноз для жаркой погоды в государственном парке Саутфорд-Фоллс,weather/find,weather/find,True,0.9071,False,False,True,"{'condition_temperature': 'жаркой', 'location': 'государственном парке Саутфорд-Фоллс'}","{'location': 'Саутфорд-Фоллс', 'weather/attribute': 'жаркая погода', 'datetime': 'прогноз'}"
test_311,"Пожалуйста, забронируй мне столик в пиццерии с парковкой в Гане .",BookRestaurant,BookRestaurant,True,0.945,False,False,True,"{'restaurant_type': 'пиццерии', 'facility': 'парковкой', 'location': 'Гане'}","{'cuisine': 'пицца', 'facility': 'с парковкой', 'location': 'Гана'}"
test_312,Я хочу услышать семидесятые саундтреки .,PlayMusic,PlayMusic,True,0.8266,False,False,False,"{'datetime': 'семидесятые', 'music_item': 'саундтреки'}","{'genre': 'семидесятые саундтреки', 'service': 'платформа для воспроизведения'}"
test_313,Погода через два часа в Узбекистане,weather/find,weather/find,True,0.9941,False,False,False,"{'datetime': 'через два часа', 'location': 'Узбекистане'}","{'datetime': 'через два часа', 'location': 'Узбекистан'}"
test_314,"Пожалуйста, найди мне Journal of the British Astronomical Association фильм .",SearchCreativeWork,SearchCreativeWork,True,0.9796,False,False,False,"{'object_name': 'Journal of the British Astronomical Association', 'object_type': 'фильм'}","{'object_name': 'Journal of the British Astronomical Association', 'object_type': 'фильм'}"
test_315,"Забронируй столик на 8 человек в Уордвилле, Канзас",BookRestaurant,BookRestaurant,True,0.9507,False,False,False,"{'party_size_number': '8', 'location': 'Уордвилле | Канзасе'}","{'party_size_description': '8 человек', 'party_size_number': '8', 'facility': 'столик', 'location': 'Уордвилл, Канзас'}"
test_316,Какой будет погода далеко отсюда ?,weather/find,weather/find,True,0.9341,False,False,False,{'location': 'далеко | отсюда'},{'location': 'далеко отсюда'}
test_321,Какой будет погода в ноябре в Брукниле ?,weather/find,weather/find,True,0.9402,False,False,False,"{'datetime': 'ноябре', 'location': 'Бруклине'}","{'datetime': 'ноябрь', 'location': 'Брукнинл'}"
test_325,какие фильмы в Star Theatres .,SearchScreeningEvent,SearchCreativeWork,False,0.9431,False,False,False,"{'movie_type': 'фильмы', 'location': 'Star Theatres'}","{'object_name': 'Star Theatres', 'object_type': 'кинотеатр'}"
test_330,Дай одну звезду текущей книге,RateBook,SearchCreativeWork,False,0.9376,False,False,False,"{'rating_value': 'одну', 'object_select': 'текущей', 'object_type': 'книге'}","{'object_name': 'текущая книга', 'object_type': 'книга'}"
test_345,"Пожалуйста, найди мне ТВ сериал , Now We Are Married .",SearchCreativeWork,SearchCreativeWork,True,0.9543,False,False,False,"{'object_type': 'ТВ сериал', 'object_name': 'Now We Are Married'}","{'object_name': 'Now We Are Married', 'object_type': 'ТВ сериал'}"
test_356,Я хочу увидеть The Portrait of a Lady в ближайшем кинотеатре .,SearchScreeningEvent,SearchCreativeWork,False,0.969,False,False,True,"{'movie_name': 'The Portrait of a Lady', 'location': 'ближайшем', 'object_location_type': 'кинотеатре'}","{'object_name': 'The Portrait of a Lady', 'object_type': 'фильм'}"
test_357,"Пожалуйста, найди мне Phineas Redux .",SearchCreativeWork,SearchCreativeWork,True,0.9648,False,False,False,{'object_name': 'Phineas Redux'},{'object_name': 'Phineas Redux'}
test_360,Какой будет погода в Памятнике Лихуле в декабре 5-го ?,weather/find,weather/find,True,0.9727,False,False,False,"{'location': 'Памятнике Лихуле', 'datetime': 'декабре 5-го'}","{'datetime': 'декабрь 5', 'location': 'Памятник Лихуле'}"
test_363,"Какая погода в Тионеке , Нью-Джерси",weather/find,weather/find,True,0.9489,False,False,False,{'location': 'Тионеке | Нью-Джерси'},"{'location': 'Тионека, Нью-Джерси'}"
test_365,забронируй место для моих племянниц и меня в чайном доме,BookRestaurant,BookRestaurant,True,0.9321,False,False,True,"{'party_size_description': 'моих племянниц и меня', 'restaurant_type': 'чайном доме'}","{'facility': 'чайный дом', 'party_size_description': 'моя племянница и я', 'party_size_number': '2'}"
test_366,Будет ли жарко в Нидерландах в феврале 16-го ?,weather/find,weather/find,True,0.959,False,False,True,"{'condition_temperature': 'жарко', 'location': 'Нидерландах', 'datetime': 'феврале 16-го'}","{'datetime': '16 февраля', 'location': 'Нидерланды'}"
test_367,Я хочу добавить jordan rudess в Divertido para niños плейлист.,AddToPlaylist,AddToPlaylist,True,0.929,False,False,False,"{'artist': 'jordan rudess', 'playlist': 'Divertido para niños'}","{'artist': 'jordan rudess', 'playlist': 'Divertido para niños'}"
test_369,Забронируй мне столик в лучшем бистро,BookRestaurant,BookRestaurant,True,0.8721,False,False,False,"{'sort': 'лучшем', 'restaurant_type': 'бистро'}","{'restaurant_name': 'лучший бистро', 'cuisine': 'бистро', 'datetime': 'забронировать', 'party_size_description': 'только один', 'party_size_number': '1'}"
test_372,Какой будет погода в Огайо ?,weather/find,weather/find,True,0.9917,False,False,False,{'location': 'Огайо'},{'location': 'Огайо'}
test_374,Забронируй столик для моих малышей и меня,BookRestaurant,BookRestaurant,True,0.7824,False,False,True,{'party_size_description': 'моих малышей и меня'},"{'party_size_description': 'малыши и я', 'party_size_number': '3'}"
test_392,Я хочу забронировать массаж в спа .,BookRestaurant,BookRestaurant,True,0.9196,False,False,True,"{'restaurant_type': 'массаж', 'facility': 'спа'}","{'facility': 'массаж', 'restaurant_name': 'спа', 'restaurant_type': 'массаж'}"
test_417,"Пожалуйста, найди телевизионное шоу , Episodi di The Blacklist .",SearchCreativeWork,SearchCreativeWork,True,0.9315,False,False,False,"{'object_type': 'телевизионное шоу', 'object_name': 'Episodi di The Blacklist'}","{'object_name': 'The Blacklist', 'object_type': 'телевизионное шоу', 'object_part_of_series': 'episodi', 'object_sort': 'episodi'}"
test_418,"какой прогноз для холодной погоды, начиная с Дня закона здесь",weather/find,weather/find,True,0.9325,False,False,True,"{'condition_temperature': 'холодной', 'datetime': 'Дня закона', 'location': 'здесь'}","{'datetime': 'День закона', 'weather/attribute': 'холодная погода'}"
test_419,Я хочу забронировать ресторан на десять человек.,BookRestaurant,BookRestaurant,True,0.934,False,False,False,"{'restaurant_type': 'ресторан', 'party_size_number': 'десять'}","{'party_size_number': 'десять', 'facility': 'ресторан'}"
test_420,Включи что-то от Duke Ellington из семидесятых,PlayMusic,AddToPlaylist,False,0.7978,False,False,False,"{'artist': 'Duke Ellington', 'datetime': 'семидесятых'}","{'entity_name': 'Duke Ellington', 'music_item': 'что-то из семидесятых'}"
test_421,Оцени Cotton Comes to Harlem на 2,RateBook,RateBook,True,0.9265,False,False,False,"{'object_name': 'Cotton Comes to Harlem', 'rating_value': '2'}","{'object_name': 'Cotton Comes to Harlem', 'rating_value': '2', 'rating_unit': 'звезды'}"
test_422,Добавь песню в мой плейлист madden nfl 16,AddToPlaylist,AddToPlaylist,True,0.9295,False,False,False,"{'music_item': 'песню', 'reference': 'мой', 'playlist': 'madden nfl 16'}","{'playlist': 'мой плейлист', 'music_item': 'песня'}"
test_423,Добавь Toyan в мой Epic Gaming плейлист.,AddToPlaylist,AddToPlaylist,True,0.8962,False,False,False,"{'artist': 'Toyan', 'reference': 'мой', 'playlist': 'Epic Gaming'}","{'playlist': 'Epic Gaming', 'entity_name': 'Toyo'}"
test_424,включи что-то новое от Les Vandyke на Slacker,PlayMusic,AddToPlaylist,False,0.9676,False,False,False,"{'sort': 'новое', 'artist': 'Les Vandyke', 'service': 'Slacker'}","{'playlist': 'Slacker', 'entity_name': 'Les Vandyke'}"
test_425,оцени Three Junes одним баллом из 6,RateBook,RateBook,True,0.9328,False,False,False,"{'object_name': 'Three Junes', 'rating_value': 'одним', 'best_rating': '6'}","{'object_name': 'Three Junes', 'rating_value': '6'}"
test_426,Забронируй столик на девять людей в пекарне в Нуньес,BookRestaurant,BookRestaurant,True,0.9398,False,False,False,"{'party_size_number': 'девять', 'restaurant_type': 'пекарне', 'location': 'Нуньес'}","{'facility': 'пекарня', 'party_size_description': 'девять людей', 'party_size_number': '9', 'location': 'Нуньес'}"
test_427,Оцени этот текущий роман двумя баллами из 6 .,RateBook,RateBook,True,0.9236,False,False,False,"{'object_select': 'этот текущий', 'object_type': 'роман', 'rating_value': 'двумя', 'best_rating': '6'}","{'object_name': 'текущий роман', 'rating_value': '2 из 6', 'rating_unit': 'баллы'}"
test_428,Включи The Happy Blues от Ronnie Wood .,PlayMusic,PlayMusic,True,0.9442,False,False,True,"{'album': 'The Happy Blues', 'artist': 'Ronnie Wood'}","{'music_item': 'The Happy Blues', 'artist': 'Ronnie Wood'}"
test_429,Включи симфонию из 2013 .,PlayMusic,AddToPlaylist,False,0.9153,False,False,False,"{'music_item': 'симфонию', 'datetime': '2013'}","{'music_item': 'Симфония из 2013', 'playlist': 'включи в плейлист'}"
,Забронируй мне столик в лучшем кафе.,BookRestaurant,BookRestaurant,True,0.8694,False,False,False,"{'sort': 'лучшем', 'restaurant_type': 'кафе'}","{'restaurant_name': 'лучшее', 'restaurant_type': 'кафе', 'facility': 'столик', 'party_size_description': 'за один'}"
,Оцени текущий учебник на 1 из 6.,RateBook,RateBook,True,0.9099,False,False,False,"{'object_select': 'текущий', 'object_type': 'учебник', 'rating_value': '1', 'best_rating': '6'}","{'rating_value': '1', 'object_name': 'текущий учебник', 'object_type': 'учебник'}"
,В какое время показывают фильм,SearchScreeningEvent,SearchCreativeWork,False,0.8985,False,False,False,{'object_type': 'время показывают фильм'},"{'object_name': 'фильм', 'object_type': 'кино', 'datetime': 'время показа'}"
,Какая погода будет в Огайо?,weather/find,weather/find,True,0.99,False,False,False,{'location': 'Огайо'},{'location': 'Огайо'}
,Добавь этого исполнителя в Showstopper Being Mary Jane.,AddToPlaylist,AddToPlaylist,True,0.8195,False,False,False,"{'music_item': 'исполнителя', 'playlist': 'Showstopper Being Mary Jane'}","{'artist': 'исполнитель', 'playlist': 'Showstopper Being Jane Jane', 'music_item': 'текстовый запрос'}"
,Забронируй столик для меня и моих детей.,BookRestaurant,BookRestaurant,True,0.8284,False,False,True,{'party_size_description': 'меня и моих детей'},"{'party_size_description': 'для меня и моих детей', 'party_size_number': '3'}"
test_375,"Какая погода будет в заповеднике Сарыгамыш 21 августа, 2035 ?",weather/find,weather/find,True,0.9907,False,False,False,"{'location': 'заповеднике Сарыгамыш', 'datetime': '21 августа, 2035'}","{'datetime': '21 августа, 2035', 'location': 'Заповедник Сарыгамыш'}"
test_376,Оцени Ruth пять баллов из 6 .,RateBook,RateBook,True,0.9315,False,False,False,"{'object_name': 'Ruth', 'rating_value': 'пять', 'rating_unit': 'баллов', 'best_rating': '6'}","{'rating_value': '5', 'object_name': 'Ruth', 'object_type': 'книга', 'best_rating': '6'}"
test_377,Reminiscences of the Anti-Japanese Guerillas chronicle заслуживает ноль баллов из 6.,RateBook,RateBook,True,0.9384,False,False,True,"{'object_name': 'Reminiscences of the Anti-Japanese Guerillas', 'object_part_of_series_type': 'chronicle', 'rating_value': 'ноль', 'rating_unit': 'баллов', 'best_rating': '6.'}","{'object_name': 'Reminiscences of the Anti-Japanese Guerillas', 'rating_value': '0', 'rating_unit': 'из 6'}"
test_378,Покажи мне расписание сеансов в южных кинотеатрах,SearchScreeningEvent,SearchCreativeWork,False,0.8352,False,False,False,"{'object_type': 'расписание сеансов', 'location': 'южных кинотеатрах'}","{'object_name': 'сесареты южных кинотеатров', 'object_type': 'сесареты'}"
test_379,Найди расписание фильмов рядом,SearchScreeningEvent,SearchScreeningEvent,True,0.8733,False,False,False,"{'object_type': 'расписание фильмов', 'location': 'рядом'}","{'datetime': 'на следующую неделю', 'location': 'Сан - Паулу', 'object_type': 'фильмы', 'object_location_type': 'рекламные билборды'}"
test_380,Добавь этот альбом в плейлист Spanish Beat,AddToPlaylist,AddToPlaylist,True,0.942,False,False,False,"{'music_item': 'альбом', 'playlist': 'Spanish Beat'}","{'playlist': 'Spanish Beat', 'music_item': 'альбом'}"
test_381,Забронируй столик на 6 человек в креольской таверне в Черногории,BookRestaurant,BookRestaurant,True,0.9141,False,False,True,"{'party_size_number': '6', 'cuisine': 'креольской', 'restaurant_type': 'таверне', 'location': 'Черногории'}","{'party_size_description': '6 человек', 'party_size_number': '6', 'cuisine': 'креольская', 'location': 'Черногория', 'facility': 'таверна'}"
test_382,Поставь сериалу Catedral 4 звезды .,RateBook,RateBook,True,0.9204,False,False,True,"{'object_part_of_series_type': 'сериалу', 'object_name': 'Catedral', 'rating_value': '4', 'rating_unit': 'звезды'}","{'object_name': 'Catedral', 'rating_value': '4 звезды', 'rating_unit': 'звезды'}"
test_383,Добавь The Famous Flower of Serving-Men в мой вечерний акустический плейлист.,AddToPlaylist,AddToPlaylist,True,0.9618,False,False,False,"{'entity_name': 'The Famous Flower of Serving-Men', 'reference': 'мой', 'playlist': 'вечерний акустический'}","{'playlist': 'мой вечерний акустический плейлист', 'entity_name': 'The Famous Flower of Serving-Men'}"
test_384,Покажи мне расписание ArcLight Hollywood только для анимационных фильмов,SearchScreeningEvent,none,False,0.7874,True,False,False,"{'object_type': 'расписание', 'location': 'ArcLight Hollywood', 'movie_type': 'анимационных фильмов'}",{}
test_385,"Пожалуйста, найди картину под названием This Is the Night .",SearchCreativeWork,SearchCreativeWork,True,0.9699,False,False,False,"{'object_type': 'картину', 'object_name': 'This Is the Night'}",{'object_name': 'This Is the Night'}
test_386,Какова будет влажность в данном месте в 15:19:29 ?,weather/find,weather/find,True,0.959,False,False,True,"{'condition_description': 'влажность', 'location': 'данном месте', 'datetime': '15:19:29'}","{'datetime': '15:19:29', 'location': 'данное место'}"
test_387,я хочу посмотреть JLA Adventures: Trapped In Time,SearchScreeningEvent,SearchCreativeWork,False,0.9845,False,False,False,{'movie_name': 'JLA Adventures: Trapped In Time'},{'object_name': 'JLA Adventures: Trapped In Time'}
test_388,Добавь мелодию Дерека Уоткинса в This Is Johnny Cash,AddToPlaylist,AddToPlaylist,True,0.9017,False,False,False,"{'music_item': 'мелодию', 'artist': 'Дерека Уоткинса', 'playlist': 'This Is Johnny Cash'}","{'artist': 'Дерек Уоткинс', 'music_item': 'This Is Johnny Cash', 'playlist': 'Плейлист'}"
test_389,Найди творческую работу под названием Fire in the Hole,SearchCreativeWork,SearchCreativeWork,True,0.9985,False,False,False,{'object_name': 'Fire in the Hole'},{'object_name': 'Fire in the Hole'}
test_390,забронируй столик возле колледжа Пэта,BookRestaurant,BookRestaurant,True,0.9407,False,False,False,{'location': 'возле | колледжа Пэта'},"{'facility': 'столик', 'location': 'перед колледжем Пэта', 'party_size_description': 'неизвестно', 'party_size_number': 'неизвестно', 'restaurant_name': 'неизвестно', 'restaurant_type': 'неизвестно', 'served_dish': 'неизвестно', 'sort': 'неизвестно'}"
test_391,Идет ли Patrick Still Lives в кинотеатрах AMC,SearchScreeningEvent,SearchCreativeWork,False,0.9273,False,False,False,"{'movie_name': 'Patrick Still Lives', 'location': 'кинотеатрах AMC'}","{'object_name': 'Patrick Still', 'object_type': 'фильм', 'service': 'кинотеатры AMC'}"
test_393,нужен столик где-нибудь в Кворривилле через 14 часов,BookRestaurant,reminder/set_reminder,False,0.9379,False,False,False,"{'location': 'Кворривилле', 'datetime': 'через 14 часов'}","{'datetime': 'через 14 часов', 'reference': 'столик', 'reminder/todo': 'в Кворривилле'}"
test_394,включи Гэри Ли Коннера,PlayMusic,none,False,0.0,True,False,False,{'artist': 'Гэри Ли Коннера'},{}
test_395,"покажи ближайший кинотеатр, где показывают Boycott",SearchScreeningEvent,SearchCreativeWork,False,0.9152,False,False,True,"{'location': 'ближайший', 'object_location_type': 'кинотеатр', 'movie_name': 'Boycott'}","{'object_name': 'Boycott', 'object_type': 'кино', 'object_location_type': 'близко'}"
test_396,"Пожалуйста, включи мой ecstatic плейлист.",PlayMusic,AddToPlaylist,False,0.8329,False,False,False,{'playlist': 'ecstatic'},{'playlist': 'моя экстравагантная плейлист'}
test_397,"Пожалуйста, найди песню The Mad Magician .",SearchCreativeWork,SearchCreativeWork,True,0.9795,False,False,False,"{'object_type': 'песню', 'object_name': 'The Mad Magician'}","{'object_name': 'The Mad Magician', 'object_type': 'песня'}"
test_398,Проверь расписание кинотеатров Bow Tie Cinemas .,SearchScreeningEvent,SearchCreativeWork,False,0.9024,False,False,False,"{'object_type': 'расписание', 'location': 'Bow Tie Cinemas'}","{'object_name': 'Bow Tie Cinemas', 'object_type': 'кинотеатры', 'search': 'списание'}"
test_399,Забронируй мне столик на вечеринку из 3 человек в пабе на Северных Марианских островах,BookRestaurant,BookRestaurant,True,0.944,False,False,False,"{'party_size_number': '3', 'restaurant_type': 'пабе', 'location': 'Северных Марианских островах'}","{'party_size_description': 'из 3 человек', 'facility': 'паб', 'location': 'Северные Марианские острова', 'party_size_number': '3'}"
test_400,Мне нужно добавить в текущий список Infinite Indie Folk произведения Рахим Шаха,AddToPlaylist,AddToPlaylist,True,0.9511,False,False,False,"{'reference': 'текущий', 'playlist': 'Infinite Indie Folk', 'artist': 'Рахим Шаха'}","{'entity_name': 'Infinite Indie Folk', 'music_item': 'Рахим Шах', 'playlist': 'текущий'}"
test_401,Добавь Джерри Каллиста-младшего в мой плейлист Te quiero.,AddToPlaylist,AddToPlaylist,True,0.9262,False,False,False,"{'artist': 'Джерри Каллиста - младшего', 'reference': 'мой', 'playlist': 'Te quiero.'}","{'artist': 'Джерри Каллиста-младший', 'playlist': 'мой плейлист', 'reference': 'Te quiero'}"
test_402,Насколько холоднее будет недалеко от Юты около 3 часов утра?,weather/find,weather/find,True,0.9572,False,False,True,"{'condition_temperature': 'холоднее', 'location': 'недалеко | Юты', 'datetime': '3 часов утра'}","{'datetime': 'около 3 часов утра', 'location': 'Юта', 'weather/attribute': 'холоднее', 'weather/temperatureUnit': 'градусах Цельсия'}"
test_403,Добавь альбом в плейлист Hipster Soul.,AddToPlaylist,AddToPlaylist,True,0.9847,False,False,False,"{'music_item': 'альбом', 'playlist': 'Hipster Soul.'}","{'playlist': 'Hipster Soul', 'music_item': 'альбом'}"
test_404,Через тринадцать часов я хочу отведать деликатесы восточноевропейской кухни,BookRestaurant,BookRestaurant,True,0.8952,False,False,True,"{'datetime': 'Через тринадцать часов', 'restaurant_type': 'деликатесы', 'cuisine': 'восточноевропейской'}","{'party_size_description': 'один', 'party_size_number': '1', 'datetime': 'через тринадцать часов', 'cuisine': 'восточноевропейская кухня', 'restaurant_name': 'не указан', 'restaurant_type': 'деликатес'}"
test_405,включи саундтрек шестидесятых,PlayMusic,weather/find,False,0.9429,False,False,False,"{'music_item': 'саундтрек', 'datetime': 'шестидесятых'}","{'weather/attribute': 'жарко', 'datetime': 'на следующей неделе', 'location': 'Сан - Паулу', 'weather/temperatureUnit': 'градусах Цельсия', 'weather/soundtrack': 'саундтрек шестидесятых'}"
test_406,Поставь этому альбому одну звезду,RateBook,AddToPlaylist,False,0.8654,False,False,False,"{'object_select': 'этому', 'object_type': 'альбому', 'rating_value': 'одну', 'rating_unit': 'звезду'}","{'music_item': 'альбом', 'playlist': 'с одной звездой'}"
test_407,Включи лучшую музыку Брайана Маклина .,PlayMusic,PlayMusic,True,0.8935,False,False,False,"{'sort': 'лучшую', 'artist': 'Брайана Маклина'}","{'artist': 'Брайан Маклин', 'service': 'Spotify', 'playlist': 'лучшие треки Брайана Маклина'}"
test_408,какой прогноз погоды в Никодиме и окрестностях,weather/find,weather/find,True,0.947,False,False,False,{'location': 'Никодиме | окрестностях'},{'location': 'Никодим и окрестности'}
test_409,Найди игру под названием Phinally Phamous,SearchCreativeWork,SearchCreativeWork,True,0.9932,False,False,False,"{'object_type': 'игру', 'object_name': 'Phinally Phamous'}",{'object_name': 'Phinally Phamous'}
test_410,Поставь оценку 2 Juneteenth .,RateBook,RateBook,True,0.8738,False,False,False,"{'rating_value': '2', 'object_name': 'Juneteenth'}","{'rating_value': '2', 'object_name': 'Juneteenth', 'object_type': 'book', 'rating_unit': 'из 5 звезд'}"
test_411,Поставь ноль звезд Rhialto the Marvellous,RateBook,unknown,False,0.7243,False,False,False,"{'rating_value': 'ноль', 'rating_unit': 'звезд', 'object_name': 'Rhialto the Marvellous'}",{}
test_412,Я хочу послушать саундтрек на Ютубе от Helena Iren Michaelsen,PlayMusic,none,False,0.9214,True,False,False,"{'music_item': 'саундтрек', 'service': 'Ютубе', 'artist': 'Helena Iren Michaelsen'}",{}
test_413,забронируй столик на 1/20/2023 на 5 человек в MH,BookRestaurant,BookRestaurant,True,0.7738,False,False,False,"{'datetime': '1/20/2023', 'party_size_number': '5', 'location': 'MH'}","{'facility': 'столик', 'datetime': '1/20/2023', 'party_size_description': '5 человек', 'restaurant_name': 'MH'}"
test_414,расписание сеансов анимационных фильмов рядом,SearchScreeningEvent,SearchCreativeWork,False,0.9363,False,False,False,"{'object_type': 'расписание сеансов', 'movie_type': 'анимационных фильмов', 'location': 'рядом'}","{'object_name': 'расписание сеансов анимационных фильмов', 'object_type': 'расписание сеансов'}"
test_415,Добавь jack white в мой плейлист This Is Shakira,AddToPlaylist,AddToPlaylist,True,0.926,False,False,False,"{'artist': 'jack white', 'reference': 'мой', 'playlist': 'This Is Shakira'}","{'artist': 'Jack White', 'playlist': 'This Is Shakira', 'music_item': 'false', 'service': 'false', 'sort': 'false', 'track': 'false'}"
test_416,Я хочу забронировать ресторан на пять человек на Шри-Ланке .,BookRestaurant,BookRestaurant,True,0.9677,False,False,False,"{'restaurant_type': 'ресторан', 'party_size_number': 'пять', 'location': 'Шри - Ланке'}","{'party_size_description': 'пять человек', 'party_size_number': '5', 'location': 'Шри-Ланка'}"
test_481,Включи британский блюз .,PlayMusic,PlayMusic,True,0.8621,False,False,True,{'genre': 'британский блюз'},"{'artist': 'британский блюз', 'music_item': 'блюз', 'service': 'воспроизведение музыки', 'genre': 'британский блюз', 'sort': 'по популярности'}"
test_162,Сколько снега прогнозируется?,weather/find,weather/find,True,0.9093,False,False,False,{'weather/attribute': 'снега'},"{'weather/attribute': 'сколько снега', 'location': 'Сан - Паулу'}"
test_163,на улице жарко,weather/find,weather/find,True,0.9598,False,False,False,"{'location': 'улице', 'weather/attribute': 'жарко'}","{'weather/attribute': 'на улице', 'datetime': 'на следующей неделе', 'location': 'Сан - Паулу', 'weather/temperatureUnit': 'градусах Цельсия'}"
test_164,Какая температура будет сегодня?,weather/find,weather/find,True,0.8947,False,False,False,"{'weather/attribute': 'температура', 'datetime': 'сегодня'}","{'datetime': 'сегодня', 'location': 'Текущий местоположение'}"
test_165,какая погода будет завтра в Далласе,weather/find,weather/find,True,0.9919,False,False,False,"{'datetime': 'завтра', 'location': 'Далласе'}","{'datetime': 'завтра', 'location': 'Даллас'}"
test_166,Покажи мне все текущие напоминания на сегодня,reminder/show_reminders,reminder/show_reminders,True,0.931,False,False,False,"{'reference': 'все текущие', 'datetime': 'сегодня'}","{'datetime': 'сегодня', 'reference': 'текущие'}"
test_167,Установи еженедельное напоминание о покупках.,reminder/set_reminder,reminder/set_reminder,True,0.9488,False,False,False,"{'recurring_datetime': 'еженедельное', 'reminder/todo': 'покупках'}","{'datetime': 'еженедельно', 'reference': 'покупки', 'reminder/todo': 'напоминание'}"
test_168,погода,weather/find,weather/find,True,0.9733,False,False,False,{},"{'datetime': 'на следующей неделе', 'location': 'Сан - Паулу', 'weather/temperatureUnit': 'градусах Цельсия'}"
test_169,Будет ли идти весь день дождь?,weather/find,weather/find,True,0.939,False,False,False,"{'datetime': 'весь день', 'weather/attribute': 'дождь'}","{'datetime': 'весь день', 'location': 'Сан - Паулу', 'weather/attribute': 'дождь'}"
test_170,завтра будет дождь,weather/find,weather/find,True,0.9735,False,False,False,"{'datetime': 'завтра', 'weather/attribute': 'дождь'}","{'datetime': 'завтра', 'weather/attribute': 'дождь'}"
test_171,Напомни мне ответить на рабочие письма сегодня вечером,reminder/set_reminder,none,False,0.0,True,False,False,"{'reminder/todo': 'ответить на рабочие письма', 'datetime': 'сегодня вечером'}",{}
test_172,Удали будильники,alarm/cancel_alarm,alarm/cancel_alarm,True,0.9069,False,False,False,{},"{'datetime': 'на следующую неделю', 'reference': 'будильники'}"
test_173,Отмени текущие будильники,alarm/cancel_alarm,alarm/cancel_alarm,True,0.8135,False,False,False,{'reference': 'текущие'},{'datetime': 'текущий'}
test_215,Могу ли я надеть сегодня шорты?,weather/find,unknown,False,0.8377,False,False,False,"{'datetime': 'сегодня', 'weather/attribute': 'шорты'}",{}
test_203,Завтра будет дождь?,weather/find,weather/find,True,0.9577,False,False,False,"{'datetime': 'Завтра', 'weather/attribute': 'дождь'}","{'datetime': 'завтра', 'location': 'Сан - Паулу'}"
test_176,Установи будильник на 10 утра,alarm/set_alarm,alarm/set_alarm,True,0.9499,False,False,False,{'datetime': '10 утра'},"{'datetime': '10 утра', 'reference': 'будильник'}"
test_177,Будет ли на этой недели дождь?,weather/find,weather/find,True,0.9397,False,False,False,"{'weather/attribute': 'дождь', 'datetime': 'этой недели'}","{'datetime': 'на этой неделе', 'location': 'Сан - Паулу'}"
test_237,покажи все напоминания,reminder/show_reminders,none,False,0.0,True,False,False,{'reference': 'все'},{}
test_179,отмени будильники,alarm/cancel_alarm,reminder/cancel_reminder,False,0.9189,False,False,False,{},"{'datetime': 'на следующую неделю', 'reference': 'будильники'}"
test_180,отключи все будильники,alarm/cancel_alarm,alarm/cancel_alarm,True,0.9105,False,False,False,{'reference': 'все'},"{'datetime': 'все', 'reference': 'будильники'}"
test_181,покажи все предустановленные будильники,alarm/show_alarms,alarm/show_alarms,True,0.7883,False,False,False,{'reference': 'все'},{}
test_182,Установи будильник на каждую минуту в течение 20 минут.,alarm/set_alarm,alarm/set_alarm,True,0.9211,False,False,False,{'recurring_datetime': 'каждую минуту в течение 20 минут'},"{'datetime': 'каждые минуты в течение 20 минут', 'reference': 'будильник'}"
test_183,Какие у меня напоминания?,reminder/show_reminders,none,False,0.0,True,False,False,{'reference': 'меня'},{}
test_184,отмени будильник на завтра,alarm/cancel_alarm,reminder/set_reminder,False,0.9498,False,False,False,{'datetime': 'завтра'},"{'datetime': 'на завтра', 'reference': 'будильник'}"
test_185,мне нужен зонт сегодня?,weather/find,weather/find,True,0.8802,False,False,False,"{'weather/attribute': 'зонт', 'datetime': 'сегодня'}","{'weather/attribute': 'нужен зонт', 'datetime': 'сегодня', 'location': 'текущий местоположение'}"
test_186,сегодня будет снег?,weather/find,weather/find,True,0.9553,False,False,False,"{'datetime': 'сегодня', 'weather/attribute': 'снег'}","{'datetime': 'сегодня', 'location': 'Сан - Паулу', 'weather/attribute': 'снег'}"
test_187,Напомни мне позвонить маме сегодня вечером,reminder/set_reminder,reminder/set_reminder,True,0.9397,False,False,False,"{'reminder/todo': 'позвонить маме', 'datetime': 'сегодня вечером'}","{'datetime': 'сегодня вечером', 'reference': 'позвонить маме', 'reminder/todo': 'позвонить маме'}"
test_188,сегодня будет дождь,weather/find,weather/find,True,0.9743,False,False,False,"{'datetime': 'сегодня', 'weather/attribute': 'дождь'}","{'datetime': 'сегодня', 'weather/attribute': 'дождь'}"
test_189,В субботу будет дождь?,weather/find,weather/find,True,0.9379,False,False,False,"{'datetime': 'субботу', 'weather/attribute': 'дождь'}","{'datetime': 'в субботу', 'location': 'Сан - Паулу', 'weather/attribute': 'дождь'}"
test_190,Будете ли вы ставить будильник каждую минуту в течение 20 минут?,alarm/set_alarm,alarm/set_alarm,True,0.926,False,False,False,{'recurring_datetime': 'каждую минуту в течение 20 минут'},"{'datetime': 'кажую минуту в течение 20 минут', 'reference': 'будильник'}"
test_191,Тропические штормы в Карибском море,weather/find,weather/find,True,0.9559,False,False,False,"{'weather/attribute': 'Тропические штормы', 'location': 'Карибском море'}","{'weather/attribute': 'тропические штормы', 'location': 'Карибское море'}"
test_234,отмени все будильники,alarm/cancel_alarm,alarm/cancel_alarm,True,0.9131,False,False,False,{'reference': 'все'},"{'datetime': 'все', 'reference': 'будильники'}"
test_193,Установи будильник на каждые девять минут.,alarm/set_alarm,alarm/set_alarm,True,0.9488,False,False,False,{'recurring_datetime': 'каждые девять минут'},"{'datetime': 'каждые девять минут', 'reference': 'будильник'}"
test_194,Удали два последних напоминания в моем списке,reminder/cancel_reminder,reminder/cancel_reminder,True,0.798,False,False,False,{'reference': 'два последних'},{'reminder/todo': 'два последних'}
test_195,какая сегодня погода,weather/find,weather/find,True,0.9151,False,False,False,{'datetime': 'сегодня'},"{'datetime': 'сегодня', 'location': 'текущий местоположение'}"
test_196,включи текущий будильник,alarm/set_alarm,alarm/show_alarms,False,0.7714,False,False,False,{'reference': 'текущий'},{}
test_223,Какая сегодня влажность?,weather/find,weather/find,True,0.932,False,False,False,"{'datetime': 'сегодня', 'weather/attribute': 'влажность'}","{'weather/attribute': 'влажность', 'datetime': 'сегодня', 'location': 'Сан - Паулу'}"
test_198,напомни мне установить будильник для подъема,reminder/set_reminder,alarm/set_alarm,False,0.7784,False,False,False,{'reminder/todo': 'установить будильник для подъема'},"{'datetime': 'на следующую дату', 'reference': 'подъем', 'recurring_datetime': 'каждую следующую неделя'}"
test_199,Будет ли в эти выходные снег?,weather/find,weather/find,True,0.9694,False,False,False,"{'datetime': 'эти выходные', 'weather/attribute': 'снег'}","{'datetime': 'эти выходные', 'location': 'Сан - Паулу', 'weather/attribute': 'снег'}"
test_232,Насколько жарко будет сегодня?,weather/find,weather/find,True,0.842,False,False,False,"{'weather/attribute': 'жарко', 'datetime': 'сегодня'}","{'datetime': 'сегодня', 'location': 'текущий'}"
test_201,На какое время установлен текущий будильник,alarm/show_alarms,alarm/show_alarms,True,0.94,False,False,False,{'reference': 'текущий'},{}
test_202,Какая сегодня погода?,weather/find,weather/find,True,0.8407,False,False,False,{'datetime': 'сегодня'},"{'datetime': 'сегодня', 'location': 'текущий'}"
test_203,Завтра будет дождь?,weather/find,weather/find,True,0.9577,False,False,False,"{'datetime': 'Завтра', 'weather/attribute': 'дождь'}","{'datetime': 'завтра', 'location': 'Сан - Паулу'}"
test_204,Отмени текущий будильник на 5:15 утра во вторник,alarm/cancel_alarm,alarm/set_alarm,False,0.9381,False,False,False,"{'reference': 'текущий', 'datetime': '5:15 утра во вторник'}","{'datetime': '5:15 утра во вторник', 'reference': 'текущий будильник'}"
test_205,отмени напоминание о сегодняшней вечерней игре,reminder/cancel_reminder,reminder/cancel_reminder,True,0.9069,False,False,False,"{'datetime': 'сегодняшней | вечерней', 'reminder/todo': 'игре'}","{'datetime': 'сегодня вечером', 'reminder/todo': 'текущая вечерняя игра'}"
test_206,Поставь будильник на 3 ночи,alarm/set_alarm,alarm/set_alarm,True,0.7801,False,False,False,{'datetime': '3 ночи'},{'datetime': '3 ночи'}
test_207,отмени все будильники на субботу,alarm/cancel_alarm,reminder/set_reminder,False,0.7969,False,False,False,"{'reference': 'все', 'datetime': 'субботу'}","{'datetime': 'на субботу', 'reference': 'будильники'}"
test_208,"мне нужно напоминание, чтобы забрать Лизу",reminder/set_reminder,reminder/set_reminder,True,0.7578,False,False,False,{'reminder/todo': 'забрать Лизу'},"{'datetime': 'насколько позже', 'reference': 'Лиза', 'reminder/todo': 'напоминание'}"
test_209,Какой сегодня максимум?,weather/find,weather/find,True,0.9641,False,False,False,"{'datetime': 'сегодня', 'weather/attribute': 'максимум'}","{'datetime': 'сегодня', 'weather/attribute': 'максимум'}"
test_210,Будет ли сегодня облачно в Гриндстоуне?,weather/find,weather/find,True,0.9831,False,False,False,"{'datetime': 'сегодня', 'weather/attribute': 'облачно', 'location': 'Гриндстоуне'}","{'datetime': 'сегодня', 'location': 'Гриндстоун'}"
test_211,Напомни мне позже,reminder/set_reminder,none,False,0.0,True,False,False,{'datetime': 'позже'},{}
test_212,какая сегодня погода во Франции,weather/find,weather/find,True,0.9879,False,False,False,"{'location': 'Франции', 'datetime': 'сегодня'}","{'datetime': 'сегодня', 'location': 'Франция'}"
test_213,Будет ли солнечно на вечеринке в субботу,weather/find,weather/find,True,0.91,False,False,False,"{'weather/attribute': 'солнечно', 'datetime': 'субботу'}","{'datetime': 'в субботу', 'location': 'вечеринка', 'weather/attribute': 'солнечно'}"
test_214,завтра пойдет дождь?,weather/find,weather/find,True,0.9597,False,False,False,"{'datetime': 'завтра', 'weather/attribute': 'дождь'}","{'datetime': 'завтра', 'location': 'Сан - Паулу'}"
test_215,Могу ли я надеть сегодня шорты?,weather/find,unknown,False,0.8377,False,False,False,"{'datetime': 'сегодня', 'weather/attribute': 'шорты'}",{}
test_216,Покажи текущее напоминание,reminder/show_reminders,reminder/show_reminders,True,0.9379,False,False,False,{'reference': 'текущее'},"{'datetime': 'текущее', 'reference': 'напоминание'}"
test_217,какой средний прогноз на сентябрь,weather/find,weather/find,True,0.9344,False,False,False,{'datetime': 'сентябрь'},"{'datetime': 'сентябрь', 'location': 'Сан - Паулу', 'weather/temperatureUnit': 'средний'}"
test_218,Сегодня холодно?,weather/find,weather/find,True,0.927,False,False,False,"{'datetime': 'Сегодня', 'weather/attribute': 'холодно'}","{'datetime': 'сегодня', 'location': 'ваш местоположение'}"
test_240,Отмени все напоминания,reminder/cancel_reminder,reminder/cancel_reminder,True,0.894,False,False,False,{'reference': 'все'},"{'datetime': 'на все', 'reference': 'все напоминания'}"
test_220,жарко?,weather/find,weather/find,True,0.9531,False,False,False,{'weather/attribute': 'жарко'},"{'weather/attribute': 'жарко', 'datetime': 'на следующую неделю', 'location': 'Сан - Паулу', 'weather/temperatureUnit': 'градусах Цельсия'}"
test_221,Поставь будильник на выходные в 2 часа дня,alarm/set_alarm,reminder/set_reminder,False,0.9246,False,False,False,{'recurring_datetime': 'выходные в 2 часа дня'},"{'datetime': 'в выходные в 2 часа дня', 'reference': 'будильник'}"
test_222,Поставь будильник на 2 утра,alarm/set_alarm,alarm/set_alarm,True,0.8033,False,False,False,{'datetime': '2 утра'},{'datetime': '2 утра'}
test_223,Какая сегодня влажность?,weather/find,weather/find,True,0.932,False,False,False,"{'datetime': 'сегодня', 'weather/attribute': 'влажность'}","{'weather/attribute': 'влажность', 'datetime': 'сегодня', 'location': 'Сан - Паулу'}"
test_224,покажи все текущие будильники,alarm/show_alarms,alarm/show_alarms,True,0.9756,False,False,False,{'reference': 'все текущие'},{}
test_225,Покажи мне все текущие напоминания,reminder/show_reminders,reminder/show_reminders,True,0.9216,False,False,False,{'reference': 'все текущие'},{}
test_234,отмени все будильники,alarm/cancel_alarm,alarm/cancel_alarm,True,0.9131,False,False,False,{'reference': 'все'},"{'datetime': 'все', 'reference': 'будильники'}"
test_227,Надвигается ли гроза в моем районе?,weather/find,weather/find,True,0.9457,False,False,False,"{'weather/attribute': 'гроза', 'location': 'моем районе'}","{'weather/attribute': 'гроза', 'location': 'мой район'}"
test_195,какая сегодня погода,weather/find,weather/find,True,0.9151,False,False,False,{'datetime': 'сегодня'},"{'datetime': 'сегодня', 'location': 'текущий местоположение'}"
test_229,удали последнее напоминание,reminder/cancel_reminder,weather/find,False,0.9757,False,False,False,{'reference': 'последнее'},"{'weather/attribute': 'жарко', 'datetime': 'на следующей неделе', 'location': 'Сан - Паулу', 'weather/temperatureUnit': 'градусах Цельсия'}"
test_230,Сколько времени осталость до будильника.,alarm/time_left_on_alarm,reminder/show_reminders,False,0.923,False,True,False,{},{'datetime': 'будильник'}
test_231,Отмени все текущие будильники на воскресенье.,alarm/cancel_alarm,alarm/snooze_alarm,False,0.9129,False,False,False,"{'reference': 'все текущие', 'datetime': 'воскресенье'}","{'datetime': 'воскресенье', 'reference': 'текущие будильники'}"
test_232,Насколько жарко будет сегодня?,weather/find,weather/find,True,0.842,False,False,False,"{'weather/attribute': 'жарко', 'datetime': 'сегодня'}","{'datetime': 'сегодня', 'location': 'текущий'}"
test_233,"Я бы хотел, чтобы ты создал новый будильник на завтрашнее утро в 8:45",alarm/set_alarm,alarm/set_alarm,True,0.9322,False,False,False,{'datetime': 'завтрашнее утро в 8:45'},"{'datetime': 'завтрашнее утро в 8:45', 'reference': 'будильник'}"
test_234,отмени все будильники,alarm/cancel_alarm,alarm/cancel_alarm,True,0.9131,False,False,False,{'reference': 'все'},"{'datetime': 'все', 'reference': 'будильники'}"
test_235,Пойдет ли снег сегодня?,weather/find,weather/find,True,0.937,False,False,False,"{'weather/attribute': 'снег', 'datetime': 'сегодня'}","{'datetime': 'сегодня', 'location': 'Сан - Паулу', 'weather/attribute': 'снег'}"
test_236,напомни мне купить лед,reminder/set_reminder,reminder/set_reminder,True,0.8282,False,False,False,{'reminder/todo': 'купить лед'},"{'datetime': 'когда бы ты хотел', 'reference': 'покупка льда', 'reminder/todo': 'купить'}"
test_237,покажи все напоминания,reminder/show_reminders,none,False,0.0,True,False,False,{'reference': 'все'},{}
test_245,покажи все будильники,alarm/show_alarms,alarm/show_alarms,True,0.9641,False,False,False,{'reference': 'все'},{}
test_239,Какая погода в Сан-Франциско?,weather/find,weather/find,True,0.9962,False,False,False,{'location': 'Сан - Франциско'},{'location': 'Сан-Франциско'}
test_240,Отмени все напоминания,reminder/cancel_reminder,reminder/cancel_reminder,True,0.894,False,False,False,{'reference': 'все'},"{'datetime': 'на все', 'reference': 'все напоминания'}"
test_241,Отмени напоминание о концерте,reminder/cancel_reminder,reminder/cancel_reminder,True,0.9725,False,False,False,{'reminder/todo': 'концерте'},{'reminder/todo': 'концерт'}
test_242,Отмени будильник на завтрашнее утро,alarm/cancel_alarm,alarm/set_alarm,False,0.9426,False,False,False,{'datetime': 'завтрашнее утро'},"{'datetime': 'на завтрашнее утро', 'reference': 'будильник'}"
test_243,будет ли дождь на этой недели,weather/find,weather/find,True,0.9625,False,False,False,"{'weather/attribute': 'дождь', 'datetime': 'этой недели'}","{'datetime': 'на этой неделе', 'weather/attribute': 'дождь'}"
test_244,Какая погода будет в среду для игры в гольф,weather/find,weather/find,True,0.9425,False,False,False,{'datetime': 'среду'},"{'datetime': 'среда', 'location': 'для игры в гольф'}"
test_245,покажи все будильники,alarm/show_alarms,alarm/show_alarms,True,0.9641,False,False,False,{'reference': 'все'},{}
test_246,отключи все будильники на завтра,alarm/cancel_alarm,reminder/cancel_reminder,False,0.9302,False,False,False,"{'reference': 'все', 'datetime': 'завтра'}","{'datetime': 'на завтра', 'reminder/todo': 'отключи все'}"
test_56,Установи будильник на 5 часов вечера сегодня,alarm/set_alarm,alarm/set_alarm,True,0.9639,False,False,False,{'datetime': '5 часов вечера сегодня'},"{'datetime': '5 часов вечера', 'reference': 'сегодня'}"
,поставь будильник на 7 утра на завтра,alarm/set_alarm,alarm/set_alarm,True,0.9051,False,False,False,{'datetime': '7 утра на завтра'},"{'datetime': '7 утра на завтра', 'reference': 'будильник'}"
test_249,Завтра будет солнечно?,weather/find,weather/find,True,0.9271,False,False,False,"{'datetime': 'Завтра', 'weather/attribute': 'солнечно'}","{'datetime': 'завтра', 'location': 'Сан - Паулу', 'weather/attribute': 'солнечно'}"
test_250,насколько жарко будет сегодня,weather/find,weather/find,True,0.9581,False,False,False,"{'weather/attribute': 'жарко', 'datetime': 'сегодня'}","{'datetime': 'сегодня', 'location': 'Сан - Паулу', 'weather/temperatureUnit': 'градусах Цельсия'}"
test_251,Поставь ноль звезд игре Halo: Призраки Оникса,RateBook,AddToPlaylist,False,0.8332,False,False,False,"{'rating_value': 'ноль', 'rating_unit': 'звезд', 'object_name': 'Halo: Призраки Оникса'}","{'music_item': 'Halo: Praying mantis', 'playlist': 'Zero Stars', 'service': 'Spotify'}"
,Включи музыку Джой Нило.,PlayMusic,PlayMusic,True,0.8669,False,False,False,{'artist': 'Джой Нило'},"{'artist': 'Джой Нило', 'music_item': 'включи музыку', 'service': 'воспроизведение музыки'}"
,"Пожалуйста, найди мне видеоигру под названием 20 часов в Америке.",SearchCreativeWork,SearchCreativeWork,True,0.9668,False,False,False,"{'object_type': 'видеоигру', 'object_name': '20 часов в Америке'}","{'object_name': '20 часов в Америке', 'object_type': 'игра'}"
test_254,Включи мой изобретательный плейлист,PlayMusic,none,False,0.0,True,False,False,{'playlist': 'изобретательный'},{}
test_255,Забронируй место на 9 в Термонте,BookRestaurant,none,False,0.0,True,False,False,"{'party_size_number': '9', 'location': 'Термонте'}",{}
test_256,Добавь эту мелодию в плейлист вечеринок 80-х для Дорти,AddToPlaylist,AddToPlaylist,True,0.8973,False,False,False,"{'music_item': 'мелодию', 'playlist': 'вечеринок 80-х', 'reference': 'Дорти'}","{'playlist': 'вечеринок 80-х', 'music_item': 'мелодия Дорти', 'service': 'Spotify'}"
,Включи новейшую мелодию Эдди Винсона на Last Fm.,PlayMusic,PlayMusic,True,0.9052,False,False,False,"{'sort': 'новейшую', 'music_item': 'мелодию', 'artist': 'Эдди Винсона', 'service': 'Last Fm'}","{'service': 'Last Fm', 'artist': 'Эдди Винсон', 'music_item': 'новейшая мелодия', 'playlist': 'Last Fm'}"
,Проверь прогноз для Небраски.,weather/find,weather/find,True,0.9791,False,False,False,{'location': 'Небраски'},{'location': 'Небраска'}
,В Северной Каролине сейчас шторм?,weather/find,weather/find,True,0.9687,False,False,True,"{'location': 'Северной Каролине', 'datetime': 'сейчас', 'condition_description': 'шторм'}","{'datetime': 'сейчас', 'location': 'Северная Каролина'}"
,Я хочу послушать миньон 1988 года.,PlayMusic,PlayMusic,True,0.9238,False,False,False,"{'music_item': 'миньон', 'datetime': '1998 года'}","{'music_item': 'миньон 1988 года', 'service': 'послушать'}"
test_261,Мне нужно время спектакля A Yiddish World Remembered в театрах Дипсон,SearchScreeningEvent,BookRestaurant,False,0.8401,False,False,False,"{'object_type': 'время', 'movie_name': 'A Yiddish World Remembered', 'location': 'театрах Дипсон'}","{'restaurant_name': 'театры Дипсон', 'party_size_description': 'спектакль A Yiddish World Remembered', 'party_size_number': '1', 'datetime': 'на следующую дату'}"
test_262,Поставь текущему учебнику 1 из 6,RateBook,AddToPlaylist,False,0.8777,False,False,False,"{'object_select': 'текущему', 'object_type': 'учебнику', 'rating_value': '1', 'best_rating': '6'}","{'playlist': 'Текущий учебник 1 из 6', 'service': 'воспроизведение музыки'}"
test_263,Добавь мелодию Мэтта Мерфи в плейлист  Flow Español.,AddToPlaylist,AddToPlaylist,True,0.9531,False,False,False,"{'music_item': 'мелодию', 'artist': 'Мэтта Мерфи', 'playlist': 'Flow Español.'}","{'artist': 'Мэтт Мерфи', 'playlist': 'Flow Español', 'music_item': 'мелодия Мэтта Мерфи'}"
,Я хочу забронировать суданский гастропаб поблизости в Техасе для 3 человек на 5/20/2025.,BookRestaurant,BookRestaurant,True,0.9086,False,False,True,"{'cuisine': 'суданский', 'restaurant_type': 'гастропаб', 'location': 'поблизости | Техасе', 'party_size_number': '3', 'datetime': '5/20/2025'}","{'cuisine': 'суданский', 'datetime': '5/20/2025', 'party_size_number': '3', 'location': 'Техас', 'restaurant_type': 'гастропаб', 'facility': 'поблизости'}"
test_265,Не мог бы ты найти телесериал The Approach,SearchCreativeWork,SearchCreativeWork,True,0.9875,False,False,False,"{'object_type': 'телесериал', 'object_name': 'The Approach'}","{'object_name': 'The Approach', 'object_type': 'телесериал'}"
test_266,Поставь этой хронике 2 балла.,RateBook,none,False,0.0,True,False,True,"{'object_select': 'этой', 'object_part_of_series_type': 'хронике', 'rating_value': '2'}",{}
test_267,Поставь The American Scene 2  из 6 звезд,RateBook,BookRestaurant,False,0.916,False,False,False,"{'object_name': 'The American Scene', 'rating_value': '2', 'best_rating': '6', 'rating_unit': 'звезд'}","{'restaurant_name': 'The American Scene', 'restaurant_type': '2 из 6 звезд', 'datetime': 'из 6'}"
test_268,Добавь Эмили Отем в мой плейлист Nação Reggae.,AddToPlaylist,AddToPlaylist,True,0.9779,False,False,False,"{'artist': 'Эмили Отем', 'reference': 'мой', 'playlist': 'Nação Reggae'}","{'artist': 'Эмили Отем', 'music_item': 'Nação Reggae', 'playlist': 'мой плейлист'}"
test_269,Я хочу забронировать еврейский ресторан в Гамбии .,BookRestaurant,BookRestaurant,True,0.9351,False,False,True,"{'cuisine': 'еврейский', 'restaurant_type': 'ресторан', 'location': 'Гамбии'}","{'cuisine': 'еврейский', 'location': 'Гамбия', 'restaurant_name': '', 'restaurant_type': '', 'served_dish': '', 'sort': ''}"
test_270,забронируй столик в ресторане Fried chicken,BookRestaurant,none,False,0.0,True,False,True,{'restaurant_name': 'ресторане Fried chicken'},{}
test_271,добавь we have a theme song для моего плейлиста House Afterwork,AddToPlaylist,AddToPlaylist,True,0.9075,False,False,False,"{'entity_name': 'we have a theme song', 'reference': 'моего', 'playlist': 'House Afterwork'}","{'playlist': 'House Afterwork', 'music_item': 'theme song', 'service': 'House'}"
test_272,Какая погода будет недалеко отсюда девятнадцатого октября 2026 года?,weather/find,weather/find,True,0.9484,False,False,False,"{'location': 'недалеко отсюда', 'datetime': 'девятнадцатого октября 2026 года'}","{'datetime': 'девятнадцатого октября 2026 года', 'location': 'недалеко отсюда'}"
,Погода в Урюпинске Россия на 12/26/2018,weather/find,weather/find,True,0.9854,False,False,False,"{'location': 'Урюпинске | Россия', 'datetime': '12/26/2018'}","{'datetime': '12/26/2018', 'location': 'Урюпинск, Россия'}"
,Я хочу забронировать ресторан для моего тестя и меня в Бакнере через год.,BookRestaurant,BookRestaurant,True,0.9301,False,False,True,"{'restaurant_type': 'ресторан', 'party_size_description': 'моего тестя и меня', 'location': 'Бакнере', 'datetime': 'через год'}","{'party_size_description': 'мой тесть и я', 'party_size_number': '2', 'datetime': 'через год', 'location': 'Бакнер', 'facility': 'ресторан'}"
test_275,Оцени эту книгу на 1,RateBook,RateBook,True,0.9635,False,False,False,"{'object_select': 'эту', 'object_type': 'книгу', 'rating_value': '1'}","{'rating_value': '1', 'object_name': 'книга'}"
test_276,добавь этого исполнителя в мой плейлист spotlight on country 2016,AddToPlaylist,AddToPlaylist,True,0.8735,False,False,False,"{'music_item': 'исполнителя', 'reference': 'мой', 'playlist': 'spotlight on country 2016'}","{'artist': 'исполнитель', 'playlist': 'my spotlight on country 2016', 'music_item': 'добавь'}"
test_277,Не мог бы ты найти фотографию Epic Conditions?,SearchCreativeWork,search/creativeWork,False,0.9428,False,False,False,"{'object_type': 'фотографию', 'object_name': 'Epic Conditions'}","{'object_name': 'Epic Conditions', 'object_type': 'фотография'}"
test_278,Включи rich sex на Iheart,PlayMusic,none,False,0.0,True,False,True,"{'track': 'rich sex', 'service': 'Iheart'}",{}
test_279,Играет ли Барток Великолепный в семь утра?,SearchScreeningEvent,PlayMusic,False,0.7867,False,False,False,"{'movie_name': 'Барток Великолепный', 'datetime': 'семь утра'}","{'artist': 'Барток', 'music_item': 'Великолепный', 'datetime': 'семь утра', 'service': 'время'}"
test_280,Включи что-нибудь на Zvooq,PlayMusic,weather/find,False,0.9588,False,False,False,{'service': 'Zvooq'},"{'weather/attribute': 'жарко', 'datetime': 'на следующую неделю', 'location': 'Сан-Паулу', 'weather/temperatureUnit': 'градусах Цельсия'}"
test_281,Позволь мне послушать музыку Криса Найта,PlayMusic,PlayMusic,True,0.8775,False,False,False,{'artist': 'Криса Найта'},"{'service': 'Крис Найт', 'music_item': 'музыка'}"
test_282,включи альбом Джилл Собул,PlayMusic,SearchCreativeWork,False,0.9194,False,False,True,"{'music_item': 'альбом', 'album': 'Джилл Собул'}",{'object_name': 'альбом Джилл Собул'}
test_283,Поставь четыре звезды The Broken Window,RateBook,BookRestaurant,False,0.8834,False,False,False,"{'rating_value': 'четыре', 'rating_unit': 'звезды', 'object_name': 'The Broken Window'}","{'cuisine': 'The Broken Window', 'party_size_description': '4', 'party_size_number': '4', 'restaurant_name': 'The Broken Window', 'restaurant_type': 'restaurant', 'sort': '4'}"
test_284,Расскажи мне прогноз на 6 утра в Татра-Национальном парке,weather/find,weather/find,True,0.9912,False,False,False,"{'datetime': '6 утра', 'location': 'Татра - Национальном парке'}","{'datetime': '6 утра', 'location': 'Татра-Национальный парк'}"
,"Пожалуйста, забронируй мне стол в кафе, где подают домашнее печенье.",BookRestaurant,BookRestaurant,True,0.9427,False,False,True,"{'restaurant_type': 'кафе', 'served_dish': 'домашнее печенье'}","{'cuisine': 'домашнее печенье', 'facility': 'кафе', 'restaurant_name': 'неизвестно', 'restaurant_type': 'неизвестно', 'served_dish': 'домашнее печенье', 'datetime': 'неизвестно', 'party_size_description': 'неизвестно', 'party_size_number': 'неизвестно', 'location': 'неизвестно'}"
,Оцени серию The Mystery of the Tolling Bell на 4 звезды.,RateBook,RateBook,True,0.9052,False,False,True,"{'object_part_of_series_type': 'серию', 'object_name': 'The Mystery of the Tolling Bell', 'rating_value': '4', 'rating_unit': 'звезды'}","{'object_name': 'The Mystery of the Tolling Bell', 'rating_value': '4', 'object_type': 'сериал'}"
test_287,Используй Groove Shark для воспроизведения музыки,PlayMusic,PlayMusic,True,0.9002,False,False,False,{'service': 'Groove Shark'},"{'service': 'Groove Shark', 'music_item': 'any music', 'playlist': 'any playlist', 'sort': 'any sort', 'track': 'any track'}"
,Проверь расписание сеансов Snowbound в ближайшем кинотеатре.,SearchScreeningEvent,SearchCreativeWork,False,0.8504,False,False,True,"{'movie_name': 'Snowbound', 'location': 'ближайшем', 'object_location_type': 'кинотеатре'}","{'object_name': 'Snowbound', 'object_type': 'фильм', 'service': 'кинотеатры', 'sort': 'привилегия'}"
test_289,Пожалуйста открой Zvooq,PlayMusic,AddToPlaylist,False,0.8751,False,False,False,{'service': 'Zvooq'},"{'service': 'Zvooq', 'playlist': 'Open Zvooq'}"
test_290,забронируй место на 1 человека в Town of Ramsgate in Merit,BookRestaurant,BookRestaurant,True,0.919,False,False,True,"{'party_size_number': '1', 'restaurant_name': 'Town of Ramsgate', 'location': 'Merit'}","{'party_size_description': '1 человек', 'party_size_number': '1', 'restaurant_name': 'Town of Ramsgate', 'restaurant_type': 'Merit', 'location': 'Town of Ramsgate'}"
,Будет ли Теория большого взрыва идти в 7 вечера?,SearchScreeningEvent,alarm/show_alarms,False,0.7516,False,False,False,"{'movie_name': 'Теория большого взрыва', 'datetime': '7 вечера'}",{'datetime': '7 вечера'}
,станет ли прохладнее в Кастерском национальном лесу в семь вечера,weather/find,weather/find,True,0.966,False,False,True,"{'condition_temperature': 'прохладнее', 'location': 'Кастерском национальном лесу', 'datetime': 'семь вечера'}","{'datetime': 'семь вечера', 'location': 'Кастерский национальный лес'}"
test_293,Я хочу послушать что-нибудь на Ютубе.,PlayMusic,PlayMusic,True,0.9443,False,False,False,{'service': 'Ютубе'},"{'service': 'Ютуб', 'music_item': 'что-то'}"
test_294,Найди игру Difficult Loves,SearchCreativeWork,SearchCreativeWork,True,0.9837,False,False,False,"{'object_type': 'игру', 'object_name': 'Difficult Loves'}","{'object_name': 'Difficult Loves', 'object_type': 'игра'}"
,Какой прогноз погоды на 20 февраля в Bothe-Napa Valley State Park?,weather/find,weather/find,True,0.9967,False,False,False,"{'datetime': '20 февраля', 'location': 'Bothe-Napa Valley State Park'}","{'datetime': '20 февраля', 'location': 'Bothe-Napa Valley State Park'}"
test_296,покажи мне расписание фильма The Great Gildersleeve возле кинотеатра,SearchScreeningEvent,SearchCreativeWork,False,0.9174,False,False,True,"{'object_type': 'расписание', 'movie_name': 'The Great Gildersleeve', 'object_location_type': 'кинотеатра'}","{'object_name': 'The Great Gildersleeve', 'object_type': 'фильм', 'service': 'кинотеатр', 'sort': 'дата'}"
test_297,Расскажи мне о прогнозе погоды в Гибсленде,weather/find,weather/find,True,0.9942,False,False,False,{'location': 'Гибсленде'},{'location': 'Гибсленд'}
test_298,Могу ли я узнать время сеансов в кинотеатрах по соседству?,SearchScreeningEvent,SearchCreativeWork,False,0.8957,False,False,False,"{'object_type': 'время сеансов', 'movie_type': 'кинотеатрах', 'location': 'по соседству'}","{'object_name': 'кинотеатры', 'object_type': 'по соседству', 'object_location_type': 'время сеансов'}"
test_299,Оцени Soul Music на 0 .,RateBook,unknown,False,0.7961,False,False,False,"{'object_name': 'Soul Music', 'rating_value': '0'}",{}
test_300,Забронируй столик на пять человек в татарской таверне в Сарджентсе,BookRestaurant,BookRestaurant,True,0.9015,False,False,True,"{'party_size_number': 'пять', 'cuisine': 'татарской', 'restaurant_type': 'таверне', 'location': 'Сарджентсе'}","{'cuisine': 'татарская', 'party_size_description': 'на пять человек', 'location': 'Сарджентс', 'restaurant_name': 'таверна', 'restaurant_type': 'татарская'}"
,Включи All Things Must Pass,PlayMusic,AddToPlaylist,False,0.8833,False,False,True,{'track': 'All Things Must Pass'},"{'music_item': 'All Things Must Pass', 'playlist': 'включи в плейлист'}"
test_302,Какой прогноз дождя в Южной Корее через час,weather/find,weather/find,True,0.9782,False,False,True,"{'condition_description': 'дождя', 'location': 'Южной Корее', 'datetime': 'час'}","{'datetime': 'через час', 'location': 'Южная Корея'}"
test_303,Забронируй место на 4 персоны в Оклахоме в South Street Diner,BookRestaurant,BookRestaurant,True,0.9114,False,False,True,"{'party_size_number': '4', 'location': 'Оклахоме', 'restaurant_name': 'South Street Diner'}","{'party_size_number': '4', 'facility': 'South Street Diner', 'location': 'Оклахома', 'party_size_description': 'место на 4 персоны'}"
,Включи музыку с Нетфликса.,PlayMusic,PlayMusic,True,0.8837,False,False,False,{'service': 'Нетфликса'},"{'service': 'Нетфликс', 'music_item': 'включи музыку'}"
,Я хочу увидеть Shattered Image,SearchScreeningEvent,SearchCreativeWork,False,0.97,False,False,False,{'movie_name': 'Shattered Image'},{'object_name': 'Shattered Image'}
test_306,Найди The Sound of One Hand Clapping,SearchCreativeWork,SearchCreativeWork,True,0.98,False,False,False,{'object_name': 'The Sound of One Hand Clapping'},{'object_name': 'The Sound of One Hand Clapping'}
test_307,Найди альбом Wolves Within,SearchCreativeWork,SearchCreativeWork,True,0.9935,False,False,False,"{'object_type': 'альбом', 'object_name': 'Wolves Within'}","{'object_name': 'Wolves Within', 'object_type': 'альбом'}"
test_308,в каком кинотеатре идет We Are Northern Lights,SearchScreeningEvent,SearchCreativeWork,False,0.9466,False,False,True,"{'object_location_type': 'кинотеатре', 'movie_name': 'We Are Northern Lights'}","{'object_name': 'We Are Northern Lights', 'object_type': 'кино'}"
test_309,Добавь our little corner of the world music from gilmore girls в мой плейлист The Funny Thing About Football Is.,AddToPlaylist,AddToPlaylist,True,0.9543,False,False,False,"{'entity_name': 'our little corner of the world music from gilmore girls', 'reference': 'мой', 'playlist': 'The Funny Thing About Football Is'}","{'playlist': 'our little corner of the world music from Gilmore Girls', 'music_item': 'The Funny Thing About Football Is'}"
test_317,Добавь новейшую песню Richard McNamara в плейлист Just Smile,AddToPlaylist,AddToPlaylist,True,0.9502,False,False,False,"{'music_item': 'песню', 'artist': 'Richard McNamara', 'playlist': 'Just Smile'}","{'artist': 'Richard McNamara', 'music_item': 'новейшая песня Richard McNamara', 'playlist': 'Just Smile'}"
test_318,насколько здесь будет холодно через секунду,weather/find,weather/find,True,0.9305,False,False,True,"{'location': 'здесь', 'condition_temperature': 'холодно', 'datetime': 'через секунду'}","{'datetime': 'через секунду', 'location': 'текущий местоположение'}"
test_319,Найди картинку с названием With You,SearchCreativeWork,SearchCreativeWork,True,0.9859,False,False,False,"{'object_type': 'картинку', 'object_name': 'With You'}",{'object_name': 'With You'}
test_320,Найди творческую работу Deadly Weapons,SearchCreativeWork,SearchCreativeWork,True,0.9827,False,False,False,{'object_name': 'Deadly Weapons'},{'object_name': 'Deadly Weapons'}
,Какая погода будет в ноябре в Брукниле?,weather/find,weather/find,True,0.9382,False,False,False,"{'datetime': 'ноябре', 'location': 'Брукниле'}","{'datetime': 'ноябрь', 'location': 'Брукнинл'}"
test_322,Забронируй столик в кафе на лапшу,BookRestaurant,BookRestaurant,True,0.8832,False,False,True,"{'restaurant_type': 'кафе', 'served_dish': 'лапшу'}","{'restaurant_name': 'кафе', 'cuisine': 'лапша', 'datetime': 'забронировать', 'party_size_description': 'только один', 'party_size_number': '1'}"
test_323,какой прогноз на Коста-Рике,weather/find,weather/find,True,0.9783,False,False,False,{'location': 'Коста - Рике'},{'location': 'Коста-Рика'}
test_324,Играет The Two Gladiators,SearchScreeningEvent,none,False,0.9462,True,False,False,{'movie_name': 'The Two Gladiators'},{}
test_325,какие фильмы в Star Theatres .,SearchScreeningEvent,SearchCreativeWork,False,0.9431,False,False,False,"{'movie_type': 'фильмы', 'location': 'Star Theatres'}","{'object_name': 'Star Theatres', 'object_type': 'кинотеатр'}"
test_326,Можешь пожалуйста найти мне сагу Harry Hood ?,SearchCreativeWork,SearchCreativeWork,True,0.9182,False,False,False,"{'object_type': 'сагу', 'object_name': 'Harry Hood'}","{'object_name': 'Harry Hood', 'object_type': 'саги'}"
test_327,добавь эту мелодию в мой плейлист Sleepify,AddToPlaylist,AddToPlaylist,True,0.9432,False,False,False,"{'music_item': 'мелодию', 'reference': 'мой', 'playlist': 'Sleepify'}","{'music_item': 'мелодия', 'playlist': 'плейлист Sleepify'}"
test_328,Заиграет ли Any Which Way You Can через 15 секунд,SearchScreeningEvent,reminder/set_reminder,False,0.7589,False,False,False,"{'movie_name': 'Any Which Way You Can', 'datetime': 'через 15 секунд'}","{'datetime': 'через 15 секунд', 'reference': 'Any Which Way You Can'}"
test_329,Включи музыку с E-type .,PlayMusic,PlayMusic,True,0.8757,False,False,False,{'artist': 'E-type'},"{'object_type': 'E-type', 'service': 'Spotify', 'sort': 'new releases', 'track': 'true', 'playlist': 'false', 'album': 'false', 'artist': 'false'}"
,Поставь одну звезду текущей книге,RateBook,AddToPlaylist,False,0.8598,False,False,False,"{'rating_value': 'одну', 'object_select': 'текущей', 'object_type': 'книге'}","{'music_item': 'текущая книга', 'playlist': 'язык'}"
test_331,Включи Another Passenger от Louis Nelson Delisle .,PlayMusic,AddToPlaylist,False,0.821,False,False,True,"{'album': 'Another Passenger', 'artist': 'Louis Nelson Delisle'}","{'entity_name': 'Another Passenger', 'artist': 'Louis Nelson Delisle', 'music_item': 'Another Passenger', 'playlist': 'Your Playlist Name'}"
test_332,Где я могу найти расписание фильмов,SearchScreeningEvent,SearchCreativeWork,False,0.8622,False,False,False,{'object_type': 'расписание фильмов'},"{'object_name': 'сcheduling', 'object_type': 'фильмы'}"
test_333,какой прогноз на сентябрь 26 в Эмерадо Сен-Пьер и Микелон,weather/find,weather/find,True,0.9801,False,False,False,"{'datetime': 'сентябрь 26', 'location': 'Эмерадо Сен - Пьер и Микелон'}","{'datetime': 'Сентябрь 26', 'location': 'Эмерадо Сен-Пьер и Микелон'}"
test_334,Давайте поедим рядом с Оукфилдом через пару минут в Ted Peters Famous Smoked Fish,BookRestaurant,BookRestaurant,True,0.8104,False,False,True,"{'location': 'рядом с | Оукфилдом', 'datetime': 'через пару минут', 'restaurant_name': 'Ted Peters Famous Smoked Fish'}","{'cuisine': 'Ted Peters Famous Smoked Fish', 'datetime': 'через пару минут', 'location': 'Оукфилд', 'restaurant_name': 'Ted Peters Famous Smoked Fish', 'restaurant_type': 'ресторан'}"
test_335,найди мне трейлер Good Morning Sunshine,SearchCreativeWork,SearchCreativeWork,True,0.9454,False,False,False,"{'object_type': 'трейлер', 'object_name': 'Good Morning Sunshine'}","{'object_name': 'Good Morning Sunshine', 'object_type': 'триллер'}"
test_336,Я хочу забронировать пивную на 3 человек на Нидерландских Антильских островах .,BookRestaurant,BookRestaurant,True,0.9588,False,False,False,"{'restaurant_type': 'пивную', 'party_size_number': '3', 'location': 'Нидерландских Антильских островах'}","{'party_size_number': '3', 'facility': 'пивная', 'location': 'Нидерландские Антильские острова'}"
test_337,оцени этот текущий альбом на 0 звезд,RateBook,RateBook,True,0.921,False,False,False,"{'object_select': 'этот текущий', 'object_type': 'альбом', 'rating_value': '0', 'rating_unit': 'звезд'}","{'rating_value': '0', 'object_name': 'текущий альбом', 'object_type': 'книга'}"
test_338,Хотели бы забронировать место в Монако в кофейне Yankee Doodle Coffee Shop,BookRestaurant,BookRestaurant,True,0.8196,False,False,True,"{'location': 'Монако', 'restaurant_name': 'Yankee Doodle Coffee Shop'}","{'restaurant_name': 'Yankee Doodle Coffee Shop', 'facility': 'Монако', 'cuisine': 'кофейна'}"
test_339,Добавь исполнителя в плейлист political punks.,AddToPlaylist,AddToPlaylist,True,0.9536,False,False,False,"{'music_item': 'исполнителя', 'playlist': 'political punks.'}","{'artist': 'political punks', 'playlist': 'political punks'}"
test_340,Будет ли холоднее через четыре месяца в Сувани AK,weather/find,weather/find,True,0.9522,False,False,True,"{'condition_temperature': 'холоднее', 'datetime': 'через четыре месяца', 'location': 'Сувани | AK'}","{'datetime': 'через четыре месяца', 'location': 'Сувани AK'}"
test_341,добавь  Muzika za decu в мой плейлист Crash Course,AddToPlaylist,AddToPlaylist,True,0.9168,False,False,False,"{'entity_name': 'Muzika za decu', 'reference': 'мой', 'playlist': 'Crash Course'}","{'playlist': 'Muzika za decu', 'entity_name': 'Crash Course'}"
test_342,Можешь поискать сагу Molecular Oncology ?,SearchCreativeWork,SearchCreativeWork,True,0.9483,False,False,False,"{'object_type': 'сагу', 'object_name': 'Molecular Oncology'}","{'object_name': 'Molecular Oncology', 'object_type': 'сагу'}"
test_343,Я хочу забронировать ресторан на шесть человек в Вагстаффе AK .,BookRestaurant,BookRestaurant,True,0.7704,False,False,False,"{'restaurant_type': 'ресторан', 'party_size_number': 'шесть', 'location': 'Вагстаффе | AK'}","{'party_size_number': 'шесть', 'facility': 'ресторан', 'location': 'Вагстафф', 'restaurant_name': 'AK'}"
test_344,Включи симфоническую музыку Дэвида Линдли .,PlayMusic,PlayMusic,True,0.9272,False,False,False,"{'music_item': 'симфоническую', 'artist': 'Дэвида Линдли'}","{'artist': 'Дэвид Линдли', 'music_item': 'симфоническая музыка', 'service': 'воспроизведение'}"
,"Пожалуйста, найди мне телесериал Now We Are Married .",SearchCreativeWork,SearchCreativeWork,True,0.9779,False,False,False,"{'object_type': 'телесериал', 'object_name': 'Now We Are Married'}","{'object_name': 'Now We Are Married', 'object_type': 'телесериал'}"
test_346,Я хочу посмотреть Outcast .,SearchScreeningEvent,PlayMusic,False,0.9109,False,False,False,{'movie_name': 'Outcast'},"{'music_item': 'Outcast', 'service': 'Spotify', 'playlist': 'None', 'sort': 'None', 'track': 'None', 'artist': 'None', 'album': 'None'}"
test_347,добавь текущий трек в мой плейлист This Is Tchaikovsky,AddToPlaylist,AddToPlaylist,True,0.9226,False,False,False,"{'music_item': 'трек', 'reference': 'мой', 'playlist': 'This Is Tchaikovsky'}","{'music_item': 'This Is Tchaikovsky', 'playlist': 'твой плейлист'}"
test_348,Включи This Is: Miles Davis на Lastfm .,PlayMusic,AddToPlaylist,False,0.9235,False,False,False,"{'playlist': 'This Is: Miles Davis', 'service': 'Lastfm'}","{'artist': 'Miles Davis', 'service': 'Lastfm', 'playlist': 'This Is: Miles Davis'}"
test_349,забронируй лучший столик в Танзании на 5 человек в кафе,BookRestaurant,BookRestaurant,True,0.7821,False,False,False,"{'sort': 'лучший', 'location': 'Танзании', 'party_size_number': '5', 'restaurant_type': 'кафе'}","{'party_size_description': '5 человек', 'party_size_number': '5', 'cuisine': 'лучший'}"
test_350,Давайте послушаем старого доброго Mohammad Mamlе на Vimeo .,PlayMusic,none,False,0.0,True,False,False,"{'sort': 'старого | доброго', 'artist': 'Mohammad Mamle', 'service': 'Vimeo'}",{}
test_351,Помести трек Vandemataram Srinivas в HipHop Hot 50 .,AddToPlaylist,none,False,0.0,True,False,False,"{'music_item': 'трек', 'artist': 'Vandemataram Srinivas', 'playlist': 'HipHop Hot 50'}",{}
test_352,Найди мне песню Secret South .,SearchCreativeWork,SearchCreativeWork,True,0.9881,False,False,False,"{'object_type': 'песню', 'object_name': 'Secret South'}","{'object_name': 'Secret South', 'object_type': 'песня'}"
test_353,песни девяностых на Zvooq,PlayMusic,PlayMusic,True,0.8803,False,False,False,"{'datetime': 'девяностых', 'service': 'Zvooq'}","{'service': 'Zvooq', 'genre': 'песни девяностых', 'playlist': 'песни девяностых'}"
test_354,"какой прогноз погоды в Admire в Техасе, начиная с пяти вечера",weather/find,weather/find,True,0.9684,False,False,False,"{'location': 'Admire | Техасе', 'datetime': 'пяти | вечера'}","{'datetime': 'пять вечера', 'location': 'Admire, Техас'}"
test_355,Включи что-нибудь на Last Fm,PlayMusic,none,False,0.0,True,False,False,{'service': 'Last Fm'},{}
,Я хочу посмотреть The Portrait of a Lady в ближайшем кинотеатре.,SearchScreeningEvent,SearchCreativeWork,False,0.9352,False,False,True,"{'movie_name': 'The Portrait of a Lady', 'location': 'ближайшем', 'object_location_type': 'кинотеатре'}","{'object_name': 'The Portrait of a Lady', 'object_type': 'кино', 'service': 'кинотеатры'}"
,Пожалуйста найди мне Phineas Redux.,SearchCreativeWork,SearchCreativeWork,True,0.9887,False,False,False,{'object_name': 'Phineas Redux'},{'object_name': 'Phineas Redux'}
test_358,Добавь мелодию 40 cal в плейлист laundry.,AddToPlaylist,AddToPlaylist,True,0.8207,False,False,False,"{'music_item': 'мелодию', 'artist': '40 cal', 'playlist': 'laundry'}","{'music_item': '40 cal', 'playlist': 'laundry', 'service': 'unknown'}"
,Открой itunes и включи Ben Burnley Ready To Die.,PlayMusic,none,False,0.0,True,False,True,"{'service': 'itunes', 'artist': 'Ben Burnley', 'album': 'Ready To Die'}",{}
,Какая погода будет около Памятника Лихула 5 декабря?,weather/find,weather/find,True,0.9683,False,False,False,"{'location': 'Памятника Лихула', 'datetime': '5 декабря'}","{'datetime': '5 декабря', 'location': 'Памятник Лихула'}"
,Покажи расписание Sexy Dance 2 в ближайшем кинотеатре.,SearchScreeningEvent,SearchCreativeWork,False,0.8591,False,False,True,"{'object_type': 'расписание', 'movie_name': 'Sexy Dance 2', 'location': 'ближайшем', 'object_location_type': 'кинотеатре'}","{'object_name': 'Sexy Dance 2', 'object_type': 'картинка', 'service': 'кинотеатры', 'sort': 'наступление'}"
,Найди песню с названием Live at the Kings Center.,SearchCreativeWork,SearchCreativeWork,True,0.9743,False,False,False,"{'object_type': 'песню', 'object_name': 'Live at the Kings Center'}",{'object_name': 'Live at the Kings Center'}
,"Какая погода в Тайонеке, Нью-Джерси?",weather/find,weather/find,True,0.9882,False,False,False,{'location': 'Тайонеке | Нью | - Джерси'},"{'location': 'Тайонек, Нью-Джерси'}"
test_364,Я хочу забронировать Tupelo Honey Cafe в Нью-Джерси для пяти человек.,BookRestaurant,BookRestaurant,True,0.9515,False,False,True,"{'restaurant_name': 'Tupelo Honey Cafe', 'location': 'Нью | - Джерси', 'party_size_number': 'пяти'}","{'cuisine': 'Tupelo Honey Cafe', 'party_size_description': 'пять человек', 'location': 'Нью-Джерси'}"
,Забронируй место для меня и моих племянниц в чайном домике.,BookRestaurant,BookRestaurant,True,0.9293,False,False,True,"{'party_size_description': 'меня и моих племянниц', 'restaurant_type': 'чайном домике'}","{'facility': 'чайный домик', 'party_size_description': 'я и моие племянницы', 'party_size_number': 'неизвестно', 'restaurant_name': 'неизвестно', 'restaurant_type': 'неизвестно', 'datetime': 'неизвестно', 'location': 'неизвестно'}"
,Будет ли жарко в Нидерландах 16 февраля?,weather/find,weather/find,True,0.9978,False,False,True,"{'condition_temperature': 'жарко', 'location': 'Нидерландах', 'datetime': '16 февраля'}","{'datetime': '16 февраля', 'location': 'Нидерланды'}"
,Я хотел бы добавить Jordan Rudess в плейлист Divertido para niños.,AddToPlaylist,AddToPlaylist,True,0.9691,False,False,False,"{'artist': 'Jordan Rudess', 'playlist': 'Divertido para niños'}","{'artist': 'Jordan Rudess', 'playlist': 'Divertido para crianças'}"
,Оцени In the Company of Cheerful Ladies на ноль из 6.,RateBook,RateBook,True,0.96,False,False,False,"{'object_name': 'In the Company of Cheerful Ladies', 'rating_value': 'ноль', 'best_rating': '6'}","{'object_name': 'In the Company of Cheerful Ladies', 'rating_value': '0', 'rating_unit': 'из 6'}"
test_112,Что такое суровый прогноз погода?,weather/find,weather/find,True,0.9126,False,False,False,{'weather/attribute': 'суровый'},{'weather/attribute': 'суровый'}
test_113,напомни мне о визите к врачу на следующей недели,reminder/set_reminder,reminder/set_reminder,True,0.9703,False,False,False,"{'reminder/todo': 'визите к врачу', 'datetime': 'на следующей недели'}","{'datetime': 'на следующей неделе', 'reference': 'визит к врачу'}"
test_114,поставь напоминание о походе в магазин в 8 утра,reminder/set_reminder,reminder/set_reminder,True,0.8998,False,False,False,"{'reminder/todo': 'походе в магазин', 'datetime': '8 утра'}","{'datetime': '8 утра', 'reference': 'похождение в магазин', 'reminder/todo': 'похождение в магазин'}"
test_115,Поставь напоминание о сдачи вещей в химчистку,reminder/set_reminder,reminder/set_reminder,True,0.9176,False,False,False,{'reminder/todo': 'сдачи вещей в химчистку'},"{'datetime': 'неопределено', 'reference': 'сдача вещей в химчистку', 'reminder/todo': 'напоминание'}"
test_116,когда похоладает?,weather/find,reminder/set_reminder,False,0.8881,False,False,False,{'weather/attribute': 'похоладает'},"{'datetime': 'когда похоладает', 'reference': 'похоладка', 'reminder/todo': 'похоладка'}"
test_243,будет ли дождь на этой недели,weather/find,weather/find,True,0.9625,False,False,False,"{'weather/attribute': 'дождь', 'datetime': 'этой недели'}","{'datetime': 'на этой неделе', 'weather/attribute': 'дождь'}"
test_118,удали все будильники,alarm/cancel_alarm,alarm/cancel_alarm,True,0.8652,False,False,False,{'reference': 'все'},"{'datetime': 'на все будильники', 'reference': 'все'}"
test_179,отмени будильники,alarm/cancel_alarm,reminder/cancel_reminder,False,0.9189,False,False,False,{},"{'datetime': 'на следующую неделю', 'reference': 'будильники'}"
test_120,покажи мне текущие будильники,alarm/show_alarms,alarm/show_alarms,True,0.9668,False,False,False,{'reference': 'текущие'},{}
test_121,На какое время у меня установлен будильник?,alarm/show_alarms,alarm/show_alarms,True,0.8914,False,False,False,{},"{'datetime': 'у меня установлен будильник', 'reference': 'ми'}"
test_189,В субботу пойдет дождь?,weather/find,weather/find,True,0.9336,False,False,False,{'datetime': 'субботу'},"{'datetime': 'в субботу', 'location': 'Сан - Паулу', 'weather/attribute': 'пойдет дождь'}"
test_123,насколько жарко сегодня будет,weather/find,weather/find,True,0.9624,False,False,False,"{'weather/attribute': 'жарко', 'datetime': 'сегодня'}","{'datetime': 'сегодня', 'location': 'Сан - Паулу', 'weather/temperatureUnit': 'градусах Цельсия'}"
test_124,Сбрось все будильники,alarm/cancel_alarm,alarm/snooze_alarm,False,0.8891,False,False,False,{'reference': 'все'},"{'datetime': 'на все будильники', 'reference': 'все будильники'}"
test_125,Погода в Тахо в эти выходных?,weather/find,weather/find,True,0.9844,False,False,False,"{'location': 'Тахо', 'datetime': 'эти выходные'}","{'datetime': 'эти выходные', 'location': 'Тахо'}"
test_126,Понадобится ли курта сегодня?,weather/find,weather/find,True,0.8666,False,False,False,"{'weather/attribute': 'куртка', 'datetime': 'сегодня'}","{'weather/attribute': 'понадобится курта', 'datetime': 'сегодня', 'location': 'ваш местоположение'}"
test_127,Когда дождь закончится?,weather/find,weather/find,True,0.9334,False,False,False,{'weather/attribute': 'дождь'},"{'weather/attribute': 'дождь', 'datetime': 'когда закончится'}"
test_128,Поставь напоминание позвонить в школу в понедельник в 4 часа дня,reminder/set_reminder,reminder/set_reminder,True,0.9524,False,False,False,"{'reminder/todo': 'позвонить в школу', 'datetime': 'понедельник в 4 часа дня'}","{'datetime': 'понедельник в 4 часа дня', 'reference': 'школа', 'reminder/todo': 'позвонить'}"
test_129,Выключи текущий будильник.,alarm/cancel_alarm,alarm/snooze_alarm,False,0.9017,False,False,False,{'reference': 'текущий'},{'datetime': 'текущий'}
test_130,Насколько холодно будет сегодня вечером?,weather/find,weather/find,True,0.9834,False,False,False,"{'weather/attribute': 'холодно', 'datetime': 'сегодня вечером'}","{'datetime': 'сегодня вечером', 'weather/temperatureUnit': 'градусах Цельсия'}"
,поставь будильник на 7 утра на завтра,alarm/set_alarm,alarm/set_alarm,True,0.9051,False,False,False,{'datetime': '7 утра на завтра'},"{'datetime': '7 утра на завтра', 'reference': 'будильник'}"
test_132,"Отмени текущее напоминание о том, чтобы забрать Роба",reminder/cancel_reminder,reminder/cancel_reminder,True,0.9519,False,False,False,"{'reference': 'текущее', 'reminder/todo': 'забрать Роба'}",{'reminder/todo': 'забрать Роба'}
test_133,Создай напоминание на завтра о покупке молока,reminder/set_reminder,reminder/set_reminder,True,0.9702,False,False,False,"{'datetime': 'завтра', 'reminder/todo': 'покупке молока'}","{'datetime': 'завтра', 'reference': 'покупка молока', 'reminder/todo': 'покупка молока'}"
test_134,поставь будильник на 6 вечера,alarm/set_alarm,alarm/set_alarm,True,0.8128,False,False,False,{'datetime': '6 вечера'},{'datetime': '6 вечера'}
test_135,запланируй ежедневный будильник на 7:30 вечера до удаления,alarm/set_alarm,alarm/set_alarm,True,0.9094,False,False,False,{'recurring_datetime': 'ежедневный | 7:30 вечера'},"{'datetime': '7:30 вечера', 'recurring_datetime': 'каждый день'}"
test_198,напомни мне поставить будильник для подъема,reminder/set_reminder,alarm/set_alarm,False,0.8327,False,False,False,{'reminder/todo': 'поставить будильник для подъема'},"{'datetime': 'на следующую дату', 'reference': 'подъем', 'recurring_datetime': 'каждую неделю'}"
test_137,Отмени текущее напоминание,reminder/cancel_reminder,reminder/cancel_reminder,True,0.9333,False,False,False,{'reference': 'текущее'},{'reminder/todo': 'текущее'}
test_235,Сегодня пойдет снег?,weather/find,weather/find,True,0.9175,False,False,False,"{'datetime': 'Сегодня', 'weather/attribute': 'снег'}","{'datetime': 'сегодня', 'location': 'ваш местоположение'}"
test_139,Покажи мне все будильники,alarm/show_alarms,alarm/show_alarms,True,0.9828,False,False,False,{'reference': 'все'},{}
test_237,покажи все напоминания,reminder/show_reminders,none,False,0.0,True,False,False,{'reference': 'все'},{}
test_141,сколько времени осталось до текущего будильника,alarm/time_left_on_alarm,alarm/time_left_on_alarm,True,0.9795,False,True,False,{'reference': 'текущего'},{'datetime': 'текущий будильник'}
test_142,поставь будильник на 2 часа,alarm/set_alarm,alarm/set_alarm,True,0.8328,False,False,False,{'datetime': '2 часа'},{'datetime': 'на 2 часа'}
test_143,Напомни мне купить хлеб после работы,reminder/set_reminder,reminder/set_reminder,True,0.9568,False,False,False,"{'reminder/todo': 'купить хлеб', 'datetime': 'после работы'}","{'datetime': 'после работы', 'reference': 'купить хлеб', 'reminder/todo': 'купить хлеб'}"
test_144,Сегодня будет дождь?,weather/find,weather/find,True,0.9296,False,False,False,"{'datetime': 'Сегодня', 'weather/attribute': 'дождь'}","{'datetime': 'сегодня', 'location': 'ваш местоположение'}"
test_145,прочитай прогноз погоды на сегодня,weather/find,weather/find,True,0.9226,False,False,False,{'datetime': 'сегодня'},"{'datetime': 'сегодня', 'location': 'ваш местоположение'}"
test_146,На какое время установлен текущий будильник?,alarm/show_alarms,alarm/show_alarms,True,0.9178,False,False,False,{'reference': 'текущий'},{'datetime': 'текущий'}
test_147,завтра в 4 напомни мне сходить в торговый центр,reminder/set_reminder,reminder/set_reminder,True,0.9219,False,False,False,"{'datetime': 'завтра в 4', 'reminder/todo': 'сходить в торговый центр'}","{'datetime': 'завтра в 4', 'reference': 'напомни мне сходить в торговый центр', 'reminder/todo': 'сходить в торговый центр'}"
test_148,сегодня мне понадобится зонт,weather/find,reminder/set_reminder,False,0.897,False,False,False,"{'datetime': 'сегодня', 'weather/attribute': 'зонт'}","{'datetime': 'сегодня', 'reference': 'нужен зонт', 'reminder/todo': 'потребность в зонт'}"
test_216,Покажи текущее напоминание,reminder/show_reminders,reminder/show_reminders,True,0.9379,False,False,False,{'reference': 'текущее'},"{'datetime': 'текущее', 'reference': 'напоминание'}"
test_237,покажи все напоминания,reminder/show_reminders,none,False,0.0,True,False,False,{'reference': 'все'},{}
test_151,Установи напоминание покормить собаку в понедельник.,reminder/set_reminder,reminder/set_reminder,True,0.9504,False,False,False,"{'reminder/todo': 'покормить собаку', 'datetime': 'понедельник'}","{'datetime': 'понедельник', 'reference': 'покормить собаку', 'reminder/todo': 'напоминание'}"
test_152,"Поставь напоминание ""Класс саб-йоги во вторник вечером в Bala"" на завтра",reminder/set_reminder,reminder/set_reminder,True,0.9592,False,False,False,"{'reminder/todo': 'Класс саб-йоги во вторник вечером в Bala', 'datetime': 'завтра'}","{'datetime': 'завтра', 'reference': 'Класс саб-йоги во вторник вечером в Bala', 'reminder/todo': 'напоминание'}"
test_153,Отмени все напоминания на сегодня,reminder/cancel_reminder,reminder/cancel_reminder,True,0.9591,False,False,False,"{'reference': 'все', 'datetime': 'сегодня'}","{'datetime': 'сегодня', 'reminder/todo': 'все напоминания'}"
test_154,Какая погода будет в Нью Йорке на этой недели,weather/find,weather/find,True,0.9656,False,False,False,"{'location': 'Нью Йорке', 'datetime': 'этой недели'}","{'datetime': 'на этой неделе', 'location': 'Нью Йорк'}"
test_155,напомни мне о визите к доктору в четверг в 12 часов дня,reminder/set_reminder,alarm/set_alarm,False,0.9564,False,False,False,"{'reminder/todo': 'визите к доктору', 'datetime': 'четверг в 12 часов дня'}","{'datetime': 'четверг в 12 часов дня', 'reference': 'визит к доктору'}"
test_156,Установи будильник на 6:50 вечера,alarm/set_alarm,alarm/set_alarm,True,0.7589,False,False,False,{'datetime': '6:50 вечера'},{'datetime': '6:50 вечера'}
test_235,Пойдет ли снег сегодня?,weather/find,weather/find,True,0.937,False,False,False,"{'weather/attribute': 'снег', 'datetime': 'сегодня'}","{'datetime': 'сегодня', 'location': 'Сан - Паулу', 'weather/attribute': 'снег'}"
test_158,Какие будильники установлены?,alarm/show_alarms,reminder/show_reminders,False,0.9194,False,False,False,{},{}
test_159,Установи напоминание на 7 октября,reminder/set_reminder,reminder/set_reminder,True,0.9662,False,False,False,{'datetime': '7 октября'},"{'datetime': '7 октября', 'reminder/todo': 'установить напоминание'}"
test_160,Будет ли сегодня снег?,weather/find,weather/find,True,0.8996,False,False,False,"{'datetime': 'сегодня', 'weather/attribute': 'снег'}","{'datetime': 'сегодня', 'location': 'ваш местоположение'}"
test_161,отложи будильник на 15 минут,alarm/snooze_alarm,reminder/set_reminder,False,0.9311,False,True,False,{'datetime': '15 минут'},"{'datetime': 'на 15 минут позже', 'reference': 'будильник'}"
test_237,покажи все напоминания,reminder/show_reminders,none,False,0.0,True,False,False,{'reference': 'все'},{}
test_2,Нужен ли мне свитер?,weather/find,unknown,False,0.85,False,False,False,{'weather/attribute': 'свитер'},{}
test_3,Добавь напоминание на сегодня на 4 часа дня,reminder/set_reminder,reminder/set_reminder,True,0.9445,False,False,False,{'datetime': 'сегодня на 4 часа дня'},"{'datetime': 'сегодня на 4 часа дня', 'reminder/todo': 'напоминание'}"
test_137,Отмени текущее напоминание,reminder/cancel_reminder,reminder/cancel_reminder,True,0.9333,False,False,False,{'reference': 'текущее'},{'reminder/todo': 'текущее'}
test_5,Напомни мне заправиться.,reminder/set_reminder,reminder/set_reminder,True,0.869,False,False,False,{'reminder/todo': 'заправиться'},"{'datetime': 'настоящий момент', 'reference': 'заправиться', 'reminder/todo': 'заправиться'}"
test_6,Нужен ли мне зонт в среду?,weather/find,reminder/set_reminder,False,0.9198,False,False,False,"{'weather/attribute': 'зонт', 'datetime': 'среду'}","{'datetime': 'среда', 'reference': 'нужен ли мне зонт', 'reminder/todo': 'да'}"
test_7,отложи будильники на 5 минут,alarm/snooze_alarm,reminder/set_reminder,False,0.9216,False,True,False,{'datetime': '5 минут'},"{'datetime': 'на 5 минут позже', 'reference': 'будильники'}"
test_8,поставь напоминание о дне рождения Макса,reminder/set_reminder,reminder/set_reminder,True,0.9487,False,False,False,{'reminder/todo': 'напоминание о дне рождения Макса'},"{'datetime': 'день рождения Макса', 'reference': 'день рождения Макса'}"
test_237,покажи все напоминания,reminder/show_reminders,none,False,0.0,True,False,False,{'reference': 'все'},{}
test_10,Покажи все будильники.,alarm/show_alarms,alarm/show_alarms,True,0.8271,False,False,False,{'reference': 'все'},{}
test_144,Сегодня будет дождь?,weather/find,weather/find,True,0.9296,False,False,False,"{'datetime': 'Сегодня', 'weather/attribute': 'дождь'}","{'datetime': 'сегодня', 'location': 'ваш местоположение'}"
test_12,Поставь будильник на 8 утра,alarm/set_alarm,alarm/set_alarm,True,0.9423,False,False,False,{'datetime': '8 утра'},"{'datetime': '8 утра', 'reference': 'будильник'}"
test_96,Какая сегодня температура?,weather/find,weather/find,True,0.8759,False,False,False,"{'datetime': 'сегодня', 'weather/attribute': 'температура'}","{'datetime': 'сегодня', 'location': 'Текущий местоположение'}"
test_216,Покажи текущее напоминание,reminder/show_reminders,reminder/show_reminders,True,0.9379,False,False,False,{'reference': 'текущее'},"{'datetime': 'текущее', 'reference': 'напоминание'}"
test_245,покажи все будильники,alarm/show_alarms,alarm/show_alarms,True,0.9641,False,False,False,{'reference': 'все'},{}
test_16,Напомни мне поговорить с Беном о Джорджии,reminder/set_reminder,reminder/set_reminder,True,0.9157,False,False,False,{'reminder/todo': 'поговорить с Беном о Джорджии'},"{'datetime': 'настоящая дата', 'reference': 'поговорить с Беном', 'reminder/todo': 'поговорить о Джорджии', 'weather/temperatureUnit': 'градусах Цельсия'}"
test_17,Поставь будильник на 5 утра,alarm/set_alarm,alarm/set_alarm,True,0.9314,False,False,False,{'datetime': '5 утра'},"{'datetime': '5 утра', 'reference': 'будильник'}"
test_18,сегодня пасмурно,weather/find,weather/find,True,0.9586,False,False,False,"{'datetime': 'сегодня', 'weather/attribute': 'пасмурно'}","{'datetime': 'сегодня', 'location': 'Сан - Паулу', 'weather/temperatureUnit': 'градусах Цельсия'}"
test_19,Сколько дюймов дождя выпадет сегодня?,weather/find,weather/find,True,0.861,False,False,False,"{'weather/attribute': 'дюймов дождя', 'datetime': 'сегодня'}","{'weather/attribute': 'дождь', 'datetime': 'сегодня', 'location': 'текущий'}"
test_20,Напомни мне позвонить сестре завтра,reminder/set_reminder,reminder/set_reminder,True,0.9455,False,False,False,"{'reminder/todo': 'позвонить сестре', 'datetime': 'завтра'}","{'datetime': 'завтра', 'reference': 'сестра', 'reminder/todo': 'позвонить'}"
test_21,выключи будильник,alarm/cancel_alarm,alarm/set_alarm,False,0.8117,False,False,False,{},"{'datetime': 'на следующую неделю', 'reference': 'будильник'}"
test_22,Будет ли жарко на этой неделе?,weather/find,weather/find,True,0.9727,False,False,False,"{'weather/attribute': 'жарко', 'datetime': 'этой неделе'}","{'datetime': 'на этой неделе', 'location': 'Сан - Паулу', 'weather/temperatureUnit': 'градусах Цельсия'}"
test_23,Поставь будильник на 3 часа дня,alarm/set_alarm,alarm/set_alarm,True,0.9519,False,False,False,{'datetime': '3 часа дня'},"{'datetime': '3 часа дня', 'reference': 'будильник'}"
test_61,сегодня будет снег,weather/find,weather/find,True,0.9825,False,False,False,"{'datetime': 'сегодня', 'weather/attribute': 'снег'}","{'datetime': 'сегодня', 'weather/attribute': 'снег'}"
test_118,удали все будильники,alarm/cancel_alarm,alarm/cancel_alarm,True,0.8652,False,False,False,{'reference': 'все'},"{'datetime': 'на все будильники', 'reference': 'все'}"
test_26,Покажи мне все напоминания,reminder/show_reminders,reminder/show_reminders,True,0.9482,False,False,False,{'reference': 'все'},{}
test_230,Сколько времени осталость до будильника.,alarm/time_left_on_alarm,reminder/show_reminders,False,0.923,False,True,False,{},{'datetime': 'будильник'}
test_183,Какие у меня напоминания?,reminder/show_reminders,none,False,0.0,True,False,False,{'reference': 'меня'},{}
test_29,Поставь ежедневный будильник на 8 утра,alarm/set_alarm,alarm/set_alarm,True,0.9444,False,False,False,{'recurring_datetime': 'ежедневный | 8 утра'},"{'datetime': '8 утра', 'reference': 'ежедневно'}"
test_30,можешь показать мне будильники?,alarm/show_alarms,alarm/show_alarms,True,0.7431,False,False,False,{},{}
test_31,В мире Диснея сегодня ожидаются бури?,weather/find,weather/find,True,0.9632,False,False,False,"{'location': 'В мире Диснея', 'datetime': 'сегодня', 'weather/attribute': 'бури'}","{'datetime': 'сегодня', 'location': 'мир Диснея'}"
test_61,сегодня будет снег,weather/find,weather/find,True,0.9825,False,False,False,"{'datetime': 'сегодня', 'weather/attribute': 'снег'}","{'datetime': 'сегодня', 'weather/attribute': 'снег'}"
test_245,покажи все будильники,alarm/show_alarms,alarm/show_alarms,True,0.9641,False,False,False,{'reference': 'все'},{}
test_218,Сегодня холодно?,weather/find,weather/find,True,0.927,False,False,False,"{'datetime': 'Сегодня', 'weather/attribute': 'холодно'}","{'datetime': 'сегодня', 'location': 'ваш местоположение'}"
test_35,Пожалуйста отмени будильник на утро четверга.,alarm/cancel_alarm,reminder/cancel_reminder,False,0.9488,False,False,False,{'datetime': 'утро четверга'},"{'datetime': 'утро четверга', 'reference': 'будильник'}"
test_144,Сегодня будет дождь?,weather/find,weather/find,True,0.9296,False,False,False,"{'datetime': 'Сегодня', 'weather/attribute': 'дождь'}","{'datetime': 'сегодня', 'location': 'ваш местоположение'}"
test_37,в Канаде идет снег,weather/find,weather/find,True,0.9385,False,False,False,"{'location': 'Канаде', 'weather/attribute': 'снег'}","{'location': 'Канада', 'weather/attribute': 'снег'}"
test_38,Какой максимум будет сегодня?,weather/find,weather/find,True,0.9599,False,False,False,"{'weather/attribute': 'максимум', 'datetime': 'сегодня'}","{'datetime': 'сегодня', 'location': 'Сан - Паулу', 'weather/temperatureUnit': 'градусах Цельсия'}"
test_39,"Выпадет ли сегодня вечером достаточно снега, чтобы сделать поездки опасными?",weather/find,weather/find,True,0.8494,False,False,False,"{'datetime': 'сегодня вечером', 'weather/attribute': 'снега'}","{'weather/attribute': 'снег', 'datetime': 'сегодня вечером', 'location': 'ваш город'}"
test_237,покажи все напоминания,reminder/show_reminders,none,False,0.0,True,False,False,{'reference': 'все'},{}
test_41,удали все напоминания,reminder/cancel_reminder,weather/find,False,0.9751,False,False,False,{'reference': 'все'},"{'datetime': 'на следующей неделе', 'location': 'Сан - Паулу', 'weather/temperatureUnit': 'градусах Цельсия'}"
test_42,понадобится лм мне завтра куртка?,weather/find,reminder/set_reminder,False,0.9523,False,False,False,"{'datetime': 'завтра', 'weather/attribute': 'куртка'}","{'datetime': 'завтра', 'reference': 'куртка', 'reminder/todo': 'понадобится'}"
test_43,Сколько времени осталось до будильника,alarm/time_left_on_alarm,alarm/time_left_on_alarm,True,0.9493,False,True,False,{},{'datetime': 'будильник'}
test_44,Останови будильник,alarm/snooze_alarm,alarm/set_alarm,False,0.7907,False,True,False,{},"{'datetime': 'на следующую дату', 'reference': 'будильник'}"
test_139,Покажи мне все будильники,alarm/show_alarms,alarm/show_alarms,True,0.9828,False,False,False,{'reference': 'все'},{}
test_46,Какая погода в Йеллоустоуне?,weather/find,weather/find,True,0.9678,False,False,False,{'location': 'Йеллоустоуне'},{'location': 'Йеллоустоуне'}
test_202,Какая сегодня погода?,weather/find,weather/find,True,0.8407,False,False,False,{'datetime': 'сегодня'},"{'datetime': 'сегодня', 'location': 'текущий'}"
test_48,"Удали текущее напоминание о том, что завтра нужно забрать Патрика из школы.",reminder/cancel_reminder,reminder/cancel_reminder,True,0.9474,False,False,False,"{'reference': 'текущее', 'datetime': 'завтра', 'reminder/todo': 'забрать Патрика из школы'}","{'reminder/todo': 'забрать Патрика из школы', 'datetime': 'завтра'}"
test_49,"Напомни мне завта в это же время, записаться на прием к врачу",reminder/set_reminder,none,False,0.9025,True,False,False,"{'datetime': 'завтра в это же время', 'reminder/todo': 'записаться на прием к врачу'}",{}
test_50,Напомни мне отказаться от аренды,reminder/set_reminder,reminder/set_reminder,True,0.8845,False,False,False,{'reminder/todo': 'отказаться от аренды'},"{'datetime': 'сейчас', 'reference': 'аренда', 'reminder/todo': 'отказ от аренды'}"
test_51,когда закончится дождь?,weather/find,weather/find,True,0.9487,False,False,False,{'weather/attribute': 'дождь'},"{'datetime': 'когда закончится', 'location': 'Сан - Паулу', 'weather/attribute': 'дождь'}"
test_179,отмени будильники,alarm/cancel_alarm,reminder/cancel_reminder,False,0.9189,False,False,False,{},"{'datetime': 'на следующую неделю', 'reference': 'будильники'}"
test_53,Напомни мне позвонить Стефани во вторник,reminder/set_reminder,reminder/set_reminder,True,0.9568,False,False,False,"{'reminder/todo': 'позвонить Стефани', 'datetime': 'вторник'}","{'datetime': 'во вторник', 'reference': 'Стефани', 'reminder/todo': 'позвонить'}"
test_224,покажи все текущие будильники,alarm/show_alarms,alarm/show_alarms,True,0.9756,False,False,False,{'reference': 'все текущие'},{}
test_232,Насколько жарко сегодня будет?,weather/find,weather/find,True,0.823,False,False,False,"{'weather/attribute': 'жарко', 'datetime': 'сегодня'}","{'datetime': 'сегодня', 'location': 'текущий'}"
test_56,Установи будильник на 5 часов вечера сегодня,alarm/set_alarm,alarm/set_alarm,True,0.9639,False,False,False,{'datetime': '5 часов вечера сегодня'},"{'datetime': '5 часов вечера', 'reference': 'сегодня'}"
test_57,напомни мне сходить к врачу 21 августа в 3 часа дня,reminder/set_reminder,reminder/set_reminder,True,0.956,False,False,False,"{'reminder/todo': 'сходить к врачу', 'datetime': '21 августа в 3 часа дня'}","{'datetime': '21 августа в 3 часа дня', 'reference': 'сходить к врачу'}"
test_58,отмени текущее повторяющееся напоминание о приеме лекарств ежедневно в 7 утра,reminder/cancel_reminder,reminder/cancel_reminder,True,0.8007,False,False,False,"{'reminder/todo': 'приеме лекарств', 'recurring_datetime': 'ежедневно в 7 утра'}","{'reminder/todo': 'прием лекарств ежедневно в 7 утра', 'datetime': 'текущее'}"
test_59,когда по прогнозу будет дождь,weather/find,weather/find,True,0.9504,False,False,False,{'weather/attribute': 'дождь'},"{'weather/attribute': 'дождь', 'datetime': 'по прогнозу', 'location': 'Сан - Паулу', 'weather/temperatureUnit': 'градусах Цельсия'}"
test_60,На какое время установлен текущий будильник на завтрашнее утро?,alarm/show_alarms,alarm/show_alarms,True,0.9468,False,False,False,"{'reference': 'текущий', 'datetime': 'завтрашнее утро'}","{'datetime': 'на завтрашнее утро', 'reference': 'текущий будильник'}"
test_61,сегодня будет снег,weather/find,weather/find,True,0.9825,False,False,False,"{'datetime': 'сегодня', 'weather/attribute': 'снег'}","{'datetime': 'сегодня', 'weather/attribute': 'снег'}"
test_129,Выключи текущий будильник.,alarm/cancel_alarm,alarm/snooze_alarm,False,0.9017,False,False,False,{'reference': 'текущий'},{'datetime': 'текущий'}
test_234,отмени все будильники,alarm/cancel_alarm,alarm/cancel_alarm,True,0.9131,False,False,False,{'reference': 'все'},"{'datetime': 'все', 'reference': 'будильники'}"
test_64,напомни мне купить продукты,reminder/set_reminder,AddToPlaylist,False,0.882,False,False,False,{'reminder/todo': 'купить продукты'},"{'entity_name': 'продукты', 'playlist': 'покупка'}"
test_65,Мне нужен будильник на 9 утра для завтрака,alarm/set_alarm,alarm/set_alarm,True,0.9664,False,False,False,{'datetime': '9 утра'},"{'datetime': '9 утра', 'reference': 'завтрака'}"
test_66,установи напоминание о просмотре Колтс за час до начала игры,reminder/set_reminder,reminder/set_reminder,True,0.9293,False,False,False,"{'reminder/todo': 'просмотре Колтс', 'datetime': 'за час до начала игры'}","{'datetime': 'час до начала игры', 'reference': 'Колтс', 'reminder/todo': 'просмотр'}"
test_234,отмени все будильники,alarm/cancel_alarm,alarm/cancel_alarm,True,0.9131,False,False,False,{'reference': 'все'},"{'datetime': 'все', 'reference': 'будильники'}"
test_68,Отмени текущее третье напоминание в этом списке,reminder/cancel_reminder,reminder/cancel_reminder,True,0.9003,False,False,False,{'reference': 'текущее третье'},{'reminder/todo': 'текущее третье'}
test_87,установи будильник на 6 утра,alarm/set_alarm,alarm/set_alarm,True,0.7855,False,False,False,{'datetime': '6 утра'},{'datetime': '6 утра'}
test_70,Сейчас сбрось этот будильник и установи на 2 часа дня,alarm/cancel_alarm,alarm/set_alarm,False,0.7833,False,False,False,"{'datetime': 'Сейчас | 2 часа дня', 'reference': 'этот'}",{'datetime': '2 часа дня'}
test_71,Пойдет ли снег?,weather/find,weather/find,True,0.9821,False,False,False,{'weather/attribute': 'снег'},{'weather/attribute': 'снег'}
test_72,Напомни мне заплатить арендную плату.,reminder/set_reminder,reminder/set_reminder,True,0.8455,False,False,False,{'reminder/todo': 'заплатить арендную плату'},"{'datetime': 'настоящая дата', 'reference': 'арендная плата', 'reminder/todo': 'платить'}"
test_73,какой минимум на завтра,weather/find,reminder/set_reminder,False,0.8261,False,False,False,"{'weather/attribute': 'минимум', 'datetime': 'завтра'}","{'datetime': 'на завтра', 'reference': 'минимум', 'reminder/todo': 'на завтра'}"
test_74,cегодня будет солнечно?,weather/find,weather/find,True,0.9219,False,False,False,"{'datetime': 'сегодня', 'weather/attribute': 'солнечно'}","{'datetime': 'сегодня', 'location': 'Сан - Паулу', 'weather/attribute': 'солнечно'}"
test_84,Сколько у меня напоминаний на сегодня?,reminder/show_reminders,reminder/show_reminders,True,0.9412,False,False,False,{'datetime': 'сегодня'},"{'datetime': 'сегодня', 'reference': 'напоминания'}"
test_76,Какие у меня напоминание на завтра?,reminder/show_reminders,reminder/show_reminders,True,0.9544,False,False,False,"{'reference': 'меня', 'datetime': 'завтра'}",{'datetime': 'завтра'}
test_77,Отмени все текущие напоминания.,reminder/cancel_reminder,reminder/cancel_reminder,True,0.7561,False,False,False,{'reference': 'все текущие'},{'datetime': 'текущий'}
test_78,установи будильник на 6 утра на завтра,alarm/set_alarm,alarm/set_alarm,True,0.7623,False,False,False,{'datetime': '6 утра на завтра'},"{'datetime': '6 утра на завтра', 'reference': 'будильник'}"
test_79,Установи будильник на 30 минут,alarm/set_alarm,alarm/set_alarm,True,0.955,False,False,False,{'datetime': '30 минут'},"{'datetime': 'в 30 минут', 'reference': 'будильник'}"
test_80,Установи будильник на час вперед,alarm/set_alarm,alarm/set_alarm,True,0.9476,False,False,False,{'datetime': 'час вперед'},"{'datetime': 'час вперед', 'reference': 'будильник'}"
test_234,отмени все будильники,alarm/cancel_alarm,alarm/cancel_alarm,True,0.9131,False,False,False,{'reference': 'все'},"{'datetime': 'все', 'reference': 'будильники'}"
test_82,прогноз погоды в Лос Анджелесе,weather/find,weather/find,True,0.9763,False,False,False,{'location': 'Лос Анджелесе'},{'location': 'Лос Анджелес'}
test_234,отмени все будильники,alarm/cancel_alarm,alarm/cancel_alarm,True,0.9131,False,False,False,{'reference': 'все'},"{'datetime': 'все', 'reference': 'будильники'}"
test_84,Сколько у меня напоминаний на сегодня?,reminder/show_reminders,reminder/show_reminders,True,0.9412,False,False,False,{'datetime': 'сегодня'},"{'datetime': 'сегодня', 'reference': 'напоминания'}"
test_85,Напомни мне купить бумажные полотенца в магазине завтра,reminder/set_reminder,AddToPlaylist,False,0.9137,False,False,False,"{'reminder/todo': 'купить бумажные полотенца в магазине', 'datetime': 'завтра'}","{'entity_name': 'бумажные полотенца', 'datetime': 'завтра', 'service': 'магазин'}"
test_225,Покажи мне все текущие напоминания,reminder/show_reminders,reminder/show_reminders,True,0.9216,False,False,False,{'reference': 'все текущие'},{}
test_87,поставь будильник на 6 утра,alarm/set_alarm,alarm/set_alarm,True,0.9311,False,False,False,{'datetime': '6 утра'},"{'datetime': '6 утра', 'reference': 'будильник'}"
test_88,завтра будет снег,weather/find,weather/find,True,0.9713,False,False,False,"{'datetime': 'завтра', 'weather/attribute': 'снег'}","{'datetime': 'завтра', 'weather/attribute': 'снег'}"
test_89,удали текущий будильник на завтрашнее утро,alarm/cancel_alarm,alarm/snooze_alarm,False,0.9494,False,False,False,"{'reference': 'текущий', 'datetime': 'завтрашнее утро'}","{'datetime': 'на завтрашнее утро', 'reference': 'текущий будильник'}"
test_90,Установи будильник на полдень только по пондельникам.,alarm/set_alarm,reminder/set_reminder,False,0.7528,False,False,False,{'recurring_datetime': 'полдень только по понедельникам'},"{'datetime': 'полдень пондельников', 'reference': 'только по пондельникам', 'reminder/todo': 'будильник'}"
test_232,Насколько жарко будет сегодня?,weather/find,weather/find,True,0.842,False,False,False,"{'weather/attribute': 'жарко', 'datetime': 'сегодня'}","{'datetime': 'сегодня', 'location': 'текущий'}"
test_92,напомни мне установить будильники на утром,reminder/set_reminder,alarm/set_alarm,False,0.9204,False,False,False,"{'reminder/todo': 'установить будильники', 'datetime': 'утро'}","{'datetime': 'утром', 'reference': 'будильник'}"
test_118,удали все будильники,alarm/cancel_alarm,alarm/cancel_alarm,True,0.8652,False,False,False,{'reference': 'все'},"{'datetime': 'на все будильники', 'reference': 'все'}"
test_245,покажи все будильники,alarm/show_alarms,alarm/show_alarms,True,0.9641,False,False,False,{'reference': 'все'},{}
test_97,отключи будильник,alarm/cancel_alarm,alarm/set_alarm,False,0.7899,False,False,False,{},"{'datetime': 'на следующую неделю', 'reference': 'будильник'}"
test_96,Какая температура сегодня?,weather/find,weather/find,True,0.9589,False,False,False,"{'weather/attribute': 'температура', 'datetime': 'сегодня'}","{'datetime': 'сегодня', 'location': 'Сан - Паулу', 'weather/temperatureUnit': 'градусах Цельсия'}"
test_245,покажи все будильники,alarm/show_alarms,alarm/show_alarms,True,0.9641,False,False,False,{'reference': 'все'},{}
test_99,установи будильник на каждые 30 минут,alarm/set_alarm,alarm/set_alarm,True,0.9639,False,False,False,{'recurring_datetime': 'каждые 30 минут'},"{'datetime': 'каждые 30 минут', 'reference': 'будильник'}"
test_164,Какая температура будет сегодня?,weather/find,weather/find,True,0.8947,False,False,False,"{'weather/attribute': 'температура', 'datetime': 'сегодня'}","{'datetime': 'сегодня', 'location': 'Текущий местоположение'}"
test_101,будет ли жарко сегодня?,weather/find,weather/find,True,0.9569,False,False,False,"{'weather/attribute': 'жарко', 'datetime': 'сегодня'}","{'datetime': 'сегодня', 'location': 'Сан - Паулу', 'weather/temperatureUnit': 'градусах Цельсия'}"
test_214,завтра пойдет дождь?,weather/find,weather/find,True,0.9597,False,False,False,"{'datetime': 'завтра', 'weather/attribute': 'дождь'}","{'datetime': 'завтра', 'location': 'Сан - Паулу'}"
