id,text,true_intent,pred_intent,intent_correct,confidence,weak_by_conf,weak_intent_real,weak_slot_real,true_slots,pred_slots
test_500,"забронируй вечеринку в их кампусе, в том же районе, что и чурраскария",BookRestaurant,none,False,0.0,True,False,False,"{'location': 'их кампусе, | в том же районе,', 'restaurant_type': 'чурраскария'}",{}
test_499,Покажи мне фильмы в Харкинс Фитерс .,SearchScreeningEvent,SearchScreeningEvent,True,0.8873,False,False,False,"{'movie_type': 'фильмы', 'location': 'Харкинс Фитерс'}","{'location': 'Harkins Theater', 'object_type': 'фильмы'}"
test_498,Забронируй столик на девять персон в лучшем пабе около Танжера через шесть месяцев,BookRestaurant,BookRestaurant,True,0.9504,False,False,False,"{'party_size_number': 'девять', 'sort': 'лучшем', 'restaurant_type': 'пабе', 'location': 'около | Танжера', 'datetime': 'через шесть месяцев'}","{'datetime': 'шесть месяцев вперед', 'party_size_number': 'девять', 'sort': 'лучший', 'location': 'около | Танжер', 'restaurant_type': 'паб'}"
test_497,Найди ТВ сериал Парни из Джерси,SearchCreativeWork,SearchCreativeWork,True,0.958,False,False,False,"{'object_type': 'ТВ сериал', 'object_name': 'Парни из Джерси'}","{'object_type': 'ТВ сериал', 'object_name': 'Парни из Джерси'}"
test_496,Добавь этот альбом к Old School Death Metal,AddToPlaylist,AddToPlaylist,True,0.8887,False,False,False,"{'music_item': 'альбом', 'playlist': 'Old School Death Metal'}","{'music_item': 'Old School Death Metal', 'playlist': 'добавить к плейлисту'}"
test_495,"Забронируй номер в The Dome, в Эдинбурге, недалеко от Бруклона",BookRestaurant,BookRestaurant,True,0.9823,False,False,True,"{'restaurant_name': 'The Dome, в Эдинбурге', 'location': 'недалеко | Бруклона'}","{'restaurant_name': 'The Dome', 'location': 'Эдинбург, недалеко от Бруклона'}"
test_494,Забронируй популярный ресторан на 5 персон,BookRestaurant,BookRestaurant,True,0.9678,False,False,False,"{'sort': 'популярный', 'restaurant_type': 'ресторан', 'party_size_number': '5'}","{'party_size_number': '5', 'sort': 'популярный'}"
test_493,филлис уорд и веронике нужен столик в ресторане через 152 дня,BookRestaurant,BookRestaurant,True,0.9112,False,False,True,"{'party_size_description': 'филлис уорд и веронике', 'restaurant_type': 'ресторане', 'datetime': 'через 152 дня'}","{'datetime': '152 дня вперед', 'party_size_number': 'не указано', 'sort': 'не указано', 'restaurant_name': 'не указано', 'restaurant_type': 'не указано', 'location': 'не указано'}"
test_492,найди книгу The Girl Who Was Plugged In,SearchCreativeWork,SearchCreativeWork,True,0.9802,False,False,False,"{'object_type': 'книгу', 'object_name': 'The Girl Who Was Plugged In'}",{'object_name': 'The Girl Who Was Plugged In'}
test_491,Найди мне ТВ шоу под названием Baby Blue,SearchCreativeWork,SearchCreativeWork,True,0.9752,False,False,False,"{'object_type': 'ТВ шоу', 'object_name': 'Baby Blue'}","{'object_name': 'Baby Blue', 'object_type': 'TV show'}"
test_490,поставь The Gift: Imagination and the Erotic Life of Property пять звезд,RateBook,none,False,0.0,True,False,False,"{'object_name': 'The Gift: Imagination and the Erotic Life of Property', 'rating_value': 'пять', 'rating_unit': 'звезд'}",{}
test_489,Я хочу послушать их от артиста Murcof,PlayMusic,PlayMusic,True,0.9189,False,False,False,"{'music_item': 'их', 'artist': 'Murcof'}","{'artist': 'Murcof', 'playlist': 'от артиста Murcof'}"
test_488,"В travelling плейлист, пожалуйста, добавь эту песню Дэвида Гаана .",AddToPlaylist,AddToPlaylist,True,0.8934,False,False,False,"{'playlist': 'travelling', 'music_item': 'песню', 'artist': 'Дэвида Гаана'}","{'entity_name': 'песня Дэвида Гаана', 'playlist': 'трансляционный плейлист'}"
test_487,Можешь найти мне the National Anthem of the Ancient Britons ТВ шоу ?,SearchCreativeWork,SearchCreativeWork,True,0.9672,False,False,False,"{'object_name': 'National Anthem of the Ancient Britons', 'object_type': 'ТВ шоу'}","{'object_name': 'National Anthem of the Ancient Britons', 'object_type': 'TV show'}"
test_486,Добавь песню в Indie Hipster,AddToPlaylist,AddToPlaylist,True,0.9148,False,False,False,"{'music_item': 'песню', 'playlist': 'Indie Hipster'}","{'entity_name': 'Indie Hipster', 'music_item': 'песня'}"
test_485,добавь ирландию на детском евровидении 2015 в мой Jazzy Dinner плейлист,AddToPlaylist,AddToPlaylist,True,0.9634,False,False,False,"{'entity_name': 'ирландию на детском евровидении 2015', 'reference': 'мой', 'playlist': 'Jazzy Dinner'}","{'entity_name': 'Jazzy Dinner', 'music_item': 'добавь ирландию на детском евровидении 2015'}"
test_484,какой прогноз погоды здесь в связи с метелью на пять часов вечера,weather/find,none,False,0.0,True,False,True,"{'location': 'здесь', 'condition_description': 'метелью', 'datetime': 'пять часов вечера'}",{}
test_483,"Пожалуйста, найди мне Monty Python Live в Голливуд-боул .",SearchCreativeWork,SearchCreativeWork,True,0.9251,False,False,False,{'object_name': 'Monty Python Live в Голливуд - боул'},"{'object_name': 'Monty Python Live', 'object_type': 'фильм'}"
test_482,Показывают ли No Time to Be Young в AMC Theaters,SearchScreeningEvent,none,False,0.0,True,False,False,"{'movie_name': 'No Time to Be Young', 'location': 'AMC Theaters'}",{}
test_481,Сыграй любой блюз британский .,PlayMusic,PlayMusic,True,0.8968,False,False,True,{'genre': 'блюз британский'},"{'artist': 'британский', 'genre': 'блюз', 'music_item': 'блюз', 'service': 'блюз'}"
test_480,Покажи расписание фильмов в округе,SearchScreeningEvent,SearchScreeningEvent,True,0.9456,False,False,False,"{'object_type': 'расписание фильмов', 'location': 'в округе'}","{'object_location_type': 'округ', 'object_type': 'фильм'}"
test_479,какой прогноз для Ваурики в Самоа,weather/find,none,False,0.0,True,False,False,{'location': 'Ваурики | Самоа'},{}
test_478,Найди расписание фильмов для Wanda Group .,SearchScreeningEvent,SearchScreeningEvent,True,0.9103,False,False,False,"{'object_type': 'расписание фильмов', 'location': 'Wanda Group'}","{'object_location_type': 'Wanda Group', 'object_type': 'фильм'}"
test_477,какая погода здесь на два утра,weather/find,weather/find,True,0.965,False,False,False,"{'location': 'здесь', 'datetime': 'два утра'}","{'datetime': 'два утра', 'location': 'здесь'}"
test_476,Я хочу забронировать Oregon Electric Station в North City .,BookRestaurant,BookRestaurant,True,0.993,False,False,True,"{'restaurant_name': 'Oregon Electric Station', 'location': 'North City'}","{'restaurant_name': 'Oregon Electric Station', 'location': 'North City'}"
test_475,Какие фильмы показывают в округе,SearchScreeningEvent,SearchCreativeWork,False,0.9607,False,False,False,"{'movie_type': 'фильмы', 'location': 'в округе'}","{'object_type': 'фильм', 'location': 'округ Moores Mill'}"
test_474,В какое время будет показ The Young Swordsman в моем кинотеатре ?,SearchScreeningEvent,SearchScreeningEvent,True,0.9383,False,False,True,"{'object_type': 'время', 'movie_name': 'The Young Swordsman', 'object_location_type': 'кинотеатре'}","{'object_name': 'The Young Swordsman', 'object_type': 'книга'}"
test_473,оцени текущий роман на ноль из 6,RateBook,RateBook,True,0.9151,False,False,False,"{'object_select': 'текущий', 'object_type': 'роман', 'rating_value': 'ноль', 'best_rating': '6'}","{'rating_value': '0', 'object_type': 'роман'}"
test_472,Добавь мартина барра в мой punk unplugged плейлист.,AddToPlaylist,AddToPlaylist,True,0.9294,False,False,False,"{'artist': 'мартина барра', 'reference': 'мой', 'playlist': 'punk unplugged'}","{'entity_name': 'Punk Unplugged', 'music_item': 'Мартина Барра'}"
test_471,Оцени The 8-Week Cholesterol Cure на три из 6 .,RateBook,RateBook,True,0.936,False,False,False,"{'object_name': 'The 8-Week Cholesterol Cure', 'rating_value': 'три', 'best_rating': '6'}","{'rating_value': '3', 'object_name': 'The 8-Week Cholesterol Cure', 'object_type': 'книга'}"
test_470,Показывают ли Редкие птицы в ближайшем кинотеатре в обед .,SearchScreeningEvent,SearchScreeningEvent,True,0.88,False,False,True,"{'movie_name': 'Редкие птицы', 'location': 'ближайшем', 'object_location_type': 'кинотеатре', 'datetime': 'обед'}","{'datetime': 'обед', 'object_location_type': 'клиникно', 'object_type': 'кино'}"
test_469,оцени этот альбом на 5 баллов,RateBook,null,False,0.9287,False,False,False,"{'object_select': 'этот', 'object_type': 'альбом', 'rating_value': '5'}",{}
test_468,Найди мне роман с названием To Lose My Life …,SearchCreativeWork,SearchCreativeWork,True,0.97,False,False,False,"{'object_type': 'роман', 'object_name': 'To Lose My Life'}","{'object_name': 'To Lose My Life …', 'object_type': 'роман'}"
test_467,добавь Highway Patrolman в мой плейлист this is al green,AddToPlaylist,AddToPlaylist,True,0.9403,False,False,False,"{'entity_name': 'Highway Patrolman', 'reference': 'мой', 'playlist': 'this is al green'}","{'entity_name': 'Highway Patrolman', 'music_item': 'al green'}"
test_466,Добавь artist от mike в Sexy as Folk плейлист.,AddToPlaylist,AddToPlaylist,True,0.9288,False,False,False,"{'music_item': 'artist', 'artist': 'mike', 'playlist': 'Sexy as Folk'}","{'entity_name': 'Sexy as Folk', 'artist': 'Mike', 'playlist': 'artist'}"
test_465,Я хочу анимационные фильмы в MJR Theatres,SearchScreeningEvent,SearchCreativeWork,False,0.9064,False,False,False,"{'movie_type': 'анимационные фильмы', 'location': 'MJR Theatres'}","{'object_name': 'анимационные фильмы', 'object_type': 'фильмы', 'object_location_type': 'кинотеатры', 'object_location': 'MJR Theatres'}"
test_464,Дай две звезды из 6 для 36 Children,RateBook,BookRestaurant,False,0.8,False,False,False,"{'rating_value': 'две', 'rating_unit': 'звезды', 'best_rating': '6', 'object_name': '36 Children'}","{'party_size_number': '36', 'sort': 'две звезды из 6'}"
test_463,Можешь найти мне трейлер Синей весны ?,SearchCreativeWork,SearchCreativeWork,True,0.973,False,False,False,"{'object_type': 'трейлер', 'object_name': 'Синей весны'}","{'object_name': 'Синяя весна', 'object_type': 'трейлер'}"
test_462,Включи что-нибудь из 90s Pop Rock Essentials,PlayMusic,BookRestaurant,False,0.9685,False,False,False,{'playlist': '90s Pop Rock Essentials'},"{'datetime': 'триста тридцать три дня вперед', 'party_size_number': 'восемь', 'sort': '90s Pop Rock Essentials', 'restaurant_type': 'быстрого питания', 'cuisine': 'североиндийская', 'location': 'недалеко от | Moores Mill'}"
test_461,добавь этот трек в мой Hands Up плейлист,AddToPlaylist,AddToPlaylist,True,0.9326,False,False,False,"{'music_item': 'трек', 'reference': 'мой', 'playlist': 'Hands Up'}","{'entity_name': 'Hands Up', 'playlist': 'добавь этот трек в мой Hands Up плейлист'}"
test_460,Забронируй место для 9,BookRestaurant,BookRestaurant,True,0.9654,False,False,False,{'party_size_number': '9'},"{'party_size_number': '9', 'location': 'недалеко от | Moores Mill', 'sort': 'высоко оцененного', 'restaurant_type': 'быстрого питания', 'cuisine': 'североиндийская', 'datetime': 'триста тридцать три дня вперед'}"
test_459,Будет ли Без свидетелей показываться двадцать два часа спустя,SearchScreeningEvent,alarm/set_alarm,False,0.9475,False,False,False,"{'movie_name': 'Без свидетелей', 'datetime': 'двадцать два часа спустя'}","{'datetime': 'двадцать два часа спустя', 'reference': 'Без свидетелей'}"
test_458,Я хочу забронировать стейк-хаус на хребте Вими .,BookRestaurant,BookRestaurant,True,0.9381,False,False,False,"{'restaurant_type': 'стейк-хаус', 'location': 'хребте Вими'}","{'restaurant_name': 'стейк-хаус', 'location': 'хребет Вими'}"
test_457,Добавь песню boy george в Emo Forever плейлист.,AddToPlaylist,AddToPlaylist,True,0.9036,False,False,False,"{'music_item': 'песню', 'artist': 'boy george', 'playlist': 'Emo Forever'}","{'entity_name': 'Emo Forever', 'music_item': 'песня Boy George', 'playlist': 'включить в плейлист'}"
test_456,Я хочу поесть в Ramona,BookRestaurant,BookRestaurant,True,0.8132,False,False,False,{'location': 'Ramona'},{}
test_455,"Пожалуйста, найди Three Essays on the Theory of Sexuality шоу .",SearchCreativeWork,none,False,0.0,True,False,False,"{'object_name': 'Three Essays on the Theory of Sexuality', 'object_type': 'шоу'}",{}
test_454,Будет ли дождь в Тенино ?,weather/find,weather/find,True,0.9633,False,False,True,"{'condition_description': 'дождь', 'location': 'Тенино'}",{'location': 'Тенино'}
test_453,Я хочу забронировать bougatsa restaurant в следующем году около Penn на троих персон.,BookRestaurant,BookRestaurant,True,0.9267,False,False,True,"{'cuisine': 'bougatsa', 'restaurant_type': 'restaurant', 'datetime': 'следующем году', 'location': 'около | Penn', 'party_size_number': 'троих'}","{'restaurant_name': 'bougatsa restaurant', 'datetime': 'в следующем году', 'party_size_number': 'трое', 'location': 'около | Penn'}"
test_452,сыграй что-то семидесятое от Филиппа Киркорова,PlayMusic,none,False,0.0,True,False,False,"{'datetime': 'семидесятое', 'artist': 'Филиппа Киркорова'}",{}
test_451,"Можешь найти книгу Париж, когда там жара ?",SearchCreativeWork,SearchCreativeWork,True,0.9456,False,False,False,"{'object_type': 'книгу', 'object_name': 'Париж, когда там жара'}","{'object_name': 'Книга Париж', 'object_type': 'книга'}"
test_450,Оцени текущий роман на 3 звезды,RateBook,RateBook,True,0.9444,False,False,False,"{'object_select': 'текущий', 'object_type': 'роман', 'rating_value': '3', 'rating_unit': 'звезды'}","{'rating_value': '3', 'object_type': 'текущий роман'}"
test_449,Включи Пола Маккартни,PlayMusic,BookRestaurant,False,0.9742,False,False,False,{'artist': 'Пола Маккартни'},"{'datetime': 'триста тридцать три дня вперед', 'party_size_number': 'восемь', 'sort': 'высоко оцененного', 'restaurant_type': 'быстрого питания', 'cuisine': 'североиндийская', 'location': 'недалеко от | Moores Mill', 'special_request': 'Пол Маккартни'}"
test_448,я хочу увидеть Я мечтаю о Джинни в кинотеатре,SearchScreeningEvent,SearchCreativeWork,False,0.9609,False,False,True,"{'movie_name': 'Я мечтаю о Джинни', 'object_location_type': 'кинотеатре'}","{'object_name': 'Джинни', 'object_type': 'фильм'}"
test_447,"Пожалуйста, найди мне работу Serious Awesomeness !.",SearchCreativeWork,SearchCreativeWork,True,0.9522,False,False,False,{'object_name': 'Serious Awesomeness'},{'object_type': 'работа'}
test_446,Включи Trance Life в Zvooq .,PlayMusic,BookRestaurant,False,0.9558,False,False,False,"{'playlist': 'Trance Life', 'service': 'Zvooq'}","{'datetime': 'триста тридцать три дня вперед', 'party_size_number': 'восемь', 'sort': 'высоко оцененного', 'restaurant_type': 'быстрого питания', 'cuisine': 'североиндийская', 'location': 'недалеко от | Moores Mill', 'restaurant_name': 'Trance Life'}"
test_445,"Пожалуйста, найди мне Compulsive Disclosure песню .",SearchCreativeWork,SearchCreativeWork,True,0.9684,False,False,False,"{'object_name': 'Compulsive Disclosure', 'object_type': 'песню'}","{'object_name': 'Compulsive Disclosure', 'object_type': 'песня'}"
test_444,Найди ТВ шоу Meet the Prince,SearchCreativeWork,none,False,0.0,True,False,False,"{'object_type': 'ТВ шоу', 'object_name': 'Meet the Prince'}",{}
test_443,Мне нужен список Speakeasy Theaters с показом фильмов,SearchScreeningEvent,SearchCreativeWork,False,0.9519,False,False,False,"{'location': 'Speakeasy Theaters', 'object_type': 'фильмов'}","{'object_type': 'Speakeasy Theaters', 'object_name': 'показ фильмов'}"
test_442,Какая погода будет в Вирджинии на День святого Патрика ?,weather/find,weather/find,True,0.9964,False,False,False,"{'location': 'Вирджинии', 'datetime': 'День святого Патрика'}","{'datetime': 'День святого Патрика', 'location': 'Вирджиния'}"
test_441,Мне нужен столик на 4 в Saint Helena в Settha Palace Hotel,BookRestaurant,BookRestaurant,True,0.9737,False,False,True,"{'party_size_number': '4', 'location': 'Saint Helena', 'restaurant_name': 'Settha Palace Hotel'}","{'party_size_number': '4', 'location': 'Saint Helena | Settha Palace Hotel'}"
test_440,дай текущей летописи пять из 6 очков,RateBook,none,False,0.0,True,False,True,"{'object_select': 'текущей', 'object_part_of_series_type': 'летописи', 'rating_value': 'пять', 'best_rating': '6', 'rating_unit': 'очков'}",{}
test_439,Найди анимационные фильмы рядом,SearchScreeningEvent,SearchCreativeWork,False,0.869,False,False,False,"{'movie_type': 'анимационные фильмы', 'location': 'рядом'}","{'object_type': 'анимационный фильм', 'sort': 'дата'}"
test_438,Давай послушаем что-то от Andrew Hewitt .,PlayMusic,SearchCreativeWork,False,0.9369,False,False,False,{'artist': 'Andrew Hewitt'},"{'object_name': 'Andrew Hewitt', 'object_type': 'актер'}"
test_437,оцени текущее эссе на ноль из 6 звезд,RateBook,none,False,0.0,True,False,False,"{'object_select': 'текущее', 'object_type': 'эссе', 'rating_value': 'ноль', 'best_rating': '6', 'rating_unit': 'звезд'}",{}
test_436,Добавь песню в this is racionais mc's,AddToPlaylist,none,False,0.0,True,False,False,"{'music_item': 'песню', 'playlist': ""this is racionais mc's""}",{}
test_435,Показывают ли Babar: King of the Elephants,SearchScreeningEvent,SearchCreativeWork,False,0.9371,False,False,False,{'movie_name': 'Babar: King of the Elephants'},"{'object_name': 'Babar', 'object_type': 'книга'}"
test_434,Я хочу столик в James D. Conrey House в Urbank California,BookRestaurant,BookRestaurant,True,0.9586,False,False,True,"{'restaurant_name': 'James D. Conrey House', 'location': 'Urbank | California'}","{'restaurant_name': 'James D. Conrey House', 'location': 'Urbank California'}"
test_433,Оцени текущую серию на 4 очка,RateBook,RateBook,True,0.905,False,False,True,"{'object_select': 'текущую', 'object_part_of_series_type': 'серию', 'rating_value': '4', 'rating_unit': 'очка'}","{'rating_value': '4', 'object_type': 'серия'}"
test_432,Дай ноль звезд этому учебнику,RateBook,none,False,0.0,True,False,False,"{'rating_value': 'ноль', 'rating_unit': 'звезд', 'object_select': 'этому', 'object_type': 'учебнику'}",{}
test_431,Дай The Crystal Snare 5 звезд,RateBook,RateBook,True,0.9246,False,False,False,"{'object_name': 'The Crystal Snare', 'rating_value': '5', 'rating_unit': 'звезд'}","{'rating_value': '5', 'object_name': 'The Crystal Snare', 'rating_unit': 'звезды'}"
test_430,Включи Subconscious Lobotomy от Дженнифер Полл .,PlayMusic,none,False,0.0,True,False,True,"{'album': 'Subconscious Lobotomy', 'artist': 'Дженнифер Полл'}",{}
test_103,Отмени следующий будильник,alarm/cancel_alarm,alarm/cancel_alarm,True,0.9401,False,False,False,{'reference': 'следующий'},"{'datetime': 'следующий будильник', 'reference': 'Moores Mill'}"
test_104,Напомни мне сходить в продуктовый магазин сегодня,reminder/set_reminder,reminder/set_reminder,True,0.9078,False,False,False,"{'reminder/todo': 'сходить в продуктовый магазин', 'datetime': 'сегодня'}","{'datetime': 'сегодня', 'reference': 'прибытие в продуктовый магазин', 'reminder/todo': 'прибытие в продуктовый магазин'}"
test_105,отмени мои напоминания на следующую неделю,reminder/cancel_reminder,reminder/cancel_reminder,True,0.9463,False,False,False,"{'reference': 'мои', 'datetime': 'следующую неделю'}","{'datetime': 'на следующую неделю', 'reference': 'мои напоминания'}"
test_106,напомни мне отвести собаку к грумеру во вторник в 3 часа,reminder/set_reminder,reminder/set_reminder,True,0.9091,False,False,False,"{'reminder/todo': 'отвести собаку к грумеру', 'datetime': 'вторник в 3 часа'}","{'datetime': 'во вторник в 3 часа', 'reference': 'отвести собаку к грумеру', 'reminder/todo': 'отправить собаку к грумеру'}"
test_107,Напомни мне забрать цветы для Джен на нашу годовщину на 28-е.,reminder/set_reminder,AddToPlaylist,False,0.8959,False,False,False,"{'reminder/todo': 'забрать цветы для Джен на нашу годовщину', 'datetime': '28-е'}","{'entity_name': 'Джен', 'object_name': 'цветы', 'reference': 'на годовщину на 28-е'}"
test_109,Напомни мне записаться к доктору завтра.,reminder/set_reminder,reminder/set_reminder,True,0.943,False,False,False,"{'reminder/todo': 'записаться к доктору', 'datetime': 'завтра'}","{'datetime': 'завтра', 'reference': 'к доктору'}"
test_111,Нужно ли взять дождевик?,weather/find,weather/find,True,0.9178,False,False,False,{'weather/attribute': 'дождевик'},"{'location': 'Moores Mill', 'weather/attribute': 'condition_description'}"
test_150,Покажи все мои напоминания,reminder/show_reminders,reminder/show_reminders,True,0.7792,False,False,False,{'reference': 'все мои'},{}
test_247,Установи будильник на 5 вечера сегодня,alarm/set_alarm,alarm/set_alarm,True,0.9093,False,False,False,{'datetime': '5 вечера сегодня'},"{'datetime': '5 вечера сегодня', 'reference': 'текущий день'}"
test_248,установи будильник на 7 завтра,alarm/set_alarm,alarm/set_alarm,True,0.9086,False,False,False,{'datetime': '7 завтра'},"{'datetime': '7 завтра', 'reference': 'будильник'}"
test_253,"Пожалуйста, найди мне видеоигру под названием 20 Hours in America .",SearchCreativeWork,SearchCreativeWork,True,0.9871,False,False,False,"{'object_type': 'видеоигру', 'object_name': '20 Hours in America'}",{'object_name': '20 Hours in America'}
test_257,Включи новую музыку на Last Fm от Eddie Vinson .,PlayMusic,PlayMusic,True,0.9081,False,False,False,"{'sort': 'новую', 'music_item': 'музыку', 'service': 'Last Fm', 'artist': 'Eddie Vinson'}","{'artist': 'Eddie Vinson', 'playlist': 'Last Fm', 'sort': 'new music', 'service': 'Last Fm'}"
test_258,Проверь прогноз погоды в Небраске .,weather/find,weather/find,True,0.9905,False,False,False,{'location': 'Небраске'},{'location': 'Небраска'}
test_259,Есть ли гроза сейчас в ЮК ?,weather/find,weather/find,True,0.8109,False,False,True,"{'condition_description': 'гроза', 'datetime': 'сейчас', 'location': 'ЮК'}",{'location': 'ЮК'}
test_264,Я хочу забронировать сунданский гастропаб где-то в Техасе на 3 персоны на 5/20/2025 .,BookRestaurant,BookRestaurant,True,0.9639,False,False,True,"{'cuisine': 'сунданский', 'restaurant_type': 'гастропаб', 'location': 'где-то | Техасе', 'party_size_number': '3', 'datetime': '5/20/2025'}","{'datetime': '5/20/2025', 'party_size_number': '3', 'cuisine': 'сунданский', 'location': 'Техас'}"
test_269,Я хочу забронировать еврейский ресторан в Гамбии .,BookRestaurant,BookRestaurant,True,0.9739,False,False,True,"{'cuisine': 'еврейский', 'restaurant_type': 'ресторан', 'location': 'Гамбии'}","{'cuisine': 'еврейский', 'location': 'Гамбия'}"
test_273,"Погода в Уолден, Россия на 12/26/2018",weather/find,weather/find,True,0.9969,False,False,False,"{'location': 'Уолден, | Россия', 'datetime': '12/26/2018'}","{'datetime': '12/26/2018', 'location': 'Уолден, Россия'}"
test_274,Я хочу забронировать ресторан для моего тестя и себя в Банкере через год .,BookRestaurant,BookRestaurant,True,0.951,False,False,True,"{'restaurant_type': 'ресторан', 'party_size_description': 'моего тестя и себя', 'location': 'Банкере', 'datetime': 'через год'}","{'datetime': 'через год', 'party_size_number': 'двое', 'location': 'Банкер'}"
test_285,"Пожалуйста, забронируй мне столик в бистро, где подают lorna doone .",BookRestaurant,BookRestaurant,True,0.9411,False,False,True,"{'restaurant_type': 'бистро,', 'served_dish': 'lorna doone'}","{'restaurant_type': 'бистро', 'served_dish': 'lorna doone', 'location': 'недалеко от | Moores Mill'}"
test_286,Оцени The Mystery of the Tolling Bell серию 4 звездами .,RateBook,RateBook,True,0.9451,False,False,True,"{'object_name': 'The Mystery of the Tolling Bell', 'object_part_of_series_type': 'серию', 'rating_value': '4', 'rating_unit': 'звездами'}","{'object_name': 'The Mystery of the Tolling Bell', 'rating_value': '4', 'rating_unit': 'звезды'}"
test_288,Проверь расписание для Snowbound в ближайшем кинотеатре .,SearchScreeningEvent,SearchScreeningEvent,True,0.8952,False,False,True,"{'movie_name': 'Snowbound', 'location': 'ближайшем', 'object_location_type': 'кинотеатре'}","{'object_location_type': 'близко', 'object_name': 'Snowbound'}"
test_291,Будет I Think I Do показываться в 7 вечера ?,SearchScreeningEvent,weather/find,False,0.9665,False,False,False,"{'movie_name': 'I Think I Do', 'datetime': '7 вечера'}","{'datetime': '7 вечера', 'location': 'I Think I Do'}"
test_295,"Какой прогноз погоды для государственного парка Боте-Напа-Вэлли рядом на февраль, 20 ?",weather/find,weather/find,True,0.9583,False,False,False,"{'location': 'государственного парка Боте-Напа-Вэлли | рядом', 'datetime': 'февраль, 20'}","{'datetime': '20 февраля', 'location': 'государственный парк Боте-Напа-Вэлли'}"
test_299,Оцени Soul Music на 0 .,RateBook,unknown,False,0.9379,False,False,False,"{'object_name': 'Soul Music', 'rating_value': '0'}",{}
test_301,Включи All Things Must Pass .,PlayMusic,BookRestaurant,False,0.9911,False,False,True,{'track': 'All Things Must Pass'},"{'datetime': 'триста тридцать три дня вперед', 'party_size_number': 'восемь', 'sort': 'высоко оцененного', 'restaurant_type': 'быстрого питания', 'cuisine': 'североиндийская', 'served_dish': 'All Things Must Pass', 'location': 'недалеко от | Moores Mill'}"
test_304,Включи музыку на Netflix .,PlayMusic,PlayMusic,True,0.9162,False,False,False,{'service': 'Netflix'},"{'service': 'Netflix', 'sort': 'none', 'track': 'none', 'playlist': 'none', 'album': 'none', 'artist': 'none', 'datetime': 'none', 'genre': 'none', 'music_item': 'none'}"
test_305,Я хочу увидеть Shattered Image .,SearchScreeningEvent,SearchCreativeWork,False,0.9847,False,False,False,{'movie_name': 'Shattered Image'},{'object_name': 'Shattered Image'}
test_310,какой прогноз для жаркой погоды в государственном парке Саутфорд-Фоллс,weather/find,weather/find,True,0.9674,False,False,True,"{'condition_temperature': 'жаркой', 'location': 'государственном парке Саутфорд-Фоллс'}","{'condition_description': 'прогноз для жаркой погоды', 'location': 'государственный парк Саутфорд-Фоллс'}"
test_311,"Пожалуйста, забронируй мне столик в пиццерии с парковкой в Гане .",BookRestaurant,BookRestaurant,True,0.9241,False,False,True,"{'restaurant_type': 'пиццерии', 'facility': 'парковкой', 'location': 'Гане'}","{'cuisine': 'пиццерия', 'facility': 'с парковкой', 'location': 'Гана'}"
test_312,Я хочу услышать семидесятые саундтреки .,PlayMusic,PlayMusic,True,0.8924,False,False,False,"{'datetime': 'семидесятые', 'music_item': 'саундтреки'}","{'genre': 'семидесятые саундтреки', 'service': 'плейлист'}"
test_313,Погода через два часа в Узбекистане,weather/find,weather/find,True,0.9969,False,False,False,"{'datetime': 'через два часа', 'location': 'Узбекистане'}","{'datetime': 'через два часа', 'location': 'Узбекистан'}"
test_314,"Пожалуйста, найди мне Journal of the British Astronomical Association фильм .",SearchCreativeWork,SearchCreativeWork,True,0.9802,False,False,False,"{'object_name': 'Journal of the British Astronomical Association', 'object_type': 'фильм'}","{'object_name': 'Journal of the British Astronomical Association', 'object_type': 'фильм'}"
test_315,"Забронируй столик на 8 человек в Уордвилле, Канзас",BookRestaurant,BookRestaurant,True,0.991,False,False,False,"{'party_size_number': '8', 'location': 'Уордвилле | Канзасе'}","{'party_size_number': '8', 'location': 'Уордвилл, Канзас'}"
test_316,Какой будет погода далеко отсюда ?,weather/find,none,False,0.0,True,False,False,{'location': 'далеко | отсюда'},{}
test_321,Какой будет погода в ноябре в Брукниле ?,weather/find,weather/find,True,0.9459,False,False,False,"{'datetime': 'ноябре', 'location': 'Бруклине'}","{'datetime': 'ноябрь', 'location': 'Брукнинл'}"
test_325,какие фильмы в Star Theatres .,SearchScreeningEvent,SearchCreativeWork,False,0.9493,False,False,False,"{'movie_type': 'фильмы', 'location': 'Star Theatres'}","{'object_type': 'фильм', 'object_location_type': 'Star Theatres'}"
test_330,Дай одну звезду текущей книге,RateBook,SearchCreativeWork,False,0.9223,False,False,False,"{'rating_value': 'одну', 'object_select': 'текущей', 'object_type': 'книге'}","{'object_type': 'текущая книга', 'object_name': 'звезда'}"
test_345,"Пожалуйста, найди мне ТВ сериал , Now We Are Married .",SearchCreativeWork,SearchCreativeWork,True,0.9598,False,False,False,"{'object_type': 'ТВ сериал', 'object_name': 'Now We Are Married'}","{'object_name': 'Now We Are Married', 'object_type': 'TV сериал'}"
test_356,Я хочу увидеть The Portrait of a Lady в ближайшем кинотеатре .,SearchScreeningEvent,SearchCreativeWork,False,0.9803,False,False,True,"{'movie_name': 'The Portrait of a Lady', 'location': 'ближайшем', 'object_location_type': 'кинотеатре'}","{'object_name': 'The Portrait of a Lady', 'object_type': 'книга'}"
test_357,"Пожалуйста, найди мне Phineas Redux .",SearchCreativeWork,SearchCreativeWork,True,0.975,False,False,False,{'object_name': 'Phineas Redux'},{'object_name': 'Phineas Redux'}
test_360,Какой будет погода в Памятнике Лихуле в декабре 5-го ?,weather/find,weather/find,True,0.9502,False,False,False,"{'location': 'Памятнике Лихуле', 'datetime': 'декабре 5-го'}","{'datetime': 'декабрь 5-го', 'location': 'Памятник Лихуле'}"
test_363,"Какая погода в Тионеке , Нью-Джерси",weather/find,weather/find,True,0.9633,False,False,False,{'location': 'Тионеке | Нью-Джерси'},"{'location': 'Тионеке, Нью-Джерси'}"
test_365,забронируй место для моих племянниц и меня в чайном доме,BookRestaurant,BookRestaurant,True,0.9067,False,False,True,"{'party_size_description': 'моих племянниц и меня', 'restaurant_type': 'чайном доме'}","{'party_size_number': 'двое', 'restaurant_type': 'чайный дом'}"
test_366,Будет ли жарко в Нидерландах в феврале 16-го ?,weather/find,weather/find,True,0.9748,False,False,True,"{'condition_temperature': 'жарко', 'location': 'Нидерландах', 'datetime': 'феврале 16-го'}","{'datetime': '16 февраля', 'location': 'Нидерланды'}"
test_367,Я хочу добавить jordan rudess в Divertido para niños плейлист.,AddToPlaylist,AddToPlaylist,True,0.9521,False,False,False,"{'artist': 'jordan rudess', 'playlist': 'Divertido para niños'}","{'entity_name': 'Divertido para niños', 'artist': 'jordan rudess'}"
test_369,Забронируй мне столик в лучшем бистро,BookRestaurant,none,False,0.0,True,False,False,"{'sort': 'лучшем', 'restaurant_type': 'бистро'}",{}
test_372,Какой будет погода в Огайо ?,weather/find,weather/find,True,0.9981,False,False,False,{'location': 'Огайо'},{'location': 'Огайо'}
test_374,Забронируй столик для моих малышей и меня,BookRestaurant,BookRestaurant,True,0.8586,False,False,True,{'party_size_description': 'моих малышей и меня'},"{'party_size_number': 'три', 'sort': 'семейное'}"
test_392,Я хочу забронировать массаж в спа .,BookRestaurant,BookRestaurant,True,0.7801,False,False,True,"{'restaurant_type': 'массаж', 'facility': 'спа'}",{}
test_417,"Пожалуйста, найди телевизионное шоу , Episodi di The Blacklist .",SearchCreativeWork,SearchCreativeWork,True,0.9716,False,False,False,"{'object_type': 'телевизионное шоу', 'object_name': 'Episodi di The Blacklist'}","{'object_name': 'The Blacklist', 'object_type': 'телевизионное шоу'}"
test_418,"какой прогноз для холодной погоды, начиная с Дня закона здесь",weather/find,weather/find,True,0.949,False,False,True,"{'condition_temperature': 'холодной', 'datetime': 'Дня закона', 'location': 'здесь'}","{'datetime': 'День закона', 'location': 'здесь'}"
test_419,Я хочу забронировать ресторан на десять человек.,BookRestaurant,BookRestaurant,True,0.9519,False,False,False,"{'restaurant_type': 'ресторан', 'party_size_number': 'десять'}",{'party_size_number': 'десять'}
test_420,Включи что-то от Duke Ellington из семидесятых,PlayMusic,BookRestaurant,False,0.972,False,False,False,"{'artist': 'Duke Ellington', 'datetime': 'семидесятых'}","{'datetime': 'триста тридцать три дня вперед', 'party_size_number': 'восемь', 'sort': 'высоко оцененного', 'restaurant_type': 'быстрого питания', 'cuisine': 'североиндийская', 'served_dish': 'Duke Ellington из семидесятых', 'location': 'недалеко от | Moores Mill'}"
test_421,Оцени Cotton Comes to Harlem на 2,RateBook,RateBook,True,0.9506,False,False,False,"{'object_name': 'Cotton Comes to Harlem', 'rating_value': '2'}","{'object_name': 'Cotton Comes to Harlem', 'rating_value': '2', 'rating_unit': 'звезды'}"
test_422,Добавь песню в мой плейлист madden nfl 16,AddToPlaylist,AddToPlaylist,True,0.9408,False,False,False,"{'music_item': 'песню', 'reference': 'мой', 'playlist': 'madden nfl 16'}","{'entity_name': 'madden nfl 16', 'playlist': 'плейлист'}"
test_423,Добавь Toyan в мой Epic Gaming плейлист.,AddToPlaylist,AddToPlaylist,True,0.9465,False,False,False,"{'artist': 'Toyan', 'reference': 'мой', 'playlist': 'Epic Gaming'}","{'entity_name': 'Toyan', 'playlist': 'Epic Gaming'}"
test_424,включи что-то новое от Les Vandyke на Slacker,PlayMusic,BookRestaurant,False,0.9685,False,False,False,"{'sort': 'новое', 'artist': 'Les Vandyke', 'service': 'Slacker'}","{'datetime': 'триста тридцать три дня вперед', 'party_size_number': 'восемь', 'sort': 'высоко оцененного', 'restaurant_type': 'быстрого питания', 'cuisine': 'североиндийская', 'restaurant_name': 'Les Vandyke', 'location': 'на | Slacker'}"
test_425,оцени Three Junes одним баллом из 6,RateBook,RateBook,True,0.9182,False,False,False,"{'object_name': 'Three Junes', 'rating_value': 'одним', 'best_rating': '6'}","{'rating_value': '6', 'object_name': 'Three Junes', 'object_type': 'книга'}"
test_426,Забронируй столик на девять людей в пекарне в Нуньес,BookRestaurant,BookRestaurant,True,0.982,False,False,False,"{'party_size_number': 'девять', 'restaurant_type': 'пекарне', 'location': 'Нуньес'}","{'party_size_number': 'девять', 'restaurant_type': 'пекарня', 'location': 'Нуньес'}"
test_427,Оцени этот текущий роман двумя баллами из 6 .,RateBook,RateBook,True,0.9495,False,False,False,"{'object_select': 'этот текущий', 'object_type': 'роман', 'rating_value': 'двумя', 'best_rating': '6'}","{'rating_value': '2 из 6', 'object_name': 'текущий роман', 'object_type': 'книга'}"
test_428,Включи The Happy Blues от Ronnie Wood .,PlayMusic,BookRestaurant,False,0.9543,False,False,True,"{'album': 'The Happy Blues', 'artist': 'Ronnie Wood'}","{'party_size_number': 'восемь', 'sort': 'высоко оцененного', 'restaurant_type': 'быстрого питания', 'cuisine': 'североиндийская', 'served_dish': 'The Happy Blues от Ronnie Wood', 'location': 'недалеко от | Moores Mill'}"
test_429,Включи симфонию из 2013 .,PlayMusic,none,False,0.8287,True,False,False,"{'music_item': 'симфонию', 'datetime': '2013'}",{}
,Забронируй мне столик в лучшем кафе.,BookRestaurant,BookRestaurant,True,0.8016,False,False,False,"{'sort': 'лучшем', 'restaurant_type': 'кафе'}",{}
,Оцени текущий учебник на 1 из 6.,RateBook,RateBook,True,0.9393,False,False,False,"{'object_select': 'текущий', 'object_type': 'учебник', 'rating_value': '1', 'best_rating': '6'}","{'rating_value': '1', 'rating_unit': 'из 6'}"
,В какое время показывают фильм,SearchScreeningEvent,SearchScreeningEvent,True,0.9187,False,False,False,{'object_type': 'время показывают фильм'},"{'datetime': 'в какое время', 'object_type': 'фильм'}"
,Какая погода будет в Огайо?,weather/find,weather/find,True,0.9987,False,False,False,{'location': 'Огайо'},{'location': 'Огайо'}
,Добавь этого исполнителя в Showstopper Being Mary Jane.,AddToPlaylist,AddToPlaylist,True,0.9193,False,False,False,"{'music_item': 'исполнителя', 'playlist': 'Showstopper Being Mary Jane'}","{'artist': 'Исполнитель', 'playlist': 'Showstopper Being Mary Jane'}"
,Забронируй столик для меня и моих детей.,BookRestaurant,BookRestaurant,True,0.9197,False,False,True,{'party_size_description': 'меня и моих детей'},"{'party_size_description': 'для меня и моих детей', 'party_size_number': 'неизвестно'}"
test_375,"Какая погода будет в заповеднике Сарыгамыш 21 августа, 2035 ?",weather/find,none,False,0.0,True,False,False,"{'location': 'заповеднике Сарыгамыш', 'datetime': '21 августа, 2035'}",{}
test_376,Оцени Ruth пять баллов из 6 .,RateBook,RateBook,True,0.917,False,False,False,"{'object_name': 'Ruth', 'rating_value': 'пять', 'rating_unit': 'баллов', 'best_rating': '6'}","{'rating_value': '5', 'object_name': 'Ruth', 'rating_unit': 'из 6'}"
test_377,Reminiscences of the Anti-Japanese Guerillas chronicle заслуживает ноль баллов из 6.,RateBook,RateBook,True,0.9303,False,False,True,"{'object_name': 'Reminiscences of the Anti-Japanese Guerillas', 'object_part_of_series_type': 'chronicle', 'rating_value': 'ноль', 'rating_unit': 'баллов', 'best_rating': '6.'}","{'rating_value': 'ноль', 'object_name': 'Reminiscences of the Anti-Japanese Guerillas', 'object_type': 'книга'}"
test_378,Покажи мне расписание сеансов в южных кинотеатрах,SearchScreeningEvent,SearchScreeningEvent,True,0.8762,False,False,False,"{'object_type': 'расписание сеансов', 'location': 'южных кинотеатрах'}","{'object_location_type': 'южные кинотеатры', 'object_type': 'сессы'}"
test_379,Найди расписание фильмов рядом,SearchScreeningEvent,SearchScreeningEvent,True,0.9195,False,False,False,"{'object_type': 'расписание фильмов', 'location': 'рядом'}","{'object_location_type': 'рядом', 'object_type': 'фильм'}"
test_380,Добавь этот альбом в плейлист Spanish Beat,AddToPlaylist,AddToPlaylist,True,0.9584,False,False,False,"{'music_item': 'альбом', 'playlist': 'Spanish Beat'}","{'entity_name': 'Spanish Beat', 'music_item': 'альбом'}"
test_381,Забронируй столик на 6 человек в креольской таверне в Черногории,BookRestaurant,BookRestaurant,True,0.9623,False,False,True,"{'party_size_number': '6', 'cuisine': 'креольской', 'restaurant_type': 'таверне', 'location': 'Черногории'}","{'party_size_number': '6', 'cuisine': 'креольская', 'location': 'Черногория', 'restaurant_type': 'таверна'}"
test_382,Поставь сериалу Catedral 4 звезды .,RateBook,RateBook,True,0.9515,False,False,True,"{'object_part_of_series_type': 'сериалу', 'object_name': 'Catedral', 'rating_value': '4', 'rating_unit': 'звезды'}","{'object_name': 'Catedral', 'rating_value': '4', 'rating_unit': 'звезды'}"
test_383,Добавь The Famous Flower of Serving-Men в мой вечерний акустический плейлист.,AddToPlaylist,AddToPlaylist,True,0.9556,False,False,False,"{'entity_name': 'The Famous Flower of Serving-Men', 'reference': 'мой', 'playlist': 'вечерний акустический'}","{'entity_name': 'The Famous Flower of Serving-Men', 'playlist': 'мой вечерний акустический плейлист'}"
test_384,Покажи мне расписание ArcLight Hollywood только для анимационных фильмов,SearchScreeningEvent,none,False,0.0,True,False,False,"{'object_type': 'расписание', 'location': 'ArcLight Hollywood', 'movie_type': 'анимационных фильмов'}",{}
test_385,"Пожалуйста, найди картину под названием This Is the Night .",SearchCreativeWork,SearchCreativeWork,True,0.9855,False,False,False,"{'object_type': 'картину', 'object_name': 'This Is the Night'}",{'object_name': 'This Is the Night'}
test_386,Какова будет влажность в данном месте в 15:19:29 ?,weather/find,none,False,0.0,True,False,True,"{'condition_description': 'влажность', 'location': 'данном месте', 'datetime': '15:19:29'}",{}
test_387,я хочу посмотреть JLA Adventures: Trapped In Time,SearchScreeningEvent,SearchCreativeWork,False,0.9936,False,False,False,{'movie_name': 'JLA Adventures: Trapped In Time'},{'object_name': 'JLA Adventures: Trapped In Time'}
test_388,Добавь мелодию Дерека Уоткинса в This Is Johnny Cash,AddToPlaylist,none,False,0.0,True,False,False,"{'music_item': 'мелодию', 'artist': 'Дерека Уоткинса', 'playlist': 'This Is Johnny Cash'}",{}
test_389,Найди творческую работу под названием Fire in the Hole,SearchCreativeWork,SearchCreativeWork,True,0.997,False,False,False,{'object_name': 'Fire in the Hole'},{'object_name': 'Fire in the Hole'}
test_390,забронируй столик возле колледжа Пэта,BookRestaurant,BookRestaurant,True,0.7667,False,False,False,{'location': 'возле | колледжа Пэта'},{}
test_391,Идет ли Patrick Still Lives в кинотеатрах AMC,SearchScreeningEvent,none,False,0.0,True,False,False,"{'movie_name': 'Patrick Still Lives', 'location': 'кинотеатрах AMC'}",{}
test_393,нужен столик где-нибудь в Кворривилле через 14 часов,BookRestaurant,BookRestaurant,True,0.9385,False,False,False,"{'location': 'Кворривилле', 'datetime': 'через 14 часов'}","{'datetime': 'через 14 часов', 'location': 'Кворривилл', 'party_size_number': 'не указано', 'sort': 'не указано', 'restaurant_type': 'не указано', 'cuisine': 'не указано'}"
test_394,включи Гэри Ли Коннера,PlayMusic,BookRestaurant,False,0.9446,False,False,False,{'artist': 'Гэри Ли Коннера'},"{'datetime': 'триста тридцать три дня вперед', 'party_size_number': 'восемь', 'sort': 'высоко оцененного', 'restaurant_type': 'быстрого питания', 'cuisine': 'североиндийская', 'location': 'недалеко от | Moores Mill', 'person_name': 'Гэри Ли Коннер'}"
test_395,"покажи ближайший кинотеатр, где показывают Boycott",SearchScreeningEvent,SearchScreeningEvent,True,0.8724,False,False,True,"{'location': 'ближайший', 'object_location_type': 'кинотеатр', 'movie_name': 'Boycott'}","{'object_type': 'кинотеатр', 'sort': 'близко', 'object_location_type': 'Boycott'}"
test_396,"Пожалуйста, включи мой ecstatic плейлист.",PlayMusic,none,False,0.0,True,False,False,{'playlist': 'ecstatic'},{}
test_397,"Пожалуйста, найди песню The Mad Magician .",SearchCreativeWork,SearchCreativeWork,True,0.9821,False,False,False,"{'object_type': 'песню', 'object_name': 'The Mad Magician'}","{'object_name': 'The Mad Magician', 'object_type': 'песня'}"
test_398,Проверь расписание кинотеатров Bow Tie Cinemas .,SearchScreeningEvent,none,False,0.0,True,False,False,"{'object_type': 'расписание', 'location': 'Bow Tie Cinemas'}",{}
test_399,Забронируй мне столик на вечеринку из 3 человек в пабе на Северных Марианских островах,BookRestaurant,BookRestaurant,True,0.9883,False,False,False,"{'party_size_number': '3', 'restaurant_type': 'пабе', 'location': 'Северных Марианских островах'}","{'party_size_number': '3', 'restaurant_type': 'паб', 'location': 'Северные Марианские острова'}"
test_400,Мне нужно добавить в текущий список Infinite Indie Folk произведения Рахим Шаха,AddToPlaylist,AddToPlaylist,True,0.9805,False,False,False,"{'reference': 'текущий', 'playlist': 'Infinite Indie Folk', 'artist': 'Рахим Шаха'}","{'entity_name': 'Infinite Indie Folk', 'music_item': 'Рахим Шах'}"
test_401,Добавь Джерри Каллиста-младшего в мой плейлист Te quiero.,AddToPlaylist,AddToPlaylist,True,0.9299,False,False,False,"{'artist': 'Джерри Каллиста - младшего', 'reference': 'мой', 'playlist': 'Te quiero.'}","{'entity_name': 'Джерри Каллиста-младший', 'playlist': 'мой плейлист'}"
test_402,Насколько холоднее будет недалеко от Юты около 3 часов утра?,weather/find,weather/find,True,0.9493,False,False,True,"{'condition_temperature': 'холоднее', 'location': 'недалеко | Юты', 'datetime': '3 часов утра'}","{'datetime': '3 часов утра', 'location': 'Юта'}"
test_403,Добавь альбом в плейлист Hipster Soul.,AddToPlaylist,AddToPlaylist,True,0.9294,False,False,False,"{'music_item': 'альбом', 'playlist': 'Hipster Soul.'}","{'entity_name': 'Hipster Soul', 'playlist': 'плейлист'}"
test_404,Через тринадцать часов я хочу отведать деликатесы восточноевропейской кухни,BookRestaurant,BookRestaurant,True,0.7789,False,False,True,"{'datetime': 'Через тринадцать часов', 'restaurant_type': 'деликатесы', 'cuisine': 'восточноевропейской'}","{'datetime': 'через тринадцать часов', 'sort': 'деликатесы', 'cuisine': 'восточноевропейская', 'restaurant_type': 'быстрого питания'}"
test_405,включи саундтрек шестидесятых,PlayMusic,BookRestaurant,False,0.9721,False,False,False,"{'music_item': 'саундтрек', 'datetime': 'шестидесятых'}","{'datetime': 'триста тридцать три дня вперед', 'party_size_number': 'восемь', 'sort': 'саундтрек шестидесятых', 'restaurant_type': 'быстрого питания', 'cuisine': 'североиндийская', 'location': 'недалеко от | Moores Mill'}"
test_406,Поставь этому альбому одну звезду,RateBook,null,False,0.8945,False,False,False,"{'object_select': 'этому', 'object_type': 'альбому', 'rating_value': 'одну', 'rating_unit': 'звезду'}",{}
test_407,Включи лучшую музыку Брайана Маклина .,PlayMusic,AddToPlaylist,False,0.8889,False,False,False,"{'sort': 'лучшую', 'artist': 'Брайана Маклина'}","{'entity_name': 'Брайан Маклин', 'sort': 'лучший'}"
test_408,какой прогноз погоды в Никодиме и окрестностях,weather/find,none,False,0.0,True,False,False,{'location': 'Никодиме | окрестностях'},{}
test_409,Найди игру под названием Phinally Phamous,SearchCreativeWork,SearchCreativeWork,True,0.9785,False,False,False,"{'object_type': 'игру', 'object_name': 'Phinally Phamous'}","{'object_name': 'Phinally Phamous', 'object_type': 'игра'}"
test_410,Поставь оценку 2 Juneteenth .,RateBook,unknown,False,0.8946,False,False,False,"{'rating_value': '2', 'object_name': 'Juneteenth'}",{}
test_411,Поставь ноль звезд Rhialto the Marvellous,RateBook,0,False,0.9366,False,False,False,"{'rating_value': 'ноль', 'rating_unit': 'звезд', 'object_name': 'Rhialto the Marvellous'}",{}
test_412,Я хочу послушать саундтрек на Ютубе от Helena Iren Michaelsen,PlayMusic,PlayMusic,True,0.9397,False,False,False,"{'music_item': 'саундтрек', 'service': 'Ютубе', 'artist': 'Helena Iren Michaelsen'}","{'music_item': 'саундтрек Helena Iren Michaelsen', 'service': 'Ютуб'}"
test_413,забронируй столик на 1/20/2023 на 5 человек в MH,BookRestaurant,BookRestaurant,True,0.9857,False,False,False,"{'datetime': '1/20/2023', 'party_size_number': '5', 'location': 'MH'}","{'datetime': '1/20/2023', 'party_size_number': '5', 'restaurant_name': 'MH'}"
test_414,расписание сеансов анимационных фильмов рядом,SearchScreeningEvent,none,False,0.8795,True,False,False,"{'object_type': 'расписание сеансов', 'movie_type': 'анимационных фильмов', 'location': 'рядом'}",{}
test_415,Добавь jack white в мой плейлист This Is Shakira,AddToPlaylist,AddToPlaylist,True,0.9641,False,False,False,"{'artist': 'jack white', 'reference': 'мой', 'playlist': 'This Is Shakira'}","{'artist': 'Jack White', 'playlist': 'This Is Shakira'}"
test_416,Я хочу забронировать ресторан на пять человек на Шри-Ланке .,BookRestaurant,BookRestaurant,True,0.9797,False,False,False,"{'restaurant_type': 'ресторан', 'party_size_number': 'пять', 'location': 'Шри - Ланке'}","{'party_size_number': 'пять', 'location': 'Шри-Ланка'}"
test_481,Включи британский блюз .,PlayMusic,BookRestaurant,False,0.9866,False,False,True,{'genre': 'британский блюз'},"{'datetime': 'триста тридцать три дня вперед', 'party_size_number': 'восемь', 'sort': 'высоко оцененного', 'restaurant_type': 'быстрого питания', 'cuisine': 'североиндийская', 'served_dish': 'британский блюз', 'location': 'недалеко от | Moores Mill'}"
test_162,Сколько снега прогнозируется?,weather/find,none,False,0.0,True,False,False,{'weather/attribute': 'снега'},{}
test_163,на улице жарко,weather/find,none,False,0.0,True,False,False,"{'location': 'улице', 'weather/attribute': 'жарко'}",{}
test_164,Какая температура будет сегодня?,weather/find,weather/find,True,0.9156,False,False,False,"{'weather/attribute': 'температура', 'datetime': 'сегодня'}","{'datetime': 'сегодня', 'location': 'текущий местоположение'}"
test_165,какая погода будет завтра в Далласе,weather/find,weather/find,True,0.9903,False,False,False,"{'datetime': 'завтра', 'location': 'Далласе'}","{'datetime': 'завтра', 'location': 'Даллас'}"
test_166,Покажи мне все текущие напоминания на сегодня,reminder/show_reminders,reminder/show_reminders,True,0.9691,False,False,False,"{'reference': 'все текущие', 'datetime': 'сегодня'}",{'datetime': 'сегодня'}
test_167,Установи еженедельное напоминание о покупках.,reminder/set_reminder,reminder/set_reminder,True,0.9225,False,False,False,"{'recurring_datetime': 'еженедельное', 'reminder/todo': 'покупках'}","{'datetime': 'еженедельно', 'reference': 'напоминание о покупках', 'reminder/todo': 'установить'}"
test_168,погода,weather/find,weather/find,True,0.7974,False,False,False,{},{}
test_169,Будет ли идти весь день дождь?,weather/find,weather/find,True,0.8782,False,False,False,"{'datetime': 'весь день', 'weather/attribute': 'дождь'}","{'location': 'Moores Mill', 'datetime': 'три дня вперед'}"
test_170,завтра будет дождь,weather/find,weather/find,True,0.9642,False,False,False,"{'datetime': 'завтра', 'weather/attribute': 'дождь'}","{'datetime': 'завтра', 'location': 'недалеко от | Moores Mill'}"
test_171,Напомни мне ответить на рабочие письма сегодня вечером,reminder/set_reminder,none,False,0.0,True,False,False,"{'reminder/todo': 'ответить на рабочие письма', 'datetime': 'сегодня вечером'}",{}
test_172,Удали будильники,alarm/cancel_alarm,alarm/cancel_alarm,True,0.8761,False,False,False,{},"{'datetime': 'три дня вперед', 'reference': 'будильники Moores Mill'}"
test_173,Отмени текущие будильники,alarm/cancel_alarm,alarm/cancel_alarm,True,0.905,False,False,False,{'reference': 'текущие'},"{'datetime': 'текущий', 'reference': 'текущий'}"
test_215,Могу ли я надеть сегодня шорты?,weather/find,weather/find,True,0.7538,False,False,False,"{'datetime': 'сегодня', 'weather/attribute': 'шорты'}","{'datetime': 'сегодня', 'location': 'не указано', 'weather/attribute': 'температура'}"
test_203,Завтра будет дождь?,weather/find,weather/find,True,0.9446,False,False,False,"{'datetime': 'Завтра', 'weather/attribute': 'дождь'}","{'datetime': 'завтра', 'location': 'не указано'}"
test_176,Установи будильник на 10 утра,alarm/set_alarm,alarm/set_alarm,True,0.914,False,False,False,{'datetime': '10 утра'},"{'datetime': '10 утра', 'reference': 'не указано'}"
test_177,Будет ли на этой недели дождь?,weather/find,weather/find,True,0.9138,False,False,False,"{'weather/attribute': 'дождь', 'datetime': 'этой недели'}","{'datetime': 'на этой неделе', 'location': 'не указано'}"
test_237,покажи все напоминания,reminder/show_reminders,reminder/set_reminder,False,0.9563,False,False,False,{'reference': 'все'},"{'datetime': 'триста тридцать три дня вперед', 'reference': 'восемь человек в высоко оцененном заведении быстрого питания, которое подает североиндийскую еду, недалеко от Moores Mill', 'reminder/todo': 'забронировать столик'}"
test_179,отмени будильники,alarm/cancel_alarm,alarm/cancel_alarm,True,0.926,False,False,False,{},"{'datetime': 'три дня вперед', 'reference': 'будильники'}"
test_180,отключи все будильники,alarm/cancel_alarm,alarm/cancel_alarm,True,0.9017,False,False,False,{'reference': 'все'},{'datetime': 'все будильники'}
test_181,покажи все предустановленные будильники,alarm/show_alarms,alarm/show_alarms,True,0.7579,False,False,False,{'reference': 'все'},{}
test_182,Установи будильник на каждую минуту в течение 20 минут.,alarm/set_alarm,alarm/set_alarm,True,0.8656,False,False,False,{'recurring_datetime': 'каждую минуту в течение 20 минут'},"{'datetime': 'каждая минута в течение 20 минут', 'reference': 'каждая минута'}"
test_183,Какие у меня напоминания?,reminder/show_reminders,none,False,0.0,True,False,False,{'reference': 'меня'},{}
test_184,отмени будильник на завтра,alarm/cancel_alarm,alarm/set_alarm,False,0.9487,False,False,False,{'datetime': 'завтра'},"{'datetime': 'завтра', 'reference': 'будильник'}"
test_185,мне нужен зонт сегодня?,weather/find,weather/find,True,0.9201,False,False,False,"{'weather/attribute': 'зонт', 'datetime': 'сегодня'}","{'datetime': 'сегодня', 'location': 'мое текущее местоположение'}"
test_186,сегодня будет снег?,weather/find,weather/find,True,0.9417,False,False,False,"{'datetime': 'сегодня', 'weather/attribute': 'снег'}","{'datetime': 'сегодня', 'location': 'не указано'}"
test_187,Напомни мне позвонить маме сегодня вечером,reminder/set_reminder,call_mom,False,0.9089,False,False,False,"{'reminder/todo': 'позвонить маме', 'datetime': 'сегодня вечером'}","{'datetime': 'сегодня вечером', 'reference': 'мама'}"
test_188,сегодня будет дождь,weather/find,weather/find,True,0.9705,False,False,False,"{'datetime': 'сегодня', 'weather/attribute': 'дождь'}","{'datetime': 'сегодня', 'location': 'недалеко от | Moores Mill'}"
test_189,В субботу будет дождь?,weather/find,weather/find,True,0.9549,False,False,False,"{'datetime': 'субботу', 'weather/attribute': 'дождь'}","{'datetime': 'в субботу', 'location': 'Moores Mill'}"
test_190,Будете ли вы ставить будильник каждую минуту в течение 20 минут?,alarm/set_alarm,alarm/set_alarm,True,0.768,False,False,False,{'recurring_datetime': 'каждую минуту в течение 20 минут'},"{'datetime': 'кажую минуту в течение 20 минут', 'reference': 'будильник'}"
test_191,Тропические штормы в Карибском море,weather/find,weather/find,True,0.9029,False,False,False,"{'weather/attribute': 'Тропические штормы', 'location': 'Карибском море'}",{'location': 'Карибское море'}
test_234,отмени все будильники,alarm/cancel_alarm,alarm/cancel_alarm,True,0.7866,False,False,False,{'reference': 'все'},{'datetime': 'все будильники'}
test_193,Установи будильник на каждые девять минут.,alarm/set_alarm,alarm/set_alarm,True,0.9233,False,False,False,{'recurring_datetime': 'каждые девять минут'},"{'datetime': 'каждые девять минут', 'reference': 'будильник'}"
test_194,Удали два последних напоминания в моем списке,reminder/cancel_reminder,reminder/cancel_reminder,True,0.9209,False,False,False,{'reference': 'два последних'},"{'datetime': 'два последних напоминания', 'reference': 'мой список'}"
test_195,какая сегодня погода,weather/find,weather/find,True,0.8945,False,False,False,{'datetime': 'сегодня'},{'location': 'текущий местоположение'}
test_196,включи текущий будильник,alarm/set_alarm,none,False,0.8185,True,False,False,{'reference': 'текущий'},{}
test_223,Какая сегодня влажность?,weather/find,weather/find,True,0.7979,False,False,False,"{'datetime': 'сегодня', 'weather/attribute': 'влажность'}",{'location': 'текущая'}
test_198,напомни мне установить будильник для подъема,reminder/set_reminder,alarm/set_alarm,False,0.9394,False,False,False,{'reminder/todo': 'установить будильник для подъема'},"{'datetime': 'для подъема', 'reference': 'будильник для подъема'}"
test_199,Будет ли в эти выходные снег?,weather/find,weather/find,True,0.975,False,False,False,"{'datetime': 'эти выходные', 'weather/attribute': 'снег'}","{'datetime': 'эти выходные', 'location': 'Moores Mill'}"
test_232,Насколько жарко будет сегодня?,weather/find,weather/find,True,0.9111,False,False,False,"{'weather/attribute': 'жарко', 'datetime': 'сегодня'}","{'datetime': 'сегодня', 'location': 'текущий местоположение'}"
test_201,На какое время установлен текущий будильник,alarm/show_alarms,alarm/show_alarms,True,0.9523,False,False,False,{'reference': 'текущий'},{}
test_202,Какая сегодня погода?,weather/find,weather/find,True,0.8939,False,False,False,{'datetime': 'сегодня'},{'location': 'текущая'}
test_203,Завтра будет дождь?,weather/find,weather/find,True,0.9446,False,False,False,"{'datetime': 'Завтра', 'weather/attribute': 'дождь'}","{'datetime': 'завтра', 'location': 'не указано'}"
test_204,Отмени текущий будильник на 5:15 утра во вторник,alarm/cancel_alarm,alarm/cancel_alarm,True,0.9503,False,False,False,"{'reference': 'текущий', 'datetime': '5:15 утра во вторник'}","{'datetime': '5:15 утра во вторник', 'reference': 'текущий будильник'}"
test_205,отмени напоминание о сегодняшней вечерней игре,reminder/cancel_reminder,none,False,0.0,True,False,False,"{'datetime': 'сегодняшней | вечерней', 'reminder/todo': 'игре'}",{}
test_206,Поставь будильник на 3 ночи,alarm/set_alarm,alarm/set_alarm,True,0.8019,False,False,False,{'datetime': '3 ночи'},{'datetime': '3 ночи'}
test_207,отмени все будильники на субботу,alarm/cancel_alarm,alarm/set_alarm,False,0.9113,False,False,False,"{'reference': 'все', 'datetime': 'субботу'}","{'datetime': 'суббота', 'reference': 'все будильники'}"
test_208,"мне нужно напоминание, чтобы забрать Лизу",reminder/set_reminder,reminder/set_reminder,True,0.7945,False,False,False,{'reminder/todo': 'забрать Лизу'},"{'datetime': 'три дня вперед', 'reference': 'Лиза', 'reminder/todo': 'забрать'}"
test_209,Какой сегодня максимум?,weather/find,weather/find,True,0.9359,False,False,False,"{'datetime': 'сегодня', 'weather/attribute': 'максимум'}","{'datetime': 'сегодня', 'location': 'текущий местоположение'}"
test_210,Будет ли сегодня облачно в Гриндстоуне?,weather/find,weather/find,True,0.9743,False,False,False,"{'datetime': 'сегодня', 'weather/attribute': 'облачно', 'location': 'Гриндстоуне'}",{'location': 'Гриндстоун'}
test_211,Напомни мне позже,reminder/set_reminder,AddToPlaylist,False,0.9345,False,False,False,{'datetime': 'позже'},"{'party_size_number': 'восемь', 'reference': 'триста тридцать три дня вперед', 'sort': 'высоко оцененного', 'restaurant_type': 'быстрого питания', 'cuisine': 'североиндийская', 'location': 'недалеко от | Moores Mill'}"
test_212,какая сегодня погода во Франции,weather/find,weather/find,True,0.9784,False,False,False,"{'location': 'Франции', 'datetime': 'сегодня'}",{'location': 'Франция'}
test_213,Будет ли солнечно на вечеринке в субботу,weather/find,weather/find,True,0.8355,False,False,False,"{'weather/attribute': 'солнечно', 'datetime': 'субботу'}","{'datetime': 'всего', 'location': 'на | вечеринке в субботу'}"
test_214,завтра пойдет дождь?,weather/find,weather/find,True,0.936,False,False,False,"{'datetime': 'завтра', 'weather/attribute': 'дождь'}","{'datetime': 'завтра', 'location': 'не указано'}"
test_215,Могу ли я надеть сегодня шорты?,weather/find,weather/find,True,0.7538,False,False,False,"{'datetime': 'сегодня', 'weather/attribute': 'шорты'}","{'datetime': 'сегодня', 'location': 'не указано', 'weather/attribute': 'температура'}"
test_216,Покажи текущее напоминание,reminder/show_reminders,none,False,0.0,True,False,False,{'reference': 'текущее'},{}
test_217,какой средний прогноз на сентябрь,weather/find,weather/find,True,0.9623,False,False,False,{'datetime': 'сентябрь'},"{'datetime': 'сентябрь', 'location': 'средний прогноз'}"
test_218,Сегодня холодно?,weather/find,weather/find,True,0.9065,False,False,False,"{'datetime': 'Сегодня', 'weather/attribute': 'холодно'}","{'datetime': 'сегодня', 'location': 'мое местоположение'}"
test_240,Отмени все напоминания,reminder/cancel_reminder,cancel_reminder,False,0.7551,False,False,False,{'reference': 'все'},{}
test_220,жарко?,weather/find,BookRestaurant,False,0.9701,False,False,False,{'weather/attribute': 'жарко'},"{'datetime': 'триста тридцать три дня вперед', 'party_size_number': 'восемь', 'sort': 'высоко оцененного', 'restaurant_type': 'быстрого питания', 'cuisine': 'североиндийская', 'location': 'недалеко от Moores Mill, жарко'}"
test_221,Поставь будильник на выходные в 2 часа дня,alarm/set_alarm,alarm/set_alarm,True,0.7714,False,False,False,{'recurring_datetime': 'выходные в 2 часа дня'},"{'datetime': 'выходные в 2 часа дня', 'reference': 'я не указал'}"
test_222,Поставь будильник на 2 утра,alarm/set_alarm,alarm/set_alarm,True,0.75,False,False,False,{'datetime': '2 утра'},{'datetime': '2 утра'}
test_223,Какая сегодня влажность?,weather/find,weather/find,True,0.7979,False,False,False,"{'datetime': 'сегодня', 'weather/attribute': 'влажность'}",{'location': 'текущая'}
test_224,покажи все текущие будильники,alarm/show_alarms,alarm/show_alarms,True,0.9584,False,False,False,{'reference': 'все текущие'},{}
test_225,Покажи мне все текущие напоминания,reminder/show_reminders,none,False,0.0,True,False,False,{'reference': 'все текущие'},{}
test_234,отмени все будильники,alarm/cancel_alarm,alarm/cancel_alarm,True,0.7866,False,False,False,{'reference': 'все'},{'datetime': 'все будильники'}
test_227,Надвигается ли гроза в моем районе?,weather/find,weather/find,True,0.9382,False,False,False,"{'weather/attribute': 'гроза', 'location': 'моем районе'}",{'location': 'твой район'}
test_195,какая сегодня погода,weather/find,weather/find,True,0.8945,False,False,False,{'datetime': 'сегодня'},{'location': 'текущий местоположение'}
test_229,удали последнее напоминание,reminder/cancel_reminder,BookRestaurant,False,0.9949,False,False,False,{'reference': 'последнее'},"{'datetime': 'триста тридцать три дня вперед', 'party_size_number': 'восемь', 'sort': 'высоко оцененного', 'restaurant_type': 'быстрого питания', 'cuisine': 'североиндийская', 'location': 'недалеко от Moores Mill'}"
test_230,Сколько времени осталость до будильника.,alarm/time_left_on_alarm,none,False,0.0,True,True,False,{},{}
test_231,Отмени все текущие будильники на воскресенье.,alarm/cancel_alarm,alarm/cancel_alarm,True,0.9162,False,False,False,"{'reference': 'все текущие', 'datetime': 'воскресенье'}","{'datetime': 'воскресенье', 'recurring_datetime': 'всегда'}"
test_232,Насколько жарко будет сегодня?,weather/find,weather/find,True,0.9111,False,False,False,"{'weather/attribute': 'жарко', 'datetime': 'сегодня'}","{'datetime': 'сегодня', 'location': 'текущий местоположение'}"
test_233,"Я бы хотел, чтобы ты создал новый будильник на завтрашнее утро в 8:45",alarm/set_alarm,alarm/set_alarm,True,0.948,False,False,False,{'datetime': 'завтрашнее утро в 8:45'},"{'datetime': 'завтрашнее утро в 8:45', 'reference': 'будильник'}"
test_234,отмени все будильники,alarm/cancel_alarm,alarm/cancel_alarm,True,0.7866,False,False,False,{'reference': 'все'},{'datetime': 'все будильники'}
test_235,Пойдет ли снег сегодня?,weather/find,weather/find,True,0.8824,False,False,False,"{'weather/attribute': 'снег', 'datetime': 'сегодня'}","{'datetime': 'сегодня', 'location': 'твой город'}"
test_236,напомни мне купить лед,reminder/set_reminder,grocery shopping,False,0.9554,False,False,False,{'reminder/todo': 'купить лед'},{'item': 'лед'}
test_237,покажи все напоминания,reminder/show_reminders,reminder/set_reminder,False,0.9563,False,False,False,{'reference': 'все'},"{'datetime': 'триста тридцать три дня вперед', 'reference': 'восемь человек в высоко оцененном заведении быстрого питания, которое подает североиндийскую еду, недалеко от Moores Mill', 'reminder/todo': 'забронировать столик'}"
test_245,покажи все будильники,alarm/show_alarms,alarm/show_alarms,True,0.8134,False,False,False,{'reference': 'все'},{}
test_239,Какая погода в Сан-Франциско?,weather/find,weather/find,True,0.9988,False,False,False,{'location': 'Сан - Франциско'},{'location': 'Сан-Франциско'}
test_240,Отмени все напоминания,reminder/cancel_reminder,cancel_reminder,False,0.7551,False,False,False,{'reference': 'все'},{}
test_241,Отмени напоминание о концерте,reminder/cancel_reminder,reminder/cancel_reminder,True,0.9483,False,False,False,{'reminder/todo': 'концерте'},{'reference': 'концерт'}
test_242,Отмени будильник на завтрашнее утро,alarm/cancel_alarm,alarm/set_alarm,False,0.865,False,False,False,{'datetime': 'завтрашнее утро'},"{'datetime': 'завтрашнее утро', 'reference': 'не указано', 'sort': 'не указано', 'service': 'не указано', 'recurring_datetime': 'не указано', 'reminder/todo': 'не указано'}"
test_243,будет ли дождь на этой недели,weather/find,weather/find,True,0.9077,False,False,False,"{'weather/attribute': 'дождь', 'datetime': 'этой недели'}","{'datetime': 'на этой неделе', 'location': 'не указано'}"
test_244,Какая погода будет в среду для игры в гольф,weather/find,weather/find,True,0.9138,False,False,False,{'datetime': 'среду'},"{'datetime': 'среда', 'location': 'не указано'}"
test_245,покажи все будильники,alarm/show_alarms,alarm/show_alarms,True,0.8134,False,False,False,{'reference': 'все'},{}
test_246,отключи все будильники на завтра,alarm/cancel_alarm,alarm/cancel_alarm,True,0.9241,False,False,False,"{'reference': 'все', 'datetime': 'завтра'}","{'datetime': 'завтра', 'reference': 'все'}"
test_56,Установи будильник на 5 часов вечера сегодня,alarm/set_alarm,alarm/set_alarm,True,0.9146,False,False,False,{'datetime': '5 часов вечера сегодня'},"{'datetime': '5 часов вечера сегодня', 'reference': 'текущий день'}"
,поставь будильник на 7 утра на завтра,alarm/set_alarm,alarm/set_alarm,True,0.9382,False,False,False,{'datetime': '7 утра на завтра'},"{'datetime': '7 утра на завтра', 'reference': 'на завтра'}"
test_249,Завтра будет солнечно?,weather/find,weather/find,True,0.9361,False,False,False,"{'datetime': 'Завтра', 'weather/attribute': 'солнечно'}","{'datetime': 'завтра', 'location': 'не указано'}"
test_250,насколько жарко будет сегодня,weather/find,weather/find,True,0.9625,False,False,False,"{'weather/attribute': 'жарко', 'datetime': 'сегодня'}","{'datetime': 'сегодня', 'location': 'Moores Mill'}"
test_251,Поставь ноль звезд игре Halo: Призраки Оникса,RateBook,none,False,0.0,True,False,False,"{'rating_value': 'ноль', 'rating_unit': 'звезд', 'object_name': 'Halo: Призраки Оникса'}",{}
,Включи музыку Джой Нило.,PlayMusic,PlayMusic,True,0.9177,False,False,False,{'artist': 'Джой Нило'},"{'artist': 'Джой Нило', 'playlist': 'включи музыку Джой Нило'}"
,"Пожалуйста, найди мне видеоигру под названием 20 часов в Америке.",SearchCreativeWork,SearchCreativeWork,True,0.9457,False,False,False,"{'object_type': 'видеоигру', 'object_name': '20 часов в Америке'}","{'object_name': '20 часов в Америке', 'object_type': 'videogi'}"
test_254,Включи мой изобретательный плейлист,PlayMusic,none,False,0.0,True,False,False,{'playlist': 'изобретательный'},{}
test_255,Забронируй место на 9 в Термонте,BookRestaurant,BookRestaurant,True,0.9873,False,False,False,"{'party_size_number': '9', 'location': 'Термонте'}","{'party_size_number': '9', 'location': 'Термонт'}"
test_256,Добавь эту мелодию в плейлист вечеринок 80-х для Дорти,AddToPlaylist,AddToPlaylist,True,0.9119,False,False,False,"{'music_item': 'мелодию', 'playlist': 'вечеринок 80-х', 'reference': 'Дорти'}","{'entity_name': 'вечеринок 80-х', 'music_item': 'мелодия', 'playlist': 'Дорти'}"
,Включи новейшую мелодию Эдди Винсона на Last Fm.,PlayMusic,PlayMusic,True,0.9569,False,False,False,"{'sort': 'новейшую', 'music_item': 'мелодию', 'artist': 'Эдди Винсона', 'service': 'Last Fm'}","{'artist': 'Эдди Винсон', 'service': 'Last Fm', 'sort': 'новейшая', 'track': 'мелодия'}"
,Проверь прогноз для Небраски.,weather/find,weather/find,True,0.9463,False,False,False,{'location': 'Небраски'},{'location': 'Небраска'}
,В Северной Каролине сейчас шторм?,weather/find,weather/find,True,0.9904,False,False,True,"{'location': 'Северной Каролине', 'datetime': 'сейчас', 'condition_description': 'шторм'}",{'location': 'Северная Каролина'}
,Я хочу послушать миньон 1988 года.,PlayMusic,PlayMusic,True,0.8677,False,False,False,"{'music_item': 'миньон', 'datetime': '1998 года'}","{'music_item': 'миньон 1988 года', 'sort': 'по годам', 'track': 'миньон'}"
test_261,Мне нужно время спектакля A Yiddish World Remembered в театрах Дипсон,SearchScreeningEvent,SearchScreeningEvent,True,0.9187,False,False,False,"{'object_type': 'время', 'movie_name': 'A Yiddish World Remembered', 'location': 'театрах Дипсон'}","{'object_name': 'A Yiddish World Remembered', 'object_type': 'спектакль', 'datetime': 'в театрах Дипсон'}"
test_262,Поставь текущему учебнику 1 из 6,RateBook,BookRestaurant,False,0.9401,False,False,False,"{'object_select': 'текущему', 'object_type': 'учебнику', 'rating_value': '1', 'best_rating': '6'}","{'datetime': 'текущий', 'party_size_number': '1', 'sort': 'высоко оцененного', 'restaurant_type': 'быстрого питания', 'cuisine': 'североиндийская', 'location': 'недалеко от | Moores Mill'}"
test_263,Добавь мелодию Мэтта Мерфи в плейлист  Flow Español.,AddToPlaylist,AddToPlaylist,True,0.958,False,False,False,"{'music_item': 'мелодию', 'artist': 'Мэтта Мерфи', 'playlist': 'Flow Español.'}","{'artist': 'Мэтт Мерфи', 'playlist': 'Flow Español', 'music_item': 'мелодия'}"
,Я хочу забронировать суданский гастропаб поблизости в Техасе для 3 человек на 5/20/2025.,BookRestaurant,BookRestaurant,True,0.9436,False,False,True,"{'cuisine': 'суданский', 'restaurant_type': 'гастропаб', 'location': 'поблизости | Техасе', 'party_size_number': '3', 'datetime': '5/20/2025'}","{'datetime': '5/20/2025', 'party_size_number': '3', 'cuisine': 'суданский гастропаб', 'location': 'Техас'}"
test_265,Не мог бы ты найти телесериал The Approach,SearchCreativeWork,none,False,0.0,True,False,False,"{'object_type': 'телесериал', 'object_name': 'The Approach'}",{}
test_266,Поставь этой хронике 2 балла.,RateBook,none,False,0.0,True,False,True,"{'object_select': 'этой', 'object_part_of_series_type': 'хронике', 'rating_value': '2'}",{}
test_267,Поставь The American Scene 2  из 6 звезд,RateBook,unknown,False,0.9098,False,False,False,"{'object_name': 'The American Scene', 'rating_value': '2', 'best_rating': '6', 'rating_unit': 'звезд'}",{}
test_268,Добавь Эмили Отем в мой плейлист Nação Reggae.,AddToPlaylist,AddToPlaylist,True,0.9531,False,False,False,"{'artist': 'Эмили Отем', 'reference': 'мой', 'playlist': 'Nação Reggae'}","{'entity_name': 'Nação Reggae', 'artist': 'Эмили Отем', 'playlist': 'мой плейлист'}"
test_269,Я хочу забронировать еврейский ресторан в Гамбии .,BookRestaurant,BookRestaurant,True,0.9739,False,False,True,"{'cuisine': 'еврейский', 'restaurant_type': 'ресторан', 'location': 'Гамбии'}","{'cuisine': 'еврейский', 'location': 'Гамбия'}"
test_270,забронируй столик в ресторане Fried chicken,BookRestaurant,none,False,0.0,True,False,True,{'restaurant_name': 'ресторане Fried chicken'},{}
test_271,добавь we have a theme song для моего плейлиста House Afterwork,AddToPlaylist,AddToPlaylist,True,0.9116,False,False,False,"{'entity_name': 'we have a theme song', 'reference': 'моего', 'playlist': 'House Afterwork'}","{'entity_name': 'House Afterwork', 'music_item': 'theme song'}"
test_272,Какая погода будет недалеко отсюда девятнадцатого октября 2026 года?,weather/find,none,False,0.0,True,False,False,"{'location': 'недалеко отсюда', 'datetime': 'девятнадцатого октября 2026 года'}",{}
,Погода в Урюпинске Россия на 12/26/2018,weather/find,weather/find,True,0.992,False,False,False,"{'location': 'Урюпинске | Россия', 'datetime': '12/26/2018'}","{'datetime': '12/26/2018', 'location': 'Урюпинск, Россия'}"
,Я хочу забронировать ресторан для моего тестя и меня в Бакнере через год.,BookRestaurant,BookRestaurant,True,0.9547,False,False,True,"{'restaurant_type': 'ресторан', 'party_size_description': 'моего тестя и меня', 'location': 'Бакнере', 'datetime': 'через год'}","{'datetime': 'через год', 'party_size_number': 'двое', 'location': 'Бакнер'}"
test_275,Оцени эту книгу на 1,RateBook,RateBook,True,0.9564,False,False,False,"{'object_select': 'эту', 'object_type': 'книгу', 'rating_value': '1'}","{'rating_value': '1', 'object_name': 'книга'}"
test_276,добавь этого исполнителя в мой плейлист spotlight on country 2016,AddToPlaylist,AddToPlaylist,True,0.8985,False,False,False,"{'music_item': 'исполнителя', 'reference': 'мой', 'playlist': 'spotlight on country 2016'}","{'entity_name': 'my playlist', 'service': 'spotlight on country 2016', 'artist': 'исполнитель'}"
test_277,Не мог бы ты найти фотографию Epic Conditions?,SearchCreativeWork,weather/find,False,0.9013,False,False,False,"{'object_type': 'фотографию', 'object_name': 'Epic Conditions'}","{'condition_description': 'Фотография Epic Conditions', 'object_name': 'Фотография Epic Conditions'}"
test_278,Включи rich sex на Iheart,PlayMusic,none,False,0.0,True,False,True,"{'track': 'rich sex', 'service': 'Iheart'}",{}
test_279,Играет ли Барток Великолепный в семь утра?,SearchScreeningEvent,search/creativeWork,False,0.7197,False,False,False,"{'movie_name': 'Барток Великолепный', 'datetime': 'семь утра'}","{'object_name': 'Велолепный', 'object_type': 'опера'}"
test_280,Включи что-нибудь на Zvooq,PlayMusic,BookRestaurant,False,0.9776,False,False,False,{'service': 'Zvooq'},"{'datetime': 'триста тридцать три дня вперед', 'party_size_number': 'восемь', 'sort': 'высоко оцененного', 'restaurant_type': 'быстрого питания', 'cuisine': 'североиндийская', 'location': 'недалеко от Moores Mill', 'facility': 'Zvooq'}"
test_281,Позволь мне послушать музыку Криса Найта,PlayMusic,PlayMusic,True,0.9034,False,False,False,{'artist': 'Криса Найта'},"{'artist': 'Крис Найт', 'sort': 'название'}"
test_282,включи альбом Джилл Собул,PlayMusic,none,False,0.0,True,False,True,"{'music_item': 'альбом', 'album': 'Джилл Собул'}",{}
test_283,Поставь четыре звезды The Broken Window,RateBook,RateBook,True,0.9319,False,False,False,"{'rating_value': 'четыре', 'rating_unit': 'звезды', 'object_name': 'The Broken Window'}","{'rating_value': 'четыре звезды', 'object_name': 'The Broken Window', 'object_type': 'театр'}"
test_284,Расскажи мне прогноз на 6 утра в Татра-Национальном парке,weather/find,none,False,0.0,True,False,False,"{'datetime': '6 утра', 'location': 'Татра - Национальном парке'}",{}
,"Пожалуйста, забронируй мне стол в кафе, где подают домашнее печенье.",BookRestaurant,BookRestaurant,True,0.9369,False,False,True,"{'restaurant_type': 'кафе', 'served_dish': 'домашнее печенье'}","{'cuisine': 'домашнее печенье', 'restaurant_type': 'кафе'}"
,Оцени серию The Mystery of the Tolling Bell на 4 звезды.,RateBook,RateBook,True,0.9545,False,False,True,"{'object_part_of_series_type': 'серию', 'object_name': 'The Mystery of the Tolling Bell', 'rating_value': '4', 'rating_unit': 'звезды'}","{'object_name': 'The Mystery of the Tolling Bell', 'rating_value': '4', 'rating_unit': 'звезды'}"
test_287,Используй Groove Shark для воспроизведения музыки,PlayMusic,PlayMusic,True,0.992,False,False,False,{'service': 'Groove Shark'},{'service': 'Groove Shark'}
,Проверь расписание сеансов Snowbound в ближайшем кинотеатре.,SearchScreeningEvent,SearchScreeningEvent,True,0.8279,False,False,True,"{'movie_name': 'Snowbound', 'location': 'ближайшем', 'object_location_type': 'кинотеатре'}","{'object_location_type': 'близко к Snowbound', 'object_type': 'кинотеатры'}"
test_289,Пожалуйста открой Zvooq,PlayMusic,none,False,0.0,True,False,False,{'service': 'Zvooq'},{}
test_290,забронируй место на 1 человека в Town of Ramsgate in Merit,BookRestaurant,BookRestaurant,True,0.9742,False,False,True,"{'party_size_number': '1', 'restaurant_name': 'Town of Ramsgate', 'location': 'Merit'}","{'party_size_number': '1', 'location': 'Town of Ramsgate'}"
,Будет ли Теория большого взрыва идти в 7 вечера?,SearchScreeningEvent,alarm/set_alarm,False,0.9081,False,False,False,"{'movie_name': 'Теория большого взрыва', 'datetime': '7 вечера'}","{'datetime': '7 вечера', 'reference': 'Теория большого взрыва', 'sort': 'alarm/set_alarm'}"
,станет ли прохладнее в Кастерском национальном лесу в семь вечера,weather/find,weather/find,True,0.8337,False,False,True,"{'condition_temperature': 'прохладнее', 'location': 'Кастерском национальном лесу', 'datetime': 'семь вечера'}","{'datetime': 'семь вечера', 'location': 'Кастерский национальный лес'}"
test_293,Я хочу послушать что-нибудь на Ютубе.,PlayMusic,PlayMusic,True,0.889,False,False,False,{'service': 'Ютубе'},"{'service': 'Ютуб', 'sort': 'по названию', 'track': 'что-то'}"
test_294,Найди игру Difficult Loves,SearchCreativeWork,none,False,0.0,True,False,False,"{'object_type': 'игру', 'object_name': 'Difficult Loves'}",{}
,Какой прогноз погоды на 20 февраля в Bothe-Napa Valley State Park?,weather/find,none,False,0.0,True,False,False,"{'datetime': '20 февраля', 'location': 'Bothe-Napa Valley State Park'}",{}
test_296,покажи мне расписание фильма The Great Gildersleeve возле кинотеатра,SearchScreeningEvent,SearchCreativeWork,False,0.9823,False,False,True,"{'object_type': 'расписание', 'movie_name': 'The Great Gildersleeve', 'object_location_type': 'кинотеатра'}","{'object_name': 'The Great Gildersleeve', 'object_type': 'фильм'}"
test_297,Расскажи мне о прогнозе погоды в Гибсленде,weather/find,none,False,0.0,True,False,False,{'location': 'Гибсленде'},{}
test_298,Могу ли я узнать время сеансов в кинотеатрах по соседству?,SearchScreeningEvent,SearchScreeningEvent,True,0.9,False,False,False,"{'object_type': 'время сеансов', 'movie_type': 'кинотеатрах', 'location': 'по соседству'}","{'object_location_type': 'по соседству', 'sort': 'время сеансов'}"
test_299,Оцени Soul Music на 0 .,RateBook,unknown,False,0.9379,False,False,False,"{'object_name': 'Soul Music', 'rating_value': '0'}",{}
test_300,Забронируй столик на пять человек в татарской таверне в Сарджентсе,BookRestaurant,BookRestaurant,True,0.957,False,False,True,"{'party_size_number': 'пять', 'cuisine': 'татарской', 'restaurant_type': 'таверне', 'location': 'Сарджентсе'}","{'party_size_number': 'пять', 'cuisine': 'татарская', 'restaurant_type': 'таверна', 'location': 'Сарджентс'}"
,Включи All Things Must Pass,PlayMusic,BookRestaurant,False,0.9817,False,False,True,{'track': 'All Things Must Pass'},"{'datetime': 'триста тридцать три дня вперед', 'party_size_number': 'восемь', 'sort': 'высоко оцененного', 'restaurant_type': 'быстрого питания', 'cuisine': 'североиндийская', 'served_dish': 'All Things Must Pass', 'location': 'недалеко от | Moores Mill'}"
test_302,Какой прогноз дождя в Южной Корее через час,weather/find,weather/find,True,0.9827,False,False,True,"{'condition_description': 'дождя', 'location': 'Южной Корее', 'datetime': 'час'}","{'datetime': 'через час', 'location': 'Южная Корея'}"
test_303,Забронируй место на 4 персоны в Оклахоме в South Street Diner,BookRestaurant,BookRestaurant,True,0.9583,False,False,True,"{'party_size_number': '4', 'location': 'Оклахоме', 'restaurant_name': 'South Street Diner'}","{'party_size_number': 'четыре', 'location': 'Оклахома, South Street Diner'}"
,Включи музыку с Нетфликса.,PlayMusic,PlayMusic,True,0.8302,False,False,False,{'service': 'Нетфликса'},"{'service': 'Нетфликс', 'sort': 'высоко', 'track': 'включи музыку'}"
,Я хочу увидеть Shattered Image,SearchScreeningEvent,SearchCreativeWork,False,0.9993,False,False,False,{'movie_name': 'Shattered Image'},{'object_name': 'Shattered Image'}
test_306,Найди The Sound of One Hand Clapping,SearchCreativeWork,SearchCreativeWork,True,0.9845,False,False,False,{'object_name': 'The Sound of One Hand Clapping'},{'object_name': 'The Sound of One Hand Clapping'}
test_307,Найди альбом Wolves Within,SearchCreativeWork,SearchCreativeWork,True,0.9915,False,False,False,"{'object_type': 'альбом', 'object_name': 'Wolves Within'}","{'object_name': 'Wolves Within', 'object_type': 'альбом'}"
test_308,в каком кинотеатре идет We Are Northern Lights,SearchScreeningEvent,SearchScreeningEvent,True,0.859,False,False,True,"{'object_location_type': 'кинотеатре', 'movie_name': 'We Are Northern Lights'}","{'object_name': 'We Are Northern Lights', 'object_type': 'кино', 'location': 'недалеко от | кинотеатр'}"
test_309,Добавь our little corner of the world music from gilmore girls в мой плейлист The Funny Thing About Football Is.,AddToPlaylist,AddToPlaylist,True,0.9275,False,False,False,"{'entity_name': 'our little corner of the world music from gilmore girls', 'reference': 'мой', 'playlist': 'The Funny Thing About Football Is'}","{'entity_name': 'The Funny Thing About Football Is', 'music_item': 'our little corner of the world music from Gilmore Girls', 'playlist': 'my playlist'}"
test_317,Добавь новейшую песню Richard McNamara в плейлист Just Smile,AddToPlaylist,AddToPlaylist,True,0.9742,False,False,False,"{'music_item': 'песню', 'artist': 'Richard McNamara', 'playlist': 'Just Smile'}","{'entity_name': 'Just Smile', 'music_item': 'новейшая песня Richard McNamara'}"
test_318,насколько здесь будет холодно через секунду,weather/find,weather/find,True,0.9253,False,False,True,"{'location': 'здесь', 'condition_temperature': 'холодно', 'datetime': 'через секунду'}","{'datetime': 'через секунду', 'location': 'текущий местоположение'}"
test_319,Найди картинку с названием With You,SearchCreativeWork,none,False,0.0,True,False,False,"{'object_type': 'картинку', 'object_name': 'With You'}",{}
test_320,Найди творческую работу Deadly Weapons,SearchCreativeWork,SearchCreativeWork,True,0.9904,False,False,False,{'object_name': 'Deadly Weapons'},{'object_name': 'Deadly Weapons'}
,Какая погода будет в ноябре в Брукниле?,weather/find,weather/find,True,0.9475,False,False,False,"{'datetime': 'ноябре', 'location': 'Брукниле'}","{'datetime': 'ноябрь', 'location': 'Брукнинл'}"
test_322,Забронируй столик в кафе на лапшу,BookRestaurant,BookRestaurant,True,0.9339,False,False,True,"{'restaurant_type': 'кафе', 'served_dish': 'лапшу'}","{'restaurant_type': 'кафе', 'cuisine': 'лапша'}"
test_323,какой прогноз на Коста-Рике,weather/find,weather/find,True,0.9871,False,False,False,{'location': 'Коста - Рике'},{'location': 'Коста-Рика'}
test_324,Играет The Two Gladiators,SearchScreeningEvent,SearchCreativeWork,False,0.9495,False,False,False,{'movie_name': 'The Two Gladiators'},"{'object_name': 'The Two Gladiators', 'object_type': 'фильм'}"
test_325,какие фильмы в Star Theatres .,SearchScreeningEvent,SearchCreativeWork,False,0.9493,False,False,False,"{'movie_type': 'фильмы', 'location': 'Star Theatres'}","{'object_type': 'фильм', 'object_location_type': 'Star Theatres'}"
test_326,Можешь пожалуйста найти мне сагу Harry Hood ?,SearchCreativeWork,SearchCreativeWork,True,0.9437,False,False,False,"{'object_type': 'сагу', 'object_name': 'Harry Hood'}","{'object_name': 'Harry Hood', 'object_type': 'сага'}"
test_327,добавь эту мелодию в мой плейлист Sleepify,AddToPlaylist,AddToPlaylist,True,0.9023,False,False,False,"{'music_item': 'мелодию', 'reference': 'мой', 'playlist': 'Sleepify'}","{'entity_name': 'Sleepify', 'music_item': 'мелодия'}"
test_328,Заиграет ли Any Which Way You Can через 15 секунд,SearchScreeningEvent,none,False,0.0,True,False,False,"{'movie_name': 'Any Which Way You Can', 'datetime': 'через 15 секунд'}",{}
test_329,Включи музыку с E-type .,PlayMusic,PlayMusic,True,0.8902,False,False,False,{'artist': 'E-type'},"{'datetime': 'триста тридцать три дня вперед', 'genre': 'E-type', 'service': 'быстрого питания', 'sort': 'высоко оцененного', 'track': 'североиндийская еда'}"
,Поставь одну звезду текущей книге,RateBook,SearchCreativeWork,False,0.9393,False,False,False,"{'rating_value': 'одну', 'object_select': 'текущей', 'object_type': 'книге'}",{'object_name': 'текущая книга'}
test_331,Включи Another Passenger от Louis Nelson Delisle .,PlayMusic,BookRestaurant,False,0.9556,False,False,True,"{'album': 'Another Passenger', 'artist': 'Louis Nelson Delisle'}","{'party_size_number': 'восемь', 'sort': 'высоко оцененного', 'restaurant_type': 'быстрого питания', 'cuisine': 'североиндийская', 'location': 'недалеко от | Moores Mill', 'another_passenger': 'Louis Nelson Delisle'}"
test_332,Где я могу найти расписание фильмов,SearchScreeningEvent,SearchScreeningEvent,True,0.8547,False,False,False,{'object_type': 'расписание фильмов'},"{'object_type': 'фильм', 'sort': 'дата'}"
test_333,какой прогноз на сентябрь 26 в Эмерадо Сен-Пьер и Микелон,weather/find,weather/find,True,0.9763,False,False,False,"{'datetime': 'сентябрь 26', 'location': 'Эмерадо Сен - Пьер и Микелон'}","{'datetime': 'Сентябрь 26', 'location': 'Эмерадо Сен-Пьер и Микелон'}"
test_334,Давайте поедим рядом с Оукфилдом через пару минут в Ted Peters Famous Smoked Fish,BookRestaurant,BookRestaurant,True,0.902,False,False,True,"{'location': 'рядом с | Оукфилдом', 'datetime': 'через пару минут', 'restaurant_name': 'Ted Peters Famous Smoked Fish'}","{'datetime': 'через пару минут', 'location': 'рядом с Оукфилдом', 'party_size_number': 'не указано', 'sort': 'не указано', 'restaurant_name': 'Ted Peters Famous Smoked Fish', 'cuisine': 'не указано', 'restaurant_type': 'не указано'}"
test_335,найди мне трейлер Good Morning Sunshine,SearchCreativeWork,none,False,0.0,True,False,False,"{'object_type': 'трейлер', 'object_name': 'Good Morning Sunshine'}",{}
test_336,Я хочу забронировать пивную на 3 человек на Нидерландских Антильских островах .,BookRestaurant,BookRestaurant,True,0.9394,False,False,False,"{'restaurant_type': 'пивную', 'party_size_number': '3', 'location': 'Нидерландских Антильских островах'}","{'party_size_number': '3', 'sort': 'Нидерландские Антильские острова'}"
test_337,оцени этот текущий альбом на 0 звезд,RateBook,unknown,False,0.7965,False,False,False,"{'object_select': 'этот текущий', 'object_type': 'альбом', 'rating_value': '0', 'rating_unit': 'звезд'}",{}
test_338,Хотели бы забронировать место в Монако в кофейне Yankee Doodle Coffee Shop,BookRestaurant,BookRestaurant,True,0.8236,False,False,True,"{'location': 'Монако', 'restaurant_name': 'Yankee Doodle Coffee Shop'}","{'restaurant_name': 'Yankee Doodle Coffee Shop', 'location': 'Монако'}"
test_339,Добавь исполнителя в плейлист political punks.,AddToPlaylist,AddToPlaylist,True,0.9669,False,False,False,"{'music_item': 'исполнителя', 'playlist': 'political punks.'}","{'entity_name': 'political punks', 'playlist': 'political punks'}"
test_340,Будет ли холоднее через четыре месяца в Сувани AK,weather/find,weather/find,True,0.9383,False,False,True,"{'condition_temperature': 'холоднее', 'datetime': 'через четыре месяца', 'location': 'Сувани | AK'}","{'datetime': 'через четыре месяца', 'location': 'Сувани, AK'}"
test_341,добавь  Muzika za decu в мой плейлист Crash Course,AddToPlaylist,AddToPlaylist,True,0.9558,False,False,False,"{'entity_name': 'Muzika za decu', 'reference': 'мой', 'playlist': 'Crash Course'}","{'playlist': 'Muzika za decu', 'entity_name': 'Crash Course'}"
test_342,Можешь поискать сагу Molecular Oncology ?,SearchCreativeWork,SearchCreativeWork,True,0.9386,False,False,False,"{'object_type': 'сагу', 'object_name': 'Molecular Oncology'}","{'object_name': 'Molecular Oncology', 'object_type': 'сага'}"
test_343,Я хочу забронировать ресторан на шесть человек в Вагстаффе AK .,BookRestaurant,BookRestaurant,True,0.9764,False,False,False,"{'restaurant_type': 'ресторан', 'party_size_number': 'шесть', 'location': 'Вагстаффе | AK'}","{'party_size_number': 'шесть', 'location': 'Вагстафф AK'}"
test_344,Включи симфоническую музыку Дэвида Линдли .,PlayMusic,PlayMusic,True,0.8669,False,False,False,"{'music_item': 'симфоническую', 'artist': 'Дэвида Линдли'}","{'artist': 'Дэвид Линдли', 'sort': 'симфоническая музыка', 'playlist': 'включить'}"
,"Пожалуйста, найди мне телесериал Now We Are Married .",SearchCreativeWork,SearchCreativeWork,True,0.9656,False,False,False,"{'object_type': 'телесериал', 'object_name': 'Now We Are Married'}","{'object_name': 'Now We Are Married', 'object_type': 'телесериал'}"
test_346,Я хочу посмотреть Outcast .,SearchScreeningEvent,SearchCreativeWork,False,0.9751,False,False,False,{'movie_name': 'Outcast'},"{'object_name': 'Outcast', 'object_type': 'фильм'}"
test_347,добавь текущий трек в мой плейлист This Is Tchaikovsky,AddToPlaylist,AddToPlaylist,True,0.908,False,False,False,"{'music_item': 'трек', 'reference': 'мой', 'playlist': 'This Is Tchaikovsky'}","{'entity_name': 'текущий трек', 'music_item': 'This Is Tchaikovsky'}"
test_348,Включи This Is: Miles Davis на Lastfm .,PlayMusic,PlayMusic,True,0.9066,False,False,False,"{'playlist': 'This Is: Miles Davis', 'service': 'Lastfm'}","{'artist': 'Miles Davis', 'service': 'Lastfm', 'track': 'This Is: Miles Davis', 'playlist': 'Lastfm'}"
test_349,забронируй лучший столик в Танзании на 5 человек в кафе,BookRestaurant,BookRestaurant,True,0.9542,False,False,False,"{'sort': 'лучший', 'location': 'Танзании', 'party_size_number': '5', 'restaurant_type': 'кафе'}","{'party_size_number': '5', 'sort': 'лучший', 'location': 'Танзания', 'restaurant_type': 'кафе'}"
test_350,Давайте послушаем старого доброго Mohammad Mamlе на Vimeo .,PlayMusic,none,False,0.0,True,False,False,"{'sort': 'старого | доброго', 'artist': 'Mohammad Mamle', 'service': 'Vimeo'}",{}
test_351,Помести трек Vandemataram Srinivas в HipHop Hot 50 .,AddToPlaylist,none,False,0.0,True,False,False,"{'music_item': 'трек', 'artist': 'Vandemataram Srinivas', 'playlist': 'HipHop Hot 50'}",{}
test_352,Найди мне песню Secret South .,SearchCreativeWork,SearchCreativeWork,True,0.9879,False,False,False,"{'object_type': 'песню', 'object_name': 'Secret South'}","{'object_name': 'Secret South', 'object_type': 'песня'}"
test_353,песни девяностых на Zvooq,PlayMusic,PlayMusic,True,0.9099,False,False,False,"{'datetime': 'девяностых', 'service': 'Zvooq'}","{'artist': 'девяностые', 'genre': 'поп', 'service': 'Zvooq'}"
test_354,"какой прогноз погоды в Admire в Техасе, начиная с пяти вечера",weather/find,none,False,0.0,True,False,False,"{'location': 'Admire | Техасе', 'datetime': 'пяти | вечера'}",{}
test_355,Включи что-нибудь на Last Fm,PlayMusic,BookRestaurant,False,0.9663,False,False,False,{'service': 'Last Fm'},"{'datetime': 'триста тридцать три дня вперед', 'party_size_number': 'восемь', 'sort': 'высоко оцененного', 'restaurant_type': 'быстрого питания', 'cuisine': 'североиндийская', 'location': 'недалеко от | Moores Mill', 'service': 'Last Fm'}"
,Я хочу посмотреть The Portrait of a Lady в ближайшем кинотеатре.,SearchScreeningEvent,SearchCreativeWork,False,0.9783,False,False,True,"{'movie_name': 'The Portrait of a Lady', 'location': 'ближайшем', 'object_location_type': 'кинотеатре'}","{'object_name': 'The Portrait of a Lady', 'object_type': 'книга'}"
,Пожалуйста найди мне Phineas Redux.,SearchCreativeWork,SearchCreativeWork,True,0.9782,False,False,False,{'object_name': 'Phineas Redux'},{'object_name': 'Phineas Redux'}
test_358,Добавь мелодию 40 cal в плейлист laundry.,AddToPlaylist,AddToPlaylist,True,0.9418,False,False,False,"{'music_item': 'мелодию', 'artist': '40 cal', 'playlist': 'laundry'}","{'entity_name': 'Laundry', 'music_item': '40 cal melody'}"
,Открой itunes и включи Ben Burnley Ready To Die.,PlayMusic,none,False,0.0,True,False,True,"{'service': 'itunes', 'artist': 'Ben Burnley', 'album': 'Ready To Die'}",{}
,Какая погода будет около Памятника Лихула 5 декабря?,weather/find,none,False,0.0,True,False,False,"{'location': 'Памятника Лихула', 'datetime': '5 декабря'}",{}
,Покажи расписание Sexy Dance 2 в ближайшем кинотеатре.,SearchScreeningEvent,SearchCreativeWork,False,0.9309,False,False,True,"{'object_type': 'расписание', 'movie_name': 'Sexy Dance 2', 'location': 'ближайшем', 'object_location_type': 'кинотеатре'}","{'object_name': 'Sexy Dance 2', 'object_type': 'картинка'}"
,Найди песню с названием Live at the Kings Center.,SearchCreativeWork,weather/find,False,0.9249,False,False,False,"{'object_type': 'песню', 'object_name': 'Live at the Kings Center'}","{'object_name': 'Live at the Kings Center', 'weather/attribute': 'song title'}"
,"Какая погода в Тайонеке, Нью-Джерси?",weather/find,weather/find,True,0.9952,False,False,False,{'location': 'Тайонеке | Нью | - Джерси'},"{'location': 'Тайонек, Нью-Джерси'}"
test_364,Я хочу забронировать Tupelo Honey Cafe в Нью-Джерси для пяти человек.,BookRestaurant,BookRestaurant,True,0.9677,False,False,True,"{'restaurant_name': 'Tupelo Honey Cafe', 'location': 'Нью | - Джерси', 'party_size_number': 'пяти'}","{'restaurant_name': 'Tupelo Honey Cafe', 'location': 'Нью-Джерси', 'party_size_number': 'пять'}"
,Забронируй место для меня и моих племянниц в чайном домике.,BookRestaurant,BookRestaurant,True,0.909,False,False,True,"{'party_size_description': 'меня и моих племянниц', 'restaurant_type': 'чайном домике'}","{'facility': 'чайный домик', 'party_size_description': 'мне и моих племянниц', 'party_size_number': 'двое'}"
,Будет ли жарко в Нидерландах 16 февраля?,weather/find,weather/find,True,0.999,False,False,True,"{'condition_temperature': 'жарко', 'location': 'Нидерландах', 'datetime': '16 февраля'}","{'datetime': '16 февраля', 'location': 'Нидерланды'}"
,Я хотел бы добавить Jordan Rudess в плейлист Divertido para niños.,AddToPlaylist,AddToPlaylist,True,0.9301,False,False,False,"{'artist': 'Jordan Rudess', 'playlist': 'Divertido para niños'}","{'artist': 'Jordan Rudess', 'playlist': 'Divertido para niños', 'entity_name': 'Divertido para niños'}"
,Оцени In the Company of Cheerful Ladies на ноль из 6.,RateBook,RateBook,True,0.9448,False,False,False,"{'object_name': 'In the Company of Cheerful Ladies', 'rating_value': 'ноль', 'best_rating': '6'}","{'object_name': 'In the Company of Cheerful Ladies', 'rating_value': '0', 'rating_unit': 'из 6'}"
test_112,Что такое суровый прогноз погода?,weather/find,none,False,0.0,True,False,False,{'weather/attribute': 'суровый'},{}
test_113,напомни мне о визите к врачу на следующей недели,reminder/set_reminder,none,False,0.0,True,False,False,"{'reminder/todo': 'визите к врачу', 'datetime': 'на следующей недели'}",{}
test_114,поставь напоминание о походе в магазин в 8 утра,reminder/set_reminder,reminder/set_reminder,True,0.7964,False,False,False,"{'reminder/todo': 'походе в магазин', 'datetime': '8 утра'}","{'datetime': '8 утра', 'reference': 'похоже в магазин'}"
test_115,Поставь напоминание о сдачи вещей в химчистку,reminder/set_reminder,reminder/set_reminder,True,0.9124,False,False,False,{'reminder/todo': 'сдачи вещей в химчистку'},"{'datetime': 'время для напоминания', 'reference': 'сдача вещей в химчистку', 'reminder/todo': 'напоминание'}"
test_116,когда похоладает?,weather/find,none,False,0.0,True,False,False,{'weather/attribute': 'похоладает'},{}
test_243,будет ли дождь на этой недели,weather/find,weather/find,True,0.9077,False,False,False,"{'weather/attribute': 'дождь', 'datetime': 'этой недели'}","{'datetime': 'на этой неделе', 'location': 'не указано'}"
test_118,удали все будильники,alarm/cancel_alarm,BookRestaurant,False,0.9847,False,False,False,{'reference': 'все'},"{'datetime': 'триста тридцать три дня вперед', 'party_size_number': 'восемь', 'sort': 'высоко оцененного', 'restaurant_type': 'быстрого питания', 'cuisine': 'североиндийская', 'location': 'недалеко от Moores Mill'}"
test_179,отмени будильники,alarm/cancel_alarm,alarm/cancel_alarm,True,0.926,False,False,False,{},"{'datetime': 'три дня вперед', 'reference': 'будильники'}"
test_120,покажи мне текущие будильники,alarm/show_alarms,alarm/show_alarms,True,0.7679,False,False,False,{'reference': 'текущие'},{}
test_121,На какое время у меня установлен будильник?,alarm/show_alarms,unknown,False,0.9221,False,False,False,{},{}
test_189,В субботу пойдет дождь?,weather/find,weather/find,True,0.8871,False,False,False,{'datetime': 'субботу'},"{'datetime': 'суббота', 'location': 'текущий местоположение'}"
test_123,насколько жарко сегодня будет,weather/find,weather/find,True,0.9108,False,False,False,"{'weather/attribute': 'жарко', 'datetime': 'сегодня'}","{'datetime': 'сегодня', 'location': 'текущий местоположение'}"
test_124,Сбрось все будильники,alarm/cancel_alarm,alarm/snooze_alarm,False,0.87,False,False,False,{'reference': 'все'},"{'datetime': 'три дня вперед', 'reference': 'будильники'}"
test_125,Погода в Тахо в эти выходных?,weather/find,weather/find,True,0.98,False,False,False,"{'location': 'Тахо', 'datetime': 'эти выходные'}","{'datetime': 'эти выходные', 'location': 'Тахо'}"
test_126,Понадобится ли курта сегодня?,weather/find,weather/find,True,0.9346,False,False,False,"{'weather/attribute': 'куртка', 'datetime': 'сегодня'}","{'datetime': 'сегодня', 'location': 'Понадобится ли курта сегодня?'}"
test_127,Когда дождь закончится?,weather/find,weather/find,True,0.9728,False,False,False,{'weather/attribute': 'дождь'},{'location': 'недалеко от | Moores Mill'}
test_128,Поставь напоминание позвонить в школу в понедельник в 4 часа дня,reminder/set_reminder,reminder/set_reminder,True,0.9669,False,False,False,"{'reminder/todo': 'позвонить в школу', 'datetime': 'понедельник в 4 часа дня'}","{'datetime': 'понедельник в 4 часа дня', 'reference': 'школа'}"
test_129,Выключи текущий будильник.,alarm/cancel_alarm,alarm/cancel_alarm,True,0.923,False,False,False,{'reference': 'текущий'},"{'datetime': 'текущий', 'reference': 'текущий будильник'}"
test_130,Насколько холодно будет сегодня вечером?,weather/find,weather/find,True,0.9264,False,False,False,"{'weather/attribute': 'холодно', 'datetime': 'сегодня вечером'}","{'datetime': 'сегодня вечером', 'location': 'твой местоположение'}"
,поставь будильник на 7 утра на завтра,alarm/set_alarm,alarm/set_alarm,True,0.9382,False,False,False,{'datetime': '7 утра на завтра'},"{'datetime': '7 утра на завтра', 'reference': 'на завтра'}"
test_132,"Отмени текущее напоминание о том, чтобы забрать Роба",reminder/cancel_reminder,reminder/cancel_reminder,True,0.9385,False,False,False,"{'reference': 'текущее', 'reminder/todo': 'забрать Роба'}",{'reference': 'брать Роба'}
test_133,Создай напоминание на завтра о покупке молока,reminder/set_reminder,reminder/set_reminder,True,0.978,False,False,False,"{'datetime': 'завтра', 'reminder/todo': 'покупке молока'}","{'datetime': 'завтра', 'reference': 'покупка молока', 'reminder/todo': 'покупка молока'}"
test_134,поставь будильник на 6 вечера,alarm/set_alarm,alarm/set_alarm,True,0.7965,False,False,False,{'datetime': '6 вечера'},{'datetime': '6 вечера'}
test_135,запланируй ежедневный будильник на 7:30 вечера до удаления,alarm/set_alarm,alarm/set_alarm,True,0.9332,False,False,False,{'recurring_datetime': 'ежедневный | 7:30 вечера'},"{'datetime': '7:30 вечера', 'recurring_datetime': 'ежедневно', 'reference': 'до удаления'}"
test_198,напомни мне поставить будильник для подъема,reminder/set_reminder,alarm/set_alarm,False,0.9375,False,False,False,{'reminder/todo': 'поставить будильник для подъема'},"{'datetime': 'для подъема', 'reference': 'будильник для подъема'}"
test_137,Отмени текущее напоминание,reminder/cancel_reminder,cancel_reminder,False,0.7604,False,False,False,{'reference': 'текущее'},{}
test_235,Сегодня пойдет снег?,weather/find,weather/find,True,0.9058,False,False,False,"{'datetime': 'Сегодня', 'weather/attribute': 'снег'}","{'datetime': 'сегодня', 'location': 'ваш текущий местоположение'}"
test_139,Покажи мне все будильники,alarm/show_alarms,alarm/show_alarms,True,0.7964,False,False,False,{'reference': 'все'},{}
test_237,покажи все напоминания,reminder/show_reminders,reminder/set_reminder,False,0.9563,False,False,False,{'reference': 'все'},"{'datetime': 'триста тридцать три дня вперед', 'reference': 'восемь человек в высоко оцененном заведении быстрого питания, которое подает североиндийскую еду, недалеко от Moores Mill', 'reminder/todo': 'забронировать столик'}"
test_141,сколько времени осталось до текущего будильника,alarm/time_left_on_alarm,none,False,0.0,True,True,False,{'reference': 'текущего'},{}
test_142,поставь будильник на 2 часа,alarm/set_alarm,none,False,0.7722,True,False,False,{'datetime': '2 часа'},{}
test_143,Напомни мне купить хлеб после работы,reminder/set_reminder,None,False,0.9205,False,False,False,"{'reminder/todo': 'купить хлеб', 'datetime': 'после работы'}",{}
test_144,Сегодня будет дождь?,weather/find,weather/find,True,0.8979,False,False,False,"{'datetime': 'Сегодня', 'weather/attribute': 'дождь'}","{'datetime': 'сегодня', 'location': 'мое местоположение'}"
test_145,прочитай прогноз погоды на сегодня,weather/find,none,False,0.0,True,False,False,{'datetime': 'сегодня'},{}
test_146,На какое время установлен текущий будильник?,alarm/show_alarms,none,False,0.0,True,False,False,{'reference': 'текущий'},{}
test_147,завтра в 4 напомни мне сходить в торговый центр,reminder/set_reminder,alarm/set_alarm,False,0.9354,False,False,False,"{'datetime': 'завтра в 4', 'reminder/todo': 'сходить в торговый центр'}","{'datetime': 'завтра в 4', 'reference': 'напоминание', 'reminder/todo': 'сходить в торговый центр'}"
test_148,сегодня мне понадобится зонт,weather/find,weather/find,True,0.9472,False,False,False,"{'datetime': 'сегодня', 'weather/attribute': 'зонт'}","{'datetime': 'сегодня', 'location': 'недалеко от | Moores Mill'}"
test_216,Покажи текущее напоминание,reminder/show_reminders,none,False,0.0,True,False,False,{'reference': 'текущее'},{}
test_237,покажи все напоминания,reminder/show_reminders,reminder/set_reminder,False,0.9563,False,False,False,{'reference': 'все'},"{'datetime': 'триста тридцать три дня вперед', 'reference': 'восемь человек в высоко оцененном заведении быстрого питания, которое подает североиндийскую еду, недалеко от Moores Mill', 'reminder/todo': 'забронировать столик'}"
test_151,Установи напоминание покормить собаку в понедельник.,reminder/set_reminder,reminder/set_reminder,True,0.9354,False,False,False,"{'reminder/todo': 'покормить собаку', 'datetime': 'понедельник'}","{'datetime': 'понедельник', 'reference': 'покормить собаку', 'reminder/todo': 'покормить'}"
test_152,"Поставь напоминание ""Класс саб-йоги во вторник вечером в Bala"" на завтра",reminder/set_reminder,reminder/set_reminder,True,0.9469,False,False,False,"{'reminder/todo': 'Класс саб-йоги во вторник вечером в Bala', 'datetime': 'завтра'}","{'datetime': 'завтра', 'reference': 'Класс саб-йоги во вторник вечером в Bala', 'reminder/todo': 'set_reminder'}"
test_153,Отмени все напоминания на сегодня,reminder/cancel_reminder,reminder/cancel_reminder,True,0.956,False,False,False,"{'reference': 'все', 'datetime': 'сегодня'}","{'datetime': 'сегодня', 'reference': 'все напоминания'}"
test_154,Какая погода будет в Нью Йорке на этой недели,weather/find,weather/find,True,0.9362,False,False,False,"{'location': 'Нью Йорке', 'datetime': 'этой недели'}","{'datetime': 'на этой неделе', 'location': 'Нью-Йорк'}"
test_155,напомни мне о визите к доктору в четверг в 12 часов дня,reminder/set_reminder,none,False,0.0,True,False,False,"{'reminder/todo': 'визите к доктору', 'datetime': 'четверг в 12 часов дня'}",{}
test_156,Установи будильник на 6:50 вечера,alarm/set_alarm,alarm/set_alarm,True,0.7822,False,False,False,{'datetime': '6:50 вечера'},{'datetime': '6:50 вечера'}
test_235,Пойдет ли снег сегодня?,weather/find,weather/find,True,0.8824,False,False,False,"{'weather/attribute': 'снег', 'datetime': 'сегодня'}","{'datetime': 'сегодня', 'location': 'твой город'}"
test_158,Какие будильники установлены?,alarm/show_alarms,unknown,False,0.9021,False,False,False,{},{}
test_159,Установи напоминание на 7 октября,reminder/set_reminder,reminder/set_reminder,True,0.8974,False,False,False,{'datetime': '7 октября'},"{'datetime': '7 октября', 'reference': 'напоминание на | ресторан'}"
test_160,Будет ли сегодня снег?,weather/find,weather/find,True,0.9223,False,False,False,"{'datetime': 'сегодня', 'weather/attribute': 'снег'}","{'datetime': 'сегодня', 'location': 'не указано'}"
test_161,отложи будильник на 15 минут,alarm/snooze_alarm,alarm/set_alarm,False,0.9072,False,True,False,{'datetime': '15 минут'},"{'datetime': 'на 15 минут вперед', 'reference': 'будильник'}"
test_237,покажи все напоминания,reminder/show_reminders,reminder/set_reminder,False,0.9563,False,False,False,{'reference': 'все'},"{'datetime': 'триста тридцать три дня вперед', 'reference': 'восемь человек в высоко оцененном заведении быстрого питания, которое подает североиндийскую еду, недалеко от Moores Mill', 'reminder/todo': 'забронировать столик'}"
test_2,Нужен ли мне свитер?,weather/find,none,False,0.7667,False,False,False,{'weather/attribute': 'свитер'},{}
test_3,Добавь напоминание на сегодня на 4 часа дня,reminder/set_reminder,reminder/set_reminder,True,0.9004,False,False,False,{'datetime': 'сегодня на 4 часа дня'},"{'datetime': 'сегодня на 4 часа дня', 'reference': 'напоминание на столик в заведении быстрого питания'}"
test_137,Отмени текущее напоминание,reminder/cancel_reminder,cancel_reminder,False,0.7604,False,False,False,{'reference': 'текущее'},{}
test_5,Напомни мне заправиться.,reminder/set_reminder,reminder/set_reminder,True,0.859,False,False,False,{'reminder/todo': 'заправиться'},"{'datetime': 'текущий момент', 'reference': 'запомнить заправиться', 'reminder/todo': 'заправиться'}"
test_6,Нужен ли мне зонт в среду?,weather/find,weather/find,True,0.944,False,False,False,"{'weather/attribute': 'зонт', 'datetime': 'среду'}","{'datetime': 'среда', 'location': 'не указан'}"
test_7,отложи будильники на 5 минут,alarm/snooze_alarm,alarm/set_alarm,False,0.7471,False,True,False,{'datetime': '5 минут'},"{'datetime': 'в 5 минут', 'reference': 'будильник'}"
test_8,поставь напоминание о дне рождения Макса,reminder/set_reminder,reminder/set_reminder,True,0.9458,False,False,False,{'reminder/todo': 'напоминание о дне рождения Макса'},"{'datetime': 'день рождения Макса', 'reference': 'Макс'}"
test_237,покажи все напоминания,reminder/show_reminders,reminder/set_reminder,False,0.9563,False,False,False,{'reference': 'все'},"{'datetime': 'триста тридцать три дня вперед', 'reference': 'восемь человек в высоко оцененном заведении быстрого питания, которое подает североиндийскую еду, недалеко от Moores Mill', 'reminder/todo': 'забронировать столик'}"
test_10,Покажи все будильники.,alarm/show_alarms,alarm/show_alarms,True,0.7888,False,False,False,{'reference': 'все'},{}
test_144,Сегодня будет дождь?,weather/find,weather/find,True,0.8979,False,False,False,"{'datetime': 'Сегодня', 'weather/attribute': 'дождь'}","{'datetime': 'сегодня', 'location': 'мое местоположение'}"
test_12,Поставь будильник на 8 утра,alarm/set_alarm,alarm/set_alarm,True,0.8947,False,False,False,{'datetime': '8 утра'},"{'datetime': '8 утра', 'reference': 'будильник'}"
test_96,Какая сегодня температура?,weather/find,weather/find,True,0.8779,False,False,False,"{'datetime': 'сегодня', 'weather/attribute': 'температура'}","{'datetime': 'сегодня', 'location': 'текущая местность'}"
test_216,Покажи текущее напоминание,reminder/show_reminders,none,False,0.0,True,False,False,{'reference': 'текущее'},{}
test_245,покажи все будильники,alarm/show_alarms,alarm/show_alarms,True,0.8134,False,False,False,{'reference': 'все'},{}
test_16,Напомни мне поговорить с Беном о Джорджии,reminder/set_reminder,none,False,0.0,True,False,False,{'reminder/todo': 'поговорить с Беном о Джорджии'},{}
test_17,Поставь будильник на 5 утра,alarm/set_alarm,alarm/set_alarm,True,0.7251,False,False,False,{'datetime': '5 утра'},{'datetime': '5 утра'}
test_18,сегодня пасмурно,weather/find,weather/find,True,0.9666,False,False,False,"{'datetime': 'сегодня', 'weather/attribute': 'пасмурно'}","{'datetime': 'сегодня', 'location': 'недалеко от | Moores Mill', 'condition_description': 'пасмурно'}"
test_19,Сколько дюймов дождя выпадет сегодня?,weather/find,weather/find,True,0.9371,False,False,False,"{'weather/attribute': 'дюймов дождя', 'datetime': 'сегодня'}","{'datetime': 'сегодня', 'location': 'ваш текущий местоположение'}"
test_20,Напомни мне позвонить сестре завтра,reminder/set_reminder,reminder/cancel_reminder,False,0.9389,False,False,False,"{'reminder/todo': 'позвонить сестре', 'datetime': 'завтра'}","{'datetime': 'завтра', 'reference': 'сестра'}"
test_21,выключи будильник,alarm/cancel_alarm,alarm/set_alarm,False,0.763,False,False,False,{},{'datetime': 'три часа дня'}
test_22,Будет ли жарко на этой неделе?,weather/find,weather/find,True,0.9535,False,False,False,"{'weather/attribute': 'жарко', 'datetime': 'этой неделе'}","{'datetime': 'на этой неделе', 'location': 'Moores Mill'}"
test_23,Поставь будильник на 3 часа дня,alarm/set_alarm,alarm/set_alarm,True,0.8898,False,False,False,{'datetime': '3 часа дня'},"{'datetime': '3 часа дня', 'reference': 'три'}"
test_61,сегодня будет снег,weather/find,weather/find,True,0.9569,False,False,False,"{'datetime': 'сегодня', 'weather/attribute': 'снег'}","{'datetime': 'сегодня', 'location': 'недалеко от | Moores Mill', 'condition_description': 'снег'}"
test_118,удали все будильники,alarm/cancel_alarm,BookRestaurant,False,0.9847,False,False,False,{'reference': 'все'},"{'datetime': 'триста тридцать три дня вперед', 'party_size_number': 'восемь', 'sort': 'высоко оцененного', 'restaurant_type': 'быстрого питания', 'cuisine': 'североиндийская', 'location': 'недалеко от Moores Mill'}"
test_26,Покажи мне все напоминания,reminder/show_reminders,reminder/show_reminders,True,0.9262,False,False,False,{'reference': 'все'},{}
test_230,Сколько времени осталость до будильника.,alarm/time_left_on_alarm,none,False,0.0,True,True,False,{},{}
test_183,Какие у меня напоминания?,reminder/show_reminders,none,False,0.0,True,False,False,{'reference': 'меня'},{}
test_29,Поставь ежедневный будильник на 8 утра,alarm/set_alarm,alarm/set_alarm,True,0.7597,False,False,False,{'recurring_datetime': 'ежедневный | 8 утра'},{'datetime': '8 утра'}
test_30,можешь показать мне будильники?,alarm/show_alarms,alarm/show_alarms,True,0.7664,False,False,False,{},{}
test_31,В мире Диснея сегодня ожидаются бури?,weather/find,weather/find,True,0.8305,False,False,False,"{'location': 'В мире Диснея', 'datetime': 'сегодня', 'weather/attribute': 'бури'}","{'datetime': 'сегодня', 'location': 'Дисней'}"
test_61,сегодня будет снег,weather/find,weather/find,True,0.9569,False,False,False,"{'datetime': 'сегодня', 'weather/attribute': 'снег'}","{'datetime': 'сегодня', 'location': 'недалеко от | Moores Mill', 'condition_description': 'снег'}"
test_245,покажи все будильники,alarm/show_alarms,alarm/show_alarms,True,0.8134,False,False,False,{'reference': 'все'},{}
test_218,Сегодня холодно?,weather/find,weather/find,True,0.9065,False,False,False,"{'datetime': 'Сегодня', 'weather/attribute': 'холодно'}","{'datetime': 'сегодня', 'location': 'мое местоположение'}"
test_35,Пожалуйста отмени будильник на утро четверга.,alarm/cancel_alarm,alarm/cancel_alarm,True,0.7355,False,False,False,{'datetime': 'утро четверга'},"{'datetime': 'утро четверга', 'reference': 'требуется'}"
test_144,Сегодня будет дождь?,weather/find,weather/find,True,0.8979,False,False,False,"{'datetime': 'Сегодня', 'weather/attribute': 'дождь'}","{'datetime': 'сегодня', 'location': 'мое местоположение'}"
test_37,в Канаде идет снег,weather/find,weather/find,True,0.9475,False,False,False,"{'location': 'Канаде', 'weather/attribute': 'снег'}","{'location': 'Канада', 'condition_description': 'снег'}"
test_38,Какой максимум будет сегодня?,weather/find,weather/find,True,0.9355,False,False,False,"{'weather/attribute': 'максимум', 'datetime': 'сегодня'}","{'datetime': 'сегодня', 'location': 'текущий местоположение'}"
test_39,"Выпадет ли сегодня вечером достаточно снега, чтобы сделать поездки опасными?",weather/find,weather/find,True,0.9044,False,False,False,"{'datetime': 'сегодня вечером', 'weather/attribute': 'снега'}","{'datetime': 'сегодня вечером', 'location': 'текущий местоположение'}"
test_237,покажи все напоминания,reminder/show_reminders,reminder/set_reminder,False,0.9563,False,False,False,{'reference': 'все'},"{'datetime': 'триста тридцать три дня вперед', 'reference': 'восемь человек в высоко оцененном заведении быстрого питания, которое подает североиндийскую еду, недалеко от Moores Mill', 'reminder/todo': 'забронировать столик'}"
test_41,удали все напоминания,reminder/cancel_reminder,BookRestaurant,False,0.9896,False,False,False,{'reference': 'все'},"{'datetime': 'триста тридцать три дня вперед', 'party_size_number': 'восемь', 'sort': 'высоко оцененного', 'restaurant_type': 'быстрого питания', 'cuisine': 'североиндийская', 'location': 'недалеко от Moores Mill'}"
test_42,понадобится лм мне завтра куртка?,weather/find,reminder/cancel_reminder,False,0.9544,False,False,False,"{'datetime': 'завтра', 'weather/attribute': 'куртка'}","{'datetime': 'завтра', 'reference': 'куртка', 'reminder/todo': 'понадобится'}"
test_43,Сколько времени осталось до будильника,alarm/time_left_on_alarm,alarm/show_alarms,False,0.9312,False,True,False,{},{'reference': 'будильник'}
test_44,Останови будильник,alarm/snooze_alarm,alarm/set_alarm,False,0.7589,False,True,False,{},{'datetime': 'три часа дня'}
test_139,Покажи мне все будильники,alarm/show_alarms,alarm/show_alarms,True,0.7964,False,False,False,{'reference': 'все'},{}
test_46,Какая погода в Йеллоустоуне?,weather/find,weather/find,True,0.9807,False,False,False,{'location': 'Йеллоустоуне'},{'location': 'Йеллоустоун'}
test_202,Какая сегодня погода?,weather/find,weather/find,True,0.8939,False,False,False,{'datetime': 'сегодня'},{'location': 'текущая'}
test_48,"Удали текущее напоминание о том, что завтра нужно забрать Патрика из школы.",reminder/cancel_reminder,reminder/cancel_reminder,True,0.9386,False,False,False,"{'reference': 'текущее', 'datetime': 'завтра', 'reminder/todo': 'забрать Патрика из школы'}","{'datetime': 'завтра', 'reference': 'Патрик из школы', 'reminder/todo': 'забрать'}"
test_49,"Напомни мне завта в это же время, записаться на прием к врачу",reminder/set_reminder,alarm/set_alarm,False,0.9004,False,False,False,"{'datetime': 'завтра в это же время', 'reminder/todo': 'записаться на прием к врачу'}","{'datetime': 'завтра в это же время', 'reference': 'завтрак'}"
test_50,Напомни мне отказаться от аренды,reminder/set_reminder,BookRestaurant,False,0.9138,False,False,False,{'reminder/todo': 'отказаться от аренды'},{'intent': 'отказ от аренды'}
test_51,когда закончится дождь?,weather/find,weather/find,True,0.9657,False,False,False,{'weather/attribute': 'дождь'},{'location': 'недалеко от | Moores Mill'}
test_179,отмени будильники,alarm/cancel_alarm,alarm/cancel_alarm,True,0.926,False,False,False,{},"{'datetime': 'три дня вперед', 'reference': 'будильники'}"
test_53,Напомни мне позвонить Стефани во вторник,reminder/set_reminder,call/ScheduleCall,False,0.9372,False,False,False,"{'reminder/todo': 'позвонить Стефани', 'datetime': 'вторник'}","{'datetime': 'во вторник', 'reference': 'Стефани'}"
test_224,покажи все текущие будильники,alarm/show_alarms,alarm/show_alarms,True,0.9584,False,False,False,{'reference': 'все текущие'},{}
test_232,Насколько жарко сегодня будет?,weather/find,weather/find,True,0.9388,False,False,False,"{'weather/attribute': 'жарко', 'datetime': 'сегодня'}",{'location': 'Moores Mill'}
test_56,Установи будильник на 5 часов вечера сегодня,alarm/set_alarm,alarm/set_alarm,True,0.9146,False,False,False,{'datetime': '5 часов вечера сегодня'},"{'datetime': '5 часов вечера сегодня', 'reference': 'текущий день'}"
test_57,напомни мне сходить к врачу 21 августа в 3 часа дня,reminder/set_reminder,none,False,0.0,True,False,False,"{'reminder/todo': 'сходить к врачу', 'datetime': '21 августа в 3 часа дня'}",{}
test_58,отмени текущее повторяющееся напоминание о приеме лекарств ежедневно в 7 утра,reminder/cancel_reminder,reminder/cancel_reminder,True,0.9058,False,False,False,"{'reminder/todo': 'приеме лекарств', 'recurring_datetime': 'ежедневно в 7 утра'}","{'reference': 'прием лекарств ежедневно в 7 утра', 'reminder/todo': 'отменить'}"
test_59,когда по прогнозу будет дождь,weather/find,weather/find,True,0.9391,False,False,False,{'weather/attribute': 'дождь'},"{'condition_description': 'дождь', 'datetime': 'по прогнозу'}"
test_60,На какое время установлен текущий будильник на завтрашнее утро?,alarm/show_alarms,alarm/show_alarms,True,0.7944,False,False,False,"{'reference': 'текущий', 'datetime': 'завтрашнее утро'}",{'datetime': 'тучещее утро'}
test_61,сегодня будет снег,weather/find,weather/find,True,0.9569,False,False,False,"{'datetime': 'сегодня', 'weather/attribute': 'снег'}","{'datetime': 'сегодня', 'location': 'недалеко от | Moores Mill', 'condition_description': 'снег'}"
test_129,Выключи текущий будильник.,alarm/cancel_alarm,alarm/cancel_alarm,True,0.923,False,False,False,{'reference': 'текущий'},"{'datetime': 'текущий', 'reference': 'текущий будильник'}"
test_234,отмени все будильники,alarm/cancel_alarm,alarm/cancel_alarm,True,0.7866,False,False,False,{'reference': 'все'},{'datetime': 'все будильники'}
test_64,напомни мне купить продукты,reminder/set_reminder,None,False,0.9013,False,False,False,{'reminder/todo': 'купить продукты'},{}
test_65,Мне нужен будильник на 9 утра для завтрака,alarm/set_alarm,alarm/set_alarm,True,0.9284,False,False,False,{'datetime': '9 утра'},"{'datetime': '9 утра завтрака', 'reference': 'завтрака'}"
test_66,установи напоминание о просмотре Колтс за час до начала игры,reminder/set_reminder,reminder/set_reminder,True,0.893,False,False,False,"{'reminder/todo': 'просмотре Колтс', 'datetime': 'за час до начала игры'}","{'datetime': 'час до начала игры', 'reference': 'Колтс', 'reminder/todo': 'просмотр'}"
test_234,отмени все будильники,alarm/cancel_alarm,alarm/cancel_alarm,True,0.7866,False,False,False,{'reference': 'все'},{'datetime': 'все будильники'}
test_68,Отмени текущее третье напоминание в этом списке,reminder/cancel_reminder,reminder/cancel_reminder,True,0.9113,False,False,False,{'reference': 'текущее третье'},"{'datetime': 'текущее третье напоминание', 'reference': 'в этом списке'}"
test_87,установи будильник на 6 утра,alarm/set_alarm,none,False,0.8368,True,False,False,{'datetime': '6 утра'},{}
test_70,Сейчас сбрось этот будильник и установи на 2 часа дня,alarm/cancel_alarm,alarm/set_alarm,False,0.9336,False,False,False,"{'datetime': 'Сейчас | 2 часа дня', 'reference': 'этот'}","{'datetime': '2 часа дня', 'reference': 'будильник'}"
test_71,Пойдет ли снег?,weather/find,weather/find,True,0.9446,False,False,False,{'weather/attribute': 'снег'},{'location': 'недалеко от | Moores Mill'}
test_72,Напомни мне заплатить арендную плату.,reminder/set_reminder,reminder/cancel_reminder,False,0.775,False,False,False,{'reminder/todo': 'заплатить арендную плату'},"{'datetime': 'три месяца вперед', 'reference': 'арендная плата', 'reminder/todo': 'платить'}"
test_73,какой минимум на завтра,weather/find,reminder/set_reminder,False,0.8957,False,False,False,"{'weather/attribute': 'минимум', 'datetime': 'завтра'}","{'datetime': 'завтра', 'reference': 'минимум', 'reminder/todo': 'покупка'}"
test_74,cегодня будет солнечно?,weather/find,weather/find,True,0.8305,False,False,False,"{'datetime': 'сегодня', 'weather/attribute': 'солнечно'}","{'datetime': 'сегодня', 'location': 'Мо'}"
test_84,Сколько у меня напоминаний на сегодня?,reminder/show_reminders,reminder/show_reminders,True,0.9082,False,False,False,{'datetime': 'сегодня'},"{'datetime': 'сегодня', 'reference': 'my reminders'}"
test_76,Какие у меня напоминание на завтра?,reminder/show_reminders,reminder/show_reminders,True,0.9409,False,False,False,"{'reference': 'меня', 'datetime': 'завтра'}",{}
test_77,Отмени все текущие напоминания.,reminder/cancel_reminder,reminder/cancel_reminder,True,0.9271,False,False,False,{'reference': 'все текущие'},{'reminder/todo': 'все'}
test_78,установи будильник на 6 утра на завтра,alarm/set_alarm,alarm/set_alarm,True,0.9402,False,False,False,{'datetime': '6 утра на завтра'},"{'datetime': '6 утра на завтра', 'reference': 'на завтра'}"
test_79,Установи будильник на 30 минут,alarm/set_alarm,alarm/set_alarm,True,0.9415,False,False,False,{'datetime': '30 минут'},{'datetime': 'в 30 минут'}
test_80,Установи будильник на час вперед,alarm/set_alarm,alarm/set_alarm,True,0.9007,False,False,False,{'datetime': 'час вперед'},"{'datetime': 'час вперед', 'reference': 'не указано'}"
test_234,отмени все будильники,alarm/cancel_alarm,alarm/cancel_alarm,True,0.7866,False,False,False,{'reference': 'все'},{'datetime': 'все будильники'}
test_82,прогноз погоды в Лос Анджелесе,weather/find,weather/find,True,0.9788,False,False,False,{'location': 'Лос Анджелесе'},{'location': 'Лос Анджелес'}
test_234,отмени все будильники,alarm/cancel_alarm,alarm/cancel_alarm,True,0.7866,False,False,False,{'reference': 'все'},{'datetime': 'все будильники'}
test_84,Сколько у меня напоминаний на сегодня?,reminder/show_reminders,reminder/show_reminders,True,0.9082,False,False,False,{'datetime': 'сегодня'},"{'datetime': 'сегодня', 'reference': 'my reminders'}"
test_85,Напомни мне купить бумажные полотенца в магазине завтра,reminder/set_reminder,AddToPlaylist,False,0.7872,False,False,False,"{'reminder/todo': 'купить бумажные полотенца в магазине', 'datetime': 'завтра'}","{'entity_name': 'магазин', 'datetime': 'завтра', 'sort': 'первый'}"
test_225,Покажи мне все текущие напоминания,reminder/show_reminders,none,False,0.0,True,False,False,{'reference': 'все текущие'},{}
test_87,поставь будильник на 6 утра,alarm/set_alarm,alarm/set_alarm,True,0.8052,False,False,False,{'datetime': '6 утра'},{'datetime': '6 утра'}
test_88,завтра будет снег,weather/find,weather/find,True,0.9505,False,False,False,"{'datetime': 'завтра', 'weather/attribute': 'снег'}","{'datetime': 'завтра', 'location': 'недалеко от | Moores Mill', 'condition_description': 'снег'}"
test_89,удали текущий будильник на завтрашнее утро,alarm/cancel_alarm,alarm/snooze_alarm,False,0.9423,False,False,False,"{'reference': 'текущий', 'datetime': 'завтрашнее утро'}","{'datetime': 'завтрашнее утро', 'reference': 'текущий будильник'}"
test_90,Установи будильник на полдень только по пондельникам.,alarm/set_alarm,alarm/set_alarm,True,0.951,False,False,False,{'recurring_datetime': 'полдень только по понедельникам'},"{'datetime': 'полдень по пондельникам', 'recurring_datetime': 'по пондельникам'}"
test_232,Насколько жарко будет сегодня?,weather/find,weather/find,True,0.9111,False,False,False,"{'weather/attribute': 'жарко', 'datetime': 'сегодня'}","{'datetime': 'сегодня', 'location': 'текущий местоположение'}"
test_92,напомни мне установить будильники на утром,reminder/set_reminder,alarm/set_alarm,False,0.8759,False,False,False,"{'reminder/todo': 'установить будильники', 'datetime': 'утро'}","{'datetime': 'утром', 'reference': 'будильник на утро'}"
test_118,удали все будильники,alarm/cancel_alarm,BookRestaurant,False,0.9847,False,False,False,{'reference': 'все'},"{'datetime': 'триста тридцать три дня вперед', 'party_size_number': 'восемь', 'sort': 'высоко оцененного', 'restaurant_type': 'быстрого питания', 'cuisine': 'североиндийская', 'location': 'недалеко от Moores Mill'}"
test_245,покажи все будильники,alarm/show_alarms,alarm/show_alarms,True,0.8134,False,False,False,{'reference': 'все'},{}
test_97,отключи будильник,alarm/cancel_alarm,alarm/set_alarm,False,0.7883,False,False,False,{},"{'datetime': 'три дня вперед', 'reference': 'будильник', 'sort': 'высоко оцененного'}"
test_96,Какая температура сегодня?,weather/find,weather/find,True,0.8715,False,False,False,"{'weather/attribute': 'температура', 'datetime': 'сегодня'}","{'datetime': 'сегодня', 'location': 'текущая местность'}"
test_245,покажи все будильники,alarm/show_alarms,alarm/show_alarms,True,0.8134,False,False,False,{'reference': 'все'},{}
test_99,установи будильник на каждые 30 минут,alarm/set_alarm,alarm/set_alarm,True,0.7829,False,False,False,{'recurring_datetime': 'каждые 30 минут'},"{'datetime': 'каждые 30 минут', 'reference': 'будильник'}"
test_164,Какая температура будет сегодня?,weather/find,weather/find,True,0.9156,False,False,False,"{'weather/attribute': 'температура', 'datetime': 'сегодня'}","{'datetime': 'сегодня', 'location': 'текущий местоположение'}"
test_101,будет ли жарко сегодня?,weather/find,weather/find,True,0.9559,False,False,False,"{'weather/attribute': 'жарко', 'datetime': 'сегодня'}","{'datetime': 'сегодня', 'location': 'Moores Mill'}"
test_214,завтра пойдет дождь?,weather/find,weather/find,True,0.936,False,False,False,"{'datetime': 'завтра', 'weather/attribute': 'дождь'}","{'datetime': 'завтра', 'location': 'не указано'}"
