id,text,true_intent,pred_intent,intent_correct,confidence,weak_by_conf,weak_intent_real,weak_slot_real,true_slots,pred_slots
test_500,"забронируй вечеринку в их кампусе, в том же районе, что и чурраскария",BookRestaurant,none,False,0.9168,True,False,False,"{'location': 'их кампусе, | в том же районе,', 'restaurant_type': 'чурраскария'}",{}
test_499,Покажи мне фильмы в Харкинс Фитерс .,SearchScreeningEvent,SearchScreeningEvent,True,0.9678,False,False,False,"{'movie_type': 'фильмы', 'location': 'Харкинс Фитерс'}","{'location': 'Харкинс Фитерс', 'object_type': 'расписание'}"
test_498,Забронируй столик на девять персон в лучшем пабе около Танжера через шесть месяцев,BookRestaurant,BookRestaurant,True,0.9311,False,False,False,"{'party_size_number': 'девять', 'sort': 'лучшем', 'restaurant_type': 'пабе', 'location': 'около | Танжера', 'datetime': 'через шесть месяцев'}","{'cuisine': 'паб', 'datetime': 'шесть месяцев', 'location': 'Танжер', 'party_size_number': 'девять', 'restaurant_type': 'лучший'}"
test_497,Найди ТВ сериал Парни из Джерси,SearchCreativeWork,SearchCreativeWork,True,0.9781,False,False,False,"{'object_type': 'ТВ сериал', 'object_name': 'Парни из Джерси'}","{'object_name': 'Парни из Джерси', 'object_type': 'ТВ сериал'}"
test_496,Добавь этот альбом к Old School Death Metal,AddToPlaylist,AddToPlaylist,True,0.99,False,False,False,"{'music_item': 'альбом', 'playlist': 'Old School Death Metal'}","{'music_item': 'альбом', 'artist': 'Old School Death Metal'}"
test_495,"Забронируй номер в The Dome, в Эдинбурге, недалеко от Бруклона",BookRestaurant,BookRestaurant,True,0.9304,False,False,True,"{'restaurant_name': 'The Dome, в Эдинбурге', 'location': 'недалеко | Бруклона'}","{'location': 'Эдинбург', 'restaurant_name': 'The Dome', 'object_location_type': 'недалеко от Бруклона'}"
test_494,Забронируй популярный ресторан на 5 персон,BookRestaurant,BookRestaurant,True,0.9534,False,False,False,"{'sort': 'популярный', 'restaurant_type': 'ресторан', 'party_size_number': '5'}","{'restaurant_type': 'популярный', 'party_size_number': '5'}"
test_493,филлис уорд и веронике нужен столик в ресторане через 152 дня,BookRestaurant,BookRestaurant,True,0.9068,False,False,True,"{'party_size_description': 'филлис уорд и веронике', 'restaurant_type': 'ресторане', 'datetime': 'через 152 дня'}","{'datetime': '152 дня', 'location': 'ресторан', 'party_size_number': '2', 'artist': 'филлис уорд и веронике'}"
test_492,найди книгу The Girl Who Was Plugged In,SearchCreativeWork,SearchCreativeWork,True,0.9855,False,False,False,"{'object_type': 'книгу', 'object_name': 'The Girl Who Was Plugged In'}","{'object_name': 'The Girl Who Was Plugged In', 'object_type': 'книгу'}"
test_491,Найди мне ТВ шоу под названием Baby Blue,SearchCreativeWork,SearchCreativeWork,True,0.9747,False,False,False,"{'object_type': 'ТВ шоу', 'object_name': 'Baby Blue'}","{'object_name': 'Baby Blue', 'object_type': 'ТВ шоу'}"
test_490,поставь The Gift: Imagination and the Erotic Life of Property пять звезд,RateBook,RateBook,True,0.9634,False,False,False,"{'object_name': 'The Gift: Imagination and the Erotic Life of Property', 'rating_value': 'пять', 'rating_unit': 'звезд'}","{'object_name': 'The Gift: Imagination and the Erotic Life of Property', 'rating_value': '5', 'rating_unit': 'звезд'}"
test_489,Я хочу послушать их от артиста Murcof,PlayMusic,PlayMusic,True,0.9539,False,False,False,"{'music_item': 'их', 'artist': 'Murcof'}","{'artist': 'Murcof', 'music_item': 'их'}"
test_488,"В travelling плейлист, пожалуйста, добавь эту песню Дэвида Гаана .",AddToPlaylist,AddToPlaylist,True,0.9373,False,False,False,"{'playlist': 'travelling', 'music_item': 'песню', 'artist': 'Дэвида Гаана'}","{'music_item': 'песню', 'artist': 'Дэвид Гаана', 'playlist': 'travelling'}"
test_487,Можешь найти мне the National Anthem of the Ancient Britons ТВ шоу ?,SearchCreativeWork,SearchCreativeWork,True,0.9808,False,False,False,"{'object_name': 'National Anthem of the Ancient Britons', 'object_type': 'ТВ шоу'}","{'object_name': 'the National Anthem of the Ancient Britons', 'object_type': 'ТВ шоу'}"
test_486,Добавь песню в Indie Hipster,AddToPlaylist,AddToPlaylist,True,0.9526,False,False,False,"{'music_item': 'песню', 'playlist': 'Indie Hipster'}","{'music_item': 'песню', 'artist': 'Indie Hipster', 'playlist': '...'}"
test_485,добавь ирландию на детском евровидении 2015 в мой Jazzy Dinner плейлист,AddToPlaylist,AddToPlaylist,True,0.9457,False,False,False,"{'entity_name': 'ирландию на детском евровидении 2015', 'reference': 'мой', 'playlist': 'Jazzy Dinner'}","{'music_item': 'ирландию на детском евровидении 2015', 'playlist': 'Jazzy Dinner', 'artist': 'unknown'}"
test_484,какой прогноз погоды здесь в связи с метелью на пять часов вечера,weather/find,weather/find,True,0.9564,False,False,True,"{'location': 'здесь', 'condition_description': 'метелью', 'datetime': 'пять часов вечера'}","{'weather/attribute': 'прогноз погоды', 'datetime': 'пять часов вечера', 'location': 'здесь'}"
test_483,"Пожалуйста, найди мне Monty Python Live в Голливуд-боул .",SearchCreativeWork,SearchScreeningEvent,False,0.9651,False,False,False,{'object_name': 'Monty Python Live в Голливуд - боул'},"{'movie_name': 'Monty Python Live', 'location': 'Голливуд-боул', 'object_type': 'расписание', 'object_location_type': 'кинотеатр'}"
test_482,Показывают ли No Time to Be Young в AMC Theaters,SearchScreeningEvent,SearchScreeningEvent,True,0.9678,False,False,False,"{'movie_name': 'No Time to Be Young', 'location': 'AMC Theaters'}","{'movie_name': 'No Time to Be Young', 'location': 'AMC Theaters', 'object_type': 'расписание'}"
test_481,Сыграй любой блюз британский .,PlayMusic,PlayMusic,True,0.942,False,False,True,{'genre': 'блюз британский'},{'music_item': 'блюз британский'}
test_480,Покажи расписание фильмов в округе,SearchScreeningEvent,SearchScreeningEvent,True,0.9539,False,False,False,"{'object_type': 'расписание фильмов', 'location': 'в округе'}","{'object_type': 'расписание', 'location': 'округ'}"
test_479,какой прогноз для Ваурики в Самоа,weather/find,weather/find,True,0.9743,False,False,False,{'location': 'Ваурики | Самоа'},"{'location': 'Ваурики в Самоа', 'weather/attribute': 'прогноз'}"
test_478,Найди расписание фильмов для Wanda Group .,SearchScreeningEvent,SearchScreeningEvent,True,0.9699,False,False,False,"{'object_type': 'расписание фильмов', 'location': 'Wanda Group'}","{'object_type': 'расписание', 'location': 'Wanda Group', 'object_location_type': 'кинотеатр'}"
test_477,какая погода здесь на два утра,weather/find,weather/find,True,0.9424,False,False,False,"{'location': 'здесь', 'datetime': 'два утра'}","{'weather/attribute': 'погода', 'datetime': 'два утра', 'location': 'здесь'}"
test_476,Я хочу забронировать Oregon Electric Station в North City .,BookRestaurant,BookRestaurant,True,0.9632,False,False,True,"{'restaurant_name': 'Oregon Electric Station', 'location': 'North City'}","{'location': 'North City', 'restaurant_name': 'Oregon Electric Station'}"
test_475,Какие фильмы показывают в округе,SearchScreeningEvent,SearchScreeningEvent,True,0.961,False,False,False,"{'movie_type': 'фильмы', 'location': 'в округе'}","{'object_type': 'фильмы', 'location': 'округ'}"
test_474,В какое время будет показ The Young Swordsman в моем кинотеатре ?,SearchScreeningEvent,SearchScreeningEvent,True,0.9482,False,False,True,"{'object_type': 'время', 'movie_name': 'The Young Swordsman', 'object_location_type': 'кинотеатре'}","{'movie_name': 'The Young Swordsman', 'location': 'мой кинотеатр', 'object_type': 'показ', 'datetime': 'в какое время'}"
test_473,оцени текущий роман на ноль из 6,RateBook,RateBook,True,0.9712,False,False,False,"{'object_select': 'текущий', 'object_type': 'роман', 'rating_value': 'ноль', 'best_rating': '6'}","{'object_name': 'текущий роман', 'rating_value': '0', 'rating_unit': 'из 6'}"
test_472,Добавь мартина барра в мой punk unplugged плейлист.,AddToPlaylist,AddToPlaylist,True,0.9598,False,False,False,"{'artist': 'мартина барра', 'reference': 'мой', 'playlist': 'punk unplugged'}","{'artist': 'Мартин Барра', 'music_item': 'плейлист', 'playlist': 'punk unplugged', 'reference': 'мой'}"
test_471,Оцени The 8-Week Cholesterol Cure на три из 6 .,RateBook,RateBook,True,0.9691,False,False,False,"{'object_name': 'The 8-Week Cholesterol Cure', 'rating_value': 'три', 'best_rating': '6'}","{'object_name': 'The 8-Week Cholesterol Cure', 'rating_value': '3', 'rating_unit': 'из 6'}"
test_470,Показывают ли Редкие птицы в ближайшем кинотеатре в обед .,SearchScreeningEvent,SearchScreeningEvent,True,0.9693,False,False,True,"{'movie_name': 'Редкие птицы', 'location': 'ближайшем', 'object_location_type': 'кинотеатре', 'datetime': 'обед'}","{'movie_name': 'Редкие птицы', 'location': 'ближайшем', 'object_location_type': 'кинотеатр', 'object_type': 'расписание', 'datetime': 'в обед'}"
test_469,оцени этот альбом на 5 баллов,RateBook,RateMusic,False,0.956,False,False,False,"{'object_select': 'этот', 'object_type': 'альбом', 'rating_value': '5'}","{'music_item': 'альбом', 'rating_value': '5', 'rating_unit': 'баллов'}"
test_468,Найди мне роман с названием To Lose My Life …,SearchCreativeWork,SearchCreativeWork,True,0.96,False,False,False,"{'object_type': 'роман', 'object_name': 'To Lose My Life'}","{'object_name': 'To Lose My Life', 'object_type': 'книгу'}"
test_467,добавь Highway Patrolman в мой плейлист this is al green,AddToPlaylist,AddToPlaylist,True,0.9245,False,False,False,"{'entity_name': 'Highway Patrolman', 'reference': 'мой', 'playlist': 'this is al green'}","{'artist': 'Highway Patrolman', 'music_item': 'это al green', 'playlist': 'мой'}"
test_466,Добавь artist от mike в Sexy as Folk плейлист.,AddToPlaylist,AddToPlaylist,True,0.9752,False,False,False,"{'music_item': 'artist', 'artist': 'mike', 'playlist': 'Sexy as Folk'}","{'artist': 'mike', 'music_item': 'Sexy as Folk', 'playlist': 'мой плейлист'}"
test_465,Я хочу анимационные фильмы в MJR Theatres,SearchScreeningEvent,SearchScreeningEvent,True,0.9712,False,False,False,"{'movie_type': 'анимационные фильмы', 'location': 'MJR Theatres'}","{'object_type': 'анимационные фильмы', 'location': 'MJR Theatres'}"
test_464,Дай две звезды из 6 для 36 Children,RateBook,RateBook,True,0.946,False,False,False,"{'rating_value': 'две', 'rating_unit': 'звезды', 'best_rating': '6', 'object_name': '36 Children'}","{'object_name': '36 Children', 'object_type': 'книгу', 'rating_unit': 'звезды', 'rating_value': '2'}"
test_463,Можешь найти мне трейлер Синей весны ?,SearchCreativeWork,SearchCreativeWork,True,0.9752,False,False,False,"{'object_type': 'трейлер', 'object_name': 'Синей весны'}","{'object_type': 'трейлер', 'object_name': 'Синяя весна'}"
test_462,Включи что-нибудь из 90s Pop Rock Essentials,PlayMusic,PlayMusic,True,0.9773,False,False,False,{'playlist': '90s Pop Rock Essentials'},{'music_item': '90s Pop Rock Essentials'}
test_461,добавь этот трек в мой Hands Up плейлист,AddToPlaylist,AddToPlaylist,True,0.9723,False,False,False,"{'music_item': 'трек', 'reference': 'мой', 'playlist': 'Hands Up'}","{'music_item': 'трек', 'playlist': 'Hands Up'}"
test_460,Забронируй место для 9,BookRestaurant,BookRestaurant,True,0.9728,False,False,False,{'party_size_number': '9'},{'party_size_number': '9'}
test_459,Будет ли Без свидетелей показываться двадцать два часа спустя,SearchScreeningEvent,weather/find,False,0.9616,False,False,False,"{'movie_name': 'Без свидетелей', 'datetime': 'двадцать два часа спустя'}","{'datetime': 'двадцать два часа спустя', 'location': 'Без свидетелей'}"
test_458,Я хочу забронировать стейк-хаус на хребте Вими .,BookRestaurant,BookRestaurant,True,0.9695,False,False,False,"{'restaurant_type': 'стейк-хаус', 'location': 'хребте Вими'}","{'restaurant_type': 'стейк-хаус', 'location': 'на хребте Вими'}"
test_457,Добавь песню boy george в Emo Forever плейлист.,AddToPlaylist,AddToPlaylist,True,0.9713,False,False,False,"{'music_item': 'песню', 'artist': 'boy george', 'playlist': 'Emo Forever'}","{'music_item': 'песню', 'artist': 'Boy George', 'playlist': 'Emo Forever'}"
test_456,Я хочу поесть в Ramona,BookRestaurant,none,False,0.9432,True,False,False,{'location': 'Ramona'},{}
test_455,"Пожалуйста, найди Three Essays on the Theory of Sexuality шоу .",SearchCreativeWork,SearchCreativeWork,True,0.9823,False,False,False,"{'object_name': 'Three Essays on the Theory of Sexuality', 'object_type': 'шоу'}","{'object_name': 'Three Essays on the Theory of Sexuality', 'object_type': 'шоу'}"
test_454,Будет ли дождь в Тенино ?,weather/find,weather/find,True,0.9894,False,False,True,"{'condition_description': 'дождь', 'location': 'Тенино'}","{'location': 'Тенино', 'weather/attribute': 'дождь'}"
test_453,Я хочу забронировать bougatsa restaurant в следующем году около Penn на троих персон.,BookRestaurant,BookRestaurant,True,0.9206,False,False,True,"{'cuisine': 'bougatsa', 'restaurant_type': 'restaurant', 'datetime': 'следующем году', 'location': 'около | Penn', 'party_size_number': 'троих'}","{'cuisine': 'bougatsa', 'datetime': 'следующее год', 'location': 'около Penn', 'party_size_number': 'три', 'party_size_description': 'персон'}"
test_452,сыграй что-то семидесятое от Филиппа Киркорова,PlayMusic,PlayMusic,True,0.979,False,False,False,"{'datetime': 'семидесятое', 'artist': 'Филиппа Киркорова'}","{'music_item': 'семидесятое', 'artist': 'Филипп Киркоров'}"
test_451,"Можешь найти книгу Париж, когда там жара ?",SearchCreativeWork,weather/find,False,0.9811,False,False,False,"{'object_type': 'книгу', 'object_name': 'Париж, когда там жара'}","{'location': 'Париж', 'weather/attribute': 'жара'}"
test_450,Оцени текущий роман на 3 звезды,RateBook,RateBook,True,0.9777,False,False,False,"{'object_select': 'текущий', 'object_type': 'роман', 'rating_value': '3', 'rating_unit': 'звезды'}","{'object_name': 'текущий роман', 'rating_value': '3', 'rating_unit': 'звезды'}"
test_449,Включи Пола Маккартни,PlayMusic,PlayMusic,True,0.9692,False,False,False,{'artist': 'Пола Маккартни'},{'music_item': 'Пола Маккартни'}
test_448,я хочу увидеть Я мечтаю о Джинни в кинотеатре,SearchScreeningEvent,SearchScreeningEvent,True,0.9688,False,False,True,"{'movie_name': 'Я мечтаю о Джинни', 'object_location_type': 'кинотеатре'}","{'movie_name': 'Я мечтаю о Джинни', 'location': 'кинотеатре'}"
test_447,"Пожалуйста, найди мне работу Serious Awesomeness !.",SearchCreativeWork,SearchCreativeWork,True,0.9547,False,False,False,{'object_name': 'Serious Awesomeness'},"{'object_name': 'работу Serious Awesomeness', 'object_type': 'книгу'}"
test_446,Включи Trance Life в Zvooq .,PlayMusic,PlayMusic,True,0.954,False,False,False,"{'playlist': 'Trance Life', 'service': 'Zvooq'}",{'music_item': 'Trance Life'}
test_445,"Пожалуйста, найди мне Compulsive Disclosure песню .",SearchCreativeWork,PlayMusic,False,0.9732,False,False,False,"{'object_name': 'Compulsive Disclosure', 'object_type': 'песню'}","{'music_item': 'песню', 'artist': 'Compulsive Disclosure'}"
test_444,Найди ТВ шоу Meet the Prince,SearchCreativeWork,SearchCreativeWork,True,0.9739,False,False,False,"{'object_type': 'ТВ шоу', 'object_name': 'Meet the Prince'}","{'object_name': 'Meet the Prince', 'object_type': 'ТВ шоу'}"
test_443,Мне нужен список Speakeasy Theaters с показом фильмов,SearchScreeningEvent,SearchScreeningEvent,True,0.9584,False,False,False,"{'location': 'Speakeasy Theaters', 'object_type': 'фильмов'}","{'object_type': 'расписание', 'location': 'Speakeasy Theaters', 'object_location_type': 'кинотеатр'}"
test_442,Какая погода будет в Вирджинии на День святого Патрика ?,weather/find,weather/find,True,0.9915,False,False,False,"{'location': 'Вирджинии', 'datetime': 'День святого Патрика'}","{'location': 'Вирджиния', 'datetime': 'День святого Патрика'}"
test_441,Мне нужен столик на 4 в Saint Helena в Settha Palace Hotel,BookRestaurant,BookRestaurant,True,0.9532,False,False,True,"{'party_size_number': '4', 'location': 'Saint Helena', 'restaurant_name': 'Settha Palace Hotel'}","{'cuisine': 'не указано', 'datetime': 'не указано', 'facility': 'Saint Helena', 'location': 'Settha Palace Hotel', 'party_size_description': '4', 'party_size_number': '4', 'restaurant_name': 'не указано', 'restaurant_type': 'не указано', 'sort': 'не указано'}"
test_440,дай текущей летописи пять из 6 очков,RateBook,weather/find,False,0.9321,False,False,True,"{'object_select': 'текущей', 'object_part_of_series_type': 'летописи', 'rating_value': 'пять', 'best_rating': '6', 'rating_unit': 'очков'}",{'weather/attribute': 'текущая'}
test_439,Найди анимационные фильмы рядом,SearchScreeningEvent,SearchCreativeWork,False,0.9865,False,False,False,"{'movie_type': 'анимационные фильмы', 'location': 'рядом'}","{'object_type': 'анимационные фильмы', 'location': 'рядом'}"
test_438,Давай послушаем что-то от Andrew Hewitt .,PlayMusic,PlayMusic,True,0.9453,False,False,False,{'artist': 'Andrew Hewitt'},"{'music_item': 'музыку', 'artist': 'Andrew Hewitt'}"
test_437,оцени текущее эссе на ноль из 6 звезд,RateBook,RateBook,True,0.9485,False,False,False,"{'object_select': 'текущее', 'object_type': 'эссе', 'rating_value': 'ноль', 'best_rating': '6', 'rating_unit': 'звезд'}","{'object_name': 'текущее эссе', 'object_type': 'книгу', 'rating_unit': 'звезды', 'rating_value': '0', 'best_rating': '6'}"
test_436,Добавь песню в this is racionais mc's,AddToPlaylist,AddToPlaylist,True,0.9641,False,False,False,"{'music_item': 'песню', 'playlist': ""this is racionais mc's""}","{'music_item': 'песню', 'artist': ""this is racionais mc's""}"
test_435,Показывают ли Babar: King of the Elephants,SearchScreeningEvent,SearchCreativeWork,False,0.9828,False,False,False,{'movie_name': 'Babar: King of the Elephants'},"{'object_name': 'Babar: King of the Elephants', 'object_type': 'книгу'}"
test_434,Я хочу столик в James D. Conrey House в Urbank California,BookRestaurant,BookRestaurant,True,0.9378,False,False,True,"{'restaurant_name': 'James D. Conrey House', 'location': 'Urbank | California'}","{'location': 'James D. Conrey House', 'restaurant_name': 'в Urbank California'}"
test_433,Оцени текущую серию на 4 очка,RateBook,RateBook,True,0.9558,False,False,True,"{'object_select': 'текущую', 'object_part_of_series_type': 'серию', 'rating_value': '4', 'rating_unit': 'очка'}","{'object_name': 'текущая серию', 'rating_value': '4', 'rating_unit': 'очка'}"
test_432,Дай ноль звезд этому учебнику,RateBook,weather/find,False,0.8818,False,False,False,"{'rating_value': 'ноль', 'rating_unit': 'звезд', 'object_select': 'этому', 'object_type': 'учебнику'}","{'weather/attribute': 'температура', 'datetime': 'текущая', 'location': 'здесь'}"
test_431,Дай The Crystal Snare 5 звезд,RateBook,RateBook,True,0.9695,False,False,False,"{'object_name': 'The Crystal Snare', 'rating_value': '5', 'rating_unit': 'звезд'}","{'object_name': 'The Crystal Snare', 'rating_value': '5', 'rating_unit': 'звезд'}"
test_430,Включи Subconscious Lobotomy от Дженнифер Полл .,PlayMusic,SearchCreativeWork,False,0.9765,False,False,True,"{'album': 'Subconscious Lobotomy', 'artist': 'Дженнифер Полл'}","{'object_name': 'Включи Subconscious Lobotomy от Дженнифер Полл', 'object_type': 'книгу'}"
test_103,Отмени следующий будильник,alarm/cancel_alarm,alarm/cancel_alarm,True,0.9971,False,False,False,{'reference': 'следующий'},{'reference': 'следующий'}
test_104,Напомни мне сходить в продуктовый магазин сегодня,reminder/set_reminder,reminder/set_reminder,True,0.9852,False,False,False,"{'reminder/todo': 'сходить в продуктовый магазин', 'datetime': 'сегодня'}","{'reminder/todo': 'сходить в продуктовый магазин', 'datetime': 'сегодня'}"
test_105,отмени мои напоминания на следующую неделю,reminder/cancel_reminder,reminder/cancel_reminder,True,0.9608,False,False,False,"{'reference': 'мои', 'datetime': 'следующую неделю'}","{'reference': 'мои', 'datetime': 'следующая неделя'}"
test_106,напомни мне отвести собаку к грумеру во вторник в 3 часа,reminder/set_reminder,reminder/set_reminder,True,0.9797,False,False,False,"{'reminder/todo': 'отвести собаку к грумеру', 'datetime': 'вторник в 3 часа'}","{'datetime': 'вторник в 3 часа', 'reminder/todo': 'отвести собаку к грумеру'}"
test_107,Напомни мне забрать цветы для Джен на нашу годовщину на 28-е.,reminder/set_reminder,reminder/set_reminder,True,0.9857,False,False,False,"{'reminder/todo': 'забрать цветы для Джен на нашу годовщину', 'datetime': '28-е'}","{'datetime': '28-е', 'reminder/todo': 'забрать цветы для Джен на нашу годовщину'}"
test_109,Напомни мне записаться к доктору завтра.,reminder/set_reminder,reminder/set_reminder,True,0.97,False,False,False,"{'reminder/todo': 'записаться к доктору', 'datetime': 'завтра'}",{'datetime': 'завтра'}
test_111,Нужно ли взять дождевик?,weather/find,weather/find,True,0.9583,False,False,False,{'weather/attribute': 'дождевик'},{'weather/attribute': 'дождевик'}
test_150,Покажи все мои напоминания,reminder/show_reminders,reminder/show_reminders,True,0.9042,False,False,False,{'reference': 'все мои'},{'datetime': 'all'}
test_247,Установи будильник на 5 вечера сегодня,alarm/set_alarm,alarm/set_alarm,True,0.9937,False,False,False,{'datetime': '5 вечера сегодня'},{'datetime': '5 вечера сегодня'}
test_248,установи будильник на 7 завтра,alarm/set_alarm,alarm/set_alarm,True,0.963,False,False,False,{'datetime': '7 завтра'},{'datetime': '7 утра'}
test_253,"Пожалуйста, найди мне видеоигру под названием 20 Hours in America .",SearchCreativeWork,SearchCreativeWork,True,0.9811,False,False,False,"{'object_type': 'видеоигру', 'object_name': '20 Hours in America'}","{'object_name': '20 Hours in America', 'object_type': 'видеоигра'}"
test_257,Включи новую музыку на Last Fm от Eddie Vinson .,PlayMusic,PlayMusic,True,0.9619,False,False,False,"{'sort': 'новую', 'music_item': 'музыку', 'service': 'Last Fm', 'artist': 'Eddie Vinson'}","{'artist': 'Eddie Vinson', 'music_item': 'музыку', 'service': 'Last Fm'}"
test_258,Проверь прогноз погоды в Небраске .,weather/find,weather/find,True,0.967,False,False,False,{'location': 'Небраске'},"{'location': 'Небраске', 'weather/attribute': 'прогноз'}"
test_259,Есть ли гроза сейчас в ЮК ?,weather/find,weather/find,True,0.988,False,False,True,"{'condition_description': 'гроза', 'datetime': 'сейчас', 'location': 'ЮК'}","{'location': 'ЮК', 'weather/attribute': 'гроза'}"
test_264,Я хочу забронировать сунданский гастропаб где-то в Техасе на 3 персоны на 5/20/2025 .,BookRestaurant,BookRestaurant,True,0.9682,False,False,True,"{'cuisine': 'сунданский', 'restaurant_type': 'гастропаб', 'location': 'где-то | Техасе', 'party_size_number': '3', 'datetime': '5/20/2025'}","{'cuisine': 'сунданский', 'datetime': '5/20/2025', 'location': 'Техас', 'party_size_number': '3', 'restaurant_type': 'гастропаб'}"
test_269,Я хочу забронировать еврейский ресторан в Гамбии .,BookRestaurant,BookRestaurant,True,0.9696,False,False,True,"{'cuisine': 'еврейский', 'restaurant_type': 'ресторан', 'location': 'Гамбии'}","{'cuisine': 'еврейский', 'location': 'Гамбия'}"
test_273,"Погода в Уолден, Россия на 12/26/2018",weather/find,weather/find,True,0.993,False,False,False,"{'location': 'Уолден, | Россия', 'datetime': '12/26/2018'}","{'location': 'Уолден, Россия', 'datetime': '12/26/2018'}"
test_274,Я хочу забронировать ресторан для моего тестя и себя в Банкере через год .,BookRestaurant,BookRestaurant,True,0.8942,False,False,True,"{'restaurant_type': 'ресторан', 'party_size_description': 'моего тестя и себя', 'location': 'Банкере', 'datetime': 'через год'}","{'location': 'Банкере', 'datetime': 'через год', 'party_size_number': 'два', 'restaurant_type': 'ресторан', 'object_type': 'ресторан'}"
test_285,"Пожалуйста, забронируй мне столик в бистро, где подают lorna doone .",BookRestaurant,BookRestaurant,True,0.9653,False,False,True,"{'restaurant_type': 'бистро,', 'served_dish': 'lorna doone'}","{'restaurant_type': 'бистро', 'cuisine': 'lorna doone'}"
test_286,Оцени The Mystery of the Tolling Bell серию 4 звездами .,RateBook,RateBook,True,0.9295,False,False,True,"{'object_name': 'The Mystery of the Tolling Bell', 'object_part_of_series_type': 'серию', 'rating_value': '4', 'rating_unit': 'звездами'}","{'object_name': 'The Mystery of the Tolling Bell серию 4', 'rating_value': 'звездами', 'best_rating': '4'}"
test_288,Проверь расписание для Snowbound в ближайшем кинотеатре .,SearchScreeningEvent,SearchScreeningEvent,True,0.981,False,False,True,"{'movie_name': 'Snowbound', 'location': 'ближайшем', 'object_location_type': 'кинотеатре'}","{'object_type': 'расписание', 'movie_name': 'Snowbound', 'location': 'ближайшем', 'object_location_type': 'кинотеатр'}"
test_291,Будет I Think I Do показываться в 7 вечера ?,SearchScreeningEvent,weather/find,False,0.9768,False,False,False,"{'movie_name': 'I Think I Do', 'datetime': '7 вечера'}",{'datetime': '7 вечера'}
test_295,"Какой прогноз погоды для государственного парка Боте-Напа-Вэлли рядом на февраль, 20 ?",weather/find,weather/find,True,0.9765,False,False,False,"{'location': 'государственного парка Боте-Напа-Вэлли | рядом', 'datetime': 'февраль, 20'}","{'weather/attribute': 'прогноз погоды', 'datetime': 'февраль, 20', 'location': 'государственный парк Боте-Напа-Вэлли рядом'}"
test_299,Оцени Soul Music на 0 .,RateBook,RateBook,True,0.975,False,False,False,"{'object_name': 'Soul Music', 'rating_value': '0'}","{'object_name': 'Soul Music', 'rating_value': '0'}"
test_301,Включи All Things Must Pass .,PlayMusic,PlayMusic,True,0.9545,False,False,True,{'track': 'All Things Must Pass'},"{'music_item': 'Album', 'artist': 'George Harrison', 'service': 'Spotify'}"
test_304,Включи музыку на Netflix .,PlayMusic,PlayMusic,True,0.9263,False,False,False,{'service': 'Netflix'},{'service': 'Netflix'}
test_305,Я хочу увидеть Shattered Image .,SearchScreeningEvent,SearchCreativeWork,False,0.985,False,False,False,{'movie_name': 'Shattered Image'},"{'object_name': 'Shattered Image', 'object_type': 'книгу'}"
test_310,какой прогноз для жаркой погоды в государственном парке Саутфорд-Фоллс,weather/find,weather/find,True,0.9763,False,False,True,"{'condition_temperature': 'жаркой', 'location': 'государственном парке Саутфорд-Фоллс'}","{'location': 'государственный парк Саутфорд-Фоллс', 'weather/attribute': 'жарко'}"
test_311,"Пожалуйста, забронируй мне столик в пиццерии с парковкой в Гане .",BookRestaurant,BookRestaurant,True,0.9368,False,False,True,"{'restaurant_type': 'пиццерии', 'facility': 'парковкой', 'location': 'Гане'}","{'cuisine': 'пиццерия', 'location': 'Гана', 'object_type': 'столик', 'restaurant_type': 'пиццерия', 'served_dish': 'парковка'}"
test_312,Я хочу услышать семидесятые саундтреки .,PlayMusic,PlayMusic,True,0.9935,False,False,False,"{'datetime': 'семидесятые', 'music_item': 'саундтреки'}",{'music_item': 'семидесятые саундтреки'}
test_313,Погода через два часа в Узбекистане,weather/find,weather/find,True,0.9722,False,False,False,"{'datetime': 'через два часа', 'location': 'Узбекистане'}","{'weather/attribute': 'погода', 'datetime': 'через два часа', 'location': 'Узбекистан'}"
test_314,"Пожалуйста, найди мне Journal of the British Astronomical Association фильм .",SearchCreativeWork,SearchCreativeWork,True,0.9727,False,False,False,"{'object_name': 'Journal of the British Astronomical Association', 'object_type': 'фильм'}","{'object_type': 'фильм', 'object_name': 'Journal of the British Astronomical Association'}"
test_315,"Забронируй столик на 8 человек в Уордвилле, Канзас",BookRestaurant,BookRestaurant,True,0.97,False,False,False,"{'party_size_number': '8', 'location': 'Уордвилле | Канзасе'}","{'location': 'Уордвилле, Канзас', 'party_size_number': '8'}"
test_316,Какой будет погода далеко отсюда ?,weather/find,weather/find,True,0.9882,False,False,False,{'location': 'далеко | отсюда'},{'location': 'далеко отсюда'}
test_321,Какой будет погода в ноябре в Брукниле ?,weather/find,weather/find,True,0.9694,False,False,False,"{'datetime': 'ноябре', 'location': 'Бруклине'}","{'location': 'Брукнил', 'datetime': 'ноябрь'}"
test_325,какие фильмы в Star Theatres .,SearchScreeningEvent,SearchScreeningEvent,True,0.9657,False,False,False,"{'movie_type': 'фильмы', 'location': 'Star Theatres'}","{'object_type': 'фильмы', 'location': 'Star Theatres'}"
test_330,Дай одну звезду текущей книге,RateBook,RateBook,True,0.9561,False,False,False,"{'rating_value': 'одну', 'object_select': 'текущей', 'object_type': 'книге'}","{'object_name': 'текущая книга', 'rating_value': 'одна звезда'}"
test_345,"Пожалуйста, найди мне ТВ сериал , Now We Are Married .",SearchCreativeWork,SearchCreativeWork,True,0.9455,False,False,False,"{'object_type': 'ТВ сериал', 'object_name': 'Now We Are Married'}","{'object_name': 'ТВ сериал , Now We Are Married', 'object_type': 'ТВ сериал'}"
test_356,Я хочу увидеть The Portrait of a Lady в ближайшем кинотеатре .,SearchScreeningEvent,SearchScreeningEvent,True,0.9677,False,False,True,"{'movie_name': 'The Portrait of a Lady', 'location': 'ближайшем', 'object_location_type': 'кинотеатре'}","{'movie_name': 'The Portrait of a Lady', 'location': 'ближайшем', 'object_type': 'кинотеатр'}"
test_357,"Пожалуйста, найди мне Phineas Redux .",SearchCreativeWork,SearchCreativeWork,True,0.9886,False,False,False,{'object_name': 'Phineas Redux'},"{'object_name': 'Phineas Redux', 'object_type': 'книгу'}"
test_360,Какой будет погода в Памятнике Лихуле в декабре 5-го ?,weather/find,weather/find,True,0.9864,False,False,False,"{'location': 'Памятнике Лихуле', 'datetime': 'декабре 5-го'}","{'location': 'Памятник Лихуле', 'datetime': 'декабре 5-го'}"
test_363,"Какая погода в Тионеке , Нью-Джерси",weather/find,weather/find,True,0.9827,False,False,False,{'location': 'Тионеке | Нью-Джерси'},"{'location': 'Тионеке , Нью-Джерси'}"
test_365,забронируй место для моих племянниц и меня в чайном доме,BookRestaurant,BookRestaurant,True,0.9338,False,False,True,"{'party_size_description': 'моих племянниц и меня', 'restaurant_type': 'чайном доме'}","{'object_type': 'чайный дом', 'party_size_description': 'для моих племянниц и меня'}"
test_366,Будет ли жарко в Нидерландах в феврале 16-го ?,weather/find,weather/find,True,0.9581,False,False,True,"{'condition_temperature': 'жарко', 'location': 'Нидерландах', 'datetime': 'феврале 16-го'}","{'location': 'Нидерланды', 'datetime': '16-го февраля'}"
test_367,Я хочу добавить jordan rudess в Divertido para niños плейлист.,AddToPlaylist,AddToPlaylist,True,0.9771,False,False,False,"{'artist': 'jordan rudess', 'playlist': 'Divertido para niños'}","{'artist': 'jordan rudess', 'music_item': 'Divertido para niños', 'playlist': 'мой плейлист'}"
test_369,Забронируй мне столик в лучшем бистро,BookRestaurant,BookRestaurant,True,0.8949,False,False,False,"{'sort': 'лучшем', 'restaurant_type': 'бистро'}","{'restaurant_type': 'бистро', 'location': 'не указано', 'object_type': 'столик'}"
test_372,Какой будет погода в Огайо ?,weather/find,weather/find,True,0.9805,False,False,False,{'location': 'Огайо'},{'location': 'Огайо'}
test_374,Забронируй столик для моих малышей и меня,BookRestaurant,none,False,0.9559,True,False,True,{'party_size_description': 'моих малышей и меня'},{}
test_392,Я хочу забронировать массаж в спа .,BookRestaurant,BookService,False,0.9505,False,False,True,"{'restaurant_type': 'массаж', 'facility': 'спа'}","{'service_type': 'массаж', 'location': 'спа'}"
test_417,"Пожалуйста, найди телевизионное шоу , Episodi di The Blacklist .",SearchCreativeWork,SearchCreativeWork,True,0.9778,False,False,False,"{'object_type': 'телевизионное шоу', 'object_name': 'Episodi di The Blacklist'}","{'object_name': 'Episodi di The Blacklist', 'object_type': 'телевизионное шоу'}"
test_418,"какой прогноз для холодной погоды, начиная с Дня закона здесь",weather/find,weather/find,True,0.9549,False,False,True,"{'condition_temperature': 'холодной', 'datetime': 'Дня закона', 'location': 'здесь'}",{'weather/attribute': 'холодная'}
test_419,Я хочу забронировать ресторан на десять человек.,BookRestaurant,BookRestaurant,True,0.9742,False,False,False,"{'restaurant_type': 'ресторан', 'party_size_number': 'десять'}",{'party_size_number': 'десять'}
test_420,Включи что-то от Duke Ellington из семидесятых,PlayMusic,PlayMusic,True,0.9355,False,False,False,"{'artist': 'Duke Ellington', 'datetime': 'семидесятых'}","{'music_item': 'музыку', 'artist': 'Duke Ellington', 'datetime': 'из семидесятых'}"
test_421,Оцени Cotton Comes to Harlem на 2,RateBook,RateBook,True,0.9838,False,False,False,"{'object_name': 'Cotton Comes to Harlem', 'rating_value': '2'}","{'object_name': 'Cotton Comes to Harlem', 'rating_value': '2'}"
test_422,Добавь песню в мой плейлист madden nfl 16,AddToPlaylist,AddToPlaylist,True,0.9872,False,False,False,"{'music_item': 'песню', 'reference': 'мой', 'playlist': 'madden nfl 16'}","{'music_item': 'песню', 'playlist': 'madden nfl 16'}"
test_423,Добавь Toyan в мой Epic Gaming плейлист.,AddToPlaylist,AddToPlaylist,True,0.9831,False,False,False,"{'artist': 'Toyan', 'reference': 'мой', 'playlist': 'Epic Gaming'}","{'music_item': 'исполнителя', 'artist': 'Toyan', 'reference': 'мой', 'playlist': 'Epic Gaming'}"
test_424,включи что-то новое от Les Vandyke на Slacker,PlayMusic,PlayMusic,True,0.958,False,False,False,"{'sort': 'новое', 'artist': 'Les Vandyke', 'service': 'Slacker'}","{'music_item': 'что-то новое от Les Vandyke', 'service': 'Slacker'}"
test_425,оцени Three Junes одним баллом из 6,RateBook,RateBook,True,0.9567,False,False,False,"{'object_name': 'Three Junes', 'rating_value': 'одним', 'best_rating': '6'}","{'object_name': 'Three Junes', 'rating_value': '1', 'rating_unit': 'балл из 6'}"
test_426,Забронируй столик на девять людей в пекарне в Нуньес,BookRestaurant,BookRestaurant,True,0.9545,False,False,False,"{'party_size_number': 'девять', 'restaurant_type': 'пекарне', 'location': 'Нуньес'}","{'cuisine': 'пекарня', 'datetime': 'не указано', 'facility': 'столик', 'location': 'Нуньес', 'party_size_description': 'девять людей', 'party_size_number': '9', 'restaurant_name': 'не указано', 'restaurant_type': 'пекарня', 'sort': 'не указано'}"
test_427,Оцени этот текущий роман двумя баллами из 6 .,RateBook,RateBook,True,0.9114,False,False,False,"{'object_select': 'этот текущий', 'object_type': 'роман', 'rating_value': 'двумя', 'best_rating': '6'}","{'object_name': 'текущий роман', 'rating_value': 'две', 'rating_unit': 'баллы из 6'}"
test_428,Включи The Happy Blues от Ronnie Wood .,PlayMusic,PlayMusic,True,0.9788,False,False,True,"{'album': 'The Happy Blues', 'artist': 'Ronnie Wood'}","{'music_item': 'альбом', 'artist': 'Ronnie Wood', 'album': 'The Happy Blues'}"
test_429,Включи симфонию из 2013 .,PlayMusic,PlayMusic,True,0.9672,False,False,False,"{'music_item': 'симфонию', 'datetime': '2013'}","{'music_item': 'симфонию', 'year': '2013'}"
,Забронируй мне столик в лучшем кафе.,BookRestaurant,BookRestaurant,True,0.9683,False,False,False,"{'sort': 'лучшем', 'restaurant_type': 'кафе'}",{'restaurant_type': 'кафе'}
,Оцени текущий учебник на 1 из 6.,RateBook,weather/find,False,0.9107,False,False,False,"{'object_select': 'текущий', 'object_type': 'учебник', 'rating_value': '1', 'best_rating': '6'}","{'weather/attribute': 'погода', 'datetime': 'текущая', 'location': 'здесь'}"
,В какое время показывают фильм,SearchScreeningEvent,SearchScreeningEvent,True,0.9574,False,False,False,{'object_type': 'время показывают фильм'},{'datetime': 'в какое время'}
,Какая погода будет в Огайо?,weather/find,weather/find,True,0.9792,False,False,False,{'location': 'Огайо'},{'location': 'Огайо'}
,Добавь этого исполнителя в Showstopper Being Mary Jane.,AddToPlaylist,AddToPlaylist,True,0.9821,False,False,False,"{'music_item': 'исполнителя', 'playlist': 'Showstopper Being Mary Jane'}","{'artist': 'Клеопатра Стратан', 'playlist': 'Showstopper Being Mary Jane'}"
,Забронируй столик для меня и моих детей.,BookRestaurant,BookRestaurant,True,0.9592,False,False,True,{'party_size_description': 'меня и моих детей'},"{'object_type': 'столик', 'party_size_description': 'для меня и моих детей'}"
test_375,"Какая погода будет в заповеднике Сарыгамыш 21 августа, 2035 ?",weather/find,weather/find,True,0.9706,False,False,False,"{'location': 'заповеднике Сарыгамыш', 'datetime': '21 августа, 2035'}","{'location': 'заповедник Сарыгамыш', 'datetime': '21 августа, 2035'}"
test_376,Оцени Ruth пять баллов из 6 .,RateBook,RateBook,True,0.9401,False,False,False,"{'object_name': 'Ruth', 'rating_value': 'пять', 'rating_unit': 'баллов', 'best_rating': '6'}","{'object_name': 'Ruth', 'rating_value': '5', 'rating_unit': 'баллов', 'best_rating': '6'}"
test_377,Reminiscences of the Anti-Japanese Guerillas chronicle заслуживает ноль баллов из 6.,RateBook,RateBook,True,0.9649,False,False,True,"{'object_name': 'Reminiscences of the Anti-Japanese Guerillas', 'object_part_of_series_type': 'chronicle', 'rating_value': 'ноль', 'rating_unit': 'баллов', 'best_rating': '6.'}","{'object_name': 'Reminiscences of the Anti-Japanese Guerillas chronicle', 'rating_value': '0', 'rating_unit': 'баллов из 6'}"
test_378,Покажи мне расписание сеансов в южных кинотеатрах,SearchScreeningEvent,SearchScreeningEvent,True,0.9567,False,False,False,"{'object_type': 'расписание сеансов', 'location': 'южных кинотеатрах'}","{'object_type': 'расписание', 'location': 'южных', 'object_location_type': 'кинотеатров'}"
test_379,Найди расписание фильмов рядом,SearchScreeningEvent,SearchScreeningEvent,True,0.9759,False,False,False,"{'object_type': 'расписание фильмов', 'location': 'рядом'}","{'object_type': 'расписание', 'location': 'рядом'}"
test_380,Добавь этот альбом в плейлист Spanish Beat,AddToPlaylist,AddToPlaylist,True,0.9504,False,False,False,"{'music_item': 'альбом', 'playlist': 'Spanish Beat'}","{'music_item': 'альбом', 'artist': 'Spanish Beat', 'playlist': 'мой плейлист'}"
test_381,Забронируй столик на 6 человек в креольской таверне в Черногории,BookRestaurant,BookRestaurant,True,0.9598,False,False,True,"{'party_size_number': '6', 'cuisine': 'креольской', 'restaurant_type': 'таверне', 'location': 'Черногории'}","{'cuisine': 'креольская', 'datetime': 'не указано', 'facility': 'таверна', 'location': 'Черногория', 'party_size_description': '6 человек', 'party_size_number': '6', 'restaurant_name': 'не указано', 'restaurant_type': 'не указано', 'sort': 'не указано'}"
test_382,Поставь сериалу Catedral 4 звезды .,RateBook,RateBook,True,0.9531,False,False,True,"{'object_part_of_series_type': 'сериалу', 'object_name': 'Catedral', 'rating_value': '4', 'rating_unit': 'звезды'}","{'object_name': 'Catedral', 'object_type': 'сериал', 'rating_value': '4', 'rating_unit': 'звезды'}"
test_383,Добавь The Famous Flower of Serving-Men в мой вечерний акустический плейлист.,AddToPlaylist,AddToPlaylist,True,0.9665,False,False,False,"{'entity_name': 'The Famous Flower of Serving-Men', 'reference': 'мой', 'playlist': 'вечерний акустический'}","{'music_item': 'The Famous Flower of Serving-Men', 'playlist': 'вечерний акустический плейлист', 'reference': 'мой'}"
test_384,Покажи мне расписание ArcLight Hollywood только для анимационных фильмов,SearchScreeningEvent,SearchScreeningEvent,True,0.9564,False,False,False,"{'object_type': 'расписание', 'location': 'ArcLight Hollywood', 'movie_type': 'анимационных фильмов'}","{'object_type': 'расписание', 'location': 'ArcLight Hollywood', 'movie_type': 'анимационных фильмов', 'object_location_type': 'кинотеатр'}"
test_385,"Пожалуйста, найди картину под названием This Is the Night .",SearchCreativeWork,SearchCreativeWork,True,0.9804,False,False,False,"{'object_type': 'картину', 'object_name': 'This Is the Night'}","{'object_name': 'This Is the Night', 'object_type': 'картина'}"
test_386,Какова будет влажность в данном месте в 15:19:29 ?,weather/find,weather/find,True,0.9703,False,False,True,"{'condition_description': 'влажность', 'location': 'данном месте', 'datetime': '15:19:29'}","{'location': 'данном месте', 'datetime': '15:19:29'}"
test_387,я хочу посмотреть JLA Adventures: Trapped In Time,SearchScreeningEvent,SearchCreativeWork,False,0.9613,False,False,False,{'movie_name': 'JLA Adventures: Trapped In Time'},"{'object_name': 'JLA Adventures: Trapped In Time', 'object_type': 'фильм'}"
test_388,Добавь мелодию Дерека Уоткинса в This Is Johnny Cash,AddToPlaylist,AddToPlaylist,True,0.9639,False,False,False,"{'music_item': 'мелодию', 'artist': 'Дерека Уоткинса', 'playlist': 'This Is Johnny Cash'}","{'music_item': 'мелодию Дерека Уоткинса', 'artist': 'Дерек Уоткинс', 'playlist': 'This Is Johnny Cash'}"
test_389,Найди творческую работу под названием Fire in the Hole,SearchCreativeWork,SearchCreativeWork,True,0.9776,False,False,False,{'object_name': 'Fire in the Hole'},"{'object_name': 'Fire in the Hole', 'object_type': 'книгу'}"
test_390,забронируй столик возле колледжа Пэта,BookRestaurant,BookRestaurant,True,0.9603,False,False,False,{'location': 'возле | колледжа Пэта'},"{'location': 'возле колледжа Пэта', 'object_type': 'столик'}"
test_391,Идет ли Patrick Still Lives в кинотеатрах AMC,SearchScreeningEvent,SearchScreeningEvent,True,0.9697,False,False,False,"{'movie_name': 'Patrick Still Lives', 'location': 'кинотеатрах AMC'}","{'movie_name': 'Patrick Still Lives', 'location': 'кинотеатрах AMC', 'object_type': 'расписание'}"
test_393,нужен столик где-нибудь в Кворривилле через 14 часов,BookRestaurant,BookRestaurant,True,0.9682,False,False,False,"{'location': 'Кворривилле', 'datetime': 'через 14 часов'}","{'location': 'Кворривилле', 'datetime': '14 часов'}"
test_394,включи Гэри Ли Коннера,PlayMusic,PlayMusic,True,0.9585,False,False,False,{'artist': 'Гэри Ли Коннера'},{'artist': 'Гэри Ли Коннер'}
test_395,"покажи ближайший кинотеатр, где показывают Boycott",SearchScreeningEvent,SearchScreeningEvent,True,0.9641,False,False,True,"{'location': 'ближайший', 'object_location_type': 'кинотеатр', 'movie_name': 'Boycott'}","{'object_type': 'кинотеатр', 'location': 'ближайший', 'movie_name': 'Boycott', 'object_location_type': 'кинотеатр'}"
test_396,"Пожалуйста, включи мой ecstatic плейлист.",PlayMusic,PlayMusic,True,0.93,False,False,False,{'playlist': 'ecstatic'},"{'music_item': 'плейлист', 'playlist': 'ecstatic'}"
test_397,"Пожалуйста, найди песню The Mad Magician .",SearchCreativeWork,PlayMusic,False,0.9723,False,False,False,"{'object_type': 'песню', 'object_name': 'The Mad Magician'}","{'music_item': 'песню', 'artist': 'The Mad Magician'}"
test_398,Проверь расписание кинотеатров Bow Tie Cinemas .,SearchScreeningEvent,SearchScreeningEvent,True,0.9699,False,False,False,"{'object_type': 'расписание', 'location': 'Bow Tie Cinemas'}","{'object_type': 'расписание', 'location': 'Bow Tie Cinemas', 'object_location_type': 'кинотеатр'}"
test_399,Забронируй мне столик на вечеринку из 3 человек в пабе на Северных Марианских островах,BookRestaurant,BookRestaurant,True,0.9573,False,False,False,"{'party_size_number': '3', 'restaurant_type': 'пабе', 'location': 'Северных Марианских островах'}","{'cuisine': 'неизвестно', 'datetime': 'на вечеринку', 'facility': 'паб', 'location': 'на Северных Марианских островах', 'party_size_description': '3 человек', 'party_size_number': '3', 'restaurant_name': 'неизвестно', 'restaurant_type': 'паб', 'sort': 'неизвестно'}"
test_400,Мне нужно добавить в текущий список Infinite Indie Folk произведения Рахим Шаха,AddToPlaylist,AddToPlaylist,True,0.9786,False,False,False,"{'reference': 'текущий', 'playlist': 'Infinite Indie Folk', 'artist': 'Рахим Шаха'}","{'music_item': 'произведения', 'artist': 'Рахим Шах', 'playlist': 'Infinite Indie Folk'}"
test_401,Добавь Джерри Каллиста-младшего в мой плейлист Te quiero.,AddToPlaylist,AddToPlaylist,True,0.9759,False,False,False,"{'artist': 'Джерри Каллиста - младшего', 'reference': 'мой', 'playlist': 'Te quiero.'}","{'artist': 'Джерри Каллиста-младшего', 'playlist': 'Te quiero', 'music_item': 'исполнителя'}"
test_402,Насколько холоднее будет недалеко от Юты около 3 часов утра?,weather/find,weather/find,True,0.948,False,False,True,"{'condition_temperature': 'холоднее', 'location': 'недалеко | Юты', 'datetime': '3 часов утра'}","{'location': 'недалеко от Юты', 'datetime': '3 часа утра', 'weather/attribute': 'холоднее'}"
test_403,Добавь альбом в плейлист Hipster Soul.,AddToPlaylist,AddToPlaylist,True,0.9842,False,False,False,"{'music_item': 'альбом', 'playlist': 'Hipster Soul.'}","{'music_item': 'альбом', 'artist': 'Hipster Soul'}"
test_404,Через тринадцать часов я хочу отведать деликатесы восточноевропейской кухни,BookRestaurant,BookRestaurant,True,0.9573,False,False,True,"{'datetime': 'Через тринадцать часов', 'restaurant_type': 'деликатесы', 'cuisine': 'восточноевропейской'}","{'cuisine': 'восточноевропейская', 'datetime': 'через тринадцать часов'}"
test_405,включи саундтрек шестидесятых,PlayMusic,PlayMusic,True,0.9896,False,False,False,"{'music_item': 'саундтрек', 'datetime': 'шестидесятых'}",{'music_item': 'саундтрек шестидесятых'}
test_406,Поставь этому альбому одну звезду,RateBook,RateMusic,False,0.9305,False,False,False,"{'object_select': 'этому', 'object_type': 'альбому', 'rating_value': 'одну', 'rating_unit': 'звезду'}","{'music_item': 'этому альбому', 'rating_value': 'одну звезду'}"
test_407,Включи лучшую музыку Брайана Маклина .,PlayMusic,PlayMusic,True,0.9617,False,False,False,"{'sort': 'лучшую', 'artist': 'Брайана Маклина'}","{'artist': 'Брайан Маклин', 'music_item': 'лучшая музыка'}"
test_408,какой прогноз погоды в Никодиме и окрестностях,weather/find,weather/find,True,0.9724,False,False,False,{'location': 'Никодиме | окрестностях'},"{'location': 'Никодиме и окрестностях', 'weather/attribute': 'прогноз погоды'}"
test_409,Найди игру под названием Phinally Phamous,SearchCreativeWork,SearchCreativeWork,True,0.9818,False,False,False,"{'object_type': 'игру', 'object_name': 'Phinally Phamous'}","{'object_type': 'игра', 'object_name': 'Phinally Phamous'}"
test_410,Поставь оценку 2 Juneteenth .,RateBook,RateBook,True,0.9333,False,False,False,"{'rating_value': '2', 'object_name': 'Juneteenth'}","{'object_name': 'Juneteenth', 'rating_unit': '2'}"
test_411,Поставь ноль звезд Rhialto the Marvellous,RateBook,weather/find,False,0.9108,False,False,False,"{'rating_value': 'ноль', 'rating_unit': 'звезд', 'object_name': 'Rhialto the Marvellous'}",{'weather/attribute': 'Рхиалто the Marvellous'}
test_412,Я хочу послушать саундтрек на Ютубе от Helena Iren Michaelsen,PlayMusic,PlayMusic,True,0.984,False,False,False,"{'music_item': 'саундтрек', 'service': 'Ютубе', 'artist': 'Helena Iren Michaelsen'}","{'music_item': 'саундтрек', 'artist': 'Helena Iren Michaelsen', 'service': 'YouTube'}"
test_413,забронируй столик на 1/20/2023 на 5 человек в MH,BookRestaurant,BookRestaurant,True,0.9879,False,False,False,"{'datetime': '1/20/2023', 'party_size_number': '5', 'location': 'MH'}","{'datetime': '1/20/2023', 'party_size_number': '5', 'location': 'MH'}"
test_414,расписание сеансов анимационных фильмов рядом,SearchScreeningEvent,SearchScreeningEvent,True,0.9624,False,False,False,"{'object_type': 'расписание сеансов', 'movie_type': 'анимационных фильмов', 'location': 'рядом'}","{'object_type': 'расписание', 'object_location_type': 'кинотеатр', 'movie_type': 'анимационные фильмы', 'location': 'рядом'}"
test_415,Добавь jack white в мой плейлист This Is Shakira,AddToPlaylist,AddToPlaylist,True,0.9729,False,False,False,"{'artist': 'jack white', 'reference': 'мой', 'playlist': 'This Is Shakira'}","{'artist': 'jack white', 'playlist': 'This Is Shakira', 'reference': 'мой'}"
test_416,Я хочу забронировать ресторан на пять человек на Шри-Ланке .,BookRestaurant,BookRestaurant,True,0.974,False,False,False,"{'restaurant_type': 'ресторан', 'party_size_number': 'пять', 'location': 'Шри - Ланке'}","{'location': 'Шри-Ланке', 'party_size_number': 'пять'}"
test_481,Включи британский блюз .,PlayMusic,PlayMusic,True,0.9928,False,False,True,{'genre': 'британский блюз'},{'music_item': 'британский блюз'}
test_162,Сколько снега прогнозируется?,weather/find,weather/find,True,0.9596,False,False,False,{'weather/attribute': 'снега'},{'weather/attribute': 'сколько снега прогнозируется'}
test_163,на улице жарко,weather/find,weather/find,True,0.9677,False,False,False,"{'location': 'улице', 'weather/attribute': 'жарко'}",{'weather/attribute': 'на улице жарко'}
test_164,Какая температура будет сегодня?,weather/find,weather/find,True,0.9795,False,False,False,"{'weather/attribute': 'температура', 'datetime': 'сегодня'}","{'weather/attribute': 'температура', 'datetime': 'сегодня'}"
test_165,какая погода будет завтра в Далласе,weather/find,weather/find,True,0.979,False,False,False,"{'datetime': 'завтра', 'location': 'Далласе'}","{'location': 'Даллас', 'datetime': 'завтра'}"
test_166,Покажи мне все текущие напоминания на сегодня,reminder/show_reminders,reminder/show_reminders,True,0.9894,False,False,False,"{'reference': 'все текущие', 'datetime': 'сегодня'}",{'datetime': 'сегодня'}
test_167,Установи еженедельное напоминание о покупках.,reminder/set_reminder,reminder/set_reminder,True,0.9637,False,False,False,"{'recurring_datetime': 'еженедельное', 'reminder/todo': 'покупках'}","{'datetime': 'еженедельный', 'reminder/todo': 'о покупках'}"
test_168,погода,weather/find,weather/find,True,0.9642,False,False,False,{},{'weather/attribute': 'погода'}
test_169,Будет ли идти весь день дождь?,weather/find,weather/find,True,0.9389,False,False,False,"{'datetime': 'весь день', 'weather/attribute': 'дождь'}","{'weather/attribute': 'дождь', 'datetime': 'все день'}"
test_170,завтра будет дождь,weather/find,weather/find,True,0.9839,False,False,False,"{'datetime': 'завтра', 'weather/attribute': 'дождь'}","{'weather/attribute': 'дождь', 'datetime': 'завтра'}"
test_171,Напомни мне ответить на рабочие письма сегодня вечером,reminder/set_reminder,reminder/set_reminder,True,0.9798,False,False,False,"{'reminder/todo': 'ответить на рабочие письма', 'datetime': 'сегодня вечером'}",{'datetime': 'сегодня вечером'}
test_172,Удали будильники,alarm/cancel_alarm,alarm/cancel_alarm,True,0.9738,False,False,False,{},{'reference': 'будильники'}
test_173,Отмени текущие будильники,alarm/cancel_alarm,alarm/cancel_alarm,True,0.9951,False,False,False,{'reference': 'текущие'},{'reference': 'текущие'}
test_215,Могу ли я надеть сегодня шорты?,weather/find,weather/find,True,0.9228,False,False,False,"{'datetime': 'сегодня', 'weather/attribute': 'шорты'}",{'weather/attribute': 'надеть сегодня шорты'}
test_203,Завтра будет дождь?,weather/find,weather/find,True,0.95,False,False,False,"{'datetime': 'Завтра', 'weather/attribute': 'дождь'}","{'location': 'завтра', 'weather/attribute': 'будет дождь'}"
test_176,Установи будильник на 10 утра,alarm/set_alarm,alarm/set_alarm,True,0.9952,False,False,False,{'datetime': '10 утра'},{'datetime': '10 утра'}
test_177,Будет ли на этой недели дождь?,weather/find,weather/find,True,0.9688,False,False,False,"{'weather/attribute': 'дождь', 'datetime': 'этой недели'}","{'weather/attribute': 'дождь', 'datetime': 'на этой неделе'}"
test_237,покажи все напоминания,reminder/show_reminders,reminder/show_reminders,True,0.9711,False,False,False,{'reference': 'все'},{}
test_179,отмени будильники,alarm/cancel_alarm,alarm/cancel_alarm,True,0.966,False,False,False,{},{'reference': 'все мои'}
test_180,отключи все будильники,alarm/cancel_alarm,alarm/cancel_alarm,True,0.9839,False,False,False,{'reference': 'все'},{'reference': 'все'}
test_181,покажи все предустановленные будильники,alarm/show_alarms,alarm/show_alarms,True,0.965,False,False,False,{'reference': 'все'},{}
test_182,Установи будильник на каждую минуту в течение 20 минут.,alarm/set_alarm,alarm/set_alarm,True,0.9598,False,False,False,{'recurring_datetime': 'каждую минуту в течение 20 минут'},"{'datetime': 'каждую минуту', 'recurring_datetime': 'в течение 20 минут'}"
test_183,Какие у меня напоминания?,reminder/show_reminders,reminder/show_reminders,True,0.9723,False,False,False,{'reference': 'меня'},{}
test_184,отмени будильник на завтра,alarm/cancel_alarm,alarm/cancel_alarm,True,0.9787,False,False,False,{'datetime': 'завтра'},{'reference': 'на завтра'}
test_185,мне нужен зонт сегодня?,weather/find,weather/find,True,0.9669,False,False,False,"{'weather/attribute': 'зонт', 'datetime': 'сегодня'}",{'weather/attribute': 'зонт'}
test_186,сегодня будет снег?,weather/find,weather/find,True,0.9671,False,False,False,"{'datetime': 'сегодня', 'weather/attribute': 'снег'}",{'weather/attribute': 'снег'}
test_187,Напомни мне позвонить маме сегодня вечером,reminder/set_reminder,reminder/set_reminder,True,0.9746,False,False,False,"{'reminder/todo': 'позвонить маме', 'datetime': 'сегодня вечером'}",{'datetime': 'сегодня вечером'}
test_188,сегодня будет дождь,weather/find,weather/find,True,0.9779,False,False,False,"{'datetime': 'сегодня', 'weather/attribute': 'дождь'}",{'weather/attribute': 'дождь'}
test_189,В субботу будет дождь?,weather/find,weather/find,True,0.9668,False,False,False,"{'datetime': 'субботу', 'weather/attribute': 'дождь'}","{'weather/attribute': 'дождь', 'datetime': 'в субботу'}"
test_190,Будете ли вы ставить будильник каждую минуту в течение 20 минут?,alarm/set_alarm,alarm/set_alarm,True,0.9491,False,False,False,{'recurring_datetime': 'каждую минуту в течение 20 минут'},"{'datetime': 'каждую минуту', 'recurring_datetime': '20 минут'}"
test_191,Тропические штормы в Карибском море,weather/find,weather/find,True,0.9707,False,False,False,"{'weather/attribute': 'Тропические штормы', 'location': 'Карибском море'}","{'weather/attribute': 'тропические штормы', 'location': 'Карибское море'}"
test_234,отмени все будильники,alarm/cancel_alarm,alarm/cancel_alarm,True,0.9842,False,False,False,{'reference': 'все'},{'reference': 'все'}
test_193,Установи будильник на каждые девять минут.,alarm/set_alarm,alarm/set_alarm,True,0.9844,False,False,False,{'recurring_datetime': 'каждые девять минут'},{'recurring_datetime': 'каждые девять минут'}
test_194,Удали два последних напоминания в моем списке,reminder/cancel_reminder,reminder/cancel_reminder,True,0.9683,False,False,False,{'reference': 'два последних'},"{'datetime': '4 часа дня', 'recurring_datetime': 'понедельникам , вторникам и четвергам', 'reminder/todo': 'отвести мою дочь на футбольную тренировку'}"
test_195,какая сегодня погода,weather/find,weather/find,True,0.9461,False,False,False,{'datetime': 'сегодня'},"{'weather/attribute': 'сегодня', 'location': 'погода'}"
test_196,включи текущий будильник,alarm/set_alarm,alarm/set_alarm,True,0.9843,False,False,False,{'reference': 'текущий'},{'datetime': 'текущий'}
test_223,Какая сегодня влажность?,weather/find,weather/find,True,0.9893,False,False,False,"{'datetime': 'сегодня', 'weather/attribute': 'влажность'}",{'weather/attribute': 'влажность'}
test_198,напомни мне установить будильник для подъема,reminder/set_reminder,alarm/set_alarm,False,0.9685,False,False,False,{'reminder/todo': 'установить будильник для подъема'},{'datetime': 'установить'}
test_199,Будет ли в эти выходные снег?,weather/find,weather/find,True,0.9764,False,False,False,"{'datetime': 'эти выходные', 'weather/attribute': 'снег'}","{'weather/attribute': 'снег', 'datetime': 'эти выходные'}"
test_232,Насколько жарко будет сегодня?,weather/find,weather/find,True,0.9413,False,False,False,"{'weather/attribute': 'жарко', 'datetime': 'сегодня'}","{'weather/attribute': 'насколько жарко', 'datetime': 'сегодня'}"
test_201,На какое время установлен текущий будильник,alarm/show_alarms,alarm/show_alarms,True,0.9315,False,False,False,{'reference': 'текущий'},{'datetime': 'текущее время'}
test_202,Какая сегодня погода?,weather/find,weather/find,True,0.9483,False,False,False,{'datetime': 'сегодня'},{'weather/attribute': 'сегодня'}
test_203,Завтра будет дождь?,weather/find,weather/find,True,0.95,False,False,False,"{'datetime': 'Завтра', 'weather/attribute': 'дождь'}","{'location': 'завтра', 'weather/attribute': 'будет дождь'}"
test_204,Отмени текущий будильник на 5:15 утра во вторник,alarm/cancel_alarm,alarm/cancel_alarm,True,0.965,False,False,False,"{'reference': 'текущий', 'datetime': '5:15 утра во вторник'}","{'reference': 'текущий', 'datetime': '5:15 утра', 'day_of_week': 'вторник'}"
test_205,отмени напоминание о сегодняшней вечерней игре,reminder/cancel_reminder,reminder/cancel_reminder,True,0.97,False,False,False,"{'datetime': 'сегодняшней | вечерней', 'reminder/todo': 'игре'}",{'reminder/todo': 'о сегодняшней вечерней игре'}
test_206,Поставь будильник на 3 ночи,alarm/set_alarm,alarm/set_alarm,True,0.9967,False,False,False,{'datetime': '3 ночи'},{'datetime': '3 ночи'}
test_207,отмени все будильники на субботу,alarm/cancel_alarm,alarm/cancel_alarm,True,0.9699,False,False,False,"{'reference': 'все', 'datetime': 'субботу'}","{'reference': 'все', 'datetime': 'субботу'}"
test_208,"мне нужно напоминание, чтобы забрать Лизу",reminder/set_reminder,reminder/set_reminder,True,0.9866,False,False,False,{'reminder/todo': 'забрать Лизу'},{'reminder/todo': 'забрать Лизу'}
test_209,Какой сегодня максимум?,weather/find,weather/find,True,0.9746,False,False,False,"{'datetime': 'сегодня', 'weather/attribute': 'максимум'}",{'weather/attribute': 'максимум'}
test_210,Будет ли сегодня облачно в Гриндстоуне?,weather/find,weather/find,True,0.9773,False,False,False,"{'datetime': 'сегодня', 'weather/attribute': 'облачно', 'location': 'Гриндстоуне'}","{'weather/attribute': 'облачно', 'location': 'Гриндстоун'}"
test_211,Напомни мне позже,reminder/set_reminder,reminder/set_reminder,True,0.9337,False,False,False,{'datetime': 'позже'},"{'datetime': 'позже', 'reminder/todo': 'помнить'}"
test_212,какая сегодня погода во Франции,weather/find,weather/find,True,0.9673,False,False,False,"{'location': 'Франции', 'datetime': 'сегодня'}","{'location': 'Франция', 'weather/attribute': 'сегодня'}"
test_213,Будет ли солнечно на вечеринке в субботу,weather/find,weather/find,True,0.9833,False,False,False,"{'weather/attribute': 'солнечно', 'datetime': 'субботу'}","{'weather/attribute': 'солнечно', 'datetime': 'в субботу'}"
test_214,завтра пойдет дождь?,weather/find,weather/find,True,0.9502,False,False,False,"{'datetime': 'завтра', 'weather/attribute': 'дождь'}",{'weather/attribute': 'пойдет дождь'}
test_215,Могу ли я надеть сегодня шорты?,weather/find,weather/find,True,0.9228,False,False,False,"{'datetime': 'сегодня', 'weather/attribute': 'шорты'}",{'weather/attribute': 'надеть сегодня шорты'}
test_216,Покажи текущее напоминание,reminder/show_reminders,reminder/show_reminders,True,0.9823,False,False,False,{'reference': 'текущее'},{}
test_217,какой средний прогноз на сентябрь,weather/find,weather/find,True,0.9596,False,False,False,{'datetime': 'сентябрь'},"{'weather/attribute': 'средний прогноз', 'datetime': 'на сентябрь'}"
test_218,Сегодня холодно?,weather/find,weather/find,True,0.9659,False,False,False,"{'datetime': 'Сегодня', 'weather/attribute': 'холодно'}",{'weather/attribute': 'холодно'}
test_240,Отмени все напоминания,reminder/cancel_reminder,reminder/cancel_reminder,True,0.9837,False,False,False,{'reference': 'все'},{'reference': 'все'}
test_220,жарко?,weather/find,weather/find,True,0.9828,False,False,False,{'weather/attribute': 'жарко'},{'weather/attribute': 'жарко'}
test_221,Поставь будильник на выходные в 2 часа дня,alarm/set_alarm,alarm/set_alarm,True,0.9601,False,False,False,{'recurring_datetime': 'выходные в 2 часа дня'},{'datetime': 'выходные в 2 часа дня'}
test_222,Поставь будильник на 2 утра,alarm/set_alarm,alarm/set_alarm,True,0.9941,False,False,False,{'datetime': '2 утра'},{'datetime': '2 утра'}
test_223,Какая сегодня влажность?,weather/find,weather/find,True,0.9893,False,False,False,"{'datetime': 'сегодня', 'weather/attribute': 'влажность'}",{'weather/attribute': 'влажность'}
test_224,покажи все текущие будильники,alarm/show_alarms,alarm/show_alarms,True,0.9704,False,False,False,{'reference': 'все текущие'},{}
test_225,Покажи мне все текущие напоминания,reminder/show_reminders,reminder/show_reminders,True,0.9705,False,False,False,{'reference': 'все текущие'},{}
test_234,отмени все будильники,alarm/cancel_alarm,alarm/cancel_alarm,True,0.9842,False,False,False,{'reference': 'все'},{'reference': 'все'}
test_227,Надвигается ли гроза в моем районе?,weather/find,weather/find,True,0.9444,False,False,False,"{'weather/attribute': 'гроза', 'location': 'моем районе'}","{'weather/attribute': 'Надвигается ли гроза', 'location': 'моем районе'}"
test_195,какая сегодня погода,weather/find,weather/find,True,0.9461,False,False,False,{'datetime': 'сегодня'},"{'weather/attribute': 'сегодня', 'location': 'погода'}"
test_229,удали последнее напоминание,reminder/cancel_reminder,reminder/cancel_reminder,True,0.9761,False,False,False,{'reference': 'последнее'},{'reference': 'последнее'}
test_230,Сколько времени осталость до будильника.,alarm/time_left_on_alarm,alarm/time_left_on_alarm,True,0.9272,False,True,False,{},{'datetime': 'текущее время'}
test_231,Отмени все текущие будильники на воскресенье.,alarm/cancel_alarm,alarm/cancel_alarm,True,0.9847,False,False,False,"{'reference': 'все текущие', 'datetime': 'воскресенье'}","{'reference': 'текущие', 'datetime': 'воскресенье'}"
test_232,Насколько жарко будет сегодня?,weather/find,weather/find,True,0.9413,False,False,False,"{'weather/attribute': 'жарко', 'datetime': 'сегодня'}","{'weather/attribute': 'насколько жарко', 'datetime': 'сегодня'}"
test_233,"Я бы хотел, чтобы ты создал новый будильник на завтрашнее утро в 8:45",alarm/set_alarm,alarm/set_alarm,True,0.8992,False,False,False,{'datetime': 'завтрашнее утро в 8:45'},"{'datetime': 'завтрашнее утро', 'recurring_datetime': 'нет', 'datetime_format': '24 часовой', 'datetime_hour': '8', 'datetime_minute': '45'}"
test_234,отмени все будильники,alarm/cancel_alarm,alarm/cancel_alarm,True,0.9842,False,False,False,{'reference': 'все'},{'reference': 'все'}
test_235,Пойдет ли снег сегодня?,weather/find,weather/find,True,0.9412,False,False,False,"{'weather/attribute': 'снег', 'datetime': 'сегодня'}","{'weather/attribute': 'погода', 'location': 'сегодня'}"
test_236,напомни мне купить лед,reminder/set_reminder,reminder/set_reminder,True,0.9402,False,False,False,{'reminder/todo': 'купить лед'},"{'reminder/todo': 'купить лед', 'datetime': 'текущая дата'}"
test_237,покажи все напоминания,reminder/show_reminders,reminder/show_reminders,True,0.9711,False,False,False,{'reference': 'все'},{}
test_245,покажи все будильники,alarm/show_alarms,alarm/show_alarms,True,0.9763,False,False,False,{'reference': 'все'},{}
test_239,Какая погода в Сан-Франциско?,weather/find,weather/find,True,0.9726,False,False,False,{'location': 'Сан - Франциско'},"{'location': 'Сан-Франциско', 'weather/attribute': 'погода'}"
test_240,Отмени все напоминания,reminder/cancel_reminder,reminder/cancel_reminder,True,0.9837,False,False,False,{'reference': 'все'},{'reference': 'все'}
test_241,Отмени напоминание о концерте,reminder/cancel_reminder,reminder/cancel_reminder,True,0.9596,False,False,False,{'reminder/todo': 'концерте'},{'reminder/todo': 'о концерте'}
test_242,Отмени будильник на завтрашнее утро,alarm/cancel_alarm,alarm/cancel_alarm,True,0.982,False,False,False,{'datetime': 'завтрашнее утро'},{'datetime': 'завтрашнее утро'}
test_243,будет ли дождь на этой недели,weather/find,weather/find,True,0.9566,False,False,False,"{'weather/attribute': 'дождь', 'datetime': 'этой недели'}","{'weather/attribute': 'дождь', 'datetime': 'этой неделе'}"
test_244,Какая погода будет в среду для игры в гольф,weather/find,weather/find,True,0.9713,False,False,False,{'datetime': 'среду'},"{'weather/attribute': 'для игры в гольф', 'datetime': 'среда'}"
test_245,покажи все будильники,alarm/show_alarms,alarm/show_alarms,True,0.9763,False,False,False,{'reference': 'все'},{}
test_246,отключи все будильники на завтра,alarm/cancel_alarm,alarm/cancel_alarm,True,0.9782,False,False,False,"{'reference': 'все', 'datetime': 'завтра'}",{'reference': 'все'}
test_56,Установи будильник на 5 часов вечера сегодня,alarm/set_alarm,alarm/set_alarm,True,0.9907,False,False,False,{'datetime': '5 часов вечера сегодня'},{'datetime': '5 часов вечера сегодня'}
,поставь будильник на 7 утра на завтра,alarm/set_alarm,alarm/set_alarm,True,0.9591,False,False,False,{'datetime': '7 утра на завтра'},{'datetime': 'завтра'}
test_249,Завтра будет солнечно?,weather/find,weather/find,True,0.9682,False,False,False,"{'datetime': 'Завтра', 'weather/attribute': 'солнечно'}",{'location': 'завтра'}
test_250,насколько жарко будет сегодня,weather/find,weather/find,True,0.964,False,False,False,"{'weather/attribute': 'жарко', 'datetime': 'сегодня'}","{'weather/attribute': 'жарко', 'datetime': 'сегодня'}"
test_251,Поставь ноль звезд игре Halo: Призраки Оникса,RateBook,None,False,0.9227,False,False,False,"{'rating_value': 'ноль', 'rating_unit': 'звезд', 'object_name': 'Halo: Призраки Оникса'}",{}
,Включи музыку Джой Нило.,PlayMusic,PlayMusic,True,0.9686,False,False,False,{'artist': 'Джой Нило'},{'artist': 'Джой Нило'}
,"Пожалуйста, найди мне видеоигру под названием 20 часов в Америке.",SearchCreativeWork,SearchCreativeWork,True,0.9825,False,False,False,"{'object_type': 'видеоигру', 'object_name': '20 часов в Америке'}","{'object_name': '20 часов в Америке', 'object_type': 'видеоигра'}"
test_254,Включи мой изобретательный плейлист,PlayMusic,AddToPlaylist,False,0.9681,False,False,False,{'playlist': 'изобретательный'},{'music_item': 'изобретательный плейлист'}
test_255,Забронируй место на 9 в Термонте,BookRestaurant,BookRestaurant,True,0.9574,False,False,False,"{'party_size_number': '9', 'location': 'Термонте'}","{'location': 'Термонт', 'datetime': '9'}"
test_256,Добавь эту мелодию в плейлист вечеринок 80-х для Дорти,AddToPlaylist,AddToPlaylist,True,0.9788,False,False,False,"{'music_item': 'мелодию', 'playlist': 'вечеринок 80-х', 'reference': 'Дорти'}","{'music_item': 'эту мелодию', 'playlist': 'вечеринок 80-х для Дорти'}"
,Включи новейшую мелодию Эдди Винсона на Last Fm.,PlayMusic,PlayMusic,True,0.9549,False,False,False,"{'sort': 'новейшую', 'music_item': 'мелодию', 'artist': 'Эдди Винсона', 'service': 'Last Fm'}",{'music_item': 'новейшую мелодию Эдди Винсона'}
,Проверь прогноз для Небраски.,weather/find,weather/find,True,0.9825,False,False,False,{'location': 'Небраски'},"{'location': 'Небраска', 'weather/attribute': 'прогноз'}"
,В Северной Каролине сейчас шторм?,weather/find,weather/find,True,0.9698,False,False,True,"{'location': 'Северной Каролине', 'datetime': 'сейчас', 'condition_description': 'шторм'}","{'location': 'Северная Каролина', 'weather/attribute': 'шторм'}"
,Я хочу послушать миньон 1988 года.,PlayMusic,PlayMusic,True,0.9687,False,False,False,"{'music_item': 'миньон', 'datetime': '1998 года'}","{'music_item': 'миньон', 'year': '1988'}"
test_261,Мне нужно время спектакля A Yiddish World Remembered в театрах Дипсон,SearchScreeningEvent,SearchScreeningEvent,True,0.9633,False,False,False,"{'object_type': 'время', 'movie_name': 'A Yiddish World Remembered', 'location': 'театрах Дипсон'}","{'object_type': 'время спектакля', 'movie_name': 'A Yiddish World Remembered', 'location': 'театры Дипсон', 'object_location_type': 'театры'}"
test_262,Поставь текущему учебнику 1 из 6,RateBook,weather/find,False,0.887,False,False,False,"{'object_select': 'текущему', 'object_type': 'учебнику', 'rating_value': '1', 'best_rating': '6'}","{'weather/attribute': 'погода', 'datetime': 'текущее время'}"
test_263,Добавь мелодию Мэтта Мерфи в плейлист  Flow Español.,AddToPlaylist,AddToPlaylist,True,0.9664,False,False,False,"{'music_item': 'мелодию', 'artist': 'Мэтта Мерфи', 'playlist': 'Flow Español.'}","{'music_item': 'мелодию Мэтта Мерфи', 'playlist': 'Flow Español', 'artist': 'Matt Murphy'}"
,Я хочу забронировать суданский гастропаб поблизости в Техасе для 3 человек на 5/20/2025.,BookRestaurant,BookRestaurant,True,0.9639,False,False,True,"{'cuisine': 'суданский', 'restaurant_type': 'гастропаб', 'location': 'поблизости | Техасе', 'party_size_number': '3', 'datetime': '5/20/2025'}","{'cuisine': 'суданский', 'datetime': '5/20/2025', 'location': 'Техас', 'party_size_number': '3', 'restaurant_type': 'гастропаб'}"
test_265,Не мог бы ты найти телесериал The Approach,SearchCreativeWork,SearchCreativeWork,True,0.9855,False,False,False,"{'object_type': 'телесериал', 'object_name': 'The Approach'}","{'object_type': 'телесериал', 'object_name': 'The Approach'}"
test_266,Поставь этой хронике 2 балла.,RateBook,RateBook,True,0.9548,False,False,True,"{'object_select': 'этой', 'object_part_of_series_type': 'хронике', 'rating_value': '2'}","{'object_name': 'Хроники моей матери', 'rating_value': '2'}"
test_267,Поставь The American Scene 2  из 6 звезд,RateBook,RateBook,True,0.9437,False,False,False,"{'object_name': 'The American Scene', 'rating_value': '2', 'best_rating': '6', 'rating_unit': 'звезд'}","{'object_name': 'The American Scene 2', 'object_type': 'книгу', 'rating_value': '6', 'rating_unit': 'звезды'}"
test_268,Добавь Эмили Отем в мой плейлист Nação Reggae.,AddToPlaylist,AddToPlaylist,True,0.9658,False,False,False,"{'artist': 'Эмили Отем', 'reference': 'мой', 'playlist': 'Nação Reggae'}","{'artist': 'Эмили Отем', 'music_item': 'песня', 'playlist': 'Nação Reggae', 'reference': 'мой'}"
test_269,Я хочу забронировать еврейский ресторан в Гамбии .,BookRestaurant,BookRestaurant,True,0.9696,False,False,True,"{'cuisine': 'еврейский', 'restaurant_type': 'ресторан', 'location': 'Гамбии'}","{'cuisine': 'еврейский', 'location': 'Гамбия'}"
test_270,забронируй столик в ресторане Fried chicken,BookRestaurant,BookRestaurant,True,0.941,False,False,True,{'restaurant_name': 'ресторане Fried chicken'},"{'restaurant_type': 'ресторан', 'cuisine': 'Fried chicken'}"
test_271,добавь we have a theme song для моего плейлиста House Afterwork,AddToPlaylist,AddToPlaylist,True,0.9573,False,False,False,"{'entity_name': 'we have a theme song', 'reference': 'моего', 'playlist': 'House Afterwork'}","{'music_item': 'тема песни', 'playlist': 'House Afterwork'}"
test_272,Какая погода будет недалеко отсюда девятнадцатого октября 2026 года?,weather/find,weather/find,True,0.9784,False,False,False,"{'location': 'недалеко отсюда', 'datetime': 'девятнадцатого октября 2026 года'}","{'datetime': 'девятнадцатого октября 2026 года', 'location': 'недалеко отсюда'}"
,Погода в Урюпинске Россия на 12/26/2018,weather/find,weather/find,True,0.9934,False,False,False,"{'location': 'Урюпинске | Россия', 'datetime': '12/26/2018'}","{'location': 'Урюпинске Россия', 'datetime': '12/26/2018'}"
,Я хочу забронировать ресторан для моего тестя и меня в Бакнере через год.,BookRestaurant,BookRestaurant,True,0.9241,False,False,True,"{'restaurant_type': 'ресторан', 'party_size_description': 'моего тестя и меня', 'location': 'Бакнере', 'datetime': 'через год'}","{'location': 'Бакнер', 'datetime': 'год', 'party_size_number': '2', 'restaurant_type': 'ресторан'}"
test_275,Оцени эту книгу на 1,RateBook,RateBook,True,0.97,False,False,False,"{'object_select': 'эту', 'object_type': 'книгу', 'rating_value': '1'}","{'object_name': 'эту книгу', 'rating_value': '1'}"
test_276,добавь этого исполнителя в мой плейлист spotlight on country 2016,AddToPlaylist,AddToPlaylist,True,0.9725,False,False,False,"{'music_item': 'исполнителя', 'reference': 'мой', 'playlist': 'spotlight on country 2016'}","{'artist': 'этот исполнитель', 'playlist': 'мой плейлист spotlight on country 2016'}"
test_277,Не мог бы ты найти фотографию Epic Conditions?,SearchCreativeWork,SearchCreativeWork,True,0.9484,False,False,False,"{'object_type': 'фотографию', 'object_name': 'Epic Conditions'}","{'object_name': 'фотографию Epic Conditions', 'object_type': 'фотография'}"
test_278,Включи rich sex на Iheart,PlayMusic,PlayMusic,True,0.906,False,False,True,"{'track': 'rich sex', 'service': 'Iheart'}","{'music_item': 'Iheart', 'service': 'PlayMusic'}"
test_279,Играет ли Барток Великолепный в семь утра?,SearchScreeningEvent,weather/find,False,0.9428,False,False,False,"{'movie_name': 'Барток Великолепный', 'datetime': 'семь утра'}","{'weather/attribute': 'Играет ли Барток Великолепный', 'datetime': 'семь утра'}"
test_280,Включи что-нибудь на Zvooq,PlayMusic,PlayMusic,True,0.9388,False,False,False,{'service': 'Zvooq'},{'music_item': 'что-нибудь на Zvooq'}
test_281,Позволь мне послушать музыку Криса Найта,PlayMusic,PlayMusic,True,0.9752,False,False,False,{'artist': 'Криса Найта'},{'artist': 'Крис Найт'}
test_282,включи альбом Джилл Собул,PlayMusic,PlayMusic,True,0.996,False,False,True,"{'music_item': 'альбом', 'album': 'Джилл Собул'}","{'music_item': 'альбом', 'artist': 'Джилл Собул'}"
test_283,Поставь четыре звезды The Broken Window,RateBook,RateBook,True,0.9522,False,False,False,"{'rating_value': 'четыре', 'rating_unit': 'звезды', 'object_name': 'The Broken Window'}","{'object_name': 'The Broken Window', 'object_type': 'книгу', 'rating_unit': 'звезды', 'rating_value': 'четыре'}"
test_284,Расскажи мне прогноз на 6 утра в Татра-Национальном парке,weather/find,weather/find,True,0.9718,False,False,False,"{'datetime': '6 утра', 'location': 'Татра - Национальном парке'}","{'location': 'Татра-Национальный парк', 'weather/attribute': 'прогноз', 'datetime': '6 утра'}"
,"Пожалуйста, забронируй мне стол в кафе, где подают домашнее печенье.",BookRestaurant,BookRestaurant,True,0.9397,False,False,True,"{'restaurant_type': 'кафе', 'served_dish': 'домашнее печенье'}","{'restaurant_type': 'кафе', 'served_dish': 'домашнее печенье', 'location': 'не указано'}"
,Оцени серию The Mystery of the Tolling Bell на 4 звезды.,RateBook,RateBook,True,0.9413,False,False,True,"{'object_part_of_series_type': 'серию', 'object_name': 'The Mystery of the Tolling Bell', 'rating_value': '4', 'rating_unit': 'звезды'}","{'object_name': 'The Mystery of the Tolling Bell', 'rating_value': '4', 'object_type': 'книга'}"
test_287,Используй Groove Shark для воспроизведения музыки,PlayMusic,PlayMusic,True,0.9679,False,False,False,{'service': 'Groove Shark'},{'music_item': 'Groove Shark'}
,Проверь расписание сеансов Snowbound в ближайшем кинотеатре.,SearchScreeningEvent,SearchScreeningEvent,True,0.9814,False,False,True,"{'movie_name': 'Snowbound', 'location': 'ближайшем', 'object_location_type': 'кинотеатре'}","{'object_type': 'расписание', 'movie_name': 'Snowbound', 'location': 'ближайшем', 'object_location_type': 'кинотеатре'}"
test_289,Пожалуйста открой Zvooq,PlayMusic,weather/find,False,0.8895,False,False,False,{'service': 'Zvooq'},"{'weather/attribute': 'погода', 'datetime': 'текущая', 'location': 'здесь'}"
test_290,забронируй место на 1 человека в Town of Ramsgate in Merit,BookRestaurant,BookRestaurant,True,0.9792,False,False,True,"{'party_size_number': '1', 'restaurant_name': 'Town of Ramsgate', 'location': 'Merit'}","{'location': 'Town of Ramsgate', 'party_size_number': '1'}"
,Будет ли Теория большого взрыва идти в 7 вечера?,SearchScreeningEvent,weather/find,False,0.9666,False,False,False,"{'movie_name': 'Теория большого взрыва', 'datetime': '7 вечера'}","{'weather/attribute': 'Теория большого взрыва', 'datetime': '7 вечера'}"
,станет ли прохладнее в Кастерском национальном лесу в семь вечера,weather/find,weather/find,True,0.9596,False,False,True,"{'condition_temperature': 'прохладнее', 'location': 'Кастерском национальном лесу', 'datetime': 'семь вечера'}","{'weather/attribute': 'станет ли прохладнее', 'datetime': 'в семь вечера', 'location': 'Кастерский национальный лес'}"
test_293,Я хочу послушать что-нибудь на Ютубе.,PlayMusic,PlayMusic,True,0.9174,False,False,False,{'service': 'Ютубе'},"{'music_item': 'видео', 'service': 'YouTube'}"
test_294,Найди игру Difficult Loves,SearchCreativeWork,SearchCreativeWork,True,0.977,False,False,False,"{'object_type': 'игру', 'object_name': 'Difficult Loves'}","{'object_name': 'Difficult Loves', 'object_type': 'игра'}"
,Какой прогноз погоды на 20 февраля в Bothe-Napa Valley State Park?,weather/find,weather/find,True,0.9866,False,False,False,"{'datetime': '20 февраля', 'location': 'Bothe-Napa Valley State Park'}","{'location': 'Bothe-Napa Valley State Park', 'datetime': '20 февраля'}"
test_296,покажи мне расписание фильма The Great Gildersleeve возле кинотеатра,SearchScreeningEvent,SearchScreeningEvent,True,0.9633,False,False,True,"{'object_type': 'расписание', 'movie_name': 'The Great Gildersleeve', 'object_location_type': 'кинотеатра'}","{'movie_name': 'The Great Gildersleeve', 'location': 'кинотеатр', 'object_type': 'расписание'}"
test_297,Расскажи мне о прогнозе погоды в Гибсленде,weather/find,weather/find,True,0.9787,False,False,False,{'location': 'Гибсленде'},{'location': 'Гибсленд'}
test_298,Могу ли я узнать время сеансов в кинотеатрах по соседству?,SearchScreeningEvent,SearchScreeningEvent,True,0.9549,False,False,False,"{'object_type': 'время сеансов', 'movie_type': 'кинотеатрах', 'location': 'по соседству'}","{'object_type': 'время сеансов', 'location': 'кинотеатрах по соседству'}"
test_299,Оцени Soul Music на 0 .,RateBook,RateBook,True,0.975,False,False,False,"{'object_name': 'Soul Music', 'rating_value': '0'}","{'object_name': 'Soul Music', 'rating_value': '0'}"
test_300,Забронируй столик на пять человек в татарской таверне в Сарджентсе,BookRestaurant,BookRestaurant,True,0.9544,False,False,True,"{'party_size_number': 'пять', 'cuisine': 'татарской', 'restaurant_type': 'таверне', 'location': 'Сарджентсе'}","{'cuisine': 'татарская', 'datetime': 'не указано', 'facility': 'таверна', 'location': 'Сарджентсе', 'party_size_description': 'пять', 'party_size_number': '5', 'restaurant_name': 'не указано', 'restaurant_type': 'не указано', 'sort': 'не указано'}"
,Включи All Things Must Pass,PlayMusic,PlayMusic,True,0.9309,False,False,True,{'track': 'All Things Must Pass'},"{'music_item': 'Album', 'artist': 'George Harrison', 'service': 'Spotify'}"
test_302,Какой прогноз дождя в Южной Корее через час,weather/find,weather/find,True,0.9781,False,False,True,"{'condition_description': 'дождя', 'location': 'Южной Корее', 'datetime': 'час'}","{'location': 'Южная Корея', 'weather/attribute': 'прогноз дождя', 'datetime': 'через час'}"
test_303,Забронируй место на 4 персоны в Оклахоме в South Street Diner,BookRestaurant,none,False,0.9668,True,False,True,"{'party_size_number': '4', 'location': 'Оклахоме', 'restaurant_name': 'South Street Diner'}",{}
,Включи музыку с Нетфликса.,PlayMusic,PlayMusic,True,0.9572,False,False,False,{'service': 'Нетфликса'},{'service': 'Netflix'}
,Я хочу увидеть Shattered Image,SearchScreeningEvent,SearchCreativeWork,False,0.9667,False,False,False,{'movie_name': 'Shattered Image'},"{'object_name': 'Shattered Image', 'object_type': 'книгу'}"
test_306,Найди The Sound of One Hand Clapping,SearchCreativeWork,SearchCreativeWork,True,0.9893,False,False,False,{'object_name': 'The Sound of One Hand Clapping'},"{'object_name': 'The Sound of One Hand Clapping', 'object_type': 'книгу'}"
test_307,Найди альбом Wolves Within,SearchCreativeWork,PlayMusic,False,0.9847,False,False,False,"{'object_type': 'альбом', 'object_name': 'Wolves Within'}","{'music_item': 'альбом', 'artist': 'Wolves Within'}"
test_308,в каком кинотеатре идет We Are Northern Lights,SearchScreeningEvent,SearchScreeningEvent,True,0.9592,False,False,True,"{'object_location_type': 'кинотеатре', 'movie_name': 'We Are Northern Lights'}","{'movie_name': 'We Are Northern Lights', 'location': 'в каком кинотеатре'}"
test_309,Добавь our little corner of the world music from gilmore girls в мой плейлист The Funny Thing About Football Is.,AddToPlaylist,AddToPlaylist,True,0.989,False,False,False,"{'entity_name': 'our little corner of the world music from gilmore girls', 'reference': 'мой', 'playlist': 'The Funny Thing About Football Is'}","{'music_item': 'our little corner of the world music from gilmore girls', 'playlist': 'The Funny Thing About Football Is'}"
test_317,Добавь новейшую песню Richard McNamara в плейлист Just Smile,AddToPlaylist,AddToPlaylist,True,0.9756,False,False,False,"{'music_item': 'песню', 'artist': 'Richard McNamara', 'playlist': 'Just Smile'}","{'music_item': 'песню', 'artist': 'Richard McNamara', 'playlist': 'Just Smile'}"
test_318,насколько здесь будет холодно через секунду,weather/find,weather/find,True,0.9769,False,False,True,"{'location': 'здесь', 'condition_temperature': 'холодно', 'datetime': 'через секунду'}","{'weather/attribute': 'холодно', 'datetime': 'через секунду'}"
test_319,Найди картинку с названием With You,SearchCreativeWork,SearchCreativeWork,True,0.9722,False,False,False,"{'object_type': 'картинку', 'object_name': 'With You'}","{'object_type': 'картинку', 'object_name': 'With You'}"
test_320,Найди творческую работу Deadly Weapons,SearchCreativeWork,SearchCreativeWork,True,0.9809,False,False,False,{'object_name': 'Deadly Weapons'},"{'object_name': 'Deadly Weapons', 'object_type': 'книгу'}"
,Какая погода будет в ноябре в Брукниле?,weather/find,weather/find,True,0.9652,False,False,False,"{'datetime': 'ноябре', 'location': 'Брукниле'}","{'location': 'Брукнил', 'datetime': 'ноябрь'}"
test_322,Забронируй столик в кафе на лапшу,BookRestaurant,BookRestaurant,True,0.9421,False,False,True,"{'restaurant_type': 'кафе', 'served_dish': 'лапшу'}","{'restaurant_type': 'кафе', 'cuisine': 'лапша', 'datetime': 'не указано', 'location': 'не указано', 'party_size_description': 'не указано', 'party_size_number': 'не указано', 'restaurant_name': 'не указано', 'served_dish': 'лапша', 'sort': 'не указано'}"
test_323,какой прогноз на Коста-Рике,weather/find,weather/find,True,0.9696,False,False,False,{'location': 'Коста - Рике'},"{'location': 'Коста-Рика', 'weather/attribute': 'прогноз'}"
test_324,Играет The Two Gladiators,SearchScreeningEvent,PlayMusic,False,0.9795,False,False,False,{'movie_name': 'The Two Gladiators'},{'music_item': 'The Two Gladiators'}
test_325,какие фильмы в Star Theatres .,SearchScreeningEvent,SearchScreeningEvent,True,0.9657,False,False,False,"{'movie_type': 'фильмы', 'location': 'Star Theatres'}","{'object_type': 'фильмы', 'location': 'Star Theatres'}"
test_326,Можешь пожалуйста найти мне сагу Harry Hood ?,SearchCreativeWork,SearchCreativeWork,True,0.9576,False,False,False,"{'object_type': 'сагу', 'object_name': 'Harry Hood'}","{'object_name': 'saga Harry Hood', 'object_type': 'книгу'}"
test_327,добавь эту мелодию в мой плейлист Sleepify,AddToPlaylist,AddToPlaylist,True,0.9727,False,False,False,"{'music_item': 'мелодию', 'reference': 'мой', 'playlist': 'Sleepify'}","{'music_item': 'эту мелодию', 'playlist': 'Sleepify', 'reference': 'мой'}"
test_328,Заиграет ли Any Which Way You Can через 15 секунд,SearchScreeningEvent,PlayMusic,False,0.9646,False,False,False,"{'movie_name': 'Any Which Way You Can', 'datetime': 'через 15 секунд'}","{'music_item': 'Any Which Way You Can', 'datetime': 'через 15 секунд'}"
test_329,Включи музыку с E-type .,PlayMusic,PlayMusic,True,0.9945,False,False,False,{'artist': 'E-type'},{'music_item': 'E-type'}
,Поставь одну звезду текущей книге,RateBook,RateBook,True,0.9289,False,False,False,"{'rating_value': 'одну', 'object_select': 'текущей', 'object_type': 'книге'}","{'object_name': 'текущая книга', 'rating_value': 'одна звезда'}"
test_331,Включи Another Passenger от Louis Nelson Delisle .,PlayMusic,PlayMusic,True,0.97,False,False,True,"{'album': 'Another Passenger', 'artist': 'Louis Nelson Delisle'}","{'music_item': 'Альбом', 'artist': 'Louis Nelson Delisle', 'album': 'Another Passenger'}"
test_332,Где я могу найти расписание фильмов,SearchScreeningEvent,SearchScreeningEvent,True,0.923,False,False,False,{'object_type': 'расписание фильмов'},"{'object_type': 'расписание', 'movie_name': 'фильмы', 'location': 'кинотеатр', 'object_location_type': 'кинотеатр'}"
test_333,какой прогноз на сентябрь 26 в Эмерадо Сен-Пьер и Микелон,weather/find,weather/find,True,0.9785,False,False,False,"{'datetime': 'сентябрь 26', 'location': 'Эмерадо Сен - Пьер и Микелон'}","{'location': 'Эмерадо Сен-Пьер и Микелон', 'datetime': '26 сентября'}"
test_334,Давайте поедим рядом с Оукфилдом через пару минут в Ted Peters Famous Smoked Fish,BookRestaurant,SearchLocation,False,0.8849,False,False,True,"{'location': 'рядом с | Оукфилдом', 'datetime': 'через пару минут', 'restaurant_name': 'Ted Peters Famous Smoked Fish'}","{'location': 'Оукфилд', 'object_type': 'место', 'datetime': 'пару минут'}"
test_335,найди мне трейлер Good Morning Sunshine,SearchCreativeWork,SearchCreativeWork,True,0.986,False,False,False,"{'object_type': 'трейлер', 'object_name': 'Good Morning Sunshine'}","{'object_type': 'трейлер', 'object_name': 'Good Morning Sunshine'}"
test_336,Я хочу забронировать пивную на 3 человек на Нидерландских Антильских островах .,BookRestaurant,BookRestaurant,True,0.9278,False,False,False,"{'restaurant_type': 'пивную', 'party_size_number': '3', 'location': 'Нидерландских Антильских островах'}","{'cuisine': 'пивная', 'datetime': '3', 'location': 'Нидерландских Антильских островах', 'party_size_number': '3', 'restaurant_type': 'не указано', 'sort': 'не указано'}"
test_337,оцени этот текущий альбом на 0 звезд,RateBook,RateMusic,False,0.9489,False,False,False,"{'object_select': 'этот текущий', 'object_type': 'альбом', 'rating_value': '0', 'rating_unit': 'звезд'}","{'music_item': 'текущий альбом', 'rating_value': '0', 'rating_unit': 'звезд'}"
test_338,Хотели бы забронировать место в Монако в кофейне Yankee Doodle Coffee Shop,BookRestaurant,BookRestaurant,True,0.9493,False,False,True,"{'location': 'Монако', 'restaurant_name': 'Yankee Doodle Coffee Shop'}","{'restaurant_name': 'Yankee Doodle Coffee Shop', 'location': 'Монако', 'object_type': 'кофейня'}"
test_339,Добавь исполнителя в плейлист political punks.,AddToPlaylist,AddToPlaylist,True,0.9533,False,False,False,"{'music_item': 'исполнителя', 'playlist': 'political punks.'}","{'music_item': 'исполнителя', 'artist': 'политический панк', 'playlist': 'playlist_name'}"
test_340,Будет ли холоднее через четыре месяца в Сувани AK,weather/find,weather/find,True,0.9776,False,False,True,"{'condition_temperature': 'холоднее', 'datetime': 'через четыре месяца', 'location': 'Сувани | AK'}","{'weather/attribute': 'холоднее', 'datetime': 'через четыре месяца', 'location': 'Сувани AK'}"
test_341,добавь  Muzika za decu в мой плейлист Crash Course,AddToPlaylist,AddToPlaylist,True,0.9521,False,False,False,"{'entity_name': 'Muzika za decu', 'reference': 'мой', 'playlist': 'Crash Course'}","{'music_item': 'Muzika za decu', 'playlist': 'Crash Course', 'artist': 'not specified'}"
test_342,Можешь поискать сагу Molecular Oncology ?,SearchCreativeWork,SearchCreativeWork,True,0.9615,False,False,False,"{'object_type': 'сагу', 'object_name': 'Molecular Oncology'}","{'object_name': 'Molecular Oncology', 'object_type': 'книгу'}"
test_343,Я хочу забронировать ресторан на шесть человек в Вагстаффе AK .,BookRestaurant,BookRestaurant,True,0.9837,False,False,False,"{'restaurant_type': 'ресторан', 'party_size_number': 'шесть', 'location': 'Вагстаффе | AK'}","{'location': 'Вагстаффе AK', 'party_size_number': 'шесть'}"
test_344,Включи симфоническую музыку Дэвида Линдли .,PlayMusic,PlayMusic,True,0.9555,False,False,False,"{'music_item': 'симфоническую', 'artist': 'Дэвида Линдли'}","{'music_item': 'симфоническая музыка', 'artist': 'Дэвида Линдли'}"
,"Пожалуйста, найди мне телесериал Now We Are Married .",SearchCreativeWork,SearchCreativeWork,True,0.976,False,False,False,"{'object_type': 'телесериал', 'object_name': 'Now We Are Married'}","{'object_name': 'Now We Are Married', 'object_type': 'телесериал'}"
test_346,Я хочу посмотреть Outcast .,SearchScreeningEvent,SearchCreativeWork,False,0.9597,False,False,False,{'movie_name': 'Outcast'},"{'object_name': 'Outcast', 'object_type': 'фильм'}"
test_347,добавь текущий трек в мой плейлист This Is Tchaikovsky,AddToPlaylist,AddToPlaylist,True,0.9851,False,False,False,"{'music_item': 'трек', 'reference': 'мой', 'playlist': 'This Is Tchaikovsky'}","{'music_item': 'текущий трек', 'playlist': 'This Is Tchaikovsky', 'reference': 'мой'}"
test_348,Включи This Is: Miles Davis на Lastfm .,PlayMusic,PlayMusic,True,0.9548,False,False,False,"{'playlist': 'This Is: Miles Davis', 'service': 'Lastfm'}","{'music_item': 'This Is: Miles Davis', 'service': 'Lastfm'}"
test_349,забронируй лучший столик в Танзании на 5 человек в кафе,BookRestaurant,BookRestaurant,True,0.964,False,False,False,"{'sort': 'лучший', 'location': 'Танзании', 'party_size_number': '5', 'restaurant_type': 'кафе'}","{'location': 'Танзания', 'party_size_number': '5', 'restaurant_type': 'кафе', 'sort': 'лучший'}"
test_350,Давайте послушаем старого доброго Mohammad Mamlе на Vimeo .,PlayMusic,PlayMedia,False,0.8502,False,False,False,"{'sort': 'старого | доброго', 'artist': 'Mohammad Mamle', 'service': 'Vimeo'}","{'media_item': 'Моххаммед Мамла', 'media_platform': 'Vimeo'}"
test_351,Помести трек Vandemataram Srinivas в HipHop Hot 50 .,AddToPlaylist,AddToPlaylist,True,0.9767,False,False,False,"{'music_item': 'трек', 'artist': 'Vandemataram Srinivas', 'playlist': 'HipHop Hot 50'}","{'music_item': 'трек', 'artist': 'Vandemataram Srinivas', 'playlist': 'HipHop Hot 50'}"
test_352,Найди мне песню Secret South .,SearchCreativeWork,PlayMusic,False,0.9569,False,False,False,"{'object_type': 'песню', 'object_name': 'Secret South'}","{'music_item': 'песню', 'artist': 'Secret South'}"
test_353,песни девяностых на Zvooq,PlayMusic,PlayMusic,True,0.9848,False,False,False,"{'datetime': 'девяностых', 'service': 'Zvooq'}","{'music_item': 'песни девяностых', 'service': 'Zvooq'}"
test_354,"какой прогноз погоды в Admire в Техасе, начиная с пяти вечера",weather/find,weather/find,True,0.9637,False,False,False,"{'location': 'Admire | Техасе', 'datetime': 'пяти | вечера'}","{'location': 'Admire в Техасе', 'datetime': 'пяти вечера'}"
test_355,Включи что-нибудь на Last Fm,PlayMusic,PlayMusic,True,0.9417,False,False,False,{'service': 'Last Fm'},{'music_item': 'что-нибудь на Last Fm'}
,Я хочу посмотреть The Portrait of a Lady в ближайшем кинотеатре.,SearchScreeningEvent,SearchScreeningEvent,True,0.9802,False,False,True,"{'movie_name': 'The Portrait of a Lady', 'location': 'ближайшем', 'object_location_type': 'кинотеатре'}","{'movie_name': 'The Portrait of a Lady', 'location': 'ближайшем', 'object_type': 'расписание', 'object_location_type': 'кинотеатр'}"
,Пожалуйста найди мне Phineas Redux.,SearchCreativeWork,SearchCreativeWork,True,0.9914,False,False,False,{'object_name': 'Phineas Redux'},"{'object_name': 'Phineas Redux', 'object_type': 'книгу'}"
test_358,Добавь мелодию 40 cal в плейлист laundry.,AddToPlaylist,AddToPlaylist,True,0.9721,False,False,False,"{'music_item': 'мелодию', 'artist': '40 cal', 'playlist': 'laundry'}","{'music_item': 'мелодию 40 cal', 'playlist': 'laundry'}"
,Открой itunes и включи Ben Burnley Ready To Die.,PlayMusic,PlayMusic,True,0.9621,False,False,True,"{'service': 'itunes', 'artist': 'Ben Burnley', 'album': 'Ready To Die'}",{'music_item': 'Ben Burnley Ready To Die'}
,Какая погода будет около Памятника Лихула 5 декабря?,weather/find,weather/find,True,0.952,False,False,False,"{'location': 'Памятника Лихула', 'datetime': '5 декабря'}","{'weather/attribute': 'какая', 'datetime': '5 декабря', 'location': 'Памятник Лихула'}"
,Покажи расписание Sexy Dance 2 в ближайшем кинотеатре.,SearchScreeningEvent,SearchScreeningEvent,True,0.9786,False,False,True,"{'object_type': 'расписание', 'movie_name': 'Sexy Dance 2', 'location': 'ближайшем', 'object_location_type': 'кинотеатре'}","{'movie_name': 'Sexy Dance 2', 'location': 'ближайшем', 'object_location_type': 'кинотеатре', 'object_type': 'расписание'}"
,Найди песню с названием Live at the Kings Center.,SearchCreativeWork,SearchMusic,False,0.9275,False,False,False,"{'object_type': 'песню', 'object_name': 'Live at the Kings Center'}","{'music_item': 'песню', 'track': 'Live at the Kings Center'}"
,"Какая погода в Тайонеке, Нью-Джерси?",weather/find,weather/find,True,0.9811,False,False,False,{'location': 'Тайонеке | Нью | - Джерси'},"{'location': 'Тайонеке, Нью-Джерси'}"
test_364,Я хочу забронировать Tupelo Honey Cafe в Нью-Джерси для пяти человек.,BookRestaurant,BookRestaurant,True,0.9635,False,False,True,"{'restaurant_name': 'Tupelo Honey Cafe', 'location': 'Нью | - Джерси', 'party_size_number': 'пяти'}","{'cuisine': 'неизвестно', 'datetime': 'неизвестно', 'facility': 'Tupelo Honey Cafe', 'location': 'Нью-Джерси', 'party_size_description': 'пять', 'party_size_number': '5', 'restaurant_name': 'Tupelo Honey Cafe', 'restaurant_type': 'неизвестно'}"
,Забронируй место для меня и моих племянниц в чайном домике.,BookRestaurant,BookRestaurant,True,0.9205,False,False,True,"{'party_size_description': 'меня и моих племянниц', 'restaurant_type': 'чайном домике'}","{'object_type': 'чайный домик', 'party_size_description': 'для меня и моих племянниц', 'location': 'не указано', 'party_size_number': 'не указано'}"
,Будет ли жарко в Нидерландах 16 февраля?,weather/find,weather/find,True,0.987,False,False,True,"{'condition_temperature': 'жарко', 'location': 'Нидерландах', 'datetime': '16 февраля'}","{'location': 'Нидерланды', 'datetime': '16 февраля'}"
,Я хотел бы добавить Jordan Rudess в плейлист Divertido para niños.,AddToPlaylist,AddToPlaylist,True,0.9775,False,False,False,"{'artist': 'Jordan Rudess', 'playlist': 'Divertido para niños'}","{'artist': 'Jordan Rudess', 'playlist': 'Divertido para niños', 'reference': 'мой'}"
,Оцени In the Company of Cheerful Ladies на ноль из 6.,RateBook,RateBook,True,0.9781,False,False,False,"{'object_name': 'In the Company of Cheerful Ladies', 'rating_value': 'ноль', 'best_rating': '6'}","{'object_name': 'In the Company of Cheerful Ladies', 'rating_value': '0', 'rating_unit': 'из 6'}"
test_112,Что такое суровый прогноз погода?,weather/find,weather/find,True,0.9666,False,False,False,{'weather/attribute': 'суровый'},{'weather/attribute': 'суровый прогноз'}
test_113,напомни мне о визите к врачу на следующей недели,reminder/set_reminder,reminder/set_reminder,True,0.9712,False,False,False,"{'reminder/todo': 'визите к врачу', 'datetime': 'на следующей недели'}","{'datetime': 'на следующей неделе', 'reminder/todo': 'о визите к врачу'}"
test_114,поставь напоминание о походе в магазин в 8 утра,reminder/set_reminder,reminder/set_reminder,True,0.9802,False,False,False,"{'reminder/todo': 'походе в магазин', 'datetime': '8 утра'}",{'datetime': '8 утра'}
test_115,Поставь напоминание о сдачи вещей в химчистку,reminder/set_reminder,reminder/set_reminder,True,0.9301,False,False,False,{'reminder/todo': 'сдачи вещей в химчистку'},{'datetime': 'время сдачи вещей в химчистку'}
test_116,когда похоладает?,weather/find,weather/find,True,0.9595,False,False,False,{'weather/attribute': 'похоладает'},{'weather/attribute': 'похолодает'}
test_243,будет ли дождь на этой недели,weather/find,weather/find,True,0.9566,False,False,False,"{'weather/attribute': 'дождь', 'datetime': 'этой недели'}","{'weather/attribute': 'дождь', 'datetime': 'этой неделе'}"
test_118,удали все будильники,alarm/cancel_alarm,alarm/cancel_alarm,True,0.9881,False,False,False,{'reference': 'все'},{'reference': 'все'}
test_179,отмени будильники,alarm/cancel_alarm,alarm/cancel_alarm,True,0.966,False,False,False,{},{'reference': 'все мои'}
test_120,покажи мне текущие будильники,alarm/show_alarms,alarm/show_alarms,True,0.9742,False,False,False,{'reference': 'текущие'},{}
test_121,На какое время у меня установлен будильник?,alarm/show_alarms,alarm/show_alarms,True,0.9188,False,False,False,{},{'datetime': 'на какое время'}
test_189,В субботу пойдет дождь?,weather/find,weather/find,True,0.937,False,False,False,{'datetime': 'субботу'},"{'location': 'в субботу', 'weather/attribute': 'пойдет дождь'}"
test_123,насколько жарко сегодня будет,weather/find,weather/find,True,0.9594,False,False,False,"{'weather/attribute': 'жарко', 'datetime': 'сегодня'}","{'weather/attribute': 'жарко', 'location': 'сегодня'}"
test_124,Сбрось все будильники,alarm/cancel_alarm,alarm/cancel_alarm,True,0.9777,False,False,False,{'reference': 'все'},{'reference': 'все'}
test_125,Погода в Тахо в эти выходных?,weather/find,weather/find,True,0.9698,False,False,False,"{'location': 'Тахо', 'datetime': 'эти выходные'}","{'location': 'Тахо', 'weather/attribute': 'в эти выходных'}"
test_126,Понадобится ли курта сегодня?,weather/find,weather/find,True,0.9602,False,False,False,"{'weather/attribute': 'куртка', 'datetime': 'сегодня'}",{'location': 'сегодня'}
test_127,Когда дождь закончится?,weather/find,weather/find,True,0.9467,False,False,False,{'weather/attribute': 'дождь'},"{'weather/attribute': 'дождь', 'datetime': 'когда закончится'}"
test_128,Поставь напоминание позвонить в школу в понедельник в 4 часа дня,reminder/set_reminder,reminder/set_reminder,True,0.9867,False,False,False,"{'reminder/todo': 'позвонить в школу', 'datetime': 'понедельник в 4 часа дня'}",{'datetime': 'понедельник в 4 часа дня'}
test_129,Выключи текущий будильник.,alarm/cancel_alarm,alarm/cancel_alarm,True,0.9995,False,False,False,{'reference': 'текущий'},{'reference': 'текущий'}
test_130,Насколько холодно будет сегодня вечером?,weather/find,weather/find,True,0.9854,False,False,False,"{'weather/attribute': 'холодно', 'datetime': 'сегодня вечером'}","{'weather/attribute': 'холодно', 'datetime': 'сегодня вечером'}"
,поставь будильник на 7 утра на завтра,alarm/set_alarm,alarm/set_alarm,True,0.9591,False,False,False,{'datetime': '7 утра на завтра'},{'datetime': 'завтра'}
test_132,"Отмени текущее напоминание о том, чтобы забрать Роба",reminder/cancel_reminder,reminder/cancel_reminder,True,0.9885,False,False,False,"{'reference': 'текущее', 'reminder/todo': 'забрать Роба'}","{'reference': 'текущее', 'reminder/todo': 'забрать Роба'}"
test_133,Создай напоминание на завтра о покупке молока,reminder/set_reminder,reminder/set_reminder,True,0.9835,False,False,False,"{'datetime': 'завтра', 'reminder/todo': 'покупке молока'}","{'datetime': 'завтра', 'reminder/todo': 'покупка молока'}"
test_134,поставь будильник на 6 вечера,alarm/set_alarm,alarm/set_alarm,True,0.9948,False,False,False,{'datetime': '6 вечера'},{'datetime': '6 вечера'}
test_135,запланируй ежедневный будильник на 7:30 вечера до удаления,alarm/set_alarm,alarm/set_alarm,True,0.9631,False,False,False,{'recurring_datetime': 'ежедневный | 7:30 вечера'},"{'datetime': '7 : 30 вечера', 'recurring_datetime': 'ежедневный', 'reference': 'мой'}"
test_198,напомни мне поставить будильник для подъема,reminder/set_reminder,alarm/set_alarm,False,0.9588,False,False,False,{'reminder/todo': 'поставить будильник для подъема'},{'datetime': 'поставить будильник'}
test_137,Отмени текущее напоминание,reminder/cancel_reminder,reminder/cancel_reminder,True,0.9768,False,False,False,{'reference': 'текущее'},{'reference': 'текущее'}
test_235,Сегодня пойдет снег?,weather/find,weather/find,True,0.9567,False,False,False,"{'datetime': 'Сегодня', 'weather/attribute': 'снег'}",{'weather/attribute': 'снег'}
test_139,Покажи мне все будильники,alarm/show_alarms,alarm/show_alarms,True,0.9812,False,False,False,{'reference': 'все'},{}
test_237,покажи все напоминания,reminder/show_reminders,reminder/show_reminders,True,0.9711,False,False,False,{'reference': 'все'},{}
test_141,сколько времени осталось до текущего будильника,alarm/time_left_on_alarm,alarm/time_left_on_alarm,True,0.9732,False,True,False,{'reference': 'текущего'},{'reference': 'текущий'}
test_142,поставь будильник на 2 часа,alarm/set_alarm,alarm/set_alarm,True,0.9951,False,False,False,{'datetime': '2 часа'},{'datetime': '2 часа'}
test_143,Напомни мне купить хлеб после работы,reminder/set_reminder,reminder/set_reminder,True,0.9827,False,False,False,"{'reminder/todo': 'купить хлеб', 'datetime': 'после работы'}","{'datetime': 'после работы', 'reminder/todo': 'купить хлеб'}"
test_144,Сегодня будет дождь?,weather/find,weather/find,True,0.94,False,False,False,"{'datetime': 'Сегодня', 'weather/attribute': 'дождь'}","{'location': 'сегодня', 'weather/attribute': 'будет дождь'}"
test_145,прочитай прогноз погоды на сегодня,weather/find,weather/find,True,0.9604,False,False,False,{'datetime': 'сегодня'},{'weather/attribute': 'прогноз погоды на сегодня'}
test_146,На какое время установлен текущий будильник?,alarm/show_alarms,alarm/show_alarms,True,0.9289,False,False,False,{'reference': 'текущий'},{'datetime': 'текущее время'}
test_147,завтра в 4 напомни мне сходить в торговый центр,reminder/set_reminder,reminder/set_reminder,True,0.9908,False,False,False,"{'datetime': 'завтра в 4', 'reminder/todo': 'сходить в торговый центр'}","{'datetime': 'завтра в 4', 'reminder/todo': 'сходить в торговый центр'}"
test_148,сегодня мне понадобится зонт,weather/find,weather/find,True,0.9428,False,False,False,"{'datetime': 'сегодня', 'weather/attribute': 'зонт'}",{'weather/attribute': 'зонт'}
test_216,Покажи текущее напоминание,reminder/show_reminders,reminder/show_reminders,True,0.9823,False,False,False,{'reference': 'текущее'},{}
test_237,покажи все напоминания,reminder/show_reminders,reminder/show_reminders,True,0.9711,False,False,False,{'reference': 'все'},{}
test_151,Установи напоминание покормить собаку в понедельник.,reminder/set_reminder,reminder/set_reminder,True,0.9715,False,False,False,"{'reminder/todo': 'покормить собаку', 'datetime': 'понедельник'}",{'datetime': 'понедельник'}
test_152,"Поставь напоминание ""Класс саб-йоги во вторник вечером в Bala"" на завтра",reminder/set_reminder,reminder/set_reminder,True,0.9899,False,False,False,"{'reminder/todo': 'Класс саб-йоги во вторник вечером в Bala', 'datetime': 'завтра'}","{'reminder/todo': 'Класс саб-йоги во вторник вечером в Bala', 'datetime': 'завтра'}"
test_153,Отмени все напоминания на сегодня,reminder/cancel_reminder,reminder/cancel_reminder,True,0.9765,False,False,False,"{'reference': 'все', 'datetime': 'сегодня'}","{'reference': 'все', 'datetime': 'сегодня'}"
test_154,Какая погода будет в Нью Йорке на этой недели,weather/find,weather/find,True,0.9708,False,False,False,"{'location': 'Нью Йорке', 'datetime': 'этой недели'}","{'location': 'Нью Йорке', 'datetime': 'на этой неделе'}"
test_155,напомни мне о визите к доктору в четверг в 12 часов дня,reminder/set_reminder,reminder/set_reminder,True,0.9771,False,False,False,"{'reminder/todo': 'визите к доктору', 'datetime': 'четверг в 12 часов дня'}",{'datetime': 'четверг в 12 часов дня'}
test_156,Установи будильник на 6:50 вечера,alarm/set_alarm,alarm/set_alarm,True,0.9877,False,False,False,{'datetime': '6:50 вечера'},{'datetime': '6 : 50 вечера'}
test_235,Пойдет ли снег сегодня?,weather/find,weather/find,True,0.9412,False,False,False,"{'weather/attribute': 'снег', 'datetime': 'сегодня'}","{'weather/attribute': 'погода', 'location': 'сегодня'}"
test_158,Какие будильники установлены?,alarm/show_alarms,alarm/show_alarms,True,0.9803,False,False,False,{},{}
test_159,Установи напоминание на 7 октября,reminder/set_reminder,reminder/set_reminder,True,0.9953,False,False,False,{'datetime': '7 октября'},{'datetime': '7 октября'}
test_160,Будет ли сегодня снег?,weather/find,weather/find,True,0.9679,False,False,False,"{'datetime': 'сегодня', 'weather/attribute': 'снег'}",{'weather/attribute': 'снег'}
test_161,отложи будильник на 15 минут,alarm/snooze_alarm,alarm/snooze_alarm,True,0.9839,False,True,False,{'datetime': '15 минут'},{'datetime': '15 минут'}
test_237,покажи все напоминания,reminder/show_reminders,reminder/show_reminders,True,0.9711,False,False,False,{'reference': 'все'},{}
test_2,Нужен ли мне свитер?,weather/find,None,False,0.928,False,False,False,{'weather/attribute': 'свитер'},{}
test_3,Добавь напоминание на сегодня на 4 часа дня,reminder/set_reminder,reminder/set_reminder,True,0.9538,False,False,False,{'datetime': 'сегодня на 4 часа дня'},"{'datetime': '4 часа дня', 'reminder/todo': 'напоминание на сегодня'}"
test_137,Отмени текущее напоминание,reminder/cancel_reminder,reminder/cancel_reminder,True,0.9768,False,False,False,{'reference': 'текущее'},{'reference': 'текущее'}
test_5,Напомни мне заправиться.,reminder/set_reminder,reminder/set_reminder,True,0.9417,False,False,False,{'reminder/todo': 'заправиться'},"{'reminder/todo': 'заправиться', 'datetime': 'текущая дата и время'}"
test_6,Нужен ли мне зонт в среду?,weather/find,weather/find,True,0.9429,False,False,False,"{'weather/attribute': 'зонт', 'datetime': 'среду'}",{'weather/attribute': 'нужен ли мне зонт'}
test_7,отложи будильники на 5 минут,alarm/snooze_alarm,alarm/snooze_alarm,True,0.9825,False,True,False,{'datetime': '5 минут'},{'datetime': '5 минут'}
test_8,поставь напоминание о дне рождения Макса,reminder/set_reminder,reminder/set_reminder,True,0.9633,False,False,False,{'reminder/todo': 'напоминание о дне рождения Макса'},{'datetime': 'дне рождения Макса'}
test_237,покажи все напоминания,reminder/show_reminders,reminder/show_reminders,True,0.9711,False,False,False,{'reference': 'все'},{}
test_10,Покажи все будильники.,alarm/show_alarms,alarm/show_alarms,True,0.9881,False,False,False,{'reference': 'все'},{}
test_144,Сегодня будет дождь?,weather/find,weather/find,True,0.94,False,False,False,"{'datetime': 'Сегодня', 'weather/attribute': 'дождь'}","{'location': 'сегодня', 'weather/attribute': 'будет дождь'}"
test_12,Поставь будильник на 8 утра,alarm/set_alarm,alarm/set_alarm,True,0.9947,False,False,False,{'datetime': '8 утра'},{'datetime': '8 утра'}
test_96,Какая сегодня температура?,weather/find,weather/find,True,0.9842,False,False,False,"{'datetime': 'сегодня', 'weather/attribute': 'температура'}",{'weather/attribute': 'температура'}
test_216,Покажи текущее напоминание,reminder/show_reminders,reminder/show_reminders,True,0.9823,False,False,False,{'reference': 'текущее'},{}
test_245,покажи все будильники,alarm/show_alarms,alarm/show_alarms,True,0.9763,False,False,False,{'reference': 'все'},{}
test_16,Напомни мне поговорить с Беном о Джорджии,reminder/set_reminder,reminder/set_reminder,True,0.968,False,False,False,{'reminder/todo': 'поговорить с Беном о Джорджии'},"{'datetime': 'поговорить с Беном о Джорджии', 'reminder/todo': 'поговорить с Беном о Джорджии'}"
test_17,Поставь будильник на 5 утра,alarm/set_alarm,alarm/set_alarm,True,0.9914,False,False,False,{'datetime': '5 утра'},{'datetime': '5 утра'}
test_18,сегодня пасмурно,weather/find,weather/find,True,0.9954,False,False,False,"{'datetime': 'сегодня', 'weather/attribute': 'пасмурно'}",{'weather/attribute': 'пасмурно'}
test_19,Сколько дюймов дождя выпадет сегодня?,weather/find,weather/find,True,0.9676,False,False,False,"{'weather/attribute': 'дюймов дождя', 'datetime': 'сегодня'}","{'weather/attribute': 'дюймов дождя', 'datetime': 'сегодня'}"
test_20,Напомни мне позвонить сестре завтра,reminder/set_reminder,reminder/set_reminder,True,0.9803,False,False,False,"{'reminder/todo': 'позвонить сестре', 'datetime': 'завтра'}","{'datetime': 'завтра', 'reminder/todo': 'позвонить сестре'}"
test_21,выключи будильник,alarm/cancel_alarm,alarm/cancel_alarm,True,0.9899,False,False,False,{},{'reference': 'текущий'}
test_22,Будет ли жарко на этой неделе?,weather/find,weather/find,True,0.963,False,False,False,"{'weather/attribute': 'жарко', 'datetime': 'этой неделе'}","{'weather/attribute': 'жарко', 'datetime': 'этой неделе'}"
test_23,Поставь будильник на 3 часа дня,alarm/set_alarm,alarm/set_alarm,True,0.9946,False,False,False,{'datetime': '3 часа дня'},{'datetime': '3 часа дня'}
test_61,сегодня будет снег,weather/find,weather/find,True,0.9826,False,False,False,"{'datetime': 'сегодня', 'weather/attribute': 'снег'}",{'weather/attribute': 'снег'}
test_118,удали все будильники,alarm/cancel_alarm,alarm/cancel_alarm,True,0.9881,False,False,False,{'reference': 'все'},{'reference': 'все'}
test_26,Покажи мне все напоминания,reminder/show_reminders,reminder/show_reminders,True,0.9651,False,False,False,{'reference': 'все'},{}
test_230,Сколько времени осталость до будильника.,alarm/time_left_on_alarm,alarm/time_left_on_alarm,True,0.9272,False,True,False,{},{'datetime': 'текущее время'}
test_183,Какие у меня напоминания?,reminder/show_reminders,reminder/show_reminders,True,0.9723,False,False,False,{'reference': 'меня'},{}
test_29,Поставь ежедневный будильник на 8 утра,alarm/set_alarm,alarm/set_alarm,True,0.9826,False,False,False,{'recurring_datetime': 'ежедневный | 8 утра'},"{'datetime': '8 утра', 'recurring_datetime': 'ежедневный'}"
test_30,можешь показать мне будильники?,alarm/show_alarms,alarm/show_alarms,True,0.965,False,False,False,{},{}
test_31,В мире Диснея сегодня ожидаются бури?,weather/find,weather/find,True,0.9634,False,False,False,"{'location': 'В мире Диснея', 'datetime': 'сегодня', 'weather/attribute': 'бури'}","{'location': 'в мире Диснея', 'weather/attribute': 'бури'}"
test_61,сегодня будет снег,weather/find,weather/find,True,0.9826,False,False,False,"{'datetime': 'сегодня', 'weather/attribute': 'снег'}",{'weather/attribute': 'снег'}
test_245,покажи все будильники,alarm/show_alarms,alarm/show_alarms,True,0.9763,False,False,False,{'reference': 'все'},{}
test_218,Сегодня холодно?,weather/find,weather/find,True,0.9659,False,False,False,"{'datetime': 'Сегодня', 'weather/attribute': 'холодно'}",{'weather/attribute': 'холодно'}
test_35,Пожалуйста отмени будильник на утро четверга.,alarm/cancel_alarm,alarm/cancel_alarm,True,0.98,False,False,False,{'datetime': 'утро четверга'},{'reference': 'будильник на утро четверга'}
test_144,Сегодня будет дождь?,weather/find,weather/find,True,0.94,False,False,False,"{'datetime': 'Сегодня', 'weather/attribute': 'дождь'}","{'location': 'сегодня', 'weather/attribute': 'будет дождь'}"
test_37,в Канаде идет снег,weather/find,weather/find,True,0.9758,False,False,False,"{'location': 'Канаде', 'weather/attribute': 'снег'}","{'location': 'Канаде', 'weather/attribute': 'снег'}"
test_38,Какой максимум будет сегодня?,weather/find,weather/find,True,0.961,False,False,False,"{'weather/attribute': 'максимум', 'datetime': 'сегодня'}",{'weather/attribute': 'максимум'}
test_39,"Выпадет ли сегодня вечером достаточно снега, чтобы сделать поездки опасными?",weather/find,weather/find,True,0.9665,False,False,False,"{'datetime': 'сегодня вечером', 'weather/attribute': 'снега'}","{'weather/attribute': 'достаточно снега', 'datetime': 'сегодня вечером'}"
test_237,покажи все напоминания,reminder/show_reminders,reminder/show_reminders,True,0.9711,False,False,False,{'reference': 'все'},{}
test_41,удали все напоминания,reminder/cancel_reminder,reminder/cancel_reminder,True,0.983,False,False,False,{'reference': 'все'},{'reference': 'все'}
test_42,понадобится лм мне завтра куртка?,weather/find,weather/find,True,0.9286,False,False,False,"{'datetime': 'завтра', 'weather/attribute': 'куртка'}",{'weather/attribute': 'понадобится'}
test_43,Сколько времени осталось до будильника,alarm/time_left_on_alarm,alarm/time_left_on_alarm,True,0.9322,False,True,False,{},{'datetime': 'текущее время'}
test_44,Останови будильник,alarm/snooze_alarm,alarm/cancel_alarm,False,0.9878,False,True,False,{},{'reference': 'текущий'}
test_139,Покажи мне все будильники,alarm/show_alarms,alarm/show_alarms,True,0.9812,False,False,False,{'reference': 'все'},{}
test_46,Какая погода в Йеллоустоуне?,weather/find,weather/find,True,0.973,False,False,False,{'location': 'Йеллоустоуне'},{'location': 'Йеллоустоун'}
test_202,Какая сегодня погода?,weather/find,weather/find,True,0.9483,False,False,False,{'datetime': 'сегодня'},{'weather/attribute': 'сегодня'}
test_48,"Удали текущее напоминание о том, что завтра нужно забрать Патрика из школы.",reminder/cancel_reminder,reminder/cancel_reminder,True,0.9667,False,False,False,"{'reference': 'текущее', 'datetime': 'завтра', 'reminder/todo': 'забрать Патрика из школы'}","{'reminder/todo': 'забрать Патрика из школы', 'datetime': 'завтра'}"
test_49,"Напомни мне завта в это же время, записаться на прием к врачу",reminder/set_reminder,reminder/set_reminder,True,0.9726,False,False,False,"{'datetime': 'завтра в это же время', 'reminder/todo': 'записаться на прием к врачу'}","{'datetime': 'это же время', 'reminder/todo': 'записаться на прием к врачу'}"
test_50,Напомни мне отказаться от аренды,reminder/set_reminder,reminder/set_reminder,True,0.9462,False,False,False,{'reminder/todo': 'отказаться от аренды'},"{'reminder/todo': 'отказаться от аренды', 'datetime': 'текущая дата и время'}"
test_51,когда закончится дождь?,weather/find,weather/find,True,0.9692,False,False,False,{'weather/attribute': 'дождь'},{'weather/attribute': 'когда закончится дождь'}
test_179,отмени будильники,alarm/cancel_alarm,alarm/cancel_alarm,True,0.966,False,False,False,{},{'reference': 'все мои'}
test_53,Напомни мне позвонить Стефани во вторник,reminder/set_reminder,reminder/set_reminder,True,0.971,False,False,False,"{'reminder/todo': 'позвонить Стефани', 'datetime': 'вторник'}","{'datetime': 'во вторник', 'reminder/todo': 'позвонить Стефани'}"
test_224,покажи все текущие будильники,alarm/show_alarms,alarm/show_alarms,True,0.9704,False,False,False,{'reference': 'все текущие'},{}
test_232,Насколько жарко сегодня будет?,weather/find,weather/find,True,0.9411,False,False,False,"{'weather/attribute': 'жарко', 'datetime': 'сегодня'}","{'weather/attribute': 'насколько жарко', 'datetime': 'сегодня'}"
test_56,Установи будильник на 5 часов вечера сегодня,alarm/set_alarm,alarm/set_alarm,True,0.9907,False,False,False,{'datetime': '5 часов вечера сегодня'},{'datetime': '5 часов вечера сегодня'}
test_57,напомни мне сходить к врачу 21 августа в 3 часа дня,reminder/set_reminder,reminder/set_reminder,True,0.9854,False,False,False,"{'reminder/todo': 'сходить к врачу', 'datetime': '21 августа в 3 часа дня'}",{'datetime': '21 августа в 3 часа дня'}
test_58,отмени текущее повторяющееся напоминание о приеме лекарств ежедневно в 7 утра,reminder/cancel_reminder,reminder/cancel_reminder,True,0.9656,False,False,False,"{'reminder/todo': 'приеме лекарств', 'recurring_datetime': 'ежедневно в 7 утра'}","{'reference': 'текущее повторяющееся', 'reminder/todo': 'прием лекарств', 'datetime': '7 утра'}"
test_59,когда по прогнозу будет дождь,weather/find,weather/find,True,0.9836,False,False,False,{'weather/attribute': 'дождь'},{'weather/attribute': 'дождь'}
test_60,На какое время установлен текущий будильник на завтрашнее утро?,alarm/show_alarms,alarm/show_alarms,True,0.9887,False,False,False,"{'reference': 'текущий', 'datetime': 'завтрашнее утро'}",{'datetime': 'завтрашнее утро'}
test_61,сегодня будет снег,weather/find,weather/find,True,0.9826,False,False,False,"{'datetime': 'сегодня', 'weather/attribute': 'снег'}",{'weather/attribute': 'снег'}
test_129,Выключи текущий будильник.,alarm/cancel_alarm,alarm/cancel_alarm,True,0.9995,False,False,False,{'reference': 'текущий'},{'reference': 'текущий'}
test_234,отмени все будильники,alarm/cancel_alarm,alarm/cancel_alarm,True,0.9842,False,False,False,{'reference': 'все'},{'reference': 'все'}
test_64,напомни мне купить продукты,reminder/set_reminder,reminder/set_reminder,True,0.9399,False,False,False,{'reminder/todo': 'купить продукты'},"{'reminder/todo': 'купить продукты', 'datetime': 'текущая дата и время'}"
test_65,Мне нужен будильник на 9 утра для завтрака,alarm/set_alarm,alarm/set_alarm,True,0.9354,False,False,False,{'datetime': '9 утра'},"{'datetime': '9 утра', 'recurring_datetime': 'ежедневный'}"
test_66,установи напоминание о просмотре Колтс за час до начала игры,reminder/set_reminder,reminder/set_reminder,True,0.978,False,False,False,"{'reminder/todo': 'просмотре Колтс', 'datetime': 'за час до начала игры'}","{'datetime': 'за час до начала игры', 'reminder/todo': 'просмотреть Колтс'}"
test_234,отмени все будильники,alarm/cancel_alarm,alarm/cancel_alarm,True,0.9842,False,False,False,{'reference': 'все'},{'reference': 'все'}
test_68,Отмени текущее третье напоминание в этом списке,reminder/cancel_reminder,reminder/cancel_reminder,True,0.9703,False,False,False,{'reference': 'текущее третье'},{'reference': 'текущее третье напоминание в этом списке'}
test_87,установи будильник на 6 утра,alarm/set_alarm,alarm/set_alarm,True,0.9925,False,False,False,{'datetime': '6 утра'},{'datetime': '6 утра'}
test_70,Сейчас сбрось этот будильник и установи на 2 часа дня,alarm/cancel_alarm,none,False,0.9868,True,False,False,"{'datetime': 'Сейчас | 2 часа дня', 'reference': 'этот'}",{}
test_71,Пойдет ли снег?,weather/find,weather/find,True,0.9579,False,False,False,{'weather/attribute': 'снег'},{'weather/attribute': 'Пойдет ли снег'}
test_72,Напомни мне заплатить арендную плату.,reminder/set_reminder,reminder/set_reminder,True,0.978,False,False,False,{'reminder/todo': 'заплатить арендную плату'},{'reminder/todo': 'заплатить арендную плату'}
test_73,какой минимум на завтра,weather/find,alarm/set_alarm,False,0.9716,False,False,False,"{'weather/attribute': 'минимум', 'datetime': 'завтра'}",{'datetime': 'завтра'}
test_74,cегодня будет солнечно?,weather/find,weather/find,True,0.9351,False,False,False,"{'datetime': 'сегодня', 'weather/attribute': 'солнечно'}",{'location': 'сегодня'}
test_84,Сколько у меня напоминаний на сегодня?,reminder/show_reminders,reminder/show_reminders,True,0.992,False,False,False,{'datetime': 'сегодня'},{'datetime': 'сегодня'}
test_76,Какие у меня напоминание на завтра?,reminder/show_reminders,reminder/show_reminders,True,0.9813,False,False,False,"{'reference': 'меня', 'datetime': 'завтра'}",{'datetime': 'завтра'}
test_77,Отмени все текущие напоминания.,reminder/cancel_reminder,reminder/cancel_reminder,True,0.9723,False,False,False,{'reference': 'все текущие'},{'reference': 'все текущие'}
test_78,установи будильник на 6 утра на завтра,alarm/set_alarm,alarm/set_alarm,True,0.9281,False,False,False,{'datetime': '6 утра на завтра'},"{'datetime': '6 утра', 'reference': 'установи будильник'}"
test_79,Установи будильник на 30 минут,alarm/set_alarm,alarm/set_alarm,True,0.9958,False,False,False,{'datetime': '30 минут'},{'datetime': '30 минут'}
test_80,Установи будильник на час вперед,alarm/set_alarm,alarm/set_alarm,True,0.9825,False,False,False,{'datetime': 'час вперед'},{'datetime': 'час вперед'}
test_234,отмени все будильники,alarm/cancel_alarm,alarm/cancel_alarm,True,0.9842,False,False,False,{'reference': 'все'},{'reference': 'все'}
test_82,прогноз погоды в Лос Анджелесе,weather/find,weather/find,True,0.9564,False,False,False,{'location': 'Лос Анджелесе'},"{'location': 'Лос Анджелесе', 'weather/attribute': 'прогноз'}"
test_234,отмени все будильники,alarm/cancel_alarm,alarm/cancel_alarm,True,0.9842,False,False,False,{'reference': 'все'},{'reference': 'все'}
test_84,Сколько у меня напоминаний на сегодня?,reminder/show_reminders,reminder/show_reminders,True,0.992,False,False,False,{'datetime': 'сегодня'},{'datetime': 'сегодня'}
test_85,Напомни мне купить бумажные полотенца в магазине завтра,reminder/set_reminder,reminder/set_reminder,True,0.9684,False,False,False,"{'reminder/todo': 'купить бумажные полотенца в магазине', 'datetime': 'завтра'}","{'reminder/todo': 'купить бумажные полотенца', 'datetime': 'завтра'}"
test_225,Покажи мне все текущие напоминания,reminder/show_reminders,reminder/show_reminders,True,0.9705,False,False,False,{'reference': 'все текущие'},{}
test_87,поставь будильник на 6 утра,alarm/set_alarm,alarm/set_alarm,True,0.9928,False,False,False,{'datetime': '6 утра'},{'datetime': '6 утра'}
test_88,завтра будет снег,weather/find,weather/find,True,0.9758,False,False,False,"{'datetime': 'завтра', 'weather/attribute': 'снег'}","{'weather/attribute': 'снег', 'datetime': 'завтра'}"
test_89,удали текущий будильник на завтрашнее утро,alarm/cancel_alarm,alarm/cancel_alarm,True,0.9831,False,False,False,"{'reference': 'текущий', 'datetime': 'завтрашнее утро'}","{'reference': 'текущий', 'datetime': 'завтрашнее утро'}"
test_90,Установи будильник на полдень только по пондельникам.,alarm/set_alarm,alarm/set_alarm,True,0.9596,False,False,False,{'recurring_datetime': 'полдень только по понедельникам'},"{'datetime': 'полдень', 'recurring_datetime': 'понедельникам'}"
test_232,Насколько жарко будет сегодня?,weather/find,weather/find,True,0.9413,False,False,False,"{'weather/attribute': 'жарко', 'datetime': 'сегодня'}","{'weather/attribute': 'насколько жарко', 'datetime': 'сегодня'}"
test_92,напомни мне установить будильники на утром,reminder/set_reminder,alarm/set_alarm,False,0.9734,False,False,False,"{'reminder/todo': 'установить будильники', 'datetime': 'утро'}",{'datetime': 'утро'}
test_118,удали все будильники,alarm/cancel_alarm,alarm/cancel_alarm,True,0.9881,False,False,False,{'reference': 'все'},{'reference': 'все'}
test_245,покажи все будильники,alarm/show_alarms,alarm/show_alarms,True,0.9763,False,False,False,{'reference': 'все'},{}
test_97,отключи будильник,alarm/cancel_alarm,alarm/cancel_alarm,True,0.992,False,False,False,{},{'reference': 'текущий'}
test_96,Какая температура сегодня?,weather/find,weather/find,True,0.9757,False,False,False,"{'weather/attribute': 'температура', 'datetime': 'сегодня'}","{'weather/attribute': 'температура', 'datetime': 'сегодня'}"
test_245,покажи все будильники,alarm/show_alarms,alarm/show_alarms,True,0.9763,False,False,False,{'reference': 'все'},{}
test_99,установи будильник на каждые 30 минут,alarm/set_alarm,alarm/set_alarm,True,0.9816,False,False,False,{'recurring_datetime': 'каждые 30 минут'},{'recurring_datetime': 'каждые 30 минут'}
test_164,Какая температура будет сегодня?,weather/find,weather/find,True,0.9795,False,False,False,"{'weather/attribute': 'температура', 'datetime': 'сегодня'}","{'weather/attribute': 'температура', 'datetime': 'сегодня'}"
test_101,будет ли жарко сегодня?,weather/find,weather/find,True,0.9122,False,False,False,"{'weather/attribute': 'жарко', 'datetime': 'сегодня'}","{'weather/attribute': 'жарко', 'datetime': 'сегодня', 'location': 'не указано'}"
test_214,завтра пойдет дождь?,weather/find,weather/find,True,0.9502,False,False,False,"{'datetime': 'завтра', 'weather/attribute': 'дождь'}",{'weather/attribute': 'пойдет дождь'}
