id,text,true_intent,pred_intent,intent_correct,confidence,weak_by_conf,weak_intent_real,weak_slot_real,true_slots,pred_slots
test_500,"забронируй вечеринку в их кампусе, в том же районе, что и чурраскария",BookRestaurant,BookRestaurant,True,0.91,False,False,False,"{'location': 'их кампусе, | в том же районе,', 'restaurant_type': 'чурраскария'}","{'location': 'их кампус', 'restaurant_type': 'вечеринка', 'facility': 'их кампус', 'region': 'в том же районе'}"
test_499,Покажи мне фильмы в Харкинс Фитерс .,SearchScreeningEvent,SearchScreeningEvent,True,0.9894,False,False,False,"{'movie_type': 'фильмы', 'location': 'Харкинс Фитерс'}",{'location': 'Харкинс Фитерс'}
test_498,Забронируй столик на девять персон в лучшем пабе около Танжера через шесть месяцев,BookRestaurant,BookRestaurant,True,0.9228,False,False,False,"{'party_size_number': 'девять', 'sort': 'лучшем', 'restaurant_type': 'пабе', 'location': 'около | Танжера', 'datetime': 'через шесть месяцев'}","{'location': 'Танжер', 'party_size_number': '9', 'datetime': 'четыре месяца и шесть недель'}"
test_497,Найди ТВ сериал Парни из Джерси,SearchCreativeWork,SearchCreativeWork,True,0.9882,False,False,False,"{'object_type': 'ТВ сериал', 'object_name': 'Парни из Джерси'}","{'object_name': 'Парни из Джерси', 'object_type': 'ТВ сериал'}"
test_496,Добавь этот альбом к Old School Death Metal,AddToPlaylist,PlayMusic,False,0.93,False,False,False,"{'music_item': 'альбом', 'playlist': 'Old School Death Metal'}","{'music_item': 'Old School Death Metal', 'playlist': 'none'}"
test_495,"Забронируй номер в The Dome, в Эдинбурге, недалеко от Бруклона",BookRestaurant,BookRestaurant,True,0.9712,False,False,True,"{'restaurant_name': 'The Dome, в Эдинбурге', 'location': 'недалеко | Бруклона'}","{'location': 'Эдинбург', 'restaurant_name': 'The Dome', 'facility': 'недалеко от Бруклона'}"
test_494,Забронируй популярный ресторан на 5 персон,BookRestaurant,BookRestaurant,True,0.9647,False,False,False,"{'sort': 'популярный', 'restaurant_type': 'ресторан', 'party_size_number': '5'}","{'location': 'Сан - Паулу', 'party_size_number': '5'}"
test_493,филлис уорд и веронике нужен столик в ресторане через 152 дня,BookRestaurant,BookRestaurant,True,0.9407,False,False,True,"{'party_size_description': 'филлис уорд и веронике', 'restaurant_type': 'ресторане', 'datetime': 'через 152 дня'}","{'location': 'Сан - Паулу', 'datetime': '152 дня'}"
test_492,найди книгу The Girl Who Was Plugged In,SearchCreativeWork,RateBook,False,0.981,False,False,False,"{'object_type': 'книгу', 'object_name': 'The Girl Who Was Plugged In'}","{'object_name': 'The Girl Who Was Plugged In', 'object_type': 'book'}"
test_491,Найди мне ТВ шоу под названием Baby Blue,SearchCreativeWork,SearchCreativeWork,True,0.9899,False,False,False,"{'object_type': 'ТВ шоу', 'object_name': 'Baby Blue'}","{'object_name': 'Baby Blue', 'object_type': 'TV show'}"
test_490,поставь The Gift: Imagination and the Erotic Life of Property пять звезд,RateBook,RateBook,True,0.9846,False,False,False,"{'object_name': 'The Gift: Imagination and the Erotic Life of Property', 'rating_value': 'пять', 'rating_unit': 'звезд'}","{'object_name': 'The Gift: Imagination and the Erotic Life of Property', 'object_type': 'book', 'rating_value': '5'}"
test_489,Я хочу послушать их от артиста Murcof,PlayMusic,PlayMusic,True,0.978,False,False,False,"{'music_item': 'их', 'artist': 'Murcof'}",{'artist': 'Murcof'}
test_488,"В travelling плейлист, пожалуйста, добавь эту песню Дэвида Гаана .",AddToPlaylist,PlayMusic,False,0.9491,False,False,False,"{'playlist': 'travelling', 'music_item': 'песню', 'artist': 'Дэвида Гаана'}",{'music_item': 'песня Дэвида Гаана'}
test_487,Можешь найти мне the National Anthem of the Ancient Britons ТВ шоу ?,SearchCreativeWork,SearchCreativeWork,True,0.9812,False,False,False,"{'object_name': 'National Anthem of the Ancient Britons', 'object_type': 'ТВ шоу'}","{'object_name': 'National Anthem of the Ancient Britons', 'object_type': 'TV show'}"
test_486,Добавь песню в Indie Hipster,AddToPlaylist,PlayMusic,False,0.961,False,False,False,"{'music_item': 'песню', 'playlist': 'Indie Hipster'}",{'music_item': 'песня'}
test_485,добавь ирландию на детском евровидении 2015 в мой Jazzy Dinner плейлист,AddToPlaylist,AddToPlaylist,True,0.9581,False,False,False,"{'entity_name': 'ирландию на детском евровидении 2015', 'reference': 'мой', 'playlist': 'Jazzy Dinner'}","{'artist': 'Ирландия', 'music_item': 'Детское Евровидение 2015', 'playlist': 'Jazzy Dinner'}"
test_484,какой прогноз погоды здесь в связи с метелью на пять часов вечера,weather/find,weather/find,True,0.9731,False,False,True,"{'location': 'здесь', 'condition_description': 'метелью', 'datetime': 'пять часов вечера'}","{'weather/attribute': 'жарко', 'datetime': 'на следующей неделе', 'location': 'Сан - Паулу', 'weather/temperatureUnit': 'градусах Цельсия'}"
test_483,"Пожалуйста, найди мне Monty Python Live в Голливуд-боул .",SearchCreativeWork,SearchCreativeWork,True,0.9703,False,False,False,{'object_name': 'Monty Python Live в Голливуд - боул'},"{'object_name': 'Monty Python Live', 'object_type': 'концерт'}"
test_482,Показывают ли No Time to Be Young в AMC Theaters,SearchScreeningEvent,SearchScreeningEvent,True,0.9586,False,False,False,"{'movie_name': 'No Time to Be Young', 'location': 'AMC Theaters'}","{'movie_name': 'No Time to Be Young', 'location': 'AMC Theaters', 'object_type': 'кинопоказ'}"
test_481,Сыграй любой блюз британский .,PlayMusic,weather/find,False,0.9732,False,False,True,{'genre': 'блюз британский'},"{'weather/attribute': 'жарко', 'location': 'Сан - Паулу', 'weather/temperatureUnit': 'градусах Цельсия'}"
test_480,Покажи расписание фильмов в округе,SearchScreeningEvent,SearchScreeningEvent,True,0.9723,False,False,False,"{'object_type': 'расписание фильмов', 'location': 'в округе'}",{'location': 'округ'}
test_479,какой прогноз для Ваурики в Самоа,weather/find,weather/find,True,0.9596,False,False,False,{'location': 'Ваурики | Самоа'},"{'location': 'Ваурики', 'weather/attribute': 'прогноз'}"
test_478,Найди расписание фильмов для Wanda Group .,SearchScreeningEvent,SearchScreeningEvent,True,0.9928,False,False,False,"{'object_type': 'расписание фильмов', 'location': 'Wanda Group'}",{'location': 'Wanda Group'}
test_477,какая погода здесь на два утра,weather/find,weather/find,True,0.9557,False,False,False,"{'location': 'здесь', 'datetime': 'два утра'}","{'location': 'здесь', 'datetime': 'на два утра'}"
test_476,Я хочу забронировать Oregon Electric Station в North City .,BookRestaurant,BookRestaurant,True,0.9859,False,False,True,"{'restaurant_name': 'Oregon Electric Station', 'location': 'North City'}","{'location': 'North City', 'restaurant_name': 'Oregon Electric Station'}"
test_475,Какие фильмы показывают в округе,SearchScreeningEvent,SearchScreeningEvent,True,0.9558,False,False,False,"{'movie_type': 'фильмы', 'location': 'в округе'}",{'location': 'округ'}
test_474,В какое время будет показ The Young Swordsman в моем кинотеатре ?,SearchScreeningEvent,SearchScreeningEvent,True,0.9478,False,False,True,"{'object_type': 'время', 'movie_name': 'The Young Swordsman', 'object_location_type': 'кинотеатре'}","{'movie_name': 'The Young Swordsman', 'location': 'мой кинотеатр', 'datetime': 'в какое время'}"
test_473,оцени текущий роман на ноль из 6,RateBook,RateBook,True,0.983,False,False,False,"{'object_select': 'текущий', 'object_type': 'роман', 'rating_value': 'ноль', 'best_rating': '6'}","{'object_name': 'текущий роман', 'object_type': 'книга', 'rating_unit': 'из 6', 'rating_value': '0'}"
test_472,Добавь мартина барра в мой punk unplugged плейлист.,AddToPlaylist,PlayMusic,False,0.9512,False,False,False,"{'artist': 'мартина барра', 'reference': 'мой', 'playlist': 'punk unplugged'}","{'music_item': 'Мартин Барра', 'playlist': 'punk unplugged'}"
test_471,Оцени The 8-Week Cholesterol Cure на три из 6 .,RateBook,RateBook,True,0.9583,False,False,False,"{'object_name': 'The 8-Week Cholesterol Cure', 'rating_value': 'три', 'best_rating': '6'}","{'object_name': 'The 8-Week Cholesterol Cure', 'object_type': 'book', 'rating_unit': 'из 6', 'rating_value': '3'}"
test_470,Показывают ли Редкие птицы в ближайшем кинотеатре в обед .,SearchScreeningEvent,SearchScreeningEvent,True,0.96,False,False,True,"{'movie_name': 'Редкие птицы', 'location': 'ближайшем', 'object_location_type': 'кинотеатре', 'datetime': 'обед'}","{'movie_name': 'Редкие птицы', 'location': 'ближайший кинотеатр', 'object_type': 'кинопоказ', 'datetime': 'обед'}"
test_469,оцени этот альбом на 5 баллов,RateBook,RateMusic,False,0.9607,False,False,False,"{'object_select': 'этот', 'object_type': 'альбом', 'rating_value': '5'}","{'music_item': 'альбом', 'rating_value': '5', 'rating_unit': 'баллов'}"
test_468,Найди мне роман с названием To Lose My Life …,SearchCreativeWork,SearchCreativeWork,True,0.9953,False,False,False,"{'object_type': 'роман', 'object_name': 'To Lose My Life'}",{'object_name': 'To Lose My Life ...'}
test_467,добавь Highway Patrolman в мой плейлист this is al green,AddToPlaylist,AddToPlaylist,True,0.9663,False,False,False,"{'entity_name': 'Highway Patrolman', 'reference': 'мой', 'playlist': 'this is al green'}","{'artist': 'Al Green', 'music_item': 'Highway Patrolman', 'playlist': 'this'}"
test_466,Добавь artist от mike в Sexy as Folk плейлист.,AddToPlaylist,PlayMusic,False,0.9702,False,False,False,"{'music_item': 'artist', 'artist': 'mike', 'playlist': 'Sexy as Folk'}","{'music_item': 'Sexy as Folk', 'artist': 'mike', 'playlist': 'playlist'}"
test_465,Я хочу анимационные фильмы в MJR Theatres,SearchScreeningEvent,SearchScreeningEvent,True,0.9764,False,False,False,"{'movie_type': 'анимационные фильмы', 'location': 'MJR Theatres'}","{'location': 'MJR Theatres', 'object_type': 'анимационные фильмы'}"
test_464,Дай две звезды из 6 для 36 Children,RateBook,weather/find,False,0.9705,False,False,False,"{'rating_value': 'две', 'rating_unit': 'звезды', 'best_rating': '6', 'object_name': '36 Children'}","{'weather/attribute': 'жарко', 'location': 'Сан - Паулу', 'weather/temperatureUnit': 'градусах Цельсия'}"
test_463,Можешь найти мне трейлер Синей весны ?,SearchCreativeWork,SearchCreativeWork,True,0.9807,False,False,False,"{'object_type': 'трейлер', 'object_name': 'Синей весны'}","{'object_name': 'Синяя весна', 'object_type': 'фильм'}"
test_462,Включи что-нибудь из 90s Pop Rock Essentials,PlayMusic,weather/find,False,0.9771,False,False,False,{'playlist': '90s Pop Rock Essentials'},"{'weather/attribute': 'жарко', 'location': 'Сан - Паулу', 'weather/temperatureUnit': 'градусах Цельсия'}"
test_461,добавь этот трек в мой Hands Up плейлист,AddToPlaylist,PlayMusic,False,0.9799,False,False,False,"{'music_item': 'трек', 'reference': 'мой', 'playlist': 'Hands Up'}","{'music_item': 'Hands Up', 'playlist': 'Hands Up'}"
test_460,Забронируй место для 9,BookRestaurant,BookRestaurant,True,0.9777,False,False,False,{'party_size_number': '9'},{'party_size_number': '9'}
test_459,Будет ли Без свидетелей показываться двадцать два часа спустя,SearchScreeningEvent,weather/find,False,0.9684,False,False,False,"{'movie_name': 'Без свидетелей', 'datetime': 'двадцать два часа спустя'}","{'weather/attribute': 'жарко', 'datetime': 'на следующей неделе', 'location': 'Сан - Паулу', 'weather/temperatureUnit': 'градусах Цельсия'}"
test_458,Я хочу забронировать стейк-хаус на хребте Вими .,BookRestaurant,BookRestaurant,True,0.9502,False,False,False,"{'restaurant_type': 'стейк-хаус', 'location': 'хребте Вими'}","{'location': 'Сан - Паулу', 'restaurant_name': 'Стейк-хаус на хребте Вими', 'restaurant_type': 'стейк-хаус'}"
test_457,Добавь песню boy george в Emo Forever плейлист.,AddToPlaylist,PlayMusic,False,0.9842,False,False,False,"{'music_item': 'песню', 'artist': 'boy george', 'playlist': 'Emo Forever'}","{'music_item': 'boy george', 'playlist': 'Emo Forever'}"
test_456,Я хочу поесть в Ramona,BookRestaurant,BookRestaurant,True,0.9275,False,False,False,{'location': 'Ramona'},{'location': 'Рамона'}
test_455,"Пожалуйста, найди Three Essays on the Theory of Sexuality шоу .",SearchCreativeWork,SearchCreativeWork,True,0.9947,False,False,False,"{'object_name': 'Three Essays on the Theory of Sexuality', 'object_type': 'шоу'}","{'object_name': 'Three Essays on the Theory of Sexuality', 'object_type': 'book'}"
test_454,Будет ли дождь в Тенино ?,weather/find,weather/find,True,0.9708,False,False,True,"{'condition_description': 'дождь', 'location': 'Тенино'}","{'weather/attribute': 'дождь', 'location': 'Тенино'}"
test_453,Я хочу забронировать bougatsa restaurant в следующем году около Penn на троих персон.,BookRestaurant,BookRestaurant,True,0.9549,False,False,True,"{'cuisine': 'bougatsa', 'restaurant_type': 'restaurant', 'datetime': 'следующем году', 'location': 'около | Penn', 'party_size_number': 'троих'}","{'location': 'Penn', 'restaurant_name': 'bougatsa', 'party_size_number': '3', 'party_size_description': 'персон', 'datetime': 'следующего года'}"
test_452,сыграй что-то семидесятое от Филиппа Киркорова,PlayMusic,PlayMusic,True,0.9578,False,False,False,"{'datetime': 'семидесятое', 'artist': 'Филиппа Киркорова'}","{'music_item': 'сыграй что-то семидесятое', 'artist': 'Филипп Киркоров'}"
test_451,"Можешь найти книгу Париж, когда там жара ?",SearchCreativeWork,weather/find,False,0.982,False,False,False,"{'object_type': 'книгу', 'object_name': 'Париж, когда там жара'}","{'location': 'Париж', 'weather/attribute': 'жара'}"
test_450,Оцени текущий роман на 3 звезды,RateBook,RateBook,True,0.9768,False,False,False,"{'object_select': 'текущий', 'object_type': 'роман', 'rating_value': '3', 'rating_unit': 'звезды'}","{'object_name': 'текущий роман', 'object_type': 'книга', 'rating_value': '3', 'rating_unit': 'звезды'}"
test_449,Включи Пола Маккартни,PlayMusic,PlayMusic,True,0.9673,False,False,False,{'artist': 'Пола Маккартни'},{'artist': 'Пола Маккартни'}
test_448,я хочу увидеть Я мечтаю о Джинни в кинотеатре,SearchScreeningEvent,SearchScreeningEvent,True,0.9603,False,False,True,"{'movie_name': 'Я мечтаю о Джинни', 'object_location_type': 'кинотеатре'}","{'movie_name': 'Я мечтаю о Джинни', 'object_type': 'кинопоказ', 'location': 'кинотеатр'}"
test_447,"Пожалуйста, найди мне работу Serious Awesomeness !.",SearchCreativeWork,SearchCreativeWork,True,0.9881,False,False,False,{'object_name': 'Serious Awesomeness'},{'object_name': 'Serious Awesomeness'}
test_446,Включи Trance Life в Zvooq .,PlayMusic,PlayMusic,True,0.9769,False,False,False,"{'playlist': 'Trance Life', 'service': 'Zvooq'}","{'music_item': 'Trance Life', 'service': 'Zvooq'}"
test_445,"Пожалуйста, найди мне Compulsive Disclosure песню .",SearchCreativeWork,PlayMusic,False,0.9869,False,False,False,"{'object_name': 'Compulsive Disclosure', 'object_type': 'песню'}",{'music_item': 'Compulsive Disclosure'}
test_444,Найди ТВ шоу Meet the Prince,SearchCreativeWork,SearchCreativeWork,True,0.9888,False,False,False,"{'object_type': 'ТВ шоу', 'object_name': 'Meet the Prince'}","{'object_name': 'Meet the Prince', 'object_type': 'TV show'}"
test_443,Мне нужен список Speakeasy Theaters с показом фильмов,SearchScreeningEvent,SearchScreeningEvent,True,0.972,False,False,False,"{'location': 'Speakeasy Theaters', 'object_type': 'фильмов'}","{'location': 'Speakeasy Theaters', 'object_type': 'фильм'}"
test_442,Какая погода будет в Вирджинии на День святого Патрика ?,weather/find,weather/find,True,0.9846,False,False,False,"{'location': 'Вирджинии', 'datetime': 'День святого Патрика'}","{'location': 'Вирджиния', 'datetime': 'День святого Патрика'}"
test_441,Мне нужен столик на 4 в Saint Helena в Settha Palace Hotel,BookRestaurant,BookRestaurant,True,0.9788,False,False,True,"{'party_size_number': '4', 'location': 'Saint Helena', 'restaurant_name': 'Settha Palace Hotel'}","{'location': 'Saint Helena', 'restaurant_name': 'Settha Palace Hotel', 'party_size_number': '4'}"
test_440,дай текущей летописи пять из 6 очков,RateBook,weather/find,False,0.9798,False,False,True,"{'object_select': 'текущей', 'object_part_of_series_type': 'летописи', 'rating_value': 'пять', 'best_rating': '6', 'rating_unit': 'очков'}","{'weather/attribute': 'жарко', 'location': 'Сан - Паулу', 'weather/temperatureUnit': 'градусах Цельсия'}"
test_439,Найди анимационные фильмы рядом,SearchScreeningEvent,SearchCreativeWork,False,0.9844,False,False,False,"{'movie_type': 'анимационные фильмы', 'location': 'рядом'}","{'object_type': 'анимационные фильмы', 'location': 'рядом'}"
test_438,Давай послушаем что-то от Andrew Hewitt .,PlayMusic,PlayMusic,True,0.9701,False,False,False,{'artist': 'Andrew Hewitt'},{'music_item': 'что-то от Andrew Hewitt'}
test_437,оцени текущее эссе на ноль из 6 звезд,RateBook,weather/find,False,0.8993,False,False,False,"{'object_select': 'текущее', 'object_type': 'эссе', 'rating_value': 'ноль', 'best_rating': '6', 'rating_unit': 'звезд'}","{'weather/attribute': 'погода', 'location': 'текущее'}"
test_436,Добавь песню в this is racionais mc's,AddToPlaylist,PlayMusic,False,0.9877,False,False,False,"{'music_item': 'песню', 'playlist': ""this is racionais mc's""}","{'music_item': ""this is racionais mc's""}"
test_435,Показывают ли Babar: King of the Elephants,SearchScreeningEvent,SearchCreativeWork,False,0.9661,False,False,False,{'movie_name': 'Babar: King of the Elephants'},"{'object_name': 'Babar', 'object_type': 'King of the Elephants'}"
test_434,Я хочу столик в James D. Conrey House в Urbank California,BookRestaurant,BookRestaurant,True,0.9895,False,False,True,"{'restaurant_name': 'James D. Conrey House', 'location': 'Urbank | California'}","{'location': 'Urbank California', 'restaurant_name': 'James D. Conrey House'}"
test_433,Оцени текущую серию на 4 очка,RateBook,weather/find,False,0.9853,False,False,True,"{'object_select': 'текущую', 'object_part_of_series_type': 'серию', 'rating_value': '4', 'rating_unit': 'очка'}","{'weather/attribute': 'жарко', 'location': 'Сан - Паулу', 'weather/temperatureUnit': 'градусах Цельсия'}"
test_432,Дай ноль звезд этому учебнику,RateBook,weather/find,False,0.9799,False,False,False,"{'rating_value': 'ноль', 'rating_unit': 'звезд', 'object_select': 'этому', 'object_type': 'учебнику'}","{'weather/attribute': 'жарко', 'location': 'Сан - Паулу', 'weather/temperatureUnit': 'градусах Цельсия'}"
test_431,Дай The Crystal Snare 5 звезд,RateBook,RateBook,True,0.9738,False,False,False,"{'object_name': 'The Crystal Snare', 'rating_value': '5', 'rating_unit': 'звезд'}","{'object_name': 'The Crystal Snare', 'object_type': 'book', 'rating_value': '5', 'rating_unit': 'звезд'}"
test_430,Включи Subconscious Lobotomy от Дженнифер Полл .,PlayMusic,weather/find,False,0.9807,False,False,True,"{'album': 'Subconscious Lobotomy', 'artist': 'Дженнифер Полл'}","{'weather/attribute': 'жарко', 'location': 'Сан - Паулу', 'weather/temperatureUnit': 'градусах Цельсия'}"
test_103,Отмени следующий будильник,alarm/cancel_alarm,alarm/cancel_alarm,True,0.9908,False,False,False,{'reference': 'следующий'},{'datetime': 'следующий'}
test_104,Напомни мне сходить в продуктовый магазин сегодня,reminder/set_reminder,reminder/set_reminder,True,0.9579,False,False,False,"{'reminder/todo': 'сходить в продуктовый магазин', 'datetime': 'сегодня'}","{'datetime': 'сегодня', 'reminder/todo': 'сходить в продуктовый магазин'}"
test_105,отмени мои напоминания на следующую неделю,reminder/cancel_reminder,reminder/cancel_reminder,True,0.9794,False,False,False,"{'reference': 'мои', 'datetime': 'следующую неделю'}",{'datetime': 'следующая неделя'}
test_106,напомни мне отвести собаку к грумеру во вторник в 3 часа,reminder/set_reminder,alarm/set_alarm,False,0.9672,False,False,False,"{'reminder/todo': 'отвести собаку к грумеру', 'datetime': 'вторник в 3 часа'}",{'datetime': 'вторник в 3 часа'}
test_107,Напомни мне забрать цветы для Джен на нашу годовщину на 28-е.,reminder/set_reminder,reminder/set_reminder,True,0.9737,False,False,False,"{'reminder/todo': 'забрать цветы для Джен на нашу годовщину', 'datetime': '28-е'}","{'datetime': '28-е', 'reminder/todo': 'забрать цветы для Джен на нашу годовщину'}"
test_109,Напомни мне записаться к доктору завтра.,reminder/set_reminder,reminder/set_reminder,True,0.9444,False,False,False,"{'reminder/todo': 'записаться к доктору', 'datetime': 'завтра'}",{'datetime': 'завтра'}
test_111,Нужно ли взять дождевик?,weather/find,weather/find,True,0.974,False,False,False,{'weather/attribute': 'дождевик'},"{'weather/attribute': 'жарко', 'location': 'Сан - Паулу', 'weather/temperatureUnit': 'градусах Цельсия'}"
test_150,Покажи все мои напоминания,reminder/show_reminders,reminder/show_reminders,True,0.9601,False,False,False,{'reference': 'все мои'},{'datetime': 'напоминания'}
test_247,Установи будильник на 5 вечера сегодня,alarm/set_alarm,alarm/set_alarm,True,0.9969,False,False,False,{'datetime': '5 вечера сегодня'},{'datetime': '5 вечера сегодня'}
test_248,установи будильник на 7 завтра,alarm/set_alarm,alarm/set_alarm,True,0.9979,False,False,False,{'datetime': '7 завтра'},{'datetime': '7 завтра'}
test_253,"Пожалуйста, найди мне видеоигру под названием 20 Hours in America .",SearchCreativeWork,SearchCreativeWork,True,0.9961,False,False,False,"{'object_type': 'видеоигру', 'object_name': '20 Hours in America'}",{'object_name': '20 Hours in America'}
test_257,Включи новую музыку на Last Fm от Eddie Vinson .,PlayMusic,PlayMusic,True,0.9275,False,False,False,"{'sort': 'новую', 'music_item': 'музыку', 'service': 'Last Fm', 'artist': 'Eddie Vinson'}","{'artist': 'Eddie Vinson', 'music_item': 'included'}"
test_258,Проверь прогноз погоды в Небраске .,weather/find,weather/find,True,0.9643,False,False,False,{'location': 'Небраске'},"{'location': 'Небраске', 'weather/attribute': 'погода'}"
test_259,Есть ли гроза сейчас в ЮК ?,weather/find,weather/find,True,0.9809,False,False,True,"{'condition_description': 'гроза', 'datetime': 'сейчас', 'location': 'ЮК'}","{'location': 'ЮК', 'weather/attribute': 'гроза'}"
test_264,Я хочу забронировать сунданский гастропаб где-то в Техасе на 3 персоны на 5/20/2025 .,BookRestaurant,BookRestaurant,True,0.9734,False,False,True,"{'cuisine': 'сунданский', 'restaurant_type': 'гастропаб', 'location': 'где-то | Техасе', 'party_size_number': '3', 'datetime': '5/20/2025'}","{'location': 'Техас', 'restaurant_name': 'сунданский гастропаб', 'party_size_number': '3', 'datetime': '5/20/2025'}"
test_269,Я хочу забронировать еврейский ресторан в Гамбии .,BookRestaurant,BookRestaurant,True,0.9582,False,False,True,"{'cuisine': 'еврейский', 'restaurant_type': 'ресторан', 'location': 'Гамбии'}","{'location': 'Гамбия', 'restaurant_type': 'еврейский', 'cuisine': 'еврейская'}"
test_273,"Погода в Уолден, Россия на 12/26/2018",weather/find,weather/find,True,0.9853,False,False,False,"{'location': 'Уолден, | Россия', 'datetime': '12/26/2018'}","{'location': 'Уолден', 'datetime': '12/26/2018'}"
test_274,Я хочу забронировать ресторан для моего тестя и себя в Банкере через год .,BookRestaurant,BookRestaurant,True,0.9587,False,False,True,"{'restaurant_type': 'ресторан', 'party_size_description': 'моего тестя и себя', 'location': 'Банкере', 'datetime': 'через год'}","{'location': 'Банкере', 'datetime': 'через год', 'party_size_description': 'для моего тестя и себя', 'restaurant_name': None, 'restaurant_type': None, 'served_dish': None, 'cuisine': None, 'facility': None, 'party_size_number': None, 'sort': None}"
test_285,"Пожалуйста, забронируй мне столик в бистро, где подают lorna doone .",BookRestaurant,BookRestaurant,True,0.9804,False,False,True,"{'restaurant_type': 'бистро,', 'served_dish': 'lorna doone'}","{'restaurant_name': 'бистро', 'served_dish': 'lorna doone'}"
test_286,Оцени The Mystery of the Tolling Bell серию 4 звездами .,RateBook,RateBook,True,0.9641,False,False,True,"{'object_name': 'The Mystery of the Tolling Bell', 'object_part_of_series_type': 'серию', 'rating_value': '4', 'rating_unit': 'звездами'}","{'object_name': 'The Mystery of the Tolling Bell', 'object_type': 'серия', 'rating_value': '4', 'rating_unit': 'звездами'}"
test_288,Проверь расписание для Snowbound в ближайшем кинотеатре .,SearchScreeningEvent,SearchScreeningEvent,True,0.9611,False,False,True,"{'movie_name': 'Snowbound', 'location': 'ближайшем', 'object_location_type': 'кинотеатре'}","{'location': 'Сан - Паулу', 'object_type': 'кинотеатр', 'movie_name': 'Snowbound'}"
test_291,Будет I Think I Do показываться в 7 вечера ?,SearchScreeningEvent,weather/find,False,0.9661,False,False,False,"{'movie_name': 'I Think I Do', 'datetime': '7 вечера'}","{'weather/attribute': 'жарко', 'location': 'Сан - Паулу', 'datetime': 'на следующей неделе', 'weather/temperatureUnit': 'градусах Цельсия'}"
test_295,"Какой прогноз погоды для государственного парка Боте-Напа-Вэлли рядом на февраль, 20 ?",weather/find,weather/find,True,0.9606,False,False,False,"{'location': 'государственного парка Боте-Напа-Вэлли | рядом', 'datetime': 'февраль, 20'}","{'weather/attribute': 'государственный парк Боте-Напа-Вэлли', 'datetime': 'февраль, 20', 'location': 'рядом'}"
test_299,Оцени Soul Music на 0 .,RateBook,RateBook,True,0.9586,False,False,False,"{'object_name': 'Soul Music', 'rating_value': '0'}","{'object_name': 'Soul Music', 'object_type': 'book', 'rating_unit': '0'}"
test_301,Включи All Things Must Pass .,PlayMusic,PlayMusic,True,0.9931,False,False,True,{'track': 'All Things Must Pass'},{'music_item': 'All Things Must Pass'}
test_304,Включи музыку на Netflix .,PlayMusic,PlayMusic,True,0.9859,False,False,False,{'service': 'Netflix'},{'service': 'Netflix'}
test_305,Я хочу увидеть Shattered Image .,SearchScreeningEvent,SearchCreativeWork,False,0.9889,False,False,False,{'movie_name': 'Shattered Image'},{'object_name': 'Shattered Image'}
test_310,какой прогноз для жаркой погоды в государственном парке Саутфорд-Фоллс,weather/find,weather/find,True,0.9272,False,False,True,"{'condition_temperature': 'жаркой', 'location': 'государственном парке Саутфорд-Фоллс'}","{'location': 'Статское поле Саутфорд-Фоллс', 'weather/attribute': 'жарко'}"
test_311,"Пожалуйста, забронируй мне столик в пиццерии с парковкой в Гане .",BookRestaurant,BookRestaurant,True,0.9863,False,False,True,"{'restaurant_type': 'пиццерии', 'facility': 'парковкой', 'location': 'Гане'}","{'location': 'Гана', 'restaurant_type': 'пиццерия', 'facility': 'парковка'}"
test_312,Я хочу услышать семидесятые саундтреки .,PlayMusic,PlayMusic,True,0.9752,False,False,False,"{'datetime': 'семидесятые', 'music_item': 'саундтреки'}",{'music_item': 'семидесятые саундтреки'}
test_313,Погода через два часа в Узбекистане,weather/find,weather/find,True,0.9736,False,False,False,"{'datetime': 'через два часа', 'location': 'Узбекистане'}","{'location': 'Узбекистан', 'datetime': 'через два часа'}"
test_314,"Пожалуйста, найди мне Journal of the British Astronomical Association фильм .",SearchCreativeWork,SearchCreativeWork,True,0.9958,False,False,False,"{'object_name': 'Journal of the British Astronomical Association', 'object_type': 'фильм'}","{'object_name': 'Journal of the British Astronomical Association', 'object_type': 'фильм'}"
test_315,"Забронируй столик на 8 человек в Уордвилле, Канзас",BookRestaurant,BookRestaurant,True,0.9738,False,False,False,"{'party_size_number': '8', 'location': 'Уордвилле | Канзасе'}","{'location': 'Уордвилл, Канзас', 'party_size_number': '8'}"
test_316,Какой будет погода далеко отсюда ?,weather/find,weather/find,True,0.9657,False,False,False,{'location': 'далеко | отсюда'},"{'location': 'далеко отсюда', 'weather/attribute': 'погода'}"
test_321,Какой будет погода в ноябре в Брукниле ?,weather/find,weather/find,True,0.9668,False,False,False,"{'datetime': 'ноябре', 'location': 'Бруклине'}","{'location': 'Брукнил', 'datetime': 'в ноябре'}"
test_325,какие фильмы в Star Theatres .,SearchScreeningEvent,SearchScreeningEvent,True,0.9784,False,False,False,"{'movie_type': 'фильмы', 'location': 'Star Theatres'}",{'location': 'Star Theatres'}
test_330,Дай одну звезду текущей книге,RateBook,RateBook,True,0.9221,False,False,False,"{'rating_value': 'одну', 'object_select': 'текущей', 'object_type': 'книге'}","{'object_name': 'текущая книга', 'object_type': 'книга', 'rating_unit': 'звезды'}"
test_345,"Пожалуйста, найди мне ТВ сериал , Now We Are Married .",SearchCreativeWork,SearchCreativeWork,True,0.9682,False,False,False,"{'object_type': 'ТВ сериал', 'object_name': 'Now We Are Married'}","{'object_name': 'Now We Are Married', 'object_type': 'TV series'}"
test_356,Я хочу увидеть The Portrait of a Lady в ближайшем кинотеатре .,SearchScreeningEvent,SearchScreeningEvent,True,0.9578,False,False,True,"{'movie_name': 'The Portrait of a Lady', 'location': 'ближайшем', 'object_location_type': 'кинотеатре'}","{'movie_name': 'The Portrait of a Lady', 'location': 'ближайшем кинотеатре'}"
test_357,"Пожалуйста, найди мне Phineas Redux .",SearchCreativeWork,SearchCreativeWork,True,0.9967,False,False,False,{'object_name': 'Phineas Redux'},{'object_name': 'Phineas Redux'}
test_360,Какой будет погода в Памятнике Лихуле в декабре 5-го ?,weather/find,weather/find,True,0.9817,False,False,False,"{'location': 'Памятнике Лихуле', 'datetime': 'декабре 5-го'}","{'location': 'Памятник Лихуле', 'datetime': 'декабре 5-го'}"
test_363,"Какая погода в Тионеке , Нью-Джерси",weather/find,weather/find,True,0.9483,False,False,False,{'location': 'Тионеке | Нью-Джерси'},"{'location': 'Тионеке , Нью-Джерси', 'weather/attribute': 'погода'}"
test_365,забронируй место для моих племянниц и меня в чайном доме,BookRestaurant,BookRestaurant,True,0.9462,False,False,True,"{'party_size_description': 'моих племянниц и меня', 'restaurant_type': 'чайном доме'}","{'location': 'Сан - Паулу', 'party_size_description': 'мои племянницы и я'}"
test_366,Будет ли жарко в Нидерландах в феврале 16-го ?,weather/find,weather/find,True,0.9766,False,False,True,"{'condition_temperature': 'жарко', 'location': 'Нидерландах', 'datetime': 'феврале 16-го'}","{'location': 'Нидерланды', 'datetime': '16-го февраля'}"
test_367,Я хочу добавить jordan rudess в Divertido para niños плейлист.,AddToPlaylist,AddToPlaylist,True,0.9666,False,False,False,"{'artist': 'jordan rudess', 'playlist': 'Divertido para niños'}","{'artist': 'jordan rudess', 'playlist': 'Divertido para niños', 'music_item': 'not specified'}"
test_369,Забронируй мне столик в лучшем бистро,BookRestaurant,BookRestaurant,True,0.9807,False,False,False,"{'sort': 'лучшем', 'restaurant_type': 'бистро'}",{'restaurant_type': 'бистро'}
test_372,Какой будет погода в Огайо ?,weather/find,weather/find,True,0.967,False,False,False,{'location': 'Огайо'},"{'location': 'Огайо', 'weather/attribute': 'погода'}"
test_374,Забронируй столик для моих малышей и меня,BookRestaurant,BookRestaurant,True,0.9608,False,False,True,{'party_size_description': 'моих малышей и меня'},{'location': 'Сан - Паулу'}
test_392,Я хочу забронировать массаж в спа .,BookRestaurant,BookRestaurant,True,0.9544,False,False,True,"{'restaurant_type': 'массаж', 'facility': 'спа'}","{'restaurant_type': 'спа', 'facility': 'массаж'}"
test_417,"Пожалуйста, найди телевизионное шоу , Episodi di The Blacklist .",SearchCreativeWork,SearchCreativeWork,True,0.969,False,False,False,"{'object_type': 'телевизионное шоу', 'object_name': 'Episodi di The Blacklist'}","{'object_name': 'Episodi di The Blacklist', 'object_type': 'television show'}"
test_418,"какой прогноз для холодной погоды, начиная с Дня закона здесь",weather/find,weather/find,True,0.9301,False,False,True,"{'condition_temperature': 'холодной', 'datetime': 'Дня закона', 'location': 'здесь'}","{'weather/attribute': 'холодная', 'datetime': 'День закона'}"
test_419,Я хочу забронировать ресторан на десять человек.,BookRestaurant,BookRestaurant,True,0.926,False,False,False,"{'restaurant_type': 'ресторан', 'party_size_number': 'десять'}","{'restaurant_name': 'ресторан', 'party_size_number': '10', 'party_size_description': 'десять человек'}"
test_420,Включи что-то от Duke Ellington из семидесятых,PlayMusic,PlayMusic,True,0.9445,False,False,False,"{'artist': 'Duke Ellington', 'datetime': 'семидесятых'}",{'music_item': 'что-то от Duke Ellington из семидесятых'}
test_421,Оцени Cotton Comes to Harlem на 2,RateBook,RateBook,True,0.9765,False,False,False,"{'object_name': 'Cotton Comes to Harlem', 'rating_value': '2'}","{'object_name': 'Cotton Comes to Harlem', 'object_type': 'book', 'rating_value': '2'}"
test_422,Добавь песню в мой плейлист madden nfl 16,AddToPlaylist,PlayMusic,False,0.994,False,False,False,"{'music_item': 'песню', 'reference': 'мой', 'playlist': 'madden nfl 16'}",{'music_item': 'madden nfl 16'}
test_423,Добавь Toyan в мой Epic Gaming плейлист.,AddToPlaylist,AddToPlaylist,True,0.9753,False,False,False,"{'artist': 'Toyan', 'reference': 'мой', 'playlist': 'Epic Gaming'}","{'playlist': 'Epic Gaming', 'music_item': 'Toyan'}"
test_424,включи что-то новое от Les Vandyke на Slacker,PlayMusic,weather/find,False,0.9786,False,False,False,"{'sort': 'новое', 'artist': 'Les Vandyke', 'service': 'Slacker'}","{'weather/attribute': 'жарко', 'location': 'Сан - Паулу', 'weather/temperatureUnit': 'градусах Цельсия'}"
test_425,оцени Three Junes одним баллом из 6,RateBook,RateBook,True,0.9604,False,False,False,"{'object_name': 'Three Junes', 'rating_value': 'одним', 'best_rating': '6'}","{'object_name': 'Three Junes', 'object_type': 'book', 'rating_unit': 'балл', 'rating_value': '1'}"
test_426,Забронируй столик на девять людей в пекарне в Нуньес,BookRestaurant,BookRestaurant,True,0.9713,False,False,False,"{'party_size_number': 'девять', 'restaurant_type': 'пекарне', 'location': 'Нуньес'}","{'location': 'Нуньес', 'restaurant_type': 'пекарня', 'party_size_number': '9'}"
test_427,Оцени этот текущий роман двумя баллами из 6 .,RateBook,weather/find,False,0.9762,False,False,False,"{'object_select': 'этот текущий', 'object_type': 'роман', 'rating_value': 'двумя', 'best_rating': '6'}","{'weather/attribute': 'жарко', 'location': 'Сан - Паулу', 'weather/temperatureUnit': 'градусах Цельсия'}"
test_428,Включи The Happy Blues от Ronnie Wood .,PlayMusic,PlayMusic,True,0.9939,False,False,True,"{'album': 'The Happy Blues', 'artist': 'Ronnie Wood'}","{'music_item': 'The Happy Blues', 'artist': 'Ronnie Wood'}"
test_429,Включи симфонию из 2013 .,PlayMusic,PlayMusic,True,0.9842,False,False,False,"{'music_item': 'симфонию', 'datetime': '2013'}",{'music_item': 'симфония из 2013'}
,Забронируй мне столик в лучшем кафе.,BookRestaurant,BookRestaurant,True,0.9874,False,False,False,"{'sort': 'лучшем', 'restaurant_type': 'кафе'}",{'restaurant_type': 'кафе'}
,Оцени текущий учебник на 1 из 6.,RateBook,weather/find,False,0.981,False,False,False,"{'object_select': 'текущий', 'object_type': 'учебник', 'rating_value': '1', 'best_rating': '6'}","{'weather/attribute': 'жарко', 'location': 'Сан - Паулу', 'weather/temperatureUnit': 'градусах Цельсия'}"
,В какое время показывают фильм,SearchScreeningEvent,SearchScreeningEvent,True,0.9723,False,False,False,{'object_type': 'время показывают фильм'},{'datetime': 'на следующей неделе'}
,Какая погода будет в Огайо?,weather/find,weather/find,True,0.9671,False,False,False,{'location': 'Огайо'},"{'location': 'Огайо', 'weather/attribute': 'погода'}"
,Добавь этого исполнителя в Showstopper Being Mary Jane.,AddToPlaylist,SearchCreativeWork,False,0.935,False,False,False,"{'music_item': 'исполнителя', 'playlist': 'Showstopper Being Mary Jane'}","{'object_name': 'Showstopper', 'object_type': 'TV show'}"
,Забронируй столик для меня и моих детей.,BookRestaurant,BookRestaurant,True,0.9435,False,False,True,{'party_size_description': 'меня и моих детей'},"{'restaurant_name': 'не указано', 'restaurant_type': 'не указано', 'location': 'Сан - Паулу', 'party_size_description': 'для меня и моих детей', 'party_size_number': 'не указано'}"
test_375,"Какая погода будет в заповеднике Сарыгамыш 21 августа, 2035 ?",weather/find,weather/find,True,0.9666,False,False,False,"{'location': 'заповеднике Сарыгамыш', 'datetime': '21 августа, 2035'}","{'weather/attribute': 'в заповеднике Сарыгамыш', 'datetime': '21 августа, 2035'}"
test_376,Оцени Ruth пять баллов из 6 .,RateBook,RateBook,True,0.9552,False,False,False,"{'object_name': 'Ruth', 'rating_value': 'пять', 'rating_unit': 'баллов', 'best_rating': '6'}","{'object_name': 'Ruth', 'object_type': 'book', 'rating_unit': 'баллов', 'rating_value': '5'}"
test_377,Reminiscences of the Anti-Japanese Guerillas chronicle заслуживает ноль баллов из 6.,RateBook,RateBook,True,0.9807,False,False,True,"{'object_name': 'Reminiscences of the Anti-Japanese Guerillas', 'object_part_of_series_type': 'chronicle', 'rating_value': 'ноль', 'rating_unit': 'баллов', 'best_rating': '6.'}","{'object_name': 'Reminiscences of the Anti-Japanese Guerillas chronicle', 'object_type': 'book'}"
test_378,Покажи мне расписание сеансов в южных кинотеатрах,SearchScreeningEvent,SearchScreeningEvent,True,0.9438,False,False,False,"{'object_type': 'расписание сеансов', 'location': 'южных кинотеатрах'}",{'location': 'южные кинотеатры'}
test_379,Найди расписание фильмов рядом,SearchScreeningEvent,SearchScreeningEvent,True,0.9751,False,False,False,"{'object_type': 'расписание фильмов', 'location': 'рядом'}",{'location': 'рядом'}
test_380,Добавь этот альбом в плейлист Spanish Beat,AddToPlaylist,PlayMusic,False,0.9625,False,False,False,"{'music_item': 'альбом', 'playlist': 'Spanish Beat'}",{'music_item': 'Spanish Beat'}
test_381,Забронируй столик на 6 человек в креольской таверне в Черногории,BookRestaurant,BookRestaurant,True,0.984,False,False,True,"{'party_size_number': '6', 'cuisine': 'креольской', 'restaurant_type': 'таверне', 'location': 'Черногории'}","{'location': 'Черногория', 'restaurant_type': 'креольская таверна', 'party_size_number': '6'}"
test_382,Поставь сериалу Catedral 4 звезды .,RateBook,RateBook,True,0.9787,False,False,True,"{'object_part_of_series_type': 'сериалу', 'object_name': 'Catedral', 'rating_value': '4', 'rating_unit': 'звезды'}","{'object_name': 'Catedral', 'object_type': 'сериал', 'rating_value': '4', 'rating_unit': 'звезды'}"
test_383,Добавь The Famous Flower of Serving-Men в мой вечерний акустический плейлист.,AddToPlaylist,PlayMusic,False,0.9863,False,False,False,"{'entity_name': 'The Famous Flower of Serving-Men', 'reference': 'мой', 'playlist': 'вечерний акустический'}","{'music_item': 'The Famous Flower of Serving-Men', 'playlist': 'вечерний акустический плейлист'}"
test_384,Покажи мне расписание ArcLight Hollywood только для анимационных фильмов,SearchScreeningEvent,SearchScreeningEvent,True,0.9733,False,False,False,"{'object_type': 'расписание', 'location': 'ArcLight Hollywood', 'movie_type': 'анимационных фильмов'}","{'location': 'ArcLight Hollywood', 'movie_type': 'анимационные фильмы'}"
test_385,"Пожалуйста, найди картину под названием This Is the Night .",SearchCreativeWork,SearchCreativeWork,True,0.986,False,False,False,"{'object_type': 'картину', 'object_name': 'This Is the Night'}",{'object_name': 'This Is the Night'}
test_386,Какова будет влажность в данном месте в 15:19:29 ?,weather/find,weather/find,True,0.9679,False,False,True,"{'condition_description': 'влажность', 'location': 'данном месте', 'datetime': '15:19:29'}","{'location': 'данное место', 'datetime': '15:19:29'}"
test_387,я хочу посмотреть JLA Adventures: Trapped In Time,SearchScreeningEvent,SearchCreativeWork,False,0.9674,False,False,False,{'movie_name': 'JLA Adventures: Trapped In Time'},"{'object_name': 'JLA Adventures: Trapped In Time', 'object_type': 'кинофильм'}"
test_388,Добавь мелодию Дерека Уоткинса в This Is Johnny Cash,AddToPlaylist,PlayMusic,False,0.9634,False,False,False,"{'music_item': 'мелодию', 'artist': 'Дерека Уоткинса', 'playlist': 'This Is Johnny Cash'}","{'artist': 'Дерек Уоткинс', 'music_item': 'Мелодия Дерека Уоткинса', 'service': 'This Is Johnny Cash'}"
test_389,Найди творческую работу под названием Fire in the Hole,SearchCreativeWork,SearchCreativeWork,True,0.9924,False,False,False,{'object_name': 'Fire in the Hole'},{'object_name': 'Fire in the Hole'}
test_390,забронируй столик возле колледжа Пэта,BookRestaurant,BookRestaurant,True,0.9558,False,False,False,{'location': 'возле | колледжа Пэта'},{'location': 'колледж Пэта'}
test_391,Идет ли Patrick Still Lives в кинотеатрах AMC,SearchScreeningEvent,SearchScreeningEvent,True,0.9697,False,False,False,"{'movie_name': 'Patrick Still Lives', 'location': 'кинотеатрах AMC'}","{'movie_name': 'Patrick Still Lives', 'location': 'AMC'}"
test_393,нужен столик где-нибудь в Кворривилле через 14 часов,BookRestaurant,weather/find,False,0.9514,False,False,False,"{'location': 'Кворривилле', 'datetime': 'через 14 часов'}","{'location': 'Кворривилл', 'datetime': 'через 14 часов'}"
test_394,включи Гэри Ли Коннера,PlayMusic,weather/find,False,0.9803,False,False,False,{'artist': 'Гэри Ли Коннера'},"{'weather/attribute': 'жарко', 'location': 'Сан - Паулу', 'weather/temperatureUnit': 'градусах Цельсия'}"
test_395,"покажи ближайший кинотеатр, где показывают Boycott",SearchScreeningEvent,SearchScreeningEvent,True,0.9612,False,False,True,"{'location': 'ближайший', 'object_location_type': 'кинотеатр', 'movie_name': 'Boycott'}","{'location': 'Ближайший', 'movie_name': 'Boycott', 'object_type': 'кинотеатр'}"
test_396,"Пожалуйста, включи мой ecstatic плейлист.",PlayMusic,PlayMusic,True,0.9759,False,False,False,{'playlist': 'ecstatic'},{'playlist': 'ecstatic'}
test_397,"Пожалуйста, найди песню The Mad Magician .",SearchCreativeWork,SearchCreativeWork,True,0.9915,False,False,False,"{'object_type': 'песню', 'object_name': 'The Mad Magician'}","{'object_name': 'The Mad Magician', 'object_type': 'music_item'}"
test_398,Проверь расписание кинотеатров Bow Tie Cinemas .,SearchScreeningEvent,SearchScreeningEvent,True,0.9789,False,False,False,"{'object_type': 'расписание', 'location': 'Bow Tie Cinemas'}",{'location': 'Bow Tie Cinemas'}
test_399,Забронируй мне столик на вечеринку из 3 человек в пабе на Северных Марианских островах,BookRestaurant,BookRestaurant,True,0.9696,False,False,False,"{'party_size_number': '3', 'restaurant_type': 'пабе', 'location': 'Северных Марианских островах'}","{'location': 'Северные Марианские острова', 'party_size_number': '3', 'restaurant_type': 'паб'}"
test_400,Мне нужно добавить в текущий список Infinite Indie Folk произведения Рахим Шаха,AddToPlaylist,AddToPlaylist,True,0.9706,False,False,False,"{'reference': 'текущий', 'playlist': 'Infinite Indie Folk', 'artist': 'Рахим Шаха'}","{'artist': 'Рахим Шах', 'music_item': 'Infinite Indie Folk', 'playlist': 'текущий список'}"
test_401,Добавь Джерри Каллиста-младшего в мой плейлист Te quiero.,AddToPlaylist,PlayMusic,False,0.9674,False,False,False,"{'artist': 'Джерри Каллиста - младшего', 'reference': 'мой', 'playlist': 'Te quiero.'}","{'artist': 'Джерри Каллиста-младшего', 'playlist': 'Te quiero'}"
test_402,Насколько холоднее будет недалеко от Юты около 3 часов утра?,weather/find,weather/find,True,0.9331,False,False,True,"{'condition_temperature': 'холоднее', 'location': 'недалеко | Юты', 'datetime': '3 часов утра'}","{'weather/attribute': 'холоднее', 'location': 'недалеко от Юты', 'datetime': '3 часа утра'}"
test_403,Добавь альбом в плейлист Hipster Soul.,AddToPlaylist,PlayMusic,False,0.9808,False,False,False,"{'music_item': 'альбом', 'playlist': 'Hipster Soul.'}","{'music_item': 'альбом', 'playlist': 'Hipster Soul'}"
test_404,Через тринадцать часов я хочу отведать деликатесы восточноевропейской кухни,BookRestaurant,BookRestaurant,True,0.9619,False,False,True,"{'datetime': 'Через тринадцать часов', 'restaurant_type': 'деликатесы', 'cuisine': 'восточноевропейской'}","{'restaurant_type': 'восточноевропейская кухня', 'datetime': 'через тринадцать часов'}"
test_405,включи саундтрек шестидесятых,PlayMusic,PlayMusic,True,0.9684,False,False,False,"{'music_item': 'саундтрек', 'datetime': 'шестидесятых'}",{'music_item': 'шестидесятых'}
test_406,Поставь этому альбому одну звезду,RateBook,weather/find,False,0.984,False,False,False,"{'object_select': 'этому', 'object_type': 'альбому', 'rating_value': 'одну', 'rating_unit': 'звезду'}","{'weather/attribute': 'жарко', 'location': 'Сан - Паулу', 'weather/temperatureUnit': 'градусах Цельсия'}"
test_407,Включи лучшую музыку Брайана Маклина .,PlayMusic,PlayMusic,True,0.9521,False,False,False,"{'sort': 'лучшую', 'artist': 'Брайана Маклина'}","{'artist': 'Брайан Маклин', 'music_item': 'любимая музыка'}"
test_408,какой прогноз погоды в Никодиме и окрестностях,weather/find,weather/find,True,0.9556,False,False,False,{'location': 'Никодиме | окрестностях'},"{'location': 'Никодим', 'weather/attribute': 'прогноз'}"
test_409,Найди игру под названием Phinally Phamous,SearchCreativeWork,SearchCreativeWork,True,0.9835,False,False,False,"{'object_type': 'игру', 'object_name': 'Phinally Phamous'}","{'object_name': 'Phinally Phamous', 'object_type': 'игра'}"
test_410,Поставь оценку 2 Juneteenth .,RateBook,weather/find,False,0.9737,False,False,False,"{'rating_value': '2', 'object_name': 'Juneteenth'}","{'weather/attribute': 'жарко', 'location': 'Сан - Паулу', 'weather/temperatureUnit': 'градусах Цельсия'}"
test_411,Поставь ноль звезд Rhialto the Marvellous,RateBook,weather/find,False,0.9806,False,False,False,"{'rating_value': 'ноль', 'rating_unit': 'звезд', 'object_name': 'Rhialto the Marvellous'}","{'weather/attribute': 'жарко', 'location': 'Сан - Паулу', 'weather/temperatureUnit': 'градусах Цельсия'}"
test_412,Я хочу послушать саундтрек на Ютубе от Helena Iren Michaelsen,PlayMusic,PlayMusic,True,0.9804,False,False,False,"{'music_item': 'саундтрек', 'service': 'Ютубе', 'artist': 'Helena Iren Michaelsen'}","{'music_item': 'саундтрек', 'artist': 'Helena Iren Michaelsen'}"
test_413,забронируй столик на 1/20/2023 на 5 человек в MH,BookRestaurant,BookRestaurant,True,0.97,False,False,False,"{'datetime': '1/20/2023', 'party_size_number': '5', 'location': 'MH'}","{'location': 'Сан - Паулу', 'datetime': '1/20/2023', 'party_size_number': '5', 'restaurant_name': 'MH'}"
test_414,расписание сеансов анимационных фильмов рядом,SearchScreeningEvent,SearchScreeningEvent,True,0.9531,False,False,False,"{'object_type': 'расписание сеансов', 'movie_type': 'анимационных фильмов', 'location': 'рядом'}",{'location': 'рядом'}
test_415,Добавь jack white в мой плейлист This Is Shakira,AddToPlaylist,AddToPlaylist,True,0.9533,False,False,False,"{'artist': 'jack white', 'reference': 'мой', 'playlist': 'This Is Shakira'}","{'artist': 'jack white', 'playlist': 'This Is Shakira', 'music_item': 'not specified'}"
test_416,Я хочу забронировать ресторан на пять человек на Шри-Ланке .,BookRestaurant,BookRestaurant,True,0.9756,False,False,False,"{'restaurant_type': 'ресторан', 'party_size_number': 'пять', 'location': 'Шри - Ланке'}","{'location': 'Шри-Ланка', 'party_size_number': '5'}"
test_481,Включи британский блюз .,PlayMusic,PlayMusic,True,0.9821,False,False,True,{'genre': 'британский блюз'},{'music_item': 'британский блюз'}
test_162,Сколько снега прогнозируется?,weather/find,weather/find,True,0.9654,False,False,False,{'weather/attribute': 'снега'},{'weather/attribute': 'снега'}
test_163,на улице жарко,weather/find,weather/find,True,0.974,False,False,False,"{'location': 'улице', 'weather/attribute': 'жарко'}","{'weather/attribute': 'жарко', 'location': 'на улице'}"
test_164,Какая температура будет сегодня?,weather/find,weather/find,True,0.9489,False,False,False,"{'weather/attribute': 'температура', 'datetime': 'сегодня'}","{'weather/attribute': 'температура', 'datetime': 'сегодня', 'location': 'Сан - Паулу', 'weather/temperatureUnit': 'градусах Цельсия'}"
test_165,какая погода будет завтра в Далласе,weather/find,weather/find,True,0.9846,False,False,False,"{'datetime': 'завтра', 'location': 'Далласе'}","{'location': 'Даллас', 'datetime': 'завтра'}"
test_166,Покажи мне все текущие напоминания на сегодня,reminder/show_reminders,reminder/show_reminders,True,0.9966,False,False,False,"{'reference': 'все текущие', 'datetime': 'сегодня'}",{'datetime': 'сегодня'}
test_167,Установи еженедельное напоминание о покупках.,reminder/set_reminder,reminder/set_reminder,True,0.9634,False,False,False,"{'recurring_datetime': 'еженедельное', 'reminder/todo': 'покупках'}","{'reminder/todo': 'покупки', 'datetime': 'еженедельно'}"
test_168,погода,weather/find,weather/find,True,0.9738,False,False,False,{},"{'weather/attribute': 'жарко', 'location': 'Сан - Паулу', 'weather/temperatureUnit': 'градусах Цельсия'}"
test_169,Будет ли идти весь день дождь?,weather/find,weather/find,True,0.942,False,False,False,"{'datetime': 'весь день', 'weather/attribute': 'дождь'}","{'weather/attribute': 'дождь', 'datetime': 'всего дня'}"
test_170,завтра будет дождь,weather/find,weather/find,True,0.9935,False,False,False,"{'datetime': 'завтра', 'weather/attribute': 'дождь'}","{'weather/attribute': 'дождь', 'datetime': 'завтра'}"
test_171,Напомни мне ответить на рабочие письма сегодня вечером,reminder/set_reminder,weather/find,False,0.9249,False,False,False,"{'reminder/todo': 'ответить на рабочие письма', 'datetime': 'сегодня вечером'}","{'weather/attribute': 'сегодня вечером', 'location': 'сегодня'}"
test_172,Удали будильники,alarm/cancel_alarm,weather/find,False,0.9724,False,False,False,{},"{'weather/attribute': 'жарко', 'location': 'Сан - Паулу', 'weather/temperatureUnit': 'градусах Цельсия'}"
test_173,Отмени текущие будильники,alarm/cancel_alarm,alarm/show_alarms,False,0.9809,False,False,False,{'reference': 'текущие'},{}
test_215,Могу ли я надеть сегодня шорты?,weather/find,unknown,False,0.9187,False,False,False,"{'datetime': 'сегодня', 'weather/attribute': 'шорты'}",{}
test_203,Завтра будет дождь?,weather/find,weather/find,True,0.9137,False,False,False,"{'datetime': 'Завтра', 'weather/attribute': 'дождь'}","{'weather/attribute': 'дождь', 'datetime': 'завтра', 'location': 'не указано'}"
test_176,Установи будильник на 10 утра,alarm/set_alarm,alarm/set_alarm,True,0.9978,False,False,False,{'datetime': '10 утра'},{'datetime': '10 утра'}
test_177,Будет ли на этой недели дождь?,weather/find,weather/find,True,0.9695,False,False,False,"{'weather/attribute': 'дождь', 'datetime': 'этой недели'}","{'weather/attribute': 'жарко', 'datetime': 'на следующей неделе', 'location': 'Сан - Паулу', 'weather/temperatureUnit': 'градусах Цельсия'}"
test_237,покажи все напоминания,reminder/show_reminders,reminder/show_reminders,True,0.9682,False,False,False,{'reference': 'все'},{}
test_179,отмени будильники,alarm/cancel_alarm,alarm/show_alarms,False,0.9742,False,False,False,{},{}
test_180,отключи все будильники,alarm/cancel_alarm,alarm/show_alarms,False,0.9679,False,False,False,{'reference': 'все'},{}
test_181,покажи все предустановленные будильники,alarm/show_alarms,alarm/show_alarms,True,0.9841,False,False,False,{'reference': 'все'},{}
test_182,Установи будильник на каждую минуту в течение 20 минут.,alarm/set_alarm,alarm/set_alarm,True,0.983,False,False,False,{'recurring_datetime': 'каждую минуту в течение 20 минут'},"{'datetime': 'каждую минуту', 'recurring_datetime': 'в течение 20 минут'}"
test_183,Какие у меня напоминания?,reminder/show_reminders,reminder/show_reminders,True,0.9575,False,False,False,{'reference': 'меня'},{'datetime': 'какие'}
test_184,отмени будильник на завтра,alarm/cancel_alarm,alarm/cancel_alarm,True,0.9993,False,False,False,{'datetime': 'завтра'},{'datetime': 'завтра'}
test_185,мне нужен зонт сегодня?,weather/find,weather/find,True,0.9341,False,False,False,"{'weather/attribute': 'зонт', 'datetime': 'сегодня'}","{'weather/attribute': 'жарко', 'location': 'Сан - Паулу', 'weather/temperatureUnit': 'градусах Цельсия'}"
test_186,сегодня будет снег?,weather/find,weather/find,True,0.9675,False,False,False,"{'datetime': 'сегодня', 'weather/attribute': 'снег'}",{'weather/attribute': 'снег'}
test_187,Напомни мне позвонить маме сегодня вечером,reminder/set_reminder,reminder/set_reminder,True,0.9662,False,False,False,"{'reminder/todo': 'позвонить маме', 'datetime': 'сегодня вечером'}",{'datetime': 'сегодня вечером'}
test_188,сегодня будет дождь,weather/find,weather/find,True,0.9862,False,False,False,"{'datetime': 'сегодня', 'weather/attribute': 'дождь'}",{'weather/attribute': 'дождь'}
test_189,В субботу будет дождь?,weather/find,weather/find,True,0.9748,False,False,False,"{'datetime': 'субботу', 'weather/attribute': 'дождь'}","{'weather/attribute': 'дождь', 'datetime': 'в субботу'}"
test_190,Будете ли вы ставить будильник каждую минуту в течение 20 минут?,alarm/set_alarm,alarm/set_alarm,True,0.9794,False,False,False,{'recurring_datetime': 'каждую минуту в течение 20 минут'},"{'datetime': 'каждую минуту', 'recurring_datetime': 'в течение 20 минут', 'reminder/todo': 'будильник'}"
test_191,Тропические штормы в Карибском море,weather/find,weather/find,True,0.974,False,False,False,"{'weather/attribute': 'Тропические штормы', 'location': 'Карибском море'}","{'weather/attribute': 'тропические штормы', 'location': 'Карибское море'}"
test_234,отмени все будильники,alarm/cancel_alarm,alarm/show_alarms,False,0.9777,False,False,False,{'reference': 'все'},{}
test_193,Установи будильник на каждые девять минут.,alarm/set_alarm,alarm/set_alarm,True,0.9978,False,False,False,{'recurring_datetime': 'каждые девять минут'},{'datetime': 'каждые девять минут'}
test_194,Удали два последних напоминания в моем списке,reminder/cancel_reminder,weather/find,False,0.9806,False,False,False,{'reference': 'два последних'},"{'weather/attribute': 'жарко', 'location': 'Сан - Паулу', 'weather/temperatureUnit': 'градусах Цельсия'}"
test_195,какая сегодня погода,weather/find,weather/find,True,0.9522,False,False,False,{'datetime': 'сегодня'},"{'weather/attribute': 'погода', 'datetime': 'сегодня', 'location': 'сегодня'}"
test_196,включи текущий будильник,alarm/set_alarm,alarm/show_alarms,False,0.9726,False,False,False,{'reference': 'текущий'},{'datetime': 'на следующей неделе'}
test_223,Какая сегодня влажность?,weather/find,weather/find,True,0.9889,False,False,False,"{'datetime': 'сегодня', 'weather/attribute': 'влажность'}",{'weather/attribute': 'влажность'}
test_198,напомни мне установить будильник для подъема,reminder/set_reminder,alarm/set_alarm,False,0.973,False,False,False,{'reminder/todo': 'установить будильник для подъема'},{'datetime': 'подъема'}
test_199,Будет ли в эти выходные снег?,weather/find,weather/find,True,0.9688,False,False,False,"{'datetime': 'эти выходные', 'weather/attribute': 'снег'}","{'weather/attribute': 'снег', 'datetime': 'эти выходные'}"
test_232,Насколько жарко будет сегодня?,weather/find,weather/find,True,0.9433,False,False,False,"{'weather/attribute': 'жарко', 'datetime': 'сегодня'}","{'weather/attribute': 'жарко', 'location': 'Сегодня'}"
test_201,На какое время установлен текущий будильник,alarm/show_alarms,alarm/show_alarms,True,0.9659,False,False,False,{'reference': 'текущий'},{'datetime': 'текущее время'}
test_202,Какая сегодня погода?,weather/find,weather/find,True,0.9669,False,False,False,{'datetime': 'сегодня'},"{'location': 'Сегодня', 'weather/attribute': 'погода'}"
test_203,Завтра будет дождь?,weather/find,weather/find,True,0.9137,False,False,False,"{'datetime': 'Завтра', 'weather/attribute': 'дождь'}","{'weather/attribute': 'дождь', 'datetime': 'завтра', 'location': 'не указано'}"
test_204,Отмени текущий будильник на 5:15 утра во вторник,alarm/cancel_alarm,alarm/cancel_alarm,True,0.9889,False,False,False,"{'reference': 'текущий', 'datetime': '5:15 утра во вторник'}","{'datetime': '5:15 утра', 'day_of_week': 'вторник'}"
test_205,отмени напоминание о сегодняшней вечерней игре,reminder/cancel_reminder,reminder/cancel_reminder,True,0.9521,False,False,False,"{'datetime': 'сегодняшней | вечерней', 'reminder/todo': 'игре'}",{'datetime': 'сегодняшняя вечерняя'}
test_206,Поставь будильник на 3 ночи,alarm/set_alarm,alarm/set_alarm,True,0.9987,False,False,False,{'datetime': '3 ночи'},{'datetime': '3 ночи'}
test_207,отмени все будильники на субботу,alarm/cancel_alarm,alarm/cancel_alarm,True,0.9902,False,False,False,"{'reference': 'все', 'datetime': 'субботу'}",{'datetime': 'субботу'}
test_208,"мне нужно напоминание, чтобы забрать Лизу",reminder/set_reminder,reminder/set_reminder,True,0.9445,False,False,False,{'reminder/todo': 'забрать Лизу'},{'datetime': 'забрать Лизу'}
test_209,Какой сегодня максимум?,weather/find,weather/find,True,0.968,False,False,False,"{'datetime': 'сегодня', 'weather/attribute': 'максимум'}","{'weather/attribute': 'жарко', 'location': 'Сан - Паулу', 'weather/temperatureUnit': 'градусах Цельсия'}"
test_210,Будет ли сегодня облачно в Гриндстоуне?,weather/find,weather/find,True,0.9741,False,False,False,"{'datetime': 'сегодня', 'weather/attribute': 'облачно', 'location': 'Гриндстоуне'}","{'location': 'Гриндстоун', 'weather/attribute': 'облачно'}"
test_211,Напомни мне позже,reminder/set_reminder,weather/find,False,0.9796,False,False,False,{'datetime': 'позже'},"{'weather/attribute': 'жарко', 'location': 'Сан - Паулу', 'weather/temperatureUnit': 'градусах Цельсия'}"
test_212,какая сегодня погода во Франции,weather/find,weather/find,True,0.9743,False,False,False,"{'location': 'Франции', 'datetime': 'сегодня'}","{'location': 'Франция', 'weather/attribute': 'сегодня'}"
test_213,Будет ли солнечно на вечеринке в субботу,weather/find,weather/find,True,0.9748,False,False,False,"{'weather/attribute': 'солнечно', 'datetime': 'субботу'}","{'weather/attribute': 'солнечно', 'datetime': 'в субботу'}"
test_214,завтра пойдет дождь?,weather/find,weather/find,True,0.9317,False,False,False,"{'datetime': 'завтра', 'weather/attribute': 'дождь'}","{'weather/attribute': 'пойдет', 'datetime': 'завтра', 'location': None}"
test_215,Могу ли я надеть сегодня шорты?,weather/find,unknown,False,0.9187,False,False,False,"{'datetime': 'сегодня', 'weather/attribute': 'шорты'}",{}
test_216,Покажи текущее напоминание,reminder/show_reminders,reminder/show_reminders,True,0.9617,False,False,False,{'reference': 'текущее'},{'datetime': 'текущее напоминание'}
test_217,какой средний прогноз на сентябрь,weather/find,weather/find,True,0.9397,False,False,False,{'datetime': 'сентябрь'},"{'location': 'Сан - Паулу', 'weather/attribute': 'средний'}"
test_218,Сегодня холодно?,weather/find,weather/find,True,0.9706,False,False,False,"{'datetime': 'Сегодня', 'weather/attribute': 'холодно'}",{'weather/attribute': 'холодно'}
test_240,Отмени все напоминания,reminder/cancel_reminder,reminder/show_reminders,False,0.9812,False,False,False,{'reference': 'все'},{}
test_220,жарко?,weather/find,weather/find,True,0.9743,False,False,False,{'weather/attribute': 'жарко'},"{'weather/attribute': 'жарко', 'location': 'Сан - Паулу', 'weather/temperatureUnit': 'градусах Цельсия'}"
test_221,Поставь будильник на выходные в 2 часа дня,alarm/set_alarm,alarm/set_alarm,True,0.9694,False,False,False,{'recurring_datetime': 'выходные в 2 часа дня'},"{'datetime': 'выходные', 'time': '2 часа дня'}"
test_222,Поставь будильник на 2 утра,alarm/set_alarm,alarm/set_alarm,True,0.9969,False,False,False,{'datetime': '2 утра'},{'datetime': '2 утра'}
test_223,Какая сегодня влажность?,weather/find,weather/find,True,0.9889,False,False,False,"{'datetime': 'сегодня', 'weather/attribute': 'влажность'}",{'weather/attribute': 'влажность'}
test_224,покажи все текущие будильники,alarm/show_alarms,alarm/show_alarms,True,0.965,False,False,False,{'reference': 'все текущие'},{}
test_225,Покажи мне все текущие напоминания,reminder/show_reminders,reminder/show_reminders,True,0.966,False,False,False,{'reference': 'все текущие'},{'datetime': 'текущие'}
test_234,отмени все будильники,alarm/cancel_alarm,alarm/show_alarms,False,0.9777,False,False,False,{'reference': 'все'},{}
test_227,Надвигается ли гроза в моем районе?,weather/find,weather/find,True,0.9613,False,False,False,"{'weather/attribute': 'гроза', 'location': 'моем районе'}",{'weather/attribute': 'надвигается ли гроза'}
test_195,какая сегодня погода,weather/find,weather/find,True,0.9522,False,False,False,{'datetime': 'сегодня'},"{'weather/attribute': 'погода', 'datetime': 'сегодня', 'location': 'сегодня'}"
test_229,удали последнее напоминание,reminder/cancel_reminder,weather/find,False,0.9626,False,False,False,{'reference': 'последнее'},"{'weather/attribute': 'жарко', 'location': 'Сан - Паулу', 'weather/temperatureUnit': 'градусах Цельсия'}"
test_230,Сколько времени осталость до будильника.,alarm/time_left_on_alarm,alarm/time_left_on_alarm,True,0.9769,False,True,False,{},{'datetime': 'на следующей неделе'}
test_231,Отмени все текущие будильники на воскресенье.,alarm/cancel_alarm,alarm/cancel_alarm,True,0.9873,False,False,False,"{'reference': 'все текущие', 'datetime': 'воскресенье'}",{'datetime': 'воскресенье'}
test_232,Насколько жарко будет сегодня?,weather/find,weather/find,True,0.9433,False,False,False,"{'weather/attribute': 'жарко', 'datetime': 'сегодня'}","{'weather/attribute': 'жарко', 'location': 'Сегодня'}"
test_233,"Я бы хотел, чтобы ты создал новый будильник на завтрашнее утро в 8:45",alarm/set_alarm,alarm/set_alarm,True,0.9837,False,False,False,{'datetime': 'завтрашнее утро в 8:45'},"{'datetime': 'завтрашнее утро', 'time': '8:45'}"
test_234,отмени все будильники,alarm/cancel_alarm,alarm/show_alarms,False,0.9777,False,False,False,{'reference': 'все'},{}
test_235,Пойдет ли снег сегодня?,weather/find,weather/find,True,0.9288,False,False,False,"{'weather/attribute': 'снег', 'datetime': 'сегодня'}","{'weather/attribute': 'погода', 'location': 'сегодня'}"
test_236,напомни мне купить лед,reminder/set_reminder,reminder/set_reminder,True,0.924,False,False,False,{'reminder/todo': 'купить лед'},{'Reminder/Todo': 'купить лед'}
test_237,покажи все напоминания,reminder/show_reminders,reminder/show_reminders,True,0.9682,False,False,False,{'reference': 'все'},{}
test_245,покажи все будильники,alarm/show_alarms,alarm/show_alarms,True,0.9818,False,False,False,{'reference': 'все'},{}
test_239,Какая погода в Сан-Франциско?,weather/find,weather/find,True,0.9697,False,False,False,{'location': 'Сан - Франциско'},"{'location': 'Сан-Франциско', 'weather/attribute': 'погода'}"
test_240,Отмени все напоминания,reminder/cancel_reminder,reminder/show_reminders,False,0.9812,False,False,False,{'reference': 'все'},{}
test_241,Отмени напоминание о концерте,reminder/cancel_reminder,reminder/cancel_reminder,True,0.97,False,False,False,{'reminder/todo': 'концерте'},{'reminder/todo': 'концерт'}
test_242,Отмени будильник на завтрашнее утро,alarm/cancel_alarm,alarm/cancel_alarm,True,0.998,False,False,False,{'datetime': 'завтрашнее утро'},{'datetime': 'завтрашнее утро'}
test_243,будет ли дождь на этой недели,weather/find,weather/find,True,0.9717,False,False,False,"{'weather/attribute': 'дождь', 'datetime': 'этой недели'}","{'weather/attribute': 'жарко', 'datetime': 'на следующей неделе', 'location': 'Сан - Паулу', 'weather/temperatureUnit': 'градусах Цельсия'}"
test_244,Какая погода будет в среду для игры в гольф,weather/find,weather/find,True,0.9391,False,False,False,{'datetime': 'среду'},"{'weather/attribute': 'для игры в гольф', 'datetime': 'среда', 'location': 'не указана', 'weather/temperatureUnit': 'градусах Цельсия'}"
test_245,покажи все будильники,alarm/show_alarms,alarm/show_alarms,True,0.9818,False,False,False,{'reference': 'все'},{}
test_246,отключи все будильники на завтра,alarm/cancel_alarm,alarm/cancel_alarm,True,0.9993,False,False,False,"{'reference': 'все', 'datetime': 'завтра'}",{'datetime': 'завтра'}
test_56,Установи будильник на 5 часов вечера сегодня,alarm/set_alarm,alarm/set_alarm,True,0.9862,False,False,False,{'datetime': '5 часов вечера сегодня'},{'datetime': '5 часов вечера сегодня'}
,поставь будильник на 7 утра на завтра,alarm/set_alarm,alarm/set_alarm,True,0.9545,False,False,False,{'datetime': '7 утра на завтра'},"{'datetime': '7 утра', 'reference': 'на завтра'}"
test_249,Завтра будет солнечно?,weather/find,weather/find,True,0.9772,False,False,False,"{'datetime': 'Завтра', 'weather/attribute': 'солнечно'}","{'location': 'завтра', 'weather/attribute': 'солнечно'}"
test_250,насколько жарко будет сегодня,weather/find,weather/find,True,0.9585,False,False,False,"{'weather/attribute': 'жарко', 'datetime': 'сегодня'}","{'weather/attribute': 'жарко', 'location': 'Сегодня'}"
test_251,Поставь ноль звезд игре Halo: Призраки Оникса,RateBook,weather/find,False,0.9752,False,False,False,"{'rating_value': 'ноль', 'rating_unit': 'звезд', 'object_name': 'Halo: Призраки Оникса'}","{'weather/attribute': 'жарко', 'location': 'Сан - Паулу', 'weather/temperatureUnit': 'градусах Цельсия'}"
,Включи музыку Джой Нило.,PlayMusic,PlayMusic,True,0.9486,False,False,False,{'artist': 'Джой Нило'},"{'artist': 'Джой Нило', 'music_item': 'музыка'}"
,"Пожалуйста, найди мне видеоигру под названием 20 часов в Америке.",SearchCreativeWork,SearchCreativeWork,True,0.9978,False,False,False,"{'object_type': 'видеоигру', 'object_name': '20 часов в Америке'}","{'object_name': '20 часов в Америке', 'object_type': 'видеоигра'}"
test_254,Включи мой изобретательный плейлист,PlayMusic,PlayMusic,True,0.9508,False,False,False,{'playlist': 'изобретательный'},{'music_item': 'плейлист'}
test_255,Забронируй место на 9 в Термонте,BookRestaurant,BookRestaurant,True,0.9697,False,False,False,"{'party_size_number': '9', 'location': 'Термонте'}","{'location': 'Сан - Паулу', 'datetime': 'на следующей неделе'}"
test_256,Добавь эту мелодию в плейлист вечеринок 80-х для Дорти,AddToPlaylist,PlayMusic,False,0.9586,False,False,False,"{'music_item': 'мелодию', 'playlist': 'вечеринок 80-х', 'reference': 'Дорти'}","{'music_item': 'эта мелодия', 'playlist': 'вечеринок 80-х', 'datetime': 'для Дорти'}"
,Включи новейшую мелодию Эдди Винсона на Last Fm.,PlayMusic,PlayMusic,True,0.9588,False,False,False,"{'sort': 'новейшую', 'music_item': 'мелодию', 'artist': 'Эдди Винсона', 'service': 'Last Fm'}",{'music_item': 'новейшая мелодия Эдди Винсона'}
,Проверь прогноз для Небраски.,weather/find,weather/find,True,0.9548,False,False,False,{'location': 'Небраски'},"{'location': 'Небраска', 'weather/attribute': 'погода'}"
,В Северной Каролине сейчас шторм?,weather/find,weather/find,True,0.9734,False,False,True,"{'location': 'Северной Каролине', 'datetime': 'сейчас', 'condition_description': 'шторм'}","{'location': 'Северная Каролина', 'weather/attribute': 'шторм'}"
,Я хочу послушать миньон 1988 года.,PlayMusic,PlayMusic,True,0.9794,False,False,False,"{'music_item': 'миньон', 'datetime': '1998 года'}",{'music_item': 'миньон 1988 года'}
test_261,Мне нужно время спектакля A Yiddish World Remembered в театрах Дипсон,SearchScreeningEvent,SearchCreativeWork,False,0.9826,False,False,False,"{'object_type': 'время', 'movie_name': 'A Yiddish World Remembered', 'location': 'театрах Дипсон'}","{'object_name': 'спектакль A Yiddish World Remembered', 'object_type': 'театр'}"
test_262,Поставь текущему учебнику 1 из 6,RateBook,weather/find,False,0.9793,False,False,False,"{'object_select': 'текущему', 'object_type': 'учебнику', 'rating_value': '1', 'best_rating': '6'}","{'weather/attribute': 'жарко', 'location': 'Сан - Паулу', 'weather/temperatureUnit': 'градусах Цельсия'}"
test_263,Добавь мелодию Мэтта Мерфи в плейлист  Flow Español.,AddToPlaylist,PlayMusic,False,0.9761,False,False,False,"{'music_item': 'мелодию', 'artist': 'Мэтта Мерфи', 'playlist': 'Flow Español.'}","{'music_item': 'Мелодия Мэтта Мерфи', 'playlist': 'Flow Español'}"
,Я хочу забронировать суданский гастропаб поблизости в Техасе для 3 человек на 5/20/2025.,BookRestaurant,BookRestaurant,True,0.9774,False,False,True,"{'cuisine': 'суданский', 'restaurant_type': 'гастропаб', 'location': 'поблизости | Техасе', 'party_size_number': '3', 'datetime': '5/20/2025'}","{'location': 'Техас', 'restaurant_name': 'суданский гастропаб', 'party_size_number': '3', 'datetime': '5/20/2025'}"
test_265,Не мог бы ты найти телесериал The Approach,SearchCreativeWork,SearchCreativeWork,True,0.9934,False,False,False,"{'object_type': 'телесериал', 'object_name': 'The Approach'}","{'object_name': 'The Approach', 'object_type': 'телесериал'}"
test_266,Поставь этой хронике 2 балла.,RateBook,weather/find,False,0.977,False,False,True,"{'object_select': 'этой', 'object_part_of_series_type': 'хронике', 'rating_value': '2'}","{'weather/attribute': 'жарко', 'location': 'Сан - Паулу', 'weather/temperatureUnit': 'градусах Цельсия'}"
test_267,Поставь The American Scene 2  из 6 звезд,RateBook,RateBook,True,0.964,False,False,False,"{'object_name': 'The American Scene', 'rating_value': '2', 'best_rating': '6', 'rating_unit': 'звезд'}","{'object_name': 'The American Scene', 'object_type': 'book', 'rating_value': '2', 'rating_unit': 'звезды'}"
test_268,Добавь Эмили Отем в мой плейлист Nação Reggae.,AddToPlaylist,PlayMusic,False,0.951,False,False,False,"{'artist': 'Эмили Отем', 'reference': 'мой', 'playlist': 'Nação Reggae'}","{'artist': 'Эмили Отем', 'music_item': 'Nação Reggae', 'playlist': 'your_playlist_name'}"
test_269,Я хочу забронировать еврейский ресторан в Гамбии .,BookRestaurant,BookRestaurant,True,0.9582,False,False,True,"{'cuisine': 'еврейский', 'restaurant_type': 'ресторан', 'location': 'Гамбии'}","{'location': 'Гамбия', 'restaurant_type': 'еврейский', 'cuisine': 'еврейская'}"
test_270,забронируй столик в ресторане Fried chicken,BookRestaurant,BookRestaurant,True,0.9773,False,False,True,{'restaurant_name': 'ресторане Fried chicken'},{'restaurant_name': 'Fried chicken'}
test_271,добавь we have a theme song для моего плейлиста House Afterwork,AddToPlaylist,PlayMusic,False,0.9763,False,False,False,"{'entity_name': 'we have a theme song', 'reference': 'моего', 'playlist': 'House Afterwork'}","{'music_item': 'theme song', 'playlist': 'House Afterwork'}"
test_272,Какая погода будет недалеко отсюда девятнадцатого октября 2026 года?,weather/find,weather/find,True,0.9525,False,False,False,"{'location': 'недалеко отсюда', 'datetime': 'девятнадцатого октября 2026 года'}","{'weather/attribute': 'далеко', 'datetime': 'девятнадцатого октября 2026 года', 'location': 'отсюда', 'weather/temperatureUnit': 'градусах Цельсия'}"
,Погода в Урюпинске Россия на 12/26/2018,weather/find,weather/find,True,0.9899,False,False,False,"{'location': 'Урюпинске | Россия', 'datetime': '12/26/2018'}","{'location': 'Урюпинске Россия', 'datetime': '12/26/2018'}"
,Я хочу забронировать ресторан для моего тестя и меня в Бакнере через год.,BookRestaurant,BookRestaurant,True,0.9417,False,False,True,"{'restaurant_type': 'ресторан', 'party_size_description': 'моего тестя и меня', 'location': 'Бакнере', 'datetime': 'через год'}","{'location': 'Бакнер', 'datetime': 'через год', 'party_size_description': 'для моего тестя и меня', 'restaurant_name': 'не указано', 'restaurant_type': 'не указано', 'party_size_number': '2', 'served_dish': 'не указано', 'cuisine': 'не указано', 'sort': 'не указано'}"
test_275,Оцени эту книгу на 1,RateBook,RateBook,True,0.962,False,False,False,"{'object_select': 'эту', 'object_type': 'книгу', 'rating_value': '1'}","{'object_name': 'эту книгу', 'object_type': 'книга', 'rating_unit': 'баллов', 'rating_value': '1'}"
test_276,добавь этого исполнителя в мой плейлист spotlight on country 2016,AddToPlaylist,PlayMusic,False,0.9739,False,False,False,"{'music_item': 'исполнителя', 'reference': 'мой', 'playlist': 'spotlight on country 2016'}","{'music_item': 'исполнитель', 'playlist': 'spotlight on country 2016'}"
test_277,Не мог бы ты найти фотографию Epic Conditions?,SearchCreativeWork,SearchCreativeWork,True,0.9946,False,False,False,"{'object_type': 'фотографию', 'object_name': 'Epic Conditions'}","{'object_name': 'Epic Conditions', 'object_type': 'фотография'}"
test_278,Включи rich sex на Iheart,PlayMusic,weather/find,False,0.9796,False,False,True,"{'track': 'rich sex', 'service': 'Iheart'}","{'weather/attribute': 'жарко', 'location': 'Сан - Паулу', 'weather/temperatureUnit': 'градусах Цельсия'}"
test_279,Играет ли Барток Великолепный в семь утра?,SearchScreeningEvent,PlayMusic,False,0.9604,False,False,False,"{'movie_name': 'Барток Великолепный', 'datetime': 'семь утра'}","{'music_item': 'Барток Великолепный', 'datetime': 'семь утра'}"
test_280,Включи что-нибудь на Zvooq,PlayMusic,weather/find,False,0.9802,False,False,False,{'service': 'Zvooq'},"{'weather/attribute': 'жарко', 'location': 'Сан - Паулу', 'weather/temperatureUnit': 'градусах Цельсия'}"
test_281,Позволь мне послушать музыку Криса Найта,PlayMusic,PlayMusic,True,0.9887,False,False,False,{'artist': 'Криса Найта'},{'music_item': 'Крис Найт'}
test_282,включи альбом Джилл Собул,PlayMusic,PlayMusic,True,0.9887,False,False,True,"{'music_item': 'альбом', 'album': 'Джилл Собул'}",{'music_item': 'альбом Джилл Собул'}
test_283,Поставь четыре звезды The Broken Window,RateBook,weather/find,False,0.9848,False,False,False,"{'rating_value': 'четыре', 'rating_unit': 'звезды', 'object_name': 'The Broken Window'}","{'weather/attribute': 'жарко', 'location': 'Сан - Паулу', 'weather/temperatureUnit': 'градусах Цельсия'}"
test_284,Расскажи мне прогноз на 6 утра в Татра-Национальном парке,weather/find,weather/find,True,0.9851,False,False,False,"{'datetime': '6 утра', 'location': 'Татра - Национальном парке'}","{'location': 'Татра-Национальный парк', 'datetime': '6 утра'}"
,"Пожалуйста, забронируй мне стол в кафе, где подают домашнее печенье.",BookRestaurant,BookRestaurant,True,0.982,False,False,True,"{'restaurant_type': 'кафе', 'served_dish': 'домашнее печенье'}","{'restaurant_type': 'кафе', 'served_dish': 'домашнее печенье'}"
,Оцени серию The Mystery of the Tolling Bell на 4 звезды.,RateBook,RateBook,True,0.9783,False,False,True,"{'object_part_of_series_type': 'серию', 'object_name': 'The Mystery of the Tolling Bell', 'rating_value': '4', 'rating_unit': 'звезды'}","{'object_name': 'The Mystery of the Tolling Bell', 'object_type': 'book', 'rating_value': '4', 'rating_unit': 'звезды'}"
test_287,Используй Groove Shark для воспроизведения музыки,PlayMusic,PlayMusic,True,0.9228,False,False,False,{'service': 'Groove Shark'},{'music_item': 'музыка'}
,Проверь расписание сеансов Snowbound в ближайшем кинотеатре.,SearchScreeningEvent,SearchScreeningEvent,True,0.9712,False,False,True,"{'movie_name': 'Snowbound', 'location': 'ближайшем', 'object_location_type': 'кинотеатре'}","{'location': 'Сан - Паулу', 'object_type': 'кинотеатр', 'movie_name': 'Snowbound'}"
test_289,Пожалуйста открой Zvooq,PlayMusic,weather/find,False,0.9794,False,False,False,{'service': 'Zvooq'},"{'weather/attribute': 'жарко', 'location': 'Сан - Паулу', 'weather/temperatureUnit': 'градусах Цельсия'}"
test_290,забронируй место на 1 человека в Town of Ramsgate in Merit,BookRestaurant,BookRestaurant,True,0.9664,False,False,True,"{'party_size_number': '1', 'restaurant_name': 'Town of Ramsgate', 'location': 'Merit'}","{'location': 'Town of Ramsgate', 'party_size_number': '1'}"
,Будет ли Теория большого взрыва идти в 7 вечера?,SearchScreeningEvent,weather/find,False,0.9279,False,False,False,"{'movie_name': 'Теория большого взрыва', 'datetime': '7 вечера'}","{'weather/attribute': 'телесная температура', 'location': 'Теория большого взрыва', 'datetime': '7 вечера'}"
,станет ли прохладнее в Кастерском национальном лесу в семь вечера,weather/find,weather/find,True,0.9715,False,False,True,"{'condition_temperature': 'прохладнее', 'location': 'Кастерском национальном лесу', 'datetime': 'семь вечера'}","{'weather/attribute': 'прохладнее', 'location': 'Кастерский национальный лес', 'datetime': 'в семь вечера'}"
test_293,Я хочу послушать что-нибудь на Ютубе.,PlayMusic,PlayMusic,True,0.9607,False,False,False,{'service': 'Ютубе'},{'music_item': 'что-нибудь на Ютубе'}
test_294,Найди игру Difficult Loves,SearchCreativeWork,SearchCreativeWork,True,0.9846,False,False,False,"{'object_type': 'игру', 'object_name': 'Difficult Loves'}","{'object_name': 'Difficult Loves', 'object_type': 'игра'}"
,Какой прогноз погоды на 20 февраля в Bothe-Napa Valley State Park?,weather/find,weather/find,True,0.9871,False,False,False,"{'datetime': '20 февраля', 'location': 'Bothe-Napa Valley State Park'}","{'location': 'Bothe-Napa Valley State Park', 'datetime': '20 февраля'}"
test_296,покажи мне расписание фильма The Great Gildersleeve возле кинотеатра,SearchScreeningEvent,SearchScreeningEvent,True,0.9745,False,False,True,"{'object_type': 'расписание', 'movie_name': 'The Great Gildersleeve', 'object_location_type': 'кинотеатра'}","{'movie_name': 'The Great Gildersleeve', 'location': 'кинотеатр', 'object_type': 'фильм'}"
test_297,Расскажи мне о прогнозе погоды в Гибсленде,weather/find,weather/find,True,0.9648,False,False,False,{'location': 'Гибсленде'},"{'location': 'Гибсленд', 'weather/attribute': 'прогноз'}"
test_298,Могу ли я узнать время сеансов в кинотеатрах по соседству?,SearchScreeningEvent,SearchScreeningEvent,True,0.9645,False,False,False,"{'object_type': 'время сеансов', 'movie_type': 'кинотеатрах', 'location': 'по соседству'}",{'location': 'кинотеатрах по соседству'}
test_299,Оцени Soul Music на 0 .,RateBook,RateBook,True,0.9586,False,False,False,"{'object_name': 'Soul Music', 'rating_value': '0'}","{'object_name': 'Soul Music', 'object_type': 'book', 'rating_unit': '0'}"
test_300,Забронируй столик на пять человек в татарской таверне в Сарджентсе,BookRestaurant,BookRestaurant,True,0.967,False,False,True,"{'party_size_number': 'пять', 'cuisine': 'татарской', 'restaurant_type': 'таверне', 'location': 'Сарджентсе'}","{'location': 'Сарджентс', 'restaurant_type': 'татарская таверна', 'party_size_number': '5'}"
,Включи All Things Must Pass,PlayMusic,weather/find,False,0.9738,False,False,True,{'track': 'All Things Must Pass'},"{'weather/attribute': 'жарко', 'location': 'Сан - Паулу', 'weather/temperatureUnit': 'градусах Цельсия'}"
test_302,Какой прогноз дождя в Южной Корее через час,weather/find,weather/find,True,0.9717,False,False,True,"{'condition_description': 'дождя', 'location': 'Южной Корее', 'datetime': 'час'}","{'location': 'Южная Корея', 'weather/attribute': 'дождь', 'datetime': 'через час'}"
test_303,Забронируй место на 4 персоны в Оклахоме в South Street Diner,BookRestaurant,BookRestaurant,True,0.9867,False,False,True,"{'party_size_number': '4', 'location': 'Оклахоме', 'restaurant_name': 'South Street Diner'}","{'location': 'Оклахома', 'restaurant_name': 'South Street Diner', 'party_size_number': '4'}"
,Включи музыку с Нетфликса.,PlayMusic,PlayMusic,True,0.9863,False,False,False,{'service': 'Нетфликса'},{'service': 'Нетфликс'}
,Я хочу увидеть Shattered Image,SearchScreeningEvent,SearchCreativeWork,False,0.9692,False,False,False,{'movie_name': 'Shattered Image'},"{'object_name': 'Shattered Image', 'object_type': 'кинофильм'}"
test_306,Найди The Sound of One Hand Clapping,SearchCreativeWork,SearchCreativeWork,True,0.9661,False,False,False,{'object_name': 'The Sound of One Hand Clapping'},"{'object_name': 'The Sound of One Hand Clapping', 'object_type': 'кинофильм'}"
test_307,Найди альбом Wolves Within,SearchCreativeWork,SearchCreativeWork,True,0.9888,False,False,False,"{'object_type': 'альбом', 'object_name': 'Wolves Within'}","{'object_name': 'Wolves Within', 'object_type': 'альбом'}"
test_308,в каком кинотеатре идет We Are Northern Lights,SearchScreeningEvent,SearchScreeningEvent,True,0.979,False,False,True,"{'object_location_type': 'кинотеатре', 'movie_name': 'We Are Northern Lights'}",{'movie_name': 'We Are Northern Lights'}
test_309,Добавь our little corner of the world music from gilmore girls в мой плейлист The Funny Thing About Football Is.,AddToPlaylist,PlayMusic,False,0.9955,False,False,False,"{'entity_name': 'our little corner of the world music from gilmore girls', 'reference': 'мой', 'playlist': 'The Funny Thing About Football Is'}","{'music_item': 'our little corner of the world music from gilmore girls', 'playlist': 'The Funny Thing About Football Is'}"
test_317,Добавь новейшую песню Richard McNamara в плейлист Just Smile,AddToPlaylist,PlayMusic,False,0.9766,False,False,False,"{'music_item': 'песню', 'artist': 'Richard McNamara', 'playlist': 'Just Smile'}","{'music_item': 'Добавь новейшую песню Richard McNamara', 'playlist': 'Just Smile'}"
test_318,насколько здесь будет холодно через секунду,weather/find,weather/find,True,0.9616,False,False,True,"{'location': 'здесь', 'condition_temperature': 'холодно', 'datetime': 'через секунду'}","{'weather/attribute': 'холодно', 'datetime': 'через секунду', 'location': 'здесь'}"
test_319,Найди картинку с названием With You,SearchCreativeWork,SearchCreativeWork,True,0.992,False,False,False,"{'object_type': 'картинку', 'object_name': 'With You'}","{'object_name': 'With You', 'object_type': 'картинка'}"
test_320,Найди творческую работу Deadly Weapons,SearchCreativeWork,SearchCreativeWork,True,0.969,False,False,False,{'object_name': 'Deadly Weapons'},"{'object_name': 'Deadly Weapons', 'object_type': 'book'}"
,Какая погода будет в ноябре в Брукниле?,weather/find,weather/find,True,0.9697,False,False,False,"{'datetime': 'ноябре', 'location': 'Брукниле'}","{'location': 'Брукнил', 'datetime': 'в ноябре'}"
test_322,Забронируй столик в кафе на лапшу,BookRestaurant,BookRestaurant,True,0.985,False,False,True,"{'restaurant_type': 'кафе', 'served_dish': 'лапшу'}","{'restaurant_type': 'кафе', 'served_dish': 'лапша'}"
test_323,какой прогноз на Коста-Рике,weather/find,weather/find,True,0.9605,False,False,False,{'location': 'Коста - Рике'},"{'location': 'Коста-Рика', 'weather/attribute': 'прогноз'}"
test_324,Играет The Two Gladiators,SearchScreeningEvent,weather/find,False,0.9705,False,False,False,{'movie_name': 'The Two Gladiators'},"{'weather/attribute': 'жарко', 'location': 'Сан - Паулу', 'weather/temperatureUnit': 'градусах Цельсия'}"
test_325,какие фильмы в Star Theatres .,SearchScreeningEvent,SearchScreeningEvent,True,0.9784,False,False,False,"{'movie_type': 'фильмы', 'location': 'Star Theatres'}",{'location': 'Star Theatres'}
test_326,Можешь пожалуйста найти мне сагу Harry Hood ?,SearchCreativeWork,SearchCreativeWork,True,0.9655,False,False,False,"{'object_type': 'сагу', 'object_name': 'Harry Hood'}",{'object_name': 'saga Harry Hood'}
test_327,добавь эту мелодию в мой плейлист Sleepify,AddToPlaylist,PlayMusic,False,0.9606,False,False,False,"{'music_item': 'мелодию', 'reference': 'мой', 'playlist': 'Sleepify'}","{'music_item': 'эта мелодия', 'playlist': 'Sleepify'}"
test_328,Заиграет ли Any Which Way You Can через 15 секунд,SearchScreeningEvent,PlayMusic,False,0.973,False,False,False,"{'movie_name': 'Any Which Way You Can', 'datetime': 'через 15 секунд'}","{'music_item': 'Any Which Way You Can', 'datetime': '15 секунд'}"
test_329,Включи музыку с E-type .,PlayMusic,PlayMusic,True,0.9977,False,False,False,{'artist': 'E-type'},{'music_item': 'E-type'}
,Поставь одну звезду текущей книге,RateBook,RateBook,True,0.9555,False,False,False,"{'rating_value': 'одну', 'object_select': 'текущей', 'object_type': 'книге'}",{'object_name': 'текущая книга'}
test_331,Включи Another Passenger от Louis Nelson Delisle .,PlayMusic,weather/find,False,0.98,False,False,True,"{'album': 'Another Passenger', 'artist': 'Louis Nelson Delisle'}","{'weather/attribute': 'жарко', 'location': 'Сан - Паулу', 'weather/temperatureUnit': 'градусах Цельсия'}"
test_332,Где я могу найти расписание фильмов,SearchScreeningEvent,SearchScreeningEvent,True,0.9346,False,False,False,{'object_type': 'расписание фильмов'},"{'location': 'Сан - Паулу', 'movie_name': 'расписание фильмов'}"
test_333,какой прогноз на сентябрь 26 в Эмерадо Сен-Пьер и Микелон,weather/find,weather/find,True,0.9753,False,False,False,"{'datetime': 'сентябрь 26', 'location': 'Эмерадо Сен - Пьер и Микелон'}","{'location': 'Эмерадо Сен-Пьер и Микелон', 'datetime': '26 сентября'}"
test_334,Давайте поедим рядом с Оукфилдом через пару минут в Ted Peters Famous Smoked Fish,BookRestaurant,PlayMusic,False,0.9642,False,False,True,"{'location': 'рядом с | Оукфилдом', 'datetime': 'через пару минут', 'restaurant_name': 'Ted Peters Famous Smoked Fish'}","{'music_item': 'Ted Peters Famous Smoked Fish', 'datetime': 'рядом с Оукфилдом через пару минут'}"
test_335,найди мне трейлер Good Morning Sunshine,SearchCreativeWork,SearchCreativeWork,True,0.9787,False,False,False,"{'object_type': 'трейлер', 'object_name': 'Good Morning Sunshine'}","{'object_name': 'Good Morning Sunshine', 'object_type': 'trailer'}"
test_336,Я хочу забронировать пивную на 3 человек на Нидерландских Антильских островах .,BookRestaurant,BookRestaurant,True,0.9806,False,False,False,"{'restaurant_type': 'пивную', 'party_size_number': '3', 'location': 'Нидерландских Антильских островах'}","{'location': 'Нидерландские Антильские острова', 'party_size_number': '3', 'restaurant_type': 'пивная'}"
test_337,оцени этот текущий альбом на 0 звезд,RateBook,RateBook,True,0.9653,False,False,False,"{'object_select': 'этот текущий', 'object_type': 'альбом', 'rating_value': '0', 'rating_unit': 'звезд'}","{'object_name': 'альбом', 'object_type': 'музыка', 'rating_value': '0', 'rating_unit': 'звезды'}"
test_338,Хотели бы забронировать место в Монако в кофейне Yankee Doodle Coffee Shop,BookRestaurant,BookRestaurant,True,0.9901,False,False,True,"{'location': 'Монако', 'restaurant_name': 'Yankee Doodle Coffee Shop'}","{'location': 'Монако', 'restaurant_name': 'Yankee Doodle Coffee Shop'}"
test_339,Добавь исполнителя в плейлист political punks.,AddToPlaylist,AddToPlaylist,True,0.9505,False,False,False,"{'music_item': 'исполнителя', 'playlist': 'political punks.'}","{'playlist': 'political punks', 'music_item': 'not specified'}"
test_340,Будет ли холоднее через четыре месяца в Сувани AK,weather/find,weather/find,True,0.9587,False,False,True,"{'condition_temperature': 'холоднее', 'datetime': 'через четыре месяца', 'location': 'Сувани | AK'}","{'location': 'Сувани AK', 'datetime': 'через четыре месяца'}"
test_341,добавь  Muzika za decu в мой плейлист Crash Course,AddToPlaylist,PlayMusic,False,0.9912,False,False,False,"{'entity_name': 'Muzika za decu', 'reference': 'мой', 'playlist': 'Crash Course'}","{'music_item': 'Muzika za decu', 'playlist': 'Crash Course'}"
test_342,Можешь поискать сагу Molecular Oncology ?,SearchCreativeWork,SearchCreativeWork,True,0.9604,False,False,False,"{'object_type': 'сагу', 'object_name': 'Molecular Oncology'}","{'object_name': 'saga Molecular Oncology', 'object_type': 'book'}"
test_343,Я хочу забронировать ресторан на шесть человек в Вагстаффе AK .,BookRestaurant,BookRestaurant,True,0.9485,False,False,False,"{'restaurant_type': 'ресторан', 'party_size_number': 'шесть', 'location': 'Вагстаффе | AK'}","{'location': 'Вагстаффе AK', 'party_size_number': 'шесть', 'restaurant_name': 'не указано', 'restaurant_type': 'не указано', 'party_size_description': 'не указано', 'served_dish': 'не указано', 'cuisine': 'не указано', 'sort': 'не указано'}"
test_344,Включи симфоническую музыку Дэвида Линдли .,PlayMusic,PlayMusic,True,0.9714,False,False,False,"{'music_item': 'симфоническую', 'artist': 'Дэвида Линдли'}","{'artist': 'Дэвида Линдли', 'music_item': 'симфоническая музыка'}"
,"Пожалуйста, найди мне телесериал Now We Are Married .",SearchCreativeWork,SearchCreativeWork,True,0.9942,False,False,False,"{'object_type': 'телесериал', 'object_name': 'Now We Are Married'}",{'object_name': 'Now We Are Married'}
test_346,Я хочу посмотреть Outcast .,SearchScreeningEvent,SearchCreativeWork,False,0.9659,False,False,False,{'movie_name': 'Outcast'},"{'object_name': 'Outcast', 'object_type': 'movie'}"
test_347,добавь текущий трек в мой плейлист This Is Tchaikovsky,AddToPlaylist,PlayMusic,False,0.997,False,False,False,"{'music_item': 'трек', 'reference': 'мой', 'playlist': 'This Is Tchaikovsky'}",{'music_item': 'This Is Tchaikovsky'}
test_348,Включи This Is: Miles Davis на Lastfm .,PlayMusic,PlayMusic,True,0.9732,False,False,False,"{'playlist': 'This Is: Miles Davis', 'service': 'Lastfm'}","{'artist': 'Miles Davis', 'music_item': 'This Is', 'service': 'Lastfm'}"
test_349,забронируй лучший столик в Танзании на 5 человек в кафе,BookRestaurant,BookRestaurant,True,0.9906,False,False,False,"{'sort': 'лучший', 'location': 'Танзании', 'party_size_number': '5', 'restaurant_type': 'кафе'}","{'location': 'Танзания', 'party_size_number': '5', 'restaurant_type': 'кафе'}"
test_350,Давайте послушаем старого доброго Mohammad Mamlе на Vimeo .,PlayMusic,weather/find,False,0.9358,False,False,False,"{'sort': 'старого | доброго', 'artist': 'Mohammad Mamle', 'service': 'Vimeo'}","{'location': 'Сан - Паулу', 'weather/attribute': 'погода'}"
test_351,Помести трек Vandemataram Srinivas в HipHop Hot 50 .,AddToPlaylist,PlayMusic,False,0.982,False,False,False,"{'music_item': 'трек', 'artist': 'Vandemataram Srinivas', 'playlist': 'HipHop Hot 50'}","{'music_item': 'Vandemataram Srinivas', 'playlist': 'HipHop Hot 50'}"
test_352,Найди мне песню Secret South .,SearchCreativeWork,PlayMusic,False,0.998,False,False,False,"{'object_type': 'песню', 'object_name': 'Secret South'}",{'music_item': 'Secret South'}
test_353,песни девяностых на Zvooq,PlayMusic,PlayMusic,True,0.9817,False,False,False,"{'datetime': 'девяностых', 'service': 'Zvooq'}",{'music_item': 'песни девяностых'}
test_354,"какой прогноз погоды в Admire в Техасе, начиная с пяти вечера",weather/find,weather/find,True,0.9358,False,False,False,"{'location': 'Admire | Техасе', 'datetime': 'пяти | вечера'}","{'location': 'Admire', 'datetime': 'пяти вечера'}"
test_355,Включи что-нибудь на Last Fm,PlayMusic,weather/find,False,0.9807,False,False,False,{'service': 'Last Fm'},"{'weather/attribute': 'жарко', 'location': 'Сан - Паулу', 'weather/temperatureUnit': 'градусах Цельсия'}"
,Я хочу посмотреть The Portrait of a Lady в ближайшем кинотеатре.,SearchScreeningEvent,SearchScreeningEvent,True,0.9469,False,False,True,"{'movie_name': 'The Portrait of a Lady', 'location': 'ближайшем', 'object_location_type': 'кинотеатре'}","{'movie_name': 'The Portrait of a Lady', 'location': 'ближайшем кинотеатре'}"
,Пожалуйста найди мне Phineas Redux.,SearchCreativeWork,SearchCreativeWork,True,0.9879,False,False,False,{'object_name': 'Phineas Redux'},{'object_name': 'Phineas Redux'}
test_358,Добавь мелодию 40 cal в плейлист laundry.,AddToPlaylist,PlayMusic,False,0.9987,False,False,False,"{'music_item': 'мелодию', 'artist': '40 cal', 'playlist': 'laundry'}","{'music_item': '40 cal', 'playlist': 'laundry'}"
,Открой itunes и включи Ben Burnley Ready To Die.,PlayMusic,PlayMusic,True,0.984,False,False,True,"{'service': 'itunes', 'artist': 'Ben Burnley', 'album': 'Ready To Die'}",{'music_item': 'Ben Burnley Ready To Die'}
,Какая погода будет около Памятника Лихула 5 декабря?,weather/find,weather/find,True,0.9807,False,False,False,"{'location': 'Памятника Лихула', 'datetime': '5 декабря'}","{'location': 'Памятник Лихула', 'datetime': '5 декабря'}"
,Покажи расписание Sexy Dance 2 в ближайшем кинотеатре.,SearchScreeningEvent,SearchScreeningEvent,True,0.974,False,False,True,"{'object_type': 'расписание', 'movie_name': 'Sexy Dance 2', 'location': 'ближайшем', 'object_location_type': 'кинотеатре'}","{'movie_name': 'Sexy Dance 2', 'object_type': 'кинопоказ'}"
,Найди песню с названием Live at the Kings Center.,SearchCreativeWork,PlayMusic,False,0.9975,False,False,False,"{'object_type': 'песню', 'object_name': 'Live at the Kings Center'}",{'music_item': 'Live at the Kings Center'}
,"Какая погода в Тайонеке, Нью-Джерси?",weather/find,weather/find,True,0.9668,False,False,False,{'location': 'Тайонеке | Нью | - Джерси'},"{'location': 'Тайонеке, Нью-Джерси'}"
test_364,Я хочу забронировать Tupelo Honey Cafe в Нью-Джерси для пяти человек.,BookRestaurant,BookRestaurant,True,0.9866,False,False,True,"{'restaurant_name': 'Tupelo Honey Cafe', 'location': 'Нью | - Джерси', 'party_size_number': 'пяти'}","{'location': 'Нью-Джерси', 'restaurant_name': 'Tupelo Honey Cafe', 'party_size_number': '5'}"
,Забронируй место для меня и моих племянниц в чайном домике.,BookRestaurant,BookRestaurant,True,0.9463,False,False,True,"{'party_size_description': 'меня и моих племянниц', 'restaurant_type': 'чайном домике'}","{'restaurant_type': 'чайный домик', 'party_size_description': 'мне и моим племянницам'}"
,Будет ли жарко в Нидерландах 16 февраля?,weather/find,weather/find,True,0.9715,False,False,True,"{'condition_temperature': 'жарко', 'location': 'Нидерландах', 'datetime': '16 февраля'}","{'location': 'Нидерланды', 'datetime': '16 февраля', 'weather/attribute': 'жарко'}"
,Я хотел бы добавить Jordan Rudess в плейлист Divertido para niños.,AddToPlaylist,AddToPlaylist,True,0.9699,False,False,False,"{'artist': 'Jordan Rudess', 'playlist': 'Divertido para niños'}","{'artist': 'Jordan Rudess', 'playlist': 'Divertido para niños', 'music_item': 'not specified'}"
,Оцени In the Company of Cheerful Ladies на ноль из 6.,RateBook,RateBook,True,0.9755,False,False,False,"{'object_name': 'In the Company of Cheerful Ladies', 'rating_value': 'ноль', 'best_rating': '6'}","{'object_name': 'In the Company of Cheerful Ladies', 'object_type': 'book', 'rating_value': '0', 'rating_unit': 'из 6'}"
test_112,Что такое суровый прогноз погода?,weather/find,weather/find,True,0.954,False,False,False,{'weather/attribute': 'суровый'},{'weather/attribute': 'суровый'}
test_113,напомни мне о визите к врачу на следующей недели,reminder/set_reminder,reminder/set_reminder,True,0.9649,False,False,False,"{'reminder/todo': 'визите к врачу', 'datetime': 'на следующей недели'}","{'datetime': 'на следующей неделе', 'reminder/todo': 'визит к врачу'}"
test_114,поставь напоминание о походе в магазин в 8 утра,reminder/set_reminder,reminder/set_reminder,True,0.9776,False,False,False,"{'reminder/todo': 'походе в магазин', 'datetime': '8 утра'}","{'datetime': '8 утра', 'reminder/todo': 'поход в магазин'}"
test_115,Поставь напоминание о сдачи вещей в химчистку,reminder/set_reminder,weather/find,False,0.9772,False,False,False,{'reminder/todo': 'сдачи вещей в химчистку'},"{'weather/attribute': 'жарко', 'location': 'Сан - Паулу', 'weather/temperatureUnit': 'градусах Цельсия'}"
test_116,когда похоладает?,weather/find,weather/find,True,0.9757,False,False,False,{'weather/attribute': 'похоладает'},"{'weather/attribute': 'жарко', 'location': 'Сан - Паулу', 'datetime': 'на следующей неделе', 'weather/temperatureUnit': 'градусах Цельсия'}"
test_243,будет ли дождь на этой недели,weather/find,weather/find,True,0.9717,False,False,False,"{'weather/attribute': 'дождь', 'datetime': 'этой недели'}","{'weather/attribute': 'жарко', 'datetime': 'на следующей неделе', 'location': 'Сан - Паулу', 'weather/temperatureUnit': 'градусах Цельсия'}"
test_118,удали все будильники,alarm/cancel_alarm,alarm/show_alarms,False,0.961,False,False,False,{'reference': 'все'},{}
test_179,отмени будильники,alarm/cancel_alarm,alarm/show_alarms,False,0.9742,False,False,False,{},{}
test_120,покажи мне текущие будильники,alarm/show_alarms,alarm/show_alarms,True,0.9681,False,False,False,{'reference': 'текущие'},{}
test_121,На какое время у меня установлен будильник?,alarm/show_alarms,alarm/show_alarms,True,0.9681,False,False,False,{},{'datetime': 'на какое время'}
test_189,В субботу пойдет дождь?,weather/find,weather/find,True,0.9482,False,False,False,{'datetime': 'субботу'},"{'weather/attribute': 'пойдет дождь', 'datetime': 'в субботу'}"
test_123,насколько жарко сегодня будет,weather/find,weather/find,True,0.9565,False,False,False,"{'weather/attribute': 'жарко', 'datetime': 'сегодня'}","{'weather/attribute': 'жарко', 'location': 'Сан - Паулу', 'weather/temperatureUnit': 'градусах Цельсия'}"
test_124,Сбрось все будильники,alarm/cancel_alarm,alarm/show_alarms,False,0.9782,False,False,False,{'reference': 'все'},{}
test_125,Погода в Тахо в эти выходных?,weather/find,weather/find,True,0.9757,False,False,False,"{'location': 'Тахо', 'datetime': 'эти выходные'}","{'location': 'Тахо', 'datetime': 'эти выходных'}"
test_126,Понадобится ли курта сегодня?,weather/find,weather/find,True,0.9742,False,False,False,"{'weather/attribute': 'куртка', 'datetime': 'сегодня'}","{'weather/attribute': 'жарко', 'location': 'Сан - Паулу', 'weather/temperatureUnit': 'градусах Цельсия'}"
test_127,Когда дождь закончится?,weather/find,weather/find,True,0.9295,False,False,False,{'weather/attribute': 'дождь'},"{'weather/attribute': 'дождь', 'datetime': 'когда'}"
test_128,Поставь напоминание позвонить в школу в понедельник в 4 часа дня,reminder/set_reminder,reminder/set_reminder,True,0.9744,False,False,False,"{'reminder/todo': 'позвонить в школу', 'datetime': 'понедельник в 4 часа дня'}","{'datetime': 'понедельник в 4 часа дня', 'reminder/todo': 'позвонить в школу'}"
test_129,Выключи текущий будильник.,alarm/cancel_alarm,alarm/cancel_alarm,True,0.948,False,False,False,{'reference': 'текущий'},{'datetime': 'выключи'}
test_130,Насколько холодно будет сегодня вечером?,weather/find,weather/find,True,0.9587,False,False,False,"{'weather/attribute': 'холодно', 'datetime': 'сегодня вечером'}","{'weather/attribute': 'холодно', 'datetime': 'сегодня вечером', 'location': None}"
,поставь будильник на 7 утра на завтра,alarm/set_alarm,alarm/set_alarm,True,0.9545,False,False,False,{'datetime': '7 утра на завтра'},"{'datetime': '7 утра', 'reference': 'на завтра'}"
test_132,"Отмени текущее напоминание о том, чтобы забрать Роба",reminder/cancel_reminder,reminder/cancel_reminder,True,0.9815,False,False,False,"{'reference': 'текущее', 'reminder/todo': 'забрать Роба'}",{'reminder/todo': 'забрать Роба'}
test_133,Создай напоминание на завтра о покупке молока,reminder/set_reminder,reminder/set_reminder,True,0.9849,False,False,False,"{'datetime': 'завтра', 'reminder/todo': 'покупке молока'}","{'datetime': 'завтра', 'reminder/todo': 'покупка молока'}"
test_134,поставь будильник на 6 вечера,alarm/set_alarm,alarm/set_alarm,True,0.9984,False,False,False,{'datetime': '6 вечера'},{'datetime': '6 вечера'}
test_135,запланируй ежедневный будильник на 7:30 вечера до удаления,alarm/set_alarm,alarm/set_alarm,True,0.9868,False,False,False,{'recurring_datetime': 'ежедневный | 7:30 вечера'},{'datetime': '7:30 вечера'}
test_198,напомни мне поставить будильник для подъема,reminder/set_reminder,alarm/set_alarm,False,0.9747,False,False,False,{'reminder/todo': 'поставить будильник для подъема'},{'datetime': 'подъема'}
test_137,Отмени текущее напоминание,reminder/cancel_reminder,reminder/cancel_reminder,True,0.9642,False,False,False,{'reference': 'текущее'},{'datetime': 'текущее напоминание'}
test_235,Сегодня пойдет снег?,weather/find,weather/find,True,0.9409,False,False,False,"{'datetime': 'Сегодня', 'weather/attribute': 'снег'}","{'weather/attribute': 'пойдет', 'location': 'Сан - Паулу', 'weather/temperatureUnit': 'градусах Цельсия'}"
test_139,Покажи мне все будильники,alarm/show_alarms,alarm/show_alarms,True,0.9644,False,False,False,{'reference': 'все'},{}
test_237,покажи все напоминания,reminder/show_reminders,reminder/show_reminders,True,0.9682,False,False,False,{'reference': 'все'},{}
test_141,сколько времени осталось до текущего будильника,alarm/time_left_on_alarm,alarm/time_left_on_alarm,True,0.9603,False,True,False,{'reference': 'текущего'},{'datetime': 'текущее время'}
test_142,поставь будильник на 2 часа,alarm/set_alarm,alarm/set_alarm,True,0.9976,False,False,False,{'datetime': '2 часа'},{'datetime': '2 часа'}
test_143,Напомни мне купить хлеб после работы,reminder/set_reminder,reminder/set_reminder,True,0.9834,False,False,False,"{'reminder/todo': 'купить хлеб', 'datetime': 'после работы'}","{'reminder/todo': 'купить хлеб', 'datetime': 'после работы'}"
test_144,Сегодня будет дождь?,weather/find,weather/find,True,0.9487,False,False,False,"{'datetime': 'Сегодня', 'weather/attribute': 'дождь'}",{'weather/attribute': 'дождь'}
test_145,прочитай прогноз погоды на сегодня,weather/find,weather/find,True,0.9497,False,False,False,{'datetime': 'сегодня'},"{'location': 'Сан - Паулу', 'weather/attribute': 'жарко'}"
test_146,На какое время установлен текущий будильник?,alarm/show_alarms,alarm/show_alarms,True,0.9652,False,False,False,{'reference': 'текущий'},{'datetime': 'текущее время'}
test_147,завтра в 4 напомни мне сходить в торговый центр,reminder/set_reminder,reminder/set_reminder,True,0.985,False,False,False,"{'datetime': 'завтра в 4', 'reminder/todo': 'сходить в торговый центр'}","{'datetime': 'завтра', 'reminder/todo': 'сходить в торговый центр'}"
test_148,сегодня мне понадобится зонт,weather/find,weather/find,True,0.9342,False,False,False,"{'datetime': 'сегодня', 'weather/attribute': 'зонт'}","{'weather/attribute': 'погода', 'location': 'сегодня'}"
test_216,Покажи текущее напоминание,reminder/show_reminders,reminder/show_reminders,True,0.9617,False,False,False,{'reference': 'текущее'},{'datetime': 'текущее напоминание'}
test_237,покажи все напоминания,reminder/show_reminders,reminder/show_reminders,True,0.9682,False,False,False,{'reference': 'все'},{}
test_151,Установи напоминание покормить собаку в понедельник.,reminder/set_reminder,reminder/set_reminder,True,0.9785,False,False,False,"{'reminder/todo': 'покормить собаку', 'datetime': 'понедельник'}","{'datetime': 'понедельник', 'reminder/todo': 'покормить собаку'}"
test_152,"Поставь напоминание ""Класс саб-йоги во вторник вечером в Bala"" на завтра",reminder/set_reminder,reminder/set_reminder,True,0.9912,False,False,False,"{'reminder/todo': 'Класс саб-йоги во вторник вечером в Bala', 'datetime': 'завтра'}","{'datetime': 'завтра', 'reminder/todo': 'Класс саб-йоги во вторник вечером в Bala'}"
test_153,Отмени все напоминания на сегодня,reminder/cancel_reminder,reminder/cancel_reminder,True,0.9947,False,False,False,"{'reference': 'все', 'datetime': 'сегодня'}",{'datetime': 'сегодня'}
test_154,Какая погода будет в Нью Йорке на этой недели,weather/find,weather/find,True,0.9533,False,False,False,"{'location': 'Нью Йорке', 'datetime': 'этой недели'}","{'location': 'Нью Йорк', 'datetime': 'этой недели'}"
test_155,напомни мне о визите к доктору в четверг в 12 часов дня,reminder/set_reminder,alarm/set_alarm,False,0.9785,False,False,False,"{'reminder/todo': 'визите к доктору', 'datetime': 'четверг в 12 часов дня'}",{'datetime': 'четверг в 12 часов дня'}
test_156,Установи будильник на 6:50 вечера,alarm/set_alarm,alarm/set_alarm,True,0.999,False,False,False,{'datetime': '6:50 вечера'},{'datetime': '6:50 вечера'}
test_235,Пойдет ли снег сегодня?,weather/find,weather/find,True,0.9288,False,False,False,"{'weather/attribute': 'снег', 'datetime': 'сегодня'}","{'weather/attribute': 'погода', 'location': 'сегодня'}"
test_158,Какие будильники установлены?,alarm/show_alarms,alarm/show_alarms,True,0.9399,False,False,False,{},{'datetime': 'на следующей неделе'}
test_159,Установи напоминание на 7 октября,reminder/set_reminder,reminder/set_reminder,True,0.9863,False,False,False,{'datetime': '7 октября'},{'datetime': '7 октября'}
test_160,Будет ли сегодня снег?,weather/find,weather/find,True,0.9682,False,False,False,"{'datetime': 'сегодня', 'weather/attribute': 'снег'}",{'weather/attribute': 'снег'}
test_161,отложи будильник на 15 минут,alarm/snooze_alarm,alarm/set_alarm,False,0.9871,False,True,False,{'datetime': '15 минут'},{'datetime': '15 минут'}
test_237,покажи все напоминания,reminder/show_reminders,reminder/show_reminders,True,0.9682,False,False,False,{'reference': 'все'},{}
test_2,Нужен ли мне свитер?,weather/find,None,False,0.9223,False,False,False,{'weather/attribute': 'свитер'},{}
test_3,Добавь напоминание на сегодня на 4 часа дня,reminder/set_reminder,reminder/set_reminder,True,0.9681,False,False,False,{'datetime': 'сегодня на 4 часа дня'},"{'datetime': 'сегодня', 'reminder/todo': 'напомнить на 4 часа дня'}"
test_137,Отмени текущее напоминание,reminder/cancel_reminder,reminder/cancel_reminder,True,0.9642,False,False,False,{'reference': 'текущее'},{'datetime': 'текущее напоминание'}
test_5,Напомни мне заправиться.,reminder/set_reminder,reminder/set_reminder,True,0.9797,False,False,False,{'reminder/todo': 'заправиться'},{'reminder/todo': 'заправиться'}
test_6,Нужен ли мне зонт в среду?,weather/find,weather/find,True,0.9422,False,False,False,"{'weather/attribute': 'зонт', 'datetime': 'среду'}",{'weather/attribute': 'жарко'}
test_7,отложи будильники на 5 минут,alarm/snooze_alarm,alarm/set_alarm,False,0.9786,False,True,False,{'datetime': '5 минут'},{'datetime': '5 минут'}
test_8,поставь напоминание о дне рождения Макса,reminder/set_reminder,reminder/set_reminder,True,0.9578,False,False,False,{'reminder/todo': 'напоминание о дне рождения Макса'},{'reminder/todo': 'дне рождения Макса'}
test_237,покажи все напоминания,reminder/show_reminders,reminder/show_reminders,True,0.9682,False,False,False,{'reference': 'все'},{}
test_10,Покажи все будильники.,alarm/show_alarms,alarm/show_alarms,True,0.9704,False,False,False,{'reference': 'все'},{}
test_144,Сегодня будет дождь?,weather/find,weather/find,True,0.9487,False,False,False,"{'datetime': 'Сегодня', 'weather/attribute': 'дождь'}",{'weather/attribute': 'дождь'}
test_12,Поставь будильник на 8 утра,alarm/set_alarm,alarm/set_alarm,True,0.9961,False,False,False,{'datetime': '8 утра'},{'datetime': '8 утра'}
test_96,Какая сегодня температура?,weather/find,weather/find,True,0.9583,False,False,False,"{'datetime': 'сегодня', 'weather/attribute': 'температура'}","{'weather/attribute': 'температура', 'datetime': 'сегодня'}"
test_216,Покажи текущее напоминание,reminder/show_reminders,reminder/show_reminders,True,0.9617,False,False,False,{'reference': 'текущее'},{'datetime': 'текущее напоминание'}
test_245,покажи все будильники,alarm/show_alarms,alarm/show_alarms,True,0.9818,False,False,False,{'reference': 'все'},{}
test_16,Напомни мне поговорить с Беном о Джорджии,reminder/set_reminder,reminder/set_reminder,True,0.9504,False,False,False,{'reminder/todo': 'поговорить с Беном о Джорджии'},"{'reminder/todo': 'поговорить с Беном о Джорджии', 'datetime': 'на следующее время'}"
test_17,Поставь будильник на 5 утра,alarm/set_alarm,alarm/set_alarm,True,0.9965,False,False,False,{'datetime': '5 утра'},{'datetime': '5 утра'}
test_18,сегодня пасмурно,weather/find,weather/find,True,0.9949,False,False,False,"{'datetime': 'сегодня', 'weather/attribute': 'пасмурно'}",{'weather/attribute': 'пасмурно'}
test_19,Сколько дюймов дождя выпадет сегодня?,weather/find,weather/find,True,0.9614,False,False,False,"{'weather/attribute': 'дюймов дождя', 'datetime': 'сегодня'}","{'weather/attribute': 'дождь', 'datetime': 'сегодня'}"
test_20,Напомни мне позвонить сестре завтра,reminder/set_reminder,reminder/set_reminder,True,0.986,False,False,False,"{'reminder/todo': 'позвонить сестре', 'datetime': 'завтра'}","{'reminder/todo': 'позвонить сестре', 'datetime': 'завтра'}"
test_21,выключи будильник,alarm/cancel_alarm,alarm/cancel_alarm,True,0.991,False,False,False,{},{'datetime': 'на следующей неделе'}
test_22,Будет ли жарко на этой неделе?,weather/find,weather/find,True,0.9598,False,False,False,"{'weather/attribute': 'жарко', 'datetime': 'этой неделе'}","{'weather/attribute': 'жарко', 'datetime': 'на этой неделе'}"
test_23,Поставь будильник на 3 часа дня,alarm/set_alarm,alarm/set_alarm,True,0.9979,False,False,False,{'datetime': '3 часа дня'},{'datetime': '3 часа дня'}
test_61,сегодня будет снег,weather/find,weather/find,True,0.9913,False,False,False,"{'datetime': 'сегодня', 'weather/attribute': 'снег'}",{'weather/attribute': 'снег'}
test_118,удали все будильники,alarm/cancel_alarm,alarm/show_alarms,False,0.961,False,False,False,{'reference': 'все'},{}
test_26,Покажи мне все напоминания,reminder/show_reminders,reminder/show_reminders,True,0.9717,False,False,False,{'reference': 'все'},{'datetime': 'напоминания'}
test_230,Сколько времени осталость до будильника.,alarm/time_left_on_alarm,alarm/time_left_on_alarm,True,0.9769,False,True,False,{},{'datetime': 'на следующей неделе'}
test_183,Какие у меня напоминания?,reminder/show_reminders,reminder/show_reminders,True,0.9575,False,False,False,{'reference': 'меня'},{'datetime': 'какие'}
test_29,Поставь ежедневный будильник на 8 утра,alarm/set_alarm,alarm/set_alarm,True,0.9923,False,False,False,{'recurring_datetime': 'ежедневный | 8 утра'},{'datetime': '8 утра'}
test_30,можешь показать мне будильники?,alarm/show_alarms,alarm/show_alarms,True,0.978,False,False,False,{},{}
test_31,В мире Диснея сегодня ожидаются бури?,weather/find,weather/find,True,0.9457,False,False,False,"{'location': 'В мире Диснея', 'datetime': 'сегодня', 'weather/attribute': 'бури'}","{'location': 'Сан - Паулу', 'weather/attribute': 'бури'}"
test_61,сегодня будет снег,weather/find,weather/find,True,0.9913,False,False,False,"{'datetime': 'сегодня', 'weather/attribute': 'снег'}",{'weather/attribute': 'снег'}
test_245,покажи все будильники,alarm/show_alarms,alarm/show_alarms,True,0.9818,False,False,False,{'reference': 'все'},{}
test_218,Сегодня холодно?,weather/find,weather/find,True,0.9706,False,False,False,"{'datetime': 'Сегодня', 'weather/attribute': 'холодно'}",{'weather/attribute': 'холодно'}
test_35,Пожалуйста отмени будильник на утро четверга.,alarm/cancel_alarm,alarm/cancel_alarm,True,0.9728,False,False,False,{'datetime': 'утро четверга'},"{'datetime': 'утро', 'day_of_week': 'четверг'}"
test_144,Сегодня будет дождь?,weather/find,weather/find,True,0.9487,False,False,False,"{'datetime': 'Сегодня', 'weather/attribute': 'дождь'}",{'weather/attribute': 'дождь'}
test_37,в Канаде идет снег,weather/find,weather/find,True,0.9646,False,False,False,"{'location': 'Канаде', 'weather/attribute': 'снег'}","{'location': 'Канаде', 'weather/attribute': 'снег'}"
test_38,Какой максимум будет сегодня?,weather/find,weather/find,True,0.9626,False,False,False,"{'weather/attribute': 'максимум', 'datetime': 'сегодня'}","{'weather/attribute': 'жарко', 'location': 'Сан - Паулу', 'weather/temperatureUnit': 'градусах Цельсия'}"
test_39,"Выпадет ли сегодня вечером достаточно снега, чтобы сделать поездки опасными?",weather/find,weather/find,True,0.9336,False,False,False,"{'datetime': 'сегодня вечером', 'weather/attribute': 'снега'}","{'weather/attribute': 'вечером', 'location': 'сегодня', 'weather/temperatureUnit': 'градусах Цельсия'}"
test_237,покажи все напоминания,reminder/show_reminders,reminder/show_reminders,True,0.9682,False,False,False,{'reference': 'все'},{}
test_41,удали все напоминания,reminder/cancel_reminder,weather/find,False,0.9567,False,False,False,{'reference': 'все'},"{'location': 'Сан - Паулу', 'weather/attribute': 'жарко', 'datetime': 'на следующей неделе'}"
test_42,понадобится лм мне завтра куртка?,weather/find,weather/find,True,0.9537,False,False,False,"{'datetime': 'завтра', 'weather/attribute': 'куртка'}","{'weather/attribute': 'жарко', 'location': 'Сан - Паулу', 'datetime': 'завтра'}"
test_43,Сколько времени осталось до будильника,alarm/time_left_on_alarm,alarm/time_left_on_alarm,True,0.9913,False,True,False,{},{'datetime': 'на следующей неделе'}
test_44,Останови будильник,alarm/snooze_alarm,alarm/show_alarms,False,0.9489,False,True,False,{},{}
test_139,Покажи мне все будильники,alarm/show_alarms,alarm/show_alarms,True,0.9644,False,False,False,{'reference': 'все'},{}
test_46,Какая погода в Йеллоустоуне?,weather/find,weather/find,True,0.9666,False,False,False,{'location': 'Йеллоустоуне'},"{'location': 'Йеллоустоун', 'weather/attribute': 'погода'}"
test_202,Какая сегодня погода?,weather/find,weather/find,True,0.9669,False,False,False,{'datetime': 'сегодня'},"{'location': 'Сегодня', 'weather/attribute': 'погода'}"
test_48,"Удали текущее напоминание о том, что завтра нужно забрать Патрика из школы.",reminder/cancel_reminder,reminder/cancel_reminder,True,0.9708,False,False,False,"{'reference': 'текущее', 'datetime': 'завтра', 'reminder/todo': 'забрать Патрика из школы'}","{'datetime': 'завтра', 'reference': 'Патрик из школы'}"
test_49,"Напомни мне завта в это же время, записаться на прием к врачу",reminder/set_reminder,reminder/set_reminder,True,0.9701,False,False,False,"{'datetime': 'завтра в это же время', 'reminder/todo': 'записаться на прием к врачу'}","{'datetime': 'в это же время', 'reminder/todo': 'записаться на прием к врачу'}"
test_50,Напомни мне отказаться от аренды,reminder/set_reminder,alarm/cancel_alarm,False,0.9525,False,False,False,{'reminder/todo': 'отказаться от аренды'},{'datetime': 'на следующей неделе'}
test_51,когда закончится дождь?,weather/find,weather/find,True,0.9514,False,False,False,{'weather/attribute': 'дождь'},"{'weather/attribute': 'дождь', 'datetime': 'когда'}"
test_179,отмени будильники,alarm/cancel_alarm,alarm/show_alarms,False,0.9742,False,False,False,{},{}
test_53,Напомни мне позвонить Стефани во вторник,reminder/set_reminder,reminder/set_reminder,True,0.9668,False,False,False,"{'reminder/todo': 'позвонить Стефани', 'datetime': 'вторник'}","{'datetime': 'вторник', 'reminder/todo': 'позвонить Стефани'}"
test_224,покажи все текущие будильники,alarm/show_alarms,alarm/show_alarms,True,0.965,False,False,False,{'reference': 'все текущие'},{}
test_232,Насколько жарко сегодня будет?,weather/find,weather/find,True,0.9479,False,False,False,"{'weather/attribute': 'жарко', 'datetime': 'сегодня'}","{'weather/attribute': 'жарко', 'location': 'Сегодня'}"
test_56,Установи будильник на 5 часов вечера сегодня,alarm/set_alarm,alarm/set_alarm,True,0.9862,False,False,False,{'datetime': '5 часов вечера сегодня'},{'datetime': '5 часов вечера сегодня'}
test_57,напомни мне сходить к врачу 21 августа в 3 часа дня,reminder/set_reminder,reminder/set_reminder,True,0.9854,False,False,False,"{'reminder/todo': 'сходить к врачу', 'datetime': '21 августа в 3 часа дня'}","{'datetime': '21 августа в 3 часа дня', 'reminder/todo': 'сходить к врачу'}"
test_58,отмени текущее повторяющееся напоминание о приеме лекарств ежедневно в 7 утра,reminder/cancel_reminder,reminder/cancel_reminder,True,0.9693,False,False,False,"{'reminder/todo': 'приеме лекарств', 'recurring_datetime': 'ежедневно в 7 утра'}","{'datetime': '7 утра', 'reminder/todo': 'прием лекарств'}"
test_59,когда по прогнозу будет дождь,weather/find,weather/find,True,0.9845,False,False,False,{'weather/attribute': 'дождь'},{'weather/attribute': 'дождь'}
test_60,На какое время установлен текущий будильник на завтрашнее утро?,alarm/show_alarms,alarm/show_alarms,True,0.9981,False,False,False,"{'reference': 'текущий', 'datetime': 'завтрашнее утро'}",{'datetime': 'завтрашнее утро'}
test_61,сегодня будет снег,weather/find,weather/find,True,0.9913,False,False,False,"{'datetime': 'сегодня', 'weather/attribute': 'снег'}",{'weather/attribute': 'снег'}
test_129,Выключи текущий будильник.,alarm/cancel_alarm,alarm/cancel_alarm,True,0.948,False,False,False,{'reference': 'текущий'},{'datetime': 'выключи'}
test_234,отмени все будильники,alarm/cancel_alarm,alarm/show_alarms,False,0.9777,False,False,False,{'reference': 'все'},{}
test_64,напомни мне купить продукты,reminder/set_reminder,Shopping/BuyProduct,False,0.8862,False,False,False,{'reminder/todo': 'купить продукты'},{'product_type': 'продукты'}
test_65,Мне нужен будильник на 9 утра для завтрака,alarm/set_alarm,alarm/set_alarm,True,0.9882,False,False,False,{'datetime': '9 утра'},"{'datetime': '9 утра', 'reminder/todo': 'завтрак'}"
test_66,установи напоминание о просмотре Колтс за час до начала игры,reminder/set_reminder,reminder/set_reminder,True,0.9802,False,False,False,"{'reminder/todo': 'просмотре Колтс', 'datetime': 'за час до начала игры'}","{'datetime': 'за час до начала игры', 'reminder/todo': 'просмотр Колтс'}"
test_234,отмени все будильники,alarm/cancel_alarm,alarm/show_alarms,False,0.9777,False,False,False,{'reference': 'все'},{}
test_68,Отмени текущее третье напоминание в этом списке,reminder/cancel_reminder,reminder/cancel_reminder,True,0.9522,False,False,False,{'reference': 'текущее третье'},"{'datetime': 'текущее', 'reference': '...'}"
test_87,установи будильник на 6 утра,alarm/set_alarm,alarm/set_alarm,True,0.9975,False,False,False,{'datetime': '6 утра'},{'datetime': '6 утра'}
test_70,Сейчас сбрось этот будильник и установи на 2 часа дня,alarm/cancel_alarm,alarm/cancel_alarm,True,0.9975,False,False,False,"{'datetime': 'Сейчас | 2 часа дня', 'reference': 'этот'}",{'datetime': '2 часа дня'}
test_71,Пойдет ли снег?,weather/find,weather/find,True,0.8952,False,False,False,{'weather/attribute': 'снег'},"{'weather/attribute': 'погода', 'location': 'Сан - Паулу', 'weather/attribute_value': 'погода'}"
test_72,Напомни мне заплатить арендную плату.,reminder/set_reminder,reminder/set_reminder,True,0.9634,False,False,False,{'reminder/todo': 'заплатить арендную плату'},"{'datetime': 'напомни мне', 'reminder/todo': 'заплатить арендную плату'}"
test_73,какой минимум на завтра,weather/find,weather/find,True,0.9518,False,False,False,"{'weather/attribute': 'минимум', 'datetime': 'завтра'}",{'datetime': 'завтра'}
test_74,cегодня будет солнечно?,weather/find,weather/find,True,0.9374,False,False,False,"{'datetime': 'сегодня', 'weather/attribute': 'солнечно'}","{'weather/attribute': 'солнечно', 'location': 'сегодня'}"
test_84,Сколько у меня напоминаний на сегодня?,reminder/show_reminders,reminder/show_reminders,True,0.9928,False,False,False,{'datetime': 'сегодня'},{'datetime': 'сегодня'}
test_76,Какие у меня напоминание на завтра?,reminder/show_reminders,reminder/show_reminders,True,0.9972,False,False,False,"{'reference': 'меня', 'datetime': 'завтра'}",{'datetime': 'завтра'}
test_77,Отмени все текущие напоминания.,reminder/cancel_reminder,reminder/cancel_reminder,True,0.9808,False,False,False,{'reference': 'все текущие'},{}
test_78,установи будильник на 6 утра на завтра,alarm/set_alarm,alarm/set_alarm,True,0.9466,False,False,False,{'datetime': '6 утра на завтра'},"{'datetime': '6 утра', 'reference': 'на завтра'}"
test_79,Установи будильник на 30 минут,alarm/set_alarm,alarm/set_alarm,True,0.9933,False,False,False,{'datetime': '30 минут'},{'datetime': '30 минут'}
test_80,Установи будильник на час вперед,alarm/set_alarm,alarm/set_alarm,True,0.9888,False,False,False,{'datetime': 'час вперед'},{'datetime': 'час вперед'}
test_234,отмени все будильники,alarm/cancel_alarm,alarm/show_alarms,False,0.9777,False,False,False,{'reference': 'все'},{}
test_82,прогноз погоды в Лос Анджелесе,weather/find,weather/find,True,0.9652,False,False,False,{'location': 'Лос Анджелесе'},"{'location': 'Лос Анджелес', 'weather/attribute': 'прогноз'}"
test_234,отмени все будильники,alarm/cancel_alarm,alarm/show_alarms,False,0.9777,False,False,False,{'reference': 'все'},{}
test_84,Сколько у меня напоминаний на сегодня?,reminder/show_reminders,reminder/show_reminders,True,0.9928,False,False,False,{'datetime': 'сегодня'},{'datetime': 'сегодня'}
test_85,Напомни мне купить бумажные полотенца в магазине завтра,reminder/set_reminder,Shopping/Buy,False,0.918,False,False,False,"{'reminder/todo': 'купить бумажные полотенца в магазине', 'datetime': 'завтра'}","{'object_name': 'бумажные полотенца', 'datetime': 'завтра'}"
test_225,Покажи мне все текущие напоминания,reminder/show_reminders,reminder/show_reminders,True,0.966,False,False,False,{'reference': 'все текущие'},{'datetime': 'текущие'}
test_87,поставь будильник на 6 утра,alarm/set_alarm,alarm/set_alarm,True,0.9967,False,False,False,{'datetime': '6 утра'},{'datetime': '6 утра'}
test_88,завтра будет снег,weather/find,weather/find,True,0.9848,False,False,False,"{'datetime': 'завтра', 'weather/attribute': 'снег'}","{'weather/attribute': 'снег', 'datetime': 'завтра'}"
test_89,удали текущий будильник на завтрашнее утро,alarm/cancel_alarm,alarm/cancel_alarm,True,0.9974,False,False,False,"{'reference': 'текущий', 'datetime': 'завтрашнее утро'}",{'datetime': 'завтрашнее утро'}
test_90,Установи будильник на полдень только по пондельникам.,alarm/set_alarm,alarm/set_alarm,True,0.9593,False,False,False,{'recurring_datetime': 'полдень только по понедельникам'},"{'datetime': 'полдень', 'recurring_datetime': 'по понедельникам'}"
test_232,Насколько жарко будет сегодня?,weather/find,weather/find,True,0.9433,False,False,False,"{'weather/attribute': 'жарко', 'datetime': 'сегодня'}","{'weather/attribute': 'жарко', 'location': 'Сегодня'}"
test_92,напомни мне установить будильники на утром,reminder/set_reminder,alarm/set_alarm,False,0.9738,False,False,False,"{'reminder/todo': 'установить будильники', 'datetime': 'утро'}",{'datetime': 'утром'}
test_118,удали все будильники,alarm/cancel_alarm,alarm/show_alarms,False,0.961,False,False,False,{'reference': 'все'},{}
test_245,покажи все будильники,alarm/show_alarms,alarm/show_alarms,True,0.9818,False,False,False,{'reference': 'все'},{}
test_97,отключи будильник,alarm/cancel_alarm,alarm/cancel_alarm,True,0.9856,False,False,False,{},{'datetime': 'на следующей неделе'}
test_96,Какая температура сегодня?,weather/find,weather/find,True,0.935,False,False,False,"{'weather/attribute': 'температура', 'datetime': 'сегодня'}","{'weather/attribute': 'температура', 'datetime': 'сегодня', 'location': 'здесь'}"
test_245,покажи все будильники,alarm/show_alarms,alarm/show_alarms,True,0.9818,False,False,False,{'reference': 'все'},{}
test_99,установи будильник на каждые 30 минут,alarm/set_alarm,alarm/set_alarm,True,0.9834,False,False,False,{'recurring_datetime': 'каждые 30 минут'},{'datetime': 'каждые 30 минут'}
test_164,Какая температура будет сегодня?,weather/find,weather/find,True,0.9489,False,False,False,"{'weather/attribute': 'температура', 'datetime': 'сегодня'}","{'weather/attribute': 'температура', 'datetime': 'сегодня', 'location': 'Сан - Паулу', 'weather/temperatureUnit': 'градусах Цельсия'}"
test_101,будет ли жарко сегодня?,weather/find,weather/find,True,0.9676,False,False,False,"{'weather/attribute': 'жарко', 'datetime': 'сегодня'}","{'weather/attribute': 'жарко', 'location': 'Сан - Паулу', 'weather/temperatureUnit': 'градусах Цельсия'}"
test_214,завтра пойдет дождь?,weather/find,weather/find,True,0.9317,False,False,False,"{'datetime': 'завтра', 'weather/attribute': 'дождь'}","{'weather/attribute': 'пойдет', 'datetime': 'завтра', 'location': None}"
