id,text,true_intent,pred_intent,intent_correct,confidence,weak_by_conf,weak_intent_real,weak_slot_real,true_slots,pred_slots
test_1,show all reminders,reminder/show_reminders,reminder/show_reminders,True,0.9942,False,False,False,{'reference': 'барлык'},"{'datetime': '', 'reference': ''}"
test_2,Do I need a sweater?,weather/find,weather/find,True,0.911,False,False,False,{'weather/attribute': 'свитер'},"{'datetime': 'Do I need a sweater?', 'location': 'current location'}"
test_3,Add a reminder for today at 4pm,reminder/set_reminder,reminder/set_reminder,True,0.8735,False,False,False,{'datetime': 'Бүген сәгать ун алтыга'},"{'datetime': '4pm', 'reminder/todo': 'сегодня'}"
test_4,Cancel my reminder,reminder/cancel_reminder,reminder/cancel_reminder,True,0.9553,False,False,False,{'reference': 'Минем'},"{'datetime': '', 'reference': 'Cancel'}"
test_5,Remind me to get gas.,reminder/set_reminder,reminder/set_reminder,True,0.935,False,False,False,{'reminder/todo': 'бензин салырга'},"{'datetime': 'бу атнабызда', 'reminder/todo': 'get gas'}"
test_6,Do I need an umbrella on Wednesday?,weather/find,weather/find,True,0.9039,False,False,False,"{'datetime': 'Чәршәмбе', 'weather/attribute': 'кул чатыры'}","{'datetime': 'Wednesday', 'location': 'Необходимо'}"
test_7,snooze my alarms for five minutes,alarm/snooze_alarm,alarm/snooze_alarm,True,0.9621,False,True,False,"{'datetime': 'биш минуттан', 'reference': 'минем'}","{'datetime': 'five minutes', 'reference': 'my alarms'}"
test_8,set a birthday reminder for max,reminder/set_reminder,reminder/set_reminder,True,0.9849,False,False,False,{'reminder/todo': 'максның туган көне турында искә төшеруне'},"{'datetime': 'birthday', 'reminder/todo': 'max'}"
test_9,Show me all reminders,reminder/show_reminders,reminder/show_reminders,True,0.9966,False,False,False,{'reference': 'барлык'},"{'datetime': '', 'reference': ''}"
test_10,Show all alarms.,alarm/show_alarms,alarm/show_alarms,True,0.985,False,False,False,{'reference': 'Барлык'},{'datetime': ''}
test_11,Is it going to rain today?,weather/find,weather/find,True,0.9465,False,False,False,"{'datetime': 'Бүген', 'weather/attribute': 'яңгыр'}","{'datetime': 'сегодня', 'weather/attribute': 'going to rain'}"
test_12,Set alarm for 8am,alarm/set_alarm,alarm/set_alarm,True,0.9788,False,False,False,{'datetime': 'иртәнге 8'},{'datetime': '8am'}
test_13,What is the temperature today?,weather/find,weather/find,True,0.8107,False,False,False,"{'datetime': 'Бүген', 'weather/attribute': 'температура'}",{'datetime': 'сегизменин датасы'}
test_14,Show my reminder,reminder/show_reminders,reminder/show_reminders,True,0.9821,False,False,False,{'reference': 'Минем'},"{'datetime': '', 'reference': ''}"
test_15,Show all alarms,alarm/show_alarms,alarm/show_alarms,True,0.9706,False,False,False,{'reference': 'Барлык'},{}
test_16,Remind me to talk to Ben about Georgia,reminder/set_reminder,reminder/set_reminder,True,0.9689,False,False,False,{'reminder/todo': 'Бен белән Джорджия турында сөйләшергә'},"{'datetime': 'бу атнабызда', 'reminder/todo': 'talk to Ben about Georgia'}"
test_17,Set alarm for 5 am,alarm/set_alarm,alarm/set_alarm,True,0.9742,False,False,False,{'datetime': 'иртәнге 5'},{'datetime': '5 ам'}
test_18,is it cloudy today,weather/find,weather/find,True,0.8148,False,False,False,"{'datetime': 'бүген', 'weather/attribute': 'болытлымы'}","{'datetime': 'сегодня', 'location': 'текшерүү урын'}"
test_19,How many inches of rain will we get today?,weather/find,weather/find,True,0.8824,False,False,False,"{'datetime': 'Бүген', 'weather/attribute': 'дюйм яңгыры'}","{'datetime': 'сегодня', 'weather/attribute': 'quantity of rain'}"
test_20,Remind me to call my sister tomorrow,reminder/set_reminder,reminder/set_reminder,True,0.8147,False,False,False,"{'datetime': 'Иртәгә', 'reminder/todo': 'минем апама шалтыратырга'}","{'datetime': 'төмөр', 'reminder/todo': 'сисен төмөрдө алырга'}"
test_21,stop alarm,alarm/cancel_alarm,alarm/cancel_alarm,True,0.9517,False,False,False,{},{'reference': 'stop alarm'}
test_22,Is it going to be hot this week?,weather/find,weather/find,True,0.9419,False,False,False,"{'datetime': 'Бу атнада', 'weather/attribute': 'кызу'}","{'datetime': 'this week', 'location': 'going to be', 'weather/attribute': 'hot'}"
test_23,Set alarm for 3pm.,alarm/set_alarm,alarm/set_alarm,True,0.9563,False,False,False,{'datetime': 'көндезге 3'},{'datetime': '3pm'}
test_24,will it snow today,weather/find,none,False,0.7869,True,False,False,"{'datetime': 'бүген', 'weather/attribute': 'кар'}",{}
test_25,delete all alarms,alarm/cancel_alarm,alarm/show_alarms,False,0.9059,False,False,False,{'reference': 'бөтен'},"{'datetime': 'бу атнабызда', 'reference': 'барлык'}"
test_26,Show me my reminders,reminder/show_reminders,reminder/show_reminders,True,0.9924,False,False,False,{'reference': 'Минем'},"{'datetime': '', 'reference': ''}"
test_27,How much time is left on alarm,alarm/time_left_on_alarm,alarm/time_left_on_alarm,True,0.945,False,True,False,{},{'reference': 'плейлистымга'}
test_28,What are my reminders?,reminder/show_reminders,reminder/show_reminders,True,0.981,False,False,False,{'reference': 'Минем'},"{'datetime': '', 'reference': ''}"
test_29,Set an alarm for 8am daily,alarm/set_alarm,alarm/set_alarm,True,0.9339,False,False,False,{'recurring_datetime': 'иртәнге 8'},"{'datetime': '8am', 'recurring_datetime': 'дAILY'}"
test_30,can you show me the alarms?,alarm/show_alarms,alarm/show_alarms,True,0.9784,False,False,False,{},{'datetime': ''}
test_31,Is Disney world expecting storms today?,weather/find,weather/find,True,0.9494,False,False,False,"{'datetime': 'Бүген', 'location': 'Диснейуорлдта', 'weather/attribute': 'буран'}","{'location': 'Disney World', 'datetime': 'сегодня'}"
test_32,will it snow today,weather/find,none,False,0.7869,True,False,False,"{'datetime': 'бүген', 'weather/attribute': 'кар'}",{}
test_33,show all alarms,alarm/show_alarms,alarm/show_alarms,True,0.9738,False,False,False,{'reference': 'бөтен'},{}
test_34,Is it cold today?,weather/find,weather/find,True,0.8718,False,False,False,"{'datetime': 'Бүген', 'weather/attribute': 'салкынмы'}","{'datetime': 'сара', 'location': 'сара'}"
test_35,Please cancel the alarm for Thursday morning.,alarm/cancel_alarm,alarm/cancel_alarm,True,0.9665,False,False,False,{'datetime': 'пәнҗешәмбе иртәсеннән'},{'datetime': 'Thursday morning'}
test_36,Is it going to rain today?,weather/find,weather/find,True,0.9465,False,False,False,"{'datetime': 'Бүген', 'weather/attribute': 'яңгыр'}","{'datetime': 'сегодня', 'weather/attribute': 'going to rain'}"
test_37,is it snowing in canada,weather/find,weather/find,True,0.9466,False,False,False,"{'location': 'канадада', 'weather/attribute': 'кар явамы'}","{'location': 'Canada', 'datetime': 'бу атнабызда'}"
test_38,What will the high be today?,weather/find,weather/find,True,0.9225,False,False,False,"{'datetime': 'Бүген', 'weather/attribute': 'югары температура'}","{'datetime': 'сегодня', 'weather/attribute': 'high'}"
test_39,Will it snow enough tonight to make travelling hazardous?,weather/find,weather/find,True,0.8286,False,False,False,"{'datetime': 'Төнлә', 'weather/attribute': 'кар яуса'}","{'datetime': 'сөнүгө', 'weather/attribute': 'snow', 'weather/quantity': 'enough', 'weather/mode': 'make travelling hazardous'}"
test_40,show all reminders,reminder/show_reminders,reminder/show_reminders,True,0.9942,False,False,False,{'reference': 'бөтен'},"{'datetime': '', 'reference': ''}"
test_41,delete all reminders,reminder/cancel_reminder,reminder/cancel_reminder,True,0.9575,False,False,False,{'reference': 'барлык'},"{'datetime': '', 'reference': 'барлык'}"
test_42,will i need a jacket tomorrow?,weather/find,weather/find,True,0.9851,False,False,False,"{'datetime': 'иртәгә', 'weather/attribute': 'куртка'}",{'datetime': 'tomorrow'}
test_43,How much time is left on alarm,alarm/time_left_on_alarm,alarm/time_left_on_alarm,True,0.945,False,True,False,{},{'reference': 'плейлистымга'}
test_44,Pause the alarm,alarm/snooze_alarm,alarm/modify_alarm,False,0.8659,False,True,False,{},"{'datetime': 'Pause the alarm', 'reference': 'Будильнигым'}"
test_45,Show me all the alarms,alarm/show_alarms,alarm/show_alarms,True,0.9796,False,False,False,{'reference': 'барлык'},{'datetime': ''}
test_46,What's the weather like in yellowstone?,weather/find,weather/find,True,0.9518,False,False,False,{'location': 'Йеллоустонда'},"{'location': 'yellowstone', 'datetime': 'now'}"
test_47,What's the weather like today?,weather/find,weather/find,True,0.8516,False,False,False,{'datetime': 'Бүген'},"{'datetime': 'суроого чыгару үчүн', 'location': 'суроого чыгару үчүн'}"
test_48,Delete my reminder for picking up Patrick from school tomorrow.,reminder/cancel_reminder,reminder/cancel_reminder,True,0.8355,False,False,False,"{'datetime': 'Иртәгә', 'reminder/todo': 'Патрикны мәктәптән алырга', 'reference': 'минем'}","{'datetime': 'төмөрдөгә', 'reference': 'Delete my reminder'}"
test_49,Remind me tomorrow at this time to schedule a doctor appointment,reminder/set_reminder,reminder/set_reminder,True,0.7979,False,False,False,"{'datetime': 'иртәгә шул ук вакытта', 'reminder/todo': 'табибка язылырга'}","{'datetime': 'төмөр дата/вакыт', 'recurring_datetime': 'төмөр дата/вакыт', 'reminder/todo': 'ашик атамын саясатын саясатырга'}"
test_50,Remind me to drop off rent,reminder/set_reminder,reminder/set_reminder,True,0.9489,False,False,False,{'reminder/todo': 'аренданы түләргә'},"{'datetime': 'бу атнабызда', 'reminder/todo': 'drop off rent'}"
test_51,when will the rain end?,weather/find,weather/find,True,0.9304,False,False,False,{'weather/attribute': 'яңгыр'},"{'datetime': 'when', 'weather/attribute': 'rain end'}"
test_52,cancel alarms,alarm/cancel_alarm,alarm/cancel_alarm,True,0.9932,False,False,False,{},{'reference': 'cancel alarms'}
test_53,Remind me to call Stephanie on Tuesday,reminder/set_reminder,reminder/set_reminder,True,0.8818,False,False,False,"{'datetime': 'Сишәмбе көнне', 'reminder/todo': 'Стефанига шалтыратырга'}","{'datetime': 'Tuesday', 'reminder/todo': ' Stephanie өстәләрге кирәк'}"
test_54,show all my alarms,alarm/show_alarms,alarm/show_alarms,True,0.9755,False,False,False,{'reference': 'барлык минем'},{'datetime': ''}
test_55,How hot will it get today?,weather/find,weather/find,True,0.8906,False,False,False,"{'datetime': 'Бүген', 'weather/attribute': 'эссе'}","{'datetime': 'сегодня', 'weather/attribute': 'какая температура'}"
test_56,Set alarm for 5 pm tonight,alarm/set_alarm,alarm/set_alarm,True,0.9446,False,False,False,{'datetime': 'бүген кичке 5'},{'datetime': '5 pm tonight'}
test_57,remind me to go to the doctors on august 21st 3 pm,reminder/set_reminder,reminder/set_reminder,True,0.9784,False,False,False,"{'datetime': '21-енче августта көндез 3-тә', 'reminder/todo': 'табибка барырга'}","{'datetime': 'august 21st 3 pm', 'reminder/todo': 'go to the doctors'}"
test_58,cancel my recurring reminder to take meds daily at 7 am,reminder/cancel_reminder,reminder/cancel_reminder,True,0.9314,False,False,False,"{'recurring_datetime': 'көн саен иртәнге сәгать 7-дә', 'reminder/todo': 'дарулар эчәргә'}","{'datetime': '7 ам', 'reference': 'cancel my recurring reminder'}"
test_59,when does the forecast next show rain,weather/find,weather/find,True,0.9701,False,False,False,{'weather/attribute': 'яңгырны'},"{'datetime': 'next', 'weather/attribute': 'show rain'}"
test_60,What time is my alarm set for tomorrow morning?,alarm/show_alarms,alarm/show_alarms,True,0.9322,False,False,False,"{'datetime': 'Иртәгә иртә', 'reference': 'минем'}","{'datetime': 'tomorrow morning', 'reference': 'my alarm'}"
test_61,will it snow today,weather/find,none,False,0.7869,True,False,False,"{'datetime': 'бүген', 'weather/attribute': 'кар'}",{}
test_62,Turn off my alarm.,alarm/cancel_alarm,alarm/cancel_alarm,True,0.9753,False,False,False,{'reference': 'Минем'},{'reference': 'my alarm'}
test_63,Cancel all alarms,alarm/cancel_alarm,alarm/cancel_alarm,True,0.9694,False,False,False,{'reference': 'Барлык'},{'reference': 'барлык'}
test_64,remind me to buy groceries,reminder/set_reminder,reminder/set_reminder,True,0.8359,False,False,False,{'reminder/todo': 'продуктларны сатып алырга'},"{'datetime': 'бу атнабызда', 'reminder/todo': 'горошиналарды кайда алырга'}"
test_65,I need an alarm set for a 9 am breakfast,alarm/set_alarm,alarm/set_alarm,True,0.94,False,False,False,{'datetime': 'иртәнге сәгать 9-да'},"{'datetime': '9 ам', 'reference': 'breakfast'}"
test_66,set reminder to watch the Colts one hour before game starts,reminder/set_reminder,reminder/set_reminder,True,0.9746,False,False,False,"{'datetime': 'уен башланганчы бер сәгать алдан', 'reminder/todo': 'Кольтларны карау'}",{'datetime': 'one hour before game starts'}
test_67,cancel all alarms,alarm/cancel_alarm,alarm/cancel_alarm,True,0.9639,False,False,False,{'reference': 'барлык'},{'reference': 'cancel all alarms'}
test_68,Cancel my third reminder on this list.,reminder/cancel_reminder,reminder/cancel_reminder,True,0.9564,False,False,False,{'reference': 'минем өченче'},"{'datetime': '', 'reference': 'third reminder on this list'}"
test_69,set alarm for 6 am,alarm/set_alarm,alarm/set_alarm,True,0.9652,False,False,False,{'datetime': 'иртәнге 6'},{'datetime': '6 ам'}
test_70,Reset this alarm now and start at 2 pm,alarm/cancel_alarm,alarm/set_alarm,False,0.9076,False,False,False,"{'reference': 'Бу', 'datetime': 'хәзердән | көндезге 2-гә'}","{'datetime': '2 pm', 'recurring_datetime': 'now', 'reference': 'this alarm'}"
test_71,Is it going to snow?,weather/find,weather/find,True,0.9013,False,False,False,{'weather/attribute': 'Кар'},"{'datetime': 'бу атнабызда', 'location': 'Тек атнабызда'}"
test_72,Remind me to pay rent.,reminder/set_reminder,reminder/set_reminder,True,0.7957,False,False,False,{'reminder/todo': 'аренданы түләргә'},"{'datetime': 'сыныбында', 'reminder/todo': 'рентты пайыз бере'}"
test_73,whats the low for tomorrow,weather/find,weather/find,True,0.9912,False,False,False,"{'datetime': 'иртәгә', 'weather/attribute': 'иң түбән'}","{'datetime': 'tomorrow', 'weather/attribute': 'low'}"
test_74,Is it going to be sunny today?,weather/find,weather/find,True,0.733,False,False,False,"{'datetime': 'Бүген', 'weather/attribute': 'кояшлы'}","{'datetime': 'сүгөрүү кылуу күнөн', 'weather/attribute': 'сunny'}"
test_75,How many reminders do I have today?,reminder/show_reminders,reminder/show_reminders,True,0.8932,False,False,False,{'datetime': 'Бүген'},{'datetime': 'бу атнаның дүшәмбесеннән дүшәмбесенә кадәр'}
test_76,What are my reminders for tomorrow?,reminder/show_reminders,reminder/show_reminders,True,0.8951,False,False,False,"{'reference': 'Минем', 'datetime': 'иртәгә'}","{'datetime': 'турунда', 'reference': 'турунда'}"
test_77,Cancel all my reminders.,reminder/cancel_reminder,reminder/cancel_reminder,True,0.9669,False,False,False,{'reference': 'Минем барлык'},"{'datetime': '', 'reference': 'барлык'}"
test_78,set alarm for 6am tomorrow,alarm/set_alarm,alarm/set_alarm,True,0.9349,False,False,False,{'datetime': 'иртәнге 6-га'},{'datetime': '6am tomorrow'}
test_79,Set alarm for 30 minutes,alarm/set_alarm,none,False,0.863,True,False,False,{'datetime': '30 минутка'},{}
test_80,Set an alarm for an hour from now.,alarm/set_alarm,alarm/set_alarm,True,0.8753,False,False,False,{'datetime': 'бер сәгать алга'},"{'datetime': 'сөзгөн', 'recurring_datetime': 'сөзгөн', 'reference': 'сөзгөн'}"
test_81,cancel all alarms,alarm/cancel_alarm,alarm/cancel_alarm,True,0.9639,False,False,False,{'reference': 'барлык'},{'reference': 'cancel all alarms'}
test_82,weather update Los Angeles,weather/find,none,False,0.847,True,False,False,{'location': 'Лос - Анджелеста'},{}
test_83,cancel all alarms,alarm/cancel_alarm,alarm/cancel_alarm,True,0.9639,False,False,False,{'reference': 'бөтен'},{'reference': 'cancel all alarms'}
test_84,How many reminders do I have today?,reminder/show_reminders,reminder/show_reminders,True,0.8932,False,False,False,{'datetime': 'Бүген'},{'datetime': 'бу атнаның дүшәмбесеннән дүшәмбесенә кадәр'}
test_85,Remind me to get paper towels at the store tomorrow,reminder/set_reminder,reminder/set_reminder,True,0.9011,False,False,False,"{'datetime': 'иртәгә', 'reminder/todo': 'кибеттә кәгазь сөлгеләр сатып алырга'}","{'datetime': 'төмөр', 'reminder/todo': 'получить бумажные полотенца в магазине'}"
test_86,show me all my reminders,reminder/show_reminders,reminder/show_reminders,True,0.9963,False,False,False,{'reference': 'минем барлык'},"{'datetime': '', 'reference': ''}"
test_87,Set alarm for 6 am,alarm/set_alarm,alarm/set_alarm,True,0.9715,False,False,False,{'datetime': 'иртәнге 6'},{'datetime': '6 ам'}
test_88,will it snow tomorrow,weather/find,weather/find,True,0.9542,False,False,False,"{'datetime': 'иртәгә', 'weather/attribute': 'кар'}","{'datetime': 'tomorrow', 'location': 'will it snow'}"
test_89,cancel my alarm for tomorrow morning,alarm/cancel_alarm,alarm/cancel_alarm,True,0.8771,False,False,False,"{'datetime': 'иртәгә | иртәнге', 'reference': 'минем'}","{'datetime': 'төмөр дүшәмбесеннән', 'reference': 'мой'}"
test_90,Set the alarm for noon on Mondays only.,alarm/set_alarm,alarm/set_alarm,True,0.9342,False,False,False,{'recurring_datetime': 'Дүшәмбе көнне төшке ашка'},"{'datetime': 'noon', 'recurring_datetime': 'monday'}"
test_91,How hot will it get today?,weather/find,weather/find,True,0.8906,False,False,False,"{'datetime': 'Бүген', 'weather/attribute': 'эссе'}","{'datetime': 'сегодня', 'weather/attribute': 'какая температура'}"
test_92,remind me to set alarms for morning,reminder/set_reminder,reminder/set_reminder,True,0.9658,False,False,False,"{'datetime': 'иртәнге', 'reminder/todo': 'будильникларны куерга'}",{'datetime': 'morning'}
test_93,delete all alarms,alarm/cancel_alarm,alarm/show_alarms,False,0.9059,False,False,False,{'reference': 'бөтен'},"{'datetime': 'бу атнабызда', 'reference': 'барлык'}"
test_94,show my alarms,alarm/show_alarms,alarm/show_alarms,True,0.9735,False,False,False,{'reference': 'Минем'},{'datetime': ''}
test_95,dismiss alarm,alarm/cancel_alarm,alarm/cancel_alarm,True,0.9617,False,False,False,{},{'reference': 'dismiss alarm'}
test_96,What is the temperature today?,weather/find,weather/find,True,0.8107,False,False,False,"{'datetime': 'Бүген', 'weather/attribute': 'температура'}",{'datetime': 'сегизменин датасы'}
test_97,dismiss alarm,alarm/cancel_alarm,alarm/cancel_alarm,True,0.9617,False,False,False,{},{'reference': 'dismiss alarm'}
test_98,Show all alarms,alarm/show_alarms,alarm/show_alarms,True,0.9706,False,False,False,{'reference': 'Барлык'},{}
test_99,set alarm for every 30 minutes,alarm/set_alarm,alarm/set_alarm,True,0.8138,False,False,False,{'recurring_datetime': '30 минут саен'},"{'datetime': 'бу атнанын дата/вакыты', 'recurring_datetime': '30 минут ар悬挂'}"
test_100,What is the temperature going to be today?,weather/find,weather/find,True,0.8629,False,False,False,"{'datetime': 'Бүген', 'weather/attribute': 'температура'}","{'datetime': 'сегизмениң дата/вакыты', 'location': 'сегизмениң урыны'}"
test_101,Is it going to be hot today?,weather/find,weather/find,True,0.9289,False,False,False,"{'datetime': 'Бүген', 'weather/attribute': 'кызу'}","{'datetime': 'сез миңа', 'location': 'сез миңа'}"
test_102,Is it going to rain tomorrow?,weather/find,weather/find,True,0.8816,False,False,False,"{'datetime': 'Иртәгә', 'weather/attribute': 'яңгыр'}","{'datetime': 'турунда', 'weather/attribute': 'рaining'}"
test_103,Cancel the next alarm,alarm/cancel_alarm,alarm/cancel_alarm,True,0.9731,False,False,False,{'reference': 'Киләсе'},{'reference': 'next'}
test_104,Remind me to go to grocery store today,reminder/set_reminder,reminder/set_reminder,True,0.7682,False,False,False,"{'datetime': 'Бүген', 'reminder/todo': 'кибеткә барырга'}","{'datetime': 'бу атнабызда', 'reminder/todo': 'гоношу оору арқылы магазинге чыкканы'}"
test_105,cancel my reminders for next week,reminder/cancel_reminder,reminder/cancel_reminder,True,0.9701,False,False,False,"{'datetime': 'киләсе атнада', 'reference': 'минем'}","{'datetime': 'next week', 'reference': 'cancel my reminders'}"
test_106,remind me to take dog to groomer tuesday at 3pm,reminder/set_reminder,reminder/set_reminder,True,0.9949,False,False,False,"{'datetime': 'сишәмбе көнне көндезге сәгать 3-тә', 'reminder/todo': 'этне грумерга алып барырга'}","{'datetime': 'tuesday at 3pm', 'reminder/todo': 'take dog to groomer'}"
test_107,Remind me to pick up flowers for Jen for our anniversary on the 28th.,reminder/set_reminder,reminder/set_reminder,True,0.9676,False,False,False,"{'datetime': '28-енче көнне', 'reminder/todo': 'Дженга годовщинага чәчәкләр сатып алырга'}","{'datetime': '28', 'reminder/todo': 'pick up flowers for Jen'}"
test_108,What's the weather like today?,weather/find,weather/find,True,0.8516,False,False,False,{'datetime': 'Бүген'},"{'datetime': 'суроого чыгару үчүн', 'location': 'суроого чыгару үчүн'}"
test_109,Remind me to make a doctor's appointment tomorrow.,reminder/set_reminder,reminder/set_reminder,True,0.7748,False,False,False,"{'datetime': 'Иртәгә', 'reminder/todo': 'табибка язылырга'}","{'datetime': 'төмөр', 'reminder/todo': 'макарактама алырга'}"
test_110,turn off all alarms,alarm/cancel_alarm,alarm/cancel_alarm,True,0.9645,False,False,False,{'reference': 'бөтен'},{'reference': 'барлык'}
test_111,Should I bring a raincoat?,weather/find,weather/find,True,0.9242,False,False,False,{'weather/attribute': 'дождевикны'},"{'datetime': 'бу атнабызда', 'location': 'Should I bring a raincoat?'}"
test_112,What is the severe weather forecast?,weather/find,weather/find,True,0.8974,False,False,False,{'weather/attribute': 'Начар'},"{'datetime': 'severity_forecast', 'location': 'severity_forecast'}"
test_113,remind me of next weeks doctor appointment,reminder/set_reminder,reminder/set_reminder,True,0.9852,False,False,False,"{'datetime': 'киләсе атнада', 'reminder/todo': 'табибка язуым турында'}","{'datetime': 'next weeks', 'reminder/todo': 'doctor appointment'}"
test_114,set reminder to go to the store at 8am,reminder/set_reminder,reminder/set_reminder,True,0.9895,False,False,False,"{'datetime': 'иртәнге 8', 'reminder/todo': 'кибеткә бару'}",{'datetime': '8am'}
test_115,Set reminder to get the dry cleaning.,reminder/set_reminder,reminder/set_reminder,True,0.9438,False,False,False,{'reminder/todo': 'Химчисткага барырга'},"{'datetime': 'бу атнабызда', 'reminder/todo': 'get the dry cleaning'}"
test_116,when is it cool down,weather/find,weather/find,True,0.9023,False,False,False,{'weather/attribute': 'салкынрак'},"{'datetime': 'it cool down', 'weather/attribute': 'when it will be cool'}"
test_117,will it rain this week,weather/find,weather/find,True,0.9379,False,False,False,"{'datetime': 'бу атнада', 'weather/attribute': 'яңгыр'}","{'datetime': 'this week', 'location': 'will it rain'}"
test_118,delete all alarms,alarm/cancel_alarm,alarm/show_alarms,False,0.9059,False,False,False,{'reference': 'барлык'},"{'datetime': 'бу атнабызда', 'reference': 'барлык'}"
test_119,cancel alarms,alarm/cancel_alarm,alarm/cancel_alarm,True,0.9932,False,False,False,{},{'reference': 'cancel alarms'}
test_120,show me my alarms,alarm/show_alarms,alarm/show_alarms,True,0.9785,False,False,False,{'reference': 'минем'},{'datetime': ''}
test_121,What time do I have an alarm set for?,alarm/show_alarms,alarm/show_alarms,True,0.873,False,False,False,{},{'datetime': 'бу атнабызда'}
test_122,Is it going to rain Saturday?,weather/find,weather/find,True,0.9926,False,False,False,"{'datetime': 'Шимбә', 'weather/attribute': 'яңгыр'}","{'datetime': 'Saturday', 'weather/attribute': 'going to rain'}"
test_123,how hot is it going to get today,weather/find,weather/find,True,0.9013,False,False,False,"{'datetime': 'бүген', 'weather/attribute': 'эссе'}","{'datetime': 'сегодня', 'weather/attribute': 'how hot', 'weather/temperatureUnit': 'градусы'}"
test_124,Reset all alarms,alarm/cancel_alarm,alarm/show_alarms,False,0.9204,False,False,False,{'reference': 'Барлык'},"{'datetime': 'бу атнабызда', 'reference': 'барлык'}"
test_125,Weather in Tahoe this weekend?,weather/find,weather/find,True,0.9968,False,False,False,"{'datetime': 'Бу ял көннәрендә', 'location': 'Тахода'}","{'location': 'Tahoe', 'datetime': 'this weekend'}"
test_126,Do I need a coat today?,weather/find,weather/find,True,0.781,False,False,False,"{'datetime': 'бүген', 'weather/attribute': 'пальто'}","{'datetime': 'сегодня', 'location': 'текшерүүчү кабыл алуу'}"
test_127,When will the rain stop?,weather/find,weather/find,True,0.9311,False,False,False,{'weather/attribute': 'Яңгыр'},"{'datetime': 'Now', 'weather/attribute': 'when the rain will stop'}"
test_128,Set a reminder to call my school on Monday at 4 PM,reminder/set_reminder,reminder/set_reminder,True,0.9743,False,False,False,"{'datetime': 'Дүшәмбе көнне 16:00 сәгатьтә', 'reminder/todo': 'минем мәктәпкә шалтыратырга'}",{'datetime': 'Monday at 4 PM'}
test_129,Turn off my alarm.,alarm/cancel_alarm,alarm/cancel_alarm,True,0.9753,False,False,False,{'reference': 'Минем'},{'reference': 'my alarm'}
test_130,How cold will it be tonight?,weather/find,none,False,0.6963,True,False,False,"{'datetime': 'Бүген кич', 'weather/attribute': 'салкын'}",{}
test_131,Set alarm for 7 am tomorrow.,alarm/set_alarm,alarm/set_alarm,True,0.8607,False,False,False,{'datetime': 'иртәнге җидегә'},"{'datetime': '7 ам', 'reference': 'турунда'}"
test_132,Cancel my reminder to pick up Rob,reminder/cancel_reminder,reminder/cancel_reminder,True,0.9586,False,False,False,"{'reference': 'Минем', 'reminder/todo': 'Робны алу'}","{'datetime': '', 'reference': 'my reminder to pick up Rob'}"
test_133,Create a reminder for tomorrow to buy milk.,reminder/set_reminder,reminder/set_reminder,True,0.9078,False,False,False,"{'datetime': 'Иртәгә', 'reminder/todo': 'сөт сатып алу'}","{'datetime': 'турунда', 'reminder/todo': 'buy milk'}"
test_134,set alarm for 6pm,alarm/set_alarm,alarm/set_alarm,True,0.9861,False,False,False,{'datetime': 'иртәнге 6'},{'datetime': '6pm'}
test_135,schedule a daily alarm for 7:30 pm until deleted,alarm/set_alarm,alarm/set_alarm,True,0.9527,False,False,False,{'recurring_datetime': 'көндәлек | кичке җиде сәгать утыз минутка'},"{'datetime': '7:30 pm', 'reference': 'schedule a daily alarm', 'recurring_datetime': 'until deleted'}"
test_136,remind me to set an alarm for ups,reminder/set_reminder,reminder/set_reminder,True,0.8745,False,False,False,{'reminder/todo': 'торыр өчен будильникны куерга'},"{'datetime': 'ups', 'reminder/todo': 'аларны туктат'}"
test_137,Cancel my reminder,reminder/cancel_reminder,reminder/cancel_reminder,True,0.9553,False,False,False,{'reference': 'Минем'},"{'datetime': '', 'reference': 'Cancel'}"
test_138,Is it going to snow today?,weather/find,weather/find,True,0.9192,False,False,False,"{'datetime': 'Бүген', 'weather/attribute': 'кар'}","{'datetime': 'сегодня', 'weather/attribute': 'snow'}"
test_139,Show me all the alarms,alarm/show_alarms,alarm/show_alarms,True,0.9796,False,False,False,{'reference': 'бөтен'},{'datetime': ''}
test_140,show all reminders,reminder/show_reminders,reminder/show_reminders,True,0.9942,False,False,False,{'reference': 'бөтен'},"{'datetime': '', 'reference': ''}"
test_141,how much time is left on my alarm,alarm/time_left_on_alarm,alarm/time_left_on_alarm,True,0.9664,False,True,False,{'reference': 'минем'},{'reference': 'my alarm'}
test_142,set alarm for 2 hours,alarm/set_alarm,alarm/set_alarm,True,0.9232,False,False,False,{'datetime': '2 сәгатькә'},"{'datetime': '2 часов', 'recurring_datetime': ''}"
test_143,Remind me to get bread after work,reminder/set_reminder,reminder/set_reminder,True,0.9813,False,False,False,"{'datetime': 'Эштән соң', 'reminder/todo': 'икмәк сатып алырга'}",{'datetime': 'after work'}
test_144,Will it rain today?,weather/find,weather/find,True,0.7986,False,False,False,"{'datetime': 'Бүген', 'weather/attribute': 'яңгыр'}","{'datetime': 'сегодня', 'location': 'текмисиңиздә'}"
test_145,read today's weather forecast,weather/find,weather/find,True,0.812,False,False,False,{'datetime': 'бүгенге'},"{'datetime': 'сөнүгә кайырмашы', 'location': 'сөнүгә кайырмашы'}"
test_146,What time is my alarm set for?,alarm/show_alarms,alarm/show_alarms,True,0.8952,False,False,False,{'reference': 'Минем'},"{'datetime': 'билем неч', 'reference': 'конкрет будильникка күрсәтү'}"
test_147,at 4 tomorrow remind me to go to the mall,reminder/set_reminder,reminder/set_reminder,True,0.7435,False,False,False,"{'datetime': 'иртәгә 4', 'reminder/todo': 'сәүдә үзәгенә барырга'}","{'datetime': '4 тараза', 'reminder/todo': 'гоо төнө жүүнгө mall-га алат'}"
test_148,do I need to bring an umbrella today,weather/find,weather/find,True,0.7671,False,False,False,"{'datetime': 'бүген', 'weather/attribute': 'кул чатырны'}","{'datetime': 'сегодня', 'location': 'текшерүүчү кабыл алуу'}"
test_149,Show my reminder,reminder/show_reminders,reminder/show_reminders,True,0.9821,False,False,False,{'reference': 'Минем'},"{'datetime': '', 'reference': ''}"
test_150,Show all my reminders,reminder/show_reminders,reminder/show_reminders,True,0.9943,False,False,False,{'reference': 'Минем бөтен'},"{'datetime': '', 'reference': ''}"
test_151,Set a reminder for dog food on Monday.,reminder/set_reminder,reminder/set_reminder,True,0.9863,False,False,False,"{'datetime': 'Дүшәмбе', 'reminder/todo': 'эт ризыгы'}","{'datetime': 'Monday', 'reminder/todo': 'dog food'}"
test_152,"Set reminder ""Sub yoga class Tuesday night at Bala"" for tomorrow",reminder/set_reminder,reminder/set_reminder,True,0.9444,False,False,False,"{'datetime': 'Иртәгегә', 'reminder/todo': 'Сишәмбе кичендә Балада Саб йога дәресенә язылырга'}","{'datetime': 'төмөр', 'reminder/todo': 'Sub yoga class Tuesday night at Bala'}"
test_153,Cancel all reminders for today,reminder/cancel_reminder,reminder/cancel_reminder,True,0.8986,False,False,False,"{'datetime': 'бүгенгегә', 'reference': 'бөтен'}","{'datetime': 'бу атнаның дүшәмбесеннән дүйнөгә', 'reference': 'барлык'}"
test_154,What will the weather be in New York city this week,weather/find,weather/find,True,0.9923,False,False,False,"{'datetime': 'Бу атнада', 'location': 'Нью - Йоркта'}","{'location': 'New York city', 'datetime': 'this week'}"
test_155,remind me of a doctor visit Thursday at 12 pm,reminder/set_reminder,reminder/set_reminder,True,0.8838,False,False,False,"{'datetime': 'пәнҗешәмбе көнне көндез 12-дә', 'reminder/todo': 'табибка баруымны'}","{'datetime': 'Thursday at 12 pm', 'reminder/todo': 'аңарап алуу'}"
test_156,Set an alarm for 6:50 pm,alarm/set_alarm,alarm/set_alarm,True,0.9842,False,False,False,{'datetime': 'кичке 6:50'},{'datetime': '6:50 pm'}
test_157,Is it going to snow today?,weather/find,weather/find,True,0.9192,False,False,False,"{'datetime': 'Бүген', 'weather/attribute': 'кар'}","{'datetime': 'сегодня', 'weather/attribute': 'snow'}"
test_158,What alarms are set?,alarm/show_alarms,alarm/show_alarms,True,0.9438,False,False,False,{},{'datetime': ''}
test_159,Set a reminder alarm for October 7,reminder/set_reminder,reminder/set_reminder,True,0.9901,False,False,False,{'datetime': '7 октябрьгә'},{'datetime': 'October 7'}
test_160,Will there be snow today?,weather/find,weather/find,True,0.8277,False,False,False,"{'datetime': 'бүген', 'weather/attribute': 'кар'}","{'datetime': 'сегодня', 'location': 'текмиси'}"
test_161,snooze alarm for 15 minutes,alarm/snooze_alarm,alarm/snooze_alarm,True,0.9389,False,True,False,{'datetime': '15 минутка'},"{'datetime': '15 минут', 'reference': 'бу артистны 30 Before 20 Masterworks by Teenagers дигән плейлистымга өстә'}"
test_162,How much snow are they predicting?,weather/find,weather/find,True,0.8521,False,False,False,{'weather/attribute': 'кар'},"{'datetime': 'бу артабызда', 'weather/attribute': 'снежный покров'}"
test_163,is it hot outside,weather/find,weather/find,True,0.9233,False,False,False,"{'location': 'урамда', 'weather/attribute': 'эссе'}","{'datetime': 'бу атнабызда', 'location': 'outside'}"
test_164,What is the temperature going to be today?,weather/find,weather/find,True,0.8629,False,False,False,"{'datetime': 'Бүген', 'weather/attribute': 'температура'}","{'datetime': 'сегизмениң дата/вакыты', 'location': 'сегизмениң урыны'}"
test_165,what will the weather be like in Dallas tomorrow,weather/find,weather/find,True,0.979,False,False,False,"{'datetime': 'иртәгә', 'location': 'Далласта'}","{'location': 'Dallas', 'datetime': 'tomorrow'}"
test_166,Show me all my reminders for today,reminder/show_reminders,reminder/show_reminders,True,0.8327,False,False,False,"{'datetime': 'бүгенгегә', 'reference': 'минем бөтен'}","{'datetime': 'сүйкен', 'reference': ''}"
test_167,Set a weekly reminder for groceries.,reminder/set_reminder,reminder/set_reminder,True,0.9125,False,False,False,"{'recurring_datetime': 'Атна саен', 'reminder/todo': 'продукт сатып алу'}","{'datetime': 'бу атнабызда', 'recurring_datetime': 'кабатлау расписаниесе'}"
test_168,weather,weather/find,weather/find,True,0.9364,False,False,False,{},"{'datetime': 'бу атнабызда', 'location': 'weather'}"
test_169,Is it supposed to rain all day?,weather/find,none,False,0.7638,True,False,False,"{'weather/attribute': 'Яңгыр', 'datetime': 'көне буе'}",{}
test_170,is it going to rain tomorrow,weather/find,weather/find,True,0.9526,False,False,False,"{'datetime': 'Иртәгә', 'weather/attribute': 'яңгыр'}","{'datetime': 'tomorrow', 'weather/attribute': 'rain'}"
test_171,Remind me to reply to work emails tonight,reminder/set_reminder,reminder/set_reminder,True,0.9026,False,False,False,"{'datetime': 'Бүген кич', 'reminder/todo': 'эш хатларына җавап бирергә'}","{'datetime': 'өтө', 'reminder/todo': 'replying to work emails'}"
test_172,Delete alarms,alarm/cancel_alarm,alarm/cancel_alarm,True,0.9449,False,False,False,{},{'reference': 'барлык'}
test_173,Cancel my alarms,alarm/cancel_alarm,alarm/cancel_alarm,True,0.9783,False,False,False,{'reference': 'Минем'},{'reference': 'Cancel my alarms'}
test_174,Can I wear shorts today?,weather/find,weather/find,True,0.8953,False,False,False,"{'datetime': 'бүген', 'weather/attribute': 'шортыны'}","{'datetime': 'сара', 'location': 'сара'}"
test_175,Will it rain tomorrow?,weather/find,weather/find,True,0.7766,False,False,False,"{'datetime': 'Иртәгә', 'weather/attribute': 'яңгыр'}","{'datetime': 'таможуманын анык', 'location': 'таможуманын анык'}"
test_176,Set alarm for 10 am,alarm/set_alarm,alarm/set_alarm,True,0.9624,False,False,False,{'datetime': 'иртәнге 10'},{'datetime': '10 ам'}
test_177,Is it going to rain this week?,weather/find,weather/find,True,0.9491,False,False,False,"{'datetime': 'бу атнада', 'weather/attribute': 'яңгыр'}","{'datetime': 'this week', 'location': 'going to rain this week'}"
test_178,show all reminders,reminder/show_reminders,reminder/show_reminders,True,0.9942,False,False,False,{'reference': 'бөтен'},"{'datetime': '', 'reference': ''}"
test_179,cancel alarms,alarm/cancel_alarm,alarm/cancel_alarm,True,0.9932,False,False,False,{},{'reference': 'cancel alarms'}
test_180,turn off all alarms,alarm/cancel_alarm,alarm/cancel_alarm,True,0.9645,False,False,False,{'reference': 'бөтен'},{'reference': 'барлык'}
test_181,show all alarms preset,alarm/show_alarms,alarm/show_alarms,True,0.9787,False,False,False,{'reference': 'бөтен'},{'datetime': ''}
test_182,Set alarm every minute for 20 minutes.,alarm/set_alarm,alarm/set_alarm,True,0.8993,False,False,False,{'recurring_datetime': 'егерме минут саен'},"{'datetime': 'бу атнабызда', 'recurring_datetime': 'кабатлау расписаниесе', 'reference': 'барлык будильниклар', 'recurring_datetime_value': '20 минут'}"
test_183,What are my reminders?,reminder/show_reminders,reminder/show_reminders,True,0.981,False,False,False,{'reference': 'Минем'},"{'datetime': '', 'reference': ''}"
test_184,cancel alarm for tomorrow,alarm/cancel_alarm,alarm/cancel_alarm,True,0.9387,False,False,False,{'datetime': 'иртәгегә'},"{'datetime': 'tomorrow', 'reference': 'cancel'}"
test_185,Do I need an umbrella today?,weather/find,weather/find,True,0.7742,False,False,False,"{'datetime': 'бүген', 'weather/attribute': 'зонтик'}","{'datetime': 'сегодня', 'location': 'текшерүүчү кабыл алуу'}"
test_186,is it supposed to snow today?,weather/find,weather/find,True,0.8185,False,False,False,"{'datetime': 'бүген', 'weather/attribute': 'кар'}","{'datetime': 'сегодня', 'location': 'текшерүүгө керек'}"
test_187,Remind me to call my mom tonight,reminder/set_reminder,reminder/set_reminder,True,0.8823,False,False,False,"{'datetime': 'Бүген кич', 'reminder/todo': 'минем әнигә шалтыратырга'}","{'datetime': 'tonight', 'reminder/todo': 'маманын натыйрыгу'}"
test_188,will it rain today?,weather/find,weather/find,True,0.8168,False,False,False,"{'datetime': 'Бүген', 'weather/attribute': 'яңгыр'}","{'datetime': 'сегодня', 'location': 'текшерүүгө керек'}"
test_189,Is it going to rain Saturday?,weather/find,weather/find,True,0.9926,False,False,False,"{'datetime': 'Шимбә', 'weather/attribute': 'яңгыр'}","{'datetime': 'Saturday', 'weather/attribute': 'going to rain'}"
test_190,Will you set the alarm every minute for 20 minutes?,alarm/set_alarm,alarm/set_alarm,True,0.8494,False,False,False,{'recurring_datetime': 'һәр минут саен 20 минутка'},"{'datetime': 'бу минут 20', 'recurring_datetime': 'каждую минуту'}"
test_191,Tropical storms in caribbean,weather/find,weather/find,True,0.8997,False,False,False,"{'location': 'Кариб', 'weather/attribute': 'тропик давыллар'}","{'location': 'Caribbean', 'datetime': 'бу атнанын'}"
test_192,cancel all alarms,alarm/cancel_alarm,alarm/cancel_alarm,True,0.9639,False,False,False,{'reference': 'барлык'},{'reference': 'cancel all alarms'}
test_193,Set alarm for every nine minutes.,alarm/set_alarm,alarm/set_alarm,True,0.8411,False,False,False,{'recurring_datetime': 'тугыз минут саен'},"{'datetime': 'бу атнанын дата/вакыты', 'recurring_datetime': '9 минут', 'reference': 'барлык'}"
test_194,Delete the last two reminders on my list,reminder/cancel_reminder,reminder/cancel_reminder,True,0.9539,False,False,False,{'reference': 'соңгы ике'},"{'datetime': '', 'reference': 'last two reminders on your list'}"
test_195,how's the weather today,weather/find,weather/find,True,0.9256,False,False,False,{'datetime': 'бүген'},{'datetime': 'сегодня'}
test_196,turn on my alarm,alarm/set_alarm,alarm/set_alarm,True,0.9024,False,False,False,{'reference': 'минем'},{'datetime': 'мисал дата/вакыт'}
test_197,What is the humidity today?,weather/find,weather/find,True,0.8171,False,False,False,"{'datetime': 'Бүген', 'weather/attribute': 'һаваның дымлылыгы'}","{'location': 'текемесе', 'datetime': 'сез миңа'}"
test_198,remind me to set an alarm for ups,reminder/set_reminder,reminder/set_reminder,True,0.8745,False,False,False,{'reminder/todo': 'миңа торыр өчен будильникны куерга'},"{'datetime': 'ups', 'reminder/todo': 'аларны туктат'}"
test_199,Will it snow this weekend?,weather/find,weather/find,True,0.9386,False,False,False,"{'datetime': 'Бу ял көннәрендә', 'weather/attribute': 'кар'}","{'datetime': 'this weekend', 'location': 'your current location'}"
test_200,How hot will it get today?,weather/find,weather/find,True,0.8906,False,False,False,"{'datetime': 'Бүген', 'weather/attribute': 'эссе'}","{'datetime': 'сегодня', 'weather/attribute': 'какая температура'}"
test_201,What time is my alarm set for,alarm/show_alarms,alarm/show_alarms,True,0.9369,False,False,False,{'reference': 'Минем'},{'datetime': 'бу атнабызда'}
test_202,What's the weather like today?,weather/find,weather/find,True,0.8516,False,False,False,{'datetime': 'Бүген'},"{'datetime': 'суроого чыгару үчүн', 'location': 'суроого чыгару үчүн'}"
test_203,Will it rain tomorrow?,weather/find,weather/find,True,0.7766,False,False,False,"{'datetime': 'Иртәгә', 'weather/attribute': 'яңгыр'}","{'datetime': 'таможуманын анык', 'location': 'таможуманын анык'}"
test_204,Cancel my alarm for 5:15am on Tuesday,alarm/cancel_alarm,alarm/cancel_alarm,True,0.9568,False,False,False,"{'datetime': 'Сишәмбе көнне иртәнге 5:15', 'reference': 'минем'}","{'datetime': '5:15 am', 'reference': 'Tuesday'}"
test_205,cancel reminder for tonight's game,reminder/cancel_reminder,reminder/cancel_reminder,True,0.9446,False,False,False,"{'datetime': 'бүгенге', 'reminder/todo': 'уен'}","{'datetime': ""tonight's game"", 'reference': 'cancel reminder'}"
test_206,set alarm for 3am,alarm/set_alarm,alarm/set_alarm,True,0.9529,False,False,False,{'datetime': 'көндезге 3-ке'},{'datetime': '3ам'}
test_207,cancel all alarms for saturday,alarm/cancel_alarm,alarm/cancel_alarm,True,0.8957,False,False,False,"{'datetime': 'шимбә көнне', 'reference': 'бөтен'}","{'reference': 'all alarms', 'datetime': 'субботаны'}"
test_208,i need a reminder to pick Lisa up,reminder/set_reminder,reminder/set_reminder,True,0.795,False,False,False,{'reminder/todo': 'Лизаны алу'},"{'datetime': 'бу атнабызда', 'reminder/todo': 'Lisa-нын алынганын көрүнгө'}"
test_209,What is the high today?,weather/find,weather/find,True,0.942,False,False,False,"{'datetime': 'Бүген', 'weather/attribute': 'югары'}",{'datetime': 'today'}
test_210,Is it going to be cloudy today in Grindstone?,weather/find,weather/find,True,0.9561,False,False,False,"{'datetime': 'Бүген', 'location': 'Гринстоунда', 'weather/attribute': 'болытлы'}","{'location': 'Grindstone', 'datetime': 'сегодня', 'weather/attribute': 'cloudy'}"
test_211,Remind me later,reminder/set_reminder,reminder/set_reminder,True,0.8576,False,False,False,{'datetime': 'Соңрак'},"{'datetime': 'Remind me later', 'reminder/todo': 'тикере алырга'}"
test_212,what is the weather in france today,weather/find,weather/find,True,0.9614,False,False,False,"{'datetime': 'бүген', 'location': 'франциядә'}","{'location': 'France', 'datetime': 'сегодня'}"
test_213,Will it be sunny for the party on Saturday?,weather/find,weather/find,True,0.942,False,False,False,"{'datetime': 'Шимбә', 'weather/attribute': 'кояшлы'}","{'datetime': 'Saturday', 'location': 'party'}"
test_214,Is it going to rain tomorrow?,weather/find,weather/find,True,0.8816,False,False,False,"{'datetime': 'Иртәгә', 'weather/attribute': 'яңгыр'}","{'datetime': 'турунда', 'weather/attribute': 'рaining'}"
test_215,Can I wear shorts today?,weather/find,weather/find,True,0.8953,False,False,False,"{'datetime': 'бүген', 'weather/attribute': 'шортыны'}","{'datetime': 'сара', 'location': 'сара'}"
test_216,Show my reminder,reminder/show_reminders,reminder/show_reminders,True,0.9821,False,False,False,{'reference': 'Минем'},"{'datetime': '', 'reference': ''}"
test_217,what is the average forecast for september,weather/find,weather/find,True,0.8881,False,False,False,{'datetime': 'Сентябрьдә'},"{'datetime': 'сентябрда', 'weather/attribute': 'forecast'}"
test_218,Is it cold today?,weather/find,weather/find,True,0.8718,False,False,False,"{'datetime': 'Бүген', 'weather/attribute': 'салкынмы'}","{'datetime': 'сара', 'location': 'сара'}"
test_219,Cancel all reminders,reminder/cancel_reminder,reminder/cancel_reminder,True,0.9751,False,False,False,{'reference': 'Бөтен'},"{'datetime': '', 'reference': 'барлык'}"
test_220,is it hot?,weather/find,weather/find,True,0.9061,False,False,False,{'weather/attribute': 'эссеме'},"{'datetime': 'бу атнабызда', 'location': 'isu', 'weather/attribute': 'hot'}"
test_221,Make alarm for weekends at 2pm,alarm/set_alarm,alarm/set_alarm,True,0.9183,False,False,False,{'recurring_datetime': 'Ял көннәрендә көндезге 2'},"{'datetime': '2pm', 'reference': 'Make alarm for weekends'}"
test_222,Set alarm for 2 am,alarm/set_alarm,alarm/set_alarm,True,0.9768,False,False,False,{'datetime': 'иртәнге 2'},{'datetime': '2 ам'}
test_223,What is the humidity today?,weather/find,weather/find,True,0.8171,False,False,False,"{'datetime': 'Бүген', 'weather/attribute': 'һаваның дымлылыгы'}","{'location': 'текемесе', 'datetime': 'сез миңа'}"
test_224,show all my alarms,alarm/show_alarms,alarm/show_alarms,True,0.9755,False,False,False,{'reference': 'минем бөтен'},{'datetime': ''}
test_225,Show me all my reminders,reminder/show_reminders,reminder/show_reminders,True,0.9957,False,False,False,{'reference': 'Минем бөтен'},"{'datetime': '', 'reference': ''}"
test_226,cancel all alarms,alarm/cancel_alarm,alarm/cancel_alarm,True,0.9639,False,False,False,{'reference': 'бөтен'},{'reference': 'cancel all alarms'}
test_227,Is there a storm headed for my area?,weather/find,weather/find,True,0.9662,False,False,False,"{'weather/attribute': 'Давыл', 'location': 'минем районыма'}","{'location': 'my area', 'datetime': 'now'}"
test_228,what's the weather today,weather/find,weather/find,True,0.7135,False,False,False,{'datetime': 'бүген'},{'datetime': 'суроого чыгару үчүн түшүнүк күнөн'}
test_229,delete last reminder,reminder/cancel_reminder,reminder/cancel_reminder,True,0.9612,False,False,False,{'reference': 'соңгы'},"{'datetime': '', 'reference': 'last'}"
test_230,What time is left on the alarm.,alarm/time_left_on_alarm,alarm/time_left_on_alarm,True,0.9463,False,True,False,{},{'reference': 'плейлистымга'}
test_231,Cancel all my alarms for Sunday.,alarm/cancel_alarm,alarm/cancel_alarm,True,0.9661,False,False,False,"{'datetime': 'Якшәмбе көнне', 'reference': 'минем бөтен'}","{'reference': 'all my alarms', 'datetime': 'Sunday'}"
test_232,How hot will it get today?,weather/find,weather/find,True,0.8906,False,False,False,"{'datetime': 'Бүген', 'weather/attribute': 'эссе'}","{'datetime': 'сегодня', 'weather/attribute': 'какая температура'}"
test_233,I'd like you to create a new alarm for 8:45 tomorrow morning,alarm/set_alarm,alarm/set_alarm,True,0.9566,False,False,False,{'datetime': 'иртәгә иртәнге 8:45'},"{'datetime': '8:45', 'recurring_datetime': 'tomorrow morning'}"
test_234,cancel all alarms,alarm/cancel_alarm,alarm/cancel_alarm,True,0.9639,False,False,False,{'reference': 'бөтен'},{'reference': 'cancel all alarms'}
test_235,Is it going to snow today?,weather/find,weather/find,True,0.9192,False,False,False,"{'datetime': 'Бүген', 'weather/attribute': 'кар'}","{'datetime': 'сегодня', 'weather/attribute': 'snow'}"
test_236,remind me to buy ice,reminder/set_reminder,reminder/set_reminder,True,0.9343,False,False,False,{'reminder/todo': 'бозны алырга'},"{'datetime': 'бу атнабызда', 'reminder/todo': 'buy ice'}"
test_237,show all reminders,reminder/show_reminders,reminder/show_reminders,True,0.9942,False,False,False,{'reference': 'бөтен'},"{'datetime': '', 'reference': ''}"
test_238,show all alarms,alarm/show_alarms,alarm/show_alarms,True,0.9738,False,False,False,{'reference': 'бөтен'},{}
test_239,What's the weather in San Francisco?,weather/find,weather/find,True,0.9569,False,False,False,{'location': 'Сан - Францискода'},"{'location': 'San Francisco', 'datetime': 'бу атнабызда'}"
test_240,Cancel all reminders,reminder/cancel_reminder,reminder/cancel_reminder,True,0.9751,False,False,False,{'reference': 'Бөтен'},"{'datetime': '', 'reference': 'барлык'}"
test_241,Cancel reminder for concert,reminder/cancel_reminder,reminder/cancel_reminder,True,0.9108,False,False,False,{'reminder/todo': 'Концерт'},"{'datetime': 'concert', 'reference': 'Cancel reminder'}"
test_242,Cancel the alarm for tomorrow morning,alarm/cancel_alarm,alarm/cancel_alarm,True,0.9008,False,False,False,{'datetime': 'Иртәгә иртәнге'},{'datetime': 'төмөр дүшәмбесеннән'}
test_243,will it rain this week,weather/find,weather/find,True,0.9379,False,False,False,"{'datetime': 'бу атнада', 'weather/attribute': 'яңгыр'}","{'datetime': 'this week', 'location': 'will it rain'}"
test_244,What is the weather like on Wednesday for golfing?,weather/find,weather/find,True,0.9463,False,False,False,{'datetime': 'чәршәмбе көнне'},"{'datetime': 'Wednesday', 'weather/attribute': 'weather for golfing'}"
test_245,show all alarms,alarm/show_alarms,alarm/show_alarms,True,0.9738,False,False,False,{'reference': 'бөтен'},{}
test_246,turn off all alarms for tomorrow,alarm/cancel_alarm,alarm/cancel_alarm,True,0.9332,False,False,False,"{'reference': 'бөтен', 'datetime': 'иртәгә'}","{'reference': 'all', 'datetime': 'tomorrow'}"
test_247,Set alarm for 5pm tonight,alarm/set_alarm,alarm/set_alarm,True,0.9355,False,False,False,{'datetime': 'бүген кичке 5'},{'datetime': '5pm tonight'}
test_248,set alarm for 7 tomorrow,alarm/set_alarm,alarm/set_alarm,True,0.9082,False,False,False,{'datetime': 'иртәге 7-гә'},"{'datetime': 'tomorrow', 'recurring_datetime': '7', 'reference': 'set alarm'}"
test_249,Will it be sunny tomorrow?,weather/find,none,False,0.7344,True,False,False,"{'datetime': 'Иртәгә', 'weather/attribute': 'кояшлы'}",{}
test_250,how hot will it be today,weather/find,weather/find,True,0.8613,False,False,False,"{'datetime': 'бүген', 'weather/attribute': 'эссе'}","{'datetime': 'сегизмени', 'location': 'сегизмени'}"
test_251,Give zero stars to Halo: Ghosts of Onyx,RateBook,RateBook,True,0.9725,False,False,False,"{'rating_value': 'ноль', 'rating_unit': 'йолдызлар', 'object_name': 'Halo: Ghosts of Onyx'}","{'object_name': 'Halo: Ghosts of Onyx', 'best_rating': '0', 'object_type': 'китап'}"
test_252,Play music by Joy Nilo .,PlayMusic,PlayMusic,True,0.9567,False,False,False,{'artist': 'Джой Нило'},"{'artist': 'Joy Nilo', 'music_item': 'music by Joy Nilo'}"
test_253,Please find me the video game titled 20 Hours in America .,SearchCreativeWork,SearchCreativeWork,True,0.984,False,False,False,"{'object_name': '20 Hours in America', 'object_type': 'видеоуен'}","{'object_name': '20 Hours in America', 'object_type': 'video game'}"
test_254,Play my inventive playlist,PlayMusic,PlayMusic,True,0.9537,False,False,False,{'playlist': 'ясаган'},{'playlist': 'my inventive playlist'}
test_255,Book spot for 9 at Thurmont,BookRestaurant,BookRestaurant,True,0.958,False,False,False,"{'location': 'Термонтта', 'party_size_number': '9 кешегә'}","{'datetime': '9', 'location': 'Thurmont'}"
test_256,Add this tune to dorthy's 80's party playlist,AddToPlaylist,AddToPlaylist,True,0.9513,False,False,False,"{'music_item': 'көйне', 'reference': 'Доротиның', 'playlist': ""80's party""}","{'artist': 'tune', 'entity_name': ""dorthy's 80's party"", 'playlist': ""80's party playlist""}"
test_257,Play the newest melody on Last Fm by Eddie Vinson .,PlayMusic,PlayMusic,True,0.943,False,False,False,"{'service': 'Last FM-да', 'artist': 'Эдди Винсонның', 'sort': 'иң яңа', 'music_item': 'көйен'}","{'music_item': 'новейший трек', 'artist': 'Eddie Vinson', 'service': 'Last Fm'}"
test_258,Check the forecast for Nebraska .,weather/find,weather/find,True,0.9963,False,False,False,{'location': 'Небрасканың'},{'location': 'Nebraska'}
test_259,Is there a storm now in NC ?,weather/find,weather/find,True,0.9713,False,False,True,"{'location': 'NC-да', 'datetime': 'хәзер', 'condition_description': 'буран'}","{'location': 'NC', 'datetime': 'now', 'weather/attribute': 'storm'}"
test_260,I want to listen to an ep from 1998 .,PlayMusic,PlayMusic,True,0.929,False,False,False,"{'datetime': '1998', 'music_item': 'минионны'}","{'music_item': 'ep', 'datetime': '1998'}"
test_261,I need times for A Yiddish World Remembered at Dipson Theatres,SearchScreeningEvent,SearchScreeningEvent,True,0.984,False,False,False,"{'location': 'Дипсон театрларында', 'movie_name': 'A Yiddish World Remembered', 'object_type': 'вакыт'}","{'movie_name': 'A Yiddish World Remembered', 'location': 'Dipson Theatres'}"
test_262,Give 1 out of 6 rating to the current textbook,RateBook,RateBook,True,0.9376,False,False,False,"{'object_select': 'Хәзерге', 'object_type': 'дәреслеккә', 'best_rating': '6-дан', 'rating_value': '1'}","{'object_name': 'текстbookны', 'object_type': 'китап', 'best_rating': '1', 'rating_unit': 'шкаладагы иң югары бәя', 'rating_value': 'текстbook'}"
test_263,Add the Matt Murphy tune to the Flow Español playlist.,AddToPlaylist,AddToPlaylist,True,0.9754,False,False,False,"{'artist': 'Мэтт Мерфиның', 'music_item': 'көйен', 'playlist': 'Flow Español'}","{'artist': 'Matt Murphy', 'music_item': 'tune', 'playlist': 'Flow Español', 'reference': ''}"
test_264,I want to book a sundanese gastropub nearby in Texas for 3 people on 5/20/2025 .,BookRestaurant,BookRestaurant,True,0.9789,False,False,True,"{'party_size_number': '3', 'datetime': '20/05/2025', 'location': 'Техас | янындагы', 'cuisine': 'судан', 'restaurant_type': 'гастропабын'}","{'datetime': '5/20/2025', 'party_size_number': '3', 'location': 'Texas', 'restaurant_type': 'sundanese gastropub'}"
test_265,Could you find the TV series The Approach,SearchCreativeWork,SearchCreativeWork,True,0.9931,False,False,False,"{'object_name': 'The Approach', 'object_type': 'телесериал'}","{'object_name': 'The Approach', 'object_type': 'TV series'}"
test_266,Give this chronicle a 2 rating.,RateBook,RateBook,True,0.9628,False,False,True,"{'object_select': 'Бу', 'object_part_of_series_type': 'хроникага', 'rating_value': '2'}","{'object_name': 'Give this chronicle', 'object_type': 'chronicle', 'best_rating': '2'}"
test_267,Give The American Scene 2 of 6 stars,RateBook,RateBook,True,0.9301,False,False,False,"{'object_name': 'The American Scene-ка', 'best_rating': '6-дан', 'rating_value': '2', 'rating_unit': 'йолдыз'}","{'object_name': 'Give The American Scene', 'best_rating': '2', 'object_type': 'китап', 'rating_unit': 'звезд', 'rating_value': 'of 6 stars'}"
test_268,Add emilie autumn to my Nação Reggae playlist.,AddToPlaylist,AddToPlaylist,True,0.9272,False,False,False,"{'reference': 'Минем', 'playlist': 'Nação Reggae', 'artist': 'emilie autumn'}","{'artist': 'Add emilie autumn', 'entity_name': 'Nação Reggae', 'playlist': 'my'}"
test_269,I want to book a jewish restaurant in Gambia .,BookRestaurant,BookRestaurant,True,0.9568,False,False,True,"{'location': 'Гамбиядәге', 'cuisine': 'яһүд', 'restaurant_type': 'ресторанын'}","{'datetime': '', 'party_size_number': '', 'sort': '', 'restaurant_type': 'jewish restaurant', 'cuisine': '', 'location': 'Gambia', 'restaurant_name': ''}"
test_270,book a table at a Fried chicken restaurant,BookRestaurant,BookRestaurant,True,0.9686,False,False,True,{'restaurant_name': 'Fried chicken restaurant'},{'restaurant_name': 'Fried chicken restaurant'}
test_271,add we have a theme song to my House Afterwork playlist,AddToPlaylist,AddToPlaylist,True,0.9164,False,False,False,"{'reference': 'минем', 'playlist': 'House Afterwork', 'entity_name': 'we have a theme song'}","{'artist': '', 'entity_name': 'we have a theme song to my House Afterwork playlist', 'playlist': 'my House Afterwork'}"
test_272,"What will the weather be not far from here on October the nineteenth, 2026 ?",weather/find,weather/find,True,0.9853,False,False,False,"{'datetime': '2026 елның унтугызынчы октябрендә', 'location': 'моннан | ерак түгел'}","{'datetime': 'October the nineteenth, 2026', 'location': 'not far from here'}"
test_273,Weather in Walden Russia on 12/26/2018,weather/find,weather/find,True,0.9947,False,False,False,"{'location': 'Уолденда | Россия', 'datetime': '26/12/2018'}","{'location': 'Walden Russia', 'datetime': '12/26/2018'}"
test_274,I want to book a restaurant for my father in law and I in Buckner a year from now .,BookRestaurant,BookRestaurant,True,0.8522,False,False,True,"{'party_size_description': 'каенана һәм миңа', 'datetime': 'бер елдан соң', 'location': 'Buckner', 'restaurant_type': 'ресторанны'}","{'datetime': 'годдан өткөрүшөн', 'party_size_number': '2', 'location': 'Buckner', 'party_size_description': 'my father in law and I'}"
test_275,Rate this book a 1,RateBook,RateBook,True,0.9685,False,False,False,"{'object_select': 'Бу', 'object_type': 'китапка', 'rating_value': '1'}","{'object_name': 'this book', 'rating_value': '1'}"
test_276,add this artist to my spotlight on country 2016 playlist,AddToPlaylist,AddToPlaylist,True,0.9687,False,False,False,"{'music_item': 'башкаручыны', 'reference': 'минем', 'playlist': 'spotlight on country 2016'}","{'artist': 'add this artist', 'entity_name': 'my spotlight on country 2016 playlist'}"
test_277,Could you locate the Epic Conditions picture ?,SearchCreativeWork,weather/find,False,0.901,False,False,False,"{'object_name': 'Epic Conditions', 'object_type': 'рәсемен'}","{'object_name': 'Epic Conditions', 'datetime': 'бу атнабызда'}"
test_278,Play rich sex on Iheart,PlayMusic,none,False,0.0,True,False,True,"{'service': 'Iheart-та', 'track': 'rich sex'}",{}
test_279,Is Bartok the Magnificent playing at seven AM ?,SearchScreeningEvent,SearchCreativeWork,False,0.9763,False,False,False,"{'movie_name': 'Bartok the Magnificent', 'datetime': 'иртәнге җидедә'}","{'datetime': 'seven AM', 'object_name': 'Is Bartok the Magnificent', 'object_type': 'playing'}"
test_280,Play something on Zvooq,PlayMusic,PlayMusic,True,0.9889,False,False,False,{'service': 'Zvooq-да'},{'service': 'Zvooq'}
test_281,Let me hear Chris Knight music,PlayMusic,PlayMusic,True,0.9339,False,False,False,{'artist': 'Крис Найт'},"{'artist': 'Chris Knight', 'music_item': 'музыка'}"
test_282,play Jill Sobule album,PlayMusic,PlayMusic,True,0.9644,False,False,True,"{'album': 'Джилл Собул', 'music_item': 'альбомын'}",{'music_item': 'Jill Sobule album'}
test_283,Give four stars to The Broken Window,RateBook,RateBook,True,0.9578,False,False,False,"{'object_name': 'The Broken Window', 'rating_value': 'дүрт', 'rating_unit': 'йолдыз'}","{'object_name': 'The Broken Window', 'best_rating': 'four stars'}"
test_284,Tell me the forecast for 6 am in Tatra-Nationalpark,weather/find,weather/find,True,0.9618,False,False,False,"{'location': 'Tatra-милли паркында', 'datetime': 'иртәнге 6да'}","{'datetime': '6 ам', 'location': 'Tatra-Nationalpark'}"
test_285,Please book me a table at a bistro which serves lorna doone .,BookRestaurant,BookRestaurant,True,0.9215,False,False,True,"{'restaurant_type': 'бистродагы', 'served_dish': 'lorna doone'}","{'datetime': '', 'party_size_number': '', 'restaurant_name': 'bistro', 'cuisine': 'lorna doone'}"
test_286,Rate The Mystery of the Tolling Bell series 4 stars .,RateBook,RateBook,True,0.938,False,False,True,"{'object_name': 'The Mystery of the Tolling Bell', 'object_part_of_series_type': 'сериалны', 'rating_value': '4', 'rating_unit': 'йолдызга'}","{'object_name': 'The Mystery of the Tolling Bell series', 'object_type': 'китап төре', 'best_rating': '4', 'object_select': 'конкрет объектка күрсәтү', 'object_part_of_series_type': 'том'}"
test_287,Use Groove Shark to play music,PlayMusic,PlayMusic,True,0.9671,False,False,False,{'service': 'Groove Shark'},{'service': 'Groove Shark'}
test_288,Check the timings for Snowbound at the closest movie theatre .,SearchScreeningEvent,SearchScreeningEvent,True,0.9632,False,False,True,"{'location': 'Якындагы', 'object_location_type': 'кинотеатрда', 'movie_name': 'Snowbound'}","{'movie_name': 'Snowbound', 'location': 'the closest movie theatre'}"
test_289,Please open Zvooq,PlayMusic,alarm/show_alarms,False,0.941,False,False,False,{'service': 'Zvooq'},{'reference': 'Zvooq'}
test_290,book spot for 1 at Town of Ramsgate in Merit,BookRestaurant,BookRestaurant,True,0.9392,False,False,True,"{'party_size_number': '1', 'location': 'Меритта', 'restaurant_name': 'Town of Ramsgate'}","{'datetime': 'бу атнабызда', 'party_size_number': '1', 'location': 'Town of Ramsgate', 'sort': 'Merit'}"
test_291,Will I Think I Do be playing at 7 PM ?,SearchScreeningEvent,PlayMusic,False,0.9406,False,False,False,"{'movie_name': 'I Think I Do', 'datetime': 'кичке 7-дә'}","{'artist': 'Will', 'datetime': '7 PM'}"
test_292,will Custer National Forest be chillier at seven Pm,weather/find,weather/find,True,0.9799,False,False,True,"{'location': 'Custer National Forest', 'datetime': 'кичке җидедә', 'condition_temperature': 'салкынрак'}","{'location': 'will Custer National Forest', 'datetime': 'seven Pm'}"
test_293,I want to listen to something on Youtube,PlayMusic,play_music,False,0.9022,False,False,False,{'service': 'Youtube-та'},"{'music_item': 'something on YouTube', 'service': 'YouTube'}"
test_294,Search for the game Difficult Loves,SearchCreativeWork,SearchCreativeWork,True,0.9836,False,False,False,"{'object_name': 'Difficult Loves', 'object_type': 'уенын'}",{'object_name': 'Difficult Loves'}
test_295,What's the weather forecast for Bothe-Napa Valley State Park close by february 20 ?,weather/find,weather/find,True,0.9945,False,False,False,"{'datetime': '20 февральгә', 'location': 'Bothe-Napa Valley дәүләт паркында'}","{'location': 'Bothe-Napa Valley State Park', 'datetime': 'february 20'}"
test_296,show me the schedule of movie The Great Gildersleeve near movie house,SearchScreeningEvent,SearchScreeningEvent,True,0.9484,False,False,True,"{'object_location_type': 'кинотеатр', 'movie_name': 'The Great Gildersleeve', 'object_type': 'расписаниесен'}","{'movie_name': 'The Great Gildersleeve', 'object_location_type': 'movie house'}"
test_297,Tell me the weather forecast for Gibsland,weather/find,weather/find,True,0.9447,False,False,False,{'location': 'Гибслендта'},"{'location': 'Gibsland', 'datetime': 'бу атнабызда'}"
test_298,Can I get the times for movies in the neighbourhood,SearchScreeningEvent,SearchScreeningEvent,True,0.9352,False,False,False,"{'location': 'күршедәге', 'movie_type': 'кино', 'object_type': 'графигын'}",{'location': 'neighbourhood'}
test_299,Rate Soul Music a 0 .,RateBook,RateBook,True,0.979,False,False,False,"{'object_name': 'Soul Music-ка', 'rating_value': '0'}","{'object_name': 'Soul Music', 'rating_value': '0'}"
test_300,Book a reservation for five people for a tatar taverna in Sargents,BookRestaurant,BookRestaurant,True,0.9233,False,False,True,"{'location': 'Сарджентстада', 'cuisine': 'татар', 'restaurant_type': 'тавернасында', 'party_size_number': 'биш'}","{'datetime': '', 'party_size_number': 'five', 'facility': '', 'cuisine': 'tatar', 'location': 'Sargents', 'party_size_description': ''}"
test_301,Play All Things Must Pass .,PlayMusic,PlayMusic,True,0.9288,False,False,True,{'track': 'All Things Must Pass'},"{'music_item': 'All Things Must Pass', 'service': 'PlayAll'}"
test_302,What is the rain forecast for one hour from now in South Korea,weather/find,weather/find,True,0.9853,False,False,True,"{'location': 'Кореяда', 'datetime': 'бер сәгатьтән соң', 'condition_description': 'яңгыр'}","{'location': 'South Korea', 'datetime': 'one hour from now'}"
test_303,Book a spot for 4 in Oklahoma at South Street Diner,BookRestaurant,BookRestaurant,True,0.9133,False,False,True,"{'location': 'Оклахомада', 'restaurant_name': 'South Street Diner-да', 'party_size_number': '4'}","{'datetime': 'бу атнабызда', 'party_size_number': '4', 'location': 'Oklahoma', 'restaurant_type': 'ресторан', 'cuisine': 'без указания', 'restaurant_name': 'South Street Diner'}"
test_304,Play music off Netflix .,PlayMusic,PlayMusic,True,0.9896,False,False,False,{'service': 'Netflix-тан'},{'service': 'Netflix'}
test_305,I want to see Shattered Image .,SearchScreeningEvent,SearchCreativeWork,False,0.9795,False,False,False,{'movie_name': 'Shattered Image-не'},"{'object_name': 'Shattered Image', 'object_type': 'фильм'}"
test_306,Search for The Sound of One Hand Clapping,SearchCreativeWork,SearchCreativeWork,True,0.9974,False,False,False,{'object_name': 'The Sound of One Hand Clapping-ны'},{'object_name': 'The Sound of One Hand Clapping'}
test_307,Look for the album Wolves Within,SearchCreativeWork,SearchCreativeWork,True,0.9859,False,False,False,"{'object_name': 'Wolves Within', 'object_type': 'альбомын'}","{'object_name': 'Wolves Within', 'object_type': 'альбом'}"
test_308,is We Are Northern Lights playing in any movie theatre,SearchScreeningEvent,SearchScreeningEvent,True,0.9525,False,False,True,"{'object_location_type': 'кинотеатрда', 'movie_name': 'We Are Northern Lights'}","{'movie_name': 'We Are Northern Lights', 'object_type': 'расписаниесен'}"
test_309,Add our little corner of the world music from gilmore girls to my The Funny Thing About Football Is playlist.,AddToPlaylist,AddToPlaylist,True,0.9537,False,False,False,"{'entity_name': 'Безнең кечкенә дөнья почмагы , Гилмор кыз музыкасы', 'reference': 'минем', 'playlist': 'Иң көлкесе әйберләр футболда'}","{'artist': 'Gilmore Girls', 'music_item': 'Add our little corner of the world', 'playlist': 'The Funny Thing About Football Is', 'reference': 'плейлистымга'}"
test_310,what is the forecast for hotter weather at Southford Falls State Park,weather/find,weather/find,True,0.9566,False,False,True,"{'location': 'Саутфорд Фолс дәүләт паркында', 'condition_temperature': 'эссе'}","{'location': 'Southford Falls State Park', 'weather/attribute': ' hotter weather'}"
test_311,Please book me a table at a pizzeria with a parking facility in Ghana .,BookRestaurant,BookRestaurant,True,0.9303,False,False,True,"{'location': 'Гана', 'facility': 'парковкасы', 'restaurant_type': 'пиццерия'}","{'datetime': '', 'party_size_number': '', 'facility': 'parking facility', 'cuisine': 'pizzeria', 'location': 'Ghana', 'restaurant_name': ''}"
test_312,I want to hear a seventies sound track .,PlayMusic,PlayMusic,True,0.8007,False,False,False,"{'datetime': 'җитмешенче', 'music_item': 'саундтрегын'}","{'sort': 'семидесяткы жанры', 'music_item': 'семидесяткы трек'}"
test_313,Weather in two hours in Uzbekistan,weather/find,weather/find,True,0.9699,False,False,False,"{'datetime': 'Ике сәгатьтән соң', 'location': 'Үзбәкстанда'}","{'location': 'Uzbekistan', 'datetime': 'two hours'}"
test_314,Please find me the Journal of the British Astronomical Association movie .,SearchCreativeWork,SearchCreativeWork,True,0.9945,False,False,False,"{'object_name': 'Journal of the British Astronomical Association', 'object_type': 'фильмын'}","{'object_name': 'Journal of the British Astronomical Association', 'object_type': 'фильм'}"
test_315,"Book a reservation for 8 people in Wardville , Kansas",BookRestaurant,BookRestaurant,True,0.9554,False,False,False,"{'location': 'Уордвилл-да | Канзас-та', 'party_size_number': '8'}","{'datetime': '', 'party_size_number': '8', 'location': 'Wardville, Kansas', 'cuisine': '', 'restaurant_type': '', 'restaurant_name': ''}"
test_316,What will the weather be faraway from here ?,weather/find,weather/find,True,0.9889,False,False,False,{'location': 'моннан | ерак'},{'location': 'faraway from here'}
test_317,Add Richard McNamara newest song to the Just Smile playlist,AddToPlaylist,AddToPlaylist,True,0.9322,False,False,False,"{'artist': 'Ричард Макнамараның', 'music_item': 'җырын', 'playlist': 'Just Smile'}","{'artist': 'Richard McNamara', 'entity_name': 'Add', 'music_item': 'новый трек', 'playlist': 'Just Smile'}"
test_318,how cold will it be here in 1 second,weather/find,weather/find,True,0.9245,False,False,True,"{'location': 'монда', 'datetime': '1 секундтан соң', 'condition_temperature': 'салкын'}","{'datetime': '1 секунду', 'weather/attribute': 'температура'}"
test_319,Looking for a painting with the title With You,SearchCreativeWork,SearchCreativeWork,True,0.9448,False,False,False,"{'object_name': 'With You', 'object_type': 'рәсем'}","{'object_name': 'With You', 'object_type': 'пainting'}"
test_320,Find the creative work Deadly Weapons,SearchCreativeWork,SearchCreativeWork,True,0.9969,False,False,False,{'object_name': 'Deadly Weapons'},{'object_name': 'Deadly Weapons'}
test_321,What will the weather be in nov. in Brookneal ?,weather/find,weather/find,True,0.9737,False,False,False,"{'datetime': 'Ноябрьдә', 'location': 'Брукнилда'}","{'location': 'Brookneal', 'datetime': 'nov.'}"
test_322,Book a reservation at tavern for noodle,BookRestaurant,BookRestaurant,True,0.9381,False,False,True,"{'served_dish': 'Токмач', 'restaurant_type': 'тавернада'}","{'datetime': '', 'party_size_number': '', 'sort': '', 'restaurant_type': 'tavern', 'cuisine': 'noodle', 'location': '', 'restaurant_name': ''}"
test_323,what is the forecast for Costa Rica,weather/find,weather/find,True,0.978,False,False,False,{'location': 'Коста - Рикада'},{'location': 'Costa Rica'}
test_324,Is The Two Gladiators playing,SearchScreeningEvent,SearchCreativeWork,False,0.9635,False,False,False,{'movie_name': 'The Two Gladiators'},"{'object_name': 'Is The Two Gladiators', 'object_type': 'creative work'}"
test_325,what movies at Star Theatres .,SearchScreeningEvent,SearchScreeningEvent,True,0.9588,False,False,False,"{'location': 'Star Theatres-да', 'movie_type': 'фильмнар'}","{'object_type': 'фильм төре', 'object_location_type': 'кинотеатрda', 'location': 'Star Theatres'}"
test_326,Can you please find me the Harry Hood saga ?,SearchCreativeWork,SearchCreativeWork,True,0.9629,False,False,False,"{'object_name': 'Harry Hood', 'object_type': 'сагасын'}","{'object_name': 'Harry Hood saga', 'object_type': ' creative work'}"
test_327,add this tune to my Sleepify playlist,AddToPlaylist,AddToPlaylist,True,0.9565,False,False,False,"{'music_item': 'көйне', 'reference': 'минем', 'playlist': 'Sleepify'}","{'artist': 'tune', 'music_item': 'tune', 'playlist': 'Sleepify', 'reference': 'плейлистымга'}"
test_328,Is Any Which Way You Can playing in 15 seconds,SearchScreeningEvent,PlayMusic,False,0.9487,False,False,False,"{'movie_name': 'Any Which Way You Can', 'datetime': '15 секундтан соң'}","{'music_item': 'Is Any Which Way You Can', 'sort': '15 секунд эчен'}"
test_329,Play music from E-type .,PlayMusic,PlayMusic,True,0.974,False,False,False,{'artist': 'E-type'},{'music_item': 'E-type'}
test_330,Give one start to the current book,RateBook,RateBook,True,0.8812,False,False,False,"{'object_select': 'Хәзерге', 'object_type': 'китапка', 'rating_value': 'бер'}","{'object_name': 'Current Book', 'datetime': 'start to the current book'}"
test_331,Play Another Passenger from Louis Nelson Delisle .,PlayMusic,PlayMusic,True,0.9941,False,False,True,"{'artist': 'Louis Nelson Delisle-ның', 'album': 'Another Passenger'}","{'music_item': 'Another Passenger', 'artist': 'Louis Nelson Delisle'}"
test_332,Where can I find the movie schedules,SearchScreeningEvent,SearchScreeningEvent,True,0.9476,False,False,False,{'object_type': 'кино графигын'},"{'datetime': '', 'location': '', 'movie_name': ''}"
test_333,what's the forecast for sep. 26 in Emerado Saint Pierre and Miquelon,weather/find,weather/find,True,0.9832,False,False,False,"{'location': 'Эмерадода | Сен - Пьер һәм Микелонда', 'datetime': '26 сентябрьгә'}","{'location': 'Emerado Saint Pierre and Miquelon', 'datetime': 'sep. 26'}"
test_334,Lets eat near Oakfield 17 seconds from now at Ted Peters Famous Smoked Fish,BookRestaurant,BookRestaurant,True,0.9448,False,False,True,"{'restaurant_name': 'Ted Peters Famous Smoked Fish-та', 'location': 'Окфилд | янында', 'datetime': '17 секундтансын'}","{'datetime': '17 seconds from now', 'location': 'Oakfield', 'facility': 'Ted Peters Famous Smoked Fish'}"
test_335,get me the trailer of Good Morning Sunshine,SearchCreativeWork,weather/find,False,0.9429,False,False,False,"{'object_name': 'Good Morning Sunshine', 'object_type': 'трейлерын'}","{'object_name': 'Good Morning Sunshine', 'object_type': 'трailer'}"
test_336,I want to book a brasserie for 3 people in Netherlands Antilles .,BookRestaurant,BookRestaurant,True,0.939,False,False,False,"{'location': 'Нидерланд Антиль утрауларында', 'party_size_number': '3', 'restaurant_type': 'сыра ресторанны'}","{'datetime': '', 'party_size_number': '3', 'restaurant_type': 'brasserie', 'location': 'Netherlands Antilles', 'cuisine': '', 'restaurant_name': ''}"
test_337,rate this current album 0 stars,RateBook,RateBook,True,0.9556,False,False,False,"{'object_select': 'бу хәзерге', 'object_type': 'альбомга', 'rating_value': '0', 'rating_unit': 'йолдыз'}","{'object_name': 'current album', 'best_rating': '0', 'rating_unit': 'шкаладагы иң югары бәя'}"
test_338,Like to book a seat in Monaco for the Yankee Doodle Coffee Shop,BookRestaurant,BookRestaurant,True,0.9215,False,False,True,"{'location': 'Монакода', 'restaurant_name': 'Yankee Doodle Coffee Ѕһор-та'}","{'datetime': 'like to', 'party_size_number': 'not specified', 'sort': 'not specified', 'restaurant_type': 'Yankee Doodle Coffee Shop', 'cuisine': 'not specified', 'location': 'Monaco', 'restaurant_name': 'Yankee Doodle Coffee Shop'}"
test_339,Add the artist to the political punks playlist.,AddToPlaylist,AddToPlaylist,True,0.9433,False,False,False,"{'playlist': 'Political punks', 'music_item': 'башкаручыны'}","{'artist': 'Add the artist', 'music_item': 'to the', 'playlist': 'political punks', 'reference': 'playlist'}"
test_340,Will it be colder four months from now in Suwanee AK,weather/find,weather/find,True,0.9767,False,False,True,"{'datetime': 'Дүрт айдан соң', 'location': 'Саванида | AK-ында', 'condition_temperature': 'салкынрак'}","{'location': 'Suwanee AK', 'datetime': 'four months from now', 'weather/attribute': 'colder'}"
test_341,add Muzika za decu to my Crash Course playlist,AddToPlaylist,AddToPlaylist,True,0.9661,False,False,False,"{'reference': 'минем', 'playlist': 'Crash Course', 'entity_name': 'Muzika za decu'}","{'artist': 'Muzika', 'music_item': 'za decu to', 'playlist': 'Crash Course', 'reference': 'плейлистымга'}"
test_342,Can you look up the Molecular Oncology saga ?,SearchCreativeWork,SearchCreativeWork,True,0.9707,False,False,False,"{'object_name': 'Molecular Oncology', 'object_type': 'сагасын'}",{'object_name': 'Molecular Oncology saga'}
test_343,I want to book a restaurant for six people in Wagstaff AK .,BookRestaurant,BookRestaurant,True,0.924,False,False,False,"{'party_size_number': 'алты', 'restaurant_type': 'ресторанны', 'location': 'Вагстаффта | AK-да'}","{'datetime': '', 'party_size_number': 'six', 'location': 'Wagstaff AK', 'cuisine': '', 'restaurant_type': '', 'restaurant_name': '', 'party_size_description': ''}"
test_344,Play some symphony music from David Lindley .,PlayMusic,PlayMusic,True,0.9802,False,False,False,"{'artist': 'Дэвид Линдлиның', 'music_item': 'симфоник'}","{'artist': 'David Lindley', 'music_item': 'symphony music'}"
test_345,"Please fine me the TV series , Now We Are Married .",SearchCreativeWork,SearchCreativeWork,True,0.985,False,False,False,"{'object_name': 'Now We Are Married', 'object_type': 'телесериалын'}","{'object_name': 'Now We Are Married', 'object_type': 'TV series'}"
test_346,I want to see Outcast .,SearchScreeningEvent,SearchCreativeWork,False,0.9799,False,False,False,{'movie_name': 'Outcast-ны'},"{'object_name': 'Outcast', 'object_type': 'фильм'}"
test_347,add the current track to my This Is Tchaikovsky playlist,AddToPlaylist,AddToPlaylist,True,0.9196,False,False,False,"{'reference': 'минем', 'playlist': 'This Is Tchaikovsky', 'music_item': 'трекны'}","{'artist': 'This Is Tchaikovsky', 'music_item': 'сейчас играющий трек', 'playlist': 'This Is Tchaikovsky'}"
test_348,Play This Is: Miles Davis on Lastfm .,PlayMusic,PlayMusic,True,0.9716,False,False,False,"{'service': 'Lastfm-да', 'playlist': 'This Is: Miles Davis-ны'}","{'music_item': 'This Is: Miles Davis', 'service': 'Last.fm'}"
test_349,book the best table in Tanzania for 5 people at a diner,BookRestaurant,BookRestaurant,True,0.9406,False,False,False,"{'location': 'Танзаниядә', 'restaurant_type': 'кабымханәдә', 'party_size_number': '5', 'sort': 'иң яхшы'}","{'datetime': '', 'party_size_number': '5', 'party_size_description': 'best table', 'restaurant_type': 'diner', 'location': 'Tanzania'}"
test_350,Let's hear good Mohammad Mamle on Vimeo .,PlayMusic,PlayMusic,True,0.9619,False,False,False,"{'service': 'Vimeo-да', 'sort': 'элекке', 'artist': 'Mohammad Mamle'}","{'music_item': ""Let's hear good Mohammad Mamle"", 'service': 'Vimeo'}"
test_351,Put Vandemataram Srinivas 's track onto HipHop Hot 50 .,AddToPlaylist,AddToPlaylist,True,0.951,False,False,False,"{'artist': 'Vandemataram Srinivas', 'music_item': 'трегын', 'playlist': 'HipHop Hot 50-гә'}","{'artist': 'Vandemataram Srinivas', 'music_item': 'put track', 'playlist': 'HipHop Hot 50', 'reference': 'плейлистымга'}"
test_352,Get me the Secret South song .,SearchCreativeWork,PlayMusic,False,0.9497,False,False,False,"{'object_name': 'Secret South', 'object_type': 'җырын'}","{'music_item': 'Secret South', 'artist': 'Get me the', 'object_type': 'музыкаль объект төре'}"
test_353,nineties songs on Zvooq,PlayMusic,PlayMusic,True,0.9661,False,False,False,"{'service': 'Zvooq-та', 'datetime': 'туксанынчы'}","{'music_item': 'nineties songs', 'service': 'Zvooq'}"
test_354,what is the forecast in Admire in TX starting at seventeen,weather/find,weather/find,True,0.9886,False,False,False,"{'datetime': 'кичке биштән', 'location': 'Техаста | Admire-да'}","{'location': 'Admire in TX', 'datetime': 'starting at seventeen'}"
test_355,Play something on Last Fm,PlayMusic,PlayMusic,True,0.9638,False,False,False,{'service': 'Last FM-да'},{'service': 'Last Fm'}
test_356,I want to see The Portrait of a Lady at the nearest cinema .,SearchScreeningEvent,SearchScreeningEvent,True,0.9643,False,False,True,"{'location': 'якындагы', 'object_location_type': 'кинотеатрда', 'movie_name': 'The Portrait of a Lady'}","{'movie_name': 'The Portrait of a Lady', 'sort': 'иң якын', 'object_location_type': 'кинотеатрda'}"
test_357,Please find me Phineas Redux .,SearchCreativeWork,SearchCreativeWork,True,0.9723,False,False,False,{'object_name': 'Phineas Redux'},{'object_name': 'Phineas Redux'}
test_358,Add the 40 cal tune to the laundry playlist.,AddToPlaylist,AddToPlaylist,True,0.9428,False,False,False,"{'playlist': 'Laundry', 'artist': '40 cal', 'music_item': 'көйен'}","{'artist': '', 'entity_name': '40 cal tune', 'playlist': 'laundry', 'reference': ''}"
test_359,Open itunes and play Ben Burnley Ready To Die,PlayMusic,PlayMusic,True,0.9776,False,False,True,"{'service': 'Itunes-ны', 'artist': 'Ben Burnley', 'album': 'Ready To Die-ны'}","{'artist': 'Ben Burnley', 'music_item': 'Ready To Die'}"
test_360,What will the weather be in Monument of Lihula on december the 5th ?,weather/find,weather/find,True,0.9819,False,False,False,"{'datetime': '5-енче декабрьдә', 'location': 'Лихул һәйкәле'}","{'location': ' Monument of Lihula', 'datetime': 'december the 5th'}"
test_361,Show the Sexy Dance 2 times at the closest movie house,SearchScreeningEvent,SearchScreeningEvent,True,0.8998,False,False,True,"{'location': 'Якындагы', 'object_location_type': 'кинотеатрда', 'movie_name': 'Sexy Dance 2', 'object_type': 'расписаниесен'}","{'datetime': 'Show the Sexy Dance', 'object_location_type': 'close movie house', 'object_type': 'times 2'}"
test_362,Looking for a song with the title of Live at the Kings Center,SearchCreativeWork,PlayMusic,False,0.973,False,False,False,"{'object_name': 'Live at the Kings Center', 'object_type': 'җырны'}",{'music_item': 'Live at the Kings Center'}
test_363,"What's the weather like in Tyonek , New Jersey",weather/find,weather/find,True,0.9563,False,False,False,{'location': 'Тайонкта | Нью - Джерсида'},"{'location': 'Tyonek, New Jersey', 'datetime': 'now'}"
test_364,I want to book Tupelo Honey Cafe in New Jersey for five people.,BookRestaurant,BookRestaurant,True,0.9384,False,False,True,"{'party_size_number': 'биш', 'restaurant_name': 'Tupelo Honey Cafe-да', 'location': 'Нью - Джерсида'}","{'datetime': '', 'party_size_number': 'five', 'restaurant_name': 'Tupelo Honey Cafe', 'location': 'New Jersey', 'cuisine': '', 'restaurant_type': '', 'party_size_description': ''}"
test_365,book spot for my nieces and I at a tea house,BookRestaurant,BookRestaurant,True,0.9084,False,False,True,"{'restaurant_type': 'чәй йорта', 'party_size_description': 'миӊа һәм минем cеңелләремә'}","{'datetime': '', 'party_size_number': '2', 'facility': '', 'location': 'tea house', 'party_size_description': 'my nieces and I', 'restaurant_name': '', 'restaurant_type': ''}"
test_366,Will it be hot in the Netherlands on February 16th ?,weather/find,weather/find,True,0.974,False,False,True,"{'datetime': '16 февральдә', 'location': 'Нидерландта', 'condition_temperature': 'эссе'}","{'location': 'Netherlands', 'datetime': 'February 16th'}"
test_367,I'd like to add jordan rudess onto the Divertido para niños playlist.,AddToPlaylist,AddToPlaylist,True,0.9831,False,False,False,"{'artist': 'jordan rudess-ны', 'playlist': 'Divertido para niños'}","{'artist': 'Jordan Rudess', 'music_item': 'артистны', 'playlist': 'Divertido para niños', 'reference': 'плейлистымга'}"
test_368,Rate In the Company of Cheerful Ladies a zero out of 6,RateBook,RateBook,True,0.9412,False,False,False,"{'object_name': 'In the Company of Cheerful Ladies-ка', 'best_rating': '6-дан', 'rating_value': 'нуль'}","{'object_name': 'In the Company of Cheerful Ladies', 'object_type': 'китап', 'best_rating': '0', 'rating_value': 'ноль', 'rating_unit': 'шкаладагы иң югары бәя'}"
test_369,Book me a reservation for the best bistro,BookRestaurant,BookRestaurant,True,0.9406,False,False,False,"{'sort': 'иң яхшы', 'restaurant_type': 'бистрода'}","{'datetime': '', 'party_size_number': '', 'sort': '', 'restaurant_type': 'best bistro', 'cuisine': '', 'location': '', 'restaurant_name': ''}"
test_370,rate the current textbook 1 out of 6,RateBook,RateBook,True,0.9373,False,False,False,"{'object_select': 'Хәзерге', 'object_type': 'дәреслеккә', 'best_rating': '6-дан', 'rating_value': '1'}","{'object_name': 'current textbook', 'object_type': 'китап', 'best_rating': '1', 'rating_value': '6'}"
test_371,what are the movie times,SearchScreeningEvent,SearchScreeningEvent,True,0.9072,False,False,False,{'object_type': 'кино вакытлары'},"{'datetime': '', 'location': '', 'movie_name': '', 'object_type': ''}"
test_372,What will the weather be in Ohio ?,weather/find,weather/find,True,0.9526,False,False,False,{'location': 'Огайода'},"{'location': 'Ohio', 'datetime': 'бу атнабызда'}"
test_373,Add this artist to Showstopper Being Mary Jane,AddToPlaylist,AddToPlaylist,True,0.9837,False,False,False,"{'music_item': 'артистны', 'playlist': 'Showstopper Being Mary Jane'}","{'artist': 'Add this artist', 'music_item': 'Showstopper Being Mary Jane'}"
test_374,Book a reservation for my babies and I,BookRestaurant,BookRestaurant,True,0.8647,False,False,True,{'party_size_description': 'Балаларыма һәм миңа'},"{'party_size_number': 'my babies', 'sort': '', 'restaurant_type': '', 'cuisine': '', 'location': '', 'datetime': '', 'party_size_description': 'I and my babies'}"
test_375,"What will the weather be in Sarygamyş Sanctuary on august 21, 2035 ?",weather/find,weather/find,True,0.9897,False,False,False,"{'datetime': '2035 елның 21 августында', 'location': 'Сарыкамыш тыюлыгыда'}","{'location': 'Sarygamyş Sanctuary', 'datetime': 'august 21, 2035'}"
test_376,Rate Ruth five out of 6 points .,RateBook,RateBook,True,0.9469,False,False,False,"{'object_name': 'Руфь китапка', 'best_rating': '6-дан', 'rating_value': 'биш', 'rating_unit': 'балл'}","{'object_name': 'Ruth', 'object_type': 'китап', 'best_rating': 'five', 'rating_value': '6', 'rating_unit': 'points'}"
test_377,Reminiscences of the Anti-Japanese Guerillas chronicle deserves zero points out of 6 for a rating.,RateBook,none,False,0.8724,True,False,True,"{'object_name': 'Reminiscences of the Anti-Japanese Guerillas', 'object_part_of_series_type': 'хроникасы', 'best_rating': '6-дан', 'rating_value': 'ноль', 'rating_unit': 'балл'}",{}
test_378,Show me Southern Theatres movie times,SearchScreeningEvent,SearchScreeningEvent,True,0.9388,False,False,False,"{'location': 'Көньяк Театрларындагы', 'object_type': 'кино графикларын'}","{'object_type': 'кинотеатр', 'datetime': 'show me'}"
test_379,Find the movie schedule close by,SearchScreeningEvent,SearchScreeningEvent,True,0.923,False,False,False,"{'location': 'Якындагы кинотеатрда', 'object_type': 'кино графикларын'}","{'datetime': '', 'location': '', 'object_location_type': 'close by', 'object_type': 'movie schedule'}"
test_380,Add this album to the Spanish Beat playlist,AddToPlaylist,AddToPlaylist,True,0.9558,False,False,False,"{'music_item': 'альбом', 'playlist': 'Испан ритмнар'}","{'artist': '', 'entity_name': 'Spanish Beat', 'music_item': 'альбом', 'playlist': 'Spanish Beat'}"
test_381,Book a reservation for 6 people for a creole tavern in Montenegro,BookRestaurant,BookRestaurant,True,0.9177,False,False,True,"{'party_size_number': '6', 'cuisine': 'креол', 'restaurant_type': 'тавернасында', 'location': 'Черногориядә'}","{'datetime': '', 'party_size_number': '6', 'facility': '', 'cuisine': 'creole', 'location': 'Montenegro', 'restaurant_name': '', 'restaurant_type': 'tavern'}"
test_382,Give the Catedral series four stars .,RateBook,RateBook,True,0.9491,False,False,True,"{'object_name': 'Cathedral', 'object_part_of_series_type': 'сериясенә', 'rating_value': 'дүрт', 'rating_unit': 'йолдыз'}","{'object_name': 'Catedral series', 'best_rating': 'four stars'}"
test_383,Add The Famous Flower of Serving-Men to my evening acoustic playlist.,AddToPlaylist,AddToPlaylist,True,0.9653,False,False,False,"{'entity_name': 'The Famous Flower of Serving-Men', 'reference': 'минем', 'playlist': 'кичке акустика'}","{'artist': '', 'entity_name': 'The Famous Flower of Serving-Men', 'music_item': '', 'playlist': 'evening acoustic', 'reference': ''}"
test_384,Show me the schedule for ArcLight Hollywood for only animated movies,SearchScreeningEvent,SearchScreeningEvent,True,0.9595,False,False,False,"{'location': 'ArcLight Hollywood кинотеатырында', 'movie_type': 'анимацион фильмнарга', 'object_type': 'расписаниесене'}","{'object_type': 'animated movies', 'object_location_type': 'ArcLight Hollywood'}"
test_385,Please search for the painting titled This Is the Night .,SearchCreativeWork,SearchCreativeWork,True,0.9484,False,False,False,"{'object_name': 'Йолдызлы төн', 'object_type': 'рәсемне'}","{'object_name': 'This Is the Night', 'object_type': 'фотографиянең'}"
test_386,What will the humidity be in the current spot at 15:19:29 ?,weather/find,weather/find,True,0.9718,False,False,True,"{'location': 'Бу урында', 'datetime': '15:19:29', 'condition_description': 'дымлылык'}","{'datetime': '15:19:29', 'location': 'current spot', 'weather/attribute': 'humidity'}"
test_387,i want to see JLA Adventures: Trapped In Time,SearchScreeningEvent,SearchCreativeWork,False,0.9893,False,False,False,{'movie_name': 'JLA Adventures: Trapped In Time-ны'},{'object_name': 'JLA Adventures: Trapped In Time'}
test_388,Add a derek watkins tune to This Is Johnny Cash,AddToPlaylist,AddToPlaylist,True,0.9753,False,False,False,"{'playlist': 'This Is Johnny Cash-ка', 'artist': 'дерек уоткинсныӊ', 'music_item': 'көйен'}","{'artist': 'Derek Watkins', 'music_item': 'tune', 'playlist': 'This Is Johnny Cash'}"
test_389,Find a creative work called Fire in the Hole,SearchCreativeWork,SearchCreativeWork,True,0.9986,False,False,False,{'object_name': 'Fire in the Hole'},{'object_name': 'Fire in the Hole'}
test_390,book a table near pat's college,BookRestaurant,BookRestaurant,True,0.9324,False,False,False,{'location': 'пэтныӊ колледж | янында'},"{'datetime': '', 'party_size_number': '', 'sort': '', 'restaurant_type': '', 'cuisine': '', 'location': ""near pat's college"", 'party_size_description': '', 'restaurant_name': '', 'object_type': ''}"
test_391,Is Patrick Still Lives showing at AMC Theaters,SearchScreeningEvent,SearchScreeningEvent,True,0.9693,False,False,False,"{'movie_name': 'Patrick Still Lives', 'location': 'AMC кинотеатрларында'}","{'movie_name': 'Is Patrick Still Lives', 'location': 'AMC Theaters'}"
test_392,I want to book a joint in a spa .,BookRestaurant,BookRestaurant,True,0.9298,False,False,True,"{'facility': 'спа', 'restaurant_type': 'массажын'}","{'datetime': '', 'party_size_number': 'joint', 'sort': '', 'restaurant_type': 'spa', 'cuisine': '', 'location': '', 'party_size_description': '', 'restaurant_name': '', 'object_type': ''}"
test_393,need a table somewhere in Quarryville 14 hours from now,BookRestaurant,alarm/set_alarm,False,0.9362,False,False,False,"{'datetime': '14 сәгатьтән соң', 'location': 'Кварривиллда'}","{'datetime': '14 hours from now', 'reference': 'need a table somewhere in Quarryville'}"
test_394,play some Gary Lee Conner,PlayMusic,PlayMusic,True,0.9645,False,False,False,{'artist': 'Гари Ли Коннерны'},{'music_item': 'Gary Lee Conner'}
test_395,show the closest movie theatre that shows Boycott,SearchScreeningEvent,SearchScreeningEvent,True,0.9652,False,False,True,"{'location': 'иң якын', 'object_location_type': 'кинотеатрны', 'movie_name': 'Boycott-ны'}","{'movie_name': 'Boycott', 'object_location_type': 'кинотеатрда'}"
test_396,Please play my ecstatic playlist.,PlayMusic,PlayMusic,True,0.8399,False,False,False,{'playlist': 'ecstatic'},"{'music_item': 'экстази топлу', 'playlist': 'мой'}"
test_397,Please look up the song The Mad Magician .,SearchCreativeWork,SearchCreativeWork,True,0.9513,False,False,False,"{'object_name': 'The Mad Magician', 'object_type': 'җырын'}","{'object_name': 'The Mad Magician', 'object_type': 'музыкаль объект төре'}"
test_398,Check the schedule for Bow Tie Cinemas .,SearchScreeningEvent,SearchScreeningEvent,True,0.9765,False,False,False,"{'location': 'Bow Tie Cinemas-ның', 'object_type': 'расписаниесен'}","{'object_type': 'расписаниесен', 'object_location_type': 'Bow Tie Cinemas'}"
test_399,Book me a reservation for a party of 3 at a pub in Northern Mariana Islands,BookRestaurant,BookRestaurant,True,0.9379,False,False,False,"{'location': 'Төньяк Мариан утрауларындагы', 'restaurant_type': 'пабта', 'party_size_number': '3'}","{'datetime': '', 'party_size_number': '3', 'facility': '', 'location': 'Northern Mariana Islands', 'cuisine': '', 'restaurant_type': '', 'restaurant_name': '', 'sort': ''}"
test_400,I need to add to my Infinite Indie Folk list the works of Rahim Shah,AddToPlaylist,AddToPlaylist,True,0.957,False,False,False,"{'playlist': 'Infinite Indie Folk', 'artist': 'Rahim Shah-ның'}","{'artist': 'Rahim Shah', 'entity_name': 'Infinite Indie Folk list', 'playlist': 'Infinite Indie Folk'}"
test_401,"Add Jerry Calliste, Jr to my Te quiero playlist.",AddToPlaylist,AddToPlaylist,True,0.951,False,False,False,"{'reference': 'Минем', 'playlist': 'Te quiero', 'artist': 'Кече Джерри Каллистны'}","{'artist': 'Jerry Calliste, Jr.', 'entity_name': 'Te quiero', 'playlist': 'my Te quiero playlist'}"
test_402,How much colder will it be not far from Utah around 3 Am ?,weather/find,weather/find,True,0.9646,False,False,True,"{'location': 'Юта | янында', 'datetime': 'төнге 3 сәгать', 'condition_temperature': 'салкынрак'}","{'location': 'not far from Utah', 'datetime': 'around 3 Am'}"
test_403,Add the album to the Hipster Soul playlist.,AddToPlaylist,AddToPlaylist,True,0.9225,False,False,False,"{'music_item': 'Альбомны', 'playlist': 'Hipster Soul'}","{'artist': 'Hipster Soul', 'music_item': 'альбом', 'playlist': 'Hipster Soul'}"
test_404,I want to eat a delicatessen in thirteen hours that serves eastern european food,BookRestaurant,BookRestaurant,True,0.8557,False,False,True,"{'datetime': 'унөч сәгатьтән соң', 'restaurant_type': 'деликатес ресторанында', 'cuisine': 'көнчыгыш европа'}","{'datetime': '13 оку', 'party_size_number': None, 'sort': None, 'restaurant_type': 'деликатессен', 'cuisine': 'eastern european', 'location': None, 'party_size_description': None}"
test_405,play a sixties soundtrack,PlayMusic,PlayMusic,True,0.9076,False,False,False,"{'datetime': 'алтмышынчы еллар', 'music_item': 'саундтрегын'}","{'music_item': 'sixties soundtrack', 'genre': '60s'}"
test_406,Give this album one stars,RateBook,RateBook,True,0.9018,False,False,False,"{'object_select': 'Бу', 'object_type': 'альбомга', 'rating_value': 'бер', 'rating_unit': 'йолдыз'}","{'object_name': 'эльбом', 'best_rating': 'one', 'object_type': 'китап'}"
test_407,Play the greatest music from Bryan Maclean .,PlayMusic,PlayMusic,True,0.958,False,False,False,"{'artist': 'Bryan Macleanның', 'sort': 'иң олуг'}",{'music_item': 'the greatest music from Bryan Maclean'}
test_408,what is the forecast in Nicodemus and nearby,weather/find,weather/find,True,0.7802,False,False,False,{'location': 'Nicodemus-та | аның тирәсендәге'},"{'location': 'Nicodemus и бу атнаның башка башка', 'datetime': 'биринчи атнаның дата/вакыты'}"
test_409,Looking for a game called Phinally Phamous,SearchCreativeWork,SearchCreativeWork,True,0.9842,False,False,False,"{'object_name': 'Phinally Phamous', 'object_type': 'уен'}","{'object_name': 'Phinally Phamous', 'object_type': 'game'}"
test_410,Give a rating of 2 to Juneteenth .,RateBook,RateBook,True,0.9913,False,False,False,"{'object_name': 'Juneteenth-га', 'rating_value': '2'}","{'object_name': 'Juneteenth', 'best_rating': '2'}"
test_411,Give zero stars to Rhialto the Marvellous,RateBook,RateBook,True,0.967,False,False,False,"{'object_name': 'Rhialto the Marvellous-га', 'rating_value': 'нуль', 'rating_unit': 'йолдыз'}","{'object_name': 'Rhialto the Marvellous', 'best_rating': '0', 'object_type': 'китап'}"
test_412,I want to hear soundtrack music on Youtube from Helena Iren Michaelsen,PlayMusic,PlayMusic,True,0.9091,False,False,False,"{'artist': 'Мин Хелена Ирен', 'service': 'Youtube-та', 'music_item': 'саундтрегын'}","{'music_item': 'soundtrack музыка', 'service': 'YouTube', 'object_type': 'музыка'}"
test_413,book a table on 1/20/2023 for 5 people in MH,BookRestaurant,BookRestaurant,True,0.993,False,False,False,"{'party_size_number': '5', 'datetime': '20/01/2023', 'location': 'MH-да'}","{'datetime': '1/20/2023', 'party_size_number': '5', 'location': 'MH'}"
test_414,movie schedules close by for animated movies,SearchScreeningEvent,SearchScreeningEvent,True,0.9198,False,False,False,"{'location': 'якындагы', 'movie_type': 'анимация фильмнары', 'object_type': 'сессияләре расписаниесе'}","{'object_type': 'фильм төре', 'object_name': 'animated movies', 'location': 'close by'}"
test_415,Add jack white to my playlist This Is Shakira,AddToPlaylist,AddToPlaylist,True,0.9605,False,False,False,"{'reference': 'Минем', 'playlist': 'This Is Shakira', 'artist': 'jack white-ны'}","{'artist': 'jack white', 'music_item': 'This Is Shakira', 'playlist': 'This Is Shakira'}"
test_416,I want to book a restaurant for five people in Sri Lanka .,BookRestaurant,BookRestaurant,True,0.9254,False,False,False,"{'location': 'Шри-Ланкада', 'party_size_number': 'биш', 'restaurant_type': 'ресторан'}","{'datetime': '', 'party_size_number': 'five', 'location': 'Sri Lanka', 'cuisine': '', 'restaurant_type': '', 'restaurant_name': '', 'party_size_description': ''}"
test_417,"Please search for the television show , Episodi di The Blacklist .",SearchCreativeWork,SearchCreativeWork,True,0.9663,False,False,False,"{'object_name': 'Episodi di The Blacklist', 'object_type': 'телевизион тапшыруын'}","{'object_name': 'Episodi di The Blacklist', 'object_type': 'фильмнар'}"
test_418,what is the forecast for colder temps beginning on Law Day here,weather/find,weather/find,True,0.938,False,False,True,"{'location': 'монда', 'datetime': 'Law Day-нән', 'condition_temperature': 'салкын'}","{'location': 'Law Day', 'datetime': 'colder temps beginning on', 'weather/attribute': 'temps', 'weather/temperatureUnit': 'Celsius'}"
test_419,I want to book a restaurant for ten people.,BookRestaurant,BookRestaurant,True,0.9357,False,False,False,"{'party_size_number': 'ун', 'restaurant_type': 'ресторанда'}","{'party_size_number': '10', 'party_size_description': 'ten people'}"
test_420,Play something by Duke Ellington from the seventies,PlayMusic,PlayMusic,True,0.8885,False,False,False,"{'datetime': 'Җитмешенче', 'artist': 'Дюк Эллингтоннан'}","{'artist': 'Duke Ellington', 'genre': 'семидесятых', 'music_item': 'альбом'}"
test_421,Rate Cotton Comes to Harlem a 2,RateBook,RateBook,True,0.9809,False,False,False,"{'object_name': 'Cotton Comes to Harlem-ны', 'rating_value': '2-гә'}","{'object_name': 'Cotton Comes to Harlem', 'rating_value': '2'}"
test_422,Add a song to my playlist madden nfl 16,AddToPlaylist,AddToPlaylist,True,0.9749,False,False,False,"{'reference': 'минем', 'playlist': 'madden nfl 16', 'music_item': 'плейлистымна'}","{'music_item': 'madden nfl 16', 'playlist': 'my playlist'}"
test_423,Add Toyan to my Epic Gaming playlist.,AddToPlaylist,AddToPlaylist,True,0.9362,False,False,False,"{'artist': 'Toyan-ны', 'reference': 'минем', 'playlist': 'Epic Gaming'}","{'artist': '', 'entity_name': 'Epic Gaming playlist'}"
test_424,play some new Les Vandyke on Slacker,PlayMusic,PlayMusic,True,0.984,False,False,False,"{'service': 'Slacker-да', 'sort': 'яңа', 'artist': 'Les Vandyke'}","{'music_item': 'new Les Vandyke', 'service': 'Slacker'}"
test_425,rate the Three Junes one out of 6,RateBook,RateBook,True,0.9525,False,False,False,"{'object_name': 'Three Junes-га', 'best_rating': '6-дан', 'rating_value': 'берге'}","{'object_name': 'Three Junes one', 'object_type': 'китап', 'best_rating': '1', 'rating_value': 'out of 6'}"
test_426,Book a reservation for nine people at a bakery in Nunez,BookRestaurant,BookRestaurant,True,0.9376,False,False,False,"{'location': 'Nunez', 'restaurant_type': 'пекарнясында', 'party_size_number': 'тугыз'}","{'datetime': '', 'party_size_number': '9', 'facility': '', 'location': 'Nunez', 'cuisine': '', 'restaurant_type': 'bakery', 'restaurant_name': ''}"
test_427,Rate this current novel two out of 6 .,RateBook,RateBook,True,0.9489,False,False,False,"{'object_select': 'Бу агымдагы', 'object_type': 'романны', 'best_rating': '6-дан', 'rating_value': 'икеге'}","{'object_name': 'current novel', 'object_type': 'китап', 'best_rating': '2', 'rating_value': 'out of 6'}"
test_428,Play The Happy Blues by Ronnie Wood .,PlayMusic,PlayMusic,True,0.9738,False,False,True,"{'artist': 'Ронни Вудның', 'album': 'The Happy Blues-ны'}","{'music_item': 'Play The Happy Blues', 'artist': 'Ronnie Wood'}"
test_429,Play a symphony from 2013 .,PlayMusic,PlayMusic,True,0.9509,False,False,False,"{'datetime': '2013 елгы', 'music_item': 'симфонияне'}","{'music_item': 'symphony', 'album': '2013'}"
test_430,Play Subconscious Lobotomy from Jennifer Paull .,PlayMusic,PlayMusic,True,0.9979,False,False,True,"{'artist': 'Jennifer Paull-ның', 'album': 'Subconscious Lobotomy-ны'}","{'music_item': 'Subconscious Lobotomy', 'artist': 'Jennifer Paull'}"
test_431,Give The Crystal Snare 5 stars,RateBook,RateBook,True,0.9729,False,False,False,"{'object_name': 'The Crystal Snare-га', 'rating_value': '5', 'rating_unit': 'йолдыз'}","{'object_name': 'Give The Crystal Snare', 'best_rating': '5', 'object_type': 'китап'}"
test_432,Give zero stars to this textbook,RateBook,rate_book,False,0.938,False,False,False,"{'object_select': 'Бу', 'object_type': 'дәреслеккә', 'rating_value': 'нуль', 'rating_unit': 'йолдыз'}","{'object_name': 'this textbook', 'best_rating': '0'}"
test_433,Rate the current series 4 points,RateBook,RateBook,True,0.9404,False,False,True,"{'object_select': 'Агымдагы', 'object_part_of_series_type': 'серияне', 'rating_value': '4', 'rating_unit': 'баллга'}","{'object_name': 'current series', 'object_type': 'серия өлеше төре', 'best_rating': '4', 'rating_unit': 'шкаладагы иң югары бәя'}"
test_434,I want a table at James D. Conrey House in Urbank California,BookRestaurant,BookRestaurant,True,0.9445,False,False,True,"{'location': 'Urbank | California-да', 'restaurant_name': 'James D. Conrey House-да'}","{'datetime': '', 'party_size_number': '', 'sort': '', 'restaurant_type': 'ресторан', 'cuisine': '', 'location': 'Urbank, California', 'restaurant_name': 'James D. Conrey House'}"
test_435,Is Babar: King of the Elephants playing,SearchScreeningEvent,SearchCreativeWork,False,0.9659,False,False,False,{'movie_name': 'Babar: King of the Elephants'},"{'object_name': 'Is Babar: King of the Elephants', 'object_type': 'фильм'}"
test_436,Add a song to this is racionais mc's,AddToPlaylist,AddToPlaylist,True,0.9213,False,False,False,"{'playlist': ""this is racionais mc's-га"", 'music_item': 'җырны'}","{'artist': ""racionais mc's"", 'music_item': 'song', 'playlist': 'this', 'reference': 'плейлистымга'}"
test_437,rate the current essay zero out of 6 stars,RateBook,none,False,0.0,True,False,False,"{'object_select': 'Хәзерге', 'object_type': 'эссега', 'best_rating': '6-дан', 'rating_value': 'нуль', 'rating_unit': 'йолдыз'}",{}
test_438,Let's hear stuff from Andrew Hewitt .,PlayMusic,weather/find,False,0.9043,False,False,False,{'artist': 'Эндрю Хьюиттан'},"{'object_name': ""Let's hear stuff"", 'object_type': 'stuff'}"
test_439,Find animated movies close by,SearchScreeningEvent,SearchCreativeWork,False,0.9268,False,False,False,"{'location': 'Якында', 'movie_type': 'анимация фильмнарын'}","{'object_type': 'фильмнар', 'object_location_type': 'close by'}"
test_440,give the current chronicle five of 6 points,RateBook,none,False,0.7305,True,False,True,"{'object_select': 'хәзерге', 'object_part_of_series_type': 'хроникага', 'best_rating': '6-дан', 'rating_value': 'биш', 'rating_unit': 'балл'}",{}
test_441,I need a table for 4 in Saint Helena at Settha Palace Hotel,BookRestaurant,BookRestaurant,True,0.9329,False,False,True,"{'restaurant_name': 'Settha Palace Hotel-да', 'location': 'Saint Helena-да', 'party_size_number': '4 кешелек'}","{'datetime': '', 'party_size_number': '4', 'restaurant_name': 'Settha Palace Hotel', 'location': 'Saint Helena', 'cuisine': '', 'restaurant_type': ''}"
test_442,What is the weather going to be like in Virginia on st. patrick's day ?,weather/find,weather/find,True,0.8394,False,False,False,"{'datetime': 'Изге Патрик көнендә', 'location': 'Вирджинияда'}","{'location': 'Virginia', 'datetime': 'ст. патricks дэгән'}"
test_443,I need a list of Speakeasy Theaters movie times,SearchScreeningEvent,SearchScreeningEvent,True,0.9497,False,False,False,"{'location': 'Speakeasy Theaters', 'object_type': 'киноның вакыт'}","{'movie_name': 'Speakeasy Theaters', 'datetime': ''}"
test_444,Look for the television show Meet the Prince,SearchCreativeWork,SearchCreativeWork,True,0.9664,False,False,False,"{'object_name': 'Meet the Prince', 'object_type': 'телевизион тапшыруын'}","{'object_name': 'Meet the Prince', 'object_type': 'телевизионный шоу'}"
test_445,Please get me the Compulsive Disclosure song .,SearchCreativeWork,PlayMusic,False,0.9598,False,False,False,"{'object_name': 'Compulsive Disclosure', 'object_type': 'җырын'}","{'music_item': 'Compulsive Disclosure', 'artist': ''}"
test_446,Play Trance Life on Zvooq .,PlayMusic,PlayMusic,True,0.9851,False,False,False,"{'service': 'Zvooq-та', 'playlist': 'Trance Life-ны'}","{'music_item': 'Trance Life', 'service': 'Zvooq'}"
test_447,"Please find me the work, Serious Awesomeness !.",SearchCreativeWork,SearchCreativeWork,True,0.945,False,False,False,{'object_name': 'Serious Awesomeness'},{'object_name': 'Serious Awesomeness !'}
test_448,i want to see I Dream of Jeanie in a movie theatre,SearchScreeningEvent,SearchScreeningEvent,True,0.9504,False,False,True,"{'object_location_type': 'кинотеатрда', 'movie_name': 'I Dream of Jeanie-ны'}","{'movie_name': 'I Dream of Jeanie', 'object_type': 'кинотеатрda'}"
test_449,Play Paul Mccartney,PlayMusic,PlayMusic,True,0.939,False,False,False,{'artist': 'Пол Маккартни'},"{'artist': 'Paul McCartney', 'music_item': 'альбом', 'service': 'Google Music'}"
test_450,Rate the current novel 3 stars,RateBook,RateBook,True,0.9636,False,False,False,"{'object_select': 'Хәзерге', 'object_type': 'романны', 'rating_value': '3', 'rating_unit': 'йолдызга'}","{'object_name': 'current novel', 'best_rating': '3', 'object_type': 'китап'}"
test_451,"Can you search the book , Paris - When It Sizzles ?",SearchCreativeWork,SearchCreativeWork,True,0.9736,False,False,False,"{'object_name': 'Paris - When It Sizzles', 'object_type': 'китабын'}","{'object_name': 'Paris - When It Sizzles', 'object_type': 'китап'}"
test_452,play some seventies Filipp Kirkorow,PlayMusic,PlayMusic,True,0.8814,False,False,False,"{'artist': 'Филипп Киркоровның', 'datetime': 'җитмешенче'}","{'artist': 'Filipp Kirkorow', 'genre': 'семидесятников'}"
test_453,I want to book a bougatsa restaurant in next year nearby Penn for three people.,BookRestaurant,BookRestaurant,True,0.9558,False,False,True,"{'datetime': 'Киләсе елда', 'location': 'Пенни | янындагы', 'cuisine': 'bougatsa', 'restaurant_type': 'ресторанын', 'party_size_number': 'өч'}","{'datetime': 'next year', 'party_size_number': 'three', 'location': 'Penn', 'restaurant_name': 'bougatsa restaurant'}"
test_454,Will it be rainy in Tenino ?,weather/find,weather/find,True,0.9202,False,False,True,"{'location': 'Тенинода', 'condition_description': 'яңгырлар'}","{'location': 'Tenino', 'datetime': 'бу атнабызда'}"
test_455,Please look up Three Essays on the Theory of Sexuality show .,SearchCreativeWork,SearchCreativeWork,True,0.942,False,False,False,"{'object_name': 'Three Essays on the Theory of Sexuality', 'object_type': 'шоусын'}","{'object_name': 'Three Essays on the Theory of Sexuality', 'object_type': 'фильм'}"
test_456,I want to eat in Ramona,BookRestaurant,BookRestaurant,True,0.9437,False,False,False,{'location': 'Рамонда'},"{'datetime': '', 'party_size_number': '', 'sort': '', 'restaurant_type': 'ресторан', 'cuisine': '', 'location': 'Ramona', 'party_size_description': ''}"
test_457,Add the boy george track to the Emo Forever playlist.,AddToPlaylist,AddToPlaylist,True,0.9512,False,False,False,"{'playlist': 'Emo Forever', 'artist': 'boy george', 'music_item': 'трегын'}","{'artist': 'Boy George', 'music_item': 'track', 'playlist': 'Emo Forever', 'reference': 'плейлистымга'}"
test_458,I want to book a steakhouse in Vimy Ridge .,BookRestaurant,BookRestaurant,True,0.892,False,False,False,"{'location': 'Vimy Ridge-да', 'restaurant_type': 'стейк-хаус'}","{'datetime': '', 'party_size_number': '', 'restaurant_name': ' steakhouse in Vimy Ridge ', 'restaurant_type': 'restaurant', 'cuisine': 'steakhouse'}"
test_459,Is Without Witness playing twenty two hours from now,SearchScreeningEvent,PlayMusic,False,0.9699,False,False,False,"{'movie_name': 'Without Witness', 'datetime': 'егерме ике сәгатьтән соң'}","{'artist': 'Is Without Witness', 'datetime': 'twenty two hours from now'}"
test_460,Book spot for 9,BookRestaurant,BookRestaurant,True,0.9298,False,False,False,{'party_size_number': '9'},"{'datetime': '9', 'party_size_number': '1'}"
test_461,add this track to my Hands Up playlist,AddToPlaylist,AddToPlaylist,True,0.9379,False,False,False,"{'music_item': 'трекны', 'reference': 'минем', 'playlist': 'Hands Up'}","{'artist': 'unnamed_artist', 'music_item': 'track', 'playlist': 'Hands Up', 'reference': 'плейлистымга'}"
test_462,Play something from 90s Pop Rock Essentials,PlayMusic,PlayMusic,True,0.9274,False,False,False,{'playlist': '90s Pop Rock Essentials-тан'},"{'music_item': '90s Pop Rock Essentials', 'genre': 'Pop Rock'}"
test_463,Can you find me the Blue Spring trailer ?,SearchCreativeWork,weather/find,False,0.9349,False,False,False,"{'object_name': 'Blue Spring', 'object_type': 'трейлерын'}","{'object_name': 'Blue Spring', 'object_type': 'трailer'}"
test_464,Give two stars out of 6 to 36 Children,RateBook,RateBook,True,0.9418,False,False,False,"{'object_name': '36 Children-га', 'best_rating': '6-дан', 'rating_value': 'ике', 'rating_unit': 'йолдыз'}","{'object_name': '36 Children', 'best_rating': '2', 'rating_value': 'stars', 'rating_unit': 'out of 6'}"
test_465,I want animated movies at MJR Theatres,SearchScreeningEvent,SearchCreativeWork,False,0.9629,False,False,False,"{'location': 'MJR театрында', 'movie_type': 'анимацион фильмнарны'}","{'object_type': 'animated movies', 'object_location_type': 'MJR Theatres'}"
test_466,Add the artist mike to the Sexy as Folk playlist.,AddToPlaylist,AddToPlaylist,True,0.9909,False,False,False,"{'playlist': 'Sexy as Folk', 'music_item': 'башкаручы', 'artist': 'mike-ны'}","{'artist': 'Mike', 'playlist': 'Sexy as Folk'}"
test_467,add Highway Patrolman in my playlist this is al green,AddToPlaylist,AddToPlaylist,True,0.9789,False,False,False,"{'reference': 'минем', 'playlist': 'this is al green', 'entity_name': 'Highway Patrolman'}","{'artist': 'Al Green', 'music_item': 'Highway Patrolman', 'playlist': 'my playlist'}"
test_468,Find me the novel with the name To Lose My Life …,SearchCreativeWork,SearchCreativeWork,True,0.9322,False,False,False,"{'object_name': 'To Lose My Life', 'object_type': 'романны'}","{'object_name': 'To Lose My Life …', 'object_type': 'набл'}"
test_469,mark this album a score of 5,RateBook,RateBook,True,0.9525,False,False,False,"{'object_select': 'бу', 'object_type': 'альбомны', 'rating_value': '5-кә'}","{'object_name': 'mark this album', 'object_type': 'музыкаль объект төре', 'best_rating': '5'}"
test_470,Is Rare Birds showing at the nearest movie theatre at noon .,SearchScreeningEvent,SearchScreeningEvent,True,0.9416,False,False,True,"{'datetime': 'Төшке ашта', 'location': 'якындагы', 'object_location_type': 'кинотеатрда', 'movie_name': 'Rare Birds'}","{'datetime': 'noon', 'object_location_type': 'nearest movie theatre', 'movie_name': 'Is Rare Birds'}"
test_471,Rate The 8-Week Cholesterol Cure three out of 6 .,RateBook,RateBook,True,0.9733,False,False,False,"{'object_name': 'The 8-Week Cholesterol Cure-га', 'best_rating': '6-дан', 'rating_value': 'өчкә'}","{'object_name': 'The 8-Week Cholesterol Cure', 'best_rating': 'three out of 6'}"
test_472,Add martin barre to my punk unplugged playlist.,AddToPlaylist,AddToPlaylist,True,0.9699,False,False,False,"{'artist': 'Martin barre-ны', 'reference': 'минем', 'playlist': 'punk unplugged'}","{'artist': 'martin barre', 'music_item': 'артист', 'playlist': 'punk unplugged', 'reference': 'плейлистымга'}"
test_473,rate the current novel zero out of 6,RateBook,RateBook,True,0.9374,False,False,False,"{'object_select': 'хәзерге', 'object_type': 'романны', 'best_rating': '6-дан', 'rating_value': 'нульгә'}","{'object_name': 'current novel', 'object_type': 'китап', 'best_rating': '0', 'rating_value': 'zero', 'rating_unit': 'out of 6'}"
test_474,What times will The Young Swordsman be showing at my cinema ?,SearchScreeningEvent,SearchScreeningEvent,True,0.9754,False,False,True,"{'object_location_type': 'кинотеатрда', 'movie_name': 'The Young Swordsman', 'object_type': 'вакытта'}","{'movie_name': 'The Young Swordsman', 'location': 'my cinema'}"
test_475,What are the movies showing in the neighbourhood,SearchScreeningEvent,SearchScreeningEvent,True,0.885,False,False,False,"{'location': 'Тирә-юньдә', 'movie_type': 'фильмнар'}","{'datetime': 'бу атнанын дүшәмбесеннән якшәмбесенә', 'object_location_type': 'кинотеатрда', 'location': 'недеңярда'}"
test_476,I want to book Oregon Electric Station in North City .,BookRestaurant,BookRestaurant,True,0.9642,False,False,True,"{'location': 'North City-дәге', 'restaurant_name': 'Oregon Electric Station'}","{'datetime': '', 'party_size_number': '', 'sort': '', 'restaurant_type': 'Oregon Electric Station', 'cuisine': '', 'location': 'North City', 'party_size_description': ''}"
test_477,how's the weather here at two Am,weather/find,weather/find,True,0.9551,False,False,False,"{'location': 'монда', 'datetime': 'төнге сәгать икедә'}","{'location': 'here at two Am', 'datetime': 'two Am'}"
test_478,Fine the movie schedules for the Wanda Group .,SearchScreeningEvent,SearchScreeningEvent,True,0.9404,False,False,False,"{'location': 'Wanda Group-ның', 'object_type': 'фильм кестесін'}","{'object_type': 'фильм расписаниесен', 'object_name': 'Wanda Group'}"
test_479,what is the forecast for Waurika in Samoa,weather/find,weather/find,True,0.9578,False,False,False,{'location': 'Самоада | Ваурикада'},"{'location': 'Waurika, Samoa', 'datetime': 'now'}"
test_480,Show the movie schedules in the neighborhood,SearchScreeningEvent,SearchScreeningEvent,True,0.8983,False,False,False,"{'location': 'Тирә-яктагы', 'object_type': 'фильмнар расписаниесен'}","{'object_location_type': 'нeighborhood', 'object_type': 'расписаниесен'}"
test_481,Play some blues britânico .,PlayMusic,PlayMusic,True,0.9195,False,False,True,{'genre': 'Blues britânico'},{'sort': 'blues britânico'}
test_482,Is No Time to Be Young showing at AMC Theaters,SearchScreeningEvent,SearchScreeningEvent,True,0.9654,False,False,False,"{'location': 'AMC Theaters-да', 'movie_name': 'No Time to Be Young'}","{'movie_name': 'Is No Time to Be Young', 'object_location_type': 'AMC Theaters', 'object_type': 'расписаниесен'}"
test_483,Please look up and find me Monty Python Live at the Hollywood Bowl .,SearchCreativeWork,SearchCreativeWork,True,0.9611,False,False,False,{'object_name': 'Монти Пайтон Голливудта'},{'object_name': 'Monty Python Live at the Hollywood Bowl'}
test_484,what is the forecast for here for blizzard conditions at five pm,weather/find,weather/find,True,0.9252,False,False,True,"{'datetime': 'кичке бишкә', 'location': 'монда', 'condition_description': 'буран'}","{'datetime': 'five pm', 'condition': 'blizzard conditions'}"
test_485,add ireland in the junior eurovision song contest 2015 to my Jazzy Dinner playlist,AddToPlaylist,AddToPlaylist,True,0.9658,False,False,False,"{'entity_name': 'Ирландия балалар евровидениеда 2015', 'reference': 'минем', 'playlist': 'Jazzy Dinner'}","{'artist': '', 'entity_name': 'ireland in the junior eurovision song contest 2015', 'music_item': '', 'playlist': 'Jazzy Dinner', 'reference': ''}"
test_486,Add a song to Indie Hipster,AddToPlaylist,AddToPlaylist,True,0.9401,False,False,False,"{'playlist': 'Indie Hipster-га', 'music_item': 'җырны'}","{'artist': 'Indie Hipster', 'music_item': 'song', 'playlist': 'Indie Hipster'}"
test_487,Can you find me the National Anthem of the Ancient Britons television show ?,SearchCreativeWork,SearchCreativeWork,True,0.9663,False,False,False,"{'object_name': 'National Anthem of the Ancient Britons', 'object_type': 'телевизион тапшыруын'}","{'object_name': 'National Anthem of the Ancient Britons', 'object_type': 'телевизионный шоу'}"
test_488,"To the travelling playlist, please add this David Gahan song .",AddToPlaylist,AddToPlaylist,True,0.975,False,False,False,"{'playlist': 'travelling', 'artist': 'Дэвид Гаан', 'music_item': 'җырын'}","{'artist': 'David Gahan', 'music_item': 'song', 'playlist': 'To the travelling playlist'}"
test_489,I want to hear them from the artist Murcof,PlayMusic,PlayMusic,True,0.9947,False,False,False,"{'music_item': 'аларны', 'artist': 'Murcof'}",{'artist': 'Murcof'}
test_490,rate The Gift: Imagination and the Erotic Life of Property five stars,RateBook,RateBook,True,0.9946,False,False,False,"{'object_name': 'The Gift: Imagination and the Erotic Life of Property-ны', 'rating_value': 'биш', 'rating_unit': 'йолдызга'}","{'object_name': 'The Gift: Imagination and the Erotic Life of Property', 'best_rating': 'five stars'}"
test_491,Find me a TV show called Baby Blue,SearchCreativeWork,SearchCreativeWork,True,0.9833,False,False,False,"{'object_name': 'Baby Blue', 'object_type': 'телевизион тапшыруны'}","{'object_name': 'Baby Blue', 'object_type': 'TV show'}"
test_492,look for the book The Girl Who Was Plugged In,SearchCreativeWork,SearchCreativeWork,True,0.9699,False,False,False,"{'object_name': 'The Girl Who Was Plugged In', 'object_type': 'китабын'}","{'object_name': 'The Girl Who Was Plugged In', 'object_type': 'китап'}"
test_493,phyllis ward and veronica need a table at a restaurant in 152 days,BookRestaurant,BookRestaurant,True,0.9168,False,False,True,"{'party_size_description': 'филлис уордка һәм вероникага', 'datetime': '152 көннән соң', 'restaurant_type': 'ресторанда'}","{'datetime': '152 дней', 'party_size_number': 'не указано', 'restaurant_name': 'phyllis ward and veronica', 'restaurant_type': 'ресторан'}"
test_494,Book a popular restaurant for 5 people,BookRestaurant,BookRestaurant,True,0.9278,False,False,False,"{'party_size_number': '5', 'sort': 'танылган', 'restaurant_type': 'ресторанны'}","{'datetime': '', 'party_size_number': '5', 'restaurant_type': 'popular', 'location': ''}"
test_495,"Book a reservation for The Dome, Edinburgh close to Brooklawn",BookRestaurant,BookRestaurant,True,0.9349,False,False,True,"{'location': 'Бруклон | янында', 'restaurant_name': 'The Dome, Edinburgh'}","{'datetime': 'бу атнабызда', 'facility': 'урынның уңайлыклары/үзенчәлекләре', 'location': 'Brooklawn', 'party_size_description': 'ресторан', 'restaurant_name': 'The Dome', 'restaurant_type': 'урын төре'}"
test_496,Add this album to Old School Death Metal,AddToPlaylist,AddToPlaylist,True,0.9428,False,False,False,"{'music_item': 'альбомны', 'playlist': 'Old School Death Metal-га'}","{'artist': '', 'entity_name': 'Old School Death Metal', 'music_item': 'альбом', 'playlist': ''}"
test_497,Look for the TV series Jersey Boys,SearchCreativeWork,SearchCreativeWork,True,0.9594,False,False,False,"{'object_name': 'Jersey Boys', 'object_type': 'телесериалын'}","{'object_name': 'Jersey Boys', 'object_type': 'TV серия'}"
test_498,Book a reservation for nine people at the best pub nearby Tangier in six months,BookRestaurant,BookRestaurant,True,0.9333,False,False,False,"{'datetime': 'Алты ай эчендә', 'location': 'Танжер | янындагы', 'sort': 'иң яхшы', 'restaurant_type': 'пабта', 'party_size_number': 'тугыз'}","{'datetime': 'six months', 'party_size_number': 'nine', 'facility': 'best pub', 'location': 'Tangier', 'sort': 'best'}"
test_499,Show me the movies at Harkins Theatres .,SearchScreeningEvent,SearchCreativeWork,False,0.9407,False,False,False,"{'location': 'Harkins Theatres-ында', 'movie_type': 'фильмларны'}","{'object_type': 'фильм төре', 'location': 'Harkins Theatres'}"
test_500,book a party at their campus within the same area for churrascaria,BookRestaurant,BookRestaurant,True,0.8558,False,False,False,"{'location': 'аларның кампусында | шул ук райондагы', 'restaurant_type': 'чурраскарияга'}","{'datetime': 'бу атнабызда', 'party_size_number': 'сигез', 'sort': 'югары бәяләнген', 'restaurant_type': 'тиз ашамлыклар', 'cuisine': 'чурраскária', 'location': 'их аралында', 'party_size_description': 'party'}"
