id,text,true_intent,pred_intent,intent_correct,confidence,weak_by_conf,weak_intent_real,weak_slot_real,true_slots,pred_slots
test_1,барлык хәтерләтүләрне күрсәт,reminder/show_reminders,none,False,0.0,True,False,False,{'reference': 'барлык'},{}
test_2,Миңа свитер кирәкме?,weather/find,RateBook,False,0.8457,False,False,False,{'weather/attribute': 'свитер'},"{'object_name': 'свитер', 'object_type': 'фильм', 'best_rating': 'свободный фильм', 'location': 'Миңа'}"
test_3,Бүген сәгать ун алтыга хәтерләтүне өстә,reminder/set_reminder,AddToPlaylist,False,0.7831,False,False,False,{'datetime': 'Бүген сәгать ун алтыга'},"{'artist': 'ун', 'entity_name': 'сәгать', 'playlist': ' unreal_playlist_name', 'reference': 'унар'}"
test_4,Минем хәтерләтүне бетер,reminder/cancel_reminder,cancel_alarm,False,0.9267,False,False,False,{'reference': 'Минем'},{'reference': 'хәтерләтүне'}
test_5,Миңа бензин салырга искә төшер.,reminder/set_reminder,FindGasStation,False,0.9134,False,False,False,{'reminder/todo': 'бензин салырга'},{'object_type': 'gas station'}
test_6,Чәршәмбе көнне миңа кул чатыры кирәкме?,weather/find,SearchScreeningEvent,False,0.9399,False,False,False,"{'datetime': 'Чәршәмбе', 'weather/attribute': 'кул чатыры'}","{'datetime': 'чәршәмбе көнне', 'object_type': 'чатыры'}"
test_7,биш минуттан соң минем будильникны кабатла,alarm/snooze_alarm,alarm/set_alarm,False,0.9365,False,True,False,"{'datetime': 'биш минуттан', 'reference': 'минем'}","{'datetime': 'биш минуттан соң', 'recurring_datetime': ''}"
test_8,максның туган көне турында искә төшеруне куй,reminder/set_reminder,SetAlarm,False,0.9154,False,False,False,{'reminder/todo': 'максның туган көне турында искә төшеруне'},"{'datetime': 'максның туган көне турында', 'recurring_datetime': None, 'reference': None, 'reminder/todo': 'iskә төшеруне куй'}"
test_9,Миңа барлык хәтерләтүләрне күрсәт,reminder/show_reminders,SearchCreativeWork,False,0.9499,False,False,False,{'reference': 'барлык'},{'object_type': 'фильм төре'}
test_10,Барлык будильникларны күрсәт.,alarm/show_alarms,alarm/show_alarms,True,0.9857,False,False,False,{'reference': 'Барлык'},{}
test_11,Бүген яңгыр явар микән?,weather/find,weather/find,True,0.913,False,False,False,"{'datetime': 'Бүген', 'weather/attribute': 'яңгыр'}","{'datetime': 'бүгенин', 'condition_temperature': 'яңгыр'}"
test_12,Будильникны иртәнге 8 куй,alarm/set_alarm,alarm/set_alarm,True,0.9186,False,False,False,{'datetime': 'иртәнге 8'},"{'datetime': '8', 'reference': 'иртәнге'}"
test_13,Бүген температура нинди?,weather/find,weather/find,True,0.9391,False,False,False,"{'datetime': 'Бүген', 'weather/attribute': 'температура'}","{'datetime': 'бүгенин', 'condition_temperature': ''}"
test_14,Минем хәтерләтүне күрсәт,reminder/show_reminders,SearchCreativeWork,False,0.933,False,False,False,{'reference': 'Минем'},"{'object_type': 'хәтер', 'object_name': 'хәтер исеме'}"
test_15,Барлык будильникларны күрсәт,alarm/show_alarms,alarm/show_alarms,True,0.9982,False,False,False,{'reference': 'Барлык'},{}
test_16,Миңа Бен белән Джорджия турында сөйләшергә искә төшер,reminder/set_reminder,BookRestaurant,False,0.904,False,False,False,{'reminder/todo': 'Бен белән Джорджия турында сөйләшергә'},"{'datetime': None, 'party_size_number': None, 'sort': None, 'restaurant_type': 'турында', 'cuisine': 'Бен', 'location': 'Джорджия-да', 'party_size_description': 'сөйләшергә искә'}"
test_17,Будильникны иртәнге 5 куй,alarm/set_alarm,alarm/set_alarm,True,0.8185,False,False,False,{'datetime': 'иртәнге 5'},"{'datetime': 'иртәнге', 'recurring_datetime': '', 'reference': '', 'reminder/todo': 'берилгенин күрсәтүмөн'}"
test_18,бүген болытлымы,weather/find,BookRestaurant,False,0.9163,False,False,False,"{'datetime': 'бүген', 'weather/attribute': 'болытлымы'}","{'datetime': 'бүгени', 'party_size_number': 'сигез', 'sort': 'югары бәяләнген', 'restaurant_type': 'тиз ашамлыклар', 'cuisine': 'бүгени бүгени бүгени бәяләнген', 'location': 'Moores Mill-дан | ерак түгел'}"
test_19,Бүген бездә ничә дюйм яңгыры явар?,weather/find,weather/find,True,0.929,False,False,False,"{'datetime': 'Бүген', 'weather/attribute': 'дюйм яңгыры'}","{'datetime': 'бүгенин', 'condition_temperature': 'яңгыры'}"
test_20,Иртәгә минем апама шалтыратырга искә төшер,reminder/set_reminder,SetAlarm,False,0.9131,False,False,False,"{'datetime': 'Иртәгә', 'reminder/todo': 'минем апама шалтыратырга'}","{'datetime': 'искә төшер', 'reference': 'шалтыратырга'}"
test_21,будильникны туктат,alarm/cancel_alarm,alarm/cancel_alarm,True,0.7031,False,False,False,{},{'reference': 'тукталоо өсүм'}
test_22,Бу атнада кызу булырмы?,weather/find,none,False,0.0,True,False,False,"{'datetime': 'Бу атнада', 'weather/attribute': 'кызу'}",{}
test_23,Будильникны көндезге 3 куй.,alarm/set_alarm,alarm/set_alarm,True,0.9386,False,False,False,{'datetime': 'көндезге 3'},"{'datetime': 'көндезге', 'recurring_datetime': '', 'reference': '', 'reminder/todo': '3 куй'}"
test_24,бүген кар явармы,weather/find,BookRestaurant,False,0.9341,False,False,False,"{'datetime': 'бүген', 'weather/attribute': 'кар'}","{'datetime': 'бүгенин', 'party_size_number': 'не указано', 'sort': 'не указано', 'restaurant_type': 'тиз ашамлыклар', 'cuisine': 'не указано', 'location': 'не указано'}"
test_25,бөтен будильникларны бетер,alarm/cancel_alarm,alarm/cancel_alarm,True,0.974,False,False,False,{'reference': 'бөтен'},{'reference': 'бөтен будильникка күрсәтү'}
test_26,Минем хәтерләтүләрне күрсәт,reminder/show_reminders,SearchCreativeWork,False,0.9275,False,False,False,{'reference': 'Минем'},"{'object_type': 'хәтер', 'object_name': 'хәтер исеме'}"
test_27,Будильникка кадәр күпме вакыт калды,alarm/time_left_on_alarm,alarm/set_alarm,False,0.933,False,True,False,{},"{'datetime': 'кадәр күпме вакыт калды', 'recurring_datetime': ''}"
test_28,Минем нинди искә төшерүләрем бар?,reminder/show_reminders,none,False,0.0,True,False,False,{'reference': 'Минем'},{}
test_29,Будильникны көн саен иртәнге 8 куй,alarm/set_alarm,alarm/set_alarm,True,0.8939,False,False,False,{'recurring_datetime': 'иртәнге 8'},"{'datetime': 'сондагы саен', 'recurring_datetime': '', 'reference': '', 'reminder/todo': ''}"
test_30,син миңа будильникларны күрсәтә аласыңмы?,alarm/show_alarms,alarm/find,False,0.8516,False,False,False,{},{'datetime': 'син'}
test_31,Бүген Диснейуорлдта буран булырмы?,weather/find,SearchScreeningEvent,False,0.9298,False,False,False,"{'datetime': 'Бүген', 'location': 'Диснейуорлдта', 'weather/attribute': 'буран'}","{'datetime': 'бүгенин', 'object_type': 'буран', 'object_location_type': 'Диснейуорлдта'}"
test_32,бүген кар явырмы,weather/find,BookRestaurant,False,0.94,False,False,False,"{'datetime': 'бүген', 'weather/attribute': 'кар'}","{'datetime': 'бүгенин', 'party_size_number': 'не указано', 'sort': 'не указано', 'restaurant_type': 'не указано', 'cuisine': 'не указано', 'location': 'не указано'}"
test_33,бөтен будильникларны күрсәт,alarm/show_alarms,alarm/show_alarms,True,0.9722,False,False,False,{'reference': 'бөтен'},{'datetime': ''}
test_34,Бүген салкынмы?,weather/find,weather/find,True,0.9119,False,False,False,"{'datetime': 'Бүген', 'weather/attribute': 'салкынмы'}","{'datetime': 'бүгенин', 'condition_temperature': 'салкын'}"
test_35,"Зинһар, пәнҗешәмбе иртәсеннән будильникны бетер.",alarm/cancel_alarm,alarm/cancel_alarm,True,0.9606,False,False,False,{'datetime': 'пәнҗешәмбе иртәсеннән'},{'datetime': 'пәнҗешәмбе иртәсеннән'}
test_36,Бүген яңгыр явырмы?,weather/find,weather/find,True,0.922,False,False,False,"{'datetime': 'Бүген', 'weather/attribute': 'яңгыр'}","{'datetime': 'бүгенин', 'condition_temperature': 'яңгыр', 'condition_description': 'явыр'}"
test_37,канадада кар явамы,weather/find,BookRestaurant,False,0.9217,False,False,False,"{'location': 'канадада', 'weather/attribute': 'кар явамы'}","{'datetime': 'кар', 'party_size_number': 'не указано', 'sort': 'не указано', 'restaurant_type': 'не указано', 'cuisine': 'не указано', 'location': 'канада | кар'}"
test_38,Бүген нинди югары температура булачак?,weather/find,weather/find,True,0.9443,False,False,False,"{'datetime': 'Бүген', 'weather/attribute': 'югары температура'}","{'datetime': 'бүгенин', 'condition_temperature': ''}"
test_39,"Төнлә шулкадәр кар яуса, сәяхәт куркыныч булырмы?",weather/find,BookRestaurant,False,0.9198,False,False,False,"{'datetime': 'Төнлә', 'weather/attribute': 'кар яуса'}","{'datetime': 'сәяхәт куркыныч', 'party_size_number': 'төнлә', 'sort': 'сәяхәт куркыныч булыр', 'restaurant_type': 'булыр', 'cuisine': 'төнлә', 'location': 'кар яуса'}"
test_40,бөтен хәтерләтүләрне күрсәт,reminder/show_reminders,none,False,0.0,True,False,False,{'reference': 'бөтен'},{}
test_41,барлык хәтерләтүләрне бетер,reminder/cancel_reminder,none,False,0.0,True,False,False,{'reference': 'барлык'},{}
test_42,миңа иртәгә куртка кирәкме?,weather/find,AddToPlaylist,False,0.8625,False,False,False,"{'datetime': 'иртәгә', 'weather/attribute': 'куртка'}","{'artist': 'иртәгә куртка', 'entity_name': 'куртка'}"
test_43,Будильникка кадәр күпме вакыт калды,alarm/time_left_on_alarm,alarm/set_alarm,False,0.933,False,True,False,{},"{'datetime': 'кадәр күпме вакыт калды', 'recurring_datetime': ''}"
test_44,Будильникны туктат,alarm/snooze_alarm,alarm/cancel_alarm,False,0.9274,False,True,False,{},{'reference': 'тукталган будильникка күрсәтү'}
test_45,Миңа барлык будильникларны күрсәт,alarm/show_alarms,alarm/show_alarms,True,0.958,False,False,False,{'reference': 'барлык'},{'datetime': ''}
test_46,Йеллоустонда һава торышы нинди?,weather/find,weather/find,True,0.9449,False,False,False,{'location': 'Йеллоустонда'},"{'location': 'Йеллоустонда', 'condition_temperature': ''}"
test_47,Бүген һава торышы нинди?,weather/find,weather/find,True,0.9281,False,False,False,{'datetime': 'Бүген'},"{'datetime': 'бүгенин', 'condition_temperature': '', 'condition_description': ''}"
test_48,Иртәгә Патрикны мәктәптән алырга минем искә төшерүдән алып бетер.,reminder/cancel_reminder,SetAlarm,False,0.9025,False,False,False,"{'datetime': 'Иртәгә', 'reminder/todo': 'Патрикны мәктәптән алырга', 'reference': 'минем'}","{'datetime': 'искә төшерүдән алырга минем', 'reference': 'Патрик'}"
test_49,Миңа иртәгә шул ук вакытта табибка язылырга искә төшер,reminder/set_reminder,ScheduleAppointment,False,0.8361,False,False,False,"{'datetime': 'иртәгә шул ук вакытта', 'reminder/todo': 'табибка язылырга'}","{'datetime': 'ук вакытта', 'doctor_name_or_specialty': 'табиб', 'service': 'язылырга'}"
test_50,Миңа аренданы түләргә искә төшер,reminder/set_reminder,AddToPlaylist,False,0.8266,False,False,False,{'reminder/todo': 'аренданы түләргә'},"{'artist': 'Аренданы', 'entity_name': 'төшергә искә төшер'}"
test_51,яңгыр кайчан бетәчәк?,weather/find,weather/find,True,0.9217,False,False,False,{'weather/attribute': 'яңгыр'},"{'condition_temperature': 'бетәчәк', 'location': 'яңгыр'}"
test_52,будильникларны бетер,alarm/cancel_alarm,alarm/cancel_alarm,True,0.9703,False,False,False,{},{'reference': 'будильникка күрсәтү'}
test_53,Сишәмбе көнне миңа Стефанига шалтыратырга искә төшер,reminder/set_reminder,alarm/set_alarm,False,0.9496,False,False,False,"{'datetime': 'Сишәмбе көнне', 'reminder/todo': 'Стефанига шалтыратырга'}","{'datetime': 'сишәмбе көнне', 'reference': 'Стефанига'}"
test_54,барлык минем уяткыч сәгатьләрне күрсәт,alarm/show_alarms,SearchScreeningEvent,False,0.8813,False,False,False,{'reference': 'барлык минем'},"{'datetime': '', 'object_type': 'сәгать', 'location': 'minem уяткыч'}"
test_55,Бүген никадәр эссе булачак?,weather/find,none,False,0.0,True,False,False,"{'datetime': 'Бүген', 'weather/attribute': 'эссе'}",{}
test_56,будильникны бүген кичке 5 куй,alarm/set_alarm,alarm/set_alarm,True,0.9233,False,False,False,{'datetime': 'бүген кичке 5'},"{'datetime': 'бүгөн', 'recurring_datetime': '', 'reference': '', 'reminder/todo': 'бүгөн'}"
test_57,21-енче августта көндез 3-тә табибка барырга искә төшер,reminder/set_reminder,ScheduleAppointment,False,0.8786,False,False,False,"{'datetime': '21-енче августта көндез 3-тә', 'reminder/todo': 'табибка барырга'}","{'datetime': '21-денче августта', 'doctor_name': '3-тә табиб', 'reference': 'iskә төшер'}"
test_58,көн саен иртәнге сәгать 7-дә дарулар эчәргә турында минем искә төшерүне бетер,reminder/cancel_reminder,SetAlarm,False,0.8566,False,False,False,"{'recurring_datetime': 'көн саен иртәнге сәгать 7-дә', 'reminder/todo': 'дарулар эчәргә'}","{'datetime': 'көн', 'recurring_datetime': '', 'reference': 'саен иртәнге', 'reminder/todo': 'искә төшерү'}"
test_59,киләсе фараз яңгырны кайчан күрсәтә,weather/find,SearchCreativeWork,False,0.8726,False,False,False,{'weather/attribute': 'яңгырны'},"{'object_type': 'фильм төре', 'movie_type': 'киләсе', 'condition_temperature': 'кал', 'condition_description': 'яңгыр'}"
test_60,Иртәгә иртә белән минем будильнигым нинди вакытка куелган?,alarm/show_alarms,none,False,0.0,True,False,False,"{'datetime': 'Иртәгә иртә', 'reference': 'минем'}",{}
test_61,бүген кар явармы,weather/find,BookRestaurant,False,0.9341,False,False,False,"{'datetime': 'бүген', 'weather/attribute': 'кар'}","{'datetime': 'бүгенин', 'party_size_number': 'не указано', 'sort': 'не указано', 'restaurant_type': 'тиз ашамлыклар', 'cuisine': 'не указано', 'location': 'не указано'}"
test_62,Минем будильнигымны сүндер.,alarm/cancel_alarm,alarm/cancel_alarm,True,0.9192,False,False,False,{'reference': 'Минем'},{'reference': 'будильгим'}
test_63,Барлык будильникларны бетер,alarm/cancel_alarm,alarm/cancel_alarm,True,0.9562,False,False,False,{'reference': 'Барлык'},{'reference': ''}
test_64,миңа продуктларны сатып алырга искә төшер,reminder/set_reminder,AddToPlaylist,False,0.8637,False,False,False,{'reminder/todo': 'продуктларны сатып алырга'},"{'artist': 'product name', 'entity_name': 'products being sold'}"
test_65,Миңа иртәнге сәгать 9-да иртәнге аш өчен будильник кирәк,alarm/set_alarm,alarm/set_alarm,True,0.9624,False,False,False,{'datetime': 'иртәнге сәгать 9-да'},"{'datetime': '9', 'recurring_datetime': '', 'reference': ''}"
test_66,уен башланганчы бер сәгать алдан Кольтларны карау турында искә төшерүне куй,reminder/set_reminder,SearchCreativeWork,False,0.9223,False,False,False,"{'datetime': 'уен башланганчы бер сәгать алдан', 'reminder/todo': 'Кольтларны карау'}","{'object_type': 'уен', 'datetime': 'уен башланганчы бер сәгать алдан'}"
test_67,барлык будильникларны бетер,alarm/cancel_alarm,alarm/cancel_alarm,True,0.9786,False,False,False,{'reference': 'барлык'},{'reference': 'барлык будильниклар'}
test_68,Бу исемлектән минем өченче искә төшерүне бетер.,reminder/cancel_reminder,CancelReservation,False,0.7359,False,False,False,{'reference': 'минем өченче'},{'reference': 'тикере алынган төшөрүгә күрсәтү'}
test_69,Будильникны иртәнге 6 куй,alarm/set_alarm,alarm/set_alarm,True,0.9509,False,False,False,{'datetime': 'иртәнге 6'},"{'datetime': '6', 'location': ''}"
test_70,Бу будильникны хәзердән көндезге 2-гә куй,alarm/cancel_alarm,alarm/set_alarm,False,0.9031,False,False,False,"{'reference': 'Бу', 'datetime': 'хәзердән | көндезге 2-гә'}","{'datetime': 'хәзердән', 'recurring_datetime': '2-гә көн', 'reference': 'хәзердән көндезге'}"
test_71,Кар булырмы?,weather/find,none,False,0.0,True,False,False,{'weather/attribute': 'Кар'},{}
test_72,Миңа аренданы түләргә искә төшер.,reminder/set_reminder,BookRestaurant,False,0.8574,False,False,False,{'reminder/todo': 'аренданы түләргә'},"{'datetime': 'Аренданы түләргә', 'party_size_number': None, 'sort': None, 'restaurant_type': None, 'cuisine': None, 'location': 'Аренданы түләрге алынган урын'}"
test_73,иртәгә нинди иң түбән температура,weather/find,weather/find,True,0.9672,False,False,False,"{'datetime': 'иртәгә', 'weather/attribute': 'иң түбән'}",{'condition_temperature': 'түбән'}
test_74,Бүген кояшлы булырмы?,weather/find,none,False,0.0,True,False,False,"{'datetime': 'Бүген', 'weather/attribute': 'кояшлы'}",{}
test_75,Бүген минем ничә искә төшерүләрем бар?,reminder/show_reminders,FindScreeningEvent,False,0.6834,False,False,False,{'datetime': 'Бүген'},"{'datetime': 'бүгенин төшерүлүүгө', 'object_type': 'иск'}"
test_76,Минем иртәгә нинди искә төшерүләрем бар?,reminder/show_reminders,none,False,0.7361,True,False,False,"{'reference': 'Минем', 'datetime': 'иртәгә'}",{}
test_77,Минем барлык искә төшерүләремне бетер.,reminder/cancel_reminder,CancelAlarm,False,0.649,False,False,False,{'reference': 'Минем барлык'},{'datetime': 'искә төшерүләрне бетер'}
test_78,будильникны иртәнге 6-га куй,alarm/set_alarm,none,False,0.6141,True,False,False,{'datetime': 'иртәнге 6-га'},{}
test_79,Будильникны 30 минутка куй,alarm/set_alarm,alarm/set_alarm,True,0.9347,False,False,False,{'datetime': '30 минутка'},"{'datetime': '30 минутка', 'recurring_datetime': '', 'reference': ''}"
test_80,Будильникны бер сәгать алга куй.,alarm/set_alarm,alarm/set_alarm,True,0.9431,False,False,False,{'datetime': 'бер сәгать алга'},"{'datetime': 'сәгать', 'reference': ''}"
test_81,барлык будильникларны бетер,alarm/cancel_alarm,alarm/cancel_alarm,True,0.9786,False,False,False,{'reference': 'барлык'},{'reference': 'барлык будильниклар'}
test_82,Лос-Анджелеста һава торышы,weather/find,weather/find,True,0.9612,False,False,False,{'location': 'Лос - Анджелеста'},{'location': 'Лос-Анджелеста'}
test_83,бөтен будильникларны бетер,alarm/cancel_alarm,alarm/cancel_alarm,True,0.974,False,False,False,{'reference': 'бөтен'},{'reference': 'бөтен будильникка күрсәтү'}
test_84,Бүген минем ничә искә төшерүләрем бар?,reminder/show_reminders,FindScreeningEvent,False,0.6834,False,False,False,{'datetime': 'Бүген'},"{'datetime': 'бүгенин төшерүлүүгө', 'object_type': 'иск'}"
test_85,Миңа иртәгә кибеттә кәгазь сөлгеләр сатып алырга искә төшер,reminder/set_reminder,AddToPlaylist,False,0.8967,False,False,False,"{'datetime': 'иртәгә', 'reminder/todo': 'кибеттә кәгазь сөлгеләр сатып алырга'}","{'artist': 'кибеттә кәгазь', 'entity_name': 'сатып алырга искә төшер'}"
test_86,Миңа минем барлык искә төшерүләремне күрсәт,reminder/show_reminders,SearchCreativeWork,False,0.8956,False,False,False,{'reference': 'минем барлык'},"{'object_type': 'минем', 'object_name': 'искә төшерүләр'}"
test_87,Будильникны иртәнге 6 куй,alarm/set_alarm,alarm/set_alarm,True,0.9509,False,False,False,{'datetime': 'иртәнге 6'},"{'datetime': '6', 'location': ''}"
test_88,иртәгә кар булырмы,weather/find,none,False,0.8412,True,False,False,"{'datetime': 'иртәгә', 'weather/attribute': 'кар'}",{}
test_89,иртәгә минем иртәнге будильникны бетер,alarm/cancel_alarm,alarm/cancel_alarm,True,0.9438,False,False,False,"{'datetime': 'иртәгә | иртәнге', 'reference': 'минем'}",{'reference': 'минем'}
test_90,Дүшәмбе көнне төшке ашка будильникны куй.,alarm/set_alarm,alarm/set_alarm,True,0.9184,False,False,False,{'recurring_datetime': 'Дүшәмбе көнне төшке ашка'},"{'datetime': 'дүшәмбе көнне', 'reference': 'будильник'}"
test_91,Бүген никадәр эссе булачак?,weather/find,none,False,0.0,True,False,False,"{'datetime': 'Бүген', 'weather/attribute': 'эссе'}",{}
test_92,иртәнге будильникларны куерга миңа искә төшер,reminder/set_reminder,alarm/set_alarm,False,0.8439,False,False,False,"{'datetime': 'иртәнге', 'reminder/todo': 'будильникларны куерга'}","{'datetime': 'биринчи өкүм', 'recurring_datetime': '', 'reference': ''}"
test_93,бөтен будильникларны бетер,alarm/cancel_alarm,alarm/cancel_alarm,True,0.974,False,False,False,{'reference': 'бөтен'},{'reference': 'бөтен будильникка күрсәтү'}
test_94,Минем будильникларымны күрсәт,alarm/show_alarms,alarm/show_alarms,True,0.9624,False,False,False,{'reference': 'Минем'},{'datetime': ''}
test_95,будильникны сүндер,alarm/cancel_alarm,alarm/cancel_alarm,True,0.9755,False,False,False,{},{'datetime': ''}
test_96,Бүген температура нинди?,weather/find,weather/find,True,0.9391,False,False,False,"{'datetime': 'Бүген', 'weather/attribute': 'температура'}","{'datetime': 'бүгенин', 'condition_temperature': ''}"
test_97,будильникны сүндер,alarm/cancel_alarm,alarm/cancel_alarm,True,0.9755,False,False,False,{},{'datetime': ''}
test_98,Барлык будильникларны күрсәт,alarm/show_alarms,alarm/show_alarms,True,0.9982,False,False,False,{'reference': 'Барлык'},{}
test_99,Будильникны 30 минут саен куй,alarm/set_alarm,alarm/set_alarm,True,0.924,False,False,False,{'recurring_datetime': '30 минут саен'},"{'datetime': '30 минут саен', 'recurring_datetime': None, 'reference': None, 'reminder/todo': None}"
test_100,Бүген нинди температура булачак?,weather/find,weather/find,True,0.9507,False,False,False,"{'datetime': 'Бүген', 'weather/attribute': 'температура'}","{'datetime': 'бүгенин', 'condition_temperature': ''}"
test_101,Бүген кызу булырмы?,weather/find,BookRestaurant,False,0.8906,False,False,False,"{'datetime': 'Бүген', 'weather/attribute': 'кызу'}","{'datetime': 'бүгенин кызу', 'party_size_number': 'без', 'sort': '', 'restaurant_type': '', 'cuisine': '', 'location': ''}"
test_102,Иртәгә яңгыр булырмы?,weather/find,SearchCreativeWork,False,0.8376,False,False,False,"{'datetime': 'Иртәгә', 'weather/attribute': 'яңгыр'}","{'datetime': '', 'object_type': 'фильм төре', 'movie_type': 'йоңыр булыр', 'object_name': ''}"
test_103,Киләсе будильникны бетер,alarm/cancel_alarm,alarm/cancel_alarm,True,0.9463,False,False,False,{'reference': 'Киләсе'},{'reference': 'будильникка күрсәтү'}
test_104,Бүген кибеткә барырга искә төшер,reminder/set_reminder,none,False,0.7967,True,False,False,"{'datetime': 'Бүген', 'reminder/todo': 'кибеткә барырга'}",{}
test_105,киләсе атнада минем искә төшерүләрне бетер,reminder/cancel_reminder,CancelAlarm,False,0.919,False,False,False,"{'datetime': 'киләсе атнада', 'reference': 'минем'}","{'datetime': 'киләсе атнада', 'reference': 'искә төшерүләр'}"
test_106,миңа сишәмбе көнне көндезге сәгать 3-тә этне грумерга алып барырга исемә төшер,reminder/set_reminder,BookRestaurant,False,0.9162,False,False,False,"{'datetime': 'сишәмбе көнне көндезге сәгать 3-тә', 'reminder/todo': 'этне грумерга алып барырга'}","{'datetime': 'сәгать 3-тә этне', 'party_size_number': 'грумерга', 'sort': '', 'restaurant_type': '', 'cuisine': '', 'location': '', 'party_size_description': 'исеме төшер'}"
test_107,28-енче көнне Дженга годовщинага чәчәкләр сатып алырга исемә төшер.,reminder/set_reminder,SearchScreeningEvent,False,0.9012,False,False,False,"{'datetime': '28-енче көнне', 'reminder/todo': 'Дженга годовщинага чәчәкләр сатып алырга'}","{'datetime': '28-енче көнне', 'object_type': 'чәчәкләр', 'object_location_type': 'Дженга годовщина', 'movie_type': ''}"
test_108,Бүген һава торышы нинди?,weather/find,weather/find,True,0.9281,False,False,False,{'datetime': 'Бүген'},"{'datetime': 'бүгенин', 'condition_temperature': '', 'condition_description': ''}"
test_109,Иртәгә табибка язылырга миңа искә төшер.,reminder/set_reminder,ScheduleMedicalAppointment,False,0.8162,False,False,False,"{'datetime': 'Иртәгә', 'reminder/todo': 'табибка язылырга'}","{'datetime': 'искә төшер', 'doctor_name': 'табиб', 'location': 'табибка язылырга'}"
test_110,бөтен будильникларны сүндер,alarm/cancel_alarm,alarm/cancel_alarm,True,0.9421,False,False,False,{'reference': 'бөтен'},{'reference': 'бөтен будильниклар'}
test_111,Мин үзем белән дождевикны алыйммы?,weather/find,none,False,0.8777,True,False,False,{'weather/attribute': 'дождевикны'},{}
test_112,Начар һава торышы фаразы нинди?,weather/find,none,False,0.0,True,False,False,{'weather/attribute': 'Начар'},{}
test_113,киләсе атнада табибка язуым турында искә төшер,reminder/set_reminder,ScheduleMedicalAppointment,False,0.8987,False,False,False,"{'datetime': 'киләсе атнада', 'reminder/todo': 'табибка язуым турында'}","{'datetime': 'киләсе атнада', 'doctor_name': 'табиб', 'reason': 'iskә төшер'}"
test_114,иртәнге 8 кибеткә бару турында искә төшер,reminder/set_reminder,BookRestaurant,False,0.9186,False,False,False,"{'datetime': 'иртәнге 8', 'reminder/todo': 'кибеткә бару'}","{'datetime': '8 кибет', 'party_size_number': 'тиш', 'sort': '', 'restaurant_type': '', 'cuisine': '', 'location': '', 'party_size_description': 'турында искер', 'restaurant_name': ''}"
test_115,Химчисткага барырга искә төшерү яса.,reminder/set_reminder,AddToCleaningService,False,0.6231,False,False,False,{'reminder/todo': 'Химчисткага барырга'},{'entity_name': 'isksәт төшерү'}
test_116,кайчан салкынрак булачак,weather/find,BookRestaurant,False,0.9792,False,False,False,{'weather/attribute': 'салкынрак'},"{'datetime': 'хәзердән өч йөз утыз өч көннән соң', 'party_size_number': 'сигез', 'sort': 'салкынрак', 'restaurant_type': 'тиз ашамлыклар', 'cuisine': 'төньяк һинд', 'location': 'Moores Mill-дан | ерак түгел'}"
test_117,бу атнада яңгыр булырмы,weather/find,none,False,0.0,True,False,False,"{'datetime': 'бу атнада', 'weather/attribute': 'яңгыр'}",{}
test_118,барлык будильникларны бетер,alarm/cancel_alarm,alarm/cancel_alarm,True,0.9786,False,False,False,{'reference': 'барлык'},{'reference': 'барлык будильниклар'}
test_119,будильникларны бетер,alarm/cancel_alarm,alarm/cancel_alarm,True,0.9703,False,False,False,{},{'reference': 'будильникка күрсәтү'}
test_120,минем будильникларымны күрсәт,alarm/show_alarms,alarm/show_alarms,True,0.9668,False,False,False,{'reference': 'минем'},{'datetime': ''}
test_121,Минем будильнигым кайсы вакытка куйган?,alarm/show_alarms,alarm/set_alarm,False,0.9365,False,False,False,{},"{'datetime': 'минем будильнигым кайсы вакытка куйган?', 'recurring_datetime': ''}"
test_122,Шимбә көнне яңгыр булырмы?,weather/find,weather/find,True,0.9395,False,False,False,"{'datetime': 'Шимбә', 'weather/attribute': 'яңгыр'}","{'datetime': 'шимбә көнне', 'condition_temperature': 'яңгыр'}"
test_123,бүген никадәр эссе булачак,weather/find,RateBook,False,0.9301,False,False,False,"{'datetime': 'бүген', 'weather/attribute': 'эссе'}","{'object_name': 'никадәр', 'object_type': 'эссе'}"
test_124,Барлык будильникларны бетер,alarm/cancel_alarm,alarm/cancel_alarm,True,0.9562,False,False,False,{'reference': 'Барлык'},{'reference': ''}
test_125,Бу ял көннәрендә Тахода һава торышы?,weather/find,weather/find,True,0.9497,False,False,False,"{'datetime': 'Бу ял көннәрендә', 'location': 'Тахода'}","{'datetime': 'бу ял көннәрендә', 'location': 'Тахода'}"
test_126,Миңа бүген пальто кирәкме?,weather/find,AddToPlaylist,False,0.6809,False,False,False,"{'datetime': 'бүген', 'weather/attribute': 'пальто'}","{'artist': 'пальто', 'entity_name': 'бир пальто', 'music_item': 'пальто кирәк', 'playlist': 'бир пальто кирәк'}"
test_127,Яңгыр кайчан туктар?,weather/find,weather/find,True,0.8113,False,False,False,{'weather/attribute': 'Яңгыр'},"{'condition_temperature': 'кайчан туктар', 'location': 'тукталыгынын урыны'}"
test_128,Дүшәмбе көнне 16:00 сәгатьтә минем мәктәпкә шалтыратырга хәтерләтү куй,reminder/set_reminder,PlayMusic,False,0.9284,False,False,False,"{'datetime': 'Дүшәмбе көнне 16:00 сәгатьтә', 'reminder/todo': 'минем мәктәпкә шалтыратырга'}","{'datetime': '16:00', 'music_item': 'мәктепкә шалтыратырга хәтерләтү куй'}"
test_129,Минем будильнигымны сүндер.,alarm/cancel_alarm,alarm/cancel_alarm,True,0.9192,False,False,False,{'reference': 'Минем'},{'reference': 'будильгим'}
test_130,Бүген кич никадәр салкын булыр?,weather/find,weather/find,True,0.9279,False,False,False,"{'datetime': 'Бүген кич', 'weather/attribute': 'салкын'}","{'datetime': 'бүгени', 'condition_temperature': 'салкын'}"
test_131,Будильникны иртәнге җидегә куй.,alarm/set_alarm,alarm/set_alarm,True,0.8086,False,False,False,{'datetime': 'иртәнге җидегә'},"{'datetime': 'берилгенин кыйммәтләрен алынган', 'reference': 'берилгенин кыйммәтләрен алынган'}"
test_132,Минем Робны алу турында хәтерләтүемне бетер,reminder/cancel_reminder,RateBook,False,0.8278,False,False,False,"{'reference': 'Минем', 'reminder/todo': 'Робны алу'}","{'object_name': 'Роб', 'object_type': 'фильм', 'best_rating': 'турында хәтерләтүү', 'object_select': 'турында алу'}"
test_133,Иртәгә сөт сатып алу турында хәтерләтү яса.,reminder/set_reminder,BookRestaurant,False,0.8778,False,False,False,"{'datetime': 'Иртәгә', 'reminder/todo': 'сөт сатып алу'}","{'datetime': 'сатып алу турында', 'party_size_number': 'хәтер', 'sort': 'турунда сатып алынган', 'restaurant_type': 'хәтерләтү', 'cuisine': '', 'location': ''}"
test_134,Будильникны иртәнге 6 куй,alarm/set_alarm,alarm/set_alarm,True,0.9509,False,False,False,{'datetime': 'иртәнге 6'},"{'datetime': '6', 'location': ''}"
test_135,"көндәлек будильникны, аны бетергәнче, кичке җиде сәгать утыз минутка планлаштыр",alarm/set_alarm,alarm/cancel_alarm,False,0.8854,False,False,False,{'recurring_datetime': 'көндәлек | кичке җиде сәгать утыз минутка'},{'reference': 'бутильникка күрсәтү'}
test_136,миңа торыр өчен будильникны куерга исемә төшер,reminder/set_reminder,alarm/set_alarm,False,0.9012,False,False,False,{'reminder/todo': 'торыр өчен будильникны куерга'},"{'datetime': 'тору', 'location': ''}"
test_137,Минем хәтерләтүне бетер,reminder/cancel_reminder,cancel_alarm,False,0.9267,False,False,False,{'reference': 'Минем'},{'reference': 'хәтерләтүне'}
test_138,Бүген кар булырмы?,weather/find,none,False,0.0,True,False,False,"{'datetime': 'Бүген', 'weather/attribute': 'кар'}",{}
test_139,Миңа бөтен будильникларны күрсәт,alarm/show_alarms,alarm/show_alarms,True,0.9703,False,False,False,{'reference': 'бөтен'},{'datetime': ''}
test_140,бөтен хәтерләтүләрне күрсәт,reminder/show_reminders,none,False,0.0,True,False,False,{'reference': 'бөтен'},{}
test_141,минем будильнигымда күпме вакыт калды,alarm/time_left_on_alarm,alarm/show_alarms,False,0.9318,False,True,False,{'reference': 'минем'},{'datetime': 'күпме вакыт'}
test_142,будильникны 2 сәгатькә куй,alarm/set_alarm,alarm/set_alarm,True,0.9555,False,False,False,{'datetime': '2 сәгатькә'},"{'datetime': '2 секунд', 'recurring_datetime': '', 'reference': ''}"
test_143,Эштән соң икмәк сатып алырга исемә төшер,reminder/set_reminder,BookRestaurant,False,0.9057,False,False,False,"{'datetime': 'Эштән соң', 'reminder/todo': 'икмәк сатып алырга'}","{'datetime': 'Эштән соң', 'party_size_number': 'сатып алырга исем', 'sort': 'сатып алырга исем', 'restaurant_type': 'сатып алырга исем', 'cuisine': '', 'location': ''}"
test_144,Бүген яңгыр булырмы?,weather/find,weather/find,True,0.8884,False,False,False,"{'datetime': 'Бүген', 'weather/attribute': 'яңгыр'}","{'datetime': 'бүгенин', 'condition_temperature': 'яңгыр', 'condition_description': 'булыр'}"
test_145,бүгенге һава торышы фаразын укы,weather/find,weather/find,True,0.7713,False,False,False,{'datetime': 'бүгенге'},"{'datetime': 'бүгенин', 'condition_temperature': 'салкын', 'location': 'бүгенин ашык һава торышы төрүнө таасирленген'}"
test_146,Минем будильнигым нинди вакытка куелган?,alarm/show_alarms,alarm/set_alarm,False,0.9356,False,False,False,{'reference': 'Минем'},{'datetime': 'минем будильнигым нинди вакытка куелган?'}
test_147,иртәгә 4 миңа сәүдә үзәгенә барырга исемә төшер,reminder/set_reminder,BookRestaurant,False,0.9015,False,False,False,"{'datetime': 'иртәгә 4', 'reminder/todo': 'сәүдә үзәгенә барырга'}","{'datetime': 'сәүдә үзәгә 4 миңа', 'party_size_number': 'сәүдә үзәгә 4 миңа', 'sort': '', 'restaurant_type': '', 'cuisine': '', 'location': '', 'party_size_description': 'биринчи сәүдә үзәгә 4 миңа', 'restaurant_name': '', 'movie_name': ''}"
test_148,бүген кул чатырны үзем белән алыйммы,weather/find,BookRestaurant,False,0.9008,False,False,False,"{'datetime': 'бүген', 'weather/attribute': 'кул чатырны'}","{'datetime': 'бүгенин', 'party_size_number': 'чатыр', 'sort': '', 'restaurant_type': '', 'cuisine': '', 'location': ''}"
test_149,Минем хәтерләтүне күрсәт,reminder/show_reminders,SearchCreativeWork,False,0.933,False,False,False,{'reference': 'Минем'},"{'object_type': 'хәтер', 'object_name': 'хәтер исеме'}"
test_150,Минем бөтен хәтерләтүләрне күрсәт,reminder/show_reminders,SearchCreativeWork,False,0.9456,False,False,False,{'reference': 'Минем бөтен'},"{'object_type': 'фильм төре', 'object_name': 'бөтен хәтерләтүләр'}"
test_151,Дүшәмбе көнне эт ризыгы турында хәтерләтү куй,reminder/set_reminder,SearchCreativeWork,False,0.9189,False,False,False,"{'datetime': 'Дүшәмбе', 'reminder/todo': 'эт ризыгы'}","{'datetime': 'дүшәмбе көнне', 'object_type': 'турында хәтерләтү куй'}"
test_152,"Иртәгегә ""Сишәмбе кичендә Балада Саб йога дәресенә язылырга "" хәтерләтүне куй",reminder/set_reminder,SearchCreativeWork,False,0.9165,False,False,False,"{'datetime': 'Иртәгегә', 'reminder/todo': 'Сишәмбе кичендә Балада Саб йога дәресенә язылырга'}","{'object_type': 'фильм төре', 'object_name': 'Сишәмбе кичендә Балада Саб йога дәресенә язылыш'}"
test_153,бүгенгегә бөтен искә төшерүләрне бетер,reminder/cancel_reminder,cancel_reminder,False,0.8713,False,False,False,"{'datetime': 'бүгенгегә', 'reference': 'бөтен'}","{'datetime': 'бүгенин', 'reminder_todo': 'iskә төшерүләр'}"
test_154,Бу атнада Нью-Йоркта нинди һава торышы булачак,weather/find,weather/find,True,0.9145,False,False,False,"{'datetime': 'Бу атнада', 'location': 'Нью - Йоркта'}","{'location': 'Нью-Йорк', 'condition_temperature': 'салкын'}"
test_155,пәнҗешәмбе көнне көндез 12-дә табибка баруымны исемә төшер,reminder/set_reminder,ScheduleAppointment,False,0.8866,False,False,False,"{'datetime': 'пәнҗешәмбе көнне көндез 12-дә', 'reminder/todo': 'табибка баруымны'}","{'datetime': '12', 'doctor_name_or_specialty': 'пәнҗешәмбе', 'reference': 'табибка'}"
test_156,Будильникны кичке 6:50 куй,alarm/set_alarm,alarm/set_alarm,True,0.9546,False,False,False,{'datetime': 'кичке 6:50'},"{'datetime': '6:50', 'reference': 'будильник'}"
test_157,Бүген кар булырмы?,weather/find,none,False,0.0,True,False,False,"{'datetime': 'Бүген', 'weather/attribute': 'кар'}",{}
test_158,Нинди будильниклар куелган?,alarm/show_alarms,alarm/show_alarms,True,0.7463,False,False,False,{},"{'datetime': '', 'reference': ''}"
test_159,7 октябрьгә искә төшерү будильникны куй,reminder/set_reminder,alarm/set_alarm,False,0.9646,False,False,False,{'datetime': '7 октябрьгә'},{'datetime': '7 октября'}
test_160,бүген кар булырмы?,weather/find,none,False,0.0,True,False,False,"{'datetime': 'бүген', 'weather/attribute': 'кар'}",{}
test_161,будильникны 15 минутка күчер,alarm/snooze_alarm,alarm/modify_alarm,False,0.8793,False,True,False,{'datetime': '15 минутка'},{'datetime': '15 минутка күчектерү'}
test_162,Күпме кар булуын фаразлыйлар?,weather/find,none,False,0.0,True,False,False,{'weather/attribute': 'кар'},{}
test_163,урамда эссе ме,weather/find,none,False,0.0,True,False,False,"{'location': 'урамда', 'weather/attribute': 'эссе'}",{}
test_164,Бүген нинди температура булачак?,weather/find,weather/find,True,0.9507,False,False,False,"{'datetime': 'Бүген', 'weather/attribute': 'температура'}","{'datetime': 'бүгенин', 'condition_temperature': ''}"
test_165,иртәгә Далласта һава торышы нинди булыр,weather/find,weather/find,True,0.936,False,False,False,"{'datetime': 'иртәгә', 'location': 'Далласта'}","{'location': 'Даллас', 'condition_temperature': ''}"
test_166,бүгенгегә минем бөтен искә төшерүләрне күрсәт,reminder/show_reminders,SearchScreeningEvent,False,0.9073,False,False,False,"{'datetime': 'бүгенгегә', 'reference': 'минем бөтен'}","{'datetime': 'бүгенин', 'object_type': 'iskә төшерүләр'}"
test_167,Атна саен продукт сатып алу турында хәтерләтү куй.,reminder/set_reminder,AddToPlaylist,False,0.8914,False,False,False,"{'recurring_datetime': 'Атна саен', 'reminder/todo': 'продукт сатып алу'}","{'artist': 'продукт сатып алу', 'entity_name': 'хәтер'}"
test_168,һава торышы,weather/find,weather/find,True,0.9582,False,False,False,{},"{'datetime': '', 'location': ''}"
test_169,Яңгыр көне буе явыр микән?,weather/find,weather/find,True,0.886,False,False,False,"{'weather/attribute': 'Яңгыр', 'datetime': 'көне буе'}","{'condition_temperature': 'көне буе', 'datetime': 'яңгыр көне'}"
test_170,Иртәгә яңгыр булырмы?,weather/find,SearchCreativeWork,False,0.8376,False,False,False,"{'datetime': 'Иртәгә', 'weather/attribute': 'яңгыр'}","{'datetime': '', 'object_type': 'фильм төре', 'movie_type': 'йоңыр булыр', 'object_name': ''}"
test_171,Бүген кич эш хатларына җавап бирергә исемә төшер,reminder/set_reminder,alarm/modify_alarm,False,0.8614,False,False,False,"{'datetime': 'Бүген кич', 'reminder/todo': 'эш хатларына җавап бирергә'}","{'datetime': 'бүгүн', 'reference': 'кич эш хатлары'}"
test_172,Будильникларны бетер,alarm/cancel_alarm,alarm/cancel_alarm,True,0.9535,False,False,False,{},{'reference': 'будильникка күрсәтү'}
test_173,Минем будильникларны бетер,alarm/cancel_alarm,alarm/cancel_alarm,True,0.9607,False,False,False,{'reference': 'Минем'},{'reference': 'будильникка күрсәтү'}
test_174,Мин бүген шортыны кия аламмы?,weather/find,none,False,0.0,True,False,False,"{'datetime': 'бүген', 'weather/attribute': 'шортыны'}",{}
test_175,Иртәгә яңгыр булырмы?,weather/find,SearchCreativeWork,False,0.8376,False,False,False,"{'datetime': 'Иртәгә', 'weather/attribute': 'яңгыр'}","{'datetime': '', 'object_type': 'фильм төре', 'movie_type': 'йоңыр булыр', 'object_name': ''}"
test_176,Будильникны иртәнге 10 куй,alarm/set_alarm,alarm/set_alarm,True,0.8454,False,False,False,{'datetime': 'иртәнге 10'},"{'datetime': 'биринчи 10 жыл', 'recurring_datetime': '', 'reference': ''}"
test_177,бу атнада яңгыр булырмы,weather/find,none,False,0.0,True,False,False,"{'datetime': 'бу атнада', 'weather/attribute': 'яңгыр'}",{}
test_178,бөтен хәтерләтүләрне күрсәт,reminder/show_reminders,none,False,0.0,True,False,False,{'reference': 'бөтен'},{}
test_179,будильникларны бетер,alarm/cancel_alarm,alarm/cancel_alarm,True,0.9703,False,False,False,{},{'reference': 'будильникка күрсәтү'}
test_180,бөтен будильникларны сүндер,alarm/cancel_alarm,alarm/cancel_alarm,True,0.9421,False,False,False,{'reference': 'бөтен'},{'reference': 'бөтен будильниклар'}
test_181,бөтен будильник настройкаларын күрсәт,alarm/show_alarms,alarm/modify_alarm,False,0.9233,False,False,False,{'reference': 'бөтен'},{'datetime': 'бөтен будильник дата/вакыты'}
test_182,Будильникны егерме минут саен куй,alarm/set_alarm,alarm/set_alarm,True,0.9415,False,False,False,{'recurring_datetime': 'егерме минут саен'},"{'datetime': 'минут саен', 'recurring_datetime': None, 'reference': None, 'reminder/todo': None}"
test_183,Минем нинди искә төшерүләрем бар?,reminder/show_reminders,none,False,0.0,True,False,False,{'reference': 'Минем'},{}
test_184,иртәгегә будильникны бетер,alarm/cancel_alarm,alarm/cancel_alarm,True,0.9391,False,False,False,{'datetime': 'иртәгегә'},{'reference': 'иртәгегә'}
test_185,бүген миңа зонтик кирәкме?,weather/find,FindScreeningEvent,False,0.8874,False,False,False,"{'datetime': 'бүген', 'weather/attribute': 'зонтик'}","{'datetime': 'бүгенин', 'object_type': 'зонтик'}"
test_186,бүген кар булырмы?,weather/find,none,False,0.0,True,False,False,"{'datetime': 'бүген', 'weather/attribute': 'кар'}",{}
test_187,Бүген кич минем әнигә шалтыратырга искә төшер,reminder/set_reminder,alarm/set_alarm,False,0.8644,False,False,False,"{'datetime': 'Бүген кич', 'reminder/todo': 'минем әнигә шалтыратырга'}","{'datetime': 'бүгенин кич кич минем әнигә', 'recurring_datetime': '', 'reference': '', 'reminder/todo': 'iskә төшер'}"
test_188,Бүген яңгыр булырмы?,weather/find,weather/find,True,0.8884,False,False,False,"{'datetime': 'Бүген', 'weather/attribute': 'яңгыр'}","{'datetime': 'бүгенин', 'condition_temperature': 'яңгыр', 'condition_description': 'булыр'}"
test_189,Шимбә көнне яңгыр булырмы?,weather/find,weather/find,True,0.9395,False,False,False,"{'datetime': 'Шимбә', 'weather/attribute': 'яңгыр'}","{'datetime': 'шимбә көнне', 'condition_temperature': 'яңгыр'}"
test_190,Будильникны һәр минут саен 20 минутка куясынмы?,alarm/set_alarm,alarm/set_alarm,True,0.8989,False,False,False,{'recurring_datetime': 'һәр минут саен 20 минутка'},"{'datetime': 'саен 20 минутка', 'recurring_datetime': None, 'reference': None, 'reminder/todo': 'саен 20 минутка'}"
test_191,Кариб бассейнында тропик давыллар,weather/find,BookRestaurant,False,0.9546,False,False,False,"{'location': 'Кариб', 'weather/attribute': 'тропик давыллар'}","{'datetime': None, 'party_size_number': None, 'sort': None, 'restaurant_type': 'тропик давыллар', 'cuisine': None, 'location': 'Кариб бассейн', 'party_size_description': None, 'restaurant_name': None, 'facility': None}"
test_192,барлык будильникларны бетер,alarm/cancel_alarm,alarm/cancel_alarm,True,0.9786,False,False,False,{'reference': 'барлык'},{'reference': 'барлык будильниклар'}
test_193,Будильникны тугыз минут саен куй,alarm/set_alarm,alarm/set_alarm,True,0.7966,False,False,False,{'recurring_datetime': 'тугыз минут саен'},"{'datetime': 'тугыз минут', 'reference': 'сутул күрсәтүлүш'}"
test_194,Минем исемлектән соңгы ике хәтерләтүне бетер,reminder/cancel_reminder,CancelAlarm,False,0.9583,False,False,False,{'reference': 'соңгы ике'},{'reference': 'соңгы ике хәтерләтүне бетер'}
test_195,бүген һава торышы нинди,weather/find,weather/find,True,0.9202,False,False,False,{'datetime': 'бүген'},"{'datetime': 'бүгенин', 'condition_temperature': None, 'location': None}"
test_196,минем будильнигымны кабыз,alarm/set_alarm,alarm/set_alarm,True,0.9249,False,False,False,{'reference': 'минем'},"{'datetime': 'минем', 'location': ''}"
test_197,Бүген һаваның дымлылыгы нинди?,weather/find,weather/find,True,0.8998,False,False,False,"{'datetime': 'Бүген', 'weather/attribute': 'һаваның дымлылыгы'}","{'condition_temperature': 'һаваның дымлылыгы', 'location': 'бүгени'}"
test_198,миңа торыр өчен будильникны куерга исемә төшер,reminder/set_reminder,alarm/set_alarm,False,0.9012,False,False,False,{'reminder/todo': 'миңа торыр өчен будильникны куерга'},"{'datetime': 'тору', 'location': ''}"
test_199,Бу ял көннәрендә кар явырмы?,weather/find,none,False,0.0,True,False,False,"{'datetime': 'Бу ял көннәрендә', 'weather/attribute': 'кар'}",{}
test_200,Бүген никадәр эссе булачак?,weather/find,none,False,0.0,True,False,False,"{'datetime': 'Бүген', 'weather/attribute': 'эссе'}",{}
test_201,Минем будильнигым нинди вакытка куелган,alarm/show_alarms,alarm/set_alarm,False,0.9509,False,False,False,{'reference': 'Минем'},"{'datetime': 'минем будильнигым нинди вакытка куелган', 'recurring_datetime': ''}"
test_202,Бүген һава торышы нинди?,weather/find,weather/find,True,0.9281,False,False,False,{'datetime': 'Бүген'},"{'datetime': 'бүгенин', 'condition_temperature': '', 'condition_description': ''}"
test_203,Иртәгә яңгыр явармы?,weather/find,SearchCreativeWork,False,0.9202,False,False,False,"{'datetime': 'Иртәгә', 'weather/attribute': 'яңгыр'}","{'object_type': 'фильм төре', 'object_name': 'Иртәгә яңгыр явар'}"
test_204,Сишәмбе көнне иртәнге 5:15 минем будильнигымны бетер,alarm/cancel_alarm,alarm/cancel_alarm,True,0.9258,False,False,False,"{'datetime': 'Сишәмбе көнне иртәнге 5:15', 'reference': 'минем'}",{'datetime': 'сишәмбе көнне иртәнге 5:15'}
test_205,бүгенге уен турында искәртүне бетер,reminder/cancel_reminder,cancel_reminder,False,0.9277,False,False,False,"{'datetime': 'бүгенге', 'reminder/todo': 'уен'}","{'datetime': 'бүгени', 'reminder/todo': 'iskәртүне'}"
test_206,будильникны иртәнге көндезге 3-ке куй,alarm/set_alarm,alarm/set_alarm,True,0.8285,False,False,False,{'datetime': 'көндезге 3-ке'},"{'datetime': 'берилгенин көндезгә 3-ке кулуу', 'recurring_datetime': None}"
test_207,шимбә көнне бөтен будильникларны бетер,alarm/cancel_alarm,alarm/cancel_alarm,True,0.9347,False,False,False,"{'datetime': 'шимбә көнне', 'reference': 'бөтен'}",{'datetime': 'şimбә көнө'}
test_208,Миңа Лизаны алу турында искәртү кирәк,reminder/set_reminder,reminder/set_reminder,True,0.8286,False,False,False,{'reminder/todo': 'Лизаны алу'},"{'datetime': 'тик жеңил', 'reminder/todo': 'Алу Лизаны'}"
test_209,Бүген нинди югары температура?,weather/find,weather/find,True,0.9337,False,False,False,"{'datetime': 'Бүген', 'weather/attribute': 'югары'}","{'datetime': 'бүгенин', 'condition_temperature': None}"
test_210,Бүген Гринстоунда болытлы булырмы?,weather/find,SearchCreativeWork,False,0.8989,False,False,False,"{'datetime': 'Бүген', 'location': 'Гринстоунда', 'weather/attribute': 'болытлы'}","{'object_type': 'булыр', 'object_name': 'Гринстоун'}"
test_211,Соңрак искә төшер,reminder/set_reminder,RateBook,False,0.895,False,False,False,{'datetime': 'Соңрак'},"{'object_name': 'тик ашамлык', 'object_type': 'тиз ашамлык', 'best_rating': 'сигез', 'location': 'Moores Mill-дан | ерак түгел', 'datetime': 'соң', 'object_select': 'өстәл сакларга аласызмы'}"
test_212,бүген франциядә нинди һава торышы,weather/find,weather/find,True,0.8961,False,False,False,"{'datetime': 'бүген', 'location': 'франциядә'}","{'datetime': 'бүгенин', 'condition_temperature': None, 'location': 'франциядә'}"
test_213,Шимбә кичәсендә кояшлы булырмы?,weather/find,BookRestaurant,False,0.848,False,False,False,"{'datetime': 'Шимбә', 'weather/attribute': 'кояшлы'}","{'datetime': 'Шимбә кичәсендә', 'party_size_number': 'булыр', 'sort': '', 'restaurant_type': '', 'cuisine': '', 'location': 'кучка'}"
test_214,Иртәгә яңгыр явармы?,weather/find,SearchCreativeWork,False,0.9202,False,False,False,"{'datetime': 'Иртәгә', 'weather/attribute': 'яңгыр'}","{'object_type': 'фильм төре', 'object_name': 'Иртәгә яңгыр явар'}"
test_215,Мин бүген шортыны кия аламмы?,weather/find,none,False,0.0,True,False,False,"{'datetime': 'бүген', 'weather/attribute': 'шортыны'}",{}
test_216,Минем искәртүемне күрсәт,reminder/show_reminders,reminder/set_reminder,False,0.9254,False,False,False,{'reference': 'Минем'},"{'datetime': 'минем искәртүемне күрсәт', 'reminder_todo': 'искәртү эчтәлеге'}"
test_217,Сентябрьдә уртача һава торышы нинди,weather/find,weather/find,True,0.8965,False,False,False,{'datetime': 'Сентябрьдә'},"{'datetime': 'Сентябрь', 'condition_temperature': 'салкын', 'condition_description': 'уртача'}"
test_218,Бүген салкынмы?,weather/find,weather/find,True,0.9119,False,False,False,"{'datetime': 'Бүген', 'weather/attribute': 'салкынмы'}","{'datetime': 'бүгенин', 'condition_temperature': 'салкын'}"
test_219,Бөтен искәртүләремне бетер,reminder/cancel_reminder,cancel_reminder,False,0.9375,False,False,False,{'reference': 'Бөтен'},"{'datetime': '', 'reference': 'iskәртүгә күрсәтү'}"
test_220,монда эссеме?,weather/find,none,False,0.0,True,False,False,{'weather/attribute': 'эссеме'},{}
test_221,Ял көннәрендә көндезге 2 будильнигымны куй,alarm/set_alarm,alarm/set_alarm,True,0.6377,False,False,False,{'recurring_datetime': 'Ял көннәрендә көндезге 2'},"{'datetime': 'көндезге 2', 'reference': 'будильнүү көндезге 2'}"
test_222,Будильникны иртәнге 2 куй,alarm/set_alarm,alarm/set_alarm,True,0.8535,False,False,False,{'datetime': 'иртәнге 2'},"{'datetime': 'биринчи өкүм', 'recurring_datetime': '', 'reference': 'иртәнге 2 куй'}"
test_223,Бүген һаваның дымлылыгы нинди?,weather/find,weather/find,True,0.8998,False,False,False,"{'datetime': 'Бүген', 'weather/attribute': 'һаваның дымлылыгы'}","{'condition_temperature': 'һаваның дымлылыгы', 'location': 'бүгени'}"
test_224,минем бөтен будильникларымны күрсәт,alarm/show_alarms,alarm/show_alarms,True,0.9634,False,False,False,{'reference': 'минем бөтен'},{'datetime': ''}
test_225,Минем бөтен искәртүләремне күрсәт,reminder/show_reminders,none,False,0.8527,True,False,False,{'reference': 'Минем бөтен'},{}
test_226,бөтен будильникларымны бетер,alarm/cancel_alarm,alarm/cancel_alarm,True,0.9681,False,False,False,{'reference': 'бөтен'},{'reference': 'бөтен будильникларым'}
test_227,Давыл минем районыма якынлашамы?,weather/find,SearchScreeningEvent,False,0.745,False,False,False,"{'weather/attribute': 'Давыл', 'location': 'минем районыма'}","{'object_type': 'урын', 'object_location_type': 'район', 'location': 'район'}"
test_228,бүген һава торышы нинди,weather/find,weather/find,True,0.9202,False,False,False,{'datetime': 'бүген'},"{'datetime': 'бүгенин', 'condition_temperature': None, 'location': None}"
test_229,соңгы искәртүемне бетер,reminder/cancel_reminder,cancel_reminder,False,0.7796,False,False,False,{'reference': 'соңгы'},"{'datetime': '', 'reference': 'искәртү'}"
test_230,Будильникка күпме вакыт калды.,alarm/time_left_on_alarm,alarm/set_alarm,False,0.9277,False,True,False,{},"{'datetime': 'күпме вакыт', 'reference': 'будильникка күрсәтү'}"
test_231,Якшәмбе көнне минем бөтен будильникларымны бетер.,alarm/cancel_alarm,alarm/cancel_alarm,True,0.8977,False,False,False,"{'datetime': 'Якшәмбе көнне', 'reference': 'минем бөтен'}",{'datetime': 'минем бөт'}
test_232,Бүген нихәтле эссе булачак?,weather/find,none,False,0.0,True,False,False,"{'datetime': 'Бүген', 'weather/attribute': 'эссе'}",{}
test_233,Мин сине иртәгә иртәнге 8:45 яңа будильникны куерга теләр идем,alarm/set_alarm,alarm/set_alarm,True,0.9383,False,False,False,{'datetime': 'иртәгә иртәнге 8:45'},"{'datetime': '8:45', 'reference': 'идем'}"
test_234,бөтен будильникларны бетер,alarm/cancel_alarm,alarm/cancel_alarm,True,0.974,False,False,False,{'reference': 'бөтен'},{'reference': 'бөтен будильникка күрсәтү'}
test_235,Бүген кар явармы?,weather/find,none,False,0.0,True,False,False,"{'datetime': 'Бүген', 'weather/attribute': 'кар'}",{}
test_236,миңа бозны алырга искә төшер,reminder/set_reminder,BookRestaurant,False,0.9567,False,False,False,{'reminder/todo': 'бозны алырга'},"{'datetime': None, 'party_size_number': None, 'sort': None, 'restaurant_type': None, 'cuisine': None, 'location': None, 'party_size_description': 'бозны алырга искә төшер', 'restaurant_name': None}"
test_237,бөтен искәртүләремне күрсәт,reminder/show_reminders,reminder/set_reminder,False,0.8959,False,False,False,{'reference': 'бөтен'},"{'datetime': 'бөтен', 'reminder/todo': 'iskәртү кую'}"
test_238,бөтен будильникларымны күрсәт,alarm/show_alarms,alarm/show_alarms,True,0.9696,False,False,False,{'reference': 'бөтен'},{'datetime': ''}
test_239,Сан-Францискода һава торышы нинди?,weather/find,weather/find,True,0.9666,False,False,False,{'location': 'Сан - Францискода'},{'location': 'San Francisco'}
test_240,Бөтен искәртүләремне бетер,reminder/cancel_reminder,cancel_reminder,False,0.9375,False,False,False,{'reference': 'Бөтен'},"{'datetime': '', 'reference': 'iskәртүгә күрсәтү'}"
test_241,Концерт турында искәртүне бетер,reminder/cancel_reminder,cancel_reminder,False,0.8119,False,False,False,{'reminder/todo': 'Концерт'},"{'datetime': '', 'reference': 'iskәртүге күрсәтүлген объект'}"
test_242,Иртәгә иртәнге будильникны бетер,alarm/cancel_alarm,alarm/cancel_alarm,True,0.9386,False,False,False,{'datetime': 'Иртәгә иртәнге'},{'reference': 'иртәгә иртәнге'}
test_243,бу атнада яңгыр явармы,weather/find,none,False,0.0,True,False,False,"{'datetime': 'бу атнада', 'weather/attribute': 'яңгыр'}",{}
test_244,Гольф уйнау өчен чәршәмбе көнне һава торышы нинди?,weather/find,SearchCreativeWork,False,0.8992,False,False,False,{'datetime': 'чәршәмбе көнне'},"{'object_type': 'унау', 'object_name': 'гольф уйнау'}"
test_245,бөтен будильникларымны күрсәт,alarm/show_alarms,alarm/show_alarms,True,0.9696,False,False,False,{'reference': 'бөтен'},{'datetime': ''}
test_246,бөтен иртәгә будильникларны сүндер,alarm/cancel_alarm,alarm/cancel_alarm,True,0.964,False,False,False,"{'reference': 'бөтен', 'datetime': 'иртәгә'}",{'datetime': ''}
test_247,Будильнигымны бүген кичке 5 куй,alarm/set_alarm,alarm/set_alarm,True,0.8413,False,False,False,{'datetime': 'бүген кичке 5'},"{'datetime': 'бүгүн', 'recurring_datetime': '', 'reference': 'бүгени бүгөнгө бүгүнге кичек', 'reminder/todo': 'бүгени бүгөнгө бүгүнге кичек'}"
test_248,будильнигымны иртәге 7-гә куй,alarm/set_alarm,alarm/set_alarm,True,0.9351,False,False,False,{'datetime': 'иртәге 7-гә'},"{'datetime': '7', 'reference': 'будильнигым'}"
test_249,Иртәгә кояшлы булырмы?,weather/find,none,False,0.0,True,False,False,"{'datetime': 'Иртәгә', 'weather/attribute': 'кояшлы'}",{}
test_250,бүген нинди эссе булыр,weather/find,none,False,0.0,True,False,False,"{'datetime': 'бүген', 'weather/attribute': 'эссе'}",{}
test_251,Бир ноль йолдызлар Halo: Ghosts of Onyx,RateBook,RateBook,True,0.9518,False,False,False,"{'rating_value': 'ноль', 'rating_unit': 'йолдызлар', 'object_name': 'Halo: Ghosts of Onyx'}","{'object_name': 'Halo: Ghosts of Onyx', 'best_rating': '0', 'rating_unit': 'йолдыз', 'object_type': 'китап'}"
test_252,Джой Нило музыкасын кабыз .,PlayMusic,PlayMusic,True,0.9288,False,False,False,{'artist': 'Джой Нило'},"{'music_item': 'Джой Нило', 'service': 'музыкаль сервис'}"
test_253,"Зинһар, миңа 20 Hours in America дип аталган видеоуен таб .",SearchCreativeWork,SearchCreativeWork,True,0.9638,False,False,False,"{'object_name': '20 Hours in America', 'object_type': 'видеоуен'}","{'object_name': '20 Hours in America', 'object_type': 'video'}"
test_254,Мин ясаган плейлистымны уйнат,PlayMusic,PlayMusic,True,0.8922,False,False,False,{'playlist': 'ясаган'},"{'playlist': 'ясаган плейлистым', 'artist': 'не указано', 'music_item': 'не указано'}"
test_255,Термонтта 9 кешегә урын броньла,BookRestaurant,BookRestaurant,True,0.9626,False,False,False,"{'location': 'Термонтта', 'party_size_number': '9 кешегә'}","{'datetime': None, 'party_size_number': '9', 'sort': None, 'restaurant_type': None, 'cuisine': None, 'location': None, 'party_size_description': 'урын броньлау', 'restaurant_name': None, 'facility': None}"
test_256,Бу көйне Доротиның 80's party плейлистына өстә,AddToPlaylist,AddToPlaylist,True,0.9083,False,False,False,"{'music_item': 'көйне', 'reference': 'Доротиның', 'playlist': ""80's party""}","{'playlist': ""Доротинаң 80's party"", 'artist': 'Доротин', 'music_item': 'плейлист'}"
test_257,Last FM-да Эдди Винсонның иң яңа көйен кабыз .,PlayMusic,SearchCreativeWork,False,0.9678,False,False,False,"{'service': 'Last FM-да', 'artist': 'Эдди Винсонның', 'sort': 'иң яңа', 'music_item': 'көйен'}","{'object_name': 'Эдди Винсон', 'object_type': 'фильм'}"
test_258,Небрасканың һава торышын тикшер .,weather/find,weather/find,True,0.9903,False,False,False,{'location': 'Небрасканың'},{'location': 'Небраскан'}
test_259,NC-да хәзер буран бармы ?,weather/find,SearchScreeningEvent,False,0.8876,False,False,True,"{'location': 'NC-да', 'datetime': 'хәзер', 'condition_description': 'буран'}","{'datetime': '', 'object_type': 'хәзер', 'object_location_type': 'NC-да'}"
test_260,Мин 1998 елгы минионны тыңларга телим .,PlayMusic,RateBook,False,0.9082,False,False,False,"{'datetime': '1998', 'music_item': 'минионны'}","{'object_name': 'минион', 'object_type': 'китап', 'best_rating': '1998', 'rating_value': 'тыңларга телим'}"
test_261,Миңа Дипсон театрларында A Yiddish World Remembered өчен вакыт кирәк,SearchScreeningEvent,SearchScreeningEvent,True,0.9177,False,False,False,"{'location': 'Дипсон театрларында', 'movie_name': 'A Yiddish World Remembered', 'object_type': 'вакыт'}","{'datetime': 'вакыт', 'object_type': ' theatrical performance', 'object_name': 'A Yiddish World Remembered', 'location': 'Dixon Theatre'}"
test_262,Хәзерге дәреслеккә 6-дан 1 балл бир,RateBook,RateBook,True,0.915,False,False,False,"{'object_select': 'Хәзерге', 'object_type': 'дәреслеккә', 'best_rating': '6-дан', 'rating_value': '1'}","{'object_name': 'дәрес', 'object_type': 'китап', 'best_rating': '6', 'rating_value': 'балл', 'rating_unit': 'йолдоz', 'object_part_of_series_type': 'том'}"
test_263,Мэтт Мерфиның көйен Flow Español плейлистына өстә.,AddToPlaylist,AddToPlaylist,True,0.8519,False,False,False,"{'artist': 'Мэтт Мерфиның', 'music_item': 'көйен', 'playlist': 'Flow Español'}","{'playlist': ""Mercury's Flow"", 'artist': 'M', 'entity_name': 'playlist', 'music_item': 'song'}"
test_264,Мин 3 кешегә 20/05/2025 Техас янындагы судан гастропабын броньларга телим .,BookRestaurant,BookRestaurant,True,0.9212,False,False,True,"{'party_size_number': '3', 'datetime': '20/05/2025', 'location': 'Техас | янындагы', 'cuisine': 'судан', 'restaurant_type': 'гастропабын'}","{'datetime': '20/05/2025', 'party_size_number': '3', 'location': 'Technus (государственный суд)', 'restaurant_type': 'гастропаб'}"
test_265,Син The Approach телесериал таба алмасыңмы,SearchCreativeWork,SearchCreativeWork,True,0.9842,False,False,False,"{'object_name': 'The Approach', 'object_type': 'телесериал'}","{'object_type': 'телесериал', 'object_name': 'The Approach'}"
test_266,Бу хроникага 2 балл бир.,RateBook,none,False,0.0,True,False,True,"{'object_select': 'Бу', 'object_part_of_series_type': 'хроникага', 'rating_value': '2'}",{}
test_267,The American Scene-ка 6-дан 2 йолдыз бир,RateBook,BookRestaurant,False,0.8877,False,False,False,"{'object_name': 'The American Scene-ка', 'best_rating': '6-дан', 'rating_value': '2', 'rating_unit': 'йолдыз'}","{'datetime': '6 йолдо', 'party_size_number': '2', 'sort': 'бира', 'restaurant_type': 'The American Scene', 'cuisine': 'не указано', 'location': 'не указано'}"
test_268,Минем Nação Reggae плейлистына emilie autumn өстә.,AddToPlaylist,AddToPlaylist,True,0.9821,False,False,False,"{'reference': 'Минем', 'playlist': 'Nação Reggae', 'artist': 'emilie autumn'}","{'artist': 'emilie autumn', 'entity_name': 'Nação Reggae', 'playlist': 'Nação Reggae'}"
test_269,Мин Гамбиядәге яһүд ресторанын броньларга телим .,BookRestaurant,BookRestaurant,True,0.9589,False,False,True,"{'location': 'Гамбиядәге', 'cuisine': 'яһүд', 'restaurant_type': 'ресторанын'}","{'datetime': None, 'party_size_number': None, 'sort': None, 'restaurant_type': None, 'cuisine': None, 'location': 'Гамбия | яһүд', 'restaurant_name': None, 'party_size_description': None}"
test_270,Fried chicken restaurant өстәленә заказ бир,BookRestaurant,BookRestaurant,True,0.9398,False,False,True,{'restaurant_name': 'Fried chicken restaurant'},"{'datetime': None, 'party_size_number': None, 'sort': None, 'restaurant_type': 'fried chicken restaurant', 'cuisine': None, 'location': None, 'party_size_description': 'order fried chicken', 'restaurant_name': None, 'facility': None}"
test_271,минем House Afterwork плейлистымна we have a theme song өстә,AddToPlaylist,AddToPlaylist,True,0.99,False,False,False,"{'reference': 'минем', 'playlist': 'House Afterwork', 'entity_name': 'we have a theme song'}","{'playlist': 'House Afterwork', 'music_item': 'we have a theme song'}"
test_272,2026 елның унтугызынчы октябрендә моннан ерак түгел нинди һава торышы булачак ?,weather/find,weather/find,True,0.9212,False,False,False,"{'datetime': '2026 елның унтугызынчы октябрендә', 'location': 'моннан | ерак түгел'}","{'datetime': '2026 елның унтугызынчы октябрендә', 'condition_temperature': 'өс', 'location': 'моннан ерак түгел'}"
test_273,Уолденда һава торышы Россия 26/12/2018,weather/find,weather/find,True,0.9727,False,False,False,"{'location': 'Уолденда | Россия', 'datetime': '26/12/2018'}","{'datetime': '26/12/2018', 'location': 'Уолден'}"
test_274,Мин каенана һәм миңа бер елдан соң Buckner ресторанны броньларга телим .,BookRestaurant,BookRestaurant,True,0.921,False,False,True,"{'party_size_description': 'каенана һәм миңа', 'datetime': 'бер елдан соң', 'location': 'Buckner', 'restaurant_type': 'ресторанны'}","{'datetime': 'бер елдан соң', 'party_size_number': None, 'sort': None, 'restaurant_type': 'бер елдан бронь', 'cuisine': None, 'location': 'Buckner', 'party_size_description': 'бер елдан бронь'}"
test_275,Бу китапка 1 балл бир,RateBook,RateBook,True,0.8838,False,False,False,"{'object_select': 'Бу', 'object_type': 'китапка', 'rating_value': '1'}","{'object_name': '1 балл', 'object_type': 'китап', 'rating_value': 'балл', 'rating_unit': 'йолдоz', 'object_select': ""конкрет объектка күрсәтү: '1 балл'""}"
test_276,бу башкаручыны минем spotlight on country 2016 плейлистына өстә,AddToPlaylist,AddToPlaylist,True,0.9373,False,False,False,"{'music_item': 'башкаручыны', 'reference': 'минем', 'playlist': 'spotlight on country 2016'}","{'artist': 'spotlight on country 2016', 'entity_name': 'плейлист', 'playlist': 'spotlight on country 2016'}"
test_277,Син Epic Conditions рәсемен таба алмасыңмы ?,SearchCreativeWork,SearchCreativeWork,True,0.9389,False,False,False,"{'object_name': 'Epic Conditions', 'object_type': 'рәсемен'}","{'object_type': 'фильм төре', 'object_name': 'Epic Conditions'}"
test_278,Iheart-та rich sex уйна,PlayMusic,SearchCreativeWork,False,0.9501,False,False,True,"{'service': 'Iheart-та', 'track': 'rich sex'}","{'object_type': 'уеннар', 'object_name': 'Iheart-та rich sex уйна'}"
test_279,Bartok the Magnificent иртәнге җидедә башланачакмы ?,SearchScreeningEvent,SearchCreativeWork,False,0.9764,False,False,False,"{'movie_name': 'Bartok the Magnificent', 'datetime': 'иртәнге җидедә'}","{'object_name': 'Bartok the Magnificent', 'object_type': 'фильм'}"
test_280,Zvooq-да берәр нәрсә уйна,PlayMusic,PlayMusic,True,0.947,False,False,False,{'service': 'Zvooq-да'},"{'music_item': 'берәр нәрсә', 'service': 'Zvooq'}"
test_281,Миңа Крис Найт музыкасын тыңларга бир,PlayMusic,PlayMusic,True,0.9734,False,False,False,{'artist': 'Крис Найт'},"{'artist': 'Крис Найт', 'music_item': 'музыка'}"
test_282,Джилл Собул альбомын кабыз,PlayMusic,PlayMusic,True,0.9379,False,False,True,"{'album': 'Джилл Собул', 'music_item': 'альбомын'}","{'music_item': 'Джилл Собул альбомы', 'artist': 'Джилл Собул'}"
test_283,The Broken Window дүрт йолдыз бирегез,RateBook,SearchCreativeWork,False,0.975,False,False,False,"{'object_name': 'The Broken Window', 'rating_value': 'дүрт', 'rating_unit': 'йолдыз'}","{'object_name': 'The Broken Window', 'object_type': 'фильм'}"
test_284,Tatra-милли паркында иртәнге 6да һава торышын миңа әйт,weather/find,weather/find,True,0.8009,False,False,False,"{'location': 'Tatra-милли паркында', 'datetime': 'иртәнге 6да'}","{'datetime': '6 өкмө', 'location': 'Tatra-mill park', 'condition_temperature': '6da'}"
test_285,"Зинһар, миңа бистродагы өстәлне броньла, анда lorna doone хезмәт итәләр .",BookRestaurant,BookRestaurant,True,0.9211,False,False,True,"{'restaurant_type': 'бистродагы', 'served_dish': 'lorna doone'}","{'datetime': None, 'party_size_number': None, 'sort': None, 'restaurant_type': 'бистродагы өстәл', 'cuisine': 'lorna doone', 'location': 'бистродагы'}"
test_286,The Mystery of the Tolling Bell сериалны 4 йолдызга бәялә .,RateBook,SearchCreativeWork,False,0.9378,False,False,True,"{'object_name': 'The Mystery of the Tolling Bell', 'object_part_of_series_type': 'сериалны', 'rating_value': '4', 'rating_unit': 'йолдызга'}","{'object_type': 'фильм төре', 'object_name': 'The Mystery of the Tolling Bell', 'movie_type': '4 йолдызга бәялә'}"
test_287,Музыка уйнау өчен Groove Shark куллан,PlayMusic,PlayMusic,True,0.9549,False,False,False,{'service': 'Groove Shark'},"{'artist': 'Groove Shark', 'music_item': 'альбом'}"
test_288,Якындагы кинотеатрда Snowbound күрсәтү графигын тикшер .,SearchScreeningEvent,SearchScreeningEvent,True,0.8797,False,False,True,"{'location': 'Якындагы', 'object_location_type': 'кинотеатрда', 'movie_name': 'Snowbound'}","{'datetime': '', 'object_type': 'cinema screening event', 'movie_name': 'Snowbound', 'object_location_type': 'theater', 'location': 'kinotеatрда'}"
test_289,"Зинһар, Zvooq ач",PlayMusic,BookRestaurant,False,0.9454,False,False,False,{'service': 'Zvooq'},"{'datetime': None, 'party_size_number': None, 'sort': None, 'restaurant_type': None, 'cuisine': None, 'location': 'Zvooq-дан | ач'}"
test_290,1 кешегә урын Меритта Town of Ramsgate броньла,BookRestaurant,BookRestaurant,True,0.9706,False,False,True,"{'party_size_number': '1', 'location': 'Меритта', 'restaurant_name': 'Town of Ramsgate'}","{'party_size_number': '1', 'location': 'Merita Town of Ramsgate'}"
test_291,I Think I Do кичке 7-дә уйныймы ?,SearchScreeningEvent,AddToPlaylist,False,0.8756,False,False,False,"{'movie_name': 'I Think I Do', 'datetime': 'кичке 7-дә'}","{'artist': 'I Think I Do', 'entity_name': 'устана өстәл', 'playlist': 'устана өстәл'}"
test_292,Custer National Forest кичке җидедә салкынрак булырмы,weather/find,SearchScreeningEvent,False,0.888,False,False,True,"{'location': 'Custer National Forest', 'datetime': 'кичке җидедә', 'condition_temperature': 'салкынрак'}","{'datetime': 'салкынрак', 'object_type': 'урын', 'object_location_type': 'урын'}"
test_293,Мин Youtube-та берәр нәрсә тыңларга телим,PlayMusic,SearchCreativeWork,False,0.8826,False,False,False,{'service': 'Youtube-та'},"{'object_type': 'тыңлар', 'object_name': 'YouTube-та берәр нәрс'}"
test_294,Difficult Loves уенын эзлә,SearchCreativeWork,SearchCreativeWork,True,0.9823,False,False,False,"{'object_name': 'Difficult Loves', 'object_type': 'уенын'}","{'object_name': 'Difficult Loves', 'object_type': 'фильм'}"
test_295,Нинди һава торышы 20 февральгә Bothe-Napa Valley дәүләт паркында ?,weather/find,weather/find,True,0.9759,False,False,False,"{'datetime': '20 февральгә', 'location': 'Bothe-Napa Valley дәүләт паркында'}","{'datetime': '20 февральгә', 'location': 'Bothe-Napa Valley'}"
test_296,миңа кинотеатр янындагы The Great Gildersleeve фильмы сессияләре расписаниесен күрсәт,SearchScreeningEvent,SearchScreeningEvent,True,0.8993,False,False,True,"{'object_location_type': 'кинотеатр', 'movie_name': 'The Great Gildersleeve', 'object_type': 'расписаниесен'}","{'movie_name': 'The Great Gildersleeve', 'object_type': 'cinema screen', 'datetime': 'кинотеатр янында', 'object_location_type': 'cinema', 'movie_type': 'screenings'}"
test_297,Миңа Гибслендта һава торышын әйт,weather/find,weather/find,True,0.9217,False,False,False,{'location': 'Гибслендта'},"{'datetime': '', 'location': 'Гибслендтә', 'condition_temperature': ''}"
test_298,Мин күршедәге кино графигын белә аламмы,SearchScreeningEvent,SearchScreeningEvent,True,0.9221,False,False,False,"{'location': 'күршедәге', 'movie_type': 'кино', 'object_type': 'графигын'}","{'datetime': '', 'object_type': ' kino графигы', 'location': ''}"
test_299,Soul Music-ка 0 балл бир .,RateBook,RateBook,True,0.9472,False,False,False,"{'object_name': 'Soul Music-ка', 'rating_value': '0'}","{'object_name': 'Soul Music', 'rating_value': '0', 'rating_unit': 'балл', 'object_type': 'музыкаль объект төре'}"
test_300,Сарджентстада татар тавернасында биш кешегә өстәл заказ итегез,BookRestaurant,BookRestaurant,True,0.9561,False,False,True,"{'location': 'Сарджентстада', 'cuisine': 'татар', 'restaurant_type': 'тавернасында', 'party_size_number': 'биш'}","{'datetime': None, 'party_size_number': 'bish', 'sort': None, 'restaurant_type': 'татар таверна', 'cuisine': None, 'location': 'Сарджентстад', 'party_size_description': 'bish кешеге'}"
test_301,All Things Must Pass кабыз,PlayMusic,SearchCreativeWork,False,0.9859,False,False,True,{'track': 'All Things Must Pass'},"{'object_name': 'All Things Must Pass', 'object_type': 'фильм'}"
test_302,Кореяда бер сәгатьтән соң нинди яңгыр фаразы булачак,weather/find,weather/find,True,0.9488,False,False,True,"{'location': 'Кореяда', 'datetime': 'бер сәгатьтән соң', 'condition_description': 'яңгыр'}",{'condition_description': 'сәгатьтән соң нинди яңгыр'}
test_303,Оклахомада South Street Diner-да 4 кешелек урын броньла,BookRestaurant,BookRestaurant,True,0.9685,False,False,True,"{'location': 'Оклахомада', 'restaurant_name': 'South Street Diner-да', 'party_size_number': '4'}","{'datetime': None, 'party_size_number': '4', 'sort': None, 'restaurant_type': 'урын', 'cuisine': None, 'location': 'Оклахомада South Street Diner-да', 'party_size_description': 'урын броньла'}"
test_304,Netflix-тан музыканы уйнат .,PlayMusic,PlayMusic,True,0.9192,False,False,False,{'service': 'Netflix-тан'},"{'artist': 'Netflix', 'music_item': 'муzikаны уйнат'}"
test_305,Мин Shattered Image-не күрергә телим .,SearchScreeningEvent,SearchCreativeWork,False,0.9751,False,False,False,{'movie_name': 'Shattered Image-не'},{'object_name': 'Shattered Image'}
test_306,The Sound of One Hand Clapping-ны таб,SearchCreativeWork,SearchCreativeWork,True,0.9813,False,False,False,{'object_name': 'The Sound of One Hand Clapping-ны'},"{'object_name': 'The Sound of One Hand Clapping', 'object_type': 'фильм'}"
test_307,Wolves Within альбомын эзлә,SearchCreativeWork,PlayMusic,False,0.9711,False,False,False,"{'object_name': 'Wolves Within', 'object_type': 'альбомын'}","{'album': 'Wolves Within', 'music_item': 'альбом'}"
test_308,берәр кинотеатрда We Are Northern Lights күрсәтеләрмә,SearchScreeningEvent,SearchScreeningEvent,True,0.9508,False,False,True,"{'object_location_type': 'кинотеатрда', 'movie_name': 'We Are Northern Lights'}","{'movie_name': 'We Are Northern Lights', 'object_location_type': 'kinotеатр', 'object_type': 'күрсәтеләрмә'}"
test_309,"Безнең кечкенә дөнья почмагы, Гилмор кыз музыкасы минем Иң көлкесе әйберләр футболда плейлистыма өстә.",AddToPlaylist,AddToPlaylist,True,0.9287,False,False,False,"{'entity_name': 'Безнең кечкенә дөнья почмагы , Гилмор кыз музыкасы', 'reference': 'минем', 'playlist': 'Иң көлкесе әйберләр футболда'}","{'artist': 'Гилмор кыз', 'music_item': 'минем Иң көлкесе әйберләр', 'playlist': 'плейлистыма'}"
test_310,Саутфорд Фолс дәүләт паркында эссе һава торышы фаразы нинди,weather/find,weather/find,True,0.9688,False,False,True,"{'location': 'Саутфорд Фолс дәүләт паркында', 'condition_temperature': 'эссе'}","{'location': 'Саутфорд Фолс', 'condition_temperature': 'эссе'}"
test_311,"Зинһар, миӊа Гана парковкасы белән пиццерия өстәленә заказ бир .",BookRestaurant,BookRestaurant,True,0.9321,False,False,True,"{'location': 'Гана', 'facility': 'парковкасы', 'restaurant_type': 'пиццерия'}","{'datetime': None, 'party_size_number': None, 'sort': None, 'restaurant_type': 'пиццерия', 'cuisine': 'Гана парковка', 'location': 'Гана парковка', 'restaurant_name': 'пиццерия'}"
test_312,Мин җитмешенче еллар саундтрегын тыңларга телим .,PlayMusic,PlayMusic,True,0.8789,False,False,False,"{'datetime': 'җитмешенче', 'music_item': 'саундтрегын'}","{'artist': ' minimized', 'music_item': 'performance'}"
test_313,Ике сәгатьтән соң Үзбәкстанда һава торышы,weather/find,weather/find,True,0.9704,False,False,False,"{'datetime': 'Ике сәгатьтән соң', 'location': 'Үзбәкстанда'}","{'datetime': 'ике сәгатьтән соң', 'location': 'Үзбекстан'}"
test_314,"Зинһар, миңа Journal of the British Astronomical Association фильмын таб .",SearchCreativeWork,SearchCreativeWork,True,0.9806,False,False,False,"{'object_name': 'Journal of the British Astronomical Association', 'object_type': 'фильмын'}","{'object_name': 'Journal of the British Astronomical Association', 'object_type': 'фильм'}"
test_315,"Уордвилл-да, Канзас-та 8 кешелек урын броньла",BookRestaurant,BookRestaurant,True,0.9382,False,False,False,"{'location': 'Уордвилл-да | Канзас-та', 'party_size_number': '8'}","{'datetime': None, 'party_size_number': '8', 'sort': None, 'restaurant_type': None, 'cuisine': None, 'location': 'Уордвилл-да, Канзас-та', 'party_size_description': 'урый борго', 'restaurant_name': None, 'facility': None}"
test_316,Нинди һава торышы моннан ерак булачак ?,weather/find,weather/find,True,0.8757,False,False,False,{'location': 'моннан | ерак'},"{'condition_description': 'һава торышы моннан ерак булачак', 'location': 'моннан ерак'}"
test_317,Ричард Макнамараның яңа җырын Just Smile плейлистыма өстә,AddToPlaylist,AddToPlaylist,True,0.9055,False,False,False,"{'artist': 'Ричард Макнамараның', 'music_item': 'җырын', 'playlist': 'Just Smile'}","{'artist': 'Ричард Макнамара', 'entity_name': 'Just Smile', 'playlist': 'плейлистынан'}"
test_318,монда 1 секундтан соң никадәр салкын булыр,weather/find,BookRestaurant,False,0.9447,False,False,True,"{'location': 'монда', 'datetime': '1 секундтан соң', 'condition_temperature': 'салкын'}","{'datetime': 'монда 1 секундтан соң', 'condition_temperature': 'салкын', 'party_size_number': 'не указано', 'sort': 'не указано', 'restaurant_type': 'не указано', 'cuisine': 'не указано', 'location': 'никадәр'}"
test_319,With You исемле рәсем эзлә,SearchCreativeWork,SearchCreativeWork,True,0.9952,False,False,False,"{'object_name': 'With You', 'object_type': 'рәсем'}","{'object_name': 'With You', 'object_type': 'фильм'}"
test_320,Deadly Weapons иҗади эшен таб,SearchCreativeWork,SearchCreativeWork,True,0.9814,False,False,False,{'object_name': 'Deadly Weapons'},"{'object_name': 'Deadly Weapons', 'object_type': 'эшен'}"
test_321,Ноябрьдә Брукнилда һава торышы нинди булыр ?,weather/find,weather/find,True,0.9636,False,False,False,"{'datetime': 'Ноябрьдә', 'location': 'Брукнилда'}","{'datetime': 'Ноябрьдә', 'location': 'Брукнилда'}"
test_322,Токмач өчен тавернада өстәл броньла,BookRestaurant,BookRestaurant,True,0.951,False,False,True,"{'served_dish': 'Токмач', 'restaurant_type': 'тавернада'}","{'datetime': None, 'party_size_number': None, 'sort': None, 'restaurant_type': 'таверна', 'cuisine': None, 'location': None, 'party_size_description': 'өстәл броньла'}"
test_323,Коста-Рикада нинди һава торышы,weather/find,weather/find,True,0.9972,False,False,False,{'location': 'Коста - Рикада'},{'location': 'Коста-Рика'}
test_324,The Two Gladiators уйнымы,SearchScreeningEvent,SearchCreativeWork,False,0.9954,False,False,False,{'movie_name': 'The Two Gladiators'},"{'object_name': 'The Two Gladiators', 'object_type': 'фильм'}"
test_325,Star Theatres-да нинди фильмнар бар .,SearchScreeningEvent,SearchCreativeWork,False,0.9745,False,False,False,"{'location': 'Star Theatres-да', 'movie_type': 'фильмнар'}","{'object_type': 'фильм төре', 'object_name': 'Star Theatres'}"
test_326,Зинһар миңа Harry Hood сагасын таба аласызмы ?,SearchCreativeWork,SearchCreativeWork,True,0.9304,False,False,False,"{'object_name': 'Harry Hood', 'object_type': 'сагасын'}","{'object_name': 'Harry Hood', 'object_type': 'сагас'}"
test_327,бу көйне минем Sleepify плейлистыма өстә,AddToPlaylist,AddToPlaylist,True,0.9252,False,False,False,"{'music_item': 'көйне', 'reference': 'минем', 'playlist': 'Sleepify'}","{'playlist': 'Sleepify', 'artist': 'minem', 'entity_name': 'өстә'}"
test_328,Any Which Way You Can 15 секундтан соң уйнаячакмы,SearchScreeningEvent,PlayMusic,False,0.8165,False,False,False,"{'movie_name': 'Any Which Way You Can', 'datetime': '15 секундтан соң'}","{'music_item': 'Any Which Way You Can', 'sort': 'уай катан 15 секундтан соң', 'artist': 'Unknown Artist'}"
test_329,E-type музыкасын кабыз .,PlayMusic,PlayMusic,True,0.9233,False,False,False,{'artist': 'E-type'},"{'music_item': 'E-type музыкасын', 'artist': None, 'album': None, 'genre': None}"
test_330,Хәзерге китапка бер йолдыз куй,RateBook,AddToPlaylist,False,0.8346,False,False,False,"{'object_select': 'Хәзерге', 'object_type': 'китапка', 'rating_value': 'бер'}","{'artist': 'китапка', 'entity_name': 'бер йолдыз кулат кыйммәт', 'playlist': 'йол'}"
test_331,Louis Nelson Delisle-ның Another Passenger уйнат .,PlayMusic,SearchCreativeWork,False,0.9749,False,False,True,"{'artist': 'Louis Nelson Delisle-ның', 'album': 'Another Passenger'}","{'object_name': 'Louis Nelson Delisle', 'object_type': 'фильм'}"
test_332,Кайда мин кино графигын таба алам,SearchScreeningEvent,none,False,0.0,True,False,False,{'object_type': 'кино графигын'},{}
test_333,Эмерадода Сен-Пьер һәм Микелонда 26 сентябрьгә нинди һава торышы,weather/find,weather/find,True,0.9572,False,False,False,"{'location': 'Эмерадода | Сен - Пьер һәм Микелонда', 'datetime': '26 сентябрьгә'}","{'datetime': '26 сентября', 'location': 'Эмерадода Сен-Пьер һәм Микелонда'}"
test_334,Ted Peters Famous Smoked Fish-та Окфилд янында 17 секундтансын ашарга барык,BookRestaurant,BookRestaurant,True,0.9358,False,False,True,"{'restaurant_name': 'Ted Peters Famous Smoked Fish-та', 'location': 'Окфилд | янында', 'datetime': '17 секундтансын'}","{'datetime': '17 секундтансын', 'party_size_number': None, 'sort': None, 'restaurant_type': 'Окфилд янында барык', 'cuisine': 'Famous Smoked Fish', 'location': 'Ted Peters', 'party_size_description': 'барык'}"
test_335,миңа Good Morning Sunshine трейлерын таб,SearchCreativeWork,SearchCreativeWork,True,0.9765,False,False,False,"{'object_name': 'Good Morning Sunshine', 'object_type': 'трейлерын'}","{'object_name': 'Good Morning Sunshine', 'object_type': 'фильм'}"
test_336,Мин Нидерланд Антиль утрауларында 3 кешегә сыра ресторанны броньларга телим .,BookRestaurant,BookRestaurant,True,0.9571,False,False,False,"{'location': 'Нидерланд Антиль утрауларында', 'party_size_number': '3', 'restaurant_type': 'сыра ресторанны'}","{'datetime': None, 'party_size_number': '3', 'sort': None, 'restaurant_type': None, 'cuisine': None, 'location': 'Нидерланд Антиль утраулары', 'party_size_description': 'сыра', 'restaurant_name': None, 'restaurant_type_description': None}"
test_337,бу хәзерге альбомга 0 йолдыз куй,RateBook,PlayMusic,False,0.9012,False,False,False,"{'object_select': 'бу хәзерге', 'object_type': 'альбомга', 'rating_value': '0', 'rating_unit': 'йолдыз'}","{'artist': None, 'music_item': 'альбом', 'sort': 'йолдыз'}"
test_338,Монакода Yankee Doodle Coffee Ѕһор-та урын алырга теләр идем,BookRestaurant,none,False,0.9369,True,False,True,"{'location': 'Монакода', 'restaurant_name': 'Yankee Doodle Coffee Ѕһор-та'}",{}
test_339,Political punks плейлистыма башкаручыны өстә.,AddToPlaylist,AddToPlaylist,True,0.9727,False,False,False,"{'playlist': 'Political punks', 'music_item': 'башкаручыны'}","{'artist': 'Political punks', 'playlist': 'Political punks плейлистыма'}"
test_340,Дүрт айдан соң Саванида AK-ында салкынрак булырмы,weather/find,weather/find,True,0.9702,False,False,True,"{'datetime': 'Дүрт айдан соң', 'location': 'Саванида | AK-ында', 'condition_temperature': 'салкынрак'}","{'datetime': 'Дүрт айдан соң', 'location': 'Саванида AK'}"
test_341,минем Crash Course плейлистыма Muzika za decu өстә,AddToPlaylist,AddToPlaylist,True,0.9852,False,False,False,"{'reference': 'минем', 'playlist': 'Crash Course', 'entity_name': 'Muzika za decu'}","{'playlist': 'Crash Course', 'artist': 'Muzika za decu'}"
test_342,Molecular Oncology сагасын эзли аласынмы ?,SearchCreativeWork,SearchCreativeWork,True,0.9844,False,False,False,"{'object_name': 'Molecular Oncology', 'object_type': 'сагасын'}","{'object_name': 'Molecular Oncology', 'object_type': 'фильм төре'}"
test_343,Мин алты кешелек ресторанны Вагстаффта AK-да броньларга телим .,BookRestaurant,BookRestaurant,True,0.8993,False,False,False,"{'party_size_number': 'алты', 'restaurant_type': 'ресторанны', 'location': 'Вагстаффта | AK-да'}","{'datetime': None, 'party_size_number': 'алты', 'sort': None, 'restaurant_type': None, 'cuisine': None, 'location': 'Vagasff | AK-да', 'party_size_description': 'вагстаффта', 'restaurant_name': None, 'facility': None}"
test_344,Дэвид Линдлиның симфоник музыкасын уйнат .,PlayMusic,PlayMusic,True,0.949,False,False,False,"{'artist': 'Дэвид Линдлиның', 'music_item': 'симфоник'}","{'music_item': 'Дэвид Линдли', 'genre': 'симфоник'}"
test_345,"Зинһар, миңа Now We Are Married телесериалын таб .",SearchCreativeWork,SearchCreativeWork,True,0.9837,False,False,False,"{'object_name': 'Now We Are Married', 'object_type': 'телесериалын'}","{'object_type': 'телесериал', 'object_name': 'Now We Are Married'}"
test_346,Мин Outcast-ны карарга телим .,SearchScreeningEvent,AddToPlaylist,False,0.9406,False,False,False,{'movie_name': 'Outcast-ны'},"{'artist': 'Outcast', 'entity_name': 'карарга телим'}"
test_347,минем This Is Tchaikovsky плейлистыма хәзерге трекны өстә,AddToPlaylist,AddToPlaylist,True,0.9803,False,False,False,"{'reference': 'минем', 'playlist': 'This Is Tchaikovsky', 'music_item': 'трекны'}","{'playlist': 'This Is Tchaikovsky', 'music_item': 'трек'}"
test_348,Lastfm-да This Is: Miles Davis-ны кабыз .,PlayMusic,SearchCreativeWork,False,0.9866,False,False,False,"{'service': 'Lastfm-да', 'playlist': 'This Is: Miles Davis-ны'}","{'object_name': 'This Is: Miles Davis', 'object_type': 'фильм'}"
test_349,Танзаниядә кабымханәдә 5 кешегә иң яхшы өстәлне броньла,BookRestaurant,BookRestaurant,True,0.8959,False,False,False,"{'location': 'Танзаниядә', 'restaurant_type': 'кабымханәдә', 'party_size_number': '5', 'sort': 'иң яхшы'}","{'datetime': None, 'party_size_number': '5', 'sort': None, 'restaurant_type': None, 'cuisine': None, 'location': 'Танзаниядагы кабымханә', 'party_size_description': 'өстәл борот'}"
test_350,Әйдә Vimeo-да яхшы элекке Mohammad Mamle тыңлыйк .,PlayMusic,SearchCreativeWork,False,0.8738,False,False,False,"{'service': 'Vimeo-да', 'sort': 'элекке', 'artist': 'Mohammad Mamle'}","{'object_type': 'фильм', 'object_name': 'Mohammad Mamle', 'movie_type': 'элек', 'datetime': 'яхшы'}"
test_351,Vandemataram Srinivas трегын HipHop Hot 50-гә куй.,AddToPlaylist,SearchCreativeWork,False,0.9374,False,False,False,"{'artist': 'Vandemataram Srinivas', 'music_item': 'трегын', 'playlist': 'HipHop Hot 50-гә'}","{'object_type': 'фильм төре', 'object_name': 'Vandemataram Srinivas', 'movie_type': 'HipHop Hot 5邋'}"
test_352,Миңа Secret South җырын таб .,SearchCreativeWork,BookRestaurant,False,0.9604,False,False,False,"{'object_name': 'Secret South', 'object_type': 'җырын'}","{'datetime': None, 'party_size_number': None, 'sort': None, 'restaurant_type': 'җырын табу', 'cuisine': 'Secret South', 'location': None, 'party_size_description': None, 'restaurant_name': 'Secret South', 'facility': None}"
test_353,Zvooq-та туксанынчы еллар җырлары,PlayMusic,PlayMusic,True,0.9754,False,False,False,"{'service': 'Zvooq-та', 'datetime': 'туксанынчы'}",{'music_item': 'туксанынчы еллар җырлары'}
test_354,кичке биштән башлап Техаста Admire-да һава торышы нинди,weather/find,weather/find,True,0.9497,False,False,False,"{'datetime': 'кичке биштән', 'location': 'Техаста | Admire-да'}","{'datetime': 'кичке биштән башлап', 'location': 'Техас'}"
test_355,Last FM-да берәр нәрсә уйнат,PlayMusic,PlayMusic,True,0.9401,False,False,False,{'service': 'Last FM-да'},"{'music_item': 'берәр нәрсә', 'service': 'Last FM'}"
test_356,Мин якындагы кинотеатрда The Portrait of a Lady карарга телим .,SearchScreeningEvent,SearchScreeningEvent,True,0.9435,False,False,True,"{'location': 'якындагы', 'object_location_type': 'кинотеатрда', 'movie_name': 'The Portrait of a Lady'}","{'movie_name': 'The Portrait of a Lady', 'object_location_type': 'kinotеатр', 'location': 'якындагы кинотеатр'}"
test_357,"Зинһар, миңа Phineas Redux таб .",SearchCreativeWork,BookRestaurant,False,0.9681,False,False,False,{'object_name': 'Phineas Redux'},"{'datetime': None, 'party_size_number': None, 'sort': None, 'restaurant_type': 'Phineas Redux', 'cuisine': None, 'location': None}"
test_358,Laundry плейлистына 40 cal көйен өстә.,AddToPlaylist,AddToPlaylist,True,0.9109,False,False,False,"{'playlist': 'Laundry', 'artist': '40 cal', 'music_item': 'көйен'}","{'artist': 'cal', 'entity_name': '40', 'music_item': 'өстә', 'playlist': 'Laundry'}"
test_359,Itunes-ны ач һәм Ben Burnley Ready To Die-ны уйнат,PlayMusic,PlayMusic,True,0.9344,False,False,True,"{'service': 'Itunes-ны', 'artist': 'Ben Burnley', 'album': 'Ready To Die-ны'}","{'music_item': 'Ben Burnley - Ready To Die', 'playlist': 'Itunes'}"
test_360,5-енче декабрьдә Лихул һәйкәле янында нинди һава торышы булачак ?,weather/find,weather/find,True,0.9286,False,False,False,"{'datetime': '5-енче декабрьдә', 'location': 'Лихул һәйкәле'}","{'datetime': '5-енче decemberdə', 'location': 'Лихул'}"
test_361,Якындагы кинотеатрда Sexy Dance 2 расписаниесен күрсәт,SearchScreeningEvent,SearchScreeningEvent,True,0.9541,False,False,True,"{'location': 'Якындагы', 'object_location_type': 'кинотеатрда', 'movie_name': 'Sexy Dance 2', 'object_type': 'расписаниесен'}","{'movie_name': 'Sexy Dance 2', 'object_location_type': 'kinotеатр', 'object_type': 'расписания'}"
test_362,Live at the Kings Center дип аталган җырны таб,SearchCreativeWork,SearchCreativeWork,True,0.9619,False,False,False,"{'object_name': 'Live at the Kings Center', 'object_type': 'җырны'}","{'object_name': 'Live at the Kings Center', 'object_type': ' filmer'}"
test_363,"Тайонкта , Нью-Джерсида нинди һава торышы",weather/find,weather/find,True,0.992,False,False,False,{'location': 'Тайонкта | Нью - Джерсида'},{'location': 'Нью-Джерсида'}
test_364,Мин биш кешелек өстәл Tupelo Honey Cafe-да Нью-Джерсида броньларга телим.,BookRestaurant,none,False,0.9554,True,False,True,"{'party_size_number': 'биш', 'restaurant_name': 'Tupelo Honey Cafe-да', 'location': 'Нью - Джерсида'}",{}
test_365,чәй йорта миӊа һәм минем cеңелләремә урын броньла,BookRestaurant,BookRestaurant,True,0.8883,False,False,True,"{'restaurant_type': 'чәй йорта', 'party_size_description': 'миӊа һәм минем cеңелләремә'}","{'datetime': 'чәй йорта', 'party_size_number': 'сеңелләрге', 'sort': '', 'restaurant_type': '', 'cuisine': '', 'location': '', 'party_size_description': 'урын броньлау', 'restaurant_name': '', 'object_type': ''}"
test_366,16 февральдә Нидерландта эссе булачакмы ?,weather/find,SearchScreeningEvent,False,0.957,False,False,True,"{'datetime': '16 февральдә', 'location': 'Нидерландта', 'condition_temperature': 'эссе'}","{'datetime': '16 февральдә', 'object_type': 'эссе', 'location': 'Нидерландта'}"
test_367,Мин jordan rudess-ны Divertido para niños плейлистына өстәргә телим.,AddToPlaylist,AddToPlaylist,True,0.9666,False,False,False,"{'artist': 'jordan rudess-ны', 'playlist': 'Divertido para niños'}","{'playlist': 'Divertido para niños', 'artist': 'Jordan Rudess'}"
test_368,In the Company of Cheerful Ladies-ка 6-дан нуль куй,RateBook,BookRestaurant,False,0.9478,False,False,False,"{'object_name': 'In the Company of Cheerful Ladies-ка', 'best_rating': '6-дан', 'rating_value': 'нуль'}","{'datetime': '6', 'party_size_number': 'нуль', 'sort': 'югары бәяләнген', 'restaurant_type': 'тиз ашамлыклар', 'cuisine': 'In the Company da Cheerful Ladies', 'location': 'Moores Mill-дан | ерак түгел'}"
test_369,Миңа иң яхшы бистрода өстәл броньла,BookRestaurant,BookRestaurant,True,0.834,False,False,False,"{'sort': 'иң яхшы', 'restaurant_type': 'бистрода'}","{'datetime': 'ингил', 'party_size_number': 'сигез', 'sort': 'быс', 'restaurant_type': 'биш бистрода', 'cuisine': 'не указано', 'location': 'не указано', 'restaurant_name': 'не указано'}"
test_370,Хәзерге дәреслеккә 6-дан 1 куй,RateBook,BookRestaurant,False,0.9504,False,False,False,"{'object_select': 'Хәзерге', 'object_type': 'дәреслеккә', 'best_rating': '6-дан', 'rating_value': '1'}","{'datetime': '6-дан 1 куй', 'party_size_number': 'дәреслеккә', 'sort': '', 'restaurant_type': '', 'cuisine': '', 'location': '', 'party_size_description': '', 'restaurant_name': '', 'facility': ''}"
test_371,кино вакытлары кайчан,SearchScreeningEvent,SearchScreeningEvent,True,0.9401,False,False,False,{'object_type': 'кино вакытлары'},"{'datetime': '', 'object_type': 'фильм', 'location': ''}"
test_372,Огайода нинди hава торышы булачак ?,weather/find,weather/find,True,0.8701,False,False,False,{'location': 'Огайода'},"{'datetime': '', 'location': 'огайода', 'condition_temperature': '', 'condition_description': ''}"
test_373,Бу артистны Showstopper Being Mary Jane плейлистына өстә,AddToPlaylist,AddToPlaylist,True,0.9623,False,False,False,"{'music_item': 'артистны', 'playlist': 'Showstopper Being Mary Jane'}","{'playlist': 'Showstopper Being Mary Jane', 'entity_name': 'Бу артист'}"
test_374,Балаларыма һәм миңа броньла,BookRestaurant,BookRestaurant,True,0.9376,False,False,True,{'party_size_description': 'Балаларыма һәм миңа'},"{'datetime': None, 'party_size_number': 'балалары', 'sort': None, 'restaurant_type': None, 'cuisine': None, 'location': None, 'party_size_description': 'миңа броньла', 'restaurant_name': None, 'facility': None}"
test_375,2035 елның 21 августында Сарыкамыш тыюлыгыда нинди һава торышы булачак ?,weather/find,weather/find,True,0.9875,False,False,False,"{'datetime': '2035 елның 21 августында', 'location': 'Сарыкамыш тыюлыгыда'}","{'datetime': '2035-08-21', 'location': 'Сарыкамыш'}"
test_376,Руфь китапка 6-дан биш балл бир .,RateBook,RateBook,True,0.9507,False,False,False,"{'object_name': 'Руфь китапка', 'best_rating': '6-дан', 'rating_value': 'биш', 'rating_unit': 'балл'}","{'object_name': 'Руфь', 'object_type': 'китап', 'rating_value': '6', 'rating_unit': 'балл', 'object_part_of_series_type': 'том'}"
test_377,Reminiscences of the Anti-Japanese Guerillas хроникасы 6-дан ноль балл рейтинг лаек.,RateBook,RateBook,True,0.9455,False,False,True,"{'object_name': 'Reminiscences of the Anti-Japanese Guerillas', 'object_part_of_series_type': 'хроникасы', 'best_rating': '6-дан', 'rating_value': 'ноль', 'rating_unit': 'балл'}","{'object_name': 'Reminiscences of the Anti-Japanese Guerillas', 'object_type': 'creative work', 'best_rating': '6', 'rating_value': 'балл', 'rating_unit': 'рейтинг'}"
test_378,Миңа Көньяк Театрларындагы кино графикларын күрсәт,SearchScreeningEvent,SearchScreeningEvent,True,0.9125,False,False,False,"{'location': 'Көньяк Театрларындагы', 'object_type': 'кино графикларын'}","{'datetime': '', 'object_type': 'фильм', 'object_location_type': 'Көньяк Театрлары', 'movie_type': ''}"
test_379,Якындагы кинотеатрда кино графикларын таб,SearchScreeningEvent,SearchScreeningEvent,True,0.8614,False,False,False,"{'location': 'Якындагы кинотеатрда', 'object_type': 'кино графикларын'}","{'datetime': '', 'object_type': 'cinema screening event', 'location': ' cinéma theater'}"
test_380,Бу альбом Испан ритмнар плейлистына өстә,AddToPlaylist,AddToPlaylist,True,0.9796,False,False,False,"{'music_item': 'альбом', 'playlist': 'Испан ритмнар'}","{'playlist': 'Испан ритмнар плейлисты', 'music_item': 'альбом'}"
test_381,6 кешегә креол тавернасында Черногориядә броньла,BookRestaurant,BookRestaurant,True,0.9489,False,False,True,"{'party_size_number': '6', 'cuisine': 'креол', 'restaurant_type': 'тавернасында', 'location': 'Черногориядә'}","{'datetime': None, 'party_size_number': '6', 'sort': None, 'restaurant_type': 'таверна', 'cuisine': 'черногорская', 'location': 'Черногория', 'party_size_description': 'креол'}"
test_382,Cathedral сериясенә дүрт йолдыз бир .,RateBook,SearchCreativeWork,False,0.9501,False,False,True,"{'object_name': 'Cathedral', 'object_part_of_series_type': 'сериясенә', 'rating_value': 'дүрт', 'rating_unit': 'йолдыз'}","{'object_type': 'фильм төре', 'object_name': 'Cathedral', 'object_select': 'серия', 'object_part_of_series_type': 'том'}"
test_383,The Famous Flower of Serving-Men минем кичке акустика плейлистымна өстә.,AddToPlaylist,AddToPlaylist,True,0.9603,False,False,False,"{'entity_name': 'The Famous Flower of Serving-Men', 'reference': 'минем', 'playlist': 'кичке акустика'}","{'artist': 'The Famous Flower of Serving-Men', 'entity_name': 'минем кичке акустика плейлистым', 'music_item': 'The Famous Flower of Serving-Men'}"
test_384,Миңа ArcLight Hollywood кинотеатырында анимацион фильмнарга гына расписаниесене күрсәт,SearchScreeningEvent,SearchScreeningEvent,True,0.9136,False,False,False,"{'location': 'ArcLight Hollywood кинотеатырында', 'movie_type': 'анимацион фильмнарга', 'object_type': 'расписаниесене'}","{'datetime': '', 'object_type': 'фильмнар', 'movie_type': 'анимация', 'object_location_type': 'кинотеатыр', 'location': 'ArcLight Hollywood'}"
test_385,"Зинһар, Йолдызлы төн рәсемне таб .",SearchCreativeWork,PlayMusic,False,0.9236,False,False,False,"{'object_name': 'Йолдызлы төн', 'object_type': 'рәсемне'}","{'music_item': 'рәсем', 'sort': 'йолдызлы төн'}"
test_386,Бу урында 15:19:29 дымлылык нинди булачак ?,weather/find,none,False,0.0,True,False,True,"{'location': 'Бу урында', 'datetime': '15:19:29', 'condition_description': 'дымлылык'}",{}
test_387,мин JLA Adventures: Trapped In Time-ны карарга телим,SearchScreeningEvent,SearchCreativeWork,False,0.9848,False,False,False,{'movie_name': 'JLA Adventures: Trapped In Time-ны'},"{'object_name': 'JLA Adventures: Trapped In Time', 'object_type': 'фильм'}"
test_388,This Is Johnny Cash-ка дерек уоткинсныӊ көйен өстә,AddToPlaylist,SearchCreativeWork,False,0.9706,False,False,False,"{'playlist': 'This Is Johnny Cash-ка', 'artist': 'дерек уоткинсныӊ', 'music_item': 'көйен'}","{'object_name': 'This Is Johnny Cash', 'object_type': 'фильм'}"
test_389,Fire in the Hole дип аталган иҗади эш таб,SearchCreativeWork,SearchCreativeWork,True,0.9832,False,False,False,{'object_name': 'Fire in the Hole'},"{'object_name': 'Fire in the Hole', 'object_type': 'фильм'}"
test_390,пэтныӊ колледж янында өстәлне броньла,BookRestaurant,BookRestaurant,True,0.9577,False,False,False,{'location': 'пэтныӊ колледж | янында'},"{'datetime': None, 'party_size_number': None, 'sort': None, 'restaurant_type': 'колледж', 'cuisine': None, 'location': 'пэтның колледж янында', 'party_size_description': None}"
test_391,Patrick Still Lives AMC кинотеатрларында барамы,SearchScreeningEvent,SearchScreeningEvent,True,0.9123,False,False,False,"{'movie_name': 'Patrick Still Lives', 'location': 'AMC кинотеатрларында'}","{'movie_name': 'AMC', 'object_location_type': 'kinotеатр', 'object_type': 'барамы'}"
test_392,Мин спа массажын броньларга телим .,BookRestaurant,BookRestaurant,True,0.9126,False,False,True,"{'facility': 'спа', 'restaurant_type': 'массажын'}","{'datetime': None, 'party_size_number': None, 'sort': None, 'restaurant_type': None, 'cuisine': None, 'location': None, 'party_size_description': 'спа массаж', 'restaurant_name': None}"
test_393,14 сәгатьтән соң берәр җирдә Кварривиллда өстәл кирәк,BookRestaurant,BookRestaurant,True,0.9614,False,False,False,"{'datetime': '14 сәгатьтән соң', 'location': 'Кварривиллда'}","{'datetime': '14 сәгатьтән соң', 'location': 'Кварривиллда', 'sort': 'берәр җирдә'}"
test_394,Гари Ли Коннерны уйнат,PlayMusic,AddToPlaylist,False,0.9482,False,False,False,{'artist': 'Гари Ли Коннерны'},"{'artist': 'Гари Ли Коннер', 'entity_name': 'Гари Ли Коннер'}"
test_395,иң якын кинотеатрны кайда Boycott-ны күрсәтәләр күрсәт,SearchScreeningEvent,SearchScreeningEvent,True,0.9269,False,False,True,"{'location': 'иң якын', 'object_location_type': 'кинотеатрны', 'movie_name': 'Boycott-ны'}","{'object_location_type': 'кинотеатр', 'movie_type': 'Boycott-ны күрсәт', 'location': 'иң якын кинотеатр'}"
test_396,"Зинһар, минем ecstatic плейлистны кабыз.",PlayMusic,AddToPlaylist,False,0.8742,False,False,False,{'playlist': 'ecstatic'},"{'playlist': 'экстази', 'entity_name': 'плейлист'}"
test_397,"Зинһар, The Mad Magician җырын таб .",SearchCreativeWork,SearchCreativeWork,True,0.9729,False,False,False,"{'object_name': 'The Mad Magician', 'object_type': 'җырын'}","{'object_type': 'фильм төре', 'object_name': 'The Mad Magician'}"
test_398,Bow Tie Cinemas-ның расписаниесен тикшер .,SearchScreeningEvent,SearchScreeningEvent,True,0.9278,False,False,False,"{'location': 'Bow Tie Cinemas-ның', 'object_type': 'расписаниесен'}","{'object_type': 'cinemas', 'movie_name': 'Bow Tie', 'location': 'Bow Tie Cinemas'}"
test_399,Миңа Төньяк Мариан утрауларындагы пабта кичәгә 3 кешелек өстәл броньла,BookRestaurant,BookRestaurant,True,0.9527,False,False,False,"{'location': 'Төньяк Мариан утрауларындагы', 'restaurant_type': 'пабта', 'party_size_number': '3'}","{'datetime': None, 'party_size_number': '3', 'sort': None, 'restaurant_type': 'паб', 'cuisine': 'Төньяк Мариан утраулары', 'location': 'Төньяк Мариан утрауларындагы паб', 'party_size_description': 'кичәгә 3 кешелек'}"
test_400,Миңа Infinite Indie Folk исемлеккә Rahim Shah-ның әсәрләрен өстәргә кирәк,AddToPlaylist,SearchCreativeWork,False,0.9377,False,False,False,"{'playlist': 'Infinite Indie Folk', 'artist': 'Rahim Shah-ның'}","{'object_name': 'Rahim Shah', 'object_type': 'фильм'}"
test_401,Минем Te quiero плейлистыма Кече Джерри Каллистны өстә.,AddToPlaylist,AddToPlaylist,True,0.9306,False,False,False,"{'reference': 'Минем', 'playlist': 'Te quiero', 'artist': 'Кече Джерри Каллистны'}","{'artist': 'Кече Джерри Каллист', 'entity_name': 'Te quiero', 'playlist': 'Playslist'}"
test_402,Юта янында төнге 3 сәгать тирәсендә никадәр салкынрак булачак ?,weather/find,BookRestaurant,False,0.9271,False,False,True,"{'location': 'Юта | янында', 'datetime': 'төнге 3 сәгать', 'condition_temperature': 'салкынрак'}","{'datetime': 'төнге 3 сәгать тирәсендә', 'party_size_number': '3', 'sort': 'салкынрак', 'restaurant_type': 'никадәр', 'cuisine': '', 'location': ''}"
test_403,Альбомны Hipster Soul плейлистына өстә.,AddToPlaylist,AddToPlaylist,True,0.9629,False,False,False,"{'music_item': 'Альбомны', 'playlist': 'Hipster Soul'}","{'playlist': 'Hipster Soul', 'music_item': 'альбом', 'entity_name': 'альбом'}"
test_404,"Мин унөч сәгатьтән соң деликатес ресторанында ашарга телим, анда көнчыгыш европа ризыклары сатыла",BookRestaurant,BookRestaurant,True,0.9184,False,False,True,"{'datetime': 'унөч сәгатьтән соң', 'restaurant_type': 'деликатес ресторанында', 'cuisine': 'көнчыгыш европа'}","{'datetime': 'унөч сәгатьтән соң', 'party_size_number': None, 'sort': 'деликатес', 'restaurant_type': 'аршарга телим', 'cuisine': ' европа ризык', 'location': None}"
test_405,алтмышынчы еллар саундтрегын кабыз,PlayMusic,BookRestaurant,False,0.9503,False,False,False,"{'datetime': 'алтмышынчы еллар', 'music_item': 'саундтрегын'}","{'datetime': None, 'party_size_number': None, 'sort': None, 'restaurant_type': None, 'cuisine': 'саундтрег', 'location': None, 'party_size_description': 'алтмышынчы еллар', 'restaurant_name': None, 'facility': None}"
test_406,Бу альбомга бер йолдыз бир,RateBook,RateBook,True,0.9411,False,False,False,"{'object_select': 'Бу', 'object_type': 'альбомга', 'rating_value': 'бер', 'rating_unit': 'йолдыз'}","{'object_name': 'альбом', 'rating_value': 'бер йолдыз', 'rating_unit': 'йолдыз'}"
test_407,Bryan Macleanның иң олуг музыкасын кабыз .,PlayMusic,SearchCreativeWork,False,0.934,False,False,False,"{'artist': 'Bryan Macleanның', 'sort': 'иң олуг'}","{'object_type': 'музыка', 'object_name': 'Bryan Maclean', 'movie_type': 'иң олуг музыкасы'}"
test_408,Nicodemus-та һәм аның тирәсендәге һава торышы нинди,weather/find,weather/find,True,0.916,False,False,False,{'location': 'Nicodemus-та | аның тирәсендәге'},"{'location': 'Nicodemus', 'condition_temperature': 'тирәсендәге', 'weather/attribute': 'һава торышы'}"
test_409,Phinally Phamous дип аталган уен эзлә,SearchCreativeWork,SearchCreativeWork,True,0.9702,False,False,False,"{'object_name': 'Phinally Phamous', 'object_type': 'уен'}","{'object_name': 'Phinally Phamous', 'object_type': 'уен'}"
test_410,Juneteenth-га 2 балл куй .,RateBook,RateBook,True,0.9166,False,False,False,"{'object_name': 'Juneteenth-га', 'rating_value': '2'}","{'object_name': 'Juneteenth', 'object_type': 'creative work', 'best_rating': '2', 'rating_unit': 'ball', 'rating_value': 'Juneteenth'}"
test_411,Rhialto the Marvellous-га нуль йолдыз бир,RateBook,RateBook,True,0.9477,False,False,False,"{'object_name': 'Rhialto the Marvellous-га', 'rating_value': 'нуль', 'rating_unit': 'йолдыз'}","{'object_name': 'Rhialto the Marvellous', 'best_rating': '0', 'rating_unit': 'йолдыз'}"
test_412,Мин Хелена Ирен Михаэльсенның Youtube-та саундтрегын ишетергә телим,PlayMusic,SearchCreativeWork,False,0.9135,False,False,False,"{'artist': 'Мин Хелена Ирен', 'service': 'Youtube-та', 'music_item': 'саундтрегын'}","{'object_name': 'Helena Irene Michaelson', 'object_type': 'video clip'}"
test_413,5 кешегә 20/01/2023 MH-да өстәл броньла,BookRestaurant,BookRestaurant,True,0.9592,False,False,False,"{'party_size_number': '5', 'datetime': '20/01/2023', 'location': 'MH-да'}","{'datetime': '20/01/2023 MH', 'party_size_number': '5', 'sort': '', 'restaurant_type': '', 'cuisine': '', 'location': '', 'party_size_description': '20/01/2023 MH-da өстәл броньла', 'restaurant_name': ''}"
test_414,якындагы анимация фильмнары сессияләре расписаниесе,SearchScreeningEvent,SearchScreeningEvent,True,0.9304,False,False,False,"{'location': 'якындагы', 'movie_type': 'анимация фильмнары', 'object_type': 'сессияләре расписаниесе'}","{'datetime': '', 'object_type': 'фильмнары', 'object_location_type': 'урын', 'movie_name': ''}"
test_415,Минем This Is Shakira плейлистымна jack white-ны өстә,AddToPlaylist,AddToPlaylist,True,0.9643,False,False,False,"{'reference': 'Минем', 'playlist': 'This Is Shakira', 'artist': 'jack white-ны'}","{'artist': 'jack white', 'entity_name': 'This Is Shakira', 'playlist': 'This Is Shakira'}"
test_416,Мин Шри-Ланкада биш кешегә ресторан броньларга телим .,BookRestaurant,BookRestaurant,True,0.9542,False,False,False,"{'location': 'Шри-Ланкада', 'party_size_number': 'биш', 'restaurant_type': 'ресторан'}","{'datetime': None, 'party_size_number': None, 'sort': None, 'restaurant_type': None, 'cuisine': 'Шри-Ланка', 'location': 'Шри-Ланка - биш кешеге', 'party_size_description': None, 'restaurant_name': None, 'facility': None}"
test_417,"Зинһар, Episodi di The Blacklist телевизион тапшыруын таб .",SearchCreativeWork,SearchCreativeWork,True,0.9431,False,False,False,"{'object_name': 'Episodi di The Blacklist', 'object_type': 'телевизион тапшыруын'}","{'object_type': 'тапшыру төре', 'object_name': 'Episodi di The Blacklist'}"
test_418,монда Law Day-нән башлап салкын һава торышы нинди,weather/find,weather/find,True,0.9675,False,False,True,"{'location': 'монда', 'datetime': 'Law Day-нән', 'condition_temperature': 'салкын'}","{'datetime': 'Law Day', 'condition_temperature': 'салкын', 'location': ''}"
test_419,Мин ун кешелек өстәленә ресторанда заказ бирергә телим.,BookRestaurant,BookRestaurant,True,0.9234,False,False,False,"{'party_size_number': 'ун', 'restaurant_type': 'ресторанда'}","{'datetime': None, 'party_size_number': None, 'sort': None, 'restaurant_type': None, 'cuisine': None, 'location': None, 'party_size_description': 'уның кешелек', 'restaurant_name': None}"
test_420,Җитмешенче еллардагы Дюк Эллингтоннан берәр нәрсә уйна,PlayMusic,BookRestaurant,False,0.9077,False,False,False,"{'datetime': 'Җитмешенче', 'artist': 'Дюк Эллингтоннан'}","{'datetime': None, 'party_size_number': None, 'sort': None, 'restaurant_type': None, 'cuisine': None, 'location': 'Дюк Эллингтон | Дюк Эллингтон-дан', 'party_size_description': 'берәр нәрс', 'restaurant_name': 'Установка не указана', 'restaurant_type_description': 'ресторан'}"
test_421,Cotton Comes to Harlem-ны 2-гә бәялә,RateBook,SearchCreativeWork,False,0.9908,False,False,False,"{'object_name': 'Cotton Comes to Harlem-ны', 'rating_value': '2-гә'}","{'object_name': 'Cotton Comes to Harlem', 'object_type': 'фильм'}"
test_422,Җырны минем madden nfl 16 плейлистымна өстә,AddToPlaylist,AddToPlaylist,True,0.8904,False,False,False,"{'reference': 'минем', 'playlist': 'madden nfl 16', 'music_item': 'плейлистымна'}","{'playlist': 'плейлистым', 'music_item': 'minem Madden NFL 1mlg'}"
test_423,Toyan-ны минем Epic Gaming плейлистымна өстә.,AddToPlaylist,AddToPlaylist,True,0.9619,False,False,False,"{'artist': 'Toyan-ны', 'reference': 'минем', 'playlist': 'Epic Gaming'}","{'playlist': 'Epic Gaming', 'entity_name': 'Toyan'}"
test_424,Slacker-да ниндидер яңа Les Vandyke уйнат,PlayMusic,PlayMusic,True,0.9665,False,False,False,"{'service': 'Slacker-да', 'sort': 'яңа', 'artist': 'Les Vandyke'}","{'artist': 'Slacker', 'music_item': 'Les Vandyke'}"
test_425,Three Junes-га 6-дан берге бәялә,RateBook,RateBook,True,0.9101,False,False,False,"{'object_name': 'Three Junes-га', 'best_rating': '6-дан', 'rating_value': 'берге'}","{'object_name': 'Three Junes', 'best_rating': '6', 'object_type': 'фильм', 'rating_unit': 'балл'}"
test_426,Nunez пекарнясында тугыз кешегә өстәл заказ ит,BookRestaurant,BookRestaurant,True,0.9648,False,False,False,"{'location': 'Nunez', 'restaurant_type': 'пекарнясында', 'party_size_number': 'тугыз'}","{'datetime': None, 'party_size_number': 'тугыз', 'sort': None, 'restaurant_type': 'пекарня', 'cuisine': None, 'location': 'Nunez', 'party_size_description': 'өстәл'}"
test_427,Бу агымдагы романны 6-дан икеге бәялә .,RateBook,RateBook,True,0.8848,False,False,False,"{'object_select': 'Бу агымдагы', 'object_type': 'романны', 'best_rating': '6-дан', 'rating_value': 'икеге'}","{'object_name': 'роман', 'best_rating': '6', 'object_type': 'китап', 'rating_value': 'икеге бәялә', 'object_part_of_series_type': 'том'}"
test_428,Ронни Вудның The Happy Blues-ны уйнат .,PlayMusic,SearchCreativeWork,False,0.9786,False,False,True,"{'artist': 'Ронни Вудның', 'album': 'The Happy Blues-ны'}","{'object_name': 'The Happy Blues', 'object_type': 'фильм'}"
test_429,2013 елгы симфонияне уйнат .,PlayMusic,PlayMusic,True,0.929,False,False,False,"{'datetime': '2013 елгы', 'music_item': 'симфонияне'}","{'datetime': '', 'music_item': '2013 года симфония', 'service': ''}"
test_430,Jennifer Paull-ның Subconscious Lobotomy-ны уйнат .,PlayMusic,PlayMusic,True,0.9558,False,False,True,"{'artist': 'Jennifer Paull-ның', 'album': 'Subconscious Lobotomy-ны'}",{'music_item': 'Subconscious Lobotomy by Jennifer Paull'}
test_431,The Crystal Snare-га 5 йолдыз бир,RateBook,AddToPlaylist,False,0.8788,False,False,False,"{'object_name': 'The Crystal Snare-га', 'rating_value': '5', 'rating_unit': 'йолдыз'}","{'artist': 'The Crystal Snare', 'music_item': 'The Crystal Snare - аудиозапись или объект музыкального контента', 'playlist': 'The Crystal Snare | плейлист исеме'}"
test_432,Бу дәреслеккә нуль йолдыз куй,RateBook,BookRestaurant,False,0.8648,False,False,False,"{'object_select': 'Бу', 'object_type': 'дәреслеккә', 'rating_value': 'нуль', 'rating_unit': 'йолдыз'}","{'datetime': 'ноль йолдыз', 'party_size_number': 'не указано', 'sort': 'не указано', 'restaurant_type': 'нишенин типи', 'cuisine': 'не указано', 'location': 'Moores Mill-дан | ерак түгел'}"
test_433,Агымдагы серияне 4 баллга бәялә,RateBook,RateBook,True,0.9168,False,False,True,"{'object_select': 'Агымдагы', 'object_part_of_series_type': 'серияне', 'rating_value': '4', 'rating_unit': 'баллга'}","{'object_name': 'серияне', 'object_type': 'фильм', 'best_rating': '4', 'rating_unit': 'балл', 'object_select': 'конкрет объектка күрсәтү'}"
test_434,Мин Urbank California-да James D. Conrey House-да өстәл телим,BookRestaurant,SearchCreativeWork,False,0.9355,False,False,True,"{'location': 'Urbank | California-да', 'restaurant_name': 'James D. Conrey House-да'}","{'object_type': 'өстәл', 'object_name': 'James D. Conrey House', 'location': 'Urbank California'}"
test_435,Babar: King of the Elephants уйнымы,SearchScreeningEvent,SearchCreativeWork,False,0.9689,False,False,False,{'movie_name': 'Babar: King of the Elephants'},"{'object_name': 'Babar: King of the Elephants', 'object_type': 'фильм'}"
test_436,this is racionais mc's-га җырны өстә,AddToPlaylist,PlayMusic,False,0.9116,False,False,False,"{'playlist': ""this is racionais mc's-га"", 'music_item': 'җырны'}","{'music_item': ""racionais mc's - га җырны өстә"", 'artist': ""racionais mc's""}"
test_437,Хәзерге эссега 6-дан нуль йолдыз куй,RateBook,PlayMusic,False,0.8899,False,False,False,"{'object_select': 'Хәзерге', 'object_type': 'эссега', 'best_rating': '6-дан', 'rating_value': 'нуль', 'rating_unit': 'йолдыз'}","{'artist': 'эссег', 'music_item': '6-дан нуль йолдыз', 'service': 'музыкаль сервис'}"
test_438,Әйдә Эндрю Хьюиттан берәр нәрсә тыңлыйк .,PlayMusic,SearchCreativeWork,False,0.97,False,False,False,{'artist': 'Эндрю Хьюиттан'},"{'object_name': 'Эндрю Хьюитт', 'object_type': 'фильм'}"
test_439,Якында анимация фильмнарын таб,SearchScreeningEvent,SearchCreativeWork,False,0.9491,False,False,False,"{'location': 'Якында', 'movie_type': 'анимация фильмнарын'}","{'object_type': 'фильм', 'object_name': 'анимация'}"
test_440,хәзерге хроникага 6-дан биш балл бир,RateBook,RateBook,True,0.9247,False,False,True,"{'object_select': 'хәзерге', 'object_part_of_series_type': 'хроникага', 'best_rating': '6-дан', 'rating_value': 'биш', 'rating_unit': 'балл'}","{'object_name': 'хроникага', 'object_type': 'фильм', 'rating_value': '6', 'rating_unit': 'балл', 'object_select': '6-дан биш'}"
test_441,Миңа Settha Palace Hotel-да Saint Helena-да 4 кешелек өстәл кирәк,BookRestaurant,AddToPlaylist,False,0.9596,False,False,True,"{'restaurant_name': 'Settha Palace Hotel-да', 'location': 'Saint Helena-да', 'party_size_number': '4 кешелек'}","{'entity_name': 'Settha Palace Hotel', 'party_size_number': '4', 'location': 'Saint Helena-да'}"
test_442,Изге Патрик көнендә Вирджинияда һава торышы нинди булыр ?,weather/find,weather/find,True,0.9789,False,False,False,"{'datetime': 'Изге Патрик көнендә', 'location': 'Вирджинияда'}","{'datetime': 'Патрик көнө', 'location': 'Вирджинияда'}"
test_443,Миңа Speakeasy Theaters киноның вакыт исемлеге кирәк,SearchScreeningEvent,SearchScreeningEvent,True,0.9153,False,False,False,"{'location': 'Speakeasy Theaters', 'object_type': 'киноның вакыт'}","{'datetime': '', 'object_type': 'фильм', 'movie_name': 'Speakeasy Theaters'}"
test_444,Meet the Prince телевизион тапшыруын эзлә,SearchCreativeWork,SearchCreativeWork,True,0.9721,False,False,False,"{'object_name': 'Meet the Prince', 'object_type': 'телевизион тапшыруын'}","{'object_type': 'телевизион тапшыру', 'object_name': 'Meet the Prince'}"
test_445,"Зинһар, миңа Compulsive Disclosure җырын бир .",SearchCreativeWork,BookRestaurant,False,0.922,False,False,False,"{'object_name': 'Compulsive Disclosure', 'object_type': 'җырын'}","{'datetime': 'соң', 'party_size_number': 'сигез', 'sort': 'төньяк һинд', 'restaurant_type': 'Compulsive Disclosure', 'cuisine': '', 'location': 'Moores Mill-дан | ерак түгел'}"
test_446,Zvooq-та Trance Life-ны уйнат .,PlayMusic,PlayMusic,True,0.9702,False,False,False,"{'service': 'Zvooq-та', 'playlist': 'Trance Life-ны'}","{'music_item': 'Trance Life', 'service': 'Zvooq'}"
test_447,"Зинһар, миңа Serious Awesomeness ! эшен таб.",SearchCreativeWork,none,False,0.6945,True,False,False,{'object_name': 'Serious Awesomeness'},{}
test_448,мин кинотеатрда I Dream of Jeanie-ны карарга телим,SearchScreeningEvent,SearchScreeningEvent,True,0.9402,False,False,True,"{'object_location_type': 'кинотеатрда', 'movie_name': 'I Dream of Jeanie-ны'}","{'movie_name': 'I Dream of Jeanie', 'datetime': 'карарга телим', 'object_type': 'кинотеатр'}"
test_449,Пол Маккартни уйнат,PlayMusic,PlayMusic,True,0.9096,False,False,False,{'artist': 'Пол Маккартни'},{'artist': 'Pol MacCartney'}
test_450,Хәзерге романны 3 йолдызга бәялә,RateBook,RateBook,True,0.9361,False,False,False,"{'object_select': 'Хәзерге', 'object_type': 'романны', 'rating_value': '3', 'rating_unit': 'йолдызга'}","{'object_name': 'роман', 'object_type': 'китап', 'best_rating': '3', 'rating_unit': 'йолдыз'}"
test_451,Paris - When It Sizzles китабын таба аласызмы ?,SearchCreativeWork,SearchCreativeWork,True,0.9656,False,False,False,"{'object_name': 'Paris - When It Sizzles', 'object_type': 'китабын'}","{'object_name': 'Paris - When It Sizzles', 'object_type': 'китаб'}"
test_452,Филипп Киркоровның җитмешенче еллар пьесасын уйнат,PlayMusic,PlayMusic,True,0.939,False,False,False,"{'artist': 'Филипп Киркоровның', 'datetime': 'җитмешенче'}","{'artist': 'Филипп Киркоров', 'music_item': 'Филипп Киркоров - җитмешенче еллар'}"
test_453,Киләсе елда мин Пенни янындагы bougatsa ресторанын өч кешегә броньларга телим.,BookRestaurant,BookRestaurant,True,0.9216,False,False,True,"{'datetime': 'Киләсе елда', 'location': 'Пенни | янындагы', 'cuisine': 'bougatsa', 'restaurant_type': 'ресторанын', 'party_size_number': 'өч'}","{'datetime': None, 'party_size_number': 'өч кешеге', 'sort': None, 'restaurant_type': 'ресторан', 'cuisine': 'bougatsa', 'location': 'Пенни янында | елдагы киләсе', 'restaurant_name': 'ресторан'}"
test_454,Тенинода яңгырлар булырмы ?,weather/find,weather/find,True,0.9441,False,False,True,"{'location': 'Тенинода', 'condition_description': 'яңгырлар'}","{'condition_temperature': 'яңгыр', 'location': 'тенинода'}"
test_455,"Зинһар, Three Essays on the Theory of Sexuality шоусын эзлә .",SearchCreativeWork,SearchCreativeWork,True,0.9761,False,False,False,"{'object_name': 'Three Essays on the Theory of Sexuality', 'object_type': 'шоусын'}","{'object_name': 'Three Essays on the Theory of Sexuality', 'object_type': 'фильм төре'}"
test_456,Мин Рамонда ашарга телим,BookRestaurant,BookRestaurant,True,0.8057,False,False,False,{'location': 'Рамонда'},"{'datetime': None, 'party_size_number': None, 'sort': None, 'restaurant_type': 'ашарга телим', 'cuisine': None, 'location': 'Ramonda-дан | не көбүрөлүгүн кабыл алуу мүмкүн', 'party_size_description': None}"
test_457,Emo Forever плейлистына boy george трегын өстә.,AddToPlaylist,AddToPlaylist,True,0.9613,False,False,False,"{'playlist': 'Emo Forever', 'artist': 'boy george', 'music_item': 'трегын'}","{'artist': 'boy george', 'entity_name': 'Emo Forever', 'music_item': 'trег', 'playlist': 'Emo Forever'}"
test_458,Vimy Ridge-да стейк-хаус заказ итәргә телим .,BookRestaurant,BookRestaurant,True,0.9322,False,False,False,"{'location': 'Vimy Ridge-да', 'restaurant_type': 'стейк-хаус'}","{'datetime': None, 'party_size_number': None, 'sort': None, 'restaurant_type': 'стейк-хаус', 'cuisine': None, 'location': 'Vimy Ridge-да', 'party_size_description': 'тише'}"
test_459,Without Witness егерме ике  сәгатьтән соң уйнаячакмы,SearchScreeningEvent,BookRestaurant,False,0.9598,False,False,False,"{'movie_name': 'Without Witness', 'datetime': 'егерме ике сәгатьтән соң'}","{'datetime': 'егерме ике сәгатьтән соң', 'party_size_number': 'не указано', 'sort': 'не указано', 'restaurant_type': 'не указано', 'cuisine': 'не указано', 'location': 'не указано'}"
test_460,9 кешегә урын броньла,BookRestaurant,BookRestaurant,True,0.9658,False,False,False,{'party_size_number': '9'},"{'datetime': None, 'party_size_number': '9', 'sort': None, 'restaurant_type': None, 'cuisine': None, 'location': None, 'party_size_description': 'урын броньла', 'restaurant_name': None, 'facility': None}"
test_461,бу трекны минем Hands Up плейлистына өстә,AddToPlaylist,AddToPlaylist,True,0.9445,False,False,False,"{'music_item': 'трекны', 'reference': 'минем', 'playlist': 'Hands Up'}","{'playlist': 'Hands Up', 'music_item': 'трек'}"
test_462,90s Pop Rock Essentials-тан берәр нәрсә уйнат,PlayMusic,PlayMusic,True,0.9568,False,False,False,{'playlist': '90s Pop Rock Essentials-тан'},"{'music_item': '90s Pop Rock Essentials', 'genre': 'Pop Rock'}"
test_463,Син миңа Blue Spring трейлерын таба аласыңмы ?,SearchCreativeWork,SearchCreativeWork,True,0.9639,False,False,False,"{'object_name': 'Blue Spring', 'object_type': 'трейлерын'}","{'object_type': 'трейлер', 'object_name': 'Blue Spring'}"
test_464,36 Children-га 6-дан ике йолдыз куй,RateBook,AddToPlaylist,False,0.9429,False,False,False,"{'object_name': '36 Children-га', 'best_rating': '6-дан', 'rating_value': 'ике', 'rating_unit': 'йолдыз'}","{'artist': 'Children', 'entity_name': '6', 'music_item': '6-дан ике йолдыз', 'playlist': '36'}"
test_465,Мин MJR театрында анимацион фильмнарны телим,SearchScreeningEvent,SearchCreativeWork,False,0.9158,False,False,False,"{'location': 'MJR театрында', 'movie_type': 'анимацион фильмнарны'}","{'object_type': 'фильмнар', 'object_name': 'анимацион фильмнар'}"
test_466,Sexy as Folk плейлистына башкаручы mike-ны өстә.,AddToPlaylist,AddToPlaylist,True,0.9812,False,False,False,"{'playlist': 'Sexy as Folk', 'music_item': 'башкаручы', 'artist': 'mike-ны'}","{'artist': 'mike', 'entity_name': 'Sexy as Folk', 'playlist': 'Sexy as Folk'}"
test_467,минем this is al green плейлистына Highway Patrolman өстә,AddToPlaylist,AddToPlaylist,True,0.9889,False,False,False,"{'reference': 'минем', 'playlist': 'this is al green', 'entity_name': 'Highway Patrolman'}","{'playlist': 'this is al green', 'music_item': 'Highway Patrolman'}"
test_468,Миңа To Lose My Life исемле романны таб …,SearchCreativeWork,RateBook,False,0.9274,False,False,False,"{'object_name': 'To Lose My Life', 'object_type': 'романны'}","{'object_name': 'To Lose My Life', 'object_type': 'китап', 'best_rating': 'не указано', 'object_select': 'не указано', 'rating_unit': 'не указано', 'rating_value': 'не указано'}"
test_469,бу альбомны 5-кә бәялә,RateBook,RateBook,True,0.9563,False,False,False,"{'object_select': 'бу', 'object_type': 'альбомны', 'rating_value': '5-кә'}","{'object_name': 'альбом', 'best_rating': '5', 'object_type': 'музыкаль объект төре'}"
test_470,Төшке ашта якындагы кинотеатрда Rare Birds күрсәтеләчәк .,SearchScreeningEvent,SearchScreeningEvent,True,0.9537,False,False,True,"{'datetime': 'Төшке ашта', 'location': 'якындагы', 'object_location_type': 'кинотеатрда', 'movie_name': 'Rare Birds'}","{'movie_name': 'Rare Birds', 'object_location_type': 'kinotеатр', 'location': 'Төшке ашта якындагы кинотеатр'}"
test_471,The 8-Week Cholesterol Cure-га 6-дан өчкә бәялә .,RateBook,RateBook,True,0.9398,False,False,False,"{'object_name': 'The 8-Week Cholesterol Cure-га', 'best_rating': '6-дан', 'rating_value': 'өчкә'}","{'object_name': 'The 8-Week Cholesterol Cure', 'best_rating': '6', 'object_type': 'creative work'}"
test_472,Martin barre-ны минем punk unplugged плейлистыма өстә.,AddToPlaylist,AddToPlaylist,True,0.9129,False,False,False,"{'artist': 'Martin barre-ны', 'reference': 'минем', 'playlist': 'punk unplugged'}","{'artist': 'Martin barre', 'entity_name': 'minem punk unplugged', 'playlist': 'pl_playlists'}"
test_473,хәзерге романны 6-дан нульгә бәялә,RateBook,RateBook,True,0.9204,False,False,False,"{'object_select': 'хәзерге', 'object_type': 'романны', 'best_rating': '6-дан', 'rating_value': 'нульгә'}","{'object_name': 'роман', 'object_type': 'китап', 'best_rating': '6', 'object_select': '6-дан нульгә бәялә', 'rating_value': '6', 'rating_unit': 'шкаладагы иң югары бәя'}"
test_474,Минем кинотеатрда The Young Swordsman нинди вакытта барачак ?,SearchScreeningEvent,SearchScreeningEvent,True,0.894,False,False,True,"{'object_location_type': 'кинотеатрда', 'movie_name': 'The Young Swordsman', 'object_type': 'вакытта'}","{'datetime': 'The Young Swordsman', 'object_type': 'cinema screening event'}"
test_475,Тирә-юньдә нинди фильмнар күрсәтеләр,SearchScreeningEvent,SearchCreativeWork,False,0.9798,False,False,False,"{'location': 'Тирә-юньдә', 'movie_type': 'фильмнар'}",{'object_type': 'фильм төре'}
test_476,Мин North City-дәге Oregon Electric Station броньларга телим .,BookRestaurant,BookRestaurant,True,0.9406,False,False,True,"{'location': 'North City-дәге', 'restaurant_name': 'Oregon Electric Station'}","{'datetime': None, 'party_size_number': None, 'sort': None, 'restaurant_type': 'Oregon Electric Station', 'cuisine': None, 'location': 'North City-дә', 'party_size_description': 'телим'}"
test_477,монда төнге сәгать икедә һава торышы нинди,weather/find,none,False,0.9143,True,False,False,"{'location': 'монда', 'datetime': 'төнге сәгать икедә'}",{}
test_478,Wanda Group-ның фильм кестесін таб .,SearchScreeningEvent,SearchCreativeWork,False,0.9552,False,False,False,"{'location': 'Wanda Group-ның', 'object_type': 'фильм кестесін'}","{'object_type': 'фильм кестеси', 'object_name': 'Wanda Group-ның фильм кестеси'}"
test_479,Самоада Ваурикада нинди һава торышы,weather/find,weather/find,True,0.9394,False,False,False,{'location': 'Самоада | Ваурикада'},{'location': 'Ваурикада'}
test_480,Тирә-яктагы фильмнар расписаниесен күрсәт,SearchScreeningEvent,SearchScreeningEvent,True,0.9443,False,False,False,"{'location': 'Тирә-яктагы', 'object_type': 'фильмнар расписаниесен'}","{'movie_type': 'фильм төре', 'object_type': 'күрсәтү урыны төре', 'location': 'урын', 'datetime': 'дата/вакыт'}"
test_481,Blues britânico уйнат .,PlayMusic,PlayMusic,True,0.9409,False,False,True,{'genre': 'Blues britânico'},"{'artist': 'Blues', 'music_item': 'britânico уйнат'}"
test_482,AMC Theaters-да No Time to Be Young күрсәтеләме,SearchScreeningEvent,SearchScreeningEvent,True,0.9656,False,False,False,"{'location': 'AMC Theaters-да', 'movie_name': 'No Time to Be Young'}","{'movie_name': 'No Time to Be Young', 'object_location_type': 'AMC Theaters'}"
test_483,"Зинһар, миңа Монти Пайтон Голливудта эзлә һәм таб .",SearchCreativeWork,SearchCreativeWork,True,0.925,False,False,False,{'object_name': 'Монти Пайтон Голливудта'},"{'object_type': 'фильм', 'object_name': 'Монти Пайтон Голливуд', 'movie_type': 'фильм'}"
test_484,кичке бишкә монда буран аркасында һава торышы нинди,weather/find,weather/find,True,0.9371,False,False,True,"{'datetime': 'кичке бишкә', 'location': 'монда', 'condition_description': 'буран'}","{'datetime': '', 'condition_temperature': '', 'location': 'кичке бишкә монда буран аркасында'}"
test_485,Ирландия балалар евровидениеда 2015 минем Jazzy Dinner плейлистына өстә,AddToPlaylist,AddToPlaylist,True,0.8532,False,False,False,"{'entity_name': 'Ирландия балалар евровидениеда 2015', 'reference': 'минем', 'playlist': 'Jazzy Dinner'}","{'artist': 'Jazzy Dinner', 'entity_name': 'евровидение 2015', 'playlist': 'PlaysListMinemJazzyDinner'}"
test_486,Indie Hipster-га җырны өстә,AddToPlaylist,PlayMusic,False,0.9538,False,False,False,"{'playlist': 'Indie Hipster-га', 'music_item': 'җырны'}","{'music_item': 'җырны өстә', 'artist': 'Indie Hipster'}"
test_487,Син миңа National Anthem of the Ancient Britons телевизион тапшыруын таба аласыңмы ?,SearchCreativeWork,SearchCreativeWork,True,0.9689,False,False,False,"{'object_name': 'National Anthem of the Ancient Britons', 'object_type': 'телевизион тапшыруын'}","{'object_type': 'телевизион тапшыру', 'object_name': 'National Anthem of the Ancient Britons'}"
test_488,"travelling плейлистына зинһар, бу Дэвид Гаан җырын өстә .",AddToPlaylist,AddToPlaylist,True,0.9341,False,False,False,"{'playlist': 'travelling', 'artist': 'Дэвид Гаан', 'music_item': 'җырын'}","{'artist': 'Дэвид Гаан', 'entity_name': 'плейлист (travelling)', 'music_item': 'бу Дэвид Гаан җырын'}"
test_489,Мин аларны Murcof рәссамнан ишетергә телим,PlayMusic,SearchCreativeWork,False,0.9457,False,False,False,"{'music_item': 'аларны', 'artist': 'Murcof'}","{'object_type': 'фильм', 'object_name': 'Murcof рәссам'}"
test_490,The Gift: Imagination and the Erotic Life of Property-ны биш йолдызга бәялә,RateBook,RateBook,True,0.939,False,False,False,"{'object_name': 'The Gift: Imagination and the Erotic Life of Property-ны', 'rating_value': 'биш', 'rating_unit': 'йолдызга'}","{'object_name': 'The Gift: Imagination and the Erotic Life of Property-', 'rating_unit': 'йолдыз', 'object_type': 'китап'}"
test_491,Миңа Baby Blue дип аталган телевизион тапшыруны таб,SearchCreativeWork,SearchCreativeWork,True,0.9784,False,False,False,"{'object_name': 'Baby Blue', 'object_type': 'телевизион тапшыруны'}","{'object_name': 'Baby Blue', 'object_type': 'телевизион тапшыру'}"
test_492,The Girl Who Was Plugged In китабын эзлә,SearchCreativeWork,SearchCreativeWork,True,0.9883,False,False,False,"{'object_name': 'The Girl Who Was Plugged In', 'object_type': 'китабын'}","{'object_name': 'The Girl Who Was Plugged In', 'object_type': 'китаб'}"
test_493,филлис уордка һәм вероникага 152 көннән соң ресторанда өстәл кирәк,BookRestaurant,none,False,0.9651,True,False,True,"{'party_size_description': 'филлис уордка һәм вероникага', 'datetime': '152 көннән соң', 'restaurant_type': 'ресторанда'}",{}
test_494,5 кешелек танылган ресторанны броньла,BookRestaurant,BookRestaurant,True,0.91,False,False,False,"{'party_size_number': '5', 'sort': 'танылган', 'restaurant_type': 'ресторанны'}","{'party_size_number': '5', 'restaurant_type': 'ресторан', 'party_size_description': 'танылган'}"
test_495,"Бруклон янында The Dome, Edinburgh отеленда номерны броньла",BookRestaurant,BookRestaurant,True,0.9355,False,False,True,"{'location': 'Бруклон | янында', 'restaurant_name': 'The Dome, Edinburgh'}","{'datetime': None, 'party_size_number': None, 'sort': None, 'restaurant_type': 'The Dome', 'cuisine': None, 'location': 'Brooklyn | The Dome', 'restaurant_name': 'Edinburgh отель', 'party_size_description': None}"
test_496,Бу альбомны Old School Death Metal-га өстә,AddToPlaylist,PlayMusic,False,0.9214,False,False,False,"{'music_item': 'альбомны', 'playlist': 'Old School Death Metal-га'}","{'music_item': 'альбом', 'artist': 'Old School Death Metal'}"
test_497,Jersey Boys телесериалын эзлә,SearchCreativeWork,SearchCreativeWork,True,0.9815,False,False,False,"{'object_name': 'Jersey Boys', 'object_type': 'телесериалын'}","{'object_name': 'Jersey Boys', 'object_type': 'телесериал'}"
test_498,Алты ай эчендә Танжер янындагы иң яхшы пабта тугыз кешегә өстәл броньла,BookRestaurant,BookRestaurant,True,0.9098,False,False,False,"{'datetime': 'Алты ай эчендә', 'location': 'Танжер | янындагы', 'sort': 'иң яхшы', 'restaurant_type': 'пабта', 'party_size_number': 'тугыз'}","{'datetime': 'Алты ай эчендә', 'location': 'Танжер янындагы', 'sort': 'яхшы', 'restaurant_type': 'паб'}"
test_499,Миңа Harkins Theatres-ында фильмларны күрсәт .,SearchScreeningEvent,SearchScreeningEvent,True,0.9418,False,False,False,"{'location': 'Harkins Theatres-ында', 'movie_type': 'фильмларны'}","{'movie_name': 'фильм исеме', 'object_location_type': 'Harkins Theatres', 'datetime': ''}"
test_500,аларның кампусында шул ук райондагы чурраскарияга кичәгә заказ бир,BookRestaurant,BookRestaurant,True,0.9262,False,False,False,"{'location': 'аларның кампусында | шул ук райондагы', 'restaurant_type': 'чурраскарияга'}","{'datetime': None, 'party_size_number': None, 'sort': None, 'restaurant_type': 'чурраскария', 'cuisine': None, 'location': 'кампус | ук район', 'party_size_description': 'шул ук райондагы чурраскарияга кичәгә'}"
