id,text,true_intent,pred_intent,intent_correct,confidence,weak_by_conf,weak_intent_real,weak_slot_real,true_slots,pred_slots
test_1,show all reminders,reminder/show_reminders,reminder/show_reminders,True,0.9917,False,False,False,{'reference': 'барлык'},{}
test_2,Do I need a sweater?,weather/find,weather/find,True,0.884,False,False,False,{'weather/attribute': 'свитер'},"{'location': 'текстта аныкталмаган', 'datetime': 'текстта аныкталмаган', 'weather/attribute': 'температура', 'weather/temperatureUnit': 'Цельсий градус'}"
test_3,Add a reminder for today at 4pm,reminder/set_reminder,reminder/set_reminder,True,0.9409,False,False,False,{'datetime': 'Бүген сәгать ун алтыга'},"{'datetime': 'today', 'recurring_datetime': '', 'reminder/todo': '4pm'}"
test_4,Cancel my reminder,reminder/cancel_reminder,reminder/cancel_reminder,True,0.9614,False,False,False,{'reference': 'Минем'},{'datetime': ''}
test_5,Remind me to get gas.,reminder/set_reminder,reminder/set_reminder,True,0.9756,False,False,False,{'reminder/todo': 'бензин салырга'},"{'datetime': '', 'reminder/todo': 'get gas'}"
test_6,Do I need an umbrella on Wednesday?,weather/find,weather/find,True,0.9069,False,False,False,"{'datetime': 'Чәршәмбе', 'weather/attribute': 'кул чатыры'}","{'datetime': 'Wednesday', 'weather/attribute': 'rain'}"
test_7,snooze my alarms for five minutes,alarm/snooze_alarm,alarm/snooze_alarm,True,0.9529,False,True,False,"{'datetime': 'биш минуттан', 'reference': 'минем'}",{'reference': 'my alarms'}
test_8,set a birthday reminder for max,reminder/set_reminder,reminder/set_reminder,True,0.9559,False,False,False,{'reminder/todo': 'максның туган көне турында искә төшеруне'},"{'datetime': 'birthday', 'reference': 'max'}"
test_9,Show me all reminders,reminder/show_reminders,reminder/show_reminders,True,0.9785,False,False,False,{'reference': 'барлык'},{}
test_10,Show all alarms.,alarm/show_alarms,alarm/show_alarms,True,0.9778,False,False,False,{'reference': 'Барлык'},{'datetime': ''}
test_11,Is it going to rain today?,weather/find,weather/find,True,0.8263,False,False,False,"{'datetime': 'Бүген', 'weather/attribute': 'яңгыр'}","{'location': 'текшерүү урынына', 'datetime': 'суроого укаку укы', 'weather/attribute': 'һава торышы тасвирламасы', 'weather/conditionTemperature': 'салкын'}"
test_12,Set alarm for 8am,alarm/set_alarm,alarm/set_alarm,True,0.9795,False,False,False,{'datetime': 'иртәнге 8'},{'datetime': '8am'}
test_13,What is the temperature today?,weather/find,weather/find,True,0.7538,False,False,False,"{'datetime': 'Бүген', 'weather/attribute': 'температура'}","{'datetime': 'суроого чыгару үчүн түшүнүк күнөн', 'weather/attribute': 'температура'}"
test_14,Show my reminder,reminder/show_reminders,reminder/show_reminders,True,0.9713,False,False,False,{'reference': 'Минем'},{}
test_15,Show all alarms,alarm/show_alarms,alarm/show_alarms,True,0.9889,False,False,False,{'reference': 'Барлык'},{}
test_16,Remind me to talk to Ben about Georgia,reminder/set_reminder,reminder/set_reminder,True,0.9651,False,False,False,{'reminder/todo': 'Бен белән Джорджия турында сөйләшергә'},"{'datetime': 'бу атнабызда', 'reminder/todo': 'talk to Ben about Georgia'}"
test_17,Set alarm for 5 am,alarm/set_alarm,alarm/set_alarm,True,0.9783,False,False,False,{'datetime': 'иртәнге 5'},{'datetime': '5 am'}
test_18,is it cloudy today,weather/find,weather/find,True,0.9277,False,False,False,"{'datetime': 'бүген', 'weather/attribute': 'болытлымы'}","{'location': 'current location', 'datetime': 'today', 'weather/attribute': 'condition_description', 'weather/conditionTemperature': 'cloudy'}"
test_19,How many inches of rain will we get today?,weather/find,weather/find,True,0.7925,False,False,False,"{'datetime': 'Бүген', 'weather/attribute': 'дюйм яңгыры'}","{'location': 'текшерүү урынына', 'datetime': 'сезгөн дата/вакыт'}"
test_20,Remind me to call my sister tomorrow,reminder/set_reminder,reminder/set_reminder,True,0.9713,False,False,False,"{'datetime': 'Иртәгә', 'reminder/todo': 'минем апама шалтыратырга'}","{'datetime': 'tomorrow', 'reminder/todo': 'call my sister'}"
test_21,stop alarm,alarm/cancel_alarm,alarm/cancel_alarm,True,0.9137,False,False,False,{},"{'datetime': 'бу атнабызда', 'reference': 'stop alarm'}"
test_22,Is it going to be hot this week?,weather/find,weather/find,True,0.9276,False,False,False,"{'datetime': 'Бу атнада', 'weather/attribute': 'кызу'}","{'datetime': 'this week', 'weather/attribute': 'condition_temperature', 'weather/temperatureUnit': 'Сelsius'}"
test_23,Set alarm for 3pm.,alarm/set_alarm,alarm/set_alarm,True,0.965,False,False,False,{'datetime': 'көндезге 3'},"{'datetime': '3pm', 'reference': ''}"
test_24,will it snow today,weather/find,weather/find,True,0.7992,False,False,False,"{'datetime': 'бүген', 'weather/attribute': 'кар'}","{'location': 'текшерүү урынына', 'datetime': 'сезгөн дата/вакыт'}"
test_25,delete all alarms,alarm/cancel_alarm,alarm/cancel_alarm,True,0.9853,False,False,False,{'reference': 'бөтен'},{'reference': ''}
test_26,Show me my reminders,reminder/show_reminders,reminder/show_reminders,True,0.9631,False,False,False,{'reference': 'Минем'},"{'datetime': '', 'reference': ''}"
test_27,How much time is left on alarm,alarm/time_left_on_alarm,alarm/time_left_on_alarm,True,0.9796,False,True,False,{},{'reference': ''}
test_28,What are my reminders?,reminder/show_reminders,reminder/show_reminders,True,0.9778,False,False,False,{'reference': 'Минем'},"{'datetime': '', 'reference': ''}"
test_29,Set an alarm for 8am daily,alarm/set_alarm,alarm/set_alarm,True,0.9904,False,False,False,{'recurring_datetime': 'иртәнге 8'},"{'datetime': '8am', 'recurring_datetime': 'daily'}"
test_30,can you show me the alarms?,alarm/show_alarms,alarm/show_alarms,True,0.9836,False,False,False,{},{'datetime': ''}
test_31,Is Disney world expecting storms today?,weather/find,weather/find,True,0.9194,False,False,False,"{'datetime': 'Бүген', 'location': 'Диснейуорлдта', 'weather/attribute': 'буран'}","{'location': 'Disney World', 'datetime': 'сегодня'}"
test_32,will it snow today,weather/find,weather/find,True,0.7992,False,False,False,"{'datetime': 'бүген', 'weather/attribute': 'кар'}","{'location': 'текшерүү урынына', 'datetime': 'сезгөн дата/вакыт'}"
test_33,show all alarms,alarm/show_alarms,alarm/show_alarms,True,0.9919,False,False,False,{'reference': 'бөтен'},{}
test_34,Is it cold today?,weather/find,weather/find,True,0.9128,False,False,False,"{'datetime': 'Бүген', 'weather/attribute': 'салкынмы'}","{'location': 'current location', 'datetime': 'today', 'weather/attribute': 'temperature', 'weather/temperatureUnit': 'Celsius'}"
test_35,Please cancel the alarm for Thursday morning.,alarm/cancel_alarm,alarm/cancel_alarm,True,0.9094,False,False,False,{'datetime': 'пәнҗешәмбе иртәсеннән'},"{'datetime': 'Thursday morning', 'reference': 'the alarm to be canceled'}"
test_36,Is it going to rain today?,weather/find,weather/find,True,0.8263,False,False,False,"{'datetime': 'Бүген', 'weather/attribute': 'яңгыр'}","{'location': 'текшерүү урынына', 'datetime': 'суроого укаку укы', 'weather/attribute': 'һава торышы тасвирламасы', 'weather/conditionTemperature': 'салкын'}"
test_37,is it snowing in canada,weather/find,weather/find,True,0.9481,False,False,False,"{'location': 'канадада', 'weather/attribute': 'кар явамы'}","{'location': 'Canada', 'datetime': 'бу атнабызда', 'weather/attribute': 'snow'}"
test_38,What will the high be today?,weather/find,weather/find,True,0.8714,False,False,False,"{'datetime': 'Бүген', 'weather/attribute': 'югары температура'}","{'datetime': 'сез атнабызда', 'weather/attribute': 'high'}"
test_39,Will it snow enough tonight to make travelling hazardous?,weather/find,weather/find,True,0.8638,False,False,False,"{'datetime': 'Төнлә', 'weather/attribute': 'кар яуса'}","{'location': 'will be tonight', 'datetime': 'tonight', 'weather/attribute': 'snow amount', 'weather/temperatureUnit': 'none specified'}"
test_40,show all reminders,reminder/show_reminders,reminder/show_reminders,True,0.9917,False,False,False,{'reference': 'бөтен'},{}
test_41,delete all reminders,reminder/cancel_reminder,reminder/cancel_reminder,True,0.9701,False,False,False,{'reference': 'барлык'},"{'datetime': '', 'reference': ''}"
test_42,will i need a jacket tomorrow?,weather/find,weather/find,True,0.9063,False,False,False,"{'datetime': 'иртәгә', 'weather/attribute': 'куртка'}","{'location': 'Tomorrow', 'datetime': 'tomorrow', 'weather/attribute': 'temperature', 'weather/temperatureUnit': 'Celsius'}"
test_43,How much time is left on alarm,alarm/time_left_on_alarm,alarm/time_left_on_alarm,True,0.9796,False,True,False,{},{'reference': ''}
test_44,Pause the alarm,alarm/snooze_alarm,alarm/modify_alarm,False,0.9339,False,True,False,{},{'reference': 'Pause the alarm'}
test_45,Show me all the alarms,alarm/show_alarms,alarm/show_alarms,True,0.976,False,False,False,{'reference': 'барлык'},{}
test_46,What's the weather like in yellowstone?,weather/find,weather/find,True,0.9639,False,False,False,{'location': 'Йеллоустонда'},"{'location': 'yellowstone', 'datetime': 'бу атнабызда'}"
test_47,What's the weather like today?,weather/find,weather/find,True,0.8385,False,False,False,{'datetime': 'Бүген'},{'datetime': 'сунуштык дата/вакыт'}
test_48,Delete my reminder for picking up Patrick from school tomorrow.,reminder/cancel_reminder,reminder/cancel_reminder,True,0.8584,False,False,False,"{'datetime': 'Иртәгә', 'reminder/todo': 'Патрикны мәктәптән алырга', 'reference': 'минем'}","{'datetime': 'туманда', 'reference': 'pickupPatrickFromSchool'}"
test_49,Remind me tomorrow at this time to schedule a doctor appointment,reminder/set_reminder,reminder/set_reminder,True,0.9516,False,False,False,"{'datetime': 'иртәгә шул ук вакытта', 'reminder/todo': 'табибка язылырга'}","{'datetime': 'tomorrow', 'recurring_datetime': '', 'reminder/todo': 'schedule a doctor appointment'}"
test_50,Remind me to drop off rent,reminder/set_reminder,reminder/set_reminder,True,0.9624,False,False,False,{'reminder/todo': 'аренданы түләргә'},"{'datetime': '', 'reminder/todo': 'drop off rent'}"
test_51,when will the rain end?,weather/find,weather/find,True,0.7907,False,False,False,{'weather/attribute': 'яңгыр'},"{'datetime': 'түшүрүү кабыл алуу', 'weather/attribute': 'температура 31', 'weather/temperatureUnit': 'градус'}"
test_52,cancel alarms,alarm/cancel_alarm,alarm/cancel_alarm,True,0.9757,False,False,False,{},{'reference': ''}
test_53,Remind me to call Stephanie on Tuesday,reminder/set_reminder,reminder/set_reminder,True,0.9685,False,False,False,"{'datetime': 'Сишәмбе көнне', 'reminder/todo': 'Стефанига шалтыратырга'}","{'datetime': 'Tuesday', 'reminder/todo': 'call Stephanie'}"
test_54,show all my alarms,alarm/show_alarms,alarm/show_alarms,True,0.9868,False,False,False,{'reference': 'барлык минем'},{}
test_55,How hot will it get today?,weather/find,weather/find,True,0.863,False,False,False,"{'datetime': 'Бүген', 'weather/attribute': 'эссе'}","{'datetime': 'сунуштын дата/вакыты', 'weather/attribute': 'температура', 'weather/temperatureUnit': 'градус'}"
test_56,Set alarm for 5 pm tonight,alarm/set_alarm,alarm/set_alarm,True,0.9523,False,False,False,{'datetime': 'бүген кичке 5'},{'datetime': '5 pm tonight'}
test_57,remind me to go to the doctors on august 21st 3 pm,reminder/set_reminder,reminder/set_reminder,True,0.9847,False,False,False,"{'datetime': '21-енче августта көндез 3-тә', 'reminder/todo': 'табибка барырга'}","{'datetime': 'august 21st 3 pm', 'reminder/todo': 'go to the doctors'}"
test_58,cancel my recurring reminder to take meds daily at 7 am,reminder/cancel_reminder,reminder/cancel_reminder,True,0.9164,False,False,False,"{'recurring_datetime': 'көн саен иртәнге сәгать 7-дә', 'reminder/todo': 'дарулар эчәргә'}","{'datetime': '7 am', 'recurring_datetime': 'бу атнабызда', 'reminder/todo': 'take meds daily at 7 am'}"
test_59,when does the forecast next show rain,weather/find,weather/find,True,0.9602,False,False,False,{'weather/attribute': 'яңгырны'},"{'datetime': 'next forecast', 'weather/attribute': 'rain'}"
test_60,What time is my alarm set for tomorrow morning?,alarm/show_alarms,alarm/set_alarm,False,0.8978,False,False,False,"{'datetime': 'Иртәгә иртә', 'reference': 'минем'}","{'datetime': 'бу атнабызда', 'recurring_datetime': 'tomorrow morning', 'reference': 'my alarm'}"
test_61,will it snow today,weather/find,weather/find,True,0.7992,False,False,False,"{'datetime': 'бүген', 'weather/attribute': 'кар'}","{'location': 'текшерүү урынына', 'datetime': 'сезгөн дата/вакыт'}"
test_62,Turn off my alarm.,alarm/cancel_alarm,alarm/cancel_alarm,True,0.9639,False,False,False,{'reference': 'Минем'},"{'datetime': '', 'reference': ''}"
test_63,Cancel all alarms,alarm/cancel_alarm,alarm/cancel_alarm,True,0.9676,False,False,False,{'reference': 'Барлык'},{'reference': ''}
test_64,remind me to buy groceries,reminder/set_reminder,reminder/set_reminder,True,0.9241,False,False,False,{'reminder/todo': 'продуктларны сатып алырга'},"{'datetime': 'бу атнабызда', 'reminder/todo': 'buy groceries'}"
test_65,I need an alarm set for a 9 am breakfast,alarm/set_alarm,alarm/set_alarm,True,0.9489,False,False,False,{'datetime': 'иртәнге сәгать 9-да'},"{'datetime': '9 am', 'reference': 'breakfast'}"
test_66,set reminder to watch the Colts one hour before game starts,reminder/set_reminder,reminder/set_reminder,True,0.9784,False,False,False,"{'datetime': 'уен башланганчы бер сәгать алдан', 'reminder/todo': 'Кольтларны карау'}","{'datetime': 'one hour before game starts', 'reminder/todo': 'watch the Colts'}"
test_67,cancel all alarms,alarm/cancel_alarm,alarm/cancel_alarm,True,0.9769,False,False,False,{'reference': 'барлык'},{'reference': '*'}
test_68,Cancel my third reminder on this list.,reminder/cancel_reminder,reminder/cancel_reminder,True,0.9379,False,False,False,{'reference': 'минем өченче'},{'reference': 'this list'}
test_69,set alarm for 6 am,alarm/set_alarm,alarm/set_alarm,True,0.9874,False,False,False,{'datetime': 'иртәнге 6'},{'datetime': '6 am'}
test_70,Reset this alarm now and start at 2 pm,alarm/cancel_alarm,alarm/set_alarm,False,0.9184,False,False,False,"{'reference': 'Бу', 'datetime': 'хәзердән | көндезге 2-гә'}","{'datetime': 'бу атнабызда', 'recurring_datetime': None, 'reference': 'Reset this alarm now', 'datetime_start': '2 pm'}"
test_71,Is it going to snow?,weather/find,weather/find,True,0.8329,False,False,False,{'weather/attribute': 'Кар'},"{'location': 'Где будете смотреть', 'datetime': 'бу атнабызда', 'weather/attribute': 'will snow'}"
test_72,Remind me to pay rent.,reminder/set_reminder,reminder/set_reminder,True,0.9797,False,False,False,{'reminder/todo': 'аренданы түләргә'},"{'datetime': '', 'reminder/todo': 'pay rent'}"
test_73,whats the low for tomorrow,weather/find,weather/find,True,0.9431,False,False,False,"{'datetime': 'иртәгә', 'weather/attribute': 'иң түбән'}","{'datetime': 'tomorrow', 'weather/attribute': 'low temperature'}"
test_74,Is it going to be sunny today?,weather/find,weather/find,True,0.8397,False,False,False,"{'datetime': 'Бүген', 'weather/attribute': 'кояшлы'}","{'location': 'Где у вас будет солнечный день?', 'datetime': 'сегодня'}"
test_75,How many reminders do I have today?,reminder/show_reminders,reminder/show_reminders,True,0.9625,False,False,False,{'datetime': 'Бүген'},{'datetime': 'бу атнабызда'}
test_76,What are my reminders for tomorrow?,reminder/show_reminders,reminder/show_reminders,True,0.706,False,False,False,"{'reference': 'Минем', 'datetime': 'иртәгә'}",{'datetime': 'туураманы күнөн көрсөткөн'}
test_77,Cancel all my reminders.,reminder/cancel_reminder,reminder/cancel_reminder,True,0.9127,False,False,False,{'reference': 'Минем барлык'},{'reference': 'all my reminders'}
test_78,set alarm for 6am tomorrow,alarm/set_alarm,alarm/set_alarm,True,0.9679,False,False,False,{'datetime': 'иртәнге 6-га'},"{'datetime': '6am', 'recurring_datetime': 'tomorrow', 'reference': ''}"
test_79,Set alarm for 30 minutes,alarm/set_alarm,alarm/set_alarm,True,0.9355,False,False,False,{'datetime': '30 минутка'},"{'datetime': '30 минут', 'recurring_datetime': ''}"
test_80,Set an alarm for an hour from now.,alarm/set_alarm,alarm/set_alarm,True,0.9275,False,False,False,{'datetime': 'бер сәгать алга'},"{'datetime': 'бу атнабызда', 'recurring_datetime': None, 'reference': None, 'reminder/todo': None}"
test_81,cancel all alarms,alarm/cancel_alarm,alarm/cancel_alarm,True,0.9769,False,False,False,{'reference': 'барлык'},{'reference': '*'}
test_82,weather update Los Angeles,weather/find,weather/find,True,0.9637,False,False,False,{'location': 'Лос - Анджелеста'},{'location': 'Los Angeles'}
test_83,cancel all alarms,alarm/cancel_alarm,alarm/cancel_alarm,True,0.9769,False,False,False,{'reference': 'бөтен'},{'reference': '*'}
test_84,How many reminders do I have today?,reminder/show_reminders,reminder/show_reminders,True,0.9625,False,False,False,{'datetime': 'Бүген'},{'datetime': 'бу атнабызда'}
test_85,Remind me to get paper towels at the store tomorrow,reminder/set_reminder,reminder/set_reminder,True,0.96,False,False,False,"{'datetime': 'иртәгә', 'reminder/todo': 'кибеттә кәгазь сөлгеләр сатып алырга'}","{'datetime': 'tomorrow', 'reminder/todo': 'get paper towels at the store'}"
test_86,show me all my reminders,reminder/show_reminders,reminder/show_reminders,True,0.9544,False,False,False,{'reference': 'минем барлык'},"{'datetime': '', 'reference': ''}"
test_87,Set alarm for 6 am,alarm/set_alarm,alarm/set_alarm,True,0.9829,False,False,False,{'datetime': 'иртәнге 6'},{'datetime': '6 am'}
test_88,will it snow tomorrow,weather/find,weather/find,True,0.8479,False,False,False,"{'datetime': 'иртәгә', 'weather/attribute': 'кар'}",{'datetime': 'туу атнабызда'}
test_89,cancel my alarm for tomorrow morning,alarm/cancel_alarm,alarm/cancel_alarm,True,0.9596,False,False,False,"{'datetime': 'иртәгә | иртәнге', 'reference': 'минем'}",{'datetime': 'tomorrow morning'}
test_90,Set the alarm for noon on Mondays only.,alarm/set_alarm,alarm/set_alarm,True,0.95,False,False,False,{'recurring_datetime': 'Дүшәмбе көнне төшке ашка'},"{'datetime': 'noon', 'recurring_datetime': 'Mondays'}"
test_91,How hot will it get today?,weather/find,weather/find,True,0.863,False,False,False,"{'datetime': 'Бүген', 'weather/attribute': 'эссе'}","{'datetime': 'сунуштын дата/вакыты', 'weather/attribute': 'температура', 'weather/temperatureUnit': 'градус'}"
test_92,remind me to set alarms for morning,reminder/set_reminder,reminder/set_reminder,True,0.9644,False,False,False,"{'datetime': 'иртәнге', 'reminder/todo': 'будильникларны куерга'}","{'datetime': 'morning', 'reminder/todo': 'set alarms'}"
test_93,delete all alarms,alarm/cancel_alarm,alarm/cancel_alarm,True,0.9853,False,False,False,{'reference': 'бөтен'},{'reference': ''}
test_94,show my alarms,alarm/show_alarms,alarm/show_alarms,True,0.9839,False,False,False,{'reference': 'Минем'},{}
test_95,dismiss alarm,alarm/cancel_alarm,alarm/cancel_alarm,True,0.9572,False,False,False,{},"{'datetime': '', 'reference': ''}"
test_96,What is the temperature today?,weather/find,weather/find,True,0.7538,False,False,False,"{'datetime': 'Бүген', 'weather/attribute': 'температура'}","{'datetime': 'суроого чыгару үчүн түшүнүк күнөн', 'weather/attribute': 'температура'}"
test_97,dismiss alarm,alarm/cancel_alarm,alarm/cancel_alarm,True,0.9572,False,False,False,{},"{'datetime': '', 'reference': ''}"
test_98,Show all alarms,alarm/show_alarms,alarm/show_alarms,True,0.9889,False,False,False,{'reference': 'Барлык'},{}
test_99,set alarm for every 30 minutes,alarm/set_alarm,alarm/set_alarm,True,0.9692,False,False,False,{'recurring_datetime': '30 минут саен'},"{'datetime': '', 'recurring_datetime': 'every 30 minutes', 'reference': ''}"
test_100,What is the temperature going to be today?,weather/find,weather/find,True,0.8169,False,False,False,"{'datetime': 'Бүген', 'weather/attribute': 'температура'}",{'datetime': 'туура атнабызда'}
test_101,Is it going to be hot today?,weather/find,weather/find,True,0.8834,False,False,False,"{'datetime': 'Бүген', 'weather/attribute': 'кызу'}","{'location': 'Где вы спрашиваете?', 'datetime': 'сегодня', 'weather/attribute': 'температура 30', 'weather/temperatureUnit': 'Celsius'}"
test_102,Is it going to rain tomorrow?,weather/find,weather/find,True,0.8344,False,False,False,"{'datetime': 'Иртәгә', 'weather/attribute': 'яңгыр'}","{'datetime': 'турунду', 'weather/attribute': 'һава торышы тасвирламасы: өткөрүш'}"
test_103,Cancel the next alarm,alarm/cancel_alarm,alarm/cancel_alarm,True,0.951,False,False,False,{'reference': 'Киләсе'},{'reference': 'next alarm'}
test_104,Remind me to go to grocery store today,reminder/set_reminder,reminder/set_reminder,True,0.8448,False,False,False,"{'datetime': 'Бүген', 'reminder/todo': 'кибеткә барырга'}","{'datetime': 'сунуштуу дата/вакыт', 'reminder/todo': 'икәртү эчтәлеге'}"
test_105,cancel my reminders for next week,reminder/cancel_reminder,reminder/cancel_reminder,True,0.9921,False,False,False,"{'datetime': 'киләсе атнада', 'reference': 'минем'}",{'datetime': 'next week'}
test_106,remind me to take dog to groomer tuesday at 3pm,reminder/set_reminder,reminder/set_reminder,True,0.9768,False,False,False,"{'datetime': 'сишәмбе көнне көндезге сәгать 3-тә', 'reminder/todo': 'этне грумерга алып барырга'}","{'datetime': 'tuesday at 3pm', 'reminder/todo': 'take dog to groomer'}"
test_107,Remind me to pick up flowers for Jen for our anniversary on the 28th.,reminder/set_reminder,reminder/set_reminder,True,0.9189,False,False,False,"{'datetime': '28-енче көнне', 'reminder/todo': 'Дженга годовщинага чәчәкләр сатып алырга'}","{'datetime': '28', 'object_name': 'Jen', 'object_type': 'creative work', 'object_select': 'our anniversary', 'reminder/todo': 'pick up flowers for Jen'}"
test_108,What's the weather like today?,weather/find,weather/find,True,0.8385,False,False,False,{'datetime': 'Бүген'},{'datetime': 'сунуштык дата/вакыт'}
test_109,Remind me to make a doctor's appointment tomorrow.,reminder/set_reminder,reminder/set_reminder,True,0.9697,False,False,False,"{'datetime': 'Иртәгә', 'reminder/todo': 'табибка язылырга'}","{'datetime': 'tomorrow', 'reminder/todo': ""make a doctor's appointment""}"
test_110,turn off all alarms,alarm/cancel_alarm,alarm/cancel_alarm,True,0.981,False,False,False,{'reference': 'бөтен'},{'reference': ''}
test_111,Should I bring a raincoat?,weather/find,weather/find,True,0.8822,False,False,False,{'weather/attribute': 'дождевикны'},"{'location': 'Where you are?', 'datetime': 'now', 'weather/attribute': 'rain', 'weather/temperatureUnit': ''}"
test_112,What is the severe weather forecast?,weather/find,weather/find,True,0.9571,False,False,False,{'weather/attribute': 'Начар'},"{'location': '', 'datetime': '', 'weather/attribute': 'severity', 'weather/temperatureUnit': ''}"
test_113,remind me of next weeks doctor appointment,reminder/set_reminder,reminder/set_reminder,True,0.9387,False,False,False,"{'datetime': 'киләсе атнада', 'reminder/todo': 'табибка язуым турында'}","{'datetime': 'next weeks', 'reminder/todo': 'doctor appointment'}"
test_114,set reminder to go to the store at 8am,reminder/set_reminder,reminder/set_reminder,True,0.9772,False,False,False,"{'datetime': 'иртәнге 8', 'reminder/todo': 'кибеткә бару'}","{'datetime': '8am', 'reminder/todo': 'go to the store'}"
test_115,Set reminder to get the dry cleaning.,reminder/set_reminder,reminder/set_reminder,True,0.9801,False,False,False,{'reminder/todo': 'Химчисткага барырга'},"{'datetime': '', 'recurring_datetime': '', 'reminder/todo': 'get the dry cleaning'}"
test_116,when is it cool down,weather/find,weather/find,True,0.9059,False,False,False,{'weather/attribute': 'салкынрак'},"{'datetime': 'cool down', 'weather/attribute': 'condition_temperature', 'weather/temperatureUnit': 'Сelsius'}"
test_117,will it rain this week,weather/find,weather/find,True,0.7353,False,False,False,"{'datetime': 'бу атнада', 'weather/attribute': 'яңгыр'}","{'location': 'текшерүү урынын анык тирәсендә', 'datetime': 'бүгүнчы күнлөрө', 'weather/attribute': 'түр', 'weather/temperatureUnit': 'салкын'}"
test_118,delete all alarms,alarm/cancel_alarm,alarm/cancel_alarm,True,0.9853,False,False,False,{'reference': 'барлык'},{'reference': ''}
test_119,cancel alarms,alarm/cancel_alarm,alarm/cancel_alarm,True,0.9757,False,False,False,{},{'reference': ''}
test_120,show me my alarms,alarm/show_alarms,alarm/show_alarms,True,0.9749,False,False,False,{'reference': 'минем'},{}
test_121,What time do I have an alarm set for?,alarm/show_alarms,alarm/set_alarm,False,0.9216,False,False,False,{},{'datetime': 'бу атнабызда'}
test_122,Is it going to rain Saturday?,weather/find,weather/find,True,0.962,False,False,False,"{'datetime': 'Шимбә', 'weather/attribute': 'яңгыр'}","{'datetime': 'Saturday', 'weather/attribute': 'will rain'}"
test_123,how hot is it going to get today,weather/find,weather/find,True,0.795,False,False,False,"{'datetime': 'бүген', 'weather/attribute': 'эссе'}","{'datetime': 'сунуштын дата/вакыты', 'location': 'сунуш урынын нөлөмү', 'weather/attribute': 'температура өткөрүү', 'weather/temperatureUnit': 'градус'}"
test_124,Reset all alarms,alarm/cancel_alarm,alarm/show_alarms,False,0.9414,False,False,False,{'reference': 'Барлык'},{'reference': 'Reset all alarms'}
test_125,Weather in Tahoe this weekend?,weather/find,weather/find,True,0.9948,False,False,False,"{'datetime': 'Бу ял көннәрендә', 'location': 'Тахода'}","{'location': 'Tahoe', 'datetime': 'this weekend'}"
test_126,Do I need a coat today?,weather/find,weather/find,True,0.8037,False,False,False,"{'datetime': 'бүген', 'weather/attribute': 'пальто'}","{'location': 'текшерүү урынына', 'datetime': 'сезгөн укак', 'weather/attribute': 'температура', 'weather/temperatureUnit': 'Сelsius'}"
test_127,When will the rain stop?,weather/find,weather/find,True,0.8994,False,False,False,{'weather/attribute': 'Яңгыр'},{'datetime': 'rain stop time'}
test_128,Set a reminder to call my school on Monday at 4 PM,reminder/set_reminder,reminder/set_reminder,True,0.9691,False,False,False,"{'datetime': 'Дүшәмбе көнне 16:00 сәгатьтә', 'reminder/todo': 'минем мәктәпкә шалтыратырга'}","{'datetime': 'Monday 4 PM', 'reminder/todo': 'call my school'}"
test_129,Turn off my alarm.,alarm/cancel_alarm,alarm/cancel_alarm,True,0.9639,False,False,False,{'reference': 'Минем'},"{'datetime': '', 'reference': ''}"
test_130,How cold will it be tonight?,weather/find,weather/find,True,0.955,False,False,False,"{'datetime': 'Бүген кич', 'weather/attribute': 'салкын'}","{'datetime': 'tonight', 'weather/attribute': 'температура 31', 'weather/temperatureUnit': 'Цельсий градустан'}"
test_131,Set alarm for 7 am tomorrow.,alarm/set_alarm,alarm/set_alarm,True,0.9303,False,False,False,{'datetime': 'иртәнге җидегә'},"{'datetime': '7', 'recurring_datetime': 'tomorrow', 'reference': ''}"
test_132,Cancel my reminder to pick up Rob,reminder/cancel_reminder,reminder/cancel_reminder,True,0.9446,False,False,False,"{'reference': 'Минем', 'reminder/todo': 'Робны алу'}","{'datetime': 'бу атнабызда', 'reference': 'Rob'}"
test_133,Create a reminder for tomorrow to buy milk.,reminder/set_reminder,reminder/set_reminder,True,0.9123,False,False,False,"{'datetime': 'Иртәгә', 'reminder/todo': 'сөт сатып алу'}","{'datetime': 'бу атнабызда', 'reminder/todo': 'buy milk'}"
test_134,set alarm for 6pm,alarm/set_alarm,alarm/set_alarm,True,0.9719,False,False,False,{'datetime': 'иртәнге 6'},{'datetime': '6pm'}
test_135,schedule a daily alarm for 7:30 pm until deleted,alarm/set_alarm,alarm/set_alarm,True,0.9083,False,False,False,{'recurring_datetime': 'көндәлек | кичке җиде сәгать утыз минутка'},"{'datetime': '7:30 PM', 'recurring_datetime': 'until deleted', 'reference': ''}"
test_136,remind me to set an alarm for ups,reminder/set_reminder,reminder/set_reminder,True,0.9639,False,False,False,{'reminder/todo': 'торыр өчен будильникны куерга'},"{'datetime': 'ups', 'reminder/todo': 'set an alarm'}"
test_137,Cancel my reminder,reminder/cancel_reminder,reminder/cancel_reminder,True,0.9614,False,False,False,{'reference': 'Минем'},{'datetime': ''}
test_138,Is it going to snow today?,weather/find,weather/find,True,0.8315,False,False,False,"{'datetime': 'Бүген', 'weather/attribute': 'кар'}","{'location': 'текшерүү урынына', 'datetime': 'сезгөн укак', 'weather/attribute': 'һава торышы тасвирламасы', 'weather/conditionTemperature': 'салкын'}"
test_139,Show me all the alarms,alarm/show_alarms,alarm/show_alarms,True,0.976,False,False,False,{'reference': 'бөтен'},{}
test_140,show all reminders,reminder/show_reminders,reminder/show_reminders,True,0.9917,False,False,False,{'reference': 'бөтен'},{}
test_141,how much time is left on my alarm,alarm/time_left_on_alarm,alarm/time_left_on_alarm,True,0.9662,False,True,False,{'reference': 'минем'},{'reference': 'конкрет будильникка күрсәтү'}
test_142,set alarm for 2 hours,alarm/set_alarm,alarm/set_alarm,True,0.9699,False,False,False,{'datetime': '2 сәгатькә'},{'datetime': '2 hours'}
test_143,Remind me to get bread after work,reminder/set_reminder,reminder/set_reminder,True,0.9898,False,False,False,"{'datetime': 'Эштән соң', 'reminder/todo': 'икмәк сатып алырга'}","{'datetime': 'after work', 'reminder/todo': 'get bread'}"
test_144,Will it rain today?,weather/find,weather/find,True,0.8571,False,False,False,"{'datetime': 'Бүген', 'weather/attribute': 'яңгыр'}","{'location': 'текшерүү урынына', 'datetime': 'сезгөн вакытта', 'weather/attribute': 'һава торышы тасвирламасы', 'weather/conditionTemperature': 'салкын'}"
test_145,read today's weather forecast,weather/find,weather/find,True,0.8379,False,False,False,{'datetime': 'бүгенге'},{'datetime': 'сунуштуу дата'}
test_146,What time is my alarm set for?,alarm/show_alarms,alarm/set_alarm,False,0.9413,False,False,False,{'reference': 'Минем'},{'datetime': 'бу атнабызда'}
test_147,at 4 tomorrow remind me to go to the mall,reminder/set_reminder,reminder/set_reminder,True,0.9045,False,False,False,"{'datetime': 'иртәгә 4', 'reminder/todo': 'сәүдә үзәгенә барырга'}","{'datetime': '4', 'reference': 'go to the mall'}"
test_148,do I need to bring an umbrella today,weather/find,weather/find,True,0.7419,False,False,False,"{'datetime': 'бүген', 'weather/attribute': 'кул чатырны'}","{'location': 'текишkjоо', 'datetime': 'суроого өткөрүү үчүн', 'weather/attribute': 'дождь', 'weather/conditionTemperature': 'сизги югары'}"
test_149,Show my reminder,reminder/show_reminders,reminder/show_reminders,True,0.9713,False,False,False,{'reference': 'Минем'},{}
test_150,Show all my reminders,reminder/show_reminders,reminder/show_reminders,True,0.9815,False,False,False,{'reference': 'Минем бөтен'},{}
test_151,Set a reminder for dog food on Monday.,reminder/set_reminder,reminder/set_reminder,True,0.9833,False,False,False,"{'datetime': 'Дүшәмбе', 'reminder/todo': 'эт ризыгы'}","{'datetime': 'Monday', 'reminder/todo': 'dog food'}"
test_152,"Set reminder ""Sub yoga class Tuesday night at Bala"" for tomorrow",reminder/set_reminder,reminder/set_reminder,True,0.9056,False,False,False,"{'datetime': 'Иртәгегә', 'reminder/todo': 'Сишәмбе кичендә Балада Саб йога дәресенә язылырга'}","{'datetime': 'Tuesday night', 'recurring_datetime': '', 'reminder/todo': 'Sub yoga class', 'reference': 'Bala', 'reminder/time': 'tomorrow'}"
test_153,Cancel all reminders for today,reminder/cancel_reminder,reminder/cancel_reminder,True,0.6739,False,False,False,"{'datetime': 'бүгенгегә', 'reference': 'бөтен'}","{'datetime': 'бу атнабызда түшүрүү кабыл алуу', 'reference': 'reminder/өсүм'}"
test_154,What will the weather be in New York city this week,weather/find,weather/find,True,0.9899,False,False,False,"{'datetime': 'Бу атнада', 'location': 'Нью - Йоркта'}","{'location': 'New York city', 'datetime': 'this week'}"
test_155,remind me of a doctor visit Thursday at 12 pm,reminder/set_reminder,reminder/set_reminder,True,0.9637,False,False,False,"{'datetime': 'пәнҗешәмбе көнне көндез 12-дә', 'reminder/todo': 'табибка баруымны'}","{'datetime': 'Thursday at 12 pm', 'reminder/todo': 'doctor visit'}"
test_156,Set an alarm for 6:50 pm,alarm/set_alarm,alarm/set_alarm,True,0.955,False,False,False,{'datetime': 'кичке 6:50'},{'datetime': '6:50 pm'}
test_157,Is it going to snow today?,weather/find,weather/find,True,0.8315,False,False,False,"{'datetime': 'Бүген', 'weather/attribute': 'кар'}","{'location': 'текшерүү урынына', 'datetime': 'сезгөн укак', 'weather/attribute': 'һава торышы тасвирламасы', 'weather/conditionTemperature': 'салкын'}"
test_158,What alarms are set?,alarm/show_alarms,none,False,0.0,True,False,False,{},{}
test_159,Set a reminder alarm for October 7,reminder/set_reminder,reminder/set_reminder,True,0.9842,False,False,False,{'datetime': '7 октябрьгә'},{'datetime': 'October 7'}
test_160,Will there be snow today?,weather/find,weather/find,True,0.8288,False,False,False,"{'datetime': 'бүген', 'weather/attribute': 'кар'}","{'location': 'текшерүү урынына', 'datetime': 'сезгөн вакытта', 'weather/attribute': 'һава торышы тасвирламасы', 'weather/conditionTemperature': 'салаң'}"
test_161,snooze alarm for 15 minutes,alarm/snooze_alarm,alarm/snooze_alarm,True,0.9625,False,True,False,{'datetime': '15 минутка'},{'reference': 'бу атнабызда'}
test_162,How much snow are they predicting?,weather/find,weather/find,True,0.8387,False,False,False,{'weather/attribute': 'кар'},"{'location': 'Where are the predictions being made?', 'datetime': 'Current date and time', 'weather/attribute': 'amount of snow', 'weather/temperatureUnit': 'None specified'}"
test_163,is it hot outside,weather/find,weather/find,True,0.8714,False,False,False,"{'location': 'урамда', 'weather/attribute': 'эссе'}","{'location': 'outside', 'datetime': 'текшерүү үчүн', 'weather/attribute': 'температура', 'weather/temperatureUnit': 'градус'}"
test_164,What is the temperature going to be today?,weather/find,weather/find,True,0.8169,False,False,False,"{'datetime': 'Бүген', 'weather/attribute': 'температура'}",{'datetime': 'туура атнабызда'}
test_165,what will the weather be like in Dallas tomorrow,weather/find,weather/find,True,0.9875,False,False,False,"{'datetime': 'иртәгә', 'location': 'Далласта'}","{'location': 'Dallas', 'datetime': 'tomorrow'}"
test_166,Show me all my reminders for today,reminder/show_reminders,reminder/show_reminders,True,0.9499,False,False,False,"{'datetime': 'бүгенгегә', 'reference': 'минем бөтен'}",{'datetime': 'бу атнабызда'}
test_167,Set a weekly reminder for groceries.,reminder/set_reminder,reminder/set_reminder,True,0.9676,False,False,False,"{'recurring_datetime': 'Атна саен', 'reminder/todo': 'продукт сатып алу'}","{'datetime': '', 'recurring_datetime': 'weekly', 'reminder/todo': 'groceries'}"
test_168,weather,weather/find,weather/find,True,0.9821,False,False,False,{},{}
test_169,Is it supposed to rain all day?,weather/find,weather/find,True,0.7535,False,False,False,"{'weather/attribute': 'Яңгыр', 'datetime': 'көне буе'}","{'location': 'Where should I check for the weather?', 'datetime': 'all day', 'weather/attribute': 'rain'}"
test_170,is it going to rain tomorrow,weather/find,weather/find,True,0.8263,False,False,False,"{'datetime': 'Иртәгә', 'weather/attribute': 'яңгыр'}","{'datetime': 'турунда', 'weather/attribute': 'һава торышы тасвирламасы: өткөрүнгө'}"
test_171,Remind me to reply to work emails tonight,reminder/set_reminder,reminder/set_reminder,True,0.9707,False,False,False,"{'datetime': 'Бүген кич', 'reminder/todo': 'эш хатларына җавап бирергә'}","{'datetime': 'tonight', 'reminder/todo': 'reply to work emails'}"
test_172,Delete alarms,alarm/cancel_alarm,alarm/cancel_alarm,True,0.9668,False,False,False,{},{'reference': ''}
test_173,Cancel my alarms,alarm/cancel_alarm,alarm/cancel_alarm,True,0.9586,False,False,False,{'reference': 'Минем'},{'reference': ''}
test_174,Can I wear shorts today?,weather/find,weather/find,True,0.7608,False,False,False,"{'datetime': 'бүген', 'weather/attribute': 'шортыны'}","{'location': 'текшерүү урынын аты', 'datetime': 'сезгөн укак', 'weather/attribute': 'weather/temperatureUnit', 'weather/temperatureValue': '30'}"
test_175,Will it rain tomorrow?,weather/find,weather/find,True,0.8403,False,False,False,"{'datetime': 'Иртәгә', 'weather/attribute': 'яңгыр'}","{'datetime': 'туура', 'weather/attribute': 'рains'}"
test_176,Set alarm for 10 am,alarm/set_alarm,alarm/set_alarm,True,0.975,False,False,False,{'datetime': 'иртәнге 10'},{'datetime': '10 am'}
test_177,Is it going to rain this week?,weather/find,weather/find,True,0.8435,False,False,False,"{'datetime': 'бу атнада', 'weather/attribute': 'яңгыр'}","{'location': 'где-нибуд', 'datetime': 'this week', 'weather/attribute': 'condition_description', 'weather/temperatureUnit': 'не требуется'}"
test_178,show all reminders,reminder/show_reminders,reminder/show_reminders,True,0.9917,False,False,False,{'reference': 'бөтен'},{}
test_179,cancel alarms,alarm/cancel_alarm,alarm/cancel_alarm,True,0.9757,False,False,False,{},{'reference': ''}
test_180,turn off all alarms,alarm/cancel_alarm,alarm/cancel_alarm,True,0.981,False,False,False,{'reference': 'бөтен'},{'reference': ''}
test_181,show all alarms preset,alarm/show_alarms,alarm/show_alarms,True,0.9311,False,False,False,{'reference': 'бөтен'},{'datetime': ''}
test_182,Set alarm every minute for 20 minutes.,alarm/set_alarm,alarm/set_alarm,True,0.7772,False,False,False,{'recurring_datetime': 'егерме минут саен'},"{'datetime': 'бу атнабызда', 'recurring_datetime': 'every minute', 'reference': 'бүт калган минутларга'}"
test_183,What are my reminders?,reminder/show_reminders,reminder/show_reminders,True,0.9778,False,False,False,{'reference': 'Минем'},"{'datetime': '', 'reference': ''}"
test_184,cancel alarm for tomorrow,alarm/cancel_alarm,alarm/cancel_alarm,True,0.9529,False,False,False,{'datetime': 'иртәгегә'},{'datetime': 'tomorrow'}
test_185,Do I need an umbrella today?,weather/find,weather/find,True,0.8276,False,False,False,"{'datetime': 'бүген', 'weather/attribute': 'зонтик'}","{'location': 'текшерүү урынына', 'datetime': 'сез атнабызда', 'weather/attribute': 'дождь', 'weather/temperatureUnit': None}"
test_186,is it supposed to snow today?,weather/find,weather/find,True,0.8297,False,False,False,"{'datetime': 'бүген', 'weather/attribute': 'кар'}","{'location': 'ПалоАльто тирәсендә', 'datetime': 'сезгөн дүйнөдөн', 'weather/attribute': 'snow'}"
test_187,Remind me to call my mom tonight,reminder/set_reminder,reminder/set_reminder,True,0.9809,False,False,False,"{'datetime': 'Бүген кич', 'reminder/todo': 'минем әнигә шалтыратырга'}","{'datetime': 'tonight', 'reminder/todo': 'call my mom'}"
test_188,will it rain today?,weather/find,weather/find,True,0.8007,False,False,False,"{'datetime': 'Бүген', 'weather/attribute': 'яңгыр'}","{'location': 'текшерүү урынына', 'datetime': 'суроого вакытта', 'weather/attribute': 'түр', 'weather/temperatureUnit': None}"
test_189,Is it going to rain Saturday?,weather/find,weather/find,True,0.962,False,False,False,"{'datetime': 'Шимбә', 'weather/attribute': 'яңгыр'}","{'datetime': 'Saturday', 'weather/attribute': 'will rain'}"
test_190,Will you set the alarm every minute for 20 minutes?,alarm/set_alarm,alarm/set_alarm,True,0.9385,False,False,False,{'recurring_datetime': 'һәр минут саен 20 минутка'},"{'datetime': 'бу атнабызда', 'recurring_datetime': 'every minute for 20 minutes'}"
test_191,Tropical storms in caribbean,weather/find,weather/find,True,0.865,False,False,False,"{'location': 'Кариб', 'weather/attribute': 'тропик давыллар'}","{'location': 'caribbean', 'datetime': 'турунча атнабызда'}"
test_192,cancel all alarms,alarm/cancel_alarm,alarm/cancel_alarm,True,0.9769,False,False,False,{'reference': 'барлык'},{'reference': '*'}
test_193,Set alarm for every nine minutes.,alarm/set_alarm,alarm/set_alarm,True,0.9531,False,False,False,{'recurring_datetime': 'тугыз минут саен'},"{'datetime': '', 'recurring_datetime': 'every 9 minutes', 'reference': ''}"
test_194,Delete the last two reminders on my list,reminder/cancel_reminder,reminder/cancel_reminder,True,0.9565,False,False,False,{'reference': 'соңгы ике'},{'reference': 'Delete the last two reminders on my list'}
test_195,how's the weather today,weather/find,weather/find,True,0.8242,False,False,False,{'datetime': 'бүген'},{'datetime': 'суроого тирәсендә'}
test_196,turn on my alarm,alarm/set_alarm,alarm/set_alarm,True,0.9278,False,False,False,{'reference': 'минем'},"{'datetime': 'бу атнабызда', 'reference': ''}"
test_197,What is the humidity today?,weather/find,weather/find,True,0.8771,False,False,False,"{'datetime': 'Бүген', 'weather/attribute': 'һаваның дымлылыгы'}","{'datetime': 'сез атнабызда', 'weather/attribute': 'humidity'}"
test_198,remind me to set an alarm for ups,reminder/set_reminder,reminder/set_reminder,True,0.9639,False,False,False,{'reminder/todo': 'миңа торыр өчен будильникны куерга'},"{'datetime': 'ups', 'reminder/todo': 'set an alarm'}"
test_199,Will it snow this weekend?,weather/find,weather/find,True,0.6713,False,False,False,"{'datetime': 'Бу ял көннәрендә', 'weather/attribute': 'кар'}","{'location': 'текшерүү урынын анык бир тирәсендә', 'datetime': 'суббота һәм саясатынан анык бир күнөн'}"
test_200,How hot will it get today?,weather/find,weather/find,True,0.863,False,False,False,"{'datetime': 'Бүген', 'weather/attribute': 'эссе'}","{'datetime': 'сунуштын дата/вакыты', 'weather/attribute': 'температура', 'weather/temperatureUnit': 'градус'}"
test_201,What time is my alarm set for,alarm/show_alarms,alarm/set_alarm,False,0.9666,False,False,False,{'reference': 'Минем'},{'datetime': 'бу атнабызда'}
test_202,What's the weather like today?,weather/find,weather/find,True,0.8385,False,False,False,{'datetime': 'Бүген'},{'datetime': 'сунуштык дата/вакыт'}
test_203,Will it rain tomorrow?,weather/find,weather/find,True,0.8403,False,False,False,"{'datetime': 'Иртәгә', 'weather/attribute': 'яңгыр'}","{'datetime': 'туура', 'weather/attribute': 'рains'}"
test_204,Cancel my alarm for 5:15am on Tuesday,alarm/cancel_alarm,alarm/cancel_alarm,True,0.9398,False,False,False,"{'datetime': 'Сишәмбе көнне иртәнге 5:15', 'reference': 'минем'}",{'datetime': '5:15 am on Tuesday'}
test_205,cancel reminder for tonight's game,reminder/cancel_reminder,reminder/cancel_reminder,True,0.9622,False,False,False,"{'datetime': 'бүгенге', 'reminder/todo': 'уен'}","{'datetime': ""tonight's game""}"
test_206,set alarm for 3am,alarm/set_alarm,alarm/set_alarm,True,0.9765,False,False,False,{'datetime': 'көндезге 3-ке'},{'datetime': '3am'}
test_207,cancel all alarms for saturday,alarm/cancel_alarm,alarm/cancel_alarm,True,0.9679,False,False,False,"{'datetime': 'шимбә көнне', 'reference': 'бөтен'}",{'reference': 'saturday'}
test_208,i need a reminder to pick Lisa up,reminder/set_reminder,reminder/set_reminder,True,0.9443,False,False,False,{'reminder/todo': 'Лизаны алу'},"{'datetime': '', 'reminder/todo': 'pick Lisa up'}"
test_209,What is the high today?,weather/find,weather/find,True,0.8198,False,False,False,"{'datetime': 'Бүген', 'weather/attribute': 'югары'}",{'datetime': 'сунуштын дата'}
test_210,Is it going to be cloudy today in Grindstone?,weather/find,weather/find,True,0.89,False,False,False,"{'datetime': 'Бүген', 'location': 'Гринстоунда', 'weather/attribute': 'болытлы'}","{'location': 'Grindstone', 'datetime': 'сунуштын атнабызда', 'weather/attribute': 'cloudy'}"
test_211,Remind me later,reminder/set_reminder,reminder/set_reminder,True,0.9111,False,False,False,{'datetime': 'Соңрак'},{'datetime': 'бу атнабызда'}
test_212,what is the weather in france today,weather/find,weather/find,True,0.9387,False,False,False,"{'datetime': 'бүген', 'location': 'франциядә'}","{'location': 'france', 'datetime': 'сегодня'}"
test_213,Will it be sunny for the party on Saturday?,weather/find,weather/find,True,0.8974,False,False,False,"{'datetime': 'Шимбә', 'weather/attribute': 'кояшлы'}","{'datetime': 'Saturday', 'location': 'party', 'weather/attribute': 'condition_description', 'weather/temperatureUnit': 'None'}"
test_214,Is it going to rain tomorrow?,weather/find,weather/find,True,0.8344,False,False,False,"{'datetime': 'Иртәгә', 'weather/attribute': 'яңгыр'}","{'datetime': 'турунду', 'weather/attribute': 'һава торышы тасвирламасы: өткөрүш'}"
test_215,Can I wear shorts today?,weather/find,weather/find,True,0.7608,False,False,False,"{'datetime': 'бүген', 'weather/attribute': 'шортыны'}","{'location': 'текшерүү урынын аты', 'datetime': 'сезгөн укак', 'weather/attribute': 'weather/temperatureUnit', 'weather/temperatureValue': '30'}"
test_216,Show my reminder,reminder/show_reminders,reminder/show_reminders,True,0.9713,False,False,False,{'reference': 'Минем'},{}
test_217,what is the average forecast for september,weather/find,weather/find,True,0.9016,False,False,False,{'datetime': 'Сентябрьдә'},"{'datetime': 'сентябр', 'weather/attribute': 'температура 31', 'weather/temperatureUnit': 'Цельсий градустан'}"
test_218,Is it cold today?,weather/find,weather/find,True,0.9128,False,False,False,"{'datetime': 'Бүген', 'weather/attribute': 'салкынмы'}","{'location': 'current location', 'datetime': 'today', 'weather/attribute': 'temperature', 'weather/temperatureUnit': 'Celsius'}"
test_219,Cancel all reminders,reminder/cancel_reminder,reminder/cancel_reminder,True,0.9511,False,False,False,{'reference': 'Бөтен'},{'reference': ''}
test_220,is it hot?,weather/find,weather/find,True,0.9353,False,False,False,{'weather/attribute': 'эссеме'},"{'location': 'unknown', 'datetime': 'unknown', 'weather/attribute': 'hot', 'weather/temperatureUnit': 'unknown'}"
test_221,Make alarm for weekends at 2pm,alarm/set_alarm,alarm/set_alarm,True,0.938,False,False,False,{'recurring_datetime': 'Ял көннәрендә көндезге 2'},"{'datetime': '2pm', 'recurring_datetime': 'weekends'}"
test_222,Set alarm for 2 am,alarm/set_alarm,alarm/set_alarm,True,0.9567,False,False,False,{'datetime': 'иртәнге 2'},{'datetime': '2 am'}
test_223,What is the humidity today?,weather/find,weather/find,True,0.8771,False,False,False,"{'datetime': 'Бүген', 'weather/attribute': 'һаваның дымлылыгы'}","{'datetime': 'сез атнабызда', 'weather/attribute': 'humidity'}"
test_224,show all my alarms,alarm/show_alarms,alarm/show_alarms,True,0.9868,False,False,False,{'reference': 'минем бөтен'},{}
test_225,Show me all my reminders,reminder/show_reminders,reminder/show_reminders,True,0.9644,False,False,False,{'reference': 'Минем бөтен'},{}
test_226,cancel all alarms,alarm/cancel_alarm,alarm/cancel_alarm,True,0.9769,False,False,False,{'reference': 'бөтен'},{'reference': '*'}
test_227,Is there a storm headed for my area?,weather/find,weather/find,True,0.9211,False,False,False,"{'weather/attribute': 'Давыл', 'location': 'минем районыма'}","{'location': 'my area', 'datetime': 'бу атнабызда', 'weather/attribute': 'storm'}"
test_228,what's the weather today,weather/find,weather/find,True,0.7793,False,False,False,{'datetime': 'бүген'},{'datetime': 'суроого өткөрүү үчүн төркем күләмени тасвирлау'}
test_229,delete last reminder,reminder/cancel_reminder,reminder/cancel_reminder,True,0.8942,False,False,False,{'reference': 'соңгы'},"{'datetime': '', 'reference': 'reminder/guidance'}"
test_230,What time is left on the alarm.,alarm/time_left_on_alarm,alarm/time_left_on_alarm,True,0.9648,False,True,False,{},{'reference': ''}
test_231,Cancel all my alarms for Sunday.,alarm/cancel_alarm,alarm/cancel_alarm,True,0.9775,False,False,False,"{'datetime': 'Якшәмбе көнне', 'reference': 'минем бөтен'}",{'reference': 'all my alarms for Sunday'}
test_232,How hot will it get today?,weather/find,weather/find,True,0.863,False,False,False,"{'datetime': 'Бүген', 'weather/attribute': 'эссе'}","{'datetime': 'сунуштын дата/вакыты', 'weather/attribute': 'температура', 'weather/temperatureUnit': 'градус'}"
test_233,I'd like you to create a new alarm for 8:45 tomorrow morning,alarm/set_alarm,alarm/set_alarm,True,0.9674,False,False,False,{'datetime': 'иртәгә иртәнге 8:45'},"{'datetime': 'tomorrow morning', 'recurring_datetime': '', 'reference': '', 'reminder/todo': ''}"
test_234,cancel all alarms,alarm/cancel_alarm,alarm/cancel_alarm,True,0.9769,False,False,False,{'reference': 'бөтен'},{'reference': '*'}
test_235,Is it going to snow today?,weather/find,weather/find,True,0.8315,False,False,False,"{'datetime': 'Бүген', 'weather/attribute': 'кар'}","{'location': 'текшерүү урынына', 'datetime': 'сезгөн укак', 'weather/attribute': 'һава торышы тасвирламасы', 'weather/conditionTemperature': 'салкын'}"
test_236,remind me to buy ice,reminder/set_reminder,reminder/set_reminder,True,0.9591,False,False,False,{'reminder/todo': 'бозны алырга'},"{'datetime': '', 'reminder/todo': 'buy ice'}"
test_237,show all reminders,reminder/show_reminders,reminder/show_reminders,True,0.9917,False,False,False,{'reference': 'бөтен'},{}
test_238,show all alarms,alarm/show_alarms,alarm/show_alarms,True,0.9919,False,False,False,{'reference': 'бөтен'},{}
test_239,What's the weather in San Francisco?,weather/find,weather/find,True,0.8567,False,False,False,{'location': 'Сан - Францискода'},"{'location': 'San Francisco', 'datetime': 'бу атмасын сораашыnda'}"
test_240,Cancel all reminders,reminder/cancel_reminder,reminder/cancel_reminder,True,0.9511,False,False,False,{'reference': 'Бөтен'},{'reference': ''}
test_241,Cancel reminder for concert,reminder/cancel_reminder,reminder/cancel_reminder,True,0.9467,False,False,False,{'reminder/todo': 'Концерт'},"{'datetime': 'concert', 'reference': 'конкрет искәртүгә күрсәтү'}"
test_242,Cancel the alarm for tomorrow morning,alarm/cancel_alarm,alarm/cancel_alarm,True,0.9542,False,False,False,{'datetime': 'Иртәгә иртәнге'},{'datetime': 'tomorrow morning'}
test_243,will it rain this week,weather/find,weather/find,True,0.7353,False,False,False,"{'datetime': 'бу атнада', 'weather/attribute': 'яңгыр'}","{'location': 'текшерүү урынын анык тирәсендә', 'datetime': 'бүгүнчы күнлөрө', 'weather/attribute': 'түр', 'weather/temperatureUnit': 'салкын'}"
test_244,What is the weather like on Wednesday for golfing?,weather/find,weather/find,True,0.9832,False,False,False,{'datetime': 'чәршәмбе көнне'},"{'datetime': 'Wednesday', 'object_type': 'golfing'}"
test_245,show all alarms,alarm/show_alarms,alarm/show_alarms,True,0.9919,False,False,False,{'reference': 'бөтен'},{}
test_246,turn off all alarms for tomorrow,alarm/cancel_alarm,alarm/cancel_alarm,True,0.9316,False,False,False,"{'reference': 'бөтен', 'datetime': 'иртәгә'}",{'datetime': 'tomorrow'}
test_247,Set alarm for 5pm tonight,alarm/set_alarm,alarm/set_alarm,True,0.9491,False,False,False,{'datetime': 'бүген кичке 5'},{'datetime': '5pm tonight'}
test_248,set alarm for 7 tomorrow,alarm/set_alarm,alarm/set_alarm,True,0.9753,False,False,False,{'datetime': 'иртәге 7-гә'},"{'datetime': 'tomorrow', 'recurring_datetime': '', 'reference': '', 'reminder/todo': ''}"
test_249,Will it be sunny tomorrow?,weather/find,weather/find,True,0.8585,False,False,False,"{'datetime': 'Иртәгә', 'weather/attribute': 'кояшлы'}","{'datetime': 'туура', 'weather/attribute': 'weather/condition_description', 'weather/conditionTemperature': 'sunny'}"
test_250,how hot will it be today,weather/find,weather/find,True,0.844,False,False,False,"{'datetime': 'бүген', 'weather/attribute': 'эссе'}",{'datetime': 'сунуштык дата/вакыт'}
test_251,Give zero stars to Halo: Ghosts of Onyx,RateBook,RateBook,True,0.9677,False,False,False,"{'rating_value': 'ноль', 'rating_unit': 'йолдызлар', 'object_name': 'Halo: Ghosts of Onyx'}","{'object_name': 'Halo: Ghosts of Onyx', 'best_rating': '0', 'object_type': 'book'}"
test_252,Play music by Joy Nilo .,PlayMusic,PlayMusic,True,0.9405,False,False,False,{'artist': 'Джой Нило'},"{'artist': 'Joy Nilo', 'music_item': 'Play by Joy Nilo'}"
test_253,Please find me the video game titled 20 Hours in America .,SearchCreativeWork,SearchCreativeWork,True,0.9942,False,False,False,"{'object_name': '20 Hours in America', 'object_type': 'видеоуен'}","{'object_name': '20 Hours in America', 'object_type': 'video game'}"
test_254,Play my inventive playlist,PlayMusic,PlayMusic,True,0.9719,False,False,False,{'playlist': 'ясаган'},{'playlist': 'my inventive playlist'}
test_255,Book spot for 9 at Thurmont,BookRestaurant,BookRestaurant,True,0.9564,False,False,False,"{'location': 'Термонтта', 'party_size_number': '9 кешегә'}","{'datetime': '9', 'party_size_number': '1', 'location': 'Thurmont'}"
test_256,Add this tune to dorthy's 80's party playlist,AddToPlaylist,AddToPlaylist,True,0.9604,False,False,False,"{'music_item': 'көйне', 'reference': 'Доротиның', 'playlist': ""80's party""}","{'playlist': ""dorthy's 80's party playlist"", 'musicItem': 'tune'}"
test_257,Play the newest melody on Last Fm by Eddie Vinson .,PlayMusic,PlayMusic,True,0.9578,False,False,False,"{'service': 'Last FM-да', 'artist': 'Эдди Винсонның', 'sort': 'иң яңа', 'music_item': 'көйен'}","{'artist': 'Eddie Vinson', 'music_item': 'newest melody', 'service': 'Last Fm'}"
test_258,Check the forecast for Nebraska .,weather/find,weather/find,True,0.9564,False,False,False,{'location': 'Небрасканың'},"{'location': 'Nebraska', 'datetime': 'бу атнабызда'}"
test_259,Is there a storm now in NC ?,weather/find,weather/find,True,0.9535,False,False,True,"{'location': 'NC-да', 'datetime': 'хәзер', 'condition_description': 'буран'}","{'location': 'NC', 'datetime': 'now', 'weather/attribute': 'storm'}"
test_260,I want to listen to an ep from 1998 .,PlayMusic,SearchCreativeWork,False,0.9597,False,False,False,"{'datetime': '1998', 'music_item': 'минионны'}","{'datetime': '1998', 'object_type': 'ep'}"
test_261,I need times for A Yiddish World Remembered at Dipson Theatres,SearchScreeningEvent,SearchScreeningEvent,True,0.986,False,False,False,"{'location': 'Дипсон театрларында', 'movie_name': 'A Yiddish World Remembered', 'object_type': 'вакыт'}","{'movie_name': 'A Yiddish World Remembered', 'object_location_type': 'Dipson Theatres'}"
test_262,Give 1 out of 6 rating to the current textbook,RateBook,RateBook,True,0.9467,False,False,False,"{'object_select': 'Хәзерге', 'object_type': 'дәреслеккә', 'best_rating': '6-дан', 'rating_value': '1'}","{'object_name': 'current textbook', 'best_rating': '1', 'rating_unit': 'шкаладагы иң югары бәя', 'object_type': 'китап'}"
test_263,Add the Matt Murphy tune to the Flow Español playlist.,AddToPlaylist,AddToPlaylist,True,0.9232,False,False,False,"{'artist': 'Мэтт Мерфиның', 'music_item': 'көйен', 'playlist': 'Flow Español'}","{'artist': 'Matt Murphy', 'entity_name': 'Flow Español playlist'}"
test_264,I want to book a sundanese gastropub nearby in Texas for 3 people on 5/20/2025 .,BookRestaurant,BookRestaurant,True,0.9576,False,False,True,"{'party_size_number': '3', 'datetime': '20/05/2025', 'location': 'Техас | янындагы', 'cuisine': 'судан', 'restaurant_type': 'гастропабын'}","{'datetime': '5/20/2025', 'party_size_number': '3', 'location': 'nearby in Texas', 'cuisine': 'sundanese gastropub'}"
test_265,Could you find the TV series The Approach,SearchCreativeWork,SearchCreativeWork,True,0.976,False,False,False,"{'object_name': 'The Approach', 'object_type': 'телесериал'}","{'object_name': 'The Approach', 'object_type': 'TV series'}"
test_266,Give this chronicle a 2 rating.,RateBook,RateBook,True,0.9746,False,False,True,"{'object_select': 'Бу', 'object_part_of_series_type': 'хроникага', 'rating_value': '2'}","{'object_name': 'chronicle', 'best_rating': '2', 'object_type': 'книга'}"
test_267,Give The American Scene 2 of 6 stars,RateBook,RateBook,True,0.9114,False,False,False,"{'object_name': 'The American Scene-ка', 'best_rating': '6-дан', 'rating_value': '2', 'rating_unit': 'йолдыз'}","{'object_name': 'American Scene', 'best_rating': '6', 'rating_unit': 'stars'}"
test_268,Add emilie autumn to my Nação Reggae playlist.,AddToPlaylist,AddToPlaylist,True,0.976,False,False,False,"{'reference': 'Минем', 'playlist': 'Nação Reggae', 'artist': 'emilie autumn'}","{'playlist': 'Nação Reggae', 'entity_name': 'emilie autumn'}"
test_269,I want to book a jewish restaurant in Gambia .,BookRestaurant,BookRestaurant,True,0.8924,False,False,True,"{'location': 'Гамбиядәге', 'cuisine': 'яһүд', 'restaurant_type': 'ресторанын'}","{'cuisine': 'Jewish', 'location': 'Gambia', 'party_size_number': '1', 'restaurant_name': 'Jewish Restaurant in Gambia'}"
test_270,book a table at a Fried chicken restaurant,BookRestaurant,BookRestaurant,True,0.891,False,False,True,{'restaurant_name': 'Fried chicken restaurant'},"{'datetime': '', 'facility': '', 'restaurant_name': '', 'cuisine': 'Fried chicken', 'party_size_description': '', 'location': ''}"
test_271,add we have a theme song to my House Afterwork playlist,AddToPlaylist,AddToPlaylist,True,0.9616,False,False,False,"{'reference': 'минем', 'playlist': 'House Afterwork', 'entity_name': 'we have a theme song'}","{'playlist': 'House Afterwork', 'musicItem': 'theme song'}"
test_272,"What will the weather be not far from here on October the nineteenth, 2026 ?",weather/find,weather/find,True,0.9839,False,False,False,"{'datetime': '2026 елның унтугызынчы октябрендә', 'location': 'моннан | ерак түгел'}","{'location': 'not far from here', 'datetime': 'October the nineteenth, 2026'}"
test_273,Weather in Walden Russia on 12/26/2018,weather/find,weather/find,True,0.9897,False,False,False,"{'location': 'Уолденда | Россия', 'datetime': '26/12/2018'}","{'location': 'Walden Russia', 'datetime': '12/26/2018'}"
test_274,I want to book a restaurant for my father in law and I in Buckner a year from now .,BookRestaurant,BookRestaurant,True,0.8964,False,False,True,"{'party_size_description': 'каенана һәм миңа', 'datetime': 'бер елдан соң', 'location': 'Buckner', 'restaurant_type': 'ресторанны'}","{'datetime': 'a year from now', 'party_size_number': '2', 'party_size_description': 'my father in law and I', 'location': 'Buckner', 'restaurant_name': '', 'cuisine': '', 'restaurant_type': '', 'facility': '', 'party_size_type': '', 'service': ''}"
test_275,Rate this book a 1,RateBook,RateBook,True,0.9501,False,False,False,"{'object_select': 'Бу', 'object_type': 'китапка', 'rating_value': '1'}","{'object_name': 'book_name', 'best_rating': '1', 'object_type': 'book'}"
test_276,add this artist to my spotlight on country 2016 playlist,AddToPlaylist,AddToPlaylist,True,0.9468,False,False,False,"{'music_item': 'башкаручыны', 'reference': 'минем', 'playlist': 'spotlight on country 2016'}","{'artist': 'country 2016', 'playlist': 'my spotlight on country 2016'}"
test_277,Could you locate the Epic Conditions picture ?,SearchCreativeWork,weather/find,False,0.9116,False,False,False,"{'object_name': 'Epic Conditions', 'object_type': 'рәсемен'}","{'location': 'Epic Conditions', 'datetime': 'бу атнабызда', 'weather/attribute': 'condition_description', 'weather/temperatureUnit': 'undefined'}"
test_278,Play rich sex on Iheart,PlayMusic,PlayMusic,True,0.9306,False,False,True,"{'service': 'Iheart-та', 'track': 'rich sex'}","{'artist': 'Iheart', 'music_item': 'rich sex'}"
test_279,Is Bartok the Magnificent playing at seven AM ?,SearchScreeningEvent,SearchCreativeWork,False,0.9564,False,False,False,"{'movie_name': 'Bartok the Magnificent', 'datetime': 'иртәнге җидедә'}","{'datetime': 'seven AM', 'object_type': 'playing', 'object_name': 'Is Bartok the Magnificent'}"
test_280,Play something on Zvooq,PlayMusic,PlayMusic,True,0.9371,False,False,False,{'service': 'Zvooq-да'},"{'artist': 'Zvooq', 'music_item': 'something'}"
test_281,Let me hear Chris Knight music,PlayMusic,PlayMusic,True,0.9408,False,False,False,{'artist': 'Крис Найт'},"{'artist': 'Chris Knight', 'music_item': ""Chris Knight's music""}"
test_282,play Jill Sobule album,PlayMusic,PlayMusic,True,0.943,False,False,True,"{'album': 'Джилл Собул', 'music_item': 'альбомын'}","{'album': 'Jill Sobule album', 'artist': 'Jill Sobule'}"
test_283,Give four stars to The Broken Window,RateBook,RateBook,True,0.9629,False,False,False,"{'object_name': 'The Broken Window', 'rating_value': 'дүрт', 'rating_unit': 'йолдыз'}","{'object_name': 'The Broken Window', 'best_rating': '4', 'rating_unit': 'stars'}"
test_284,Tell me the forecast for 6 am in Tatra-Nationalpark,weather/find,weather/find,True,0.9802,False,False,False,"{'location': 'Tatra-милли паркында', 'datetime': 'иртәнге 6да'}","{'datetime': '6 am', 'location': 'Tatra-Nationalpark'}"
test_285,Please book me a table at a bistro which serves lorna doone .,BookRestaurant,BookRestaurant,True,0.9048,False,False,True,"{'restaurant_type': 'бистродагы', 'served_dish': 'lorna doone'}","{'cuisine': 'Lorna Doone', 'restaurant_name': 'Bistro', 'party_size_description': 'a table'}"
test_286,Rate The Mystery of the Tolling Bell series 4 stars .,RateBook,RateBook,True,0.9294,False,False,True,"{'object_name': 'The Mystery of the Tolling Bell', 'object_part_of_series_type': 'сериалны', 'rating_value': '4', 'rating_unit': 'йолдызга'}","{'object_name': 'The Mystery of the Tolling Bell', 'object_type': 'creative work', 'best_rating': '4', 'object_select': 'series 4 stars'}"
test_287,Use Groove Shark to play music,PlayMusic,PlayMusic,True,0.9241,False,False,False,{'service': 'Groove Shark'},"{'musicItem': 'Groove Shark', 'sort': None}"
test_288,Check the timings for Snowbound at the closest movie theatre .,SearchScreeningEvent,SearchScreeningEvent,True,0.9811,False,False,True,"{'location': 'Якындагы', 'object_location_type': 'кинотеатрда', 'movie_name': 'Snowbound'}","{'movie_name': 'Snowbound', 'object_location_type': 'closest movie theatre'}"
test_289,Please open Zvooq,PlayMusic,alarm/set_alarm,False,0.947,False,False,False,{'service': 'Zvooq'},"{'datetime': 'бу атнабызда', 'reference': 'Zvooq'}"
test_290,book spot for 1 at Town of Ramsgate in Merit,BookRestaurant,BookRestaurant,True,0.9465,False,False,True,"{'party_size_number': '1', 'location': 'Меритта', 'restaurant_name': 'Town of Ramsgate'}","{'datetime': 'бу атнабызда', 'location': 'Town of Ramsgate', 'party_size_number': '1', 'party_size_description': 'spot', 'restaurant_name': 'Merit'}"
test_291,Will I Think I Do be playing at 7 PM ?,SearchScreeningEvent,PlayMusic,False,0.9211,False,False,False,"{'movie_name': 'I Think I Do', 'datetime': 'кичке 7-дә'}","{'artist': 'Will I Think I Do', 'datetime': '7 PM'}"
test_292,will Custer National Forest be chillier at seven Pm,weather/find,weather/find,True,0.9846,False,False,True,"{'location': 'Custer National Forest', 'datetime': 'кичке җидедә', 'condition_temperature': 'салкынрак'}","{'location': 'Custer National Forest', 'datetime': 'seven Pm'}"
test_293,I want to listen to something on Youtube,PlayMusic,PlayMusic,True,0.9201,False,False,False,{'service': 'Youtube-та'},"{'artist': '', 'music_item': '', 'playlist': '', 'sort': ''}"
test_294,Search for the game Difficult Loves,SearchCreativeWork,SearchCreativeWork,True,0.9774,False,False,False,"{'object_name': 'Difficult Loves', 'object_type': 'уенын'}","{'object_name': 'Difficult Loves', 'object_type': 'game'}"
test_295,What's the weather forecast for Bothe-Napa Valley State Park close by february 20 ?,weather/find,weather/find,True,0.9855,False,False,False,"{'datetime': '20 февральгә', 'location': 'Bothe-Napa Valley дәүләт паркында'}","{'location': 'Bothe-Napa Valley State Park', 'datetime': 'february 20'}"
test_296,show me the schedule of movie The Great Gildersleeve near movie house,SearchScreeningEvent,SearchCreativeWork,False,0.9556,False,False,True,"{'object_location_type': 'кинотеатр', 'movie_name': 'The Great Gildersleeve', 'object_type': 'расписаниесен'}","{'object_name': 'The Great Gildersleeve', 'object_type': 'фильм төре', 'location': 'movie house'}"
test_297,Tell me the weather forecast for Gibsland,weather/find,weather/find,True,0.97,False,False,False,{'location': 'Гибслендта'},{'location': 'Gibsland'}
test_298,Can I get the times for movies in the neighbourhood,SearchScreeningEvent,SearchCreativeWork,False,0.9106,False,False,False,"{'location': 'күршедәге', 'movie_type': 'кино', 'object_type': 'графигын'}","{'object_location_type': ' neighbourhood', 'datetime': ''}"
test_299,Rate Soul Music a 0 .,RateBook,RateBook,True,0.9415,False,False,False,"{'object_name': 'Soul Music-ка', 'rating_value': '0'}","{'object_name': 'Soul Music', 'rating_value': '0'}"
test_300,Book a reservation for five people for a tatar taverna in Sargents,BookRestaurant,BookRestaurant,True,0.9717,False,False,True,"{'location': 'Сарджентстада', 'cuisine': 'татар', 'restaurant_type': 'тавернасында', 'party_size_number': 'биш'}","{'cuisine': 'tatar taverna', 'datetime': None, 'facility': None, 'location': 'Sargents', 'party_size_description': 'five people', 'party_size_number': '5', 'restaurant_name': None, 'restaurant_type': 'tatar taverna', 'served_dish': None, 'sort': None}"
test_301,Play All Things Must Pass .,PlayMusic,PlayMusic,True,0.9469,False,False,True,{'track': 'All Things Must Pass'},"{'artist': '', 'music_item': 'All Things Must Pass', 'playlist': ''}"
test_302,What is the rain forecast for one hour from now in South Korea,weather/find,weather/find,True,0.9895,False,False,True,"{'location': 'Кореяда', 'datetime': 'бер сәгатьтән соң', 'condition_description': 'яңгыр'}","{'location': 'South Korea', 'datetime': 'one hour from now'}"
test_303,Book a spot for 4 in Oklahoma at South Street Diner,BookRestaurant,BookRestaurant,True,0.9404,False,False,True,"{'location': 'Оклахомада', 'restaurant_name': 'South Street Diner-да', 'party_size_number': '4'}","{'party_size_number': '4', 'location': 'Oklahoma', 'cuisine': '', 'facility': '', 'restaurant_name': 'South Street Diner', 'party_size_description': ''}"
test_304,Play music off Netflix .,PlayMusic,PlayMusic,True,0.9482,False,False,False,{'service': 'Netflix-тан'},"{'service': 'Netflix', 'music_item': 'off'}"
test_305,I want to see Shattered Image .,SearchScreeningEvent,SearchCreativeWork,False,0.9811,False,False,False,{'movie_name': 'Shattered Image-не'},{'object_name': 'Shattered Image'}
test_306,Search for The Sound of One Hand Clapping,SearchCreativeWork,SearchCreativeWork,True,0.9864,False,False,False,{'object_name': 'The Sound of One Hand Clapping-ны'},{'object_name': 'The Sound of One Hand Clapping'}
test_307,Look for the album Wolves Within,SearchCreativeWork,PlayMusic,False,0.9225,False,False,False,"{'object_name': 'Wolves Within', 'object_type': 'альбомын'}","{'music_item': 'Wolves Within', 'album': 'Wolves Within'}"
test_308,is We Are Northern Lights playing in any movie theatre,SearchScreeningEvent,SearchScreeningEvent,True,0.9247,False,False,True,"{'object_location_type': 'кинотеатрда', 'movie_name': 'We Are Northern Lights'}","{'movie_name': 'We Are Northern Lights', 'datetime': 'бу атнабызда', 'object_type': 'movie theatre'}"
test_309,Add our little corner of the world music from gilmore girls to my The Funny Thing About Football Is playlist.,AddToPlaylist,AddToPlaylist,True,0.9248,False,False,False,"{'entity_name': 'Безнең кечкенә дөнья почмагы , Гилмор кыз музыкасы', 'reference': 'минем', 'playlist': 'Иң көлкесе әйберләр футболда'}","{'playlist': 'The Funny Thing About Football Is', 'musicItem': 'Gilmore Girls', 'entity_name': 'little corner of the world'}"
test_310,what is the forecast for hotter weather at Southford Falls State Park,weather/find,weather/find,True,0.9062,False,False,True,"{'location': 'Саутфорд Фолс дәүләт паркында', 'condition_temperature': 'эссе'}","{'location': 'Southford Falls State Park', 'datetime': 'горячка һава торышы', 'weather/attribute': 'температура'}"
test_311,Please book me a table at a pizzeria with a parking facility in Ghana .,BookRestaurant,BookRestaurant,True,0.9154,False,False,True,"{'location': 'Гана', 'facility': 'парковкасы', 'restaurant_type': 'пиццерия'}","{'restaurant_name': 'pizzeria', 'restaurant_type': 'pizzeria', 'facility': 'parking facility', 'location': 'Ghana', 'datetime': None, 'cuisine': None, 'party_size_description': None, 'party_size_number': None}"
test_312,I want to hear a seventies sound track .,PlayMusic,SearchCreativeWork,False,0.8212,False,False,False,"{'datetime': 'җитмешенче', 'music_item': 'саундтрегын'}","{'object_type': 'фильм төре', 'object_name': 'семидесятниковулык зүймеге'}"
test_313,Weather in two hours in Uzbekistan,weather/find,weather/find,True,0.9658,False,False,False,"{'datetime': 'Ике сәгатьтән соң', 'location': 'Үзбәкстанда'}","{'datetime': 'two hours', 'location': 'Uzbekistan'}"
test_314,Please find me the Journal of the British Astronomical Association movie .,SearchCreativeWork,SearchCreativeWork,True,0.9455,False,False,False,"{'object_name': 'Journal of the British Astronomical Association', 'object_type': 'фильмын'}","{'object_name': 'Journal of the British Astronomical Association', 'object_type': 'фильм'}"
test_315,"Book a reservation for 8 people in Wardville , Kansas",BookRestaurant,BookRestaurant,True,0.9769,False,False,False,"{'location': 'Уордвилл-да | Канзас-та', 'party_size_number': '8'}","{'cuisine': None, 'datetime': None, 'facility': None, 'location': 'Wardville, Kansas', 'party_size_description': '8 people', 'party_size_number': '8', 'restaurant_name': None, 'restaurant_type': None, 'served_dish': None, 'sort': None}"
test_316,What will the weather be faraway from here ?,weather/find,weather/find,True,0.9676,False,False,False,{'location': 'моннан | ерак'},{'location': 'faraway from here'}
test_317,Add Richard McNamara newest song to the Just Smile playlist,AddToPlaylist,AddToPlaylist,True,0.9539,False,False,False,"{'artist': 'Ричард Макнамараның', 'music_item': 'җырын', 'playlist': 'Just Smile'}","{'playlist': 'Just Smile', 'musicItem': 'Richard McNamara newest song', 'artist': 'Richard McNamara'}"
test_318,how cold will it be here in 1 second,weather/find,weather/find,True,0.9114,False,False,True,"{'location': 'монда', 'datetime': '1 секундтан соң', 'condition_temperature': 'салкын'}","{'location': 'here', 'datetime': '1 second'}"
test_319,Looking for a painting with the title With You,SearchCreativeWork,SearchCreativeWork,True,0.9664,False,False,False,"{'object_name': 'With You', 'object_type': 'рәсем'}","{'object_name': 'With You', 'object_type': 'painting'}"
test_320,Find the creative work Deadly Weapons,SearchCreativeWork,SearchCreativeWork,True,0.9498,False,False,False,{'object_name': 'Deadly Weapons'},"{'object_name': 'Deadly Weapons', 'object_type': 'creative work'}"
test_321,What will the weather be in nov. in Brookneal ?,weather/find,weather/find,True,0.9785,False,False,False,"{'datetime': 'Ноябрьдә', 'location': 'Брукнилда'}","{'location': 'Brookneal', 'datetime': 'nov.'}"
test_322,Book a reservation at tavern for noodle,BookRestaurant,BookRestaurant,True,0.9625,False,False,True,"{'served_dish': 'Токмач', 'restaurant_type': 'тавернада'}","{'restaurant_name': 'tavern', 'served_dish': 'noodle'}"
test_323,what is the forecast for Costa Rica,weather/find,weather/find,True,0.9538,False,False,False,{'location': 'Коста - Рикада'},"{'location': 'Costa Rica', 'datetime': 'бу атнабызда'}"
test_324,Is The Two Gladiators playing,SearchScreeningEvent,SearchCreativeWork,False,0.9355,False,False,False,{'movie_name': 'The Two Gladiators'},"{'object_type': 'фильм төре', 'object_name': 'Is The Two Gladiators'}"
test_325,what movies at Star Theatres .,SearchScreeningEvent,SearchScreeningEvent,True,0.9464,False,False,False,"{'location': 'Star Theatres-да', 'movie_type': 'фильмнар'}","{'location': 'Star Theatres', 'object_type': 'movie'}"
test_326,Can you please find me the Harry Hood saga ?,SearchCreativeWork,SearchCreativeWork,True,0.971,False,False,False,"{'object_name': 'Harry Hood', 'object_type': 'сагасын'}",{'object_name': 'Harry Hood saga'}
test_327,add this tune to my Sleepify playlist,AddToPlaylist,AddToPlaylist,True,0.9618,False,False,False,"{'music_item': 'көйне', 'reference': 'минем', 'playlist': 'Sleepify'}","{'playlist': 'Sleepify', 'musicItem': 'tune'}"
test_328,Is Any Which Way You Can playing in 15 seconds,SearchScreeningEvent,SearchCreativeWork,False,0.9255,False,False,False,"{'movie_name': 'Any Which Way You Can', 'datetime': '15 секундтан соң'}","{'object_type': 'фильм төре', 'movie_name': 'Is Any Which Way You Can', 'datetime': '15 секунд'}"
test_329,Play music from E-type .,PlayMusic,PlayMusic,True,0.8872,False,False,False,{'artist': 'E-type'},"{'musicItem': 'E-type', 'genre': None, 'artist': None, 'album': None, 'datetime': None, 'service': None, 'sort': None}"
test_330,Give one start to the current book,RateBook,AddToPlaylist,False,0.7912,False,False,False,"{'object_select': 'Хәзерге', 'object_type': 'китапка', 'rating_value': 'бер'}","{'datetime': 'бу атнабызда', 'playlist': 'тексттага күчекте алуу', 'music_item': 'current book'}"
test_331,Play Another Passenger from Louis Nelson Delisle .,PlayMusic,SearchCreativeWork,False,0.9481,False,False,True,"{'artist': 'Louis Nelson Delisle-ның', 'album': 'Another Passenger'}","{'object_name': 'Another Passenger', 'object_type': 'фильм төре', 'artist': 'Louis Nelson Delisle'}"
test_332,Where can I find the movie schedules,SearchScreeningEvent,SearchScreeningEvent,True,0.9413,False,False,False,{'object_type': 'кино графигын'},"{'location': '', 'datetime': '', 'movie_name': '', 'movie_type': ''}"
test_333,what's the forecast for sep. 26 in Emerado Saint Pierre and Miquelon,weather/find,weather/find,True,0.9852,False,False,False,"{'location': 'Эмерадода | Сен - Пьер һәм Микелонда', 'datetime': '26 сентябрьгә'}","{'location': 'Emerado Saint Pierre and Miquelon', 'datetime': 'sep. 26'}"
test_334,Lets eat near Oakfield 17 seconds from now at Ted Peters Famous Smoked Fish,BookRestaurant,BookRestaurant,True,0.8753,False,False,True,"{'restaurant_name': 'Ted Peters Famous Smoked Fish-та', 'location': 'Окфилд | янында', 'datetime': '17 секундтансын'}","{'datetime': '17 секундалык атнабызда', 'facility': 'Ted Peters Famous Smoked Fish', 'location': 'Oakfield', 'party_size_description': ''}"
test_335,get me the trailer of Good Morning Sunshine,SearchCreativeWork,SearchCreativeWork,True,0.9687,False,False,False,"{'object_name': 'Good Morning Sunshine', 'object_type': 'трейлерын'}","{'object_name': 'Good Morning Sunshine', 'object_type': 'фильм'}"
test_336,I want to book a brasserie for 3 people in Netherlands Antilles .,BookRestaurant,BookRestaurant,True,0.9649,False,False,False,"{'location': 'Нидерланд Антиль утрауларында', 'party_size_number': '3', 'restaurant_type': 'сыра ресторанны'}","{'cuisine': 'brasserie', 'party_size_number': '3', 'location': 'Netherlands Antilles'}"
test_337,rate this current album 0 stars,RateBook,RateBook,True,0.9574,False,False,False,"{'object_select': 'бу хәзерге', 'object_type': 'альбомга', 'rating_value': '0', 'rating_unit': 'йолдыз'}","{'object_name': 'current album', 'best_rating': '0', 'rating_unit': 'stars'}"
test_338,Like to book a seat in Monaco for the Yankee Doodle Coffee Shop,BookRestaurant,BookRestaurant,True,0.9434,False,False,True,"{'location': 'Монакода', 'restaurant_name': 'Yankee Doodle Coffee Ѕһор-та'}","{'datetime': '', 'facility': '', 'location': 'Monaco', 'party_size_description': '', 'restaurant_name': 'Yankee Doodle Coffee Shop', 'restaurant_type': ''}"
test_339,Add the artist to the political punks playlist.,AddToPlaylist,AddToPlaylist,True,0.9407,False,False,False,"{'playlist': 'Political punks', 'music_item': 'башкаручыны'}","{'artist': 'political punks', 'playlist': 'political punks'}"
test_340,Will it be colder four months from now in Suwanee AK,weather/find,weather/find,True,0.9624,False,False,True,"{'datetime': 'Дүрт айдан соң', 'location': 'Саванида | AK-ында', 'condition_temperature': 'салкынрак'}","{'location': 'Suwanee AK', 'datetime': 'four months from now', 'weather/attribute': 'температура 31', 'weather/temperatureUnit': 'Цельсий градустан'}"
test_341,add Muzika za decu to my Crash Course playlist,AddToPlaylist,AddToPlaylist,True,0.9588,False,False,False,"{'reference': 'минем', 'playlist': 'Crash Course', 'entity_name': 'Muzika za decu'}","{'playlist': 'Crash Course', 'music_item': 'Muzika za decu', 'entity_name': 'Muzika za decu'}"
test_342,Can you look up the Molecular Oncology saga ?,SearchCreativeWork,weather/find,False,0.9394,False,False,False,"{'object_name': 'Molecular Oncology', 'object_type': 'сагасын'}","{'object_name': 'Molecular Oncology saga', 'object_type': 'creative work series'}"
test_343,I want to book a restaurant for six people in Wagstaff AK .,BookRestaurant,BookRestaurant,True,0.9202,False,False,False,"{'party_size_number': 'алты', 'restaurant_type': 'ресторанны', 'location': 'Вагстаффта | AK-да'}","{'party_size_number': 'six', 'location': 'Wagstaff AK'}"
test_344,Play some symphony music from David Lindley .,PlayMusic,play_music,False,0.9199,False,False,False,"{'artist': 'Дэвид Линдлиның', 'music_item': 'симфоник'}","{'artist': 'David Lindley', 'music_item': 'symphony', 'playlist': None}"
test_345,"Please fine me the TV series , Now We Are Married .",SearchCreativeWork,SearchCreativeWork,True,0.9525,False,False,False,"{'object_name': 'Now We Are Married', 'object_type': 'телесериалын'}","{'object_name': 'Now We Are Married', 'object_type': 'creative work'}"
test_346,I want to see Outcast .,SearchScreeningEvent,SearchCreativeWork,False,0.9723,False,False,False,{'movie_name': 'Outcast-ны'},"{'object_name': 'Outcast', 'object_type': 'фильм'}"
test_347,add the current track to my This Is Tchaikovsky playlist,AddToPlaylist,AddToPlaylist,True,0.9649,False,False,False,"{'reference': 'минем', 'playlist': 'This Is Tchaikovsky', 'music_item': 'трекны'}","{'playlist': 'This Is Tchaikovsky', 'musicItem': 'current track'}"
test_348,Play This Is: Miles Davis on Lastfm .,PlayMusic,PlayMusic,True,0.9309,False,False,False,"{'service': 'Lastfm-да', 'playlist': 'This Is: Miles Davis-ны'}","{'artist': 'Miles Davis', 'music_item': 'This Is', 'service': 'Last.fm'}"
test_349,book the best table in Tanzania for 5 people at a diner,BookRestaurant,BookRestaurant,True,0.9004,False,False,False,"{'location': 'Танзаниядә', 'restaurant_type': 'кабымханәдә', 'party_size_number': '5', 'sort': 'иң яхшы'}","{'datetime': '', 'party_size_number': '5', 'party_size_description': 'table', 'location': 'Tanzania', 'cuisine': '', 'restaurant_name': '', 'restaurant_type': 'diner', 'facility': ''}"
test_350,Let's hear good Mohammad Mamle on Vimeo .,PlayMusic,SearchCreativeWork,False,0.917,False,False,False,"{'service': 'Vimeo-да', 'sort': 'элекке', 'artist': 'Mohammad Mamle'}","{'movie_name': ""Let's hear good Mohammad Mamle"", 'object_type': 'video', 'object_location_type': 'Vimeo'}"
test_351,Put Vandemataram Srinivas 's track onto HipHop Hot 50 .,AddToPlaylist,PlayMusic,False,0.9398,False,False,False,"{'artist': 'Vandemataram Srinivas', 'music_item': 'трегын', 'playlist': 'HipHop Hot 50-гә'}","{'musicItem': ""Put Vandemataram Srinivas 's track"", 'sort': 'HipHop Hot 50'}"
test_352,Get me the Secret South song .,SearchCreativeWork,SearchCreativeWork,True,0.9627,False,False,False,"{'object_name': 'Secret South', 'object_type': 'җырын'}","{'object_name': 'Secret South', 'object_type': 'song'}"
test_353,nineties songs on Zvooq,PlayMusic,SearchCreativeWork,False,0.9633,False,False,False,"{'service': 'Zvooq-та', 'datetime': 'туксанынчы'}","{'object_type': 'фильм төре', 'object_name': 'nineties songs', 'service': 'Zvooq'}"
test_354,what is the forecast in Admire in TX starting at seventeen,weather/find,weather/find,True,0.9784,False,False,False,"{'datetime': 'кичке биштән', 'location': 'Техаста | Admire-да'}","{'location': 'Admire in TX', 'datetime': 'starting at seventeen'}"
test_355,Play something on Last Fm,PlayMusic,PlayMusic,True,0.9332,False,False,False,{'service': 'Last FM-да'},"{'artist': '', 'music_item': '', 'playlist': '', 'service': 'Last Fm', 'sort': ''}"
test_356,I want to see The Portrait of a Lady at the nearest cinema .,SearchScreeningEvent,SearchScreeningEvent,True,0.948,False,False,True,"{'location': 'якындагы', 'object_location_type': 'кинотеатрда', 'movie_name': 'The Portrait of a Lady'}","{'movie_name': 'The Portrait of a Lady', 'location': 'nearest cinema'}"
test_357,Please find me Phineas Redux .,SearchCreativeWork,SearchCreativeWork,True,0.9795,False,False,False,{'object_name': 'Phineas Redux'},"{'object_name': 'Phineas Redux', 'object_type': 'фильм'}"
test_358,Add the 40 cal tune to the laundry playlist.,AddToPlaylist,AddToPlaylist,True,0.9541,False,False,False,"{'playlist': 'Laundry', 'artist': '40 cal', 'music_item': 'көйен'}","{'playlist': 'laundry playlist', 'music_item': '40 cal tune'}"
test_359,Open itunes and play Ben Burnley Ready To Die,PlayMusic,PlayMusic,True,0.9777,False,False,True,"{'service': 'Itunes-ны', 'artist': 'Ben Burnley', 'album': 'Ready To Die-ны'}","{'artist': 'Ben Burnley', 'music_item': 'Ready To Die'}"
test_360,What will the weather be in Monument of Lihula on december the 5th ?,weather/find,weather/find,True,0.985,False,False,False,"{'datetime': '5-енче декабрьдә', 'location': 'Лихул һәйкәле'}","{'location': ' Monument of Lihula', 'datetime': 'december the 5th'}"
test_361,Show the Sexy Dance 2 times at the closest movie house,SearchScreeningEvent,SearchCreativeWork,False,0.9368,False,False,True,"{'location': 'Якындагы', 'object_location_type': 'кинотеатрда', 'movie_name': 'Sexy Dance 2', 'object_type': 'расписаниесен'}","{'object_type': 'movie', 'object_name': 'Show the Sexy Dance', 'object_location_type': 'closest movie house', 'recurring_datetime': '2 times'}"
test_362,Looking for a song with the title of Live at the Kings Center,SearchCreativeWork,PlayMusic,False,0.9373,False,False,False,"{'object_name': 'Live at the Kings Center', 'object_type': 'җырны'}",{'object_name': 'Live at the Kings Center'}
test_363,"What's the weather like in Tyonek , New Jersey",weather/find,weather/find,True,0.9634,False,False,False,{'location': 'Тайонкта | Нью - Джерсида'},"{'location': 'Tyonek, New Jersey', 'datetime': 'бу атнабызда'}"
test_364,I want to book Tupelo Honey Cafe in New Jersey for five people.,BookRestaurant,BookRestaurant,True,0.9659,False,False,True,"{'party_size_number': 'биш', 'restaurant_name': 'Tupelo Honey Cafe-да', 'location': 'Нью - Джерсида'}","{'cuisine': 'Tupelo Honey Cafe', 'datetime': '', 'facility': '', 'location': 'New Jersey', 'party_size_description': 'five people', 'party_size_number': '5', 'restaurant_name': 'Tupelo Honey Cafe', 'restaurant_type': 'Cafe', 'served_dish': '', 'sort': ''}"
test_365,book spot for my nieces and I at a tea house,BookRestaurant,BookRestaurant,True,0.9142,False,False,True,"{'restaurant_type': 'чәй йорта', 'party_size_description': 'миӊа һәм минем cеңелләремә'}","{'party_size_number': '2', 'cuisine': 'tea', 'restaurant_name': 'spot', 'party_size_description': 'my nieces and I'}"
test_366,Will it be hot in the Netherlands on February 16th ?,weather/find,weather/find,True,0.9139,False,False,True,"{'datetime': '16 февральдә', 'location': 'Нидерландта', 'condition_temperature': 'эссе'}","{'location': 'Нидерландтарда', 'datetime': 'February 16th', 'weather/attribute': 'температура 30', 'weather/temperatureUnit': 'Цельсий градустан'}"
test_367,I'd like to add jordan rudess onto the Divertido para niños playlist.,AddToPlaylist,AddToPlaylist,True,0.9598,False,False,False,"{'artist': 'jordan rudess-ны', 'playlist': 'Divertido para niños'}","{'playlist': 'Divertido para niños', 'entity_name': 'jordan rudess'}"
test_368,Rate In the Company of Cheerful Ladies a zero out of 6,RateBook,RateBook,True,0.9555,False,False,False,"{'object_name': 'In the Company of Cheerful Ladies-ка', 'best_rating': '6-дан', 'rating_value': 'нуль'}","{'object_name': 'In the Company of Cheerful Ladies', 'object_type': 'book', 'best_rating': '0', 'rating_value': '0', 'rating_unit': 'out of 6'}"
test_369,Book me a reservation for the best bistro,BookRestaurant,BookRestaurant,True,0.9636,False,False,False,"{'sort': 'иң яхшы', 'restaurant_type': 'бистрода'}","{'cuisine': 'best bistro', 'datetime': '', 'facility': '', 'location': '', 'party_size_description': '', 'party_size_number': '', 'restaurant_name': '', 'restaurant_type': '', 'served_dish': '', 'sort': ''}"
test_370,rate the current textbook 1 out of 6,RateBook,RateBook,True,0.925,False,False,False,"{'object_select': 'Хәзерге', 'object_type': 'дәреслеккә', 'best_rating': '6-дан', 'rating_value': '1'}","{'object_name': 'current textbook', 'best_rating': '1', 'rating_value': '6', 'object_type': 'book'}"
test_371,what are the movie times,SearchScreeningEvent,SearchScreeningEvent,True,0.9537,False,False,False,{'object_type': 'кино вакытлары'},"{'datetime': 'бу атнабызда', 'location': 'ПалоАльто тирәсендә', 'movie_name': '', 'movie_type': ''}"
test_372,What will the weather be in Ohio ?,weather/find,weather/find,True,0.9717,False,False,False,{'location': 'Огайода'},"{'location': 'Ohio', 'datetime': 'бу атнабызда'}"
test_373,Add this artist to Showstopper Being Mary Jane,AddToPlaylist,AddToPlaylist,True,0.9782,False,False,False,"{'music_item': 'артистны', 'playlist': 'Showstopper Being Mary Jane'}","{'artist': 'Showstopper Being Mary Jane', 'playlist': 'Showstopper Being Mary Jane'}"
test_374,Book a reservation for my babies and I,BookRestaurant,BookRestaurant,True,0.9438,False,False,True,{'party_size_description': 'Балаларыма һәм миңа'},"{'party_size_number': '2', 'cuisine': '', 'datetime': '', 'facility': '', 'location': '', 'party_size_description': 'my babies and I', 'restaurant_name': '', 'restaurant_type': '', 'served_dish': '', 'sort': ''}"
test_375,"What will the weather be in Sarygamyş Sanctuary on august 21, 2035 ?",weather/find,weather/find,True,0.9937,False,False,False,"{'datetime': '2035 елның 21 августында', 'location': 'Сарыкамыш тыюлыгыда'}","{'location': 'Sarygamyş Sanctuary', 'datetime': 'august 21, 2035'}"
test_376,Rate Ruth five out of 6 points .,RateBook,RateBook,True,0.9457,False,False,False,"{'object_name': 'Руфь китапка', 'best_rating': '6-дан', 'rating_value': 'биш', 'rating_unit': 'балл'}","{'object_name': 'Ruth', 'best_rating': '5', 'object_type': 'book', 'rating_unit': 'points'}"
test_377,Reminiscences of the Anti-Japanese Guerillas chronicle deserves zero points out of 6 for a rating.,RateBook,RateBook,True,0.9428,False,False,True,"{'object_name': 'Reminiscences of the Anti-Japanese Guerillas', 'object_part_of_series_type': 'хроникасы', 'best_rating': '6-дан', 'rating_value': 'ноль', 'rating_unit': 'балл'}","{'object_name': 'Reminiscences of the Anti-Japanese Guerillas', 'best_rating': '0', 'object_type': 'book', 'rating_unit': 'points', 'rating_value': 'out of 6'}"
test_378,Show me Southern Theatres movie times,SearchScreeningEvent,SearchScreeningEvent,True,0.954,False,False,False,"{'location': 'Көньяк Театрларындагы', 'object_type': 'кино графикларын'}","{'location': 'Southern Theatres', 'datetime': 'бу атнабызда', 'movie_name': ''}"
test_379,Find the movie schedule close by,SearchScreeningEvent,SearchScreeningEvent,True,0.9486,False,False,False,"{'location': 'Якындагы кинотеатрда', 'object_type': 'кино графикларын'}",{'location': 'close by'}
test_380,Add this album to the Spanish Beat playlist,AddToPlaylist,AddToPlaylist,True,0.9616,False,False,False,"{'music_item': 'альбом', 'playlist': 'Испан ритмнар'}","{'playlist': 'Spanish Beat', 'musicItem': 'album'}"
test_381,Book a reservation for 6 people for a creole tavern in Montenegro,BookRestaurant,BookRestaurant,True,0.9623,False,False,True,"{'party_size_number': '6', 'cuisine': 'креол', 'restaurant_type': 'тавернасында', 'location': 'Черногориядә'}","{'cuisine': 'creole tavern', 'datetime': None, 'facility': None, 'location': 'Montenegro', 'party_size_description': '6 people', 'party_size_number': '6', 'restaurant_name': None, 'restaurant_type': 'tavern', 'served_dish': None, 'sort': None}"
test_382,Give the Catedral series four stars .,RateBook,RateBook,True,0.9206,False,False,True,"{'object_name': 'Cathedral', 'object_part_of_series_type': 'сериясенә', 'rating_value': 'дүрт', 'rating_unit': 'йолдыз'}","{'object_name': 'Catedral', 'object_type': 'creative work', 'best_rating': 'four', 'object_select': 'series', 'object_part_of_series_type': 'tom'}"
test_383,Add The Famous Flower of Serving-Men to my evening acoustic playlist.,AddToPlaylist,AddToPlaylist,True,0.9628,False,False,False,"{'entity_name': 'The Famous Flower of Serving-Men', 'reference': 'минем', 'playlist': 'кичке акустика'}","{'artist': '', 'entity_name': 'The Famous Flower of Serving-Men', 'playlist': 'my evening acoustic playlist'}"
test_384,Show me the schedule for ArcLight Hollywood for only animated movies,SearchScreeningEvent,SearchCreativeWork,False,0.9575,False,False,False,"{'location': 'ArcLight Hollywood кинотеатырында', 'movie_type': 'анимацион фильмнарга', 'object_type': 'расписаниесене'}","{'object_type': 'animated movie', 'object_location_type': 'ArcLight Hollywood'}"
test_385,Please search for the painting titled This Is the Night .,SearchCreativeWork,SearchCreativeWork,True,0.986,False,False,False,"{'object_name': 'Йолдызлы төн', 'object_type': 'рәсемне'}","{'object_name': 'This Is the Night', 'object_type': 'фильм'}"
test_386,What will the humidity be in the current spot at 15:19:29 ?,weather/find,weather/find,True,0.98,False,False,True,"{'location': 'Бу урында', 'datetime': '15:19:29', 'condition_description': 'дымлылык'}","{'location': 'current spot', 'datetime': '15:19:29', 'weather/attribute': 'humidity'}"
test_387,i want to see JLA Adventures: Trapped In Time,SearchScreeningEvent,SearchCreativeWork,False,0.9785,False,False,False,{'movie_name': 'JLA Adventures: Trapped In Time-ны'},{'object_name': 'JLA Adventures: Trapped In Time'}
test_388,Add a derek watkins tune to This Is Johnny Cash,AddToPlaylist,none,False,0.7705,True,False,False,"{'playlist': 'This Is Johnny Cash-ка', 'artist': 'дерек уоткинсныӊ', 'music_item': 'көйен'}",{}
test_389,Find a creative work called Fire in the Hole,SearchCreativeWork,SearchCreativeWork,True,0.9885,False,False,False,{'object_name': 'Fire in the Hole'},{'object_name': 'Fire in the Hole'}
test_390,book a table near pat's college,BookRestaurant,BookRestaurant,True,0.8959,False,False,False,{'location': 'пэтныӊ колледж | янында'},"{'datetime': 'бу атнабызда', 'facility': ""near pat's college"", 'location': ""pat's college"", 'party_size_description': ''}"
test_391,Is Patrick Still Lives showing at AMC Theaters,SearchScreeningEvent,SearchScreeningEvent,True,0.9439,False,False,False,"{'movie_name': 'Patrick Still Lives', 'location': 'AMC кинотеатрларында'}","{'location': 'AMC Theaters', 'datetime': 'бу атнабызда', 'movie_name': 'Is Patrick Still Lives', 'object_location_type': 'AMC Theaters', 'object_type': 'cinema screening event'}"
test_392,I want to book a joint in a spa .,BookRestaurant,BookRestaurant,True,0.9554,False,False,True,"{'facility': 'спа', 'restaurant_type': 'массажын'}","{'datetime': '', 'facility': '', 'location': '', 'party_size_description': '', 'party_size_number': '', 'restaurant_name': '', 'restaurant_type': '', 'served_dish': '', 'sort': ''}"
test_393,need a table somewhere in Quarryville 14 hours from now,BookRestaurant,alarm/set_alarm,False,0.9364,False,False,False,"{'datetime': '14 сәгатьтән соң', 'location': 'Кварривиллда'}","{'datetime': '14 hours from now', 'location': 'Quarryville', 'recurring_datetime': ''}"
test_394,play some Gary Lee Conner,PlayMusic,PlayMusic,True,0.9385,False,False,False,{'artist': 'Гари Ли Коннерны'},"{'artist': 'Gary Lee Conner', 'music_item': 'undefined'}"
test_395,show the closest movie theatre that shows Boycott,SearchScreeningEvent,SearchCreativeWork,False,0.9246,False,False,True,"{'location': 'иң якын', 'object_location_type': 'кинотеатрны', 'movie_name': 'Boycott-ны'}","{'object_name': 'Boycott', 'object_type': 'creative work'}"
test_396,Please play my ecstatic playlist.,PlayMusic,PlayMusic,True,0.8652,False,False,False,{'playlist': 'ecstatic'},"{'playlist': 'экстазика плейлист', 'artist': None}"
test_397,Please look up the song The Mad Magician .,SearchCreativeWork,SearchCreativeWork,True,0.9808,False,False,False,"{'object_name': 'The Mad Magician', 'object_type': 'җырын'}","{'object_name': 'The Mad Magician', 'object_type': 'фильм'}"
test_398,Check the schedule for Bow Tie Cinemas .,SearchScreeningEvent,SearchScreeningEvent,True,0.9769,False,False,False,"{'location': 'Bow Tie Cinemas-ның', 'object_type': 'расписаниесен'}","{'location': 'Bow Tie Cinemas', 'datetime': ''}"
test_399,Book me a reservation for a party of 3 at a pub in Northern Mariana Islands,BookRestaurant,BookRestaurant,True,0.9287,False,False,False,"{'location': 'Төньяк Мариан утрауларындагы', 'restaurant_type': 'пабта', 'party_size_number': '3'}","{'party_size_number': '3', 'location': 'Northern Mariana Islands', 'cuisine': None, 'facility': None, 'datetime': None, 'party_size_description': None, 'restaurant_name': None, 'restaurant_type': None, 'served_dish': None}"
test_400,I need to add to my Infinite Indie Folk list the works of Rahim Shah,AddToPlaylist,AddToPlaylist,True,0.947,False,False,False,"{'playlist': 'Infinite Indie Folk', 'artist': 'Rahim Shah-ның'}","{'playlist': 'Infinite Indie Folk list', 'entity_name': 'Rahim Shah'}"
test_401,"Add Jerry Calliste, Jr to my Te quiero playlist.",AddToPlaylist,AddToPlaylist,True,0.9437,False,False,False,"{'reference': 'Минем', 'playlist': 'Te quiero', 'artist': 'Кече Джерри Каллистны'}","{'artist': 'Jerry Calliste, Jr.', 'entity_name': 'Te quiero playlist'}"
test_402,How much colder will it be not far from Utah around 3 Am ?,weather/find,weather/find,True,0.9574,False,False,True,"{'location': 'Юта | янында', 'datetime': 'төнге 3 сәгать', 'condition_temperature': 'салкынрак'}","{'datetime': '3 Am', 'location': 'not far from Utah'}"
test_403,Add the album to the Hipster Soul playlist.,AddToPlaylist,AddToPlaylist,True,0.9404,False,False,False,"{'music_item': 'Альбомны', 'playlist': 'Hipster Soul'}","{'playlist': 'Hipster Soul', 'music_item': 'album', 'artist': None, 'reference': None}"
test_404,I want to eat a delicatessen in thirteen hours that serves eastern european food,BookRestaurant,BookRestaurant,True,0.9054,False,False,True,"{'datetime': 'унөч сәгатьтән соң', 'restaurant_type': 'деликатес ресторанында', 'cuisine': 'көнчыгыш европа'}","{'datetime': 'thirteen hours from now', 'party_size_description': 'a delicatessen', 'restaurant_type': 'serves eastern european food'}"
test_405,play a sixties soundtrack,PlayMusic,SearchCreativeWork,False,0.9681,False,False,False,"{'datetime': 'алтмышынчы еллар', 'music_item': 'саундтрегын'}","{'object_type': 'фильм төре', 'object_name': 'sixties soundtrack'}"
test_406,Give this album one stars,RateBook,RateBook,True,0.9483,False,False,False,"{'object_select': 'Бу', 'object_type': 'альбомга', 'rating_value': 'бер', 'rating_unit': 'йолдыз'}","{'object_name': 'album', 'best_rating': '1', 'object_type': 'music_album'}"
test_407,Play the greatest music from Bryan Maclean .,PlayMusic,PlayMusic,True,0.9138,False,False,False,"{'artist': 'Bryan Macleanның', 'sort': 'иң олуг'}",{'musicItem': 'the greatest music from Bryan Maclean'}
test_408,what is the forecast in Nicodemus and nearby,weather/find,weather/find,True,0.9392,False,False,False,{'location': 'Nicodemus-та | аның тирәсендәге'},"{'location': 'Nicodemus тирәсендә', 'datetime': 'бу атнабызда', 'weather/attribute': 'forecast'}"
test_409,Looking for a game called Phinally Phamous,SearchCreativeWork,SearchCreativeWork,True,0.9684,False,False,False,"{'object_name': 'Phinally Phamous', 'object_type': 'уен'}","{'object_name': 'Phinally Phamous', 'object_type': 'game'}"
test_410,Give a rating of 2 to Juneteenth .,RateBook,RateBook,True,0.976,False,False,False,"{'object_name': 'Juneteenth-га', 'rating_value': '2'}","{'object_name': 'Juneteenth', 'best_rating': '2'}"
test_411,Give zero stars to Rhialto the Marvellous,RateBook,RateBook,True,0.9768,False,False,False,"{'object_name': 'Rhialto the Marvellous-га', 'rating_value': 'нуль', 'rating_unit': 'йолдыз'}","{'object_name': 'Rhialto the Marvellous', 'best_rating': '0', 'object_type': 'book'}"
test_412,I want to hear soundtrack music on Youtube from Helena Iren Michaelsen,PlayMusic,PlayMusic,True,0.9267,False,False,False,"{'artist': 'Мин Хелена Ирен', 'service': 'Youtube-та', 'music_item': 'саундтрегын'}","{'object_name': 'Helena Iren Michaelsen', 'object_type': 'soundtrack'}"
test_413,book a table on 1/20/2023 for 5 people in MH,BookRestaurant,BookRestaurant,True,0.9775,False,False,False,"{'party_size_number': '5', 'datetime': '20/01/2023', 'location': 'MH-да'}","{'datetime': '1/20/2023', 'party_size_number': '5', 'location': 'MH', 'party_size_description': '5 people'}"
test_414,movie schedules close by for animated movies,SearchScreeningEvent,SearchCreativeWork,False,0.9116,False,False,False,"{'location': 'якындагы', 'movie_type': 'анимация фильмнары', 'object_type': 'сессияләре расписаниесе'}","{'object_type': 'фильм төре', 'object_location_type': 'урын', 'movie_type': 'анимация'}"
test_415,Add jack white to my playlist This Is Shakira,AddToPlaylist,AddToPlaylist,True,0.9748,False,False,False,"{'reference': 'Минем', 'playlist': 'This Is Shakira', 'artist': 'jack white-ны'}","{'artist': 'jack white', 'entity_name': 'This Is Shakira', 'playlist': 'my playlist'}"
test_416,I want to book a restaurant for five people in Sri Lanka .,BookRestaurant,BookRestaurant,True,0.9559,False,False,False,"{'location': 'Шри-Ланкада', 'party_size_number': 'биш', 'restaurant_type': 'ресторан'}","{'party_size_number': 'five', 'location': 'Sri Lanka', 'party_size_description': 'five people'}"
test_417,"Please search for the television show , Episodi di The Blacklist .",SearchCreativeWork,SearchCreativeWork,True,0.9383,False,False,False,"{'object_name': 'Episodi di The Blacklist', 'object_type': 'телевизион тапшыруын'}","{'object_type': 'фильм төре', 'object_name': 'The Blacklist', 'object_part_of_series_type': 'эпизод'}"
test_418,what is the forecast for colder temps beginning on Law Day here,weather/find,weather/find,True,0.9206,False,False,True,"{'location': 'монда', 'datetime': 'Law Day-нән', 'condition_temperature': 'салкын'}","{'location': 'Law Day', 'datetime': 'beginning of the event', 'weather/attribute': 'colder temps'}"
test_419,I want to book a restaurant for ten people.,BookRestaurant,BookRestaurant,True,0.9508,False,False,False,"{'party_size_number': 'ун', 'restaurant_type': 'ресторанда'}","{'party_size_number': 'ten', 'party_size_description': 'ten people'}"
test_420,Play something by Duke Ellington from the seventies,PlayMusic,PlayMusic,True,0.8363,False,False,False,"{'datetime': 'Җитмешенче', 'artist': 'Дюк Эллингтоннан'}","{'artist': 'Duke Ellington', 'object_type': 'фильм төре', 'genre': 'санджар', 'datetime': 'семидесятники'}"
test_421,Rate Cotton Comes to Harlem a 2,RateBook,RateBook,True,0.9726,False,False,False,"{'object_name': 'Cotton Comes to Harlem-ны', 'rating_value': '2-гә'}","{'object_name': 'Cotton Comes to Harlem', 'best_rating': '2'}"
test_422,Add a song to my playlist madden nfl 16,AddToPlaylist,AddToPlaylist,True,0.9667,False,False,False,"{'reference': 'минем', 'playlist': 'madden nfl 16', 'music_item': 'плейлистымна'}","{'playlist': 'my playlist', 'musicItem': 'madden nfl 16'}"
test_423,Add Toyan to my Epic Gaming playlist.,AddToPlaylist,AddToPlaylist,True,0.9402,False,False,False,"{'artist': 'Toyan-ны', 'reference': 'минем', 'playlist': 'Epic Gaming'}","{'playlist': 'Epic Gaming', 'entity_name': 'Add Toyan'}"
test_424,play some new Les Vandyke on Slacker,PlayMusic,PlayMusic,True,0.9567,False,False,False,"{'service': 'Slacker-да', 'sort': 'яңа', 'artist': 'Les Vandyke'}","{'artist': 'Les Vandyke', 'music_item': 'new tracks by Les Vandyke', 'service': 'Slacker'}"
test_425,rate the Three Junes one out of 6,RateBook,RateBook,True,0.9042,False,False,False,"{'object_name': 'Three Junes-га', 'best_rating': '6-дан', 'rating_value': 'берге'}","{'object_name': 'Three Junes one', 'object_type': 'book', 'best_rating': '6', 'rating_unit': 'bargraph', 'rating_value': '3'}"
test_426,Book a reservation for nine people at a bakery in Nunez,BookRestaurant,BookRestaurant,True,0.9765,False,False,False,"{'location': 'Nunez', 'restaurant_type': 'пекарнясында', 'party_size_number': 'тугыз'}","{'cuisine': 'bakery', 'datetime': None, 'facility': None, 'location': 'Nunez', 'party_size_description': 'nine people', 'party_size_number': '9', 'restaurant_name': None, 'restaurant_type': 'bakery', 'served_dish': None, 'sort': None}"
test_427,Rate this current novel two out of 6 .,RateBook,RateBook,True,0.9215,False,False,False,"{'object_select': 'Бу агымдагы', 'object_type': 'романны', 'best_rating': '6-дан', 'rating_value': 'икеге'}","{'object_name': 'current novel', 'object_type': 'китап', 'best_rating': '2', 'rating_value': '2', 'rating_unit': 'шкаладагы иң югары бәя', 'object_select': ""конкрет объектка күрсәтү: 'бу'"", 'object_part_of_series_type': None, 'recurring_datetime': None, 'reminder/todo': None}"
test_428,Play The Happy Blues by Ronnie Wood .,PlayMusic,PlayMusic,True,0.9735,False,False,True,"{'artist': 'Ронни Вудның', 'album': 'The Happy Blues-ны'}","{'artist': 'Ronnie Wood', 'music_item': 'The Happy Blues'}"
test_429,Play a symphony from 2013 .,PlayMusic,PlayMusic,True,0.9109,False,False,False,"{'datetime': '2013 елгы', 'music_item': 'симфонияне'}","{'music_item': 'symphony from 2013', 'genre': 'unknown', 'datetime': 'бу атнабызда'}"
test_430,Play Subconscious Lobotomy from Jennifer Paull .,PlayMusic,PlayMusic,True,0.9624,False,False,True,"{'artist': 'Jennifer Paull-ның', 'album': 'Subconscious Lobotomy-ны'}","{'artist': 'Jennifer Paull', 'music_item': 'Subconscious Lobotomy'}"
test_431,Give The Crystal Snare 5 stars,RateBook,RateBook,True,0.9724,False,False,False,"{'object_name': 'The Crystal Snare-га', 'rating_value': '5', 'rating_unit': 'йолдыз'}","{'object_name': 'Give The Crystal Snare', 'best_rating': '5', 'object_type': 'book'}"
test_432,Give zero stars to this textbook,RateBook,RateBook,True,0.9532,False,False,False,"{'object_select': 'Бу', 'object_type': 'дәреслеккә', 'rating_value': 'нуль', 'rating_unit': 'йолдыз'}","{'object_name': 'textbook', 'best_rating': '0', 'object_type': 'книга'}"
test_433,Rate the current series 4 points,RateBook,RateBook,True,0.9018,False,False,True,"{'object_select': 'Агымдагы', 'object_part_of_series_type': 'серияне', 'rating_value': '4', 'rating_unit': 'баллга'}","{'object_name': 'current series', 'object_type': 'creative work', 'best_rating': '4', 'rating_unit': 'points'}"
test_434,I want a table at James D. Conrey House in Urbank California,BookRestaurant,BookRestaurant,True,0.8801,False,False,True,"{'location': 'Urbank | California-да', 'restaurant_name': 'James D. Conrey House-да'}","{'datetime': 'бу атнабызда', 'location': 'Urbank California', 'restaurant_name': 'James D. Conrey House', 'party_size_number': 'не указано', 'cuisine': 'не указана', 'facility': 'не указана', 'restaurant_type': 'ресторан', 'party_size_description': 'не указана', 'object_type': 'таблица', 'sort': 'не указана'}"
test_435,Is Babar: King of the Elephants playing,SearchScreeningEvent,SearchCreativeWork,False,0.9573,False,False,False,{'movie_name': 'Babar: King of the Elephants'},"{'movie_name': 'Is Babar: King of the Elephants', 'object_type': 'фильм'}"
test_436,Add a song to this is racionais mc's,AddToPlaylist,AddToPlaylist,True,0.9263,False,False,False,"{'playlist': ""this is racionais mc's-га"", 'music_item': 'җырны'}","{'entity_name': ""this is racionais mc's"", 'music_item': 'song'}"
test_437,rate the current essay zero out of 6 stars,RateBook,RateBook,True,0.9267,False,False,False,"{'object_select': 'Хәзерге', 'object_type': 'эссега', 'best_rating': '6-дан', 'rating_value': 'нуль', 'rating_unit': 'йолдыз'}","{'object_name': 'current essay', 'object_type': 'book', 'best_rating': '0', 'rating_value': 'zero', 'rating_unit': 'stars'}"
test_438,Let's hear stuff from Andrew Hewitt .,PlayMusic,SearchCreativeWork,False,0.9223,False,False,False,{'artist': 'Эндрю Хьюиттан'},"{'object_type': 'учитель', 'object_name': 'Andrew Hewitt'}"
test_439,Find animated movies close by,SearchScreeningEvent,SearchCreativeWork,False,0.9319,False,False,False,"{'location': 'Якында', 'movie_type': 'анимация фильмнарын'}","{'object_type': 'фильм төре', 'object_location_type': 'урын', 'datetime': 'close by'}"
test_440,give the current chronicle five of 6 points,RateBook,none,False,0.6843,True,False,True,"{'object_select': 'хәзерге', 'object_part_of_series_type': 'хроникага', 'best_rating': '6-дан', 'rating_value': 'биш', 'rating_unit': 'балл'}",{}
test_441,I need a table for 4 in Saint Helena at Settha Palace Hotel,BookRestaurant,BookRestaurant,True,0.9212,False,False,True,"{'restaurant_name': 'Settha Palace Hotel-да', 'location': 'Saint Helena-да', 'party_size_number': '4 кешелек'}","{'party_size_number': '4', 'location': 'Settha Palace Hotel', 'datetime': 'бу атнабызда', 'restaurant_name': 'Saint Helena'}"
test_442,What is the weather going to be like in Virginia on st. patrick's day ?,weather/find,weather/find,True,0.9433,False,False,False,"{'datetime': 'Изге Патрик көнендә', 'location': 'Вирджинияда'}","{'location': 'Virginia', 'datetime': 'ст. патрика тирәсендә', 'weather/attribute': 'температура 31', 'weather/temperatureUnit': 'Цельсий градустан'}"
test_443,I need a list of Speakeasy Theaters movie times,SearchScreeningEvent,SearchCreativeWork,False,0.8982,False,False,False,"{'location': 'Speakeasy Theaters', 'object_type': 'киноның вакыт'}","{'object_type': 'movie', 'object_name': 'Speakeasy Theaters'}"
test_444,Look for the television show Meet the Prince,SearchCreativeWork,SearchCreativeWork,True,0.9721,False,False,False,"{'object_name': 'Meet the Prince', 'object_type': 'телевизион тапшыруын'}","{'object_type': 'фильм төре', 'object_name': 'Meet the Prince'}"
test_445,Please get me the Compulsive Disclosure song .,SearchCreativeWork,PlayMusic,False,0.8997,False,False,False,"{'object_name': 'Compulsive Disclosure', 'object_type': 'җырын'}","{'music_item': 'Compulsive Disclosure', 'sort': 'track'}"
test_446,Play Trance Life on Zvooq .,PlayMusic,PlayMusic,True,0.9729,False,False,False,"{'service': 'Zvooq-та', 'playlist': 'Trance Life-ны'}","{'music_item': 'Trance Life', 'service': 'Zvooq'}"
test_447,"Please find me the work, Serious Awesomeness !.",SearchCreativeWork,SearchCreativeWork,True,0.9483,False,False,False,{'object_name': 'Serious Awesomeness'},{'object_name': 'Serious Awesomeness'}
test_448,i want to see I Dream of Jeanie in a movie theatre,SearchScreeningEvent,SearchScreeningEvent,True,0.9542,False,False,True,"{'object_location_type': 'кинотеатрда', 'movie_name': 'I Dream of Jeanie-ны'}","{'movie_name': 'I Dream of Jeanie', 'object_location_type': 'movie theatre'}"
test_449,Play Paul Mccartney,PlayMusic,PlayMusic,True,0.9607,False,False,False,{'artist': 'Пол Маккартни'},"{'artist': 'Paul McCartney', 'music_item': 'undefined'}"
test_450,Rate the current novel 3 stars,RateBook,RateBook,True,0.9632,False,False,False,"{'object_select': 'Хәзерге', 'object_type': 'романны', 'rating_value': '3', 'rating_unit': 'йолдызга'}","{'object_name': 'current novel', 'best_rating': '3', 'object_type': 'novel'}"
test_451,"Can you search the book , Paris - When It Sizzles ?",SearchCreativeWork,SearchCreativeWork,True,0.9765,False,False,False,"{'object_name': 'Paris - When It Sizzles', 'object_type': 'китабын'}","{'object_name': 'Paris - When It Sizzles', 'object_type': 'book'}"
test_452,play some seventies Filipp Kirkorow,PlayMusic,SearchCreativeWork,False,0.9114,False,False,False,"{'artist': 'Филипп Киркоровның', 'datetime': 'җитмешенче'}","{'object_type': 'фильм төре', 'object_name': 'Филипп Кироков', 'movie_type': 'семидесятники'}"
test_453,I want to book a bougatsa restaurant in next year nearby Penn for three people.,BookRestaurant,BookRestaurant,True,0.8684,False,False,True,"{'datetime': 'Киләсе елда', 'location': 'Пенни | янындагы', 'cuisine': 'bougatsa', 'restaurant_type': 'ресторанын', 'party_size_number': 'өч'}","{'party_size_number': '3', 'datetime': '', 'location': 'Penn', 'party_size_description': 'three people', 'cuisine': '', 'restaurant_name': '', 'restaurant_type': '', 'facility': ''}"
test_454,Will it be rainy in Tenino ?,weather/find,weather/find,True,0.9496,False,False,True,"{'location': 'Тенинода', 'condition_description': 'яңгырлар'}","{'location': 'Tenino', 'datetime': 'бу атнабызда', 'weather/attribute': 'condition_description', 'weather/conditionTemperature': 'rainy'}"
test_455,Please look up Three Essays on the Theory of Sexuality show .,SearchCreativeWork,SearchCreativeWork,True,0.9448,False,False,False,"{'object_name': 'Three Essays on the Theory of Sexuality', 'object_type': 'шоусын'}","{'movie_name': 'Three Essays on the Theory of Sexuality', 'object_type': 'show'}"
test_456,I want to eat in Ramona,BookRestaurant,BookRestaurant,True,0.8929,False,False,False,{'location': 'Рамонда'},"{'datetime': 'бу атнабызда', 'location': 'Ramona', 'party_size_number': '1', 'cuisine': 'unknown', 'restaurant_name': 'Ramona', 'restaurant_type': 'restaurant'}"
test_457,Add the boy george track to the Emo Forever playlist.,AddToPlaylist,PlayMusic,False,0.901,False,False,False,"{'playlist': 'Emo Forever', 'artist': 'boy george', 'music_item': 'трегын'}","{'music_item': 'Track by Boy George', 'playlist': 'Emo Forever'}"
test_458,I want to book a steakhouse in Vimy Ridge .,BookRestaurant,BookRestaurant,True,0.936,False,False,False,"{'location': 'Vimy Ridge-да', 'restaurant_type': 'стейк-хаус'}","{'restaurant_name': 'Vimy Ridge', 'cuisine': 'steak', 'location': 'Vimy Ridge'}"
test_459,Is Without Witness playing twenty two hours from now,SearchScreeningEvent,SearchCreativeWork,False,0.9564,False,False,False,"{'movie_name': 'Without Witness', 'datetime': 'егерме ике сәгатьтән соң'}","{'datetime': 'twenty two hours from now', 'object_type': 'playing', 'object_name': 'Is Without Witness'}"
test_460,Book spot for 9,BookRestaurant,BookRestaurant,True,0.9158,False,False,False,{'party_size_number': '9'},"{'datetime': '9', 'party_size_number': 'бу атнабызда'}"
test_461,add this track to my Hands Up playlist,AddToPlaylist,AddToPlaylist,True,0.9661,False,False,False,"{'music_item': 'трекны', 'reference': 'минем', 'playlist': 'Hands Up'}","{'playlist': 'Hands Up', 'music_item': 'track'}"
test_462,Play something from 90s Pop Rock Essentials,PlayMusic,PlayMusic,True,0.9418,False,False,False,{'playlist': '90s Pop Rock Essentials-тан'},{'musicItem': '90s Pop Rock Essentials'}
test_463,Can you find me the Blue Spring trailer ?,SearchCreativeWork,SearchCreativeWork,True,0.9509,False,False,False,"{'object_name': 'Blue Spring', 'object_type': 'трейлерын'}","{'object_name': 'Blue Spring', 'object_type': 'фильм'}"
test_464,Give two stars out of 6 to 36 Children,RateBook,RateBook,True,0.9666,False,False,False,"{'object_name': '36 Children-га', 'best_rating': '6-дан', 'rating_value': 'ике', 'rating_unit': 'йолдыз'}","{'object_name': '36 Children', 'best_rating': '2', 'rating_unit': 'stars', 'object_type': 'book'}"
test_465,I want animated movies at MJR Theatres,SearchScreeningEvent,SearchCreativeWork,False,0.9128,False,False,False,"{'location': 'MJR театрында', 'movie_type': 'анимацион фильмнарны'}","{'object_type': 'фильм төре', 'movie_type': 'анimated', 'object_location_type': 'MJR Theatres'}"
test_466,Add the artist mike to the Sexy as Folk playlist.,AddToPlaylist,AddToPlaylist,True,0.9868,False,False,False,"{'playlist': 'Sexy as Folk', 'music_item': 'башкаручы', 'artist': 'mike-ны'}","{'artist': 'Mike', 'playlist': 'Sexy as Folk'}"
test_467,add Highway Patrolman in my playlist this is al green,AddToPlaylist,AddToPlaylist,True,0.9605,False,False,False,"{'reference': 'минем', 'playlist': 'this is al green', 'entity_name': 'Highway Patrolman'}","{'artist': 'Al Green', 'entity_name': 'Highway Patrolman', 'playlist': 'my playlist'}"
test_468,Find me the novel with the name To Lose My Life …,SearchCreativeWork,weather/find,False,0.9479,False,False,False,"{'object_name': 'To Lose My Life', 'object_type': 'романны'}",{'object_name': 'To Lose My Life'}
test_469,mark this album a score of 5,RateBook,RateBook,True,0.9525,False,False,False,"{'object_select': 'бу', 'object_type': 'альбомны', 'rating_value': '5-кә'}","{'object_name': 'mark this album', 'object_type': 'music_item', 'best_rating': '5'}"
test_470,Is Rare Birds showing at the nearest movie theatre at noon .,SearchScreeningEvent,SearchScreeningEvent,True,0.9421,False,False,True,"{'datetime': 'Төшке ашта', 'location': 'якындагы', 'object_location_type': 'кинотеатрда', 'movie_name': 'Rare Birds'}","{'datetime': 'noon', 'object_location_type': 'nearest movie theatre', 'object_type': 'movie', 'movie_name': 'Is Rare Birds'}"
test_471,Rate The 8-Week Cholesterol Cure three out of 6 .,RateBook,RateBook,True,0.939,False,False,False,"{'object_name': 'The 8-Week Cholesterol Cure-га', 'best_rating': '6-дан', 'rating_value': 'өчкә'}","{'object_name': '8-Week Cholesterol Cure', 'best_rating': '3', 'object_type': 'book', 'rating_unit': 'out of 6'}"
test_472,Add martin barre to my punk unplugged playlist.,AddToPlaylist,AddToPlaylist,True,0.9656,False,False,False,"{'artist': 'Martin barre-ны', 'reference': 'минем', 'playlist': 'punk unplugged'}","{'artist': 'martin barre', 'playlist': 'punk unplugged'}"
test_473,rate the current novel zero out of 6,RateBook,RateBook,True,0.9444,False,False,False,"{'object_select': 'хәзерге', 'object_type': 'романны', 'best_rating': '6-дан', 'rating_value': 'нульгә'}","{'object_name': 'current novel', 'object_type': 'novel', 'best_rating': '0', 'rating_value': '6', 'rating_unit': 'out of 6'}"
test_474,What times will The Young Swordsman be showing at my cinema ?,SearchScreeningEvent,SearchScreeningEvent,True,0.9536,False,False,True,"{'object_location_type': 'кинотеатрда', 'movie_name': 'The Young Swordsman', 'object_type': 'вакытта'}","{'movie_name': 'The Young Swordsman', 'location': 'my cinema'}"
test_475,What are the movies showing in the neighbourhood,SearchScreeningEvent,SearchScreeningEvent,True,0.8985,False,False,False,"{'location': 'Тирә-юньдә', 'movie_type': 'фильмнар'}","{'location': 'neighbourhood', 'datetime': 'now or soon', 'object_location_type': 'cinema', 'object_type': 'movie screening event'}"
test_476,I want to book Oregon Electric Station in North City .,BookRestaurant,BookRestaurant,True,0.9482,False,False,True,"{'location': 'North City-дәге', 'restaurant_name': 'Oregon Electric Station'}","{'datetime': '', 'facility': '', 'location': 'North City', 'party_size_description': '', 'restaurant_name': 'Oregon Electric Station', 'restaurant_type': ''}"
test_477,how's the weather here at two Am,weather/find,weather/find,True,0.9737,False,False,False,"{'location': 'монда', 'datetime': 'төнге сәгать икедә'}","{'location': 'two Am', 'datetime': 'бу атнабызда'}"
test_478,Fine the movie schedules for the Wanda Group .,SearchScreeningEvent,SearchScreeningEvent,True,0.9521,False,False,False,"{'location': 'Wanda Group-ның', 'object_type': 'фильм кестесін'}","{'object_type': 'movie', 'object_location_type': 'Wanda Group'}"
test_479,what is the forecast for Waurika in Samoa,weather/find,weather/find,True,0.9712,False,False,False,{'location': 'Самоада | Ваурикада'},"{'location': 'Waurika, Samoa', 'datetime': 'бу атнабызда'}"
test_480,Show the movie schedules in the neighborhood,SearchScreeningEvent,SearchScreeningEvent,True,0.9062,False,False,False,"{'location': 'Тирә-яктагы', 'object_type': 'фильмнар расписаниесен'}","{'location': 'neighborhood', 'datetime': 'unknown', 'movie_name': 'unknown', 'object_location_type': 'cinema', 'object_type': 'screening event'}"
test_481,Play some blues britânico .,PlayMusic,PlayMusic,True,0.8779,False,False,True,{'genre': 'Blues britânico'},"{'artist': 'blues britânico', 'genre': 'blues', 'sort': 'album'}"
test_482,Is No Time to Be Young showing at AMC Theaters,SearchScreeningEvent,SearchScreeningEvent,True,0.9501,False,False,False,"{'location': 'AMC Theaters-да', 'movie_name': 'No Time to Be Young'}","{'location': 'AMC Theaters', 'datetime': 'бу атнабызда', 'object_location_type': 'AMC Theaters', 'object_type': 'cinema screening event', 'movie_name': 'Is No Time to Be Young'}"
test_483,Please look up and find me Monty Python Live at the Hollywood Bowl .,SearchCreativeWork,SearchCreativeWork,True,0.9223,False,False,False,{'object_name': 'Монти Пайтон Голливудта'},"{'object_name': 'Monty Python Live', 'object_type': 'фильм'}"
test_484,what is the forecast for here for blizzard conditions at five pm,weather/find,weather/find,True,0.9871,False,False,True,"{'datetime': 'кичке бишкә', 'location': 'монда', 'condition_description': 'буран'}","{'location': 'here', 'datetime': 'five pm', 'weather/attribute': 'blizzard conditions'}"
test_485,add ireland in the junior eurovision song contest 2015 to my Jazzy Dinner playlist,AddToPlaylist,AddToPlaylist,True,0.9875,False,False,False,"{'entity_name': 'Ирландия балалар евровидениеда 2015', 'reference': 'минем', 'playlist': 'Jazzy Dinner'}","{'playlist': 'Jazzy Dinner', 'entity_name': 'ireland in the junior eurovision song contest 2015'}"
test_486,Add a song to Indie Hipster,AddToPlaylist,AddToPlaylist,True,0.9229,False,False,False,"{'playlist': 'Indie Hipster-га', 'music_item': 'җырны'}","{'playlist': 'Indie Hipster', 'music_item': 'song'}"
test_487,Can you find me the National Anthem of the Ancient Britons television show ?,SearchCreativeWork,SearchCreativeWork,True,0.9502,False,False,False,"{'object_name': 'National Anthem of the Ancient Britons', 'object_type': 'телевизион тапшыруын'}","{'object_name': 'National Anthem of the Ancient Britons', 'object_type': 'creative work'}"
test_488,"To the travelling playlist, please add this David Gahan song .",AddToPlaylist,AddToPlaylist,True,0.9542,False,False,False,"{'playlist': 'travelling', 'artist': 'Дэвид Гаан', 'music_item': 'җырын'}","{'artist': 'David Gahan', 'entity_name': 'travelling playlist'}"
test_489,I want to hear them from the artist Murcof,PlayMusic,PlayMusic,True,0.9566,False,False,False,"{'music_item': 'аларны', 'artist': 'Murcof'}",{'artist': 'Murcof'}
test_490,rate The Gift: Imagination and the Erotic Life of Property five stars,RateBook,RateBook,True,0.9684,False,False,False,"{'object_name': 'The Gift: Imagination and the Erotic Life of Property-ны', 'rating_value': 'биш', 'rating_unit': 'йолдызга'}","{'object_name': 'The Gift: Imagination and the Erotic Life of Property', 'best_rating': '5', 'object_type': 'книга'}"
test_491,Find me a TV show called Baby Blue,SearchCreativeWork,SearchCreativeWork,True,0.9622,False,False,False,"{'object_name': 'Baby Blue', 'object_type': 'телевизион тапшыруны'}","{'object_name': 'Baby Blue', 'object_type': 'фильм'}"
test_492,look for the book The Girl Who Was Plugged In,SearchCreativeWork,SearchCreativeWork,True,0.9908,False,False,False,"{'object_name': 'The Girl Who Was Plugged In', 'object_type': 'китабын'}",{'object_name': 'The Girl Who Was Plugged In'}
test_493,phyllis ward and veronica need a table at a restaurant in 152 days,BookRestaurant,BookRestaurant,True,0.8752,False,False,True,"{'party_size_description': 'филлис уордка һәм вероникага', 'datetime': '152 көннән соң', 'restaurant_type': 'ресторанда'}","{'datetime': '152 days', 'party_size_number': 'phyllis ward and veronica', 'restaurant_name': 'a restaurant'}"
test_494,Book a popular restaurant for 5 people,BookRestaurant,BookRestaurant,True,0.9467,False,False,False,"{'party_size_number': '5', 'sort': 'танылган', 'restaurant_type': 'ресторанны'}","{'party_size_number': '5', 'cuisine': None, 'datetime': None, 'facility': None, 'location': None, 'party_size_description': '5 people', 'restaurant_name': None, 'restaurant_type': None}"
test_495,"Book a reservation for The Dome, Edinburgh close to Brooklawn",BookRestaurant,BookRestaurant,True,0.9019,False,False,True,"{'location': 'Бруклон | янында', 'restaurant_name': 'The Dome, Edinburgh'}","{'restaurant_name': 'The Dome', 'location': 'Brooklawn', 'datetime': 'close to', 'party_size_description': 'reservations'}"
test_496,Add this album to Old School Death Metal,AddToPlaylist,AddToPlaylist,True,0.9612,False,False,False,"{'music_item': 'альбомны', 'playlist': 'Old School Death Metal-га'}","{'playlist': 'Old School Death Metal', 'music_item': 'album'}"
test_497,Look for the TV series Jersey Boys,SearchCreativeWork,SearchCreativeWork,True,0.9535,False,False,False,"{'object_name': 'Jersey Boys', 'object_type': 'телесериалын'}","{'object_type': 'TV series', 'object_name': 'Jersey Boys'}"
test_498,Book a reservation for nine people at the best pub nearby Tangier in six months,BookRestaurant,BookRestaurant,True,0.9711,False,False,False,"{'datetime': 'Алты ай эчендә', 'location': 'Танжер | янындагы', 'sort': 'иң яхшы', 'restaurant_type': 'пабта', 'party_size_number': 'тугыз'}","{'cuisine': None, 'datetime': None, 'facility': None, 'location': 'nearby Tangier', 'party_size_description': 'nine people', 'party_size_number': '9', 'restaurant_name': None, 'restaurant_type': 'pub', 'served_dish': None, 'sort': None}"
test_499,Show me the movies at Harkins Theatres .,SearchScreeningEvent,SearchCreativeWork,False,0.9528,False,False,False,"{'location': 'Harkins Theatres-ында', 'movie_type': 'фильмларны'}",{'object_location_type': 'Harkins Theatres'}
test_500,book a party at their campus within the same area for churrascaria,BookRestaurant,BookRestaurant,True,0.9274,False,False,False,"{'location': 'аларның кампусында | шул ук райондагы', 'restaurant_type': 'чурраскарияга'}","{'datetime': '', 'facility': '', 'location': 'their campus within the same area', 'party_size_description': 'churrascaria', 'restaurant_name': ''}"
