id,text,true_intent,pred_intent,intent_correct,confidence,weak_by_conf,weak_intent_real,weak_slot_real,true_slots,pred_slots
test_1,барлык хәтерләтүләрне күрсәт,reminder/show_reminders,none,False,0.0,True,False,False,{'reference': 'барлык'},{}
test_2,Миңа свитер кирәкме?,weather/find,add_to_playlist,False,0.9398,False,False,False,{'weather/attribute': 'свитер'},"{'artist': 'миңа', 'entity_name': 'свитер', 'playlist': 'минем'}"
test_3,Бүген сәгать ун алтыга хәтерләтүне өстә,reminder/set_reminder,reminder/set_reminder,True,0.8995,False,False,False,{'datetime': 'Бүген сәгать ун алтыга'},"{'datetime': 'биринчи сәгать', 'reminder/todo': 'ун алтыга хәтерләтү', 'reference': ''}"
test_4,Минем хәтерләтүне бетер,reminder/cancel_reminder,reminder/cancel_reminder,True,0.9442,False,False,False,{'reference': 'Минем'},"{'datetime': '', 'reminder/todo': 'хәтерләтү', 'reference': 'минем'}"
test_5,Миңа бензин салырга искә төшер.,reminder/set_reminder,reminder/show_reminders,False,0.8875,False,False,False,{'reminder/todo': 'бензин салырга'},"{'datetime': 'биринчи бүгөн', 'reminder/todo': 'бензин салырга искә төшер', 'reference': ''}"
test_6,Чәршәмбе көнне миңа кул чатыры кирәкме?,weather/find,alarm/set_alarm,False,0.9193,False,False,False,"{'datetime': 'Чәршәмбе', 'weather/attribute': 'кул чатыры'}","{'datetime': 'миңа', 'reference': 'чатыры кирәк'}"
test_7,биш минуттан соң минем будильникны кабатла,alarm/snooze_alarm,alarm/set_alarm,False,0.972,False,True,False,"{'datetime': 'биш минуттан', 'reference': 'минем'}","{'datetime': 'биш минуттан соң', 'recurring_datetime': None, 'reference': 'минем'}"
test_8,максның туган көне турында искә төшеруне куй,reminder/set_reminder,reminder/set_reminder,True,0.9421,False,False,False,{'reminder/todo': 'максның туган көне турында искә төшеруне'},"{'datetime': 'туган көне', 'reminder/todo': 'iskә төшеруне', 'reference': ''}"
test_9,Миңа барлык хәтерләтүләрне күрсәт,reminder/show_reminders,none,False,0.0,True,False,False,{'reference': 'барлык'},{}
test_10,Барлык будильникларны күрсәт.,alarm/show_alarms,alarm/show_alarms,True,0.9916,False,False,False,{'reference': 'Барлык'},"{'datetime': '', 'reference': ''}"
test_11,Бүген яңгыр явар микән?,weather/find,weather/find,True,0.8448,False,False,False,"{'datetime': 'Бүген', 'weather/attribute': 'яңгыр'}","{'datetime': 'бүгенин', 'location': 'миканын'}"
test_12,Будильникны иртәнге 8 куй,alarm/set_alarm,alarm/set_alarm,True,0.9215,False,False,False,{'datetime': 'иртәнге 8'},"{'datetime': 'иртәнге 8', 'reference': 'минем'}"
test_13,Бүген температура нинди?,weather/find,weather/find,True,0.8902,False,False,False,"{'datetime': 'Бүген', 'weather/attribute': 'температура'}","{'datetime': 'бүгенин', 'location': 'бир урын'}"
test_14,Минем хәтерләтүне күрсәт,reminder/show_reminders,reminder/show_reminders,True,0.9454,False,False,False,{'reference': 'Минем'},"{'datetime': None, 'reminder/todo': 'хәтерләтүне', 'reference': 'минем'}"
test_15,Барлык будильникларны күрсәт,alarm/show_alarms,alarm/show_alarms,True,0.9723,False,False,False,{'reference': 'Барлык'},"{'datetime': '', 'reference': ''}"
test_16,Миңа Бен белән Джорджия турында сөйләшергә искә төшер,reminder/set_reminder,SearchCreativeWork,False,0.8791,False,False,False,{'reminder/todo': 'Бен белән Джорджия турында сөйләшергә'},"{'object_name': 'МИНЯН БЕН', 'object_type': 'CREATIVE_WORK'}"
test_17,Будильникны иртәнге 5 куй,alarm/set_alarm,alarm/set_alarm,True,0.9465,False,False,False,{'datetime': 'иртәнге 5'},"{'datetime': 'иртәнге 5 куй', 'reference': ''}"
test_18,бүген болытлымы,weather/find,alarm/show_alarms,False,0.9024,False,False,False,"{'datetime': 'бүген', 'weather/attribute': 'болытлымы'}","{'datetime': 'биргән', 'reference': 'бүген болытлымы'}"
test_19,Бүген бездә ничә дюйм яңгыры явар?,weather/find,weather/find,True,0.8626,False,False,False,"{'datetime': 'Бүген', 'weather/attribute': 'дюйм яңгыры'}","{'datetime': 'бүгенин', 'location': 'минем арында'}"
test_20,Иртәгә минем апама шалтыратырга искә төшер,reminder/set_reminder,reminder/set_reminder,True,0.9723,False,False,False,"{'datetime': 'Иртәгә', 'reminder/todo': 'минем апама шалтыратырга'}","{'datetime': 'иртәгә', 'reminder/todo': 'апама шалтыратырга'}"
test_21,будильникны туктат,alarm/cancel_alarm,alarm/cancel_alarm,True,0.7845,False,False,False,{},"{'datetime': 'тукталоосу үчүн кабатланган вакыт', 'reference': 'тукталоосу үчүн күрсектелеши мүмкүн кыйммәт'}"
test_22,Бу атнада кызу булырмы?,weather/find,none,False,0.0,True,False,False,"{'datetime': 'Бу атнада', 'weather/attribute': 'кызу'}",{}
test_23,Будильникны көндезге 3 куй.,alarm/set_alarm,alarm/set_alarm,True,0.9195,False,False,False,{'datetime': 'көндезге 3'},"{'datetime': 'көндезге', 'recurring_datetime': '3 куй', 'reference': 'минем'}"
test_24,бүген кар явармы,weather/find,alarm/show_alarms,False,0.8742,False,False,False,"{'datetime': 'бүген', 'weather/attribute': 'кар'}",{'datetime': 'биргән'}
test_25,бөтен будильникларны бетер,alarm/cancel_alarm,alarm/cancel_alarm,True,0.9455,False,False,False,{'reference': 'бөтен'},{'reference': 'бөтен будильник'}
test_26,Минем хәтерләтүләрне күрсәт,reminder/show_reminders,reminder/show_reminders,True,0.9504,False,False,False,{'reference': 'Минем'},"{'datetime': None, 'reminder/todo': None, 'reference': 'минем'}"
test_27,Будильникка кадәр күпме вакыт калды,alarm/time_left_on_alarm,alarm/show_alarms,False,0.916,False,True,False,{},"{'datetime': 'кадәр калды вакыт', 'reference': 'будильникка күрсәтү'}"
test_28,Минем нинди искә төшерүләрем бар?,reminder/show_reminders,reminder/set_reminder,False,0.9316,False,False,False,{'reference': 'Минем'},"{'datetime': 'иртәгә', 'reminder/todo': 'минем искә төшерүлүү', 'reference': ''}"
test_29,Будильникны көн саен иртәнге 8 куй,alarm/set_alarm,alarm/set_alarm,True,0.8396,False,False,False,{'recurring_datetime': 'иртәнге 8'},"{'datetime': 'сонгοо саен', 'recurring_datetime': '', 'reference': '', 'reminder/todo': 'берилгени көн саен'}"
test_30,син миңа будильникларны күрсәтә аласыңмы?,alarm/show_alarms,alarm/show_alarms,True,0.9741,False,False,False,{},"{'datetime': '', 'reference': ''}"
test_31,Бүген Диснейуорлдта буран булырмы?,weather/find,weather/find,True,0.8818,False,False,False,"{'datetime': 'Бүген', 'location': 'Диснейуорлдта', 'weather/attribute': 'буран'}","{'datetime': 'бүгенин', 'location': 'Диснейуорлдта'}"
test_32,бүген кар явырмы,weather/find,alarm/show_alarms,False,0.8316,False,False,False,"{'datetime': 'бүген', 'weather/attribute': 'кар'}",{'datetime': 'биргәнгi бүгiн'}
test_33,бөтен будильникларны күрсәт,alarm/show_alarms,alarm/show_alarms,True,0.9779,False,False,False,{'reference': 'бөтен'},"{'datetime': '', 'reference': ''}"
test_34,Бүген салкынмы?,weather/find,weather/find,True,0.8568,False,False,False,"{'datetime': 'Бүген', 'weather/attribute': 'салкынмы'}","{'datetime': 'bүгенин', 'location': 'салкын'}"
test_35,"Зинһар, пәнҗешәмбе иртәсеннән будильникны бетер.",alarm/cancel_alarm,alarm/cancel_alarm,True,0.9178,False,False,False,{'datetime': 'пәнҗешәмбе иртәсеннән'},"{'datetime': '', 'reference': 'пәнҗешәмбе иртәсеннән будильник', 'reminder/todo': 'пәнҗешәмбе иртәсеннән'}"
test_36,Бүген яңгыр явырмы?,weather/find,weather/find,True,0.845,False,False,False,"{'datetime': 'Бүген', 'weather/attribute': 'яңгыр'}","{'datetime': 'биринчи бүгөн', 'condition_temperature': 'яңгыр', 'condition_description': 'явырмандык'}"
test_37,канадада кар явамы,weather/find,weather/find,True,0.9313,False,False,False,"{'location': 'канадада', 'weather/attribute': 'кар явамы'}",{'location': 'Канада'}
test_38,Бүген нинди югары температура булачак?,weather/find,weather/find,True,0.6746,False,False,False,"{'datetime': 'Бүген', 'weather/attribute': 'югары температура'}","{'datetime': 'бүгени', 'location': 'бир урын керек'}"
test_39,"Төнлә шулкадәр кар яуса, сәяхәт куркыныч булырмы?",weather/find,reminder/show_reminders,False,0.8796,False,False,False,"{'datetime': 'Төнлә', 'weather/attribute': 'кар яуса'}","{'datetime': 'сәяхәт куркыныч', 'reminder/todo': 'булырмы', 'reference': 'сәяхәт куркыныч'}"
test_40,бөтен хәтерләтүләрне күрсәт,reminder/show_reminders,none,False,0.0,True,False,False,{'reference': 'бөтен'},{}
test_41,барлык хәтерләтүләрне бетер,reminder/cancel_reminder,BookRestaurant,False,0.7986,False,False,False,{'reference': 'барлык'},"{'datetime': '12:00', 'location': 'Central Park', 'party_size_number': '4', 'restaurant_name': 'The Golden Palace', 'restaurant_type': 'Italian', 'cuisine': 'Italian', 'party_size_description': 'A small group', 'facility': 'Air conditioning, Wi-Fi'}"
test_42,миңа иртәгә куртка кирәкме?,weather/find,alarm/set_alarm,False,0.9236,False,False,False,"{'datetime': 'иртәгә', 'weather/attribute': 'куртка'}","{'datetime': 'иртәгә', 'reminder/todo': 'кирәк', 'reference': 'минем'}"
test_43,Будильникка кадәр күпме вакыт калды,alarm/time_left_on_alarm,alarm/show_alarms,False,0.916,False,True,False,{},"{'datetime': 'кадәр калды вакыт', 'reference': 'будильникка күрсәтү'}"
test_44,Будильникны туктат,alarm/snooze_alarm,alarm/set_alarm,False,0.8738,False,True,False,{},"{'datetime': 'тикленгенин вакыты', 'reference': ''}"
test_45,Миңа барлык будильникларны күрсәт,alarm/show_alarms,alarm/show_alarms,True,0.9879,False,False,False,{'reference': 'барлык'},"{'datetime': '', 'reference': ''}"
test_46,Йеллоустонда һава торышы нинди?,weather/find,weather/find,True,0.8999,False,False,False,{'location': 'Йеллоустонда'},"{'location': 'Йеллоустонда', 'datetime': 'текшерүү вакыт'}"
test_47,Бүген һава торышы нинди?,weather/find,weather/find,True,0.6392,False,False,False,{'datetime': 'Бүген'},"{'datetime': 'бүгени', 'location': 'бир урын керек'}"
test_48,Иртәгә Патрикны мәктәптән алырга минем искә төшерүдән алып бетер.,reminder/cancel_reminder,reminder/show_reminders,False,0.9358,False,False,False,"{'datetime': 'Иртәгә', 'reminder/todo': 'Патрикны мәктәптән алырга', 'reference': 'минем'}","{'datetime': 'иртәгә', 'reminder/todo': 'минем искә төшерү', 'reference': 'Патрик'}"
test_49,Миңа иртәгә шул ук вакытта табибка язылырга искә төшер,reminder/set_reminder,reminder/show_reminders,False,0.7631,False,False,False,"{'datetime': 'иртәгә шул ук вакытта', 'reminder/todo': 'табибка язылырга'}","{'datetime': 'иртәгә', 'reminder/todo': 'iskә төшер', 'reference': 'минем', 'reminder/show_reminders': 'йок'}"
test_50,Миңа аренданы түләргә искә төшер,reminder/set_reminder,reminder/set_reminder,True,0.9316,False,False,False,{'reminder/todo': 'аренданы түләргә'},"{'datetime': 'миңа', 'reminder/todo': 'Аренданы түләргә искә төшер'}"
test_51,яңгыр кайчан бетәчәк?,weather/find,weather/find,True,0.9404,False,False,False,{'weather/attribute': 'яңгыр'},"{'condition_description': 'яңгыр', 'location': 'бетәчәк'}"
test_52,будильникларны бетер,alarm/cancel_alarm,alarm/cancel_alarm,True,0.9938,False,False,False,{},{'reference': 'минем'}
test_53,Сишәмбе көнне миңа Стефанига шалтыратырга искә төшер,reminder/set_reminder,alarm/set_alarm,False,0.8717,False,False,False,"{'datetime': 'Сишәмбе көнне', 'reminder/todo': 'Стефанига шалтыратырга'}","{'datetime': 'сишәмбе көнө', 'reminder/todo': 'шишәмбе көнөне шалтыратырга', 'reference': 'Стефани'}"
test_54,барлык минем уяткыч сәгатьләрне күрсәт,alarm/show_alarms,reminder/show_reminders,False,0.9043,False,False,False,{'reference': 'барлык минем'},"{'datetime': '', 'reminder/todo': 'минем уяткыч', 'reference': ''}"
test_55,Бүген никадәр эссе булачак?,weather/find,add_to_playlist,False,0.9039,False,False,False,"{'datetime': 'Бүген', 'weather/attribute': 'эссе'}","{'entity_name': 'никадәр эссе', 'playlist': 'эссе булачак'}"
test_56,будильникны бүген кичке 5 куй,alarm/set_alarm,alarm/snooze_alarm,False,0.931,False,False,False,{'datetime': 'бүген кичке 5'},"{'datetime': '', 'reference': 'будильник', 'recurring_datetime': ''}"
test_57,21-енче августта көндез 3-тә табибка барырга искә төшер,reminder/set_reminder,appointment/set_appointment,False,0.8777,False,False,False,"{'datetime': '21-енче августта көндез 3-тә', 'reminder/todo': 'табибка барырга'}","{'datetime': '21-енче августта', 'object_type': 'tabib', 'object_name': '3-тә табибка', 'party_size_number': '1'}"
test_58,көн саен иртәнге сәгать 7-дә дарулар эчәргә турында минем искә төшерүне бетер,reminder/cancel_reminder,reminder/set_reminder,False,0.9553,False,False,False,"{'recurring_datetime': 'көн саен иртәнге сәгать 7-дә', 'reminder/todo': 'дарулар эчәргә'}","{'datetime': 'көн', 'reminder/todo': 'сәгать 7-дә дарулар эчәргә турында минем искә төшерүне бетер', 'reference': ''}"
test_59,киләсе фараз яңгырны кайчан күрсәтә,weather/find,weather/find,True,0.9657,False,False,False,{'weather/attribute': 'яңгырны'},{'condition_description': 'киләсе фараз яңгыр'}
test_60,Иртәгә иртә белән минем будильнигым нинди вакытка куелган?,alarm/show_alarms,alarm/show_alarms,True,0.9731,False,False,False,"{'datetime': 'Иртәгә иртә', 'reference': 'минем'}","{'datetime': 'иртәгә', 'reference': 'минем'}"
test_61,бүген кар явармы,weather/find,alarm/show_alarms,False,0.8742,False,False,False,"{'datetime': 'бүген', 'weather/attribute': 'кар'}",{'datetime': 'биргән'}
test_62,Минем будильнигымны сүндер.,alarm/cancel_alarm,alarm/cancel_alarm,True,0.9734,False,False,False,{'reference': 'Минем'},{'reference': 'минем'}
test_63,Барлык будильникларны бетер,alarm/cancel_alarm,alarm/cancel_alarm,True,0.7947,False,False,False,{'reference': 'Барлык'},{'reference': 'безенденин аты'}
test_64,миңа продуктларны сатып алырга искә төшер,reminder/set_reminder,add_to_playlist,False,0.9532,False,False,False,{'reminder/todo': 'продуктларны сатып алырга'},"{'artist': 'миңа', 'entity_name': 'продукт'}"
test_65,Миңа иртәнге сәгать 9-да иртәнге аш өчен будильник кирәк,alarm/set_alarm,alarm/set_alarm,True,0.8949,False,False,False,{'datetime': 'иртәнге сәгать 9-да'},"{'datetime': '9', 'recurring_datetime': '9', 'reminder/todo': 'бириклик сәгать', 'reference': 'миңа'}"
test_66,уен башланганчы бер сәгать алдан Кольтларны карау турында искә төшерүне куй,reminder/set_reminder,alarm/show_alarms,False,0.9025,False,False,False,"{'datetime': 'уен башланганчы бер сәгать алдан', 'reminder/todo': 'Кольтларны карау'}","{'datetime': 'уен башланганчы бер сәгать', 'reference': '科尔т'}"
test_67,барлык будильникларны бетер,alarm/cancel_alarm,alarm/cancel_alarm,True,0.9778,False,False,False,{'reference': 'барлык'},{'reference': 'барлык будильниклар'}
test_68,Бу исемлектән минем өченче искә төшерүне бетер.,reminder/cancel_reminder,reminder/cancel_reminder,True,0.9343,False,False,False,{'reference': 'минем өченче'},"{'datetime': '', 'reminder/todo': 'минем', 'reference': ''}"
test_69,Будильникны иртәнге 6 куй,alarm/set_alarm,alarm/set_alarm,True,0.946,False,False,False,{'datetime': 'иртәнге 6'},"{'datetime': 'иртәнге 6 куй', 'reference': ''}"
test_70,Бу будильникны хәзердән көндезге 2-гә куй,alarm/cancel_alarm,alarm/set_alarm,False,0.9265,False,False,False,"{'reference': 'Бу', 'datetime': 'хәзердән | көндезге 2-гә'}","{'datetime': 'көндезге 2-гә', 'reference': 'хәзердән'}"
test_71,Кар булырмы?,weather/find,none,False,0.0,True,False,False,{'weather/attribute': 'Кар'},{}
test_72,Миңа аренданы түләргә искә төшер.,reminder/set_reminder,reminder/set_reminder,True,0.9383,False,False,False,{'reminder/todo': 'аренданы түләргә'},"{'datetime': 'миңа', 'reminder/todo': 'Аренданы түләргә искә төшер', 'reference': ''}"
test_73,иртәгә нинди иң түбән температура,weather/find,weather/find,True,0.9722,False,False,False,"{'datetime': 'иртәгә', 'weather/attribute': 'иң түбән'}","{'datetime': '', 'location': '', 'condition_temperature': 'түбән'}"
test_74,Бүген кояшлы булырмы?,weather/find,alarm/show_alarms,False,0.8498,False,False,False,"{'datetime': 'Бүген', 'weather/attribute': 'кояшлы'}","{'datetime': 'биргән күн', 'reference': 'минем'}"
test_75,Бүген минем ничә искә төшерүләрем бар?,reminder/show_reminders,reminder/set_reminder,False,0.944,False,False,False,{'datetime': 'Бүген'},"{'datetime': 'биринчи дата/вакыт', 'reminder/todo': 'җинаять хезмәте', 'reference': 'минем'}"
test_76,Минем иртәгә нинди искә төшерүләрем бар?,reminder/show_reminders,reminder/set_reminder,False,0.9068,False,False,False,"{'reference': 'Минем', 'datetime': 'иртәгә'}","{'datetime': 'иртәгә', 'reminder/todo': '县委任务', 'reference': ''}"
test_77,Минем барлык искә төшерүләремне бетер.,reminder/cancel_reminder,reminder/cancel_reminder,True,0.9374,False,False,False,{'reference': 'Минем барлык'},"{'datetime': '', 'reminder/todo': 'бетер', 'reference': 'минем'}"
test_78,будильникны иртәнге 6-га куй,alarm/set_alarm,alarm/set_alarm,True,0.9104,False,False,False,{'datetime': 'иртәнге 6-га'},"{'datetime': 'иртәнге', 'recurring_datetime': None, 'reference': '6', 'reminder/todo': None}"
test_79,Будильникны 30 минутка куй,alarm/set_alarm,alarm/set_alarm,True,0.9319,False,False,False,{'datetime': '30 минутка'},"{'datetime': '07:30', 'recurring_datetime': '', 'reference': '', 'reminder/todo': ''}"
test_80,Будильникны бер сәгать алга куй.,alarm/set_alarm,alarm/set_alarm,True,0.9513,False,False,False,{'datetime': 'бер сәгать алга'},"{'datetime': 'бер сәгать', 'reference': 'алга куй'}"
test_81,барлык будильникларны бетер,alarm/cancel_alarm,alarm/cancel_alarm,True,0.9778,False,False,False,{'reference': 'барлык'},{'reference': 'барлык будильниклар'}
test_82,Лос-Анджелеста һава торышы,weather/find,weather/find,True,0.9691,False,False,False,{'location': 'Лос - Анджелеста'},"{'location': 'Лос-Анджелеста', 'datetime': ''}"
test_83,бөтен будильникларны бетер,alarm/cancel_alarm,alarm/cancel_alarm,True,0.9455,False,False,False,{'reference': 'бөтен'},{'reference': 'бөтен будильник'}
test_84,Бүген минем ничә искә төшерүләрем бар?,reminder/show_reminders,reminder/set_reminder,False,0.944,False,False,False,{'datetime': 'Бүген'},"{'datetime': 'биринчи дата/вакыт', 'reminder/todo': 'җинаять хезмәте', 'reference': 'минем'}"
test_85,Миңа иртәгә кибеттә кәгазь сөлгеләр сатып алырга искә төшер,reminder/set_reminder,reminder/set_reminder,True,0.9557,False,False,False,"{'datetime': 'иртәгә', 'reminder/todo': 'кибеттә кәгазь сөлгеләр сатып алырга'}","{'datetime': 'миңа', 'reminder/todo': 'кибеттә кәгазь сөлгеләр сатып алырга'}"
test_86,Миңа минем барлык искә төшерүләремне күрсәт,reminder/show_reminders,reminder/show_reminders,True,0.8787,False,False,False,{'reference': 'минем барлык'},"{'datetime': 'miña', 'reminder/todo': 'барлык искә төшерүләрем', 'reference': 'минем'}"
test_87,Будильникны иртәнге 6 куй,alarm/set_alarm,alarm/set_alarm,True,0.946,False,False,False,{'datetime': 'иртәнге 6'},"{'datetime': 'иртәнге 6 куй', 'reference': ''}"
test_88,иртәгә кар булырмы,weather/find,none,False,0.0,True,False,False,"{'datetime': 'иртәгә', 'weather/attribute': 'кар'}",{}
test_89,иртәгә минем иртәнге будильникны бетер,alarm/cancel_alarm,alarm/cancel_alarm,True,0.9692,False,False,False,"{'datetime': 'иртәгә | иртәнге', 'reference': 'минем'}","{'datetime': 'иртәгә', 'reference': 'минем'}"
test_90,Дүшәмбе көнне төшке ашка будильникны куй.,alarm/set_alarm,alarm/set_alarm,True,0.9482,False,False,False,{'recurring_datetime': 'Дүшәмбе көнне төшке ашка'},"{'datetime': 'дүшәмбе көнө', 'reference': 'минем'}"
test_91,Бүген никадәр эссе булачак?,weather/find,add_to_playlist,False,0.9039,False,False,False,"{'datetime': 'Бүген', 'weather/attribute': 'эссе'}","{'entity_name': 'никадәр эссе', 'playlist': 'эссе булачак'}"
test_92,иртәнге будильникларны куерга миңа искә төшер,reminder/set_reminder,alarm/set_alarm,False,0.9631,False,False,False,"{'datetime': 'иртәнге', 'reminder/todo': 'будильникларны куерга'}","{'datetime': 'иртәнге', 'reference': 'миңа'}"
test_93,бөтен будильникларны бетер,alarm/cancel_alarm,alarm/cancel_alarm,True,0.9455,False,False,False,{'reference': 'бөтен'},{'reference': 'бөтен будильник'}
test_94,Минем будильникларымны күрсәт,alarm/show_alarms,alarm/show_alarms,True,0.9864,False,False,False,{'reference': 'Минем'},"{'datetime': '', 'reference': 'минем'}"
test_95,будильникны сүндер,alarm/cancel_alarm,alarm/cancel_alarm,True,0.8962,False,False,False,{},{'datetime': 'биринчи вакыт'}
test_96,Бүген температура нинди?,weather/find,weather/find,True,0.8902,False,False,False,"{'datetime': 'Бүген', 'weather/attribute': 'температура'}","{'datetime': 'бүгенин', 'location': 'бир урын'}"
test_97,будильникны сүндер,alarm/cancel_alarm,alarm/cancel_alarm,True,0.8962,False,False,False,{},{'datetime': 'биринчи вакыт'}
test_98,Барлык будильникларны күрсәт,alarm/show_alarms,alarm/show_alarms,True,0.9723,False,False,False,{'reference': 'Барлык'},"{'datetime': '', 'reference': ''}"
test_99,Будильникны 30 минут саен куй,alarm/set_alarm,alarm/set_alarm,True,0.9453,False,False,False,{'recurring_datetime': '30 минут саен'},"{'datetime': '30 минут спусту', 'recurring_datetime': '', 'reference': ''}"
test_100,Бүген нинди температура булачак?,weather/find,weather/find,True,0.6596,False,False,False,"{'datetime': 'Бүген', 'weather/attribute': 'температура'}","{'datetime': 'бүгени', 'location': 'бир урын керек'}"
test_101,Бүген кызу булырмы?,weather/find,alarm/show_alarms,False,0.8528,False,False,False,"{'datetime': 'Бүген', 'weather/attribute': 'кызу'}","{'datetime': 'биргән күн', 'reference': 'минем'}"
test_102,Иртәгә яңгыр булырмы?,weather/find,weather/find,True,0.8352,False,False,False,"{'datetime': 'Иртәгә', 'weather/attribute': 'яңгыр'}","{'datetime': 'иртәгә', 'location': 'бүгүн'}"
test_103,Киләсе будильникны бетер,alarm/cancel_alarm,alarm/cancel_alarm,True,0.9477,False,False,False,{'reference': 'Киләсе'},{'reference': 'будильник'}
test_104,Бүген кибеткә барырга искә төшер,reminder/set_reminder,reminder/set_reminder,True,0.8634,False,False,False,"{'datetime': 'Бүген', 'reminder/todo': 'кибеткә барырга'}","{'datetime': 'биргән кибет', 'reminder/todo': 'бируга барырга'}"
test_105,киләсе атнада минем искә төшерүләрне бетер,reminder/cancel_reminder,reminder/cancel_reminder,True,0.9445,False,False,False,"{'datetime': 'киләсе атнада', 'reference': 'минем'}","{'datetime': 'киләсе атнада', 'reminder/todo': 'искәртмә', 'reference': 'минем'}"
test_106,миңа сишәмбе көнне көндезге сәгать 3-тә этне грумерга алып барырга исемә төшер,reminder/set_reminder,reminder/set_reminder,True,0.9005,False,False,False,"{'datetime': 'сишәмбе көнне көндезге сәгать 3-тә', 'reminder/todo': 'этне грумерга алып барырга'}","{'datetime': '3-тә сишәмбе көнне', 'reminder/todo': 'грумерга алып барырга исеме', 'reference': ''}"
test_107,28-енче көнне Дженга годовщинага чәчәкләр сатып алырга исемә төшер.,reminder/set_reminder,alarm/set_alarm,False,0.9286,False,False,False,"{'datetime': '28-енче көнне', 'reminder/todo': 'Дженга годовщинага чәчәкләр сатып алырга'}","{'datetime': '28-енче көн', 'reminder/todo': 'Дженга годовщинага чәчәкләр сатып алырга исеме'}"
test_108,Бүген һава торышы нинди?,weather/find,weather/find,True,0.6392,False,False,False,{'datetime': 'Бүген'},"{'datetime': 'бүгени', 'location': 'бир урын керек'}"
test_109,Иртәгә табибка язылырга миңа искә төшер.,reminder/set_reminder,reminder/show_reminders,False,0.8912,False,False,False,"{'datetime': 'Иртәгә', 'reminder/todo': 'табибка язылырга'}","{'datetime': 'иртәгә', 'reminder/todo': 'табибке искәр', 'reference': ''}"
test_110,бөтен будильникларны сүндер,alarm/cancel_alarm,alarm/cancel_alarm,True,0.9331,False,False,False,{'reference': 'бөтен'},"{'datetime': '', 'reference': 'бөтен будильник'}"
test_111,Мин үзем белән дождевикны алыйммы?,weather/find,add_to_playlist,False,0.9218,False,False,False,{'weather/attribute': 'дождевикны'},"{'artist': 'үzem', 'entity_name': 'дождевик', 'playlist': 'үzem'}"
test_112,Начар һава торышы фаразы нинди?,weather/find,weather/find,True,0.9558,False,False,False,{'weather/attribute': 'Начар'},{'condition_description': 'начар һава торышы'}
test_113,киләсе атнада табибка язуым турында искә төшер,reminder/set_reminder,reminder/set_reminder,True,0.9216,False,False,False,"{'datetime': 'киләсе атнада', 'reminder/todo': 'табибка язуым турында'}","{'datetime': 'киләсе атнын дата/вакыты', 'reminder/todo': 'искә төшер', 'reference': 'минем'}"
test_114,иртәнге 8 кибеткә бару турында искә төшер,reminder/set_reminder,reminder/set_reminder,True,0.9319,False,False,False,"{'datetime': 'иртәнге 8', 'reminder/todo': 'кибеткә бару'}","{'datetime': 'irtəgə 8 кибет', 'reminder/todo': 'җинаять хезмәте', 'reference': 'минем'}"
test_115,Химчисткага барырга искә төшерү яса.,reminder/set_reminder,add_to_cleaning_service_request,False,0.8806,False,False,False,{'reminder/todo': 'Химчисткага барырга'},"{'datetime': 'барырга', 'object_type': 'барырга', 'reference': 'химчисткага'}"
test_116,кайчан салкынрак булачак,weather/find,weather/find,True,0.924,False,False,False,{'weather/attribute': 'салкынрак'},"{'condition_temperature': 'салкын', 'datetime': 'иртәгә'}"
test_117,бу атнада яңгыр булырмы,weather/find,none,False,0.0,True,False,False,"{'datetime': 'бу атнада', 'weather/attribute': 'яңгыр'}",{}
test_118,барлык будильникларны бетер,alarm/cancel_alarm,alarm/cancel_alarm,True,0.9778,False,False,False,{'reference': 'барлык'},{'reference': 'барлык будильниклар'}
test_119,будильникларны бетер,alarm/cancel_alarm,alarm/cancel_alarm,True,0.9938,False,False,False,{},{'reference': 'минем'}
test_120,минем будильникларымны күрсәт,alarm/show_alarms,alarm/show_alarms,True,0.981,False,False,False,{'reference': 'минем'},"{'datetime': '', 'reference': 'минем'}"
test_121,Минем будильнигым кайсы вакытка куйган?,alarm/show_alarms,alarm/set_alarm,False,0.9278,False,False,False,{},"{'datetime': 'вакыттан алынган', 'reference': 'минем'}"
test_122,Шимбә көнне яңгыр булырмы?,weather/find,weather/find,True,0.9244,False,False,False,"{'datetime': 'Шимбә', 'weather/attribute': 'яңгыр'}","{'condition_temperature': 'салкын', 'condition_description': 'яңгыр', 'datetime': 'шимбә көнө', 'location': 'бир урын'}"
test_123,бүген никадәр эссе булачак,weather/find,add_to_playlist,False,0.9028,False,False,False,"{'datetime': 'бүген', 'weather/attribute': 'эссе'}","{'entity_name': 'никадәр эссе', 'playlist': 'булачак'}"
test_124,Барлык будильникларны бетер,alarm/cancel_alarm,alarm/cancel_alarm,True,0.7947,False,False,False,{'reference': 'Барлык'},{'reference': 'безенденин аты'}
test_125,Бу ял көннәрендә Тахода һава торышы?,weather/find,weather/find,True,0.9109,False,False,False,"{'datetime': 'Бу ял көннәрендә', 'location': 'Тахода'}","{'datetime': 'көннәр', 'location': 'Тахода'}"
test_126,Миңа бүген пальто кирәкме?,weather/find,alarm/set_alarm,False,0.8833,False,False,False,"{'datetime': 'бүген', 'weather/attribute': 'пальто'}","{'datetime': 'биргән пальто кирәк', 'reference': 'миңа бүгени'}"
test_127,Яңгыр кайчан туктар?,weather/find,weather/find,True,0.9107,False,False,False,{'weather/attribute': 'Яңгыр'},"{'condition_description': 'кайчан туктар', 'location': 'Яңгыр'}"
test_128,Дүшәмбе көнне 16:00 сәгатьтә минем мәктәпкә шалтыратырга хәтерләтү куй,reminder/set_reminder,alarm/set_alarm,False,0.9302,False,False,False,"{'datetime': 'Дүшәмбе көнне 16:00 сәгатьтә', 'reminder/todo': 'минем мәктәпкә шалтыратырга'}","{'datetime': '16:00', 'reminder/todo': 'мәктепке шалтыратырга хәтерләтү', 'reference': 'минем'}"
test_129,Минем будильнигымны сүндер.,alarm/cancel_alarm,alarm/cancel_alarm,True,0.9734,False,False,False,{'reference': 'Минем'},{'reference': 'минем'}
test_130,Бүген кич никадәр салкын булыр?,weather/find,weather/find,True,0.8803,False,False,False,"{'datetime': 'Бүген кич', 'weather/attribute': 'салкын'}","{'datetime': 'биргән', 'location': 'никада'}"
test_131,Будильникны иртәнге җидегә куй.,alarm/set_alarm,alarm/set_alarm,True,0.9551,False,False,False,{'datetime': 'иртәнге җидегә'},"{'datetime': 'иртәнге', 'reference': 'җидегә'}"
test_132,Минем Робны алу турында хәтерләтүемне бетер,reminder/cancel_reminder,reminder/set_reminder,False,0.9186,False,False,False,"{'reference': 'Минем', 'reminder/todo': 'Робны алу'}","{'datetime': 'минем', 'reminder/todo': 'хәтерләтүм', 'reference': 'Робн'}"
test_133,Иртәгә сөт сатып алу турында хәтерләтү яса.,reminder/set_reminder,reminder/set_reminder,True,0.9461,False,False,False,"{'datetime': 'Иртәгә', 'reminder/todo': 'сөт сатып алу'}","{'datetime': 'иртәгә', 'reminder/todo': 'сатып алу', 'reference': ''}"
test_134,Будильникны иртәнге 6 куй,alarm/set_alarm,alarm/set_alarm,True,0.946,False,False,False,{'datetime': 'иртәнге 6'},"{'datetime': 'иртәнге 6 куй', 'reference': ''}"
test_135,"көндәлек будильникны, аны бетергәнче, кичке җиде сәгать утыз минутка планлаштыр",alarm/set_alarm,alarm/modify_alarm,False,0.93,False,False,False,{'recurring_datetime': 'көндәлек | кичке җиде сәгать утыз минутка'},"{'datetime': 'көндәлек', 'reference': 'будильникка күрсәтү'}"
test_136,миңа торыр өчен будильникны куерга исемә төшер,reminder/set_reminder,alarm/set_alarm,False,0.9431,False,False,False,{'reminder/todo': 'торыр өчен будильникны куерга'},"{'datetime': 'миңа', 'reference': 'исеме'}"
test_137,Минем хәтерләтүне бетер,reminder/cancel_reminder,reminder/cancel_reminder,True,0.9442,False,False,False,{'reference': 'Минем'},"{'datetime': '', 'reminder/todo': 'хәтерләтү', 'reference': 'минем'}"
test_138,Бүген кар булырмы?,weather/find,none,False,0.0,True,False,False,"{'datetime': 'Бүген', 'weather/attribute': 'кар'}",{}
test_139,Миңа бөтен будильникларны күрсәт,alarm/show_alarms,alarm/show_alarms,True,0.8983,False,False,False,{'reference': 'бөтен'},"{'datetime': 'биринчи вакыт', 'reference': 'биринчи будильникка күрсәтү'}"
test_140,бөтен хәтерләтүләрне күрсәт,reminder/show_reminders,none,False,0.0,True,False,False,{'reference': 'бөтен'},{}
test_141,минем будильнигымда күпме вакыт калды,alarm/time_left_on_alarm,alarm/show_alarms,False,0.9361,False,True,False,{'reference': 'минем'},"{'datetime': 'вакыт', 'reference': 'минем'}"
test_142,будильникны 2 сәгатькә куй,alarm/set_alarm,alarm/set_alarm,True,0.972,False,False,False,{'datetime': '2 сәгатькә'},"{'datetime': '2', 'recurring_datetime': '', 'reference': ''}"
test_143,Эштән соң икмәк сатып алырга исемә төшер,reminder/set_reminder,none,False,0.0,True,False,False,"{'datetime': 'Эштән соң', 'reminder/todo': 'икмәк сатып алырга'}",{}
test_144,Бүген яңгыр булырмы?,weather/find,weather/find,True,0.8745,False,False,False,"{'datetime': 'Бүген', 'weather/attribute': 'яңгыр'}","{'condition_temperature': 'салкын', 'condition_description': 'яңгыр', 'datetime': 'биргәнгi', 'location': 'бүгiн'}"
test_145,бүгенге һава торышы фаразын укы,weather/find,weather/find,True,0.8603,False,False,False,{'datetime': 'бүгенге'},"{'datetime': 'бүгени', 'location': 'бүгенин урынын нөлөө'}"
test_146,Минем будильнигым нинди вакытка куелган?,alarm/show_alarms,alarm/set_alarm,False,0.9253,False,False,False,{'reference': 'Минем'},"{'datetime': 'нинди вакытка', 'reference': 'минем'}"
test_147,иртәгә 4 миңа сәүдә үзәгенә барырга исемә төшер,reminder/set_reminder,alarm/set_alarm,False,0.9463,False,False,False,"{'datetime': 'иртәгә 4', 'reminder/todo': 'сәүдә үзәгенә барырга'}","{'datetime': 'иртәгә 4 миңа сәүдә', 'recurring_datetime': '', 'reminder/todo': 'үзәгенә барырга исемә төшер', 'reference': ''}"
test_148,бүген кул чатырны үзем белән алыйммы,weather/find,alarm/show_alarms,False,0.9208,False,False,False,"{'datetime': 'бүген', 'weather/attribute': 'кул чатырны'}","{'datetime': 'бүгенин', 'reference': 'чатыр'}"
test_149,Минем хәтерләтүне күрсәт,reminder/show_reminders,reminder/show_reminders,True,0.9454,False,False,False,{'reference': 'Минем'},"{'datetime': None, 'reminder/todo': 'хәтерләтүне', 'reference': 'минем'}"
test_150,Минем бөтен хәтерләтүләрне күрсәт,reminder/show_reminders,reminder/show_reminders,True,0.9009,False,False,False,{'reference': 'Минем бөтен'},"{'datetime': 'иртәгә', 'reminder/todo': 'билем бөтен хәтерләтүләр', 'reference': 'минем'}"
test_151,Дүшәмбе көнне эт ризыгы турында хәтерләтү куй,reminder/set_reminder,alarm/set_alarm,False,0.8396,False,False,False,"{'datetime': 'Дүшәмбе', 'reminder/todo': 'эт ризыгы'}","{'datetime': 'дерек коюн алынган дата/вакыт', 'reference': 'дерек коюн алынган будильникка күрсәтү'}"
test_152,"Иртәгегә ""Сишәмбе кичендә Балада Саб йога дәресенә язылырга "" хәтерләтүне куй",reminder/set_reminder,reminder/show_reminders,False,0.9804,False,False,False,"{'datetime': 'Иртәгегә', 'reminder/todo': 'Сишәмбе кичендә Балада Саб йога дәресенә язылырга'}","{'datetime': 'Сишәмбе кичендә', 'reminder/todo': 'Балада Саб йога дәресенә язылырга', 'reference': ''}"
test_153,бүгенгегә бөтен искә төшерүләрне бетер,reminder/cancel_reminder,reminder/cancel_reminder,True,0.8552,False,False,False,"{'datetime': 'бүгенгегә', 'reference': 'бөтен'}","{'datetime': 'бүгенин тарыхынан', 'reminder/todo': 'iskәртмә', 'reference': 'минем'}"
test_154,Бу атнада Нью-Йоркта нинди һава торышы булачак,weather/find,weather/find,True,0.8876,False,False,False,"{'datetime': 'Бу атнада', 'location': 'Нью - Йоркта'}","{'location': 'New York', 'datetime': 'irten', 'condition_temperature': 'sall', 'condition_description': 'cloudy'}"
test_155,пәнҗешәмбе көнне көндез 12-дә табибка баруымны исемә төшер,reminder/set_reminder,alarm/set_alarm,False,0.9401,False,False,False,"{'datetime': 'пәнҗешәмбе көнне көндез 12-дә', 'reminder/todo': 'табибка баруымны'}","{'datetime': '12', 'reference': 'пәнҗешәмбе көнө', 'reminder/todo': 'баруу'}"
test_156,Будильникны кичке 6:50 куй,alarm/set_alarm,alarm/snooze_alarm,False,0.9753,False,False,False,{'datetime': 'кичке 6:50'},"{'datetime': '6:50', 'reference': 'минем'}"
test_157,Бүген кар булырмы?,weather/find,none,False,0.0,True,False,False,"{'datetime': 'Бүген', 'weather/attribute': 'кар'}",{}
test_158,Нинди будильниклар куелган?,alarm/show_alarms,alarm/show_alarms,True,0.9831,False,False,False,{},"{'datetime': '', 'reference': ''}"
test_159,7 октябрьгә искә төшерү будильникны куй,reminder/set_reminder,alarm/set_alarm,False,0.9349,False,False,False,{'datetime': '7 октябрьгә'},"{'datetime': '7 October', 'reference': 'будильник'}"
test_160,бүген кар булырмы?,weather/find,none,False,0.0,True,False,False,"{'datetime': 'бүген', 'weather/attribute': 'кар'}",{}
test_161,будильникны 15 минутка күчер,alarm/snooze_alarm,alarm/modify_alarm,False,0.8533,False,True,False,{'datetime': '15 минутка'},"{'datetime': '15 минутка күчектөрө', 'reference': 'будильник төренө'}"
test_162,Күпме кар булуын фаразлыйлар?,weather/find,none,False,0.0,True,False,False,{'weather/attribute': 'кар'},{}
test_163,урамда эссе ме,weather/find,RateBook,False,0.8405,False,False,False,"{'location': 'урамда', 'weather/attribute': 'эссе'}","{'object_name': 'иссе', 'object_type': 'эссе', 'reminder/todo': 'өзгөчө', 'reference': 'урамда'}"
test_164,Бүген нинди температура булачак?,weather/find,weather/find,True,0.6596,False,False,False,"{'datetime': 'Бүген', 'weather/attribute': 'температура'}","{'datetime': 'бүгени', 'location': 'бир урын керек'}"
test_165,иртәгә Далласта һава торышы нинди булыр,weather/find,weather/find,True,0.9382,False,False,False,"{'datetime': 'иртәгә', 'location': 'Далласта'}","{'datetime': 'иртәгә', 'location': 'Далласта', 'condition_temperature': 'температур', 'condition_description': 'һава торышы'}"
test_166,бүгенгегә минем бөтен искә төшерүләрне күрсәт,reminder/show_reminders,reminder/set_reminder,False,0.8965,False,False,False,"{'datetime': 'бүгенгегә', 'reference': 'минем бөтен'}","{'datetime': 'бүгенин', 'reminder/todo': 'тик төшерүләрне күрсәт', 'reference': ''}"
test_167,Атна саен продукт сатып алу турында хәтерләтү куй.,reminder/set_reminder,reminder/show_reminders,False,0.8892,False,False,False,"{'recurring_datetime': 'Атна саен', 'reminder/todo': 'продукт сатып алу'}","{'datetime': 'атна', 'reminder/todo': 'продукт сатып алу', 'reference': 'сaен'}"
test_168,һава торышы,weather/find,weather/find,True,0.9724,False,False,False,{},"{'datetime': '', 'location': '', 'condition_temperature': '', 'condition_description': ''}"
test_169,Яңгыр көне буе явыр микән?,weather/find,weather/find,True,0.9036,False,False,False,"{'weather/attribute': 'Яңгыр', 'datetime': 'көне буе'}","{'condition_description': 'яңгыр', 'location': 'көне', 'datetime': 'явыр'}"
test_170,Иртәгә яңгыр булырмы?,weather/find,weather/find,True,0.8352,False,False,False,"{'datetime': 'Иртәгә', 'weather/attribute': 'яңгыр'}","{'datetime': 'иртәгә', 'location': 'бүгүн'}"
test_171,Бүген кич эш хатларына җавап бирергә исемә төшер,reminder/set_reminder,alarm/show_alarms,False,0.8612,False,False,False,"{'datetime': 'Бүген кич', 'reminder/todo': 'эш хатларына җавап бирергә'}","{'datetime': 'биреге', 'reference': 'кич эш хатлагы'}"
test_172,Будильникларны бетер,alarm/cancel_alarm,alarm/cancel_alarm,True,0.9948,False,False,False,{},{'reference': 'минем'}
test_173,Минем будильникларны бетер,alarm/cancel_alarm,alarm/cancel_alarm,True,0.993,False,False,False,{'reference': 'Минем'},{'reference': 'минем'}
test_174,Мин бүген шортыны кия аламмы?,weather/find,alarm/show_alarms,False,0.9035,False,False,False,"{'datetime': 'бүген', 'weather/attribute': 'шортыны'}","{'datetime': 'биринчи бүгени', 'reference': 'минем'}"
test_175,Иртәгә яңгыр булырмы?,weather/find,weather/find,True,0.8352,False,False,False,"{'datetime': 'Иртәгә', 'weather/attribute': 'яңгыр'}","{'datetime': 'иртәгә', 'location': 'бүгүн'}"
test_176,Будильникны иртәнге 10 куй,alarm/set_alarm,alarm/set_alarm,True,0.9429,False,False,False,{'datetime': 'иртәнге 10'},"{'datetime': 'иртәнге 10', 'reference': 'минем'}"
test_177,бу атнада яңгыр булырмы,weather/find,none,False,0.0,True,False,False,"{'datetime': 'бу атнада', 'weather/attribute': 'яңгыр'}",{}
test_178,бөтен хәтерләтүләрне күрсәт,reminder/show_reminders,none,False,0.0,True,False,False,{'reference': 'бөтен'},{}
test_179,будильникларны бетер,alarm/cancel_alarm,alarm/cancel_alarm,True,0.9938,False,False,False,{},{'reference': 'минем'}
test_180,бөтен будильникларны сүндер,alarm/cancel_alarm,alarm/cancel_alarm,True,0.9331,False,False,False,{'reference': 'бөтен'},"{'datetime': '', 'reference': 'бөтен будильник'}"
test_181,бөтен будильник настройкаларын күрсәт,alarm/show_alarms,alarm/show_alarms,True,0.943,False,False,False,{'reference': 'бөтен'},"{'datetime': 'бөтен', 'reference': 'будильник'}"
test_182,Будильникны егерме минут саен куй,alarm/set_alarm,alarm/set_alarm,True,0.9054,False,False,False,{'recurring_datetime': 'егерме минут саен'},"{'datetime': 'саен', 'recurring_datetime': '', 'reference': '', 'reminder/todo': 'егерме'}"
test_183,Минем нинди искә төшерүләрем бар?,reminder/show_reminders,reminder/set_reminder,False,0.9316,False,False,False,{'reference': 'Минем'},"{'datetime': 'иртәгә', 'reminder/todo': 'минем искә төшерүлүү', 'reference': ''}"
test_184,иртәгегә будильникны бетер,alarm/cancel_alarm,alarm/cancel_alarm,True,0.9303,False,False,False,{'datetime': 'иртәгегә'},"{'datetime': 'иртәгегә', 'reference': 'будильник'}"
test_185,бүген миңа зонтик кирәкме?,weather/find,alarm/set_alarm,False,0.7051,False,False,False,"{'datetime': 'бүген', 'weather/attribute': 'зонтик'}","{'datetime': 'биринчи бүгени', 'reference': 'миңа', 'reminder/todo': 'зонтик кирәк'}"
test_186,бүген кар булырмы?,weather/find,none,False,0.0,True,False,False,"{'datetime': 'бүген', 'weather/attribute': 'кар'}",{}
test_187,Бүген кич минем әнигә шалтыратырга искә төшер,reminder/set_reminder,reminder/set_reminder,True,0.8988,False,False,False,"{'datetime': 'Бүген кич', 'reminder/todo': 'минем әнигә шалтыратырга'}","{'datetime': 'биринчи кич', 'reminder/todo': 'минем әнигә шалтыратырга'}"
test_188,Бүген яңгыр булырмы?,weather/find,weather/find,True,0.8745,False,False,False,"{'datetime': 'Бүген', 'weather/attribute': 'яңгыр'}","{'condition_temperature': 'салкын', 'condition_description': 'яңгыр', 'datetime': 'биргәнгi', 'location': 'бүгiн'}"
test_189,Шимбә көнне яңгыр булырмы?,weather/find,weather/find,True,0.9244,False,False,False,"{'datetime': 'Шимбә', 'weather/attribute': 'яңгыр'}","{'condition_temperature': 'салкын', 'condition_description': 'яңгыр', 'datetime': 'шимбә көнө', 'location': 'бир урын'}"
test_190,Будильникны һәр минут саен 20 минутка куясынмы?,alarm/set_alarm,alarm/set_alarm,True,0.9065,False,False,False,{'recurring_datetime': 'һәр минут саен 20 минутка'},"{'datetime': 'саен 20 минутка', 'recurring_datetime': 'every minute', 'reference': ''}"
test_191,Кариб бассейнында тропик давыллар,weather/find,weather/find,True,0.9466,False,False,False,"{'location': 'Кариб', 'weather/attribute': 'тропик давыллар'}","{'location': 'Кариб бассейн', 'condition_temperature': 'тропик', 'condition_description': 'давыллар'}"
test_192,барлык будильникларны бетер,alarm/cancel_alarm,alarm/cancel_alarm,True,0.9778,False,False,False,{'reference': 'барлык'},{'reference': 'барлык будильниклар'}
test_193,Будильникны тугыз минут саен куй,alarm/set_alarm,alarm/set_alarm,True,0.8275,False,False,False,{'recurring_datetime': 'тугыз минут саен'},"{'datetime': 'таңыз кыйммәт керек', 'recurring_datetime': '', 'reference': ''}"
test_194,Минем исемлектән соңгы ике хәтерләтүне бетер,reminder/cancel_reminder,reminder/cancel_reminder,True,0.9324,False,False,False,{'reference': 'соңгы ике'},"{'datetime': '', 'reminder/todo': 'ике хәтерләтүне', 'reference': 'минем'}"
test_195,бүген һава торышы нинди,weather/find,weather/find,True,0.8767,False,False,False,{'datetime': 'бүген'},"{'datetime': 'бүгенин', 'location': 'билеме'}"
test_196,минем будильнигымны кабыз,alarm/set_alarm,alarm/set_alarm,True,0.9802,False,False,False,{'reference': 'минем'},"{'datetime': 'кабыз', 'reference': 'минем'}"
test_197,Бүген һаваның дымлылыгы нинди?,weather/find,weather/find,True,0.9371,False,False,False,"{'datetime': 'Бүген', 'weather/attribute': 'һаваның дымлылыгы'}","{'condition_temperature': 'салкын', 'condition_description': 'дымлылык'}"
test_198,миңа торыр өчен будильникны куерга исемә төшер,reminder/set_reminder,alarm/set_alarm,False,0.9431,False,False,False,{'reminder/todo': 'миңа торыр өчен будильникны куерга'},"{'datetime': 'миңа', 'reference': 'исеме'}"
test_199,Бу ял көннәрендә кар явырмы?,weather/find,none,False,0.0,True,False,False,"{'datetime': 'Бу ял көннәрендә', 'weather/attribute': 'кар'}",{}
test_200,Бүген никадәр эссе булачак?,weather/find,add_to_playlist,False,0.9039,False,False,False,"{'datetime': 'Бүген', 'weather/attribute': 'эссе'}","{'entity_name': 'никадәр эссе', 'playlist': 'эссе булачак'}"
test_201,Минем будильнигым нинди вакытка куелган,alarm/show_alarms,alarm/set_alarm,False,0.9431,False,False,False,{'reference': 'Минем'},"{'datetime': 'нинди вакытка', 'reference': 'минем'}"
test_202,Бүген һава торышы нинди?,weather/find,weather/find,True,0.6392,False,False,False,{'datetime': 'Бүген'},"{'datetime': 'бүгени', 'location': 'бир урын керек'}"
test_203,Иртәгә яңгыр явармы?,weather/find,weather/find,True,0.9548,False,False,False,"{'datetime': 'Иртәгә', 'weather/attribute': 'яңгыр'}","{'datetime': 'иртәгә', 'location': 'яңгыр'}"
test_204,Сишәмбе көнне иртәнге 5:15 минем будильнигымны бетер,alarm/cancel_alarm,alarm/modify_alarm,False,0.9351,False,False,False,"{'datetime': 'Сишәмбе көнне иртәнге 5:15', 'reference': 'минем'}","{'datetime': 'иртәгә көнө 5:15', 'reference': 'минем'}"
test_205,бүгенге уен турында искәртүне бетер,reminder/cancel_reminder,reminder/cancel_reminder,True,0.906,False,False,False,"{'datetime': 'бүгенге', 'reminder/todo': 'уен'}","{'datetime': 'биргән дата', 'reminder/todo': 'җинаять хезмәте', 'reference': 'минем'}"
test_206,будильникны иртәнге көндезге 3-ке куй,alarm/set_alarm,alarm/set_alarm,True,0.9271,False,False,False,{'datetime': 'көндезге 3-ке'},"{'datetime': 'иртәнге', 'recurring_datetime': '3', 'reference': '3-ке куй'}"
test_207,шимбә көнне бөтен будильникларны бетер,alarm/cancel_alarm,alarm/cancel_alarm,True,0.8776,False,False,False,"{'datetime': 'шимбә көнне', 'reference': 'бөтен'}","{'datetime': ' shimbә көнө', 'reference': 'будильникка'}"
test_208,Миңа Лизаны алу турында искәртү кирәк,reminder/set_reminder,reminder/set_reminder,True,0.9416,False,False,False,{'reminder/todo': 'Лизаны алу'},"{'datetime': 'миңа', 'reminder/todo': 'Лизаны алу'}"
test_209,Бүген нинди югары температура?,weather/find,weather/find,True,0.6778,False,False,False,"{'datetime': 'Бүген', 'weather/attribute': 'югары'}","{'datetime': 'бүгени', 'location': 'бир урын керек'}"
test_210,Бүген Гринстоунда болытлы булырмы?,weather/find,weather/find,True,0.9483,False,False,False,"{'datetime': 'Бүген', 'location': 'Гринстоунда', 'weather/attribute': 'болытлы'}","{'location': 'Гринстоунда', 'datetime': 'бүгени'}"
test_211,Соңрак искә төшер,reminder/set_reminder,reminder/set_reminder,True,0.8673,False,False,False,{'datetime': 'Соңрак'},"{'datetime': 'соңрак', 'reminder/todo': 'тикереңиз хезмәте', 'reference': ''}"
test_212,бүген франциядә нинди һава торышы,weather/find,weather/find,True,0.9136,False,False,False,"{'datetime': 'бүген', 'location': 'франциядә'}","{'datetime': 'бүгенин', 'location': 'франция'}"
test_213,Шимбә кичәсендә кояшлы булырмы?,weather/find,alarm/show_alarms,False,0.8633,False,False,False,"{'datetime': 'Шимбә', 'weather/attribute': 'кояшлы'}","{'datetime': 'шимбә кичәсендә', 'reference': 'кулырлы булырмандыгы'}"
test_214,Иртәгә яңгыр явармы?,weather/find,weather/find,True,0.9548,False,False,False,"{'datetime': 'Иртәгә', 'weather/attribute': 'яңгыр'}","{'datetime': 'иртәгә', 'location': 'яңгыр'}"
test_215,Мин бүген шортыны кия аламмы?,weather/find,alarm/show_alarms,False,0.9035,False,False,False,"{'datetime': 'бүген', 'weather/attribute': 'шортыны'}","{'datetime': 'биринчи бүгени', 'reference': 'минем'}"
test_216,Минем искәртүемне күрсәт,reminder/show_reminders,reminder/show_reminders,True,0.9552,False,False,False,{'reference': 'Минем'},"{'datetime': None, 'reminder/todo': 'җинаять хезмәте', 'reference': 'минем'}"
test_217,Сентябрьдә уртача һава торышы нинди,weather/find,weather/find,True,0.8576,False,False,False,{'datetime': 'Сентябрьдә'},"{'datetime': 'Сентябрь', 'location': 'location', 'condition_temperature': 'уткын'}"
test_218,Бүген салкынмы?,weather/find,weather/find,True,0.8568,False,False,False,"{'datetime': 'Бүген', 'weather/attribute': 'салкынмы'}","{'datetime': 'bүгенин', 'location': 'салкын'}"
test_219,Бөтен искәртүләремне бетер,reminder/cancel_reminder,reminder/cancel_reminder,True,0.9359,False,False,False,{'reference': 'Бөтен'},"{'datetime': '', 'reminder/todo': 'iskәртмә', 'reference': 'минем'}"
test_220,монда эссеме?,weather/find,reminder/show_reminders,False,0.7596,False,False,False,{'weather/attribute': 'эссеме'},"{'datetime': '', 'reminder/todo': 'җинаять хезмәте', 'reference': 'минем'}"
test_221,Ял көннәрендә көндезге 2 будильнигымны куй,alarm/set_alarm,alarm/set_alarm,True,0.8993,False,False,False,{'recurring_datetime': 'Ял көннәрендә көндезге 2'},"{'datetime': 'ял көннәрендә', 'recurring_datetime': '', 'reference': '', 'reminder/todo': 'көндезге 2 будильнигым', 'alarm_time': '2'}"
test_222,Будильникны иртәнге 2 куй,alarm/set_alarm,alarm/set_alarm,True,0.9458,False,False,False,{'datetime': 'иртәнге 2'},"{'datetime': 'иртәнге 2', 'reference': 'минем'}"
test_223,Бүген һаваның дымлылыгы нинди?,weather/find,weather/find,True,0.9371,False,False,False,"{'datetime': 'Бүген', 'weather/attribute': 'һаваның дымлылыгы'}","{'condition_temperature': 'салкын', 'condition_description': 'дымлылык'}"
test_224,минем бөтен будильникларымны күрсәт,alarm/show_alarms,alarm/show_alarms,True,0.9759,False,False,False,{'reference': 'минем бөтен'},"{'datetime': '', 'reference': 'минем'}"
test_225,Минем бөтен искәртүләремне күрсәт,reminder/show_reminders,reminder/show_reminders,True,0.8986,False,False,False,{'reference': 'Минем бөтен'},"{'reminder/todo': 'биринчи искәртү', 'reference': 'минем'}"
test_226,бөтен будильникларымны бетер,alarm/cancel_alarm,alarm/cancel_alarm,True,0.9446,False,False,False,{'reference': 'бөтен'},{'reference': 'бөтен будильникларым'}
test_227,Давыл минем районыма якынлашамы?,weather/find,alarm/show_alarms,False,0.9345,False,False,False,"{'weather/attribute': 'Давыл', 'location': 'минем районыма'}","{'datetime': '', 'reference': 'минем'}"
test_228,бүген һава торышы нинди,weather/find,weather/find,True,0.8767,False,False,False,{'datetime': 'бүген'},"{'datetime': 'бүгенин', 'location': 'билеме'}"
test_229,соңгы искәртүемне бетер,reminder/cancel_reminder,reminder/cancel_reminder,True,0.9375,False,False,False,{'reference': 'соңгы'},"{'datetime': 'соңгы', 'reminder/todo': 'iskәртмә', 'reference': 'минем'}"
test_230,Будильникка күпме вакыт калды.,alarm/time_left_on_alarm,alarm/set_alarm,False,0.9306,False,True,False,{},"{'datetime': 'күпме вакыт', 'reference': 'будильникка'}"
test_231,Якшәмбе көнне минем бөтен будильникларымны бетер.,alarm/cancel_alarm,alarm/cancel_alarm,True,0.9473,False,False,False,"{'datetime': 'Якшәмбе көнне', 'reference': 'минем бөтен'}","{'datetime': 'көнө', 'reference': 'минем'}"
test_232,Бүген нихәтле эссе булачак?,weather/find,none,False,0.0,True,False,False,"{'datetime': 'Бүген', 'weather/attribute': 'эссе'}",{}
test_233,Мин сине иртәгә иртәнге 8:45 яңа будильникны куерга теләр идем,alarm/set_alarm,alarm/set_alarm,True,0.9768,False,False,False,{'datetime': 'иртәгә иртәнге 8:45'},"{'datetime': '8:45', 'reference': 'минем'}"
test_234,бөтен будильникларны бетер,alarm/cancel_alarm,alarm/cancel_alarm,True,0.9455,False,False,False,{'reference': 'бөтен'},{'reference': 'бөтен будильник'}
test_235,Бүген кар явармы?,weather/find,alarm/show_alarms,False,0.8625,False,False,False,"{'datetime': 'Бүген', 'weather/attribute': 'кар'}","{'datetime': 'бирге бирге', 'reference': 'минем'}"
test_236,миңа бозны алырга искә төшер,reminder/set_reminder,reminder/set_reminder,True,0.9445,False,False,False,{'reminder/todo': 'бозны алырга'},"{'datetime': 'алырга', 'reminder/todo': 'миңа бозны алырга искә төшер', 'reference': ''}"
test_237,бөтен искәртүләремне күрсәт,reminder/show_reminders,reminder/set_reminder,False,0.9075,False,False,False,{'reference': 'бөтен'},"{'datetime': 'биринчи дата/вакыт', 'reminder/todo': 'җинаять хезмәте', 'reference': 'минем'}"
test_238,бөтен будильникларымны күрсәт,alarm/show_alarms,alarm/show_alarms,True,0.9687,False,False,False,{'reference': 'бөтен'},"{'datetime': '', 'reference': ''}"
test_239,Сан-Францискода һава торышы нинди?,weather/find,weather/find,True,0.7921,False,False,False,{'location': 'Сан - Францискода'},"{'location': 'San Francisco', 'datetime': 'irteg_tan_allan_vakyt', 'condition_temperature': 'sall', 'condition_description': 'yargyryk'}"
test_240,Бөтен искәртүләремне бетер,reminder/cancel_reminder,reminder/cancel_reminder,True,0.9359,False,False,False,{'reference': 'Бөтен'},"{'datetime': '', 'reminder/todo': 'iskәртмә', 'reference': 'минем'}"
test_241,Концерт турында искәртүне бетер,reminder/cancel_reminder,reminder/cancel_reminder,True,0.9464,False,False,False,{'reminder/todo': 'Концерт'},"{'datetime': '', 'reminder/todo': 'iskәртүне бетер', 'reference': 'минем'}"
test_242,Иртәгә иртәнге будильникны бетер,alarm/cancel_alarm,alarm/cancel_alarm,True,0.9573,False,False,False,{'datetime': 'Иртәгә иртәнге'},"{'datetime': 'иртәнге', 'reference': 'минем'}"
test_243,бу атнада яңгыр явармы,weather/find,none,False,0.0,True,False,False,"{'datetime': 'бу атнада', 'weather/attribute': 'яңгыр'}",{}
test_244,Гольф уйнау өчен чәршәмбе көнне һава торышы нинди?,weather/find,weather/find,True,0.8995,False,False,False,{'datetime': 'чәршәмбе көнне'},"{'datetime': 'өчен чәршәмбе', 'location': 'гольф уйнау урыны'}"
test_245,бөтен будильникларымны күрсәт,alarm/show_alarms,alarm/show_alarms,True,0.9687,False,False,False,{'reference': 'бөтен'},"{'datetime': '', 'reference': ''}"
test_246,бөтен иртәгә будильникларны сүндер,alarm/cancel_alarm,alarm/cancel_alarm,True,0.9615,False,False,False,"{'reference': 'бөтен', 'datetime': 'иртәгә'}","{'datetime': 'бөтен', 'reference': 'минем'}"
test_247,Будильнигымны бүген кичке 5 куй,alarm/set_alarm,alarm/snooze_alarm,False,0.9068,False,False,False,{'datetime': 'бүген кичке 5'},"{'datetime': '', 'reference': 'будильник', 'recurring_datetime': ''}"
test_248,будильнигымны иртәге 7-гә куй,alarm/set_alarm,alarm/set_alarm,True,0.935,False,False,False,{'datetime': 'иртәге 7-гә'},"{'datetime': '7', 'reference': 'будильник'}"
test_249,Иртәгә кояшлы булырмы?,weather/find,none,False,0.0,True,False,False,"{'datetime': 'Иртәгә', 'weather/attribute': 'кояшлы'}",{}
test_250,бүген нинди эссе булыр,weather/find,alarm/show_alarms,False,0.8776,False,False,False,"{'datetime': 'бүген', 'weather/attribute': 'эссе'}","{'datetime': 'биргән', 'reference': 'минем'}"
test_251,Бир ноль йолдызлар Halo: Ghosts of Onyx,RateBook,RateBook,True,0.9473,False,False,False,"{'rating_value': 'ноль', 'rating_unit': 'йолдызлар', 'object_name': 'Halo: Ghosts of Onyx'}","{'object_name': 'Halo: Ghosts of Onyx', 'best_rating': '0', 'rating_unit': 'йолдыз'}"
test_252,Джой Нило музыкасын кабыз .,PlayMusic,PlayMusic,True,0.9511,False,False,False,{'artist': 'Джой Нило'},"{'artist': 'Джой Нило', 'music_item': 'музыкасын кабыз'}"
test_253,"Зинһар, миңа 20 Hours in America дип аталган видеоуен таб .",SearchCreativeWork,SearchCreativeWork,True,0.9713,False,False,False,"{'object_name': '20 Hours in America', 'object_type': 'видеоуен'}","{'object_name': '20 Hours in America', 'object_type': 'creative work'}"
test_254,Мин ясаган плейлистымны уйнат,PlayMusic,PlayMusic,True,0.8877,False,False,False,{'playlist': 'ясаган'},"{'artist': '', 'music_item': 'плеер', 'playlist': 'мин ясаган плейлистым', 'sort': ''}"
test_255,Термонтта 9 кешегә урын броньла,BookRestaurant,BookRestaurant,True,0.9834,False,False,False,"{'location': 'Термонтта', 'party_size_number': '9 кешегә'}",{'party_size_number': '9'}
test_256,Бу көйне Доротиның 80's party плейлистына өстә,AddToPlaylist,add_to_playlist,False,0.9402,False,False,False,"{'music_item': 'көйне', 'reference': 'Доротиның', 'playlist': ""80's party""}","{'playlist': ""Доротиның 80's party плейлист"", 'entity_name': 'minem'}"
test_257,Last FM-да Эдди Винсонның иң яңа көйен кабыз .,PlayMusic,SearchCreativeWork,False,0.9191,False,False,False,"{'service': 'Last FM-да', 'artist': 'Эдди Винсонның', 'sort': 'иң яңа', 'music_item': 'көйен'}","{'object_name': 'Эдди Винсон', 'object_type': 'кабыз', 'datetime': 'ңой көйен'}"
test_258,Небрасканың һава торышын тикшер .,weather/find,weather/find,True,0.955,False,False,False,{'location': 'Небрасканың'},{'location': 'Небраскан'}
test_259,NC-да хәзер буран бармы ?,weather/find,weather/find,True,0.9446,False,False,True,"{'location': 'NC-да', 'datetime': 'хәзер', 'condition_description': 'буран'}",{'location': 'NC-да'}
test_260,Мин 1998 елгы минионны тыңларга телим .,PlayMusic,alarm/set_alarm,False,0.9274,False,False,False,"{'datetime': '1998', 'music_item': 'минионны'}","{'datetime': '1998', 'reminder/todo': 'тыңларга телим', 'reference': 'минем'}"
test_261,Миңа Дипсон театрларында A Yiddish World Remembered өчен вакыт кирәк,SearchScreeningEvent,SearchCreativeWork,False,0.9595,False,False,False,"{'location': 'Дипсон театрларында', 'movie_name': 'A Yiddish World Remembered', 'object_type': 'вакыт'}","{'object_name': 'A Yiddish World Remembered', 'object_type': 'creative work'}"
test_262,Хәзерге дәреслеккә 6-дан 1 балл бир,RateBook,RateBook,True,0.9188,False,False,False,"{'object_select': 'Хәзерге', 'object_type': 'дәреслеккә', 'best_rating': '6-дан', 'rating_value': '1'}","{'object_name': 'дәрес', 'object_type': 'китап', 'best_rating': '1', 'object_part_of_series_type': 'том', 'object_select': 'хәзерге', 'rating_unit': 'балл', 'rating_value': '6'}"
test_263,Мэтт Мерфиның көйен Flow Español плейлистына өстә.,AddToPlaylist,add_to_playlist,False,0.9405,False,False,False,"{'artist': 'Мэтт Мерфиның', 'music_item': 'көйен', 'playlist': 'Flow Español'}","{'playlist': 'Мэтт Мерфиның көйен Flow Español плейлисты', 'artist': 'Мэтт Мерфи'}"
test_264,Мин 3 кешегә 20/05/2025 Техас янындагы судан гастропабын броньларга телим .,BookRestaurant,BookRestaurant,True,0.9149,False,False,True,"{'party_size_number': '3', 'datetime': '20/05/2025', 'location': 'Техас | янындагы', 'cuisine': 'судан', 'restaurant_type': 'гастропабын'}","{'datetime': '20/05/2025', 'location': 'Technological State', 'party_size_number': '3', 'restaurant_name': 'Gastronomy Bar', 'restaurant_type': 'Sushi Restaurant'}"
test_265,Син The Approach телесериал таба алмасыңмы,SearchCreativeWork,SearchCreativeWork,True,0.9728,False,False,False,"{'object_name': 'The Approach', 'object_type': 'телесериал'}","{'object_name': 'The Approach', 'object_type': 'creative work'}"
test_266,Бу хроникага 2 балл бир.,RateBook,none,False,0.0,True,False,True,"{'object_select': 'Бу', 'object_part_of_series_type': 'хроникага', 'rating_value': '2'}",{}
test_267,The American Scene-ка 6-дан 2 йолдыз бир,RateBook,PlayMusic,False,0.9074,False,False,False,"{'object_name': 'The American Scene-ка', 'best_rating': '6-дан', 'rating_value': '2', 'rating_unit': 'йолдыз'}","{'artist': None, 'music_item': 'The American Scene', 'sort': 'track', 'track': '6', 'rating_value': '2', 'rating_unit': 'йолдыз'}"
test_268,Минем Nação Reggae плейлистына emilie autumn өстә.,AddToPlaylist,add_to_playlist,False,0.963,False,False,False,"{'reference': 'Минем', 'playlist': 'Nação Reggae', 'artist': 'emilie autumn'}","{'playlist': 'Nação Reggae', 'entity_name': 'emilie autumn'}"
test_269,Мин Гамбиядәге яһүд ресторанын броньларга телим .,BookRestaurant,BookRestaurant,True,0.9828,False,False,True,"{'location': 'Гамбиядәге', 'cuisine': 'яһүд', 'restaurant_type': 'ресторанын'}","{'datetime': '', 'facility': '', 'location': 'Гамбия', 'party_size_description': '', 'party_size_number': '', 'restaurant_name': '', 'restaurant_type': '', 'served_dish': '', 'sort': ''}"
test_270,Fried chicken restaurant өстәленә заказ бир,BookRestaurant,BookRestaurant,True,0.9238,False,False,True,{'restaurant_name': 'Fried chicken restaurant'},"{'restaurant_name': 'Fried chicken restaurant', 'party_size_number': '1', 'cuisine': 'Fried chicken'}"
test_271,минем House Afterwork плейлистымна we have a theme song өстә,AddToPlaylist,add_to_playlist,False,0.9572,False,False,False,"{'reference': 'минем', 'playlist': 'House Afterwork', 'entity_name': 'we have a theme song'}","{'playlist': 'House Afterwork', 'entity_name': 'we have a theme song', 'artist': 'minem'}"
test_272,2026 елның унтугызынчы октябрендә моннан ерак түгел нинди һава торышы булачак ?,weather/find,weather/find,True,0.9305,False,False,False,"{'datetime': '2026 елның унтугызынчы октябрендә', 'location': 'моннан | ерак түгел'}","{'datetime': '2026-10', 'location': 'моннан ерак'}"
test_273,Уолденда һава торышы Россия 26/12/2018,weather/find,weather/find,True,0.9772,False,False,False,"{'location': 'Уолденда | Россия', 'datetime': '26/12/2018'}","{'datetime': '26/12/2018', 'location': 'Уолден'}"
test_274,Мин каенана һәм миңа бер елдан соң Buckner ресторанны броньларга телим .,BookRestaurant,BookRestaurant,True,0.8814,False,False,True,"{'party_size_description': 'каенана һәм миңа', 'datetime': 'бер елдан соң', 'location': 'Buckner', 'restaurant_type': 'ресторанны'}","{'datetime': '', 'facility': '', 'location': 'бер елдан соң Букнер', 'party_size_description': 'канаанан һәм мина', 'restaurant_name': 'бер елдан соң Букнер', 'restaurant_type': ''}"
test_275,Бу китапка 1 балл бир,RateBook,RateBook,True,0.8693,False,False,False,"{'object_select': 'Бу', 'object_type': 'китапка', 'rating_value': '1'}","{'object_name': 'minem', 'object_type': 'book', 'rating_value': '1', 'rating_unit': 'ball', 'object_select': 'the one you mentioned'}"
test_276,бу башкаручыны минем spotlight on country 2016 плейлистына өстә,AddToPlaylist,add_to_playlist,False,0.9495,False,False,False,"{'music_item': 'башкаручыны', 'reference': 'минем', 'playlist': 'spotlight on country 2016'}","{'artist': 'minem', 'entity_name': 'spotlight on country 2016', 'playlist': ""minem's playlist""}"
test_277,Син Epic Conditions рәсемен таба алмасыңмы ?,SearchCreativeWork,weather/find,False,0.9109,False,False,False,"{'object_name': 'Epic Conditions', 'object_type': 'рәсемен'}",{'condition_description': 'Epic Conditions'}
test_278,Iheart-та rich sex уйна,PlayMusic,PlayMusic,True,0.9605,False,False,True,"{'service': 'Iheart-та', 'track': 'rich sex'}","{'artist': 'Iheart', 'music_item': 'rich sex'}"
test_279,Bartok the Magnificent иртәнге җидедә башланачакмы ?,SearchScreeningEvent,PlayMusic,False,0.9521,False,False,False,"{'movie_name': 'Bartok the Magnificent', 'datetime': 'иртәнге җидедә'}",{'object_name': 'Bartok the Magnificent'}
test_280,Zvooq-да берәр нәрсә уйна,PlayMusic,PlayMusic,True,0.9012,False,False,False,{'service': 'Zvooq-да'},"{'artist': 'Zvooq', 'music_item': 'уна', 'playlist': None, 'service': None, 'sort': None}"
test_281,Миңа Крис Найт музыкасын тыңларга бир,PlayMusic,PlayMusic,True,0.9707,False,False,False,{'artist': 'Крис Найт'},{'artist': 'Крис Найт'}
test_282,Джилл Собул альбомын кабыз,PlayMusic,PlayMusic,True,0.8878,False,False,True,"{'album': 'Джилл Собул', 'music_item': 'альбомын'}","{'artist': 'Джилл Собул', 'album': 'албомын назвасы', 'datetime': 'иртәгә'}"
test_283,The Broken Window дүрт йолдыз бирегез,RateBook,play_music,False,0.9217,False,False,False,"{'object_name': 'The Broken Window', 'rating_value': 'дүрт', 'rating_unit': 'йолдыз'}",{'music_item': 'The Broken Window'}
test_284,Tatra-милли паркында иртәнге 6да һава торышын миңа әйт,weather/find,weather/find,True,0.9445,False,False,False,"{'location': 'Tatra-милли паркында', 'datetime': 'иртәнге 6да'}","{'datetime': '6', 'location': 'Tatra-milli парк', 'condition_temperature': 'миңа', 'condition_description': 'һава торышы'}"
test_285,"Зинһар, миңа бистродагы өстәлне броньла, анда lorna doone хезмәт итәләр .",BookRestaurant,BookRestaurant,True,0.8335,False,False,True,"{'restaurant_type': 'бистродагы', 'served_dish': 'lorna doone'}","{'datetime': 'miña bistrogan', 'restaurant_name': 'lorna doone', 'party_size_number': ' undisclosed', 'cuisine': ' undisclosed'}"
test_286,The Mystery of the Tolling Bell сериалны 4 йолдызга бәялә .,RateBook,RateBook,True,0.9335,False,False,True,"{'object_name': 'The Mystery of the Tolling Bell', 'object_part_of_series_type': 'сериалны', 'rating_value': '4', 'rating_unit': 'йолдызга'}","{'object_name': 'The Mystery of the Tolling Bell', 'object_type': 'creative work', 'best_rating': '4', 'rating_value': 'бәя', 'rating_unit': 'йолыз'}"
test_287,Музыка уйнау өчен Groove Shark куллан,PlayMusic,PlayMusic,True,0.9633,False,False,False,{'service': 'Groove Shark'},"{'artist': 'Groove Shark', 'music_item': 'album'}"
test_288,Якындагы кинотеатрда Snowbound күрсәтү графигын тикшер .,SearchScreeningEvent,SearchScreeningEvent,True,0.9447,False,False,True,"{'location': 'Якындагы', 'object_location_type': 'кинотеатрда', 'movie_name': 'Snowbound'}","{'datetime': '', 'location': ' cinéma', 'movie_name': 'Snowbound'}"
test_289,"Зинһар, Zvooq ач",PlayMusic,alarm/show_alarms,False,0.9498,False,False,False,{'service': 'Zvooq'},"{'datetime': 'Zinhhar', 'reference': 'Zvooq'}"
test_290,1 кешегә урын Меритта Town of Ramsgate броньла,BookRestaurant,BookRestaurant,True,0.9552,False,False,True,"{'party_size_number': '1', 'location': 'Меритта', 'restaurant_name': 'Town of Ramsgate'}","{'datetime': '', 'facility': '', 'location': 'Town of Ramsgate', 'party_size_description': '1 кешеге', 'restaurant_name': 'Merit', 'restaurant_type': ''}"
test_291,I Think I Do кичке 7-дә уйныймы ?,SearchScreeningEvent,alarm/show_alarms,False,0.9456,False,False,False,"{'movie_name': 'I Think I Do', 'datetime': 'кичке 7-дә'}","{'datetime': '7', 'reference': 'I Think I Do'}"
test_292,Custer National Forest кичке җидедә салкынрак булырмы,weather/find,weather/find,True,0.99,False,False,True,"{'location': 'Custer National Forest', 'datetime': 'кичке җидедә', 'condition_temperature': 'салкынрак'}","{'location': 'Custer National Forest', 'condition_temperature': 'салкын'}"
test_293,Мин Youtube-та берәр нәрсә тыңларга телим,PlayMusic,reminder/set_reminder,False,0.9348,False,False,False,{'service': 'Youtube-та'},"{'datetime': 'тыңларга телим', 'reminder/todo': 'Youtube-та берәр нәрсә тыңларга телим', 'reference': ''}"
test_294,Difficult Loves уенын эзлә,SearchCreativeWork,SearchCreativeWork,True,0.9739,False,False,False,"{'object_name': 'Difficult Loves', 'object_type': 'уенын'}","{'object_name': 'Difficult Loves', 'object_type': 'creative work'}"
test_295,Нинди һава торышы 20 февральгә Bothe-Napa Valley дәүләт паркында ?,weather/find,weather/find,True,0.9669,False,False,False,"{'datetime': '20 февральгә', 'location': 'Bothe-Napa Valley дәүләт паркында'}","{'datetime': '20 февральгә', 'location': 'Bothe-Napa Valley'}"
test_296,миңа кинотеатр янындагы The Great Gildersleeve фильмы сессияләре расписаниесен күрсәт,SearchScreeningEvent,SearchScreeningEvent,True,0.9655,False,False,True,"{'object_location_type': 'кинотеатр', 'movie_name': 'The Great Gildersleeve', 'object_type': 'расписаниесен'}","{'datetime': '', 'location': 'кинотеатр', 'movie_name': 'The Great Gildersleeve', 'object_location_type': 'cinema', 'object_type': 'screening event'}"
test_297,Миңа Гибслендта һава торышын әйт,weather/find,weather/find,True,0.9369,False,False,False,{'location': 'Гибслендта'},"{'datetime': 'Гибслендта', 'location': 'Гибслендта'}"
test_298,Мин күршедәге кино графигын белә аламмы,SearchScreeningEvent,SearchCreativeWork,False,0.799,False,False,False,"{'location': 'күршедәге', 'movie_type': 'кино', 'object_type': 'графигын'}","{'datetime': '', 'location': '', 'movie_name': 'күршеде көрүнүш кинопроект', 'movie_type': 'график'}"
test_299,Soul Music-ка 0 балл бир .,RateBook,RateBook,True,0.9381,False,False,False,"{'object_name': 'Soul Music-ка', 'rating_value': '0'}","{'object_name': 'Soul Music', 'best_rating': '0', 'rating_value': 'балл', 'rating_unit': 'бала'}"
test_300,Сарджентстада татар тавернасында биш кешегә өстәл заказ итегез,BookRestaurant,add_to_playlist,False,0.9327,False,False,True,"{'location': 'Сарджентстада', 'cuisine': 'татар', 'restaurant_type': 'тавернасында', 'party_size_number': 'биш'}","{'restaurant_name': 'Татар таверна', 'party_size_number': 'bish кешеге'}"
test_301,All Things Must Pass кабыз,PlayMusic,RateBook,False,0.9711,False,False,True,{'track': 'All Things Must Pass'},{'object_name': 'All Things Must Pass'}
test_302,Кореяда бер сәгатьтән соң нинди яңгыр фаразы булачак,weather/find,weather/find,True,0.9626,False,False,True,"{'location': 'Кореяда', 'datetime': 'бер сәгатьтән соң', 'condition_description': 'яңгыр'}","{'datetime': 'бер сәгатьтән соң', 'location': 'Кореяда'}"
test_303,Оклахомада South Street Diner-да 4 кешелек урын броньла,BookRestaurant,BookRestaurant,True,0.9573,False,False,True,"{'location': 'Оклахомада', 'restaurant_name': 'South Street Diner-да', 'party_size_number': '4'}","{'datetime': '', 'facility': '', 'location': 'Оклахомада South Street Diner', 'party_size_description': '4 кешелек', 'restaurant_name': 'South Street Diner', 'restaurant_type': ''}"
test_304,Netflix-тан музыканы уйнат .,PlayMusic,PlayMusic,True,0.8898,False,False,False,{'service': 'Netflix-тан'},"{'artist': 'Netflix', 'music_item': 'музыка из Netflix', 'playlist': None, 'sort': None}"
test_305,Мин Shattered Image-не күрергә телим .,SearchScreeningEvent,PlayMusic,False,0.9137,False,False,False,{'movie_name': 'Shattered Image-не'},"{'artist': 'Shattered', 'music_item': 'Image'}"
test_306,The Sound of One Hand Clapping-ны таб,SearchCreativeWork,SearchCreativeWork,True,0.9757,False,False,False,{'object_name': 'The Sound of One Hand Clapping-ны'},"{'object_name': 'The Sound of One Hand Clapping', 'object_type': 'creative work'}"
test_307,Wolves Within альбомын эзлә,SearchCreativeWork,PlayMusic,False,0.9308,False,False,False,"{'object_name': 'Wolves Within', 'object_type': 'альбомын'}","{'album': 'Wolves Within', 'music_item': 'альбом', 'playlist': None, 'service': None, 'sort': None}"
test_308,берәр кинотеатрда We Are Northern Lights күрсәтеләрмә,SearchScreeningEvent,SearchScreeningEvent,True,0.9766,False,False,True,"{'object_location_type': 'кинотеатрда', 'movie_name': 'We Are Northern Lights'}","{'datetime': '', 'location': 'берәр кинотеатрда', 'movie_name': 'We Are Northern Lights'}"
test_309,"Безнең кечкенә дөнья почмагы, Гилмор кыз музыкасы минем Иң көлкесе әйберләр футболда плейлистыма өстә.",AddToPlaylist,add_to_playlist,False,0.901,False,False,False,"{'entity_name': 'Безнең кечкенә дөнья почмагы , Гилмор кыз музыкасы', 'reference': 'минем', 'playlist': 'Иң көлкесе әйберләр футболда'}","{'artist': 'Безнең', 'entity_name': 'дөнья почмагы', 'playlist': 'плейлист минем'}"
test_310,Саутфорд Фолс дәүләт паркында эссе һава торышы фаразы нинди,weather/find,weather/find,True,0.9613,False,False,True,"{'location': 'Саутфорд Фолс дәүләт паркында', 'condition_temperature': 'эссе'}","{'location': 'Саутфорд Фолс дәүләт паркы', 'condition_description': 'эссе һава торышы'}"
test_311,"Зинһар, миӊа Гана парковкасы белән пиццерия өстәленә заказ бир .",BookRestaurant,add_to_playlist,False,0.9371,False,False,True,"{'location': 'Гана', 'facility': 'парковкасы', 'restaurant_type': 'пиццерия'}","{'artist': 'Гана', 'entity_name': 'парковка Гана', 'music_item': 'пиццерия', 'playlist': 'заказ'}"
test_312,Мин җитмешенче еллар саундтрегын тыңларга телим .,PlayMusic,alarm/show_alarms,False,0.9512,False,False,False,"{'datetime': 'җитмешенче', 'music_item': 'саундтрегын'}","{'datetime': 'иртәгә', 'reference': 'минем'}"
test_313,Ике сәгатьтән соң Үзбәкстанда һава торышы,weather/find,weather/find,True,0.9445,False,False,False,"{'datetime': 'Ике сәгатьтән соң', 'location': 'Үзбәкстанда'}","{'datetime': 'сәгатьтән соң', 'location': 'Үзбекстан'}"
test_314,"Зинһар, миңа Journal of the British Astronomical Association фильмын таб .",SearchCreativeWork,SearchCreativeWork,True,0.979,False,False,False,"{'object_name': 'Journal of the British Astronomical Association', 'object_type': 'фильмын'}","{'object_name': 'Journal of the British Astronomical Association', 'object_type': 'фильм'}"
test_315,"Уордвилл-да, Канзас-та 8 кешелек урын броньла",BookRestaurant,BookRestaurant,True,0.945,False,False,False,"{'location': 'Уордвилл-да | Канзас-та', 'party_size_number': '8'}","{'datetime': '', 'location': 'Уордвилл, Канзас', 'party_size_number': '8', 'party_size_description': 'кешелек'}"
test_316,Нинди һава торышы моннан ерак булачак ?,weather/find,weather/find,True,0.9298,False,False,False,{'location': 'моннан | ерак'},{'condition_description': 'моннан ерак булачак'}
test_317,Ричард Макнамараның яңа җырын Just Smile плейлистыма өстә,AddToPlaylist,AddToPlaylist,True,0.9082,False,False,False,"{'artist': 'Ричард Макнамараның', 'music_item': 'җырын', 'playlist': 'Just Smile'}","{'artist': 'Ричард Макнамара', 'entity_name': 'Just Smile', 'playlist': 'плейлист Макнамараның җырын'}"
test_318,монда 1 секундтан соң никадәр салкын булыр,weather/find,weather/find,True,0.9563,False,False,True,"{'location': 'монда', 'datetime': '1 секундтан соң', 'condition_temperature': 'салкын'}","{'datetime': 'монда 1 секундтан соң', 'location': 'никадәр', 'condition_temperature': 'салкын'}"
test_319,With You исемле рәсем эзлә,SearchCreativeWork,SearchCreativeWork,True,0.956,False,False,False,"{'object_name': 'With You', 'object_type': 'рәсем'}","{'object_name': 'With You', 'object_type': 'creative work'}"
test_320,Deadly Weapons иҗади эшен таб,SearchCreativeWork,SearchCreativeWork,True,0.9566,False,False,False,{'object_name': 'Deadly Weapons'},"{'object_name': 'Deadly Weapons', 'object_type': 'creative work'}"
test_321,Ноябрьдә Брукнилда һава торышы нинди булыр ?,weather/find,weather/find,True,0.9602,False,False,False,"{'datetime': 'Ноябрьдә', 'location': 'Брукнилда'}","{'datetime': 'Ноябрьдә', 'location': 'Бруклина'}"
test_322,Токмач өчен тавернада өстәл броньла,BookRestaurant,BookRestaurant,True,0.9687,False,False,True,"{'served_dish': 'Токмач', 'restaurant_type': 'тавернада'}","{'datetime': '', 'facility': '', 'location': '', 'party_size_description': '', 'party_size_number': '', 'restaurant_name': '', 'restaurant_type': '', 'served_dish': '', 'sort': ''}"
test_323,Коста-Рикада нинди һава торышы,weather/find,weather/find,True,0.7778,False,False,False,{'location': 'Коста - Рикада'},"{'location': 'Коста-Рика', 'datetime': 'текшерилгениңиз кабыл алуу чыghанай'}"
test_324,The Two Gladiators уйнымы,SearchScreeningEvent,SearchCreativeWork,False,0.9801,False,False,False,{'movie_name': 'The Two Gladiators'},"{'object_name': 'The Two Gladiators', 'object_type': 'creative work'}"
test_325,Star Theatres-да нинди фильмнар бар .,SearchScreeningEvent,SearchCreativeWork,False,0.9107,False,False,False,"{'location': 'Star Theatres-да', 'movie_type': 'фильмнар'}","{'object_name': 'Star Theatres', 'object_type': 'theater'}"
test_326,Зинһар миңа Harry Hood сагасын таба аласызмы ?,SearchCreativeWork,SearchCreativeWork,True,0.9566,False,False,False,"{'object_name': 'Harry Hood', 'object_type': 'сагасын'}","{'object_name': 'Harry Hood', 'object_type': 'creative work'}"
test_327,бу көйне минем Sleepify плейлистыма өстә,AddToPlaylist,add_to_playlist,False,0.9355,False,False,False,"{'music_item': 'көйне', 'reference': 'минем', 'playlist': 'Sleepify'}","{'playlist': 'Sleepify', 'entity_name': 'плейлист', 'artist': 'minem', 'music_item': 'җинаять хезмәте'}"
test_328,Any Which Way You Can 15 секундтан соң уйнаячакмы,SearchScreeningEvent,PlayMusic,False,0.8876,False,False,False,"{'movie_name': 'Any Which Way You Can', 'datetime': '15 секундтан соң'}","{'music_item': 'Any Which Way You Can', 'sort': 'datetime', 'track': 'Any Which Way You Can (15 seconds)', 'datetime': '15 секундтан'}"
test_329,E-type музыкасын кабыз .,PlayMusic,PlayMusic,True,0.8868,False,False,False,{'artist': 'E-type'},"{'artist': 'E-type', 'music_item': 'Kabız', 'sort': None}"
test_330,Хәзерге китапка бер йолдыз куй,RateBook,add_to_playlist,False,0.7138,False,False,False,"{'object_select': 'Хәзерге', 'object_type': 'китапка', 'rating_value': 'бер'}","{'artist': 'хәзерге', 'entity_name': 'китапка', 'music_item': 'бер йолдыз куу'}"
test_331,Louis Nelson Delisle-ның Another Passenger уйнат .,PlayMusic,SearchCreativeWork,False,0.9775,False,False,True,"{'artist': 'Louis Nelson Delisle-ның', 'album': 'Another Passenger'}","{'object_name': 'Another Passenger', 'object_type': 'фильм'}"
test_332,Кайда мин кино графигын таба алам,SearchScreeningEvent,none,False,0.0,True,False,False,{'object_type': 'кино графигын'},{}
test_333,Эмерадода Сен-Пьер һәм Микелонда 26 сентябрьгә нинди һава торышы,weather/find,weather/find,True,0.9678,False,False,False,"{'location': 'Эмерадода | Сен - Пьер һәм Микелонда', 'datetime': '26 сентябрьгә'}","{'datetime': '26 сентября', 'location': 'Сен-Пьер һәм Микелон'}"
test_334,Ted Peters Famous Smoked Fish-та Окфилд янында 17 секундтансын ашарга барык,BookRestaurant,BookRestaurant,True,0.9315,False,False,True,"{'restaurant_name': 'Ted Peters Famous Smoked Fish-та', 'location': 'Окфилд | янында', 'datetime': '17 секундтансын'}","{'cuisine': 'Famous Smoked Fish', 'datetime': '17 seconds from Okfild', 'location': 'Okfild', 'party_size_number': None}"
test_335,миңа Good Morning Sunshine трейлерын таб,SearchCreativeWork,SearchCreativeWork,True,0.9699,False,False,False,"{'object_name': 'Good Morning Sunshine', 'object_type': 'трейлерын'}","{'object_name': 'Good Morning Sunshine', 'object_type': 'trailer'}"
test_336,Мин Нидерланд Антиль утрауларында 3 кешегә сыра ресторанны броньларга телим .,BookRestaurant,BookRestaurant,True,0.9086,False,False,False,"{'location': 'Нидерланд Антиль утрауларында', 'party_size_number': '3', 'restaurant_type': 'сыра ресторанны'}","{'party_size_number': '3', 'location': 'Нидерланд Антиль утраулары', 'party_size_description': 'сыра', 'restaurant_name': 'ресторан', 'restaurant_type': 'ресторан'}"
test_337,бу хәзерге альбомга 0 йолдыз куй,RateBook,PlayMusic,False,0.8405,False,False,False,"{'object_select': 'бу хәзерге', 'object_type': 'альбомга', 'rating_value': '0', 'rating_unit': 'йолдыз'}","{'artist': 'minem', 'album': '0 йолдыз куй', 'datetime': 'irteg', 'music_item': 'music item'}"
test_338,Монакода Yankee Doodle Coffee Ѕһор-та урын алырга теләр идем,BookRestaurant,BookRestaurant,True,0.9342,False,False,True,"{'location': 'Монакода', 'restaurant_name': 'Yankee Doodle Coffee Ѕһор-та'}","{'datetime': '', 'facility': '', 'location': 'Щорр', 'party_size_description': 'Монакода Yankee Doodle Coffee', 'restaurant_name': 'Yankee Doodle Coffee', 'restaurant_type': ''}"
test_339,Political punks плейлистыма башкаручыны өстә.,AddToPlaylist,AddToPlaylist,True,0.9476,False,False,False,"{'playlist': 'Political punks', 'music_item': 'башкаручыны'}","{'artist': 'Political punks', 'playlist': 'Political punks плейлистыма', 'entity_name': 'Political punks'}"
test_340,Дүрт айдан соң Саванида AK-ында салкынрак булырмы,weather/find,weather/find,True,0.9444,False,False,True,"{'datetime': 'Дүрт айдан соң', 'location': 'Саванида | AK-ында', 'condition_temperature': 'салкынрак'}","{'datetime': 'Дүрт айдан соң', 'location': 'Саванида', 'condition_temperature': 'салкын'}"
test_341,минем Crash Course плейлистыма Muzika za decu өстә,AddToPlaylist,add_to_playlist,False,0.9488,False,False,False,"{'reference': 'минем', 'playlist': 'Crash Course', 'entity_name': 'Muzika za decu'}","{'playlist': 'Crash Course', 'artist': 'Muzika za decu'}"
test_342,Molecular Oncology сагасын эзли аласынмы ?,SearchCreativeWork,SearchCreativeWork,True,0.9552,False,False,False,"{'object_name': 'Molecular Oncology', 'object_type': 'сагасын'}","{'object_name': 'Molecular Oncology', 'object_type': 'creative work'}"
test_343,Мин алты кешелек ресторанны Вагстаффта AK-да броньларга телим .,BookRestaurant,BookRestaurant,True,0.9075,False,False,False,"{'party_size_number': 'алты', 'restaurant_type': 'ресторанны', 'location': 'Вагстаффта | AK-да'}","{'datetime': '', 'facility': '', 'location': 'Вагстафф, AK', 'party_size_description': 'кешелек', 'restaurant_name': 'RESTAURANT_NAME', 'restaurant_type': 'ресторан', 'party_size_number': 'кешелек саны'}"
test_344,Дэвид Линдлиның симфоник музыкасын уйнат .,PlayMusic,PlayMusic,True,0.971,False,False,False,"{'artist': 'Дэвид Линдлиның', 'music_item': 'симфоник'}","{'artist': 'Дэвид Линдли', 'music_item': 'симфоник музыка'}"
test_345,"Зинһар, миңа Now We Are Married телесериалын таб .",SearchCreativeWork,SearchCreativeWork,True,0.9743,False,False,False,"{'object_name': 'Now We Are Married', 'object_type': 'телесериалын'}","{'object_name': 'Now We Are Married', 'object_type': 'creative work'}"
test_346,Мин Outcast-ны карарга телим .,SearchScreeningEvent,reminder/set_reminder,False,0.9171,False,False,False,{'movie_name': 'Outcast-ны'},"{'datetime': 'карарга телим', 'reminder/todo': 'Min Outcast-ны карарга телим', 'reference': ''}"
test_347,минем This Is Tchaikovsky плейлистыма хәзерге трекны өстә,AddToPlaylist,add_to_playlist,False,0.9482,False,False,False,"{'reference': 'минем', 'playlist': 'This Is Tchaikovsky', 'music_item': 'трекны'}","{'playlist': 'This Is Tchaikovsky', 'music_item': 'хәзерге трек', 'entity_name': 'minem'}"
test_348,Lastfm-да This Is: Miles Davis-ны кабыз .,PlayMusic,PlayMusic,True,0.9339,False,False,False,"{'service': 'Lastfm-да', 'playlist': 'This Is: Miles Davis-ны'}","{'artist': 'This Is', 'music_item': 'Miles Davis'}"
test_349,Танзаниядә кабымханәдә 5 кешегә иң яхшы өстәлне броньла,BookRestaurant,BookRestaurant,True,0.8796,False,False,False,"{'location': 'Танзаниядә', 'restaurant_type': 'кабымханәдә', 'party_size_number': '5', 'sort': 'иң яхшы'}","{'party_size_number': '5', 'party_size_description': 'яхшы', 'location': 'Танзаниядагы кабымханәдә', 'party_size_type': 'party_size_number'}"
test_350,Әйдә Vimeo-да яхшы элекке Mohammad Mamle тыңлыйк .,PlayMusic,SearchCreativeWork,False,0.9424,False,False,False,"{'service': 'Vimeo-да', 'sort': 'элекке', 'artist': 'Mohammad Mamle'}","{'object_name': 'Mohammad Mamle тыңлыйк', 'object_type': 'creative work'}"
test_351,Vandemataram Srinivas трегын HipHop Hot 50-гә куй.,AddToPlaylist,PlayMusic,False,0.9855,False,False,False,"{'artist': 'Vandemataram Srinivas', 'music_item': 'трегын', 'playlist': 'HipHop Hot 50-гә'}","{'artist': 'Vandemataram Srinivas', 'music_item': 'HipHop Hot 50'}"
test_352,Миңа Secret South җырын таб .,SearchCreativeWork,BookRestaurant,False,0.8678,False,False,False,"{'object_name': 'Secret South', 'object_type': 'җырын'}","{'restaurant_name': 'Secret South', 'datetime': 'miñan', 'party_size_number': 'miñan'}"
test_353,Zvooq-та туксанынчы еллар җырлары,PlayMusic,PlayMusic,True,0.9472,False,False,False,"{'service': 'Zvooq-та', 'datetime': 'туксанынчы'}",{'music_item': 'Zvooq-та туксанынчы еллар җырлары'}
test_354,кичке биштән башлап Техаста Admire-да һава торышы нинди,weather/find,weather/find,True,0.8774,False,False,False,"{'datetime': 'кичке биштән', 'location': 'Техаста | Admire-да'}","{'condition_temperature': 'кичке биш', 'location': 'Technast', 'datetime': 'башлап', 'condition_description': 'Admire-da һава торышы'}"
test_355,Last FM-да берәр нәрсә уйнат,PlayMusic,PlayMusic,True,0.9009,False,False,False,{'service': 'Last FM-да'},"{'artist': 'None', 'music_item': 'Last FM', 'datetime': 'None', 'album': 'None', 'genre': 'None', 'track': 'None', 'playlist': 'None', 'service': 'Last FM', 'sort': 'None'}"
test_356,Мин якындагы кинотеатрда The Portrait of a Lady карарга телим .,SearchScreeningEvent,SearchScreeningEvent,True,0.9558,False,False,True,"{'location': 'якындагы', 'object_location_type': 'кинотеатрда', 'movie_name': 'The Portrait of a Lady'}","{'datetime': '', 'location': 'кинотеатр', 'movie_name': 'The Portrait of a Lady', 'object_location_type': 'cinema', 'object_type': 'screening event'}"
test_357,"Зинһар, миңа Phineas Redux таб .",SearchCreativeWork,PlayMusic,False,0.9166,False,False,False,{'object_name': 'Phineas Redux'},"{'artist': 'Phineas Redux', 'music_item': 'album'}"
test_358,Laundry плейлистына 40 cal көйен өстә.,AddToPlaylist,add_to_playlist,False,0.8643,False,False,False,"{'playlist': 'Laundry', 'artist': '40 cal', 'music_item': 'көйен'}","{'artist': 'Laundry', 'entity_name': '40 Cal', 'music_item': 'song or track from 40 Cal', 'playlist': 'Playslist_name'}"
test_359,Itunes-ны ач һәм Ben Burnley Ready To Die-ны уйнат,PlayMusic,PlayMusic,True,0.933,False,False,True,"{'service': 'Itunes-ны', 'artist': 'Ben Burnley', 'album': 'Ready To Die-ны'}","{'artist': 'Ben Burnley', 'music_item': 'Ready To Die', 'playlist': '', 'service': '', 'sort': ''}"
test_360,5-енче декабрьдә Лихул һәйкәле янында нинди һава торышы булачак ?,weather/find,weather/find,True,0.9495,False,False,False,"{'datetime': '5-енче декабрьдә', 'location': 'Лихул һәйкәле'}","{'datetime': '5-енче декабрь', 'location': 'Лихул'}"
test_361,Якындагы кинотеатрда Sexy Dance 2 расписаниесен күрсәт,SearchScreeningEvent,SearchScreeningEvent,True,0.9459,False,False,True,"{'location': 'Якындагы', 'object_location_type': 'кинотеатрда', 'movie_name': 'Sexy Dance 2', 'object_type': 'расписаниесен'}","{'datetime': '', 'location': ' cinéma', 'movie_name': 'Sexy Dance 2'}"
test_362,Live at the Kings Center дип аталган җырны таб,SearchCreativeWork,PlayMusic,False,0.9659,False,False,False,"{'object_name': 'Live at the Kings Center', 'object_type': 'җырны'}","{'datetime': 'Live at the Kings Center', 'music_item': 'Live at the Kings Center'}"
test_363,"Тайонкта , Нью-Джерсида нинди һава торышы",weather/find,weather/find,True,0.8614,False,False,False,{'location': 'Тайонкта | Нью - Джерсида'},"{'location': 'Нью-Джерсида', 'datetime': 'текшергенин дата/вакыты'}"
test_364,Мин биш кешелек өстәл Tupelo Honey Cafe-да Нью-Джерсида броньларга телим.,BookRestaurant,BookRestaurant,True,0.9378,False,False,True,"{'party_size_number': 'биш', 'restaurant_name': 'Tupelo Honey Cafe-да', 'location': 'Нью - Джерсида'}","{'datetime': '', 'facility': '', 'location': 'Нью-Джерси', 'party_size_description': 'bish кешелек', 'restaurant_name': 'Tupelo Honey Cafe', 'restaurant_type': 'ресторан', 'party_size_number': ''}"
test_365,чәй йорта миӊа һәм минем cеңелләремә урын броньла,BookRestaurant,BookRestaurant,True,0.8623,False,False,True,"{'restaurant_type': 'чәй йорта', 'party_size_description': 'миӊа һәм минем cеңелләремә'}","{'datetime': '', 'location': '', 'party_size_description': 'миңа һәм минем', 'restaurant_name': '', 'restaurant_type': ''}"
test_366,16 февральдә Нидерландта эссе булачакмы ?,weather/find,weather/find,True,0.9811,False,False,True,"{'datetime': '16 февральдә', 'location': 'Нидерландта', 'condition_temperature': 'эссе'}","{'datetime': '16 февральдә', 'location': 'Нидерландта'}"
test_367,Мин jordan rudess-ны Divertido para niños плейлистына өстәргә телим.,AddToPlaylist,AddToPlaylist,True,0.9358,False,False,False,"{'artist': 'jordan rudess-ны', 'playlist': 'Divertido para niños'}","{'artist': 'Jordan Rudess', 'entity_name': 'Divertido para niños', 'playlist': 'min_playlist'}"
test_368,In the Company of Cheerful Ladies-ка 6-дан нуль куй,RateBook,add_to_playlist,False,0.9175,False,False,False,"{'object_name': 'In the Company of Cheerful Ladies-ка', 'best_rating': '6-дан', 'rating_value': 'нуль'}","{'artist': 'In the Company of Cheerful Ladies', 'entity_name': '6', 'playlist': 'minem', 'reference': 'null'}"
test_369,Миңа иң яхшы бистрода өстәл броньла,BookRestaurant,BookRestaurant,True,0.8988,False,False,False,"{'sort': 'иң яхшы', 'restaurant_type': 'бистрода'}","{'datetime': '', 'location': '', 'party_size_number': 'иртәгә җинаять', 'restaurant_name': '', 'restaurant_type': '', 'party_size_description': 'миңа иң яхшы бистрода өстәл броньла', 'cuisine': ''}"
test_370,Хәзерге дәреслеккә 6-дан 1 куй,RateBook,alarm/set_alarm,False,0.9387,False,False,False,"{'object_select': 'Хәзерге', 'object_type': 'дәреслеккә', 'best_rating': '6-дан', 'rating_value': '1'}","{'datetime': '6', 'recurring_datetime': 'None', 'reminder/todo': 'дәреслеккә 6-дан 1 куй', 'reference': 'хәзерге'}"
test_371,кино вакытлары кайчан,SearchScreeningEvent,SearchScreeningEvent,True,0.9592,False,False,False,{'object_type': 'кино вакытлары'},"{'datetime': 'кино вакытлары кайчан', 'location': ''}"
test_372,Огайода нинди hава торышы булачак ?,weather/find,weather/find,True,0.9156,False,False,False,{'location': 'Огайода'},"{'condition_temperature': 'салкын', 'location': 'огайода'}"
test_373,Бу артистны Showstopper Being Mary Jane плейлистына өстә,AddToPlaylist,AddToPlaylist,True,0.924,False,False,False,"{'music_item': 'артистны', 'playlist': 'Showstopper Being Mary Jane'}","{'playlist': 'Showstopper Being Mary Jane', 'entity_name': 'Артист', 'artist': ''}"
test_374,Балаларыма һәм миңа броньла,BookRestaurant,BookRestaurant,True,0.9559,False,False,True,{'party_size_description': 'Балаларыма һәм миңа'},"{'datetime': '', 'facility': '', 'location': '', 'party_size_description': 'балаларыма һәм миңа', 'party_size_number': '', 'restaurant_name': '', 'restaurant_type': '', 'served_dish': ''}"
test_375,2035 елның 21 августында Сарыкамыш тыюлыгыда нинди һава торышы булачак ?,weather/find,weather/find,True,0.9783,False,False,False,"{'datetime': '2035 елның 21 августында', 'location': 'Сарыкамыш тыюлыгыда'}","{'datetime': '2035-08-21', 'location': 'Сарыкамыш'}"
test_376,Руфь китапка 6-дан биш балл бир .,RateBook,RateBook,True,0.9406,False,False,False,"{'object_name': 'Руфь китапка', 'best_rating': '6-дан', 'rating_value': 'биш', 'rating_unit': 'балл'}","{'object_name': 'Руфь', 'object_type': 'китап', 'best_rating': '6', 'rating_value': 'балл', 'rating_unit': 'бала'}"
test_377,Reminiscences of the Anti-Japanese Guerillas хроникасы 6-дан ноль балл рейтинг лаек.,RateBook,RateBook,True,0.9322,False,False,True,"{'object_name': 'Reminiscences of the Anti-Japanese Guerillas', 'object_part_of_series_type': 'хроникасы', 'best_rating': '6-дан', 'rating_value': 'ноль', 'rating_unit': 'балл'}","{'object_name': 'Reminiscences of the Anti-Japanese Guerillas', 'best_rating': '0', 'object_type': 'creative work', 'rating_unit': 'balloons', 'rating_value': 'chronicle'}"
test_378,Миңа Көньяк Театрларындагы кино графикларын күрсәт,SearchScreeningEvent,SearchScreeningEvent,True,0.9612,False,False,False,"{'location': 'Көньяк Театрларындагы', 'object_type': 'кино графикларын'}","{'datetime': '', 'location': 'Миңа Көньяк Театрлары', 'movie_name': ''}"
test_379,Якындагы кинотеатрда кино графикларын таб,SearchScreeningEvent,SearchScreeningEvent,True,0.8853,False,False,False,"{'location': 'Якындагы кинотеатрда', 'object_type': 'кино графикларын'}","{'location': ' cinéma', 'datetime': 'иртәгә'}"
test_380,Бу альбом Испан ритмнар плейлистына өстә,AddToPlaylist,add_to_playlist,False,0.9635,False,False,False,"{'music_item': 'альбом', 'playlist': 'Испан ритмнар'}","{'playlist': 'Испан ритмнар плейлисты', 'music_item': 'альбом'}"
test_381,6 кешегә креол тавернасында Черногориядә броньла,BookRestaurant,BookRestaurant,True,0.9425,False,False,True,"{'party_size_number': '6', 'cuisine': 'креол', 'restaurant_type': 'тавернасында', 'location': 'Черногориядә'}","{'party_size_number': '6', 'location': 'Черногория', 'restaurant_name': 'kreol таверна', 'party_size_description': '6 человек'}"
test_382,Cathedral сериясенә дүрт йолдыз бир .,RateBook,RateBook,True,0.8979,False,False,True,"{'object_name': 'Cathedral', 'object_part_of_series_type': 'сериясенә', 'rating_value': 'дүрт', 'rating_unit': 'йолдыз'}","{'object_name': 'Cathedral', 'object_type': 'creative work series', 'best_rating': '4', 'object_select': 'one of the series', 'object_part_of_series_type': 'book in the series', 'reference': 'minem'}"
test_383,The Famous Flower of Serving-Men минем кичке акустика плейлистымна өстә.,AddToPlaylist,add_to_playlist,False,0.8714,False,False,False,"{'entity_name': 'The Famous Flower of Serving-Men', 'reference': 'минем', 'playlist': 'кичке акустика'}","{'artist': 'The Famous Flower of Serving-Men', 'entity_name': 'minem_kichkek_aqsiya_playslisty', 'playlist': 'The Famous Flower of Serving-Men'}"
test_384,Миңа ArcLight Hollywood кинотеатырында анимацион фильмнарга гына расписаниесене күрсәт,SearchScreeningEvent,SearchScreeningEvent,True,0.916,False,False,False,"{'location': 'ArcLight Hollywood кинотеатырында', 'movie_type': 'анимацион фильмнарга', 'object_type': 'расписаниесене'}","{'datetime': '', 'location': 'ArcLight Hollywood', 'movie_name': '', 'movie_type': 'animation', 'object_location_type': 'cinema', 'object_type': 'screening event'}"
test_385,"Зинһар, Йолдызлы төн рәсемне таб .",SearchCreativeWork,PlayMusic,False,0.9348,False,False,False,"{'object_name': 'Йолдызлы төн', 'object_type': 'рәсемне'}","{'album': '', 'artist': '', 'datetime': '', 'genre': '', 'music_item': 'рәсем', 'playlist': '', 'service': '', 'sort': ''}"
test_386,Бу урында 15:19:29 дымлылык нинди булачак ?,weather/find,none,False,0.0,True,False,True,"{'location': 'Бу урында', 'datetime': '15:19:29', 'condition_description': 'дымлылык'}",{}
test_387,мин JLA Adventures: Trapped In Time-ны карарга телим,SearchScreeningEvent,SearchCreativeWork,False,0.9837,False,False,False,{'movie_name': 'JLA Adventures: Trapped In Time-ны'},"{'object_name': 'JLA Adventures: Trapped In Time', 'object_type': 'creative work'}"
test_388,This Is Johnny Cash-ка дерек уоткинсныӊ көйен өстә,AddToPlaylist,add_to_playlist,False,0.929,False,False,False,"{'playlist': 'This Is Johnny Cash-ка', 'artist': 'дерек уоткинсныӊ', 'music_item': 'көйен'}","{'artist': 'Johnny Cash', 'entity_name': 'This Is'}"
test_389,Fire in the Hole дип аталган иҗади эш таб,SearchCreativeWork,PlayMusic,False,0.9055,False,False,False,{'object_name': 'Fire in the Hole'},"{'music_item': 'Fire in the Hole', 'playlist': 'None', 'artist': 'None', 'album': 'None', 'service': 'None', 'sort': 'None'}"
test_390,пэтныӊ колледж янында өстәлне броньла,BookRestaurant,BookRestaurant,True,0.9599,False,False,False,{'location': 'пэтныӊ колледж | янында'},"{'datetime': '', 'facility': '', 'location': 'пэтныӊ колледж янында', 'party_size_description': '', 'restaurant_name': '', 'restaurant_type': '', 'served_dish': '', 'sort': ''}"
test_391,Patrick Still Lives AMC кинотеатрларында барамы,SearchScreeningEvent,SearchScreeningEvent,True,0.9591,False,False,False,"{'movie_name': 'Patrick Still Lives', 'location': 'AMC кинотеатрларында'}","{'datetime': '', 'location': 'AMC кинотеатрлары', 'movie_name': 'Patrick Still Lives'}"
test_392,Мин спа массажын броньларга телим .,BookRestaurant,BookRestaurant,True,0.9278,False,False,True,"{'facility': 'спа', 'restaurant_type': 'массажын'}","{'datetime': '', 'facility': '', 'location': '', 'party_size_description': 'мин спа массажын броньларга телим', 'restaurant_name': '', 'restaurant_type': ''}"
test_393,14 сәгатьтән соң берәр җирдә Кварривиллда өстәл кирәк,BookRestaurant,add_to_playlist,False,0.9452,False,False,False,"{'datetime': '14 сәгатьтән соң', 'location': 'Кварривиллда'}","{'artist': 'Кварривилл', 'entity_name': '14 сәгатьтән соң берәр җир', 'playlist': 'берәр җир'}"
test_394,Гари Ли Коннерны уйнат,PlayMusic,PlayMusic,True,0.7828,False,False,False,{'artist': 'Гари Ли Коннерны'},"{'artist': 'Гари Ли Коннер', 'music_item': 'устана аудио файлы/устана репозиторий'}"
test_395,иң якын кинотеатрны кайда Boycott-ны күрсәтәләр күрсәт,SearchScreeningEvent,SearchScreeningEvent,True,0.8872,False,False,True,"{'location': 'иң якын', 'object_location_type': 'кинотеатрны', 'movie_name': 'Boycott-ны'}","{'datetime': 'иртәгә', 'location': 'кинотеатр', 'object_location_type': 'cinema', 'object_type': 'cinema venue'}"
test_396,"Зинһар, минем ecstatic плейлистны кабыз.",PlayMusic,add_to_playlist,False,0.8671,False,False,False,{'playlist': 'ecstatic'},"{'playlist': 'экстази', 'entity_name': 'минем'}"
test_397,"Зинһар, The Mad Magician җырын таб .",SearchCreativeWork,SearchCreativeWork,True,0.977,False,False,False,"{'object_name': 'The Mad Magician', 'object_type': 'җырын'}","{'object_name': 'The Mad Magician', 'object_type': 'creative work'}"
test_398,Bow Tie Cinemas-ның расписаниесен тикшер .,SearchScreeningEvent,SearchScreeningEvent,True,0.9276,False,False,False,"{'location': 'Bow Tie Cinemas-ның', 'object_type': 'расписаниесен'}","{'movie_name': 'Bow Tie Cinemas', 'datetime': '', 'location': '', 'object_location_type': 'Bow Tie Cinemas', 'object_type': 'cinema screening event'}"
test_399,Миңа Төньяк Мариан утрауларындагы пабта кичәгә 3 кешелек өстәл броньла,BookRestaurant,BookRestaurant,True,0.9519,False,False,False,"{'location': 'Төньяк Мариан утрауларындагы', 'restaurant_type': 'пабта', 'party_size_number': '3'}","{'party_size_number': '3', 'location': 'Төньяк Мариан утраулары', 'party_size_description': '3 кешелек', 'restaurant_name': 'паб'}"
test_400,Миңа Infinite Indie Folk исемлеккә Rahim Shah-ның әсәрләрен өстәргә кирәк,AddToPlaylist,AddToPlaylist,True,0.9407,False,False,False,"{'playlist': 'Infinite Indie Folk', 'artist': 'Rahim Shah-ның'}","{'artist': 'Rahim Shah', 'entity_name': 'Infinite Indie Folk', 'playlist': 'minem'}"
test_401,Минем Te quiero плейлистыма Кече Джерри Каллистны өстә.,AddToPlaylist,add_to_playlist,False,0.9526,False,False,False,"{'reference': 'Минем', 'playlist': 'Te quiero', 'artist': 'Кече Джерри Каллистны'}","{'artist': 'Кече Джерри Каллист', 'entity_name': 'Te quiero', 'playlist': 'Te quiero'}"
test_402,Юта янында төнге 3 сәгать тирәсендә никадәр салкынрак булачак ?,weather/find,alarm/set_alarm,False,0.8862,False,False,True,"{'location': 'Юта | янында', 'datetime': 'төнге 3 сәгать', 'condition_temperature': 'салкынрак'}","{'datetime': 'төнгө', 'condition_temperature': 'салкын', 'reference': 'никадәр'}"
test_403,Альбомны Hipster Soul плейлистына өстә.,AddToPlaylist,add_to_playlist,False,0.9518,False,False,False,"{'music_item': 'Альбомны', 'playlist': 'Hipster Soul'}","{'playlist': 'Hipster Soul плейлисты', 'music_item': 'альбом'}"
test_404,"Мин унөч сәгатьтән соң деликатес ресторанында ашарга телим, анда көнчыгыш европа ризыклары сатыла",BookRestaurant,BookRestaurant,True,0.9323,False,False,True,"{'datetime': 'унөч сәгатьтән соң', 'restaurant_type': 'деликатес ресторанында', 'cuisine': 'көнчыгыш европа'}","{'datetime': '', 'facility': '', 'location': '', 'party_size_description': 'унөч сәгатьтән соң деликатес', 'party_size_number': '', 'restaurant_name': '', 'restaurant_type': '', 'served_dish': 'көнчыгыш европа ризыч', 'sort': ''}"
test_405,алтмышынчы еллар саундтрегын кабыз,PlayMusic,alarm/show_alarms,False,0.95,False,False,False,"{'datetime': 'алтмышынчы еллар', 'music_item': 'саундтрегын'}","{'datetime': 'алтмышынчы еллар', 'reference': 'саундтрегын кабыз'}"
test_406,Бу альбомга бер йолдыз бир,RateBook,PlayMusic,False,0.9084,False,False,False,"{'object_select': 'Бу', 'object_type': 'альбомга', 'rating_value': 'бер', 'rating_unit': 'йолдыз'}","{'album': 'альбомга', 'artist': 'бер', 'sort': 'йолдыз бир'}"
test_407,Bryan Macleanның иң олуг музыкасын кабыз .,PlayMusic,PlayMusic,True,0.8808,False,False,False,"{'artist': 'Bryan Macleanның', 'sort': 'иң олуг'}","{'artist': 'Bryan Maclean', 'music_item': 'музыкасы', 'playlist': None, 'service': None, 'sort': None}"
test_408,Nicodemus-та һәм аның тирәсендәге һава торышы нинди,weather/find,weather/find,True,0.921,False,False,False,{'location': 'Nicodemus-та | аның тирәсендәге'},"{'location': 'Nicodemus', 'condition_temperature': 'тирәсендәге', 'condition_description': 'һава торышы'}"
test_409,Phinally Phamous дип аталган уен эзлә,SearchCreativeWork,SearchCreativeWork,True,0.9742,False,False,False,"{'object_name': 'Phinally Phamous', 'object_type': 'уен'}","{'object_name': 'Phinally Phamous', 'object_type': 'creative work'}"
test_410,Juneteenth-га 2 балл куй .,RateBook,RateBook,True,0.9018,False,False,False,"{'object_name': 'Juneteenth-га', 'rating_value': '2'}","{'object_name': 'Juneteenth', 'object_type': 'creative work', 'rating_value': '2', 'rating_unit': 'boll', 'object_select': '2 балл куй'}"
test_411,Rhialto the Marvellous-га нуль йолдыз бир,RateBook,RateBook,True,0.9766,False,False,False,"{'object_name': 'Rhialto the Marvellous-га', 'rating_value': 'нуль', 'rating_unit': 'йолдыз'}","{'object_name': 'Rhialto the Marvellous', 'best_rating': '0', 'object_type': 'creative work'}"
test_412,Мин Хелена Ирен Михаэльсенның Youtube-та саундтрегын ишетергә телим,PlayMusic,PlayMusic,True,0.8737,False,False,False,"{'artist': 'Мин Хелена Ирен', 'service': 'Youtube-та', 'music_item': 'саундтрегын'}","{'artist': 'Min Helena Irene Michaelson', 'music_item': 'Youtube soundtrack'}"
test_413,5 кешегә 20/01/2023 MH-да өстәл броньла,BookRestaurant,BookRestaurant,True,0.9642,False,False,False,"{'party_size_number': '5', 'datetime': '20/01/2023', 'location': 'MH-да'}","{'datetime': '20/01/2023', 'party_size_number': '5'}"
test_414,якындагы анимация фильмнары сессияләре расписаниесе,SearchScreeningEvent,SearchScreeningEvent,True,0.983,False,False,False,"{'location': 'якындагы', 'movie_type': 'анимация фильмнары', 'object_type': 'сессияләре расписаниесе'}","{'datetime': '', 'location': '', 'movie_name': '', 'movie_type': '', 'object_location_type': '', 'object_type': ''}"
test_415,Минем This Is Shakira плейлистымна jack white-ны өстә,AddToPlaylist,add_to_playlist,False,0.956,False,False,False,"{'reference': 'Минем', 'playlist': 'This Is Shakira', 'artist': 'jack white-ны'}","{'artist': 'jack white', 'entity_name': 'This Is Shakira', 'playlist': 'This Is Shakira'}"
test_416,Мин Шри-Ланкада биш кешегә ресторан броньларга телим .,BookRestaurant,BookRestaurant,True,0.9597,False,False,False,"{'location': 'Шри-Ланкада', 'party_size_number': 'биш', 'restaurant_type': 'ресторан'}","{'datetime': '', 'facility': '', 'location': 'Шри-Ланка', 'party_size_description': 'bish кешеге', 'restaurant_name': '', 'restaurant_type': '', 'served_dish': '', 'sort': ''}"
test_417,"Зинһар, Episodi di The Blacklist телевизион тапшыруын таб .",SearchCreativeWork,SearchCreativeWork,True,0.935,False,False,False,"{'object_name': 'Episodi di The Blacklist', 'object_type': 'телевизион тапшыруын'}","{'object_name': 'Episodi di The Blacklist', 'object_type': '电视剧'}"
test_418,монда Law Day-нән башлап салкын һава торышы нинди,weather/find,weather/find,True,0.9302,False,False,True,"{'location': 'монда', 'datetime': 'Law Day-нән', 'condition_temperature': 'салкын'}","{'condition_temperature': 'салкын', 'datetime': 'Law Day', 'location': 'монда'}"
test_419,Мин ун кешелек өстәленә ресторанда заказ бирергә телим.,BookRestaurant,BookRestaurant,True,0.9662,False,False,False,"{'party_size_number': 'ун', 'restaurant_type': 'ресторанда'}","{'datetime': '', 'facility': '', 'location': '', 'party_size_description': '', 'party_size_number': '', 'restaurant_name': '', 'restaurant_type': '', 'served_dish': '', 'sort': ''}"
test_420,Җитмешенче еллардагы Дюк Эллингтоннан берәр нәрсә уйна,PlayMusic,SearchCreativeWork,False,0.904,False,False,False,"{'datetime': 'Җитмешенче', 'artist': 'Дюк Эллингтоннан'}","{'object_name': 'Дюк Эллингтон', 'object_type': 'ужак'}"
test_421,Cotton Comes to Harlem-ны 2-гә бәялә,RateBook,SearchCreativeWork,False,0.9614,False,False,False,"{'object_name': 'Cotton Comes to Harlem-ны', 'rating_value': '2-гә'}","{'object_name': 'Cotton Comes to Harlem', 'object_type': 'creative work'}"
test_422,Җырны минем madden nfl 16 плейлистымна өстә,AddToPlaylist,AddToPlaylist,True,0.9154,False,False,False,"{'reference': 'минем', 'playlist': 'madden nfl 16', 'music_item': 'плейлистымна'}","{'artist': 'minem', 'entity_name': 'madden nfl 16', 'playlist': 'плейлистым'}"
test_423,Toyan-ны минем Epic Gaming плейлистымна өстә.,AddToPlaylist,add_to_playlist,False,0.946,False,False,False,"{'artist': 'Toyan-ны', 'reference': 'минем', 'playlist': 'Epic Gaming'}","{'artist': 'Toyan', 'playlist': 'Epic Gaming', 'entity_name': 'minem'}"
test_424,Slacker-да ниндидер яңа Les Vandyke уйнат,PlayMusic,PlayMusic,True,0.9705,False,False,False,"{'service': 'Slacker-да', 'sort': 'яңа', 'artist': 'Les Vandyke'}","{'artist': 'Slacker', 'music_item': 'Les Vandyke'}"
test_425,Three Junes-га 6-дан берге бәялә,RateBook,RateBook,True,0.9609,False,False,False,"{'object_name': 'Three Junes-га', 'best_rating': '6-дан', 'rating_value': 'берге'}","{'object_name': 'Three Junes', 'best_rating': '6', 'reminder/todo': 'җинаять хезмәте', 'reference': 'минем'}"
test_426,Nunez пекарнясында тугыз кешегә өстәл заказ ит,BookRestaurant,AddToPlaylist,False,0.9528,False,False,False,"{'location': 'Nunez', 'restaurant_type': 'пекарнясында', 'party_size_number': 'тугыз'}","{'artist': 'Nunez', 'entity_name': 'пекарня', 'music_item': 'тугыз кешеге', 'playlist': 'ресторан'}"
test_427,Бу агымдагы романны 6-дан икеге бәялә .,RateBook,RateBook,True,0.911,False,False,False,"{'object_select': 'Бу агымдагы', 'object_type': 'романны', 'best_rating': '6-дан', 'rating_value': 'икеге'}","{'object_name': 'роман', 'object_part_of_series_type': 'том', 'party_size_number': '6', 'reference': 'минем'}"
test_428,Ронни Вудның The Happy Blues-ны уйнат .,PlayMusic,PlayMusic,True,0.9733,False,False,True,"{'artist': 'Ронни Вудның', 'album': 'The Happy Blues-ны'}","{'artist': 'Ronnie Wood', 'music_item': 'The Happy Blues'}"
test_429,2013 елгы симфонияне уйнат .,PlayMusic,PlayMusic,True,0.9168,False,False,False,"{'datetime': '2013 елгы', 'music_item': 'симфонияне'}","{'datetime': '', 'artist': '', 'music_item': '2013 Елгы Симфония', 'playlist': '', 'sort': '', 'track': ''}"
test_430,Jennifer Paull-ның Subconscious Lobotomy-ны уйнат .,PlayMusic,SearchCreativeWork,False,0.961,False,False,True,"{'artist': 'Jennifer Paull-ның', 'album': 'Subconscious Lobotomy-ны'}","{'object_name': 'Subconscious Lobotomy', 'object_type': 'creative work', 'artist': 'Jennifer Paull'}"
test_431,The Crystal Snare-га 5 йолдыз бир,RateBook,RateBook,True,0.9849,False,False,False,"{'object_name': 'The Crystal Snare-га', 'rating_value': '5', 'rating_unit': 'йолдыз'}","{'object_name': 'The Crystal Snare', 'best_rating': '5', 'rating_unit': 'йолдыз'}"
test_432,Бу дәреслеккә нуль йолдыз куй,RateBook,none,False,0.0,True,False,False,"{'object_select': 'Бу', 'object_type': 'дәреслеккә', 'rating_value': 'нуль', 'rating_unit': 'йолдыз'}",{}
test_433,Агымдагы серияне 4 баллга бәялә,RateBook,RateBook,True,0.9274,False,False,True,"{'object_select': 'Агымдагы', 'object_part_of_series_type': 'серияне', 'rating_value': '4', 'rating_unit': 'баллга'}","{'object_name': 'серияне', 'object_type': 'китап', 'best_rating': '4', 'object_select': 'минем', 'object_part_of_series_type': 'том'}"
test_434,Мин Urbank California-да James D. Conrey House-да өстәл телим,BookRestaurant,add_to_playlist,False,0.9488,False,False,True,"{'location': 'Urbank | California-да', 'restaurant_name': 'James D. Conrey House-да'}","{'artist': 'James D. Conrey', 'entity_name': 'Urbank California', 'playlist': 'өстәл телим'}"
test_435,Babar: King of the Elephants уйнымы,SearchScreeningEvent,weather/find,False,0.9431,False,False,False,{'movie_name': 'Babar: King of the Elephants'},{'object_name': 'Babar: King of the Elephants'}
test_436,this is racionais mc's-га җырны өстә,AddToPlaylist,PlayMusic,False,0.9184,False,False,False,"{'playlist': ""this is racionais mc's-га"", 'music_item': 'җырны'}","{'artist': 'racionais', 'music_item': ""mc's-га җырны өстә"", 'playlist': None, 'service': None}"
test_437,Хәзерге эссега 6-дан нуль йолдыз куй,RateBook,add_to_playlist,False,0.8855,False,False,False,"{'object_select': 'Хәзерге', 'object_type': 'эссега', 'best_rating': '6-дан', 'rating_value': 'нуль', 'rating_unit': 'йолдыз'}","{'artist': 'хәзерге', 'entity_name': 'эссег', 'music_item': '6', 'playlist': 'эссег', 'reference': 'сәгать'}"
test_438,Әйдә Эндрю Хьюиттан берәр нәрсә тыңлыйк .,PlayMusic,RateBook,False,0.9575,False,False,False,{'artist': 'Эндрю Хьюиттан'},"{'object_name': 'Эндрю Хьюитт', 'object_type': 'книга'}"
test_439,Якында анимация фильмнарын таб,SearchScreeningEvent,SearchCreativeWork,False,0.881,False,False,False,"{'location': 'Якында', 'movie_type': 'анимация фильмнарын'}","{'datetime': '', 'movie_name': '', 'movie_type': 'film', 'object_location_type': '', 'object_type': 'creative work'}"
test_440,хәзерге хроникага 6-дан биш балл бир,RateBook,RateBook,True,0.9345,False,False,True,"{'object_select': 'хәзерге', 'object_part_of_series_type': 'хроникага', 'best_rating': '6-дан', 'rating_value': 'биш', 'rating_unit': 'балл'}","{'object_name': 'хроникага', 'object_type': 'фильм', 'best_rating': '6', 'rating_value': 'хәзерге', 'rating_unit': 'балл', 'object_select': 'хроникага'}"
test_441,Миңа Settha Palace Hotel-да Saint Helena-да 4 кешелек өстәл кирәк,BookRestaurant,add_to_playlist,False,0.9576,False,False,True,"{'restaurant_name': 'Settha Palace Hotel-да', 'location': 'Saint Helena-да', 'party_size_number': '4 кешелек'}","{'restaurant_name': 'Settha Palace Hotel', 'location': 'Saint Helena', 'party_size_number': '4'}"
test_442,Изге Патрик көнендә Вирджинияда һава торышы нинди булыр ?,weather/find,weather/find,True,0.8899,False,False,False,"{'datetime': 'Изге Патрик көнендә', 'location': 'Вирджинияда'}","{'datetime': 'изге Патрик көнөгө', 'location': 'Вирджиния', 'condition_temperature': 'температур', 'condition_description': 'торышы тасвирламасы'}"
test_443,Миңа Speakeasy Theaters киноның вакыт исемлеге кирәк,SearchScreeningEvent,SearchScreeningEvent,True,0.9321,False,False,False,"{'location': 'Speakeasy Theaters', 'object_type': 'киноның вакыт'}","{'datetime': '', 'location': '', 'movie_name': 'Speakeasy Theaters', 'object_type': 'cinema screening event'}"
test_444,Meet the Prince телевизион тапшыруын эзлә,SearchCreativeWork,SearchCreativeWork,True,0.968,False,False,False,"{'object_name': 'Meet the Prince', 'object_type': 'телевизион тапшыруын'}","{'object_name': 'Meet the Prince', 'object_type': 'television show'}"
test_445,"Зинһар, миңа Compulsive Disclosure җырын бир .",SearchCreativeWork,reminder/show_reminders,False,0.9452,False,False,False,"{'object_name': 'Compulsive Disclosure', 'object_type': 'җырын'}","{'datetime': 'Зинһар', 'reminder/todo': 'Compulsive Disclosure', 'reference': 'миңа'}"
test_446,Zvooq-та Trance Life-ны уйнат .,PlayMusic,PlayMusic,True,0.9418,False,False,False,"{'service': 'Zvooq-та', 'playlist': 'Trance Life-ны'}","{'music_item': 'Trance Life', 'artist': 'Zvooq'}"
test_447,"Зинһар, миңа Serious Awesomeness ! эшен таб.",SearchCreativeWork,PlayMusic,False,0.9295,False,False,False,{'object_name': 'Serious Awesomeness'},"{'artist': 'Serious Awesomeness', 'music_item': ' Serious Awesomeness'}"
test_448,мин кинотеатрда I Dream of Jeanie-ны карарга телим,SearchScreeningEvent,BookRestaurant,False,0.9562,False,False,True,"{'object_location_type': 'кинотеатрда', 'movie_name': 'I Dream of Jeanie-ны'}","{'datetime': '', 'facility': '', 'location': '', 'party_size_description': '', 'party_size_number': '', 'restaurant_name': 'I Dream of Jeanie', 'restaurant_type': '', 'served_dish': ''}"
test_449,Пол Маккартни уйнат,PlayMusic,play_music,False,0.9071,False,False,False,{'artist': 'Пол Маккартни'},{'artist': 'Pol MacCartney'}
test_450,Хәзерге романны 3 йолдызга бәялә,RateBook,RateBook,True,0.9455,False,False,False,"{'object_select': 'Хәзерге', 'object_type': 'романны', 'rating_value': '3', 'rating_unit': 'йолдызга'}","{'object_name': 'роман', 'object_type': 'китап', 'best_rating': '3', 'rating_unit': 'йолдыз', 'reference': 'хәзерге'}"
test_451,Paris - When It Sizzles китабын таба аласызмы ?,SearchCreativeWork,BookRestaurant,False,0.907,False,False,False,"{'object_name': 'Paris - When It Sizzles', 'object_type': 'китабын'}","{'restaurant_name': 'Paris - When It Sizzles', 'party_size_number': 'не указано', 'cuisine': 'не указано', 'location': 'не указано', 'datetime': 'не указано'}"
test_452,Филипп Киркоровның җитмешенче еллар пьесасын уйнат,PlayMusic,PlayMusic,True,0.961,False,False,False,"{'artist': 'Филипп Киркоровның', 'datetime': 'җитмешенче'}","{'artist': 'Филипп Киркоров', 'music_item': 'җитмешенче еллар'}"
test_453,Киләсе елда мин Пенни янындагы bougatsa ресторанын өч кешегә броньларга телим.,BookRestaurant,BookRestaurant,True,0.8292,False,False,True,"{'datetime': 'Киләсе елда', 'location': 'Пенни | янындагы', 'cuisine': 'bougatsa', 'restaurant_type': 'ресторанын', 'party_size_number': 'өч'}","{'party_size_number': 'өч кешеге', 'restaurant_name': 'min Penney-e yerdən bougatsa', 'party_size_description': 'биз өч кешеге', 'restaurant_type': 'ресторан'}"
test_454,Тенинода яңгырлар булырмы ?,weather/find,weather/find,True,0.9067,False,False,True,"{'location': 'Тенинода', 'condition_description': 'яңгырлар'}",{'condition_description': 'яңгыр'}
test_455,"Зинһар, Three Essays on the Theory of Sexuality шоусын эзлә .",SearchCreativeWork,SearchCreativeWork,True,0.9835,False,False,False,"{'object_name': 'Three Essays on the Theory of Sexuality', 'object_type': 'шоусын'}","{'object_name': 'Three Essays on the Theory of Sexuality', 'object_type': 'creative work'}"
test_456,Мин Рамонда ашарга телим,BookRestaurant,reminder/set_reminder,False,0.9453,False,False,False,{'location': 'Рамонда'},"{'datetime': 'иртәгә', 'reminder/todo': 'Рамонда ашарга телим', 'reference': 'минем'}"
test_457,Emo Forever плейлистына boy george трегын өстә.,AddToPlaylist,AddToPlaylist,True,0.9285,False,False,False,"{'playlist': 'Emo Forever', 'artist': 'boy george', 'music_item': 'трегын'}","{'artist': 'boy george', 'entity_name': 'Emo Forever', 'music_item': 'boy george - трэг'}"
test_458,Vimy Ridge-да стейк-хаус заказ итәргә телим .,BookRestaurant,BookRestaurant,True,0.941,False,False,False,"{'location': 'Vimy Ridge-да', 'restaurant_type': 'стейк-хаус'}","{'datetime': '', 'facility': '', 'location': 'Vimy Ridge', 'party_size_description': 'стейк-хаус заказ', 'restaurant_name': 'Vimy Ridge', 'restaurant_type': 'установка', 'served_dish': 'стейк-хаус', 'sort': ''}"
test_459,Without Witness егерме ике  сәгатьтән соң уйнаячакмы,SearchScreeningEvent,reminder/show_reminders,False,0.8988,False,False,False,"{'movie_name': 'Without Witness', 'datetime': 'егерме ике сәгатьтән соң'}","{'datetime': 'егерме ике ережәтән соң', 'reminder/todo': 'уйнаячак', 'reference': ''}"
test_460,9 кешегә урын броньла,BookRestaurant,BookRestaurant,True,0.9821,False,False,False,{'party_size_number': '9'},{'party_size_number': '9'}
test_461,бу трекны минем Hands Up плейлистына өстә,AddToPlaylist,add_to_playlist,False,0.9419,False,False,False,"{'music_item': 'трекны', 'reference': 'минем', 'playlist': 'Hands Up'}","{'artist': '', 'entity_name': 'minem', 'playlist': 'Hands Up'}"
test_462,90s Pop Rock Essentials-тан берәр нәрсә уйнат,PlayMusic,PlayMusic,True,0.955,False,False,False,{'playlist': '90s Pop Rock Essentials-тан'},{'music_item': '90s Pop Rock Essentials'}
test_463,Син миңа Blue Spring трейлерын таба аласыңмы ?,SearchCreativeWork,SearchCreativeWork,True,0.9723,False,False,False,"{'object_name': 'Blue Spring', 'object_type': 'трейлерын'}","{'object_name': 'Blue Spring', 'object_type': 'trailer'}"
test_464,36 Children-га 6-дан ике йолдыз куй,RateBook,add_to_playlist,False,0.9262,False,False,False,"{'object_name': '36 Children-га', 'best_rating': '6-дан', 'rating_value': 'ике', 'rating_unit': 'йолдыз'}","{'artist': 'Children', 'entity_name': '36', 'music_item': '6-дан ике йолдыз'}"
test_465,Мин MJR театрында анимацион фильмнарны телим,SearchScreeningEvent,SearchCreativeWork,False,0.912,False,False,False,"{'location': 'MJR театрында', 'movie_type': 'анимацион фильмнарны'}","{'object_type': 'фильм төре', 'object_name': 'MJR театрында анимацион фильмнарны телим'}"
test_466,Sexy as Folk плейлистына башкаручы mike-ны өстә.,AddToPlaylist,AddToPlaylist,True,0.9619,False,False,False,"{'playlist': 'Sexy as Folk', 'music_item': 'башкаручы', 'artist': 'mike-ны'}","{'artist': 'Mike', 'entity_name': 'Sexy as Folk', 'playlist': 'Sexy as Folk'}"
test_467,минем this is al green плейлистына Highway Patrolman өстә,AddToPlaylist,add_to_playlist,False,0.9422,False,False,False,"{'reference': 'минем', 'playlist': 'this is al green', 'entity_name': 'Highway Patrolman'}","{'playlist': 'this is al green плейлистына', 'music_item': 'Highway Patrolman'}"
test_468,Миңа To Lose My Life исемле романны таб …,SearchCreativeWork,RateBook,False,0.9561,False,False,False,"{'object_name': 'To Lose My Life', 'object_type': 'романны'}","{'object_name': 'To Lose My Life', 'object_type': 'книга'}"
test_469,бу альбомны 5-кә бәялә,RateBook,RateBook,True,0.9482,False,False,False,"{'object_select': 'бу', 'object_type': 'альбомны', 'rating_value': '5-кә'}","{'object_name': 'альбом', 'object_type': 'music_album', 'best_rating': '5', 'reference': 'минем'}"
test_470,Төшке ашта якындагы кинотеатрда Rare Birds күрсәтеләчәк .,SearchScreeningEvent,SearchScreeningEvent,True,0.9642,False,False,True,"{'datetime': 'Төшке ашта', 'location': 'якындагы', 'object_location_type': 'кинотеатрда', 'movie_name': 'Rare Birds'}","{'datetime': '', 'location': 'Төшке ашта кинотеатр', 'movie_name': 'Rare Birds'}"
test_471,The 8-Week Cholesterol Cure-га 6-дан өчкә бәялә .,RateBook,RateBook,True,0.9397,False,False,False,"{'object_name': 'The 8-Week Cholesterol Cure-га', 'best_rating': '6-дан', 'rating_value': 'өчкә'}","{'object_name': 'The 8-Week Cholesterol Cure', 'best_rating': '6', 'object_type': 'книга'}"
test_472,Martin barre-ны минем punk unplugged плейлистыма өстә.,AddToPlaylist,add_to_playlist,False,0.9382,False,False,False,"{'artist': 'Martin barre-ны', 'reference': 'минем', 'playlist': 'punk unplugged'}","{'artist': 'Martin Barre', 'entity_name': 'minem punk unplugged playlist'}"
test_473,хәзерге романны 6-дан нульгә бәялә,RateBook,RateBook,True,0.9021,False,False,False,"{'object_select': 'хәзерге', 'object_type': 'романны', 'best_rating': '6-дан', 'rating_value': 'нульгә'}","{'object_name': 'роман', 'object_type': 'китап', 'best_rating': '6', 'object_select': 'нульгә', 'object_part_of_series_type': 'том', 'rating_unit': 'балл', 'rating_value': '6'}"
test_474,Минем кинотеатрда The Young Swordsman нинди вакытта барачак ?,SearchScreeningEvent,SearchScreeningEvent,True,0.939,False,False,True,"{'object_location_type': 'кинотеатрда', 'movie_name': 'The Young Swordsman', 'object_type': 'вакытта'}","{'datetime': 'иртәгә', 'movie_name': 'The Young Swordsman', 'location': ''}"
test_475,Тирә-юньдә нинди фильмнар күрсәтеләр,SearchScreeningEvent,SearchCreativeWork,False,0.975,False,False,False,"{'location': 'Тирә-юньдә', 'movie_type': 'фильмнар'}","{'datetime': '', 'location': '', 'movie_name': '', 'movie_type': '', 'object_location_type': '', 'object_type': ''}"
test_476,Мин North City-дәге Oregon Electric Station броньларга телим .,BookRestaurant,BookRestaurant,True,0.9347,False,False,True,"{'location': 'North City-дәге', 'restaurant_name': 'Oregon Electric Station'}","{'datetime': '', 'facility': '', 'location': 'North City, Oregon Electric Station', 'party_size_description': 'телефленди', 'restaurant_name': '', 'restaurant_type': '', 'served_dish': '', 'sort': ''}"
test_477,монда төнге сәгать икедә һава торышы нинди,weather/find,none,False,0.8866,True,False,False,"{'location': 'монда', 'datetime': 'төнге сәгать икедә'}",{}
test_478,Wanda Group-ның фильм кестесін таб .,SearchScreeningEvent,SearchCreativeWork,False,0.9457,False,False,False,"{'location': 'Wanda Group-ның', 'object_type': 'фильм кестесін'}","{'object_name': 'Wanda Group', 'object_type': 'creative work'}"
test_479,Самоада Ваурикада нинди һава торышы,weather/find,weather/find,True,0.9546,False,False,False,{'location': 'Самоада | Ваурикада'},"{'location': 'Ваурикада', 'datetime': 'самоада'}"
test_480,Тирә-яктагы фильмнар расписаниесен күрсәт,SearchScreeningEvent,SearchCreativeWork,False,0.9664,False,False,False,"{'location': 'Тирә-яктагы', 'object_type': 'фильмнар расписаниесен'}","{'datetime': '', 'location': '', 'movie_name': '', 'movie_type': '', 'object_location_type': '', 'object_type': ''}"
test_481,Blues britânico уйнат .,PlayMusic,PlayMusic,True,0.9487,False,False,True,{'genre': 'Blues britânico'},"{'artist': 'Blues', 'music_item': 'britânico'}"
test_482,AMC Theaters-да No Time to Be Young күрсәтеләме,SearchScreeningEvent,BookRestaurant,False,0.9715,False,False,False,"{'location': 'AMC Theaters-да', 'movie_name': 'No Time to Be Young'}","{'restaurant_name': 'AMC Theaters', 'movie_name': 'No Time to Be Young'}"
test_483,"Зинһар, миңа Монти Пайтон Голливудта эзлә һәм таб .",SearchCreativeWork,SearchCreativeWork,True,0.9622,False,False,False,{'object_name': 'Монти Пайтон Голливудта'},"{'object_name': 'Монти Пайтон', 'object_type': 'фильм'}"
test_484,кичке бишкә монда буран аркасында һава торышы нинди,weather/find,weather/find,True,0.9797,False,False,True,"{'datetime': 'кичке бишкә', 'location': 'монда', 'condition_description': 'буран'}","{'datetime': 'кичке бишкә монда буран аркасында', 'location': 'аркасында'}"
test_485,Ирландия балалар евровидениеда 2015 минем Jazzy Dinner плейлистына өстә,AddToPlaylist,AddToPlaylist,True,0.8986,False,False,False,"{'entity_name': 'Ирландия балалар евровидениеда 2015', 'reference': 'минем', 'playlist': 'Jazzy Dinner'}","{'artist': 'Jazzy Dinner', 'entity_name': 'Irish Kids Eurovision 2015 Performance', 'playlist': 'Eurovision 2015 Performances', 'reference': 'minem'}"
test_486,Indie Hipster-га җырны өстә,AddToPlaylist,add_to_playlist,False,0.9647,False,False,False,"{'playlist': 'Indie Hipster-га', 'music_item': 'җырны'}","{'artist': 'Indie Hipster', 'entity_name': 'җыр', 'playlist': 'өстә'}"
test_487,Син миңа National Anthem of the Ancient Britons телевизион тапшыруын таба аласыңмы ?,SearchCreativeWork,SearchCreativeWork,True,0.9762,False,False,False,"{'object_name': 'National Anthem of the Ancient Britons', 'object_type': 'телевизион тапшыруын'}","{'object_name': 'National Anthem of the Ancient Britons', 'object_type': 'creative work'}"
test_488,"travelling плейлистына зинһар, бу Дэвид Гаан җырын өстә .",AddToPlaylist,add_to_playlist,False,0.9355,False,False,False,"{'playlist': 'travelling', 'artist': 'Дэвид Гаан', 'music_item': 'җырын'}","{'artist': 'Дэвид Гаан', 'entity_name': 'travelling', 'playlist': 'плейлист'}"
test_489,Мин аларны Murcof рәссамнан ишетергә телим,PlayMusic,reminder/show_reminders,False,0.8877,False,False,False,"{'music_item': 'аларны', 'artist': 'Murcof'}","{'datetime': 'Murcof', 'reminder/todo': 'рисунку', 'reference': ''}"
test_490,The Gift: Imagination and the Erotic Life of Property-ны биш йолдызга бәялә,RateBook,RateBook,True,0.9326,False,False,False,"{'object_name': 'The Gift: Imagination and the Erotic Life of Property-ны', 'rating_value': 'биш', 'rating_unit': 'йолдызга'}","{'object_name': 'The Gift: Imagination and the Erotic Life of Property-', 'object_type': 'creative work', 'best_rating': 'bish йолдыз', 'reference': 'минем'}"
test_491,Миңа Baby Blue дип аталган телевизион тапшыруны таб,SearchCreativeWork,BookRestaurant,False,0.9471,False,False,False,"{'object_name': 'Baby Blue', 'object_type': 'телевизион тапшыруны'}","{'datetime': '', 'facility': '', 'location': '', 'party_size_description': '', 'party_size_number': '', 'restaurant_name': 'Baby Blue TV Show', 'restaurant_type': '', 'served_dish': ''}"
test_492,The Girl Who Was Plugged In китабын эзлә,SearchCreativeWork,SearchCreativeWork,True,0.9888,False,False,False,"{'object_name': 'The Girl Who Was Plugged In', 'object_type': 'китабын'}","{'object_name': 'The Girl Who Was Plugged In', 'object_type': 'book'}"
test_493,филлис уордка һәм вероникага 152 көннән соң ресторанда өстәл кирәк,BookRestaurant,AddToPlaylist,False,0.901,False,False,True,"{'party_size_description': 'филлис уордка һәм вероникага', 'datetime': '152 көннән соң', 'restaurant_type': 'ресторанда'}","{'artist': 'Филлис Уорд', 'entity_name': 'Вероника', 'music_item': 'Филлис Уорд - Вероника', 'playlist': 'ресторан', 'reference': 'соң'}"
test_494,5 кешелек танылган ресторанны броньла,BookRestaurant,BookRestaurant,True,0.9519,False,False,False,"{'party_size_number': '5', 'sort': 'танылган', 'restaurant_type': 'ресторанны'}","{'party_size_number': '5', 'party_size_description': 'кешелек танылган'}"
test_495,"Бруклон янында The Dome, Edinburgh отеленда номерны броньла",BookRestaurant,BookRestaurant,True,0.8987,False,False,True,"{'location': 'Бруклон | янында', 'restaurant_name': 'The Dome, Edinburgh'}","{'restaurant_name': 'The Dome', 'location': 'Brooklyn', 'party_size_number': 'number of guests', 'restaurant_type': 'hotel', 'party_size_description': 'group'}"
test_496,Бу альбомны Old School Death Metal-га өстә,AddToPlaylist,add_to_playlist,False,0.9101,False,False,False,"{'music_item': 'альбомны', 'playlist': 'Old School Death Metal-га'}","{'artist': 'Old School', 'entity_name': 'Death Metal', 'playlist': 'альбом'}"
test_497,Jersey Boys телесериалын эзлә,SearchCreativeWork,SearchCreativeWork,True,0.9691,False,False,False,"{'object_name': 'Jersey Boys', 'object_type': 'телесериалын'}","{'object_name': 'Jersey Boys', 'object_type': 'телесериал'}"
test_498,Алты ай эчендә Танжер янындагы иң яхшы пабта тугыз кешегә өстәл броньла,BookRestaurant,BookRestaurant,True,0.9252,False,False,False,"{'datetime': 'Алты ай эчендә', 'location': 'Танжер | янындагы', 'sort': 'иң яхшы', 'restaurant_type': 'пабта', 'party_size_number': 'тугыз'}","{'datetime': 'Алты ай', 'location': 'Танжер', 'party_size_number': 'өстәл кешеге'}"
test_499,Миңа Harkins Theatres-ында фильмларны күрсәт .,SearchScreeningEvent,SearchCreativeWork,False,0.9377,False,False,False,"{'location': 'Harkins Theatres-ында', 'movie_type': 'фильмларны'}","{'datetime': '', 'location': 'Harkins Theatres', 'movie_name': '', 'movie_type': ''}"
test_500,аларның кампусында шул ук райондагы чурраскарияга кичәгә заказ бир,BookRestaurant,BookRestaurant,True,0.9041,False,False,False,"{'location': 'аларның кампусында | шул ук райондагы', 'restaurant_type': 'чурраскарияга'}","{'location': 'кампусында шул ук райондагы', 'party_size_number': 'чурраскарияга кичәгә', 'restaurant_name': 'заказ'}"
