id,text,true_intent,pred_intent,intent_correct,confidence,weak_by_conf,weak_intent_real,weak_slot_real,true_slots,pred_slots
test_1,барлык хәтерләтүләрне күрсәт,reminder/show_reminders,SearchCreativeWork,False,0.9342,False,False,False,{'reference': 'барлык'},{'object_type': 'хәтер'}
test_2,Миңа свитер кирәкме?,weather/find,weather/find,True,0.9192,False,False,False,{'weather/attribute': 'свитер'},"{'condition_description': 'свитер', 'datetime': 'не указано', 'location': 'не указано', 'weather/attribute': 'температура'}"
test_3,Бүген сәгать ун алтыга хәтерләтүне өстә,reminder/set_reminder,AddToPlaylist,False,0.9646,False,False,False,{'datetime': 'Бүген сәгать ун алтыга'},"{'artist': '', 'entity_name': '', 'music_item': '', 'playlist': '', 'reference': ''}"
test_4,Минем хәтерләтүне бетер,reminder/cancel_reminder,alarm/set_alarm,False,0.9247,False,False,False,{'reference': 'Минем'},"{'datetime': 'минем хәтерләтүне бетер', 'recurring_datetime': ''}"
test_5,Миңа бензин салырга искә төшер.,reminder/set_reminder,BookRestaurant,False,0.8901,False,False,False,{'reminder/todo': 'бензин салырга'},"{'datetime': '', 'location': '', 'party_size_description': ''}"
test_6,Чәршәмбе көнне миңа кул чатыры кирәкме?,weather/find,weather/find,True,0.8115,False,False,False,"{'datetime': 'Чәршәмбе', 'weather/attribute': 'кул чатыры'}","{'condition_description': 'чаршым күнү мина кул чатыры', 'datetime': ''}"
test_7,биш минуттан соң минем будильникны кабатла,alarm/snooze_alarm,alarm/set_alarm,False,0.9585,False,True,False,"{'datetime': 'биш минуттан', 'reference': 'минем'}",{'datetime': 'биш минуттан соң'}
test_8,максның туган көне турында искә төшеруне куй,reminder/set_reminder,BookRestaurant,False,0.898,False,False,False,{'reminder/todo': 'максның туган көне турында искә төшеруне'},"{'datetime': '', 'location': '', 'party_size_description': 'туган көне турында'}"
test_9,Миңа барлык хәтерләтүләрне күрсәт,reminder/show_reminders,SearchCreativeWork,False,0.9336,False,False,False,{'reference': 'барлык'},{'object_type': 'хәтер'}
test_10,Барлык будильникларны күрсәт.,alarm/show_alarms,alarm/show_alarms,True,0.9848,False,False,False,{'reference': 'Барлык'},{}
test_11,Бүген яңгыр явар микән?,weather/find,weather/find,True,0.9324,False,False,False,"{'datetime': 'Бүген', 'weather/attribute': 'яңгыр'}",{'datetime': 'бүген'}
test_12,Будильникны иртәнге 8 куй,alarm/set_alarm,alarm/set_alarm,True,0.9609,False,False,False,{'datetime': 'иртәнге 8'},"{'datetime': 'иртәнге 8', 'reference': ''}"
test_13,Бүген температура нинди?,weather/find,weather/find,True,0.9508,False,False,False,"{'datetime': 'Бүген', 'weather/attribute': 'температура'}","{'datetime': 'бүгүн', 'location': ''}"
test_14,Минем хәтерләтүне күрсәт,reminder/show_reminders,weather/find,False,0.9462,False,False,False,{'reference': 'Минем'},{'condition_description': 'хәтер'}
test_15,Барлык будильникларны күрсәт,alarm/show_alarms,alarm/show_alarms,True,0.9582,False,False,False,{'reference': 'Барлык'},{'datetime': ''}
test_16,Миңа Бен белән Джорджия турында сөйләшергә искә төшер,reminder/set_reminder,SearchCreativeWork,False,0.9551,False,False,False,{'reminder/todo': 'Бен белән Джорджия турында сөйләшергә'},{'object_type': 'фильм'}
test_17,Будильникны иртәнге 5 куй,alarm/set_alarm,alarm/set_alarm,True,0.9482,False,False,False,{'datetime': 'иртәнге 5'},"{'datetime': 'иртәнге 5', 'reference': ''}"
test_18,бүген болытлымы,weather/find,weather/find,True,0.9064,False,False,False,"{'datetime': 'бүген', 'weather/attribute': 'болытлымы'}","{'datetime': 'бүгени', 'location': 'бүгени'}"
test_19,Бүген бездә ничә дюйм яңгыры явар?,weather/find,weather/find,True,0.8723,False,False,False,"{'datetime': 'Бүген', 'weather/attribute': 'дюйм яңгыры'}","{'datetime': 'бүгени', 'location': 'бүгени'}"
test_20,Иртәгә минем апама шалтыратырга искә төшер,reminder/set_reminder,weather/find,False,0.9192,False,False,False,"{'datetime': 'Иртәгә', 'reminder/todo': 'минем апама шалтыратырга'}",{'condition_description': 'искә төшер'}
test_21,будильникны туктат,alarm/cancel_alarm,alarm/set_alarm,False,0.9619,False,False,False,{},{'datetime': 'туктат'}
test_22,Бу атнада кызу булырмы?,weather/find,weather/find,True,0.9141,False,False,False,"{'datetime': 'Бу атнада', 'weather/attribute': 'кызу'}","{'condition_description': 'кузу', 'datetime': ''}"
test_23,Будильникны көндезге 3 куй.,alarm/set_alarm,alarm/set_alarm,True,0.9363,False,False,False,{'datetime': 'көндезге 3'},"{'datetime': '3 куй', 'reference': ''}"
test_24,бүген кар явармы,weather/find,weather/find,True,0.9374,False,False,False,"{'datetime': 'бүген', 'weather/attribute': 'кар'}","{'datetime': 'бүгүн', 'location': ''}"
test_25,бөтен будильникларны бетер,alarm/cancel_alarm,alarm/show_alarms,False,0.9752,False,False,False,{'reference': 'бөтен'},{}
test_26,Минем хәтерләтүләрне күрсәт,reminder/show_reminders,weather/find,False,0.9429,False,False,False,{'reference': 'Минем'},"{'condition_description': '', 'condition_temperature': '', 'datetime': '', 'location': ''}"
test_27,Будильникка кадәр күпме вакыт калды,alarm/time_left_on_alarm,alarm/show_alarms,False,0.9411,False,True,False,{},{}
test_28,Минем нинди искә төшерүләрем бар?,reminder/show_reminders,SearchCreativeWork,False,0.9512,False,False,False,{'reference': 'Минем'},{'object_name': 'минем нинди'}
test_29,Будильникны көн саен иртәнге 8 куй,alarm/set_alarm,alarm/set_alarm,True,0.9472,False,False,False,{'recurring_datetime': 'иртәнге 8'},"{'datetime': 'сон', 'recurring_datetime': '', 'reference': ''}"
test_30,син миңа будильникларны күрсәтә аласыңмы?,alarm/show_alarms,alarm/show_alarms,True,0.9623,False,False,False,{},{'datetime': ''}
test_31,Бүген Диснейуорлдта буран булырмы?,weather/find,SearchCreativeWork,False,0.9326,False,False,False,"{'datetime': 'Бүген', 'location': 'Диснейуорлдта', 'weather/attribute': 'буран'}",{'object_type': 'фильм'}
test_32,бүген кар явырмы,weather/find,alarm/show_alarms,False,0.9255,False,False,False,"{'datetime': 'бүген', 'weather/attribute': 'кар'}",{'datetime': 'бүген'}
test_33,бөтен будильникларны күрсәт,alarm/show_alarms,alarm/show_alarms,True,0.968,False,False,False,{'reference': 'бөтен'},"{'datetime': None, 'reference': None}"
test_34,Бүген салкынмы?,weather/find,weather/find,True,0.9468,False,False,False,"{'datetime': 'Бүген', 'weather/attribute': 'салкынмы'}",{'datetime': 'бүгени'}
test_35,"Зинһар, пәнҗешәмбе иртәсеннән будильникны бетер.",alarm/cancel_alarm,alarm/set_alarm,False,0.9028,False,False,False,{'datetime': 'пәнҗешәмбе иртәсеннән'},"{'datetime': 'берилгени', 'recurring_datetime': '', 'reference': '', 'reminder/todo': ''}"
test_36,Бүген яңгыр явырмы?,weather/find,weather/find,True,0.939,False,False,False,"{'datetime': 'Бүген', 'weather/attribute': 'яңгыр'}","{'datetime': 'бүгүн', 'location': ''}"
test_37,канадада кар явамы,weather/find,weather/find,True,0.9331,False,False,False,"{'location': 'канадада', 'weather/attribute': 'кар явамы'}","{'location': 'канадада', 'condition_description': 'кар явамы'}"
test_38,Бүген нинди югары температура булачак?,weather/find,weather/find,True,0.9509,False,False,False,"{'datetime': 'Бүген', 'weather/attribute': 'югары температура'}",{'datetime': 'бүгени'}
test_39,"Төнлә шулкадәр кар яуса, сәяхәт куркыныч булырмы?",weather/find,weather/find,True,0.9382,False,False,False,"{'datetime': 'Төнлә', 'weather/attribute': 'кар яуса'}","{'condition_description': 'шулкадәр', 'condition_temperature': 'сәяхәт куркыныч'}"
test_40,бөтен хәтерләтүләрне күрсәт,reminder/show_reminders,none,False,0.8561,True,False,False,{'reference': 'бөтен'},{}
test_41,барлык хәтерләтүләрне бетер,reminder/cancel_reminder,BookRestaurant,False,0.9365,False,False,False,{'reference': 'барлык'},{'cuisine': ''}
test_42,миңа иртәгә куртка кирәкме?,weather/find,weather/find,True,0.929,False,False,False,"{'datetime': 'иртәгә', 'weather/attribute': 'куртка'}","{'condition_description': 'куртка', 'datetime': '', 'location': ''}"
test_43,Будильникка кадәр күпме вакыт калды,alarm/time_left_on_alarm,alarm/show_alarms,False,0.9411,False,True,False,{},{}
test_44,Будильникны туктат,alarm/snooze_alarm,alarm/set_alarm,False,0.939,False,True,False,{},{'datetime': 'туктат'}
test_45,Миңа барлык будильникларны күрсәт,alarm/show_alarms,alarm/show_alarms,True,0.9609,False,False,False,{'reference': 'барлык'},{'datetime': ''}
test_46,Йеллоустонда һава торышы нинди?,weather/find,weather/find,True,0.9429,False,False,False,{'location': 'Йеллоустонда'},"{'condition_description': 'һава торышы', 'location': 'Йеллоустон'}"
test_47,Бүген һава торышы нинди?,weather/find,weather/find,True,0.9329,False,False,False,{'datetime': 'Бүген'},"{'datetime': 'бүгүн', 'location': ''}"
test_48,Иртәгә Патрикны мәктәптән алырга минем искә төшерүдән алып бетер.,reminder/cancel_reminder,none,False,0.8851,True,False,False,"{'datetime': 'Иртәгә', 'reminder/todo': 'Патрикны мәктәптән алырга', 'reference': 'минем'}",{}
test_49,Миңа иртәгә шул ук вакытта табибка язылырга искә төшер,reminder/set_reminder,appointment/set_appointment,False,0.9384,False,False,False,"{'datetime': 'иртәгә шул ук вакытта', 'reminder/todo': 'табибка язылырга'}",{'datetime': 'искә төшер'}
test_50,Миңа аренданы түләргә искә төшер,reminder/set_reminder,weather/find,False,0.8603,False,False,False,{'reminder/todo': 'аренданы түләргә'},{'condition_description': 'түләргә'}
test_51,яңгыр кайчан бетәчәк?,weather/find,SearchCreativeWork,False,0.9352,False,False,False,{'weather/attribute': 'яңгыр'},{'object_type': 'кинопоказ'}
test_52,будильникларны бетер,alarm/cancel_alarm,alarm/show_alarms,False,0.9754,False,False,False,{},{}
test_53,Сишәмбе көнне миңа Стефанига шалтыратырга искә төшер,reminder/set_reminder,AddToPlaylist,False,0.9405,False,False,False,"{'datetime': 'Сишәмбе көнне', 'reminder/todo': 'Стефанига шалтыратырга'}","{'artist': 'Сишәмбе', 'entity_name': 'миңа', 'playlist': 'Шалтыратырга'}"
test_54,барлык минем уяткыч сәгатьләрне күрсәт,alarm/show_alarms,SearchCreativeWork,False,0.9299,False,False,False,{'reference': 'барлык минем'},{'object_type': 'фильмы'}
test_55,Бүген никадәр эссе булачак?,weather/find,SearchCreativeWork,False,0.9872,False,False,False,"{'datetime': 'Бүген', 'weather/attribute': 'эссе'}",{'object_type': 'essay'}
test_56,будильникны бүген кичке 5 куй,alarm/set_alarm,alarm/set_alarm,True,0.9207,False,False,False,{'datetime': 'бүген кичке 5'},"{'datetime': 'бүген', 'recurring_datetime': '', 'reference': '', 'reminder/todo': 'кичке 5 куй'}"
test_57,21-енче августта көндез 3-тә табибка барырга искә төшер,reminder/set_reminder,BookRestaurant,False,0.9486,False,False,False,"{'datetime': '21-енче августта көндез 3-тә', 'reminder/todo': 'табибка барырга'}","{'datetime': '21-енче августта', 'party_size_number': '3', 'doctor_name': 'tabiбка'}"
test_58,көн саен иртәнге сәгать 7-дә дарулар эчәргә турында минем искә төшерүне бетер,reminder/cancel_reminder,SearchScreeningEvent,False,0.9356,False,False,False,"{'recurring_datetime': 'көн саен иртәнге сәгать 7-дә', 'reminder/todo': 'дарулар эчәргә'}","{'datetime': '7', 'location': 'дарулар эчәргә', 'movie_name': 'минем'}"
test_59,киләсе фараз яңгырны кайчан күрсәтә,weather/find,SearchCreativeWork,False,0.9474,False,False,False,{'weather/attribute': 'яңгырны'},{'object_type': 'киләсе'}
test_60,Иртәгә иртә белән минем будильнигым нинди вакытка куелган?,alarm/show_alarms,alarm/time_left_on_alarm,False,0.9406,False,False,False,"{'datetime': 'Иртәгә иртә', 'reference': 'минем'}",{'reference': 'будильнигым'}
test_61,бүген кар явармы,weather/find,weather/find,True,0.9374,False,False,False,"{'datetime': 'бүген', 'weather/attribute': 'кар'}","{'datetime': 'бүгүн', 'location': ''}"
test_62,Минем будильнигымны сүндер.,alarm/cancel_alarm,alarm/set_alarm,False,0.9552,False,False,False,{'reference': 'Минем'},"{'datetime': '', 'recurring_datetime': '', 'reference': ''}"
test_63,Барлык будильникларны бетер,alarm/cancel_alarm,alarm/show_alarms,False,0.9852,False,False,False,{'reference': 'Барлык'},{}
test_64,миңа продуктларны сатып алырга искә төшер,reminder/set_reminder,BookRestaurant,False,0.9029,False,False,False,{'reminder/todo': 'продуктларны сатып алырга'},"{'cuisine': 'миңа продуктлар', 'party_size_description': 'искә төшер'}"
test_65,Миңа иртәнге сәгать 9-да иртәнге аш өчен будильник кирәк,alarm/set_alarm,alarm/set_alarm,True,0.9721,False,False,False,{'datetime': 'иртәнге сәгать 9-да'},"{'datetime': '9', 'recurring_datetime': None}"
test_66,уен башланганчы бер сәгать алдан Кольтларны карау турында искә төшерүне куй,reminder/set_reminder,BookRestaurant,False,0.9116,False,False,False,"{'datetime': 'уен башланганчы бер сәгать алдан', 'reminder/todo': 'Кольтларны карау'}","{'datetime': '', 'location': '', 'party_size_description': ''}"
test_67,барлык будильникларны бетер,alarm/cancel_alarm,alarm/show_alarms,False,0.9483,False,False,False,{'reference': 'барлык'},"{'datetime': None, 'reference': None}"
test_68,Бу исемлектән минем өченче искә төшерүне бетер.,reminder/cancel_reminder,weather/find,False,0.9153,False,False,False,{'reference': 'минем өченче'},{'condition_description': 'искә төшерүне'}
test_69,Будильникны иртәнге 6 куй,alarm/set_alarm,alarm/set_alarm,True,0.9674,False,False,False,{'datetime': 'иртәнге 6'},"{'datetime': 'иртәнге 6', 'reference': ''}"
test_70,Бу будильникны хәзердән көндезге 2-гә куй,alarm/cancel_alarm,alarm/set_alarm,False,0.9559,False,False,False,"{'reference': 'Бу', 'datetime': 'хәзердән | көндезге 2-гә'}","{'datetime': 'көндезге 2-гә', 'reference': ''}"
test_71,Кар булырмы?,weather/find,weather/find,True,0.9189,False,False,False,{'weather/attribute': 'Кар'},{'condition_description': 'кар булырмы'}
test_72,Миңа аренданы түләргә искә төшер.,reminder/set_reminder,weather/find,False,0.8501,False,False,False,{'reminder/todo': 'аренданы түләргә'},{'condition_description': 'түләрге'}
test_73,иртәгә нинди иң түбән температура,weather/find,weather/find,True,0.9855,False,False,False,"{'datetime': 'иртәгә', 'weather/attribute': 'иң түбән'}",{'condition_temperature': 'түбән'}
test_74,Бүген кояшлы булырмы?,weather/find,weather/find,True,0.9305,False,False,False,"{'datetime': 'Бүген', 'weather/attribute': 'кояшлы'}","{'datetime': 'бүгени', 'location': ''}"
test_75,Бүген минем ничә искә төшерүләрем бар?,reminder/show_reminders,weather/find,False,0.9449,False,False,False,{'datetime': 'Бүген'},{'datetime': 'бүгени'}
test_76,Минем иртәгә нинди искә төшерүләрем бар?,reminder/show_reminders,weather/find,False,0.9312,False,False,False,"{'reference': 'Минем', 'datetime': 'иртәгә'}","{'condition_description': '', 'condition_temperature': ''}"
test_77,Минем барлык искә төшерүләремне бетер.,reminder/cancel_reminder,BookRestaurant,False,0.8831,False,False,False,{'reference': 'Минем барлык'},{'party_size_description': 'бетер'}
test_78,будильникны иртәнге 6-га куй,alarm/set_alarm,alarm/set_alarm,True,0.9436,False,False,False,{'datetime': 'иртәнге 6-га'},"{'datetime': 'иртәнге 6-га куй', 'reference': ''}"
test_79,Будильникны 30 минутка куй,alarm/set_alarm,alarm/set_alarm,True,0.9379,False,False,False,{'datetime': '30 минутка'},"{'datetime': '30 минутка', 'recurring_datetime': None}"
test_80,Будильникны бер сәгать алга куй.,alarm/set_alarm,alarm/set_alarm,True,0.9278,False,False,False,{'datetime': 'бер сәгать алга'},"{'datetime': 'бер сәгать', 'recurring_datetime': None}"
test_81,барлык будильникларны бетер,alarm/cancel_alarm,alarm/show_alarms,False,0.9483,False,False,False,{'reference': 'барлык'},"{'datetime': None, 'reference': None}"
test_82,Лос-Анджелеста һава торышы,weather/find,weather/find,True,0.8616,False,False,False,{'location': 'Лос - Анджелеста'},"{'condition_description': 'ло сан-анджеlestonа', 'datetime': '', 'location': 'ло сан-анджеlestonа', 'weather/attribute': ''}"
test_83,бөтен будильникларны бетер,alarm/cancel_alarm,alarm/show_alarms,False,0.9752,False,False,False,{'reference': 'бөтен'},{}
test_84,Бүген минем ничә искә төшерүләрем бар?,reminder/show_reminders,weather/find,False,0.9449,False,False,False,{'datetime': 'Бүген'},{'datetime': 'бүгени'}
test_85,Миңа иртәгә кибеттә кәгазь сөлгеләр сатып алырга искә төшер,reminder/set_reminder,BookRestaurant,False,0.9376,False,False,False,"{'datetime': 'иртәгә', 'reminder/todo': 'кибеттә кәгазь сөлгеләр сатып алырга'}","{'cuisine': 'кибеттә кәгазь', 'location': ''}"
test_86,Миңа минем барлык искә төшерүләремне күрсәт,reminder/show_reminders,weather/find,False,0.9198,False,False,False,{'reference': 'минем барлык'},"{'condition_description': 'искә төшерүләремне', 'datetime': ''}"
test_87,Будильникны иртәнге 6 куй,alarm/set_alarm,alarm/set_alarm,True,0.9674,False,False,False,{'datetime': 'иртәнге 6'},"{'datetime': 'иртәнге 6', 'reference': ''}"
test_88,иртәгә кар булырмы,weather/find,weather/find,True,0.8965,False,False,False,"{'datetime': 'иртәгә', 'weather/attribute': 'кар'}","{'condition_description': 'кар', 'condition_temperature': 'булырмы'}"
test_89,иртәгә минем иртәнге будильникны бетер,alarm/cancel_alarm,alarm/set_alarm,False,0.9464,False,False,False,"{'datetime': 'иртәгә | иртәнге', 'reference': 'минем'}","{'datetime': '', 'reference': ''}"
test_90,Дүшәмбе көнне төшке ашка будильникны куй.,alarm/set_alarm,alarm/set_alarm,True,0.9192,False,False,False,{'recurring_datetime': 'Дүшәмбе көнне төшке ашка'},"{'datetime': 'дүшәмбе көнне', 'recurring_datetime': '', 'reference': ''}"
test_91,Бүген никадәр эссе булачак?,weather/find,SearchCreativeWork,False,0.9872,False,False,False,"{'datetime': 'Бүген', 'weather/attribute': 'эссе'}",{'object_type': 'essay'}
test_92,иртәнге будильникларны куерга миңа искә төшер,reminder/set_reminder,alarm/show_alarms,False,0.9464,False,False,False,"{'datetime': 'иртәнге', 'reminder/todo': 'будильникларны куерга'}",{'datetime': ''}
test_93,бөтен будильникларны бетер,alarm/cancel_alarm,alarm/show_alarms,False,0.9752,False,False,False,{'reference': 'бөтен'},{}
test_94,Минем будильникларымны күрсәт,alarm/show_alarms,alarm/show_alarms,True,0.9714,False,False,False,{'reference': 'Минем'},"{'datetime': '', 'reference': ''}"
test_95,будильникны сүндер,alarm/cancel_alarm,alarm/show_alarms,False,0.9632,False,False,False,{},{}
test_96,Бүген температура нинди?,weather/find,weather/find,True,0.9508,False,False,False,"{'datetime': 'Бүген', 'weather/attribute': 'температура'}","{'datetime': 'бүгүн', 'location': ''}"
test_97,будильникны сүндер,alarm/cancel_alarm,alarm/show_alarms,False,0.9632,False,False,False,{},{}
test_98,Барлык будильникларны күрсәт,alarm/show_alarms,alarm/show_alarms,True,0.9582,False,False,False,{'reference': 'Барлык'},{'datetime': ''}
test_99,Будильникны 30 минут саен куй,alarm/set_alarm,alarm/set_alarm,True,0.9245,False,False,False,{'recurring_datetime': '30 минут саен'},{'datetime': '30 минут саен куй'}
test_100,Бүген нинди температура булачак?,weather/find,weather/find,True,0.9432,False,False,False,"{'datetime': 'Бүген', 'weather/attribute': 'температура'}",{'datetime': 'бүгүн'}
test_101,Бүген кызу булырмы?,weather/find,weather/find,True,0.9291,False,False,False,"{'datetime': 'Бүген', 'weather/attribute': 'кызу'}",{'datetime': 'бүгени'}
test_102,Иртәгә яңгыр булырмы?,weather/find,weather/find,True,0.8908,False,False,False,"{'datetime': 'Иртәгә', 'weather/attribute': 'яңгыр'}","{'condition_description': 'булырмы', 'datetime': ''}"
test_103,Киләсе будильникны бетер,alarm/cancel_alarm,alarm/set_alarm,False,0.9664,False,False,False,{'reference': 'Киләсе'},"{'datetime': '', 'recurring_datetime': '', 'reference': ''}"
test_104,Бүген кибеткә барырга искә төшер,reminder/set_reminder,alarm/set_alarm,False,0.8887,False,False,False,"{'datetime': 'Бүген', 'reminder/todo': 'кибеткә барырга'}","{'datetime': 'бүгени', 'reminder/todo': ''}"
test_105,киләсе атнада минем искә төшерүләрне бетер,reminder/cancel_reminder,SearchCreativeWork,False,0.9495,False,False,False,"{'datetime': 'киләсе атнада', 'reference': 'минем'}",{'object_name': 'киләсе атнада минем'}
test_106,миңа сишәмбе көнне көндезге сәгать 3-тә этне грумерга алып барырга исемә төшер,reminder/set_reminder,BookRestaurant,False,0.864,False,False,False,"{'datetime': 'сишәмбе көнне көндезге сәгать 3-тә', 'reminder/todo': 'этне грумерга алып барырга'}","{'party_size_number': '3', 'datetime': 'кинозалы', 'restaurant_type': 'грумер'}"
test_107,28-енче көнне Дженга годовщинага чәчәкләр сатып алырга исемә төшер.,reminder/set_reminder,none,False,0.9277,True,False,False,"{'datetime': '28-енче көнне', 'reminder/todo': 'Дженга годовщинага чәчәкләр сатып алырга'}",{}
test_108,Бүген һава торышы нинди?,weather/find,weather/find,True,0.9329,False,False,False,{'datetime': 'Бүген'},"{'datetime': 'бүгүн', 'location': ''}"
test_109,Иртәгә табибка язылырга миңа искә төшер.,reminder/set_reminder,weather/find,False,0.8928,False,False,False,"{'datetime': 'Иртәгә', 'reminder/todo': 'табибка язылырга'}",{'condition_description': 'миңа'}
test_110,бөтен будильникларны сүндер,alarm/cancel_alarm,alarm/show_alarms,False,0.9749,False,False,False,{'reference': 'бөтен'},{}
test_111,Мин үзем белән дождевикны алыйммы?,weather/find,weather/find,True,0.9195,False,False,False,{'weather/attribute': 'дождевикны'},"{'condition_description': 'дождевик', 'datetime': '', 'location': 'мин үзем'}"
test_112,Начар һава торышы фаразы нинди?,weather/find,weather/find,True,0.9607,False,False,False,{'weather/attribute': 'Начар'},"{'datetime': '', 'location': '', 'condition_description': '', 'condition_temperature': ''}"
test_113,киләсе атнада табибка язуым турында искә төшер,reminder/set_reminder,SearchCreativeWork,False,0.9098,False,False,False,"{'datetime': 'киләсе атнада', 'reminder/todo': 'табибка язуым турында'}","{'object_name': 'киләсе атнада табибка язуым', 'object_type': 'фильм'}"
test_114,иртәнге 8 кибеткә бару турында искә төшер,reminder/set_reminder,BookRestaurant,False,0.9018,False,False,False,"{'datetime': 'иртәнге 8', 'reminder/todo': 'кибеткә бару'}","{'datetime': '8 кибет', 'party_size_description': 'турында'}"
test_115,Химчисткага барырга искә төшерү яса.,reminder/set_reminder,BookRestaurant,False,0.908,False,False,False,{'reminder/todo': 'Химчисткага барырга'},{'location': 'барырга'}
test_116,кайчан салкынрак булачак,weather/find,BookRestaurant,False,0.8795,False,False,False,{'weather/attribute': 'салкынрак'},{'location': 'салкынрак'}
test_117,бу атнада яңгыр булырмы,weather/find,alarm/set_alarm,False,0.9277,False,False,False,"{'datetime': 'бу атнада', 'weather/attribute': 'яңгыр'}","{'datetime': 'атнада', 'reminder/todo': 'булырмы'}"
test_118,барлык будильникларны бетер,alarm/cancel_alarm,alarm/show_alarms,False,0.9483,False,False,False,{'reference': 'барлык'},"{'datetime': None, 'reference': None}"
test_119,будильникларны бетер,alarm/cancel_alarm,alarm/show_alarms,False,0.9754,False,False,False,{},{}
test_120,минем будильникларымны күрсәт,alarm/show_alarms,alarm/show_alarms,True,0.9625,False,False,False,{'reference': 'минем'},"{'datetime': '', 'reference': ''}"
test_121,Минем будильнигым кайсы вакытка куйган?,alarm/show_alarms,alarm/show_alarms,True,0.9744,False,False,False,{},{'datetime': ''}
test_122,Шимбә көнне яңгыр булырмы?,weather/find,weather/find,True,0.9327,False,False,False,"{'datetime': 'Шимбә', 'weather/attribute': 'яңгыр'}","{'condition_description': 'яңгыр', 'datetime': 'шимбә көнне'}"
test_123,бүген никадәр эссе булачак,weather/find,AddToPlaylist,False,0.9516,False,False,False,"{'datetime': 'бүген', 'weather/attribute': 'эссе'}","{'artist': '', 'entity_name': '', 'music_item': '', 'playlist': '', 'reference': ''}"
test_124,Барлык будильникларны бетер,alarm/cancel_alarm,alarm/show_alarms,False,0.9852,False,False,False,{'reference': 'Барлык'},{}
test_125,Бу ял көннәрендә Тахода һава торышы?,weather/find,weather/find,True,0.8943,False,False,False,"{'datetime': 'Бу ял көннәрендә', 'location': 'Тахода'}","{'datetime': 'көннәрен', 'location': 'Тахода'}"
test_126,Миңа бүген пальто кирәкме?,weather/find,weather/find,True,0.8897,False,False,False,"{'datetime': 'бүген', 'weather/attribute': 'пальто'}",{'condition_description': 'палатка'}
test_127,Яңгыр кайчан туктар?,weather/find,weather/find,True,0.9558,False,False,False,{'weather/attribute': 'Яңгыр'},"{'datetime': '', 'location': '', 'condition_description': '', 'condition_temperature': ''}"
test_128,Дүшәмбе көнне 16:00 сәгатьтә минем мәктәпкә шалтыратырга хәтерләтү куй,reminder/set_reminder,SearchCreativeWork,False,0.9526,False,False,False,"{'datetime': 'Дүшәмбе көнне 16:00 сәгатьтә', 'reminder/todo': 'минем мәктәпкә шалтыратырга'}","{'datetime': '16:00', 'object_type': 'минем'}"
test_129,Минем будильнигымны сүндер.,alarm/cancel_alarm,alarm/set_alarm,False,0.9552,False,False,False,{'reference': 'Минем'},"{'datetime': '', 'recurring_datetime': '', 'reference': ''}"
test_130,Бүген кич никадәр салкын булыр?,weather/find,weather/find,True,0.9272,False,False,False,"{'datetime': 'Бүген кич', 'weather/attribute': 'салкын'}","{'datetime': 'бүгени', 'location': ''}"
test_131,Будильникны иртәнге җидегә куй.,alarm/set_alarm,alarm/set_alarm,True,0.9601,False,False,False,{'datetime': 'иртәнге җидегә'},"{'datetime': '', 'recurring_datetime': ''}"
test_132,Минем Робны алу турында хәтерләтүемне бетер,reminder/cancel_reminder,AddToPlaylist,False,0.9432,False,False,False,"{'reference': 'Минем', 'reminder/todo': 'Робны алу'}","{'artist': 'Минем', 'entity_name': 'Робны алу тур', 'music_item': 'хәтер', 'playlist': ''}"
test_133,Иртәгә сөт сатып алу турында хәтерләтү яса.,reminder/set_reminder,weather/find,False,0.9336,False,False,False,"{'datetime': 'Иртәгә', 'reminder/todo': 'сөт сатып алу'}",{'condition_description': 'сатып алу'}
test_134,Будильникны иртәнге 6 куй,alarm/set_alarm,alarm/set_alarm,True,0.9674,False,False,False,{'datetime': 'иртәнге 6'},"{'datetime': 'иртәнге 6', 'reference': ''}"
test_135,"көндәлек будильникны, аны бетергәнче, кичке җиде сәгать утыз минутка планлаштыр",alarm/set_alarm,alarm/set_alarm,True,0.9303,False,False,False,{'recurring_datetime': 'көндәлек | кичке җиде сәгать утыз минутка'},"{'datetime': 'кичке җиде сәгать', 'recurring_datetime': '', 'reference': '', 'reminder/todo': ''}"
test_136,миңа торыр өчен будильникны куерга исемә төшер,reminder/set_reminder,alarm/set_alarm,False,0.9606,False,False,False,{'reminder/todo': 'торыр өчен будильникны куерга'},"{'datetime': '', 'reference': ''}"
test_137,Минем хәтерләтүне бетер,reminder/cancel_reminder,alarm/set_alarm,False,0.9247,False,False,False,{'reference': 'Минем'},"{'datetime': 'минем хәтерләтүне бетер', 'recurring_datetime': ''}"
test_138,Бүген кар булырмы?,weather/find,weather/find,True,0.9327,False,False,False,"{'datetime': 'Бүген', 'weather/attribute': 'кар'}","{'datetime': 'бүгени', 'location': ''}"
test_139,Миңа бөтен будильникларны күрсәт,alarm/show_alarms,alarm/show_alarms,True,0.9693,False,False,False,{'reference': 'бөтен'},"{'datetime': '', 'reference': ''}"
test_140,бөтен хәтерләтүләрне күрсәт,reminder/show_reminders,none,False,0.8561,True,False,False,{'reference': 'бөтен'},{}
test_141,минем будильнигымда күпме вакыт калды,alarm/time_left_on_alarm,alarm/show_alarms,False,0.9688,False,True,False,{'reference': 'минем'},{}
test_142,будильникны 2 сәгатькә куй,alarm/set_alarm,alarm/set_alarm,True,0.9737,False,False,False,{'datetime': '2 сәгатькә'},"{'datetime': '2 сәгатькә', 'reference': ''}"
test_143,Эштән соң икмәк сатып алырга исемә төшер,reminder/set_reminder,alarm/set_alarm,False,0.893,False,False,False,"{'datetime': 'Эштән соң', 'reminder/todo': 'икмәк сатып алырга'}","{'datetime': 'икмәк сатып алырга исемә төшер', 'reminder/todo': ''}"
test_144,Бүген яңгыр булырмы?,weather/find,weather/find,True,0.9117,False,False,False,"{'datetime': 'Бүген', 'weather/attribute': 'яңгыр'}","{'datetime': 'бүгени', 'location': ''}"
test_145,бүгенге һава торышы фаразын укы,weather/find,weather/find,True,0.9018,False,False,False,{'datetime': 'бүгенге'},"{'datetime': 'бүгени', 'location': 'undefined'}"
test_146,Минем будильнигым нинди вакытка куелган?,alarm/show_alarms,alarm/show_alarms,True,0.9485,False,False,False,{'reference': 'Минем'},{'datetime': ''}
test_147,иртәгә 4 миңа сәүдә үзәгенә барырга исемә төшер,reminder/set_reminder,weather/find,False,0.9115,False,False,False,"{'datetime': 'иртәгә 4', 'reminder/todo': 'сәүдә үзәгенә барырга'}",{'condition_description': '4 миңа сәүдә үзәгени'}
test_148,бүген кул чатырны үзем белән алыйммы,weather/find,weather/find,True,0.9132,False,False,False,"{'datetime': 'бүген', 'weather/attribute': 'кул чатырны'}","{'datetime': 'бүгени', 'location': 'чатыр'}"
test_149,Минем хәтерләтүне күрсәт,reminder/show_reminders,weather/find,False,0.9462,False,False,False,{'reference': 'Минем'},{'condition_description': 'хәтер'}
test_150,Минем бөтен хәтерләтүләрне күрсәт,reminder/show_reminders,SearchCreativeWork,False,0.9487,False,False,False,{'reference': 'Минем бөтен'},{'object_type': 'хәтер'}
test_151,Дүшәмбе көнне эт ризыгы турында хәтерләтү куй,reminder/set_reminder,weather/find,False,0.8839,False,False,False,"{'datetime': 'Дүшәмбе', 'reminder/todo': 'эт ризыгы'}",{'condition_description': 'дерези'}
test_152,"Иртәгегә ""Сишәмбе кичендә Балада Саб йога дәресенә язылырга "" хәтерләтүне куй",reminder/set_reminder,BookRestaurant,False,0.8827,False,False,False,"{'datetime': 'Иртәгегә', 'reminder/todo': 'Сишәмбе кичендә Балада Саб йога дәресенә язылырга'}","{'datetime': '', 'location': 'Балада', 'party_size_description': 'дәресенә язылырга', 'restaurant_type': 'Саб йога дәресен'}"
test_153,бүгенгегә бөтен искә төшерүләрне бетер,reminder/cancel_reminder,alarm/set_alarm,False,0.864,False,False,False,"{'datetime': 'бүгенгегә', 'reference': 'бөтен'}","{'datetime': 'бүгени', 'reminder/todo': 'искер төшерүлүр'}"
test_154,Бу атнада Нью-Йоркта нинди һава торышы булачак,weather/find,weather/find,True,0.9272,False,False,False,"{'datetime': 'Бу атнада', 'location': 'Нью - Йоркта'}","{'location': 'Нью-Йоркта', 'condition_temperature': 'не указано', 'condition_description': 'не указано'}"
test_155,пәнҗешәмбе көнне көндез 12-дә табибка баруымны исемә төшер,reminder/set_reminder,BookRestaurant,False,0.8969,False,False,False,"{'datetime': 'пәнҗешәмбе көнне көндез 12-дә', 'reminder/todo': 'табибка баруымны'}","{'datetime': '12', 'party_size_number': 'табибка', 'restaurant_type': 'табиб'}"
test_156,Будильникны кичке 6:50 куй,alarm/set_alarm,alarm/set_alarm,True,0.9834,False,False,False,{'datetime': 'кичке 6:50'},"{'datetime': '6:50', 'reference': ''}"
test_157,Бүген кар булырмы?,weather/find,weather/find,True,0.9327,False,False,False,"{'datetime': 'Бүген', 'weather/attribute': 'кар'}","{'datetime': 'бүгени', 'location': ''}"
test_158,Нинди будильниклар куелган?,alarm/show_alarms,alarm/show_alarms,True,0.9718,False,False,False,{},{}
test_159,7 октябрьгә искә төшерү будильникны куй,reminder/set_reminder,alarm/set_alarm,False,0.9517,False,False,False,{'datetime': '7 октябрьгә'},"{'datetime': '7 октябрьгә', 'reference': ''}"
test_160,бүген кар булырмы?,weather/find,weather/find,True,0.9379,False,False,False,"{'datetime': 'бүген', 'weather/attribute': 'кар'}",{'datetime': 'бүгени'}
test_161,будильникны 15 минутка күчер,alarm/snooze_alarm,alarm/set_alarm,False,0.9586,False,True,False,{'datetime': '15 минутка'},"{'datetime': '15 минутка', 'recurring_datetime': None}"
test_162,Күпме кар булуын фаразлыйлар?,weather/find,weather/find,True,0.8523,False,False,False,{'weather/attribute': 'кар'},{'condition_description': 'купмей'}
test_163,урамда эссе ме,weather/find,SearchCreativeWork,False,0.9874,False,False,False,"{'location': 'урамда', 'weather/attribute': 'эссе'}",{'object_type': 'essay'}
test_164,Бүген нинди температура булачак?,weather/find,weather/find,True,0.9432,False,False,False,"{'datetime': 'Бүген', 'weather/attribute': 'температура'}",{'datetime': 'бүгүн'}
test_165,иртәгә Далласта һава торышы нинди булыр,weather/find,weather/find,True,0.8646,False,False,False,"{'datetime': 'иртәгә', 'location': 'Далласта'}","{'condition_description': 'Далласт', 'datetime': ''}"
test_166,бүгенгегә минем бөтен искә төшерүләрне күрсәт,reminder/show_reminders,weather/find,False,0.8187,False,False,False,"{'datetime': 'бүгенгегә', 'reference': 'минем бөтен'}","{'datetime': 'бүгени', 'location': ' mine', 'condition_description': 'iski төшерүлүр'}"
test_167,Атна саен продукт сатып алу турында хәтерләтү куй.,reminder/set_reminder,AddToPlaylist,False,0.9253,False,False,False,"{'recurring_datetime': 'Атна саен', 'reminder/todo': 'продукт сатып алу'}","{'artist': 'атна', 'entity_name': 'сaен', 'music_item': 'хәтер'}"
test_168,һава торышы,weather/find,weather/find,True,0.8414,False,False,False,{},{'condition_description': 'тащыш'}
test_169,Яңгыр көне буе явыр микән?,weather/find,weather/find,True,0.9551,False,False,False,"{'weather/attribute': 'Яңгыр', 'datetime': 'көне буе'}","{'datetime': '', 'location': '', 'condition_description': '', 'condition_temperature': ''}"
test_170,Иртәгә яңгыр булырмы?,weather/find,weather/find,True,0.8908,False,False,False,"{'datetime': 'Иртәгә', 'weather/attribute': 'яңгыр'}","{'condition_description': 'булырмы', 'datetime': ''}"
test_171,Бүген кич эш хатларына җавап бирергә исемә төшер,reminder/set_reminder,alarm/show_alarms,False,0.9158,False,False,False,"{'datetime': 'Бүген кич', 'reminder/todo': 'эш хатларына җавап бирергә'}",{'datetime': 'бүгени'}
test_172,Будильникларны бетер,alarm/cancel_alarm,alarm/show_alarms,False,0.9878,False,False,False,{},{}
test_173,Минем будильникларны бетер,alarm/cancel_alarm,alarm/show_alarms,False,0.9594,False,False,False,{'reference': 'Минем'},{}
test_174,Мин бүген шортыны кия аламмы?,weather/find,weather/find,True,0.9573,False,False,False,"{'datetime': 'бүген', 'weather/attribute': 'шортыны'}","{'datetime': 'мин бүгөн', 'location': ''}"
test_175,Иртәгә яңгыр булырмы?,weather/find,weather/find,True,0.8908,False,False,False,"{'datetime': 'Иртәгә', 'weather/attribute': 'яңгыр'}","{'condition_description': 'булырмы', 'datetime': ''}"
test_176,Будильникны иртәнге 10 куй,alarm/set_alarm,alarm/set_alarm,True,0.9553,False,False,False,{'datetime': 'иртәнге 10'},"{'datetime': 'иртәнге 10', 'reference': ''}"
test_177,бу атнада яңгыр булырмы,weather/find,alarm/set_alarm,False,0.9277,False,False,False,"{'datetime': 'бу атнада', 'weather/attribute': 'яңгыр'}","{'datetime': 'атнада', 'reminder/todo': 'булырмы'}"
test_178,бөтен хәтерләтүләрне күрсәт,reminder/show_reminders,none,False,0.8561,True,False,False,{'reference': 'бөтен'},{}
test_179,будильникларны бетер,alarm/cancel_alarm,alarm/show_alarms,False,0.9754,False,False,False,{},{}
test_180,бөтен будильникларны сүндер,alarm/cancel_alarm,alarm/show_alarms,False,0.9749,False,False,False,{'reference': 'бөтен'},{}
test_181,бөтен будильник настройкаларын күрсәт,alarm/show_alarms,alarm/show_alarms,True,0.9529,False,False,False,{'reference': 'бөтен'},"{'datetime': None, 'reference': None}"
test_182,Будильникны егерме минут саен куй,alarm/set_alarm,alarm/set_alarm,True,0.9247,False,False,False,{'recurring_datetime': 'егерме минут саен'},"{'datetime': 'минут саен куй', 'recurring_datetime': ''}"
test_183,Минем нинди искә төшерүләрем бар?,reminder/show_reminders,SearchCreativeWork,False,0.9512,False,False,False,{'reference': 'Минем'},{'object_name': 'минем нинди'}
test_184,иртәгегә будильникны бетер,alarm/cancel_alarm,alarm/set_alarm,False,0.9595,False,False,False,{'datetime': 'иртәгегә'},"{'datetime': '', 'recurring_datetime': '', 'reference': ''}"
test_185,бүген миңа зонтик кирәкме?,weather/find,none,False,0.7945,True,False,False,"{'datetime': 'бүген', 'weather/attribute': 'зонтик'}",{}
test_186,бүген кар булырмы?,weather/find,weather/find,True,0.9379,False,False,False,"{'datetime': 'бүген', 'weather/attribute': 'кар'}",{'datetime': 'бүгени'}
test_187,Бүген кич минем әнигә шалтыратырга искә төшер,reminder/set_reminder,alarm/set_alarm,False,0.8984,False,False,False,"{'datetime': 'Бүген кич', 'reminder/todo': 'минем әнигә шалтыратырга'}","{'datetime': 'бүгени', 'reminder/todo': 'шалтыратырга искер'}"
test_188,Бүген яңгыр булырмы?,weather/find,weather/find,True,0.9117,False,False,False,"{'datetime': 'Бүген', 'weather/attribute': 'яңгыр'}","{'datetime': 'бүгени', 'location': ''}"
test_189,Шимбә көнне яңгыр булырмы?,weather/find,weather/find,True,0.9327,False,False,False,"{'datetime': 'Шимбә', 'weather/attribute': 'яңгыр'}","{'condition_description': 'яңгыр', 'datetime': 'шимбә көнне'}"
test_190,Будильникны һәр минут саен 20 минутка куясынмы?,alarm/set_alarm,alarm/set_alarm,True,0.9054,False,False,False,{'recurring_datetime': 'һәр минут саен 20 минутка'},"{'datetime': 'саен 20 минутка куясын', 'recurring_datetime': 'саен'}"
test_191,Кариб бассейнында тропик давыллар,weather/find,BookRestaurant,False,0.9634,False,False,False,"{'location': 'Кариб', 'weather/attribute': 'тропик давыллар'}","{'location': 'Кариб бассейн', 'cuisine': 'тропик давыллар'}"
test_192,барлык будильникларны бетер,alarm/cancel_alarm,alarm/show_alarms,False,0.9483,False,False,False,{'reference': 'барлык'},"{'datetime': None, 'reference': None}"
test_193,Будильникны тугыз минут саен куй,alarm/set_alarm,alarm/set_alarm,True,0.9631,False,False,False,{'recurring_datetime': 'тугыз минут саен'},"{'datetime': '', 'recurring_datetime': '', 'reference': '', 'reminder/todo': ''}"
test_194,Минем исемлектән соңгы ике хәтерләтүне бетер,reminder/cancel_reminder,alarm/set_alarm,False,0.9508,False,False,False,{'reference': 'соңгы ике'},"{'datetime': 'минем исемлектән соңгы ике хәтерләтүне бетер', 'recurring_datetime': ''}"
test_195,бүген һава торышы нинди,weather/find,weather/find,True,0.9363,False,False,False,{'datetime': 'бүген'},"{'datetime': 'бүгүн', 'location': ''}"
test_196,минем будильнигымны кабыз,alarm/set_alarm,alarm/set_alarm,True,0.953,False,False,False,{'reference': 'минем'},"{'datetime': '', 'recurring_datetime': '', 'reference': ''}"
test_197,Бүген һаваның дымлылыгы нинди?,weather/find,weather/find,True,0.9184,False,False,False,"{'datetime': 'Бүген', 'weather/attribute': 'һаваның дымлылыгы'}","{'datetime': 'бүгени', 'location': 'Һаваны'}"
test_198,миңа торыр өчен будильникны куерга исемә төшер,reminder/set_reminder,alarm/set_alarm,False,0.9606,False,False,False,{'reminder/todo': 'миңа торыр өчен будильникны куерга'},"{'datetime': '', 'reference': ''}"
test_199,Бу ял көннәрендә кар явырмы?,weather/find,weather/find,True,0.8976,False,False,False,"{'datetime': 'Бу ял көннәрендә', 'weather/attribute': 'кар'}","{'datetime': 'көннәндә', 'location': 'ял'}"
test_200,Бүген никадәр эссе булачак?,weather/find,SearchCreativeWork,False,0.9872,False,False,False,"{'datetime': 'Бүген', 'weather/attribute': 'эссе'}",{'object_type': 'essay'}
test_201,Минем будильнигым нинди вакытка куелган,alarm/show_alarms,alarm/set_alarm,False,0.9345,False,False,False,{'reference': 'Минем'},"{'datetime': 'куелган', 'recurring_datetime': ''}"
test_202,Бүген һава торышы нинди?,weather/find,weather/find,True,0.9329,False,False,False,{'datetime': 'Бүген'},"{'datetime': 'бүгүн', 'location': ''}"
test_203,Иртәгә яңгыр явармы?,weather/find,weather/find,True,0.9473,False,False,False,"{'datetime': 'Иртәгә', 'weather/attribute': 'яңгыр'}","{'datetime': '', 'location': '', 'condition_description': '', 'condition_temperature': ''}"
test_204,Сишәмбе көнне иртәнге 5:15 минем будильнигымны бетер,alarm/cancel_alarm,alarm/set_alarm,False,0.967,False,False,False,"{'datetime': 'Сишәмбе көнне иртәнге 5:15', 'reference': 'минем'}","{'datetime': '5:15', 'reference': ''}"
test_205,бүгенге уен турында искәртүне бетер,reminder/cancel_reminder,alarm/set_alarm,False,0.8871,False,False,False,"{'datetime': 'бүгенге', 'reminder/todo': 'уен'}","{'datetime': 'бүгени', 'service': 'уен турында'}"
test_206,будильникны иртәнге көндезге 3-ке куй,alarm/set_alarm,alarm/set_alarm,True,0.9643,False,False,False,{'datetime': 'көндезге 3-ке'},"{'datetime': 'иртәнге', 'recurring_datetime': '', 'reference': '', 'reminder/todo': '3-ке куй'}"
test_207,шимбә көнне бөтен будильникларны бетер,alarm/cancel_alarm,alarm/show_alarms,False,0.9647,False,False,False,"{'datetime': 'шимбә көнне', 'reference': 'бөтен'}",{'datetime': ''}
test_208,Миңа Лизаны алу турында искәртү кирәк,reminder/set_reminder,SearchCreativeWork,False,0.9461,False,False,False,{'reminder/todo': 'Лизаны алу'},{'object_type': 'фильм'}
test_209,Бүген нинди югары температура?,weather/find,weather/find,True,0.9428,False,False,False,"{'datetime': 'Бүген', 'weather/attribute': 'югары'}",{'datetime': 'бүгени'}
test_210,Бүген Гринстоунда болытлы булырмы?,weather/find,weather/find,True,0.8737,False,False,False,"{'datetime': 'Бүген', 'location': 'Гринстоунда', 'weather/attribute': 'болытлы'}","{'condition_description': 'булган', 'datetime': 'бүгени'}"
test_211,Соңрак искә төшер,reminder/set_reminder,weather/find,False,0.9693,False,False,False,{'datetime': 'Соңрак'},"{'datetime': '', 'location': ''}"
test_212,бүген франциядә нинди һава торышы,weather/find,weather/find,True,0.8825,False,False,False,"{'datetime': 'бүген', 'location': 'франциядә'}","{'condition_description': 'ften', 'datetime': 'бүгени'}"
test_213,Шимбә кичәсендә кояшлы булырмы?,weather/find,weather/find,True,0.8009,False,False,False,"{'datetime': 'Шимбә', 'weather/attribute': 'кояшлы'}","{'condition_description': 'куйрмашы', 'datetime': ''}"
test_214,Иртәгә яңгыр явармы?,weather/find,weather/find,True,0.9473,False,False,False,"{'datetime': 'Иртәгә', 'weather/attribute': 'яңгыр'}","{'datetime': '', 'location': '', 'condition_description': '', 'condition_temperature': ''}"
test_215,Мин бүген шортыны кия аламмы?,weather/find,weather/find,True,0.9573,False,False,False,"{'datetime': 'бүген', 'weather/attribute': 'шортыны'}","{'datetime': 'мин бүгөн', 'location': ''}"
test_216,Минем искәртүемне күрсәт,reminder/show_reminders,weather/find,False,0.9213,False,False,False,{'reference': 'Минем'},"{'condition_description': 'искәртүемне', 'datetime': 'минем'}"
test_217,Сентябрьдә уртача һава торышы нинди,weather/find,weather/find,True,0.9691,False,False,False,{'datetime': 'Сентябрьдә'},"{'condition_description': 'уртача', 'datetime': 'Сентябрь', 'location': ''}"
test_218,Бүген салкынмы?,weather/find,weather/find,True,0.9468,False,False,False,"{'datetime': 'Бүген', 'weather/attribute': 'салкынмы'}",{'datetime': 'бүгени'}
test_219,Бөтен искәртүләремне бетер,reminder/cancel_reminder,BookRestaurant,False,0.8851,False,False,False,{'reference': 'Бөтен'},"{'party_size_description': 'бөтен искәртүләремне', 'location': 'бетер'}"
test_220,монда эссеме?,weather/find,weather/find,True,0.892,False,False,False,{'weather/attribute': 'эссеме'},"{'condition_description': ' monde', 'datetime': ' эссеме'}"
test_221,Ял көннәрендә көндезге 2 будильнигымны куй,alarm/set_alarm,alarm/set_alarm,True,0.9101,False,False,False,{'recurring_datetime': 'Ял көннәрендә көндезге 2'},"{'datetime': 'Ял көннәрен', 'recurring_datetime': '', 'reference': '', 'reminder/todo': ''}"
test_222,Будильникны иртәнге 2 куй,alarm/set_alarm,alarm/set_alarm,True,0.9434,False,False,False,{'datetime': 'иртәнге 2'},"{'datetime': 'иртәнге', 'recurring_datetime': ''}"
test_223,Бүген һаваның дымлылыгы нинди?,weather/find,weather/find,True,0.9184,False,False,False,"{'datetime': 'Бүген', 'weather/attribute': 'һаваның дымлылыгы'}","{'datetime': 'бүгени', 'location': 'Һаваны'}"
test_224,минем бөтен будильникларымны күрсәт,alarm/show_alarms,alarm/show_alarms,True,0.9411,False,False,False,{'reference': 'минем бөтен'},{'datetime': None}
test_225,Минем бөтен искәртүләремне күрсәт,reminder/show_reminders,weather/find,False,0.8939,False,False,False,{'reference': 'Минем бөтен'},"{'condition_description': 'минем', 'datetime': 'искәртүләремне'}"
test_226,бөтен будильникларымны бетер,alarm/cancel_alarm,alarm/show_alarms,False,0.968,False,False,False,{'reference': 'бөтен'},{}
test_227,Давыл минем районыма якынлашамы?,weather/find,weather/find,True,0.9018,False,False,False,"{'weather/attribute': 'Давыл', 'location': 'минем районыма'}","{'condition_description': 'минем', 'location': 'район'}"
test_228,бүген һава торышы нинди,weather/find,weather/find,True,0.9363,False,False,False,{'datetime': 'бүген'},"{'datetime': 'бүгүн', 'location': ''}"
test_229,соңгы искәртүемне бетер,reminder/cancel_reminder,weather/find,False,0.939,False,False,False,{'reference': 'соңгы'},"{'datetime': 'соңгы', 'location': 'искәртүемне'}"
test_230,Будильникка күпме вакыт калды.,alarm/time_left_on_alarm,alarm/set_alarm,False,0.9225,False,True,False,{},{'datetime': 'купме вакыт'}
test_231,Якшәмбе көнне минем бөтен будильникларымны бетер.,alarm/cancel_alarm,alarm/show_alarms,False,0.9663,False,False,False,"{'datetime': 'Якшәмбе көнне', 'reference': 'минем бөтен'}",{'datetime': ''}
test_232,Бүген нихәтле эссе булачак?,weather/find,weather/find,True,0.8347,False,False,False,"{'datetime': 'Бүген', 'weather/attribute': 'эссе'}","{'datetime': 'бүгени', 'location': 'бүгени атасы'}"
test_233,Мин сине иртәгә иртәнге 8:45 яңа будильникны куерга теләр идем,alarm/set_alarm,alarm/set_alarm,True,0.9786,False,False,False,{'datetime': 'иртәгә иртәнге 8:45'},"{'datetime': '8:45', 'reference': ''}"
test_234,бөтен будильникларны бетер,alarm/cancel_alarm,alarm/show_alarms,False,0.9752,False,False,False,{'reference': 'бөтен'},{}
test_235,Бүген кар явармы?,weather/find,weather/find,True,0.9515,False,False,False,"{'datetime': 'Бүген', 'weather/attribute': 'кар'}","{'datetime': 'бүгүн', 'location': ''}"
test_236,миңа бозны алырга искә төшер,reminder/set_reminder,weather/find,False,0.7565,False,False,False,{'reminder/todo': 'бозны алырга'},{'condition_description': 'алгаш чыghаны'}
test_237,бөтен искәртүләремне күрсәт,reminder/show_reminders,weather/find,False,0.8685,False,False,False,{'reference': 'бөтен'},{'condition_description': 'искәртүләр'}
test_238,бөтен будильникларымны күрсәт,alarm/show_alarms,alarm/show_alarms,True,0.962,False,False,False,{'reference': 'бөтен'},"{'datetime': None, 'reference': None}"
test_239,Сан-Францискода һава торышы нинди?,weather/find,weather/find,True,0.9621,False,False,False,{'location': 'Сан - Францискода'},{'location': 'San Francisco'}
test_240,Бөтен искәртүләремне бетер,reminder/cancel_reminder,BookRestaurant,False,0.8851,False,False,False,{'reference': 'Бөтен'},"{'party_size_description': 'бөтен искәртүләремне', 'location': 'бетер'}"
test_241,Концерт турында искәртүне бетер,reminder/cancel_reminder,SearchCreativeWork,False,0.9305,False,False,False,{'reminder/todo': 'Концерт'},"{'object_name': 'iskәртүне бетер', 'object_type': 'концерт'}"
test_242,Иртәгә иртәнге будильникны бетер,alarm/cancel_alarm,alarm/set_alarm,False,0.9549,False,False,False,{'datetime': 'Иртәгә иртәнге'},"{'datetime': '', 'recurring_datetime': '', 'reference': ''}"
test_243,бу атнада яңгыр явармы,weather/find,alarm/set_alarm,False,0.9515,False,False,False,"{'datetime': 'бу атнада', 'weather/attribute': 'яңгыр'}","{'datetime': 'атнада', 'reminder/todo': 'явармы'}"
test_244,Гольф уйнау өчен чәршәмбе көнне һава торышы нинди?,weather/find,weather/find,True,0.9063,False,False,False,{'datetime': 'чәршәмбе көнне'},"{'condition_description': 'гольф уйнау', 'datetime': 'өчен чәршәмбе', 'location': 'көнне', 'weather/attribute': 'температура'}"
test_245,бөтен будильникларымны күрсәт,alarm/show_alarms,alarm/show_alarms,True,0.962,False,False,False,{'reference': 'бөтен'},"{'datetime': None, 'reference': None}"
test_246,бөтен иртәгә будильникларны сүндер,alarm/cancel_alarm,alarm/show_alarms,False,0.9798,False,False,False,"{'reference': 'бөтен', 'datetime': 'иртәгә'}",{}
test_247,Будильнигымны бүген кичке 5 куй,alarm/set_alarm,alarm/set_alarm,True,0.9149,False,False,False,{'datetime': 'бүген кичке 5'},"{'datetime': 'бүгүн', 'recurring_datetime': '', 'reference': '', 'reminder/todo': 'кичке 5'}"
test_248,будильнигымны иртәге 7-гә куй,alarm/set_alarm,alarm/set_alarm,True,0.976,False,False,False,{'datetime': 'иртәге 7-гә'},"{'datetime': '7', 'reference': ''}"
test_249,Иртәгә кояшлы булырмы?,weather/find,weather/find,True,0.912,False,False,False,"{'datetime': 'Иртәгә', 'weather/attribute': 'кояшлы'}",{'condition_description': 'булырмы'}
test_250,бүген нинди эссе булыр,weather/find,SearchCreativeWork,False,0.9548,False,False,False,"{'datetime': 'бүген', 'weather/attribute': 'эссе'}",{'object_type': 'essay'}
test_251,Бир ноль йолдызлар Halo: Ghosts of Onyx,RateBook,SearchCreativeWork,False,0.936,False,False,False,"{'rating_value': 'ноль', 'rating_unit': 'йолдызлар', 'object_name': 'Halo: Ghosts of Onyx'}",{'object_type': 'игры'}
test_252,Джой Нило музыкасын кабыз .,PlayMusic,PlayMusic,True,0.9629,False,False,False,{'artist': 'Джой Нило'},"{'artist': 'Джой Нило', 'music_item': 'музыка'}"
test_253,"Зинһар, миңа 20 Hours in America дип аталган видеоуен таб .",SearchCreativeWork,PlayMusic,False,0.9293,False,False,False,"{'object_name': '20 Hours in America', 'object_type': 'видеоуен'}","{'artist': '', 'datetime': '', 'music_item': '20 Hours in America', 'playlist': ''}"
test_254,Мин ясаган плейлистымны уйнат,PlayMusic,none,False,0.9398,True,False,False,{'playlist': 'ясаган'},{}
test_255,Термонтта 9 кешегә урын броньла,BookRestaurant,BookRestaurant,True,0.9071,False,False,False,"{'location': 'Термонтта', 'party_size_number': '9 кешегә'}","{'cuisine': 'уштуп', 'location': 'Термонтта', 'party_size_number': '9'}"
test_256,Бу көйне Доротиның 80's party плейлистына өстә,AddToPlaylist,AddToPlaylist,True,0.9555,False,False,False,"{'music_item': 'көйне', 'reference': 'Доротиның', 'playlist': ""80's party""}","{'playlist': ""Доротиның 80's party"", 'artist': None, 'music_item': None}"
test_257,Last FM-да Эдди Винсонның иң яңа көйен кабыз .,PlayMusic,AddToPlaylist,False,0.9569,False,False,False,"{'service': 'Last FM-да', 'artist': 'Эдди Винсонның', 'sort': 'иң яңа', 'music_item': 'көйен'}","{'artist': 'Эдди Винсон', 'music_item': 'кабыз'}"
test_258,Небрасканың һава торышын тикшер .,weather/find,weather/find,True,0.9036,False,False,False,{'location': 'Небрасканың'},"{'condition_description': 'небрасканың', 'datetime': ''}"
test_259,NC-да хәзер буран бармы ?,weather/find,weather/find,True,0.9443,False,False,True,"{'location': 'NC-да', 'datetime': 'хәзер', 'condition_description': 'буран'}",{'condition_description': 'хәзер'}
test_260,Мин 1998 елгы минионны тыңларга телим .,PlayMusic,weather/find,False,0.8952,False,False,False,"{'datetime': '1998', 'music_item': 'минионны'}","{'condition_description': 'тыңдалуу', 'datetime': '1998'}"
test_261,Миңа Дипсон театрларында A Yiddish World Remembered өчен вакыт кирәк,SearchScreeningEvent,SearchCreativeWork,False,0.9754,False,False,False,"{'location': 'Дипсон театрларында', 'movie_name': 'A Yiddish World Remembered', 'object_type': 'вакыт'}",{'object_name': 'A Yiddish World Remembered'}
test_262,Хәзерге дәреслеккә 6-дан 1 балл бир,RateBook,RateBook,True,0.9463,False,False,False,"{'object_select': 'Хәзерге', 'object_type': 'дәреслеккә', 'best_rating': '6-дан', 'rating_value': '1'}","{'object_name': 'дәреслеккә', 'object_type': 'фильм', 'rating_value': '6', 'rating_unit': 'балл'}"
test_263,Мэтт Мерфиның көйен Flow Español плейлистына өстә.,AddToPlaylist,AddToPlaylist,True,0.952,False,False,False,"{'artist': 'Мэтт Мерфиның', 'music_item': 'көйен', 'playlist': 'Flow Español'}","{'artist': '', 'entity_name': 'Мэтт Мерфи', 'music_item': 'көйен Flow Español', 'playlist': ''}"
test_264,Мин 3 кешегә 20/05/2025 Техас янындагы судан гастропабын броньларга телим .,BookRestaurant,BookRestaurant,True,0.9483,False,False,True,"{'party_size_number': '3', 'datetime': '20/05/2025', 'location': 'Техас | янындагы', 'cuisine': 'судан', 'restaurant_type': 'гастропабын'}","{'datetime': '20/05/2025', 'location': 'Техас', 'restaurant_type': 'гастропаб', 'party_size_description': 'мин 3 кешеге'}"
test_265,Син The Approach телесериал таба алмасыңмы,SearchCreativeWork,SearchCreativeWork,True,0.9789,False,False,False,"{'object_name': 'The Approach', 'object_type': 'телесериал'}","{'object_type': 'телесериал', 'object_name': 'The Approach'}"
test_266,Бу хроникага 2 балл бир.,RateBook,RateBook,True,0.9569,False,False,True,"{'object_select': 'Бу', 'object_part_of_series_type': 'хроникага', 'rating_value': '2'}","{'object_name': 'хроникага', 'object_type': 'книга', 'rating_unit': 'балл', 'rating_value': '2'}"
test_267,The American Scene-ка 6-дан 2 йолдыз бир,RateBook,SearchCreativeWork,False,0.9738,False,False,False,"{'object_name': 'The American Scene-ка', 'best_rating': '6-дан', 'rating_value': '2', 'rating_unit': 'йолдыз'}","{'object_name': 'The American Scene', 'object_type': 'фильм'}"
test_268,Минем Nação Reggae плейлистына emilie autumn өстә.,AddToPlaylist,AddToPlaylist,True,0.9456,False,False,False,"{'reference': 'Минем', 'playlist': 'Nação Reggae', 'artist': 'emilie autumn'}","{'artist': '', 'entity_name': 'emilie autumn', 'music_item': '', 'playlist': 'Minem Nação Reggae'}"
test_269,Мин Гамбиядәге яһүд ресторанын броньларга телим .,BookRestaurant,BookRestaurant,True,0.9549,False,False,True,"{'location': 'Гамбиядәге', 'cuisine': 'яһүд', 'restaurant_type': 'ресторанын'}","{'location': 'Гамбия', 'restaurant_type': 'ресторан'}"
test_270,Fried chicken restaurant өстәленә заказ бир,BookRestaurant,BookRestaurant,True,0.9635,False,False,True,{'restaurant_name': 'Fried chicken restaurant'},"{'cuisine': 'Fried chicken', 'restaurant_name': 'өстәленә заказ'}"
test_271,минем House Afterwork плейлистымна we have a theme song өстә,AddToPlaylist,AddToPlaylist,True,0.9821,False,False,False,"{'reference': 'минем', 'playlist': 'House Afterwork', 'entity_name': 'we have a theme song'}","{'playlist': 'минем House Afterwork', 'entity_name': 'we have a theme song'}"
test_272,2026 елның унтугызынчы октябрендә моннан ерак түгел нинди һава торышы булачак ?,weather/find,weather/find,True,0.793,False,False,False,"{'datetime': '2026 елның унтугызынчы октябрендә', 'location': 'моннан | ерак түгел'}","{'condition_temperature': 'unknown', 'datetime': '2026 өлкөнүң унтугыз үндөн өкүнгө', 'location': '', 'weather/attribute': 'unknown'}"
test_273,Уолденда һава торышы Россия 26/12/2018,weather/find,weather/find,True,0.9445,False,False,False,"{'location': 'Уолденда | Россия', 'datetime': '26/12/2018'}","{'condition_temperature': 'null', 'datetime': '26/12/2018', 'location': 'Россия', 'condition_description': 'null'}"
test_274,Мин каенана һәм миңа бер елдан соң Buckner ресторанны броньларга телим .,BookRestaurant,BookRestaurant,True,0.923,False,False,True,"{'party_size_description': 'каенана һәм миңа', 'datetime': 'бер елдан соң', 'location': 'Buckner', 'restaurant_type': 'ресторанны'}","{'datetime': '', 'location': '', 'party_size_description': 'мин каенана һәм миңа бер елдан соң', 'restaurant_name': 'Buckner', 'party_size_number': ''}"
test_275,Бу китапка 1 балл бир,RateBook,RateBook,True,0.9016,False,False,False,"{'object_select': 'Бу', 'object_type': 'китапка', 'rating_value': '1'}","{'object_name': 'итог', 'object_type': 'книга', 'rating_value': 'балл', 'rating_unit': 'звезда'}"
test_276,бу башкаручыны минем spotlight on country 2016 плейлистына өстә,AddToPlaylist,AddToPlaylist,True,0.9368,False,False,False,"{'music_item': 'башкаручыны', 'reference': 'минем', 'playlist': 'spotlight on country 2016'}","{'playlist': 'country 2016 плейлистына', 'artist': 'бу башкаручыны', 'music_item': 'минем'}"
test_277,Син Epic Conditions рәсемен таба алмасыңмы ?,SearchCreativeWork,weather/find,False,0.9168,False,False,False,"{'object_name': 'Epic Conditions', 'object_type': 'рәсемен'}","{'condition_description': 'Син Epic Conditions', 'location': 'таба алмасыңмы'}"
test_278,Iheart-та rich sex уйна,PlayMusic,none,False,0.9235,False,False,True,"{'service': 'Iheart-та', 'track': 'rich sex'}",{}
test_279,Bartok the Magnificent иртәнге җидедә башланачакмы ?,SearchScreeningEvent,SearchCreativeWork,False,0.9884,False,False,False,"{'movie_name': 'Bartok the Magnificent', 'datetime': 'иртәнге җидедә'}",{'object_name': 'Bartok the Magnificent'}
test_280,Zvooq-да берәр нәрсә уйна,PlayMusic,weather/find,False,0.9142,False,False,False,{'service': 'Zvooq-да'},"{'condition_description': 'берәр', 'datetime': ''}"
test_281,Миңа Крис Найт музыкасын тыңларга бир,PlayMusic,PlayMusic,True,0.989,False,False,False,{'artist': 'Крис Найт'},{'artist': 'Крис Найт'}
test_282,Джилл Собул альбомын кабыз,PlayMusic,PlayMusic,True,0.9473,False,False,True,"{'album': 'Джилл Собул', 'music_item': 'альбомын'}",{'artist': 'Джилл Собул'}
test_283,The Broken Window дүрт йолдыз бирегез,RateBook,SearchCreativeWork,False,0.99,False,False,False,"{'object_name': 'The Broken Window', 'rating_value': 'дүрт', 'rating_unit': 'йолдыз'}",{'object_name': 'The Broken Window'}
test_284,Tatra-милли паркында иртәнге 6да һава торышын миңа әйт,weather/find,weather/find,True,0.9543,False,False,False,"{'location': 'Tatra-милли паркында', 'datetime': 'иртәнге 6да'}","{'condition_temperature': 'миңа', 'datetime': '', 'location': 'Tatra-милли парк', 'weather/attribute': 'температура'}"
test_285,"Зинһар, миңа бистродагы өстәлне броньла, анда lorna doone хезмәт итәләр .",BookRestaurant,BookRestaurant,True,0.9113,False,False,True,"{'restaurant_type': 'бистродагы', 'served_dish': 'lorna doone'}","{'cuisine': 'lorna doone', 'location': 'миңа бистро'}"
test_286,The Mystery of the Tolling Bell сериалны 4 йолдызга бәялә .,RateBook,SearchCreativeWork,False,0.9344,False,False,True,"{'object_name': 'The Mystery of the Tolling Bell', 'object_part_of_series_type': 'сериалны', 'rating_value': '4', 'rating_unit': 'йолдызга'}",{'object_type': 'episode'}
test_287,Музыка уйнау өчен Groove Shark куллан,PlayMusic,PlayMusic,True,0.9919,False,False,False,{'service': 'Groove Shark'},{'artist': 'Groove Shark'}
test_288,Якындагы кинотеатрда Snowbound күрсәтү графигын тикшер .,SearchScreeningEvent,SearchCreativeWork,False,0.9606,False,False,True,"{'location': 'Якындагы', 'object_location_type': 'кинотеатрда', 'movie_name': 'Snowbound'}","{'datetime': '', 'location': '', 'movie_name': 'Snowbound', 'object_location_type': 'кинотеатр', 'object_type': 'кинотеатр'}"
test_289,"Зинһар, Zvooq ач",PlayMusic,none,False,0.9801,True,False,False,{'service': 'Zvooq'},{}
test_290,1 кешегә урын Меритта Town of Ramsgate броньла,BookRestaurant,BookRestaurant,True,0.963,False,False,True,"{'party_size_number': '1', 'location': 'Меритта', 'restaurant_name': 'Town of Ramsgate'}","{'cuisine': '', 'datetime': '', 'facility': '', 'location': 'Town of Ramsgate', 'party_size_description': '', 'party_size_number': '', 'restaurant_name': 'Merit', 'restaurant_type': ''}"
test_291,I Think I Do кичке 7-дә уйныймы ?,SearchScreeningEvent,SearchCreativeWork,False,0.9637,False,False,False,"{'movie_name': 'I Think I Do', 'datetime': 'кичке 7-дә'}","{'object_name': 'I Think I Do', 'object_type': 'фильм'}"
test_292,Custer National Forest кичке җидедә салкынрак булырмы,weather/find,weather/find,True,0.8867,False,False,True,"{'location': 'Custer National Forest', 'datetime': 'кичке җидедә', 'condition_temperature': 'салкынрак'}","{'condition_description': 'честная погода', 'datetime': '', 'location': 'Custer National Forest'}"
test_293,Мин Youtube-та берәр нәрсә тыңларга телим,PlayMusic,PlayMusic,True,0.8782,False,False,False,{'service': 'Youtube-та'},"{'artist': 'Youtube', 'music_item': 'ta', 'service': 'телим'}"
test_294,Difficult Loves уенын эзлә,SearchCreativeWork,SearchCreativeWork,True,0.9741,False,False,False,"{'object_name': 'Difficult Loves', 'object_type': 'уенын'}",{'object_name': 'Difficult Loves'}
test_295,Нинди һава торышы 20 февральгә Bothe-Napa Valley дәүләт паркында ?,weather/find,weather/find,True,0.949,False,False,False,"{'datetime': '20 февральгә', 'location': 'Bothe-Napa Valley дәүләт паркында'}","{'condition_temperature': 'value from text', 'datetime': '20 февральгә', 'location': 'Bothe-Napa Valley дәүләт паркы'}"
test_296,миңа кинотеатр янындагы The Great Gildersleeve фильмы сессияләре расписаниесен күрсәт,SearchScreeningEvent,SearchCreativeWork,False,0.9546,False,False,True,"{'object_location_type': 'кинотеатр', 'movie_name': 'The Great Gildersleeve', 'object_type': 'расписаниесен'}","{'datetime': '', 'location': '', 'movie_name': 'The Great Gildersleeve', 'movie_type': ''}"
test_297,Миңа Гибслендта һава торышын әйт,weather/find,weather/find,True,0.9164,False,False,False,{'location': 'Гибслендта'},{'condition_description': 'һава торышын'}
test_298,Мин күршедәге кино графигын белә аламмы,SearchScreeningEvent,SearchCreativeWork,False,0.9327,False,False,False,"{'location': 'күршедәге', 'movie_type': 'кино', 'object_type': 'графигын'}",{'object_type': 'фильм'}
test_299,Soul Music-ка 0 балл бир .,RateBook,PlayMusic,False,0.9442,False,False,False,"{'object_name': 'Soul Music-ка', 'rating_value': '0'}","{'artist': 'Soul Music', 'rating_value': '0'}"
test_300,Сарджентстада татар тавернасында биш кешегә өстәл заказ итегез,BookRestaurant,BookRestaurant,True,0.9122,False,False,True,"{'location': 'Сарджентстада', 'cuisine': 'татар', 'restaurant_type': 'тавернасында', 'party_size_number': 'биш'}","{'party_size_number': 'bish кешегә өстәл', 'cuisine': 'татар', 'restaurant_name': 'ТАТАР тавернасы', 'location': 'Сарджентстада'}"
test_301,All Things Must Pass кабыз,PlayMusic,RateBook,False,0.9918,False,False,True,{'track': 'All Things Must Pass'},{'object_name': 'All Things Must Pass'}
test_302,Кореяда бер сәгатьтән соң нинди яңгыр фаразы булачак,weather/find,weather/find,True,0.884,False,False,True,"{'location': 'Кореяда', 'datetime': 'бер сәгатьтән соң', 'condition_description': 'яңгыр'}","{'condition_description': 'новый', 'datetime': 'сәгатьтән'}"
test_303,Оклахомада South Street Diner-да 4 кешелек урын броньла,BookRestaurant,BookRestaurant,True,0.9583,False,False,True,"{'location': 'Оклахомада', 'restaurant_name': 'South Street Diner-да', 'party_size_number': '4'}","{'cuisine': '', 'datetime': '', 'facility': '4 кешелек урын', 'location': 'Оклахомада South Street Diner', 'party_size_description': ''}"
test_304,Netflix-тан музыканы уйнат .,PlayMusic,AddToPlaylist,False,0.9146,False,False,False,{'service': 'Netflix-тан'},"{'artist': 'установить', 'entity_name': 'музыканты', 'playlist': 'Netflix-тан'}"
test_305,Мин Shattered Image-не күрергә телим .,SearchScreeningEvent,SearchCreativeWork,False,0.9822,False,False,False,{'movie_name': 'Shattered Image-не'},{'object_name': 'Shattered Image'}
test_306,The Sound of One Hand Clapping-ны таб,SearchCreativeWork,PlayMusic,False,0.9704,False,False,False,{'object_name': 'The Sound of One Hand Clapping-ны'},"{'artist': 'The Sound of One Hand Clapping', 'music_item': 'The Sound of One Hand Clapping'}"
test_307,Wolves Within альбомын эзлә,SearchCreativeWork,PlayMusic,False,0.9442,False,False,False,"{'object_name': 'Wolves Within', 'object_type': 'альбомын'}",{'music_item': 'Wolves Within'}
test_308,берәр кинотеатрда We Are Northern Lights күрсәтеләрмә,SearchScreeningEvent,SearchCreativeWork,False,0.9357,False,False,True,"{'object_location_type': 'кинотеатрда', 'movie_name': 'We Are Northern Lights'}",{'object_name': 'We Are Northern Lights'}
test_309,"Безнең кечкенә дөнья почмагы, Гилмор кыз музыкасы минем Иң көлкесе әйберләр футболда плейлистыма өстә.",AddToPlaylist,AddToPlaylist,True,0.9386,False,False,False,"{'entity_name': 'Безнең кечкенә дөнья почмагы , Гилмор кыз музыкасы', 'reference': 'минем', 'playlist': 'Иң көлкесе әйберләр футболда'}","{'artist': 'Гилмор кыз', 'playlist': 'плейлистыма өстә', 'music_item': 'музыкасы'}"
test_310,Саутфорд Фолс дәүләт паркында эссе һава торышы фаразы нинди,weather/find,weather/find,True,0.9442,False,False,True,"{'location': 'Саутфорд Фолс дәүләт паркында', 'condition_temperature': 'эссе'}","{'condition_description': 'саутфорд фолс', 'location': 'саутфорд фолс'}"
test_311,"Зинһар, миӊа Гана парковкасы белән пиццерия өстәленә заказ бир .",BookRestaurant,BookRestaurant,True,0.9667,False,False,True,"{'location': 'Гана', 'facility': 'парковкасы', 'restaurant_type': 'пиццерия'}","{'cuisine': '', 'datetime': '', 'facility': '', 'location': '', 'party_size_description': '', 'party_size_number': '', 'restaurant_name': '', 'restaurant_type': '', 'served_dish': '', 'sort': ''}"
test_312,Мин җитмешенче еллар саундтрегын тыңларга телим .,PlayMusic,PlayMusic,True,0.8585,False,False,False,"{'datetime': 'җитмешенче', 'music_item': 'саундтрегын'}","{'artist': 'Мин җитмешенче', 'music_item': 'сaунdтрегyн тыңлaргa тeлим'}"
test_313,Ике сәгатьтән соң Үзбәкстанда һава торышы,weather/find,weather/find,True,0.8381,False,False,False,"{'datetime': 'Ике сәгатьтән соң', 'location': 'Үзбәкстанда'}",{'condition_description': 'таа'}
test_314,"Зинһар, миңа Journal of the British Astronomical Association фильмын таб .",SearchCreativeWork,SearchCreativeWork,True,0.9747,False,False,False,"{'object_name': 'Journal of the British Astronomical Association', 'object_type': 'фильмын'}",{'object_name': 'Journal of the British Astronomical Association'}
test_315,"Уордвилл-да, Канзас-та 8 кешелек урын броньла",BookRestaurant,BookRestaurant,True,0.9712,False,False,False,"{'location': 'Уордвилл-да | Канзас-та', 'party_size_number': '8'}","{'location': 'Уордвилл-да, Канзас-та 8 кешелек'}"
test_316,Нинди һава торышы моннан ерак булачак ?,weather/find,weather/find,True,0.9126,False,False,False,{'location': 'моннан | ерак'},{'condition_description': 'monic'}
test_317,Ричард Макнамараның яңа җырын Just Smile плейлистыма өстә,AddToPlaylist,AddToPlaylist,True,0.9473,False,False,False,"{'artist': 'Ричард Макнамараның', 'music_item': 'җырын', 'playlist': 'Just Smile'}","{'artist': '', 'entity_name': 'Ричард Макнамара', 'music_item': 'Just Smile', 'playlist': 'йңа җырын', 'reference': ''}"
test_318,монда 1 секундтан соң никадәр салкын булыр,weather/find,alarm/set_alarm,False,0.9774,False,False,True,"{'location': 'монда', 'datetime': '1 секундтан соң', 'condition_temperature': 'салкын'}",{'datetime': 'монда 1 секундтан соң'}
test_319,With You исемле рәсем эзлә,SearchCreativeWork,SearchCreativeWork,True,0.977,False,False,False,"{'object_name': 'With You', 'object_type': 'рәсем'}",{'object_name': 'With You'}
test_320,Deadly Weapons иҗади эшен таб,SearchCreativeWork,SearchCreativeWork,True,0.9711,False,False,False,{'object_name': 'Deadly Weapons'},"{'object_name': 'Deadly Weapons', 'object_type': 'фильм'}"
test_321,Ноябрьдә Брукнилда һава торышы нинди булыр ?,weather/find,weather/find,True,0.9149,False,False,False,"{'datetime': 'Ноябрьдә', 'location': 'Брукнилда'}","{'condition_temperature': 'unknown', 'datetime': 'Ноябрьдә', 'location': 'Брукнилда'}"
test_322,Токмач өчен тавернада өстәл броньла,BookRestaurant,BookRestaurant,True,0.965,False,False,True,"{'served_dish': 'Токмач', 'restaurant_type': 'тавернада'}","{'cuisine': '', 'datetime': '', 'facility': '', 'location': '', 'party_size_description': '', 'party_size_number': '', 'restaurant_name': '', 'restaurant_type': '', 'served_dish': ''}"
test_323,Коста-Рикада нинди һава торышы,weather/find,weather/find,True,0.9244,False,False,False,{'location': 'Коста - Рикада'},"{'condition_description': 'нинди', 'location': 'Коста-Рика'}"
test_324,The Two Gladiators уйнымы,SearchScreeningEvent,SearchCreativeWork,False,0.9986,False,False,False,{'movie_name': 'The Two Gladiators'},{'object_name': 'The Two Gladiators'}
test_325,Star Theatres-да нинди фильмнар бар .,SearchScreeningEvent,SearchCreativeWork,False,0.9725,False,False,False,"{'location': 'Star Theatres-да', 'movie_type': 'фильмнар'}",{'object_type': 'фильм'}
test_326,Зинһар миңа Harry Hood сагасын таба аласызмы ?,SearchCreativeWork,SearchCreativeWork,True,0.9857,False,False,False,"{'object_name': 'Harry Hood', 'object_type': 'сагасын'}",{'object_name': 'Harry Hood'}
test_327,бу көйне минем Sleepify плейлистыма өстә,AddToPlaylist,AddToPlaylist,True,0.9165,False,False,False,"{'music_item': 'көйне', 'reference': 'минем', 'playlist': 'Sleepify'}","{'playlist': 'минем Sleepify', 'artist': 'null', 'music_item': 'null', 'reference': 'null'}"
test_328,Any Which Way You Can 15 секундтан соң уйнаячакмы,SearchScreeningEvent,PlayMusic,False,0.949,False,False,False,"{'movie_name': 'Any Which Way You Can', 'datetime': '15 секундтан соң'}","{'artist': '', 'datetime': '15 секундтан соң', 'music_item': 'Any Which Way You Can'}"
test_329,E-type музыкасын кабыз .,PlayMusic,PlayMusic,True,0.9607,False,False,False,{'artist': 'E-type'},"{'artist': '', 'music_item': 'E-type музыкасын', 'playlist': ''}"
test_330,Хәзерге китапка бер йолдыз куй,RateBook,SearchCreativeWork,False,0.9633,False,False,False,"{'object_select': 'Хәзерге', 'object_type': 'китапка', 'rating_value': 'бер'}",{'object_type': 'китап'}
test_331,Louis Nelson Delisle-ның Another Passenger уйнат .,PlayMusic,SearchCreativeWork,False,0.987,False,False,True,"{'artist': 'Louis Nelson Delisle-ның', 'album': 'Another Passenger'}",{'object_name': 'Another Passenger'}
test_332,Кайда мин кино графигын таба алам,SearchScreeningEvent,SearchCreativeWork,False,0.9472,False,False,False,{'object_type': 'кино графигын'},{'object_type': 'фильм'}
test_333,Эмерадода Сен-Пьер һәм Микелонда 26 сентябрьгә нинди һава торышы,weather/find,weather/find,True,0.9432,False,False,False,"{'location': 'Эмерадода | Сен - Пьер һәм Микелонда', 'datetime': '26 сентябрьгә'}","{'condition_temperature': 'unknown', 'datetime': '26 сентября', 'location': 'Эмерадода Сен-Пьер һәм Микелон'}"
test_334,Ted Peters Famous Smoked Fish-та Окфилд янында 17 секундтансын ашарга барык,BookRestaurant,BookRestaurant,True,0.9637,False,False,True,"{'restaurant_name': 'Ted Peters Famous Smoked Fish-та', 'location': 'Окфилд | янында', 'datetime': '17 секундтансын'}","{'cuisine': 'Famous Smoked Fish', 'datetime': '', 'facility': '', 'location': 'Okfild', 'party_size_description': '', 'party_size_number': '', 'restaurant_name': '', 'restaurant_type': '', 'served_dish': '', 'sort': ''}"
test_335,миңа Good Morning Sunshine трейлерын таб,SearchCreativeWork,SearchCreativeWork,True,0.9427,False,False,False,"{'object_name': 'Good Morning Sunshine', 'object_type': 'трейлерын'}",{'object_name': 'трейлерын'}
test_336,Мин Нидерланд Антиль утрауларында 3 кешегә сыра ресторанны броньларга телим .,BookRestaurant,BookRestaurant,True,0.9317,False,False,False,"{'location': 'Нидерланд Антиль утрауларында', 'party_size_number': '3', 'restaurant_type': 'сыра ресторанны'}","{'location': 'Мин Нидерланд Антиль утраулары', 'party_size_number': '3', 'cuisine': 'ресторанны бронь'}"
test_337,бу хәзерге альбомга 0 йолдыз куй,RateBook,PlayMusic,False,0.9325,False,False,False,"{'object_select': 'бу хәзерге', 'object_type': 'альбомга', 'rating_value': '0', 'rating_unit': 'йолдыз'}","{'artist': '', 'album': 'бу хәзерге альбомга', 'datetime': '', 'music_item': 'йол', 'sort': ''}"
test_338,Монакода Yankee Doodle Coffee Ѕһор-та урын алырга теләр идем,BookRestaurant,BookRestaurant,True,0.8142,False,False,True,"{'location': 'Монакода', 'restaurant_name': 'Yankee Doodle Coffee Ѕһор-та'}","{'cuisine': 'Йенікөй Додо', 'location': 'Монакода', 'party_size_description': 'өтөгөй'}"
test_339,Political punks плейлистыма башкаручыны өстә.,AddToPlaylist,AddToPlaylist,True,0.8933,False,False,False,"{'playlist': 'Political punks', 'music_item': 'башкаручыны'}","{'playlist': 'плеейлистыны', 'entity_name': 'башкаручыны'}"
test_340,Дүрт айдан соң Саванида AK-ында салкынрак булырмы,weather/find,weather/find,True,0.8505,False,False,True,"{'datetime': 'Дүрт айдан соң', 'location': 'Саванида | AK-ында', 'condition_temperature': 'салкынрак'}",{'condition_description': 'сураш'}
test_341,минем Crash Course плейлистыма Muzika za decu өстә,AddToPlaylist,AddToPlaylist,True,0.9704,False,False,False,"{'reference': 'минем', 'playlist': 'Crash Course', 'entity_name': 'Muzika za decu'}","{'playlist': 'минем Crash Course плейлистыма', 'artist': 'Muzika za decu'}"
test_342,Molecular Oncology сагасын эзли аласынмы ?,SearchCreativeWork,SearchCreativeWork,True,0.9452,False,False,False,"{'object_name': 'Molecular Oncology', 'object_type': 'сагасын'}",{'object_type': 'sagas'}
test_343,Мин алты кешелек ресторанны Вагстаффта AK-да броньларга телим .,BookRestaurant,BookRestaurant,True,0.9583,False,False,False,"{'party_size_number': 'алты', 'restaurant_type': 'ресторанны', 'location': 'Вагстаффта | AK-да'}","{'cuisine': '', 'datetime': '', 'facility': '', 'location': '', 'party_size_description': '', 'party_size_number': '', 'restaurant_name': '', 'restaurant_type': '', 'served_dish': '', 'sort': ''}"
test_344,Дэвид Линдлиның симфоник музыкасын уйнат .,PlayMusic,PlayMusic,True,0.98,False,False,False,"{'artist': 'Дэвид Линдлиның', 'music_item': 'симфоник'}",{'artist': 'Дэвид Линдли'}
test_345,"Зинһар, миңа Now We Are Married телесериалын таб .",SearchCreativeWork,SearchCreativeWork,True,0.9941,False,False,False,"{'object_name': 'Now We Are Married', 'object_type': 'телесериалын'}",{'object_type': 'телесериал'}
test_346,Мин Outcast-ны карарга телим .,SearchScreeningEvent,weather/find,False,0.9134,False,False,False,{'movie_name': 'Outcast-ны'},"{'condition_description': 'Outcast-ны карарга', 'datetime': 'телим'}"
test_347,минем This Is Tchaikovsky плейлистыма хәзерге трекны өстә,AddToPlaylist,AddToPlaylist,True,0.9691,False,False,False,"{'reference': 'минем', 'playlist': 'This Is Tchaikovsky', 'music_item': 'трекны'}","{'playlist': 'минем This Is Tchaikovsky', 'music_item': 'трек', 'artist': ''}"
test_348,Lastfm-да This Is: Miles Davis-ны кабыз .,PlayMusic,AddToPlaylist,False,0.9507,False,False,False,"{'service': 'Lastfm-да', 'playlist': 'This Is: Miles Davis-ны'}","{'artist': 'This Is', 'entity_name': 'Miles Davis', 'playlist': 'This Is: Miles Davis'}"
test_349,Танзаниядә кабымханәдә 5 кешегә иң яхшы өстәлне броньла,BookRestaurant,BookRestaurant,True,0.9052,False,False,False,"{'location': 'Танзаниядә', 'restaurant_type': 'кабымханәдә', 'party_size_number': '5', 'sort': 'иң яхшы'}","{'location': 'Танзания', 'party_size_number': '5', 'datetime': None}"
test_350,Әйдә Vimeo-да яхшы элекке Mohammad Mamle тыңлыйк .,PlayMusic,SearchCreativeWork,False,0.943,False,False,False,"{'service': 'Vimeo-да', 'sort': 'элекке', 'artist': 'Mohammad Mamle'}","{'object_name': 'Vimeo', 'object_type': 'фильм'}"
test_351,Vandemataram Srinivas трегын HipHop Hot 50-гә куй.,AddToPlaylist,PlayMusic,False,0.971,False,False,False,"{'artist': 'Vandemataram Srinivas', 'music_item': 'трегын', 'playlist': 'HipHop Hot 50-гә'}","{'artist': 'Vandemataram Srinivas', 'music_item': 'HipHop Hot 50'}"
test_352,Миңа Secret South җырын таб .,SearchCreativeWork,BookRestaurant,False,0.9362,False,False,False,"{'object_name': 'Secret South', 'object_type': 'җырын'}","{'cuisine': 'Secret South', 'restaurant_name': 'Миңа'}"
test_353,Zvooq-та туксанынчы еллар җырлары,PlayMusic,weather/find,False,0.9262,False,False,False,"{'service': 'Zvooq-та', 'datetime': 'туксанынчы'}","{'condition_description': 'җырлары', 'datetime': ''}"
test_354,кичке биштән башлап Техаста Admire-да һава торышы нинди,weather/find,weather/find,True,0.9111,False,False,False,"{'datetime': 'кичке биштән', 'location': 'Техаста | Admire-да'}","{'condition_temperature': 'unknown', 'datetime': '', 'location': 'Техас', 'weather/attribute': 'unknown'}"
test_355,Last FM-да берәр нәрсә уйнат,PlayMusic,PlayMusic,True,0.9332,False,False,False,{'service': 'Last FM-да'},{'artist': ''}
test_356,Мин якындагы кинотеатрда The Portrait of a Lady карарга телим .,SearchScreeningEvent,SearchCreativeWork,False,0.9831,False,False,True,"{'location': 'якындагы', 'object_location_type': 'кинотеатрда', 'movie_name': 'The Portrait of a Lady'}",{'object_name': 'The Portrait of a Lady'}
test_357,"Зинһар, миңа Phineas Redux таб .",SearchCreativeWork,SearchCreativeWork,True,0.9972,False,False,False,{'object_name': 'Phineas Redux'},{'object_name': 'Phineas Redux'}
test_358,Laundry плейлистына 40 cal көйен өстә.,AddToPlaylist,AddToPlaylist,True,0.9409,False,False,False,"{'playlist': 'Laundry', 'artist': '40 cal', 'music_item': 'көйен'}","{'artist': '', 'entity_name': '40 CAL плейлист', 'music_item': '', 'playlist': 'Laundry', 'reference': ''}"
test_359,Itunes-ны ач һәм Ben Burnley Ready To Die-ны уйнат,PlayMusic,AddToPlaylist,False,0.9747,False,False,True,"{'service': 'Itunes-ны', 'artist': 'Ben Burnley', 'album': 'Ready To Die-ны'}","{'artist': 'Ben Burnley', 'entity_name': 'Ready To Die', 'playlist': 'Itunes'}"
test_360,5-енче декабрьдә Лихул һәйкәле янында нинди һава торышы булачак ?,weather/find,weather/find,True,0.928,False,False,False,"{'datetime': '5-енче декабрьдә', 'location': 'Лихул һәйкәле'}","{'condition_description': '5-енче декабрьдә', 'location': 'Лихул', 'datetime': 'Һәйкәле янында'}"
test_361,Якындагы кинотеатрда Sexy Dance 2 расписаниесен күрсәт,SearchScreeningEvent,SearchCreativeWork,False,0.9375,False,False,True,"{'location': 'Якындагы', 'object_location_type': 'кинотеатрда', 'movie_name': 'Sexy Dance 2', 'object_type': 'расписаниесен'}","{'datetime': '', 'location': '', 'movie_name': 'Sexy Dance 2', 'object_type': 'cinema show schedule'}"
test_362,Live at the Kings Center дип аталган җырны таб,SearchCreativeWork,SearchCreativeWork,True,0.9963,False,False,False,"{'object_name': 'Live at the Kings Center', 'object_type': 'җырны'}",{'object_name': 'Live at the Kings Center'}
test_363,"Тайонкта , Нью-Джерсида нинди һава торышы",weather/find,weather/find,True,0.8842,False,False,False,{'location': 'Тайонкта | Нью - Джерсида'},{'condition_description': 'туман'}
test_364,Мин биш кешелек өстәл Tupelo Honey Cafe-да Нью-Джерсида броньларга телим.,BookRestaurant,BookRestaurant,True,0.9506,False,False,True,"{'party_size_number': 'биш', 'restaurant_name': 'Tupelo Honey Cafe-да', 'location': 'Нью - Джерсида'}","{'datetime': '', 'location': 'Нью-Джерсида', 'party_size_description': '', 'restaurant_name': 'Tupelo Honey Cafe', 'restaurant_type': ''}"
test_365,чәй йорта миӊа һәм минем cеңелләремә урын броньла,BookRestaurant,BookRestaurant,True,0.9146,False,False,True,"{'restaurant_type': 'чәй йорта', 'party_size_description': 'миӊа һәм минем cеңелләремә'}","{'datetime': '', 'location': '', 'party_size_description': 'сеңелләремә урын'}"
test_366,16 февральдә Нидерландта эссе булачакмы ?,weather/find,weather/find,True,0.9317,False,False,True,"{'datetime': '16 февральдә', 'location': 'Нидерландта', 'condition_temperature': 'эссе'}","{'condition_description': '16 февральдә', 'location': 'Нидерландта'}"
test_367,Мин jordan rudess-ны Divertido para niños плейлистына өстәргә телим.,AddToPlaylist,AddToPlaylist,True,0.9688,False,False,False,"{'artist': 'jordan rudess-ны', 'playlist': 'Divertido para niños'}","{'artist': '', 'entity_name': 'Divertido', 'playlist': 'плейлистына өстәргә телим'}"
test_368,In the Company of Cheerful Ladies-ка 6-дан нуль куй,RateBook,PlayMusic,False,0.9411,False,False,False,"{'object_name': 'In the Company of Cheerful Ladies-ка', 'best_rating': '6-дан', 'rating_value': 'нуль'}","{'music_item': 'In the Company of Cheerful Ladies', 'datetime': '6-дан нуль куй'}"
test_369,Миңа иң яхшы бистрода өстәл броньла,BookRestaurant,BookRestaurant,True,0.8254,False,False,False,"{'sort': 'иң яхшы', 'restaurant_type': 'бистрода'}","{'datetime': 'мiңa иң yaxшy бистрoда', 'location': ''}"
test_370,Хәзерге дәреслеккә 6-дан 1 куй,RateBook,alarm/set_alarm,False,0.9324,False,False,False,"{'object_select': 'Хәзерге', 'object_type': 'дәреслеккә', 'best_rating': '6-дан', 'rating_value': '1'}","{'datetime': '6', 'object_type': 'lesson'}"
test_371,кино вакытлары кайчан,SearchScreeningEvent,SearchCreativeWork,False,0.9613,False,False,False,{'object_type': 'кино вакытлары'},"{'datetime': '', 'location': '', 'movie_name': '', 'movie_type': ''}"
test_372,Огайода нинди hава торышы булачак ?,weather/find,weather/find,True,0.9353,False,False,False,{'location': 'Огайода'},"{'condition_description': 'нинди', 'location': 'hава'}"
test_373,Бу артистны Showstopper Being Mary Jane плейлистына өстә,AddToPlaylist,AddToPlaylist,True,0.9734,False,False,False,"{'music_item': 'артистны', 'playlist': 'Showstopper Being Mary Jane'}","{'artist': 'Showstopper Being Mary Jane', 'playlist': 'Showstopper Being Mary Jane'}"
test_374,Балаларыма һәм миңа броньла,BookRestaurant,BookRestaurant,True,0.9052,False,False,True,{'party_size_description': 'Балаларыма һәм миңа'},"{'party_size_description': 'балаларыма', 'datetime': 'миңа'}"
test_375,2035 елның 21 августында Сарыкамыш тыюлыгыда нинди һава торышы булачак ?,weather/find,weather/find,True,0.921,False,False,False,"{'datetime': '2035 елның 21 августында', 'location': 'Сарыкамыш тыюлыгыда'}","{'datetime': '21 август', 'location': 'Сарыкамыш', 'condition_temperature': 'не указано', 'condition_description': 'не указано', 'weather/attribute': 'не указано'}"
test_376,Руфь китапка 6-дан биш балл бир .,RateBook,RateBook,True,0.9513,False,False,False,"{'object_name': 'Руфь китапка', 'best_rating': '6-дан', 'rating_value': 'биш', 'rating_unit': 'балл'}","{'object_name': 'Руфь китапка 6-дан', 'object_type': 'roman', 'rating_value': 'балл', 'rating_unit': 'звезда'}"
test_377,Reminiscences of the Anti-Japanese Guerillas хроникасы 6-дан ноль балл рейтинг лаек.,RateBook,RateBook,True,0.9636,False,False,True,"{'object_name': 'Reminiscences of the Anti-Japanese Guerillas', 'object_part_of_series_type': 'хроникасы', 'best_rating': '6-дан', 'rating_value': 'ноль', 'rating_unit': 'балл'}","{'object_name': 'Reminiscences of the Anti-Japanese Guerillas', 'rating_value': '6', 'rating_unit': 'балл', 'best_rating': 'null', 'object_type': 'roman'}"
test_378,Миңа Көньяк Театрларындагы кино графикларын күрсәт,SearchScreeningEvent,SearchCreativeWork,False,0.9337,False,False,False,"{'location': 'Көньяк Театрларындагы', 'object_type': 'кино графикларын'}","{'datetime': '', 'location': 'Миңа Көньяк Театрлары', 'object_type': 'кино'}"
test_379,Якындагы кинотеатрда кино графикларын таб,SearchScreeningEvent,SearchCreativeWork,False,0.9353,False,False,False,"{'location': 'Якындагы кинотеатрда', 'object_type': 'кино графикларын'}","{'datetime': '', 'location': '', 'object_location_type': 'cinema', 'object_type': 'movie'}"
test_380,Бу альбом Испан ритмнар плейлистына өстә,AddToPlaylist,PlayMusic,False,0.961,False,False,False,"{'music_item': 'альбом', 'playlist': 'Испан ритмнар'}","{'artist': 'Испан ритмнар', 'playlist': 'плейлистына өстә', 'music_item': 'альбом'}"
test_381,6 кешегә креол тавернасында Черногориядә броньла,BookRestaurant,BookRestaurant,True,0.9749,False,False,True,"{'party_size_number': '6', 'cuisine': 'креол', 'restaurant_type': 'тавернасында', 'location': 'Черногориядә'}","{'cuisine': '', 'datetime': '', 'facility': '', 'location': 'Черногория', 'party_size_description': '', 'party_size_number': '', 'restaurant_name': '6 кешегә креол таверна', 'restaurant_type': 'таверна'}"
test_382,Cathedral сериясенә дүрт йолдыз бир .,RateBook,SearchCreativeWork,False,0.9098,False,False,True,"{'object_name': 'Cathedral', 'object_part_of_series_type': 'сериясенә', 'rating_value': 'дүрт', 'rating_unit': 'йолдыз'}","{'object_type': 'сериясенә', 'object_name': 'дүрт йолдыз'}"
test_383,The Famous Flower of Serving-Men минем кичке акустика плейлистымна өстә.,AddToPlaylist,AddToPlaylist,True,0.9657,False,False,False,"{'entity_name': 'The Famous Flower of Serving-Men', 'reference': 'минем', 'playlist': 'кичке акустика'}","{'artist': '', 'entity_name': 'The Famous Flower of Serving-Men', 'music_item': '', 'playlist': 'плейлистымна өстә', 'reference': ''}"
test_384,Миңа ArcLight Hollywood кинотеатырында анимацион фильмнарга гына расписаниесене күрсәт,SearchScreeningEvent,SearchCreativeWork,False,0.9527,False,False,False,"{'location': 'ArcLight Hollywood кинотеатырында', 'movie_type': 'анимацион фильмнарга', 'object_type': 'расписаниесене'}","{'datetime': '', 'location': 'ArcLight Hollywood', 'object_type': 'фильм'}"
test_385,"Зинһар, Йолдызлы төн рәсемне таб .",SearchCreativeWork,SearchCreativeWork,True,0.9371,False,False,False,"{'object_name': 'Йолдызлы төн', 'object_type': 'рәсемне'}",{'object_type': 'фильм'}
test_386,Бу урында 15:19:29 дымлылык нинди булачак ?,weather/find,weather/find,True,0.94,False,False,True,"{'location': 'Бу урында', 'datetime': '15:19:29', 'condition_description': 'дымлылык'}","{'datetime': '15:19:29', 'location': 'уровень'}"
test_387,мин JLA Adventures: Trapped In Time-ны карарга телим,SearchScreeningEvent,SearchCreativeWork,False,0.9726,False,False,False,{'movie_name': 'JLA Adventures: Trapped In Time-ны'},"{'object_name': 'Trapped In Time', 'object_type': 'картина'}"
test_388,This Is Johnny Cash-ка дерек уоткинсныӊ көйен өстә,AddToPlaylist,PlayMusic,False,0.9765,False,False,False,"{'playlist': 'This Is Johnny Cash-ка', 'artist': 'дерек уоткинсныӊ', 'music_item': 'көйен'}","{'artist': 'Дерек Уоткинс', 'music_item': 'Johnny Cash'}"
test_389,Fire in the Hole дип аталган иҗади эш таб,SearchCreativeWork,PlayMusic,False,0.93,False,False,False,{'object_name': 'Fire in the Hole'},"{'artist': 'Fire in the Hole', 'music_item': 'дип'}"
test_390,пэтныӊ колледж янында өстәлне броньла,BookRestaurant,BookRestaurant,True,0.9292,False,False,False,{'location': 'пэтныӊ колледж | янында'},"{'location': 'колледж', 'party_size_description': 'өстәлне броньла'}"
test_391,Patrick Still Lives AMC кинотеатрларында барамы,SearchScreeningEvent,SearchCreativeWork,False,0.9203,False,False,False,"{'movie_name': 'Patrick Still Lives', 'location': 'AMC кинотеатрларында'}",{'object_type': 'cinema'}
test_392,Мин спа массажын броньларга телим .,BookRestaurant,BookRestaurant,True,0.9213,False,False,True,"{'facility': 'спа', 'restaurant_type': 'массажын'}","{'location': 'телим', 'restaurant_type': 'мин спа массаж'}"
test_393,14 сәгатьтән соң берәр җирдә Кварривиллда өстәл кирәк,BookRestaurant,BookRestaurant,True,0.9681,False,False,False,"{'datetime': '14 сәгатьтән соң', 'location': 'Кварривиллда'}","{'datetime': '14 сәгатьтән соң', 'location': 'Кварривилл', 'party_size_description': 'берәр җирдә'}"
test_394,Гари Ли Коннерны уйнат,PlayMusic,SearchCreativeWork,False,0.9665,False,False,False,{'artist': 'Гари Ли Коннерны'},{'object_name': 'Гари Ли Коннерн'}
test_395,иң якын кинотеатрны кайда Boycott-ны күрсәтәләр күрсәт,SearchScreeningEvent,SearchCreativeWork,False,0.9589,False,False,True,"{'location': 'иң якын', 'object_location_type': 'кинотеатрны', 'movie_name': 'Boycott-ны'}","{'datetime': '', 'location': '', 'movie_name': '', 'movie_type': '', 'object_location_type': '', 'object_type': ''}"
test_396,"Зинһар, минем ecstatic плейлистны кабыз.",PlayMusic,AddToPlaylist,False,0.8941,False,False,False,{'playlist': 'ecstatic'},"{'playlist': 'электсикт', 'entity_name': 'плейлист'}"
test_397,"Зинһар, The Mad Magician җырын таб .",SearchCreativeWork,SearchCreativeWork,True,0.9984,False,False,False,"{'object_name': 'The Mad Magician', 'object_type': 'җырын'}",{'object_name': 'The Mad Magician'}
test_398,Bow Tie Cinemas-ның расписаниесен тикшер .,SearchScreeningEvent,SearchCreativeWork,False,0.9353,False,False,False,"{'location': 'Bow Tie Cinemas-ның', 'object_type': 'расписаниесен'}",{'object_type': 'cinemas'}
test_399,Миңа Төньяк Мариан утрауларындагы пабта кичәгә 3 кешелек өстәл броньла,BookRestaurant,BookRestaurant,True,0.8996,False,False,False,"{'location': 'Төньяк Мариан утрауларындагы', 'restaurant_type': 'пабта', 'party_size_number': '3'}","{'party_size_number': '3', 'datetime': 'Миңа Төньяк Мариан утрауларындагы пабта', 'party_size_description': 'кичек өстел'}"
test_400,Миңа Infinite Indie Folk исемлеккә Rahim Shah-ның әсәрләрен өстәргә кирәк,AddToPlaylist,AddToPlaylist,True,0.9349,False,False,False,"{'playlist': 'Infinite Indie Folk', 'artist': 'Rahim Shah-ның'}","{'artist': 'Rahim Shah', 'entity_name': 'Infinite Indie Folk', 'playlist': 'Unknown'}"
test_401,Минем Te quiero плейлистыма Кече Джерри Каллистны өстә.,AddToPlaylist,AddToPlaylist,True,0.9435,False,False,False,"{'reference': 'Минем', 'playlist': 'Te quiero', 'artist': 'Кече Джерри Каллистны'}","{'artist': 'Кече', 'entity_name': 'Джерри Каллистны', 'playlist': 'минем'}"
test_402,Юта янында төнге 3 сәгать тирәсендә никадәр салкынрак булачак ?,weather/find,weather/find,True,0.9298,False,False,True,"{'location': 'Юта | янында', 'datetime': 'төнге 3 сәгать', 'condition_temperature': 'салкынрак'}","{'condition_description': 'никадәр салкынрак', 'datetime': '', 'location': 'Юта'}"
test_403,Альбомны Hipster Soul плейлистына өстә.,AddToPlaylist,PlayMusic,False,0.9628,False,False,False,"{'music_item': 'Альбомны', 'playlist': 'Hipster Soul'}","{'album': 'Hipster Soul', 'playlist': 'плейлистына өстә'}"
test_404,"Мин унөч сәгатьтән соң деликатес ресторанында ашарга телим, анда көнчыгыш европа ризыклары сатыла",BookRestaurant,BookRestaurant,True,0.9671,False,False,True,"{'datetime': 'унөч сәгатьтән соң', 'restaurant_type': 'деликатес ресторанында', 'cuisine': 'көнчыгыш европа'}","{'cuisine': 'көнчыгыш европа ризыклары', 'datetime': '', 'facility': '', 'location': '', 'party_size_description': '', 'party_size_number': '', 'restaurant_name': '', 'restaurant_type': '', 'served_dish': '', 'sort': ''}"
test_405,алтмышынчы еллар саундтрегын кабыз,PlayMusic,weather/find,False,0.9422,False,False,False,"{'datetime': 'алтмышынчы еллар', 'music_item': 'саундтрегын'}",{'condition_description': 'саундтрег'}
test_406,Бу альбомга бер йолдыз бир,RateBook,PlayMusic,False,0.9808,False,False,False,"{'object_select': 'Бу', 'object_type': 'альбомга', 'rating_value': 'бер', 'rating_unit': 'йолдыз'}",{'music_item': 'альбом'}
test_407,Bryan Macleanның иң олуг музыкасын кабыз .,PlayMusic,PlayMusic,True,0.9424,False,False,False,"{'artist': 'Bryan Macleanның', 'sort': 'иң олуг'}",{'artist': 'Bryan MacLean'}
test_408,Nicodemus-та һәм аның тирәсендәге һава торышы нинди,weather/find,weather/find,True,0.9018,False,False,False,{'location': 'Nicodemus-та | аның тирәсендәге'},"{'condition_description': 'тирәсендәге', 'datetime': '', 'location': ''}"
test_409,Phinally Phamous дип аталган уен эзлә,SearchCreativeWork,SearchCreativeWork,True,0.9422,False,False,False,"{'object_name': 'Phinally Phamous', 'object_type': 'уен'}",{'object_name': 'Phinally Phamous'}
test_410,Juneteenth-га 2 балл куй .,RateBook,RateBook,True,0.9641,False,False,False,"{'object_name': 'Juneteenth-га', 'rating_value': '2'}","{'object_name': 'Juneteenth', 'rating_value': '2', 'rating_unit': 'балл'}"
test_411,Rhialto the Marvellous-га нуль йолдыз бир,RateBook,SearchCreativeWork,False,0.9724,False,False,False,"{'object_name': 'Rhialto the Marvellous-га', 'rating_value': 'нуль', 'rating_unit': 'йолдыз'}","{'object_name': 'Rhialto the Marvellous', 'object_type': 'фильм'}"
test_412,Мин Хелена Ирен Михаэльсенның Youtube-та саундтрегын ишетергә телим,PlayMusic,AddToPlaylist,False,0.9292,False,False,False,"{'artist': 'Мин Хелена Ирен', 'service': 'Youtube-та', 'music_item': 'саундтрегын'}","{'artist': 'Min Helle', 'entity_name': 'Ирен Михаэльсен', 'playlist': ''}"
test_413,5 кешегә 20/01/2023 MH-да өстәл броньла,BookRestaurant,BookRestaurant,True,0.9368,False,False,False,"{'party_size_number': '5', 'datetime': '20/01/2023', 'location': 'MH-да'}","{'datetime': '20/01/2023', 'party_size_description': '5 кешеге', 'restaurant_type': 'кеше'}"
test_414,якындагы анимация фильмнары сессияләре расписаниесе,SearchScreeningEvent,SearchCreativeWork,False,0.9495,False,False,False,"{'location': 'якындагы', 'movie_type': 'анимация фильмнары', 'object_type': 'сессияләре расписаниесе'}","{'datetime': '', 'location': '', 'object_type': 'фильм', 'movie_name': '', 'movie_type': ''}"
test_415,Минем This Is Shakira плейлистымна jack white-ны өстә,AddToPlaylist,AddToPlaylist,True,0.9438,False,False,False,"{'reference': 'Минем', 'playlist': 'This Is Shakira', 'artist': 'jack white-ны'}","{'artist': 'jack white', 'playlist': 'Minem This Is Shakira', 'music_item': 'song'}"
test_416,Мин Шри-Ланкада биш кешегә ресторан броньларга телим .,BookRestaurant,BookRestaurant,True,0.9534,False,False,False,"{'location': 'Шри-Ланкада', 'party_size_number': 'биш', 'restaurant_type': 'ресторан'}","{'cuisine': '', 'datetime': '', 'facility': '', 'location': 'Мин Шри-Ланка', 'party_size_description': '', 'party_size_number': '', 'restaurant_name': '', 'restaurant_type': '', 'served_dish': ''}"
test_417,"Зинһар, Episodi di The Blacklist телевизион тапшыруын таб .",SearchCreativeWork,SearchCreativeWork,True,0.9461,False,False,False,"{'object_name': 'Episodi di The Blacklist', 'object_type': 'телевизион тапшыруын'}",{'object_type': 'episode'}
test_418,монда Law Day-нән башлап салкын һава торышы нинди,weather/find,weather/find,True,0.9384,False,False,True,"{'location': 'монда', 'datetime': 'Law Day-нән', 'condition_temperature': 'салкын'}","{'condition_description': 'Law Day', 'datetime': ''}"
test_419,Мин ун кешелек өстәленә ресторанда заказ бирергә телим.,BookRestaurant,BookRestaurant,True,0.9094,False,False,False,"{'party_size_number': 'ун', 'restaurant_type': 'ресторанда'}","{'party_size_number': 'ун', 'cuisine': 'кешелек', 'restaurant_name': 'өстәленә'}"
test_420,Җитмешенче еллардагы Дюк Эллингтоннан берәр нәрсә уйна,PlayMusic,BookRestaurant,False,0.9518,False,False,False,"{'datetime': 'Җитмешенче', 'artist': 'Дюк Эллингтоннан'}","{'datetime': '', 'location': '', 'party_size_description': ''}"
test_421,Cotton Comes to Harlem-ны 2-гә бәялә,RateBook,SearchCreativeWork,False,0.9972,False,False,False,"{'object_name': 'Cotton Comes to Harlem-ны', 'rating_value': '2-гә'}",{'object_name': 'Cotton Comes to Harlem'}
test_422,Җырны минем madden nfl 16 плейлистымна өстә,AddToPlaylist,AddToPlaylist,True,0.9719,False,False,False,"{'reference': 'минем', 'playlist': 'madden nfl 16', 'music_item': 'плейлистымна'}","{'artist': '', 'entity_name': 'minem madden nfl 16', 'music_item': '', 'playlist': ''}"
test_423,Toyan-ны минем Epic Gaming плейлистымна өстә.,AddToPlaylist,AddToPlaylist,True,0.9623,False,False,False,"{'artist': 'Toyan-ны', 'reference': 'минем', 'playlist': 'Epic Gaming'}","{'artist': '', 'entity_name': 'Epic Gaming', 'music_item': '', 'playlist': 'Toyan-ны минем'}"
test_424,Slacker-да ниндидер яңа Les Vandyke уйнат,PlayMusic,AddToPlaylist,False,0.9516,False,False,False,"{'service': 'Slacker-да', 'sort': 'яңа', 'artist': 'Les Vandyke'}",{'artist': 'Les Vandyke'}
test_425,Three Junes-га 6-дан берге бәялә,RateBook,BookRestaurant,False,0.9331,False,False,False,"{'object_name': 'Three Junes-га', 'best_rating': '6-дан', 'rating_value': 'берге'}","{'datetime': '6-дан', 'location': 'Three Junes'}"
test_426,Nunez пекарнясында тугыз кешегә өстәл заказ ит,BookRestaurant,BookRestaurant,True,0.9371,False,False,False,"{'location': 'Nunez', 'restaurant_type': 'пекарнясында', 'party_size_number': 'тугыз'}","{'cuisine': '', 'datetime': '', 'facility': '', 'location': 'Nunez', 'party_size_description': '', 'party_size_number': '', 'restaurant_name': 'Pekarney', 'restaurant_type': ''}"
test_427,Бу агымдагы романны 6-дан икеге бәялә .,RateBook,RateBook,True,0.9321,False,False,False,"{'object_select': 'Бу агымдагы', 'object_type': 'романны', 'best_rating': '6-дан', 'rating_value': 'икеге'}","{'object_name': 'roman', 'object_select': '6-дан икеге бәялә', 'object_type': 'roman'}"
test_428,Ронни Вудның The Happy Blues-ны уйнат .,PlayMusic,SearchCreativeWork,False,0.9743,False,False,True,"{'artist': 'Ронни Вудның', 'album': 'The Happy Blues-ны'}",{'object_name': 'The Happy Blues'}
test_429,2013 елгы симфонияне уйнат .,PlayMusic,PlayMusic,True,0.9033,False,False,False,"{'datetime': '2013 елгы', 'music_item': 'симфонияне'}","{'artist': '2013', 'music_item': 'елгы симфонияне'}"
test_430,Jennifer Paull-ның Subconscious Lobotomy-ны уйнат .,PlayMusic,SearchCreativeWork,False,0.9575,False,False,True,"{'artist': 'Jennifer Paull-ның', 'album': 'Subconscious Lobotomy-ны'}","{'object_name': 'Subconscious Lobotomy', 'object_type': 'фильм'}"
test_431,The Crystal Snare-га 5 йолдыз бир,RateBook,SearchCreativeWork,False,0.961,False,False,False,"{'object_name': 'The Crystal Snare-га', 'rating_value': '5', 'rating_unit': 'йолдыз'}",{'object_name': 'The Crystal Snare-га 5 йолдыз'}
test_432,Бу дәреслеккә нуль йолдыз куй,RateBook,BookRestaurant,False,0.9046,False,False,False,"{'object_select': 'Бу', 'object_type': 'дәреслеккә', 'rating_value': 'нуль', 'rating_unit': 'йолдыз'}","{'datetime': '', 'location': '', 'party_size_description': ''}"
test_433,Агымдагы серияне 4 баллга бәялә,RateBook,RateBook,True,0.955,False,False,True,"{'object_select': 'Агымдагы', 'object_part_of_series_type': 'серияне', 'rating_value': '4', 'rating_unit': 'баллга'}","{'object_name': 'Агымдагы серияне', 'object_type': 'фильм', 'rating_value': '4', 'rating_unit': 'балл'}"
test_434,Мин Urbank California-да James D. Conrey House-да өстәл телим,BookRestaurant,SearchCreativeWork,False,0.9564,False,False,True,"{'location': 'Urbank | California-да', 'restaurant_name': 'James D. Conrey House-да'}","{'object_name': 'James D. Conrey House', 'object_type': 'картина'}"
test_435,Babar: King of the Elephants уйнымы,SearchScreeningEvent,SearchCreativeWork,False,0.9789,False,False,False,{'movie_name': 'Babar: King of the Elephants'},{'object_name': 'Babar: King of the Elephants'}
test_436,this is racionais mc's-га җырны өстә,AddToPlaylist,AddToPlaylist,True,0.9511,False,False,False,"{'playlist': ""this is racionais mc's-га"", 'music_item': 'җырны'}","{'artist': ""racionais mc's"", 'entity_name': 'җырны өстә'}"
test_437,Хәзерге эссега 6-дан нуль йолдыз куй,RateBook,alarm/set_alarm,False,0.9264,False,False,False,"{'object_select': 'Хәзерге', 'object_type': 'эссега', 'best_rating': '6-дан', 'rating_value': 'нуль', 'rating_unit': 'йолдыз'}","{'datetime': '6', 'object_type': 'ессег'}"
test_438,Әйдә Эндрю Хьюиттан берәр нәрсә тыңлыйк .,PlayMusic,weather/find,False,0.9587,False,False,False,{'artist': 'Эндрю Хьюиттан'},{'condition_description': 'тыңлыйк'}
test_439,Якында анимация фильмнарын таб,SearchScreeningEvent,SearchCreativeWork,False,0.9791,False,False,False,"{'location': 'Якында', 'movie_type': 'анимация фильмнарын'}",{'object_type': 'фильм'}
test_440,хәзерге хроникага 6-дан биш балл бир,RateBook,RateBook,True,0.9364,False,False,True,"{'object_select': 'хәзерге', 'object_part_of_series_type': 'хроникага', 'best_rating': '6-дан', 'rating_value': 'биш', 'rating_unit': 'балл'}","{'object_name': 'хроникага', 'object_type': 'книга', 'rating_value': '6', 'rating_unit': 'балл'}"
test_441,Миңа Settha Palace Hotel-да Saint Helena-да 4 кешелек өстәл кирәк,BookRestaurant,BookRestaurant,True,0.9239,False,False,True,"{'restaurant_name': 'Settha Palace Hotel-да', 'location': 'Saint Helena-да', 'party_size_number': '4 кешелек'}","{'party_size_number': '4', 'location': 'Settha Palace Hotel', 'object_type': 'hotel', 'party_size_description': 'четыре человека'}"
test_442,Изге Патрик көнендә Вирджинияда һава торышы нинди булыр ?,weather/find,weather/find,True,0.9388,False,False,False,"{'datetime': 'Изге Патрик көнендә', 'location': 'Вирджинияда'}","{'condition_temperature': 'unknown', 'datetime': 'unknown', 'location': 'Вирджинияда', 'weather/attribute': 'unknown'}"
test_443,Миңа Speakeasy Theaters киноның вакыт исемлеге кирәк,SearchScreeningEvent,SearchCreativeWork,False,0.9225,False,False,False,"{'location': 'Speakeasy Theaters', 'object_type': 'киноның вакыт'}","{'datetime': '', 'object_type': 'cinema_schedule', 'movie_name': '', 'movie_type': ''}"
test_444,Meet the Prince телевизион тапшыруын эзлә,SearchCreativeWork,SearchCreativeWork,True,0.9746,False,False,False,"{'object_name': 'Meet the Prince', 'object_type': 'телевизион тапшыруын'}",{'object_type': 'телевизион тапшыруы'}
test_445,"Зинһар, миңа Compulsive Disclosure җырын бир .",SearchCreativeWork,SearchCreativeWork,True,0.9941,False,False,False,"{'object_name': 'Compulsive Disclosure', 'object_type': 'җырын'}",{'object_name': 'Compulsive Disclosure'}
test_446,Zvooq-та Trance Life-ны уйнат .,PlayMusic,PlayMusic,True,0.8981,False,False,False,"{'service': 'Zvooq-та', 'playlist': 'Trance Life-ны'}","{'artist': 'Trance Life', 'music_item': 'установить трек'}"
test_447,"Зинһар, миңа Serious Awesomeness ! эшен таб.",SearchCreativeWork,AddToPlaylist,False,0.9392,False,False,False,{'object_name': 'Serious Awesomeness'},"{'artist': '', 'entity_name': 'Serious Awesomeness', 'music_item': '', 'playlist': 'таб'}"
test_448,мин кинотеатрда I Dream of Jeanie-ны карарга телим,SearchScreeningEvent,SearchCreativeWork,False,0.9592,False,False,True,"{'object_location_type': 'кинотеатрда', 'movie_name': 'I Dream of Jeanie-ны'}","{'object_name': 'I Dream of Jeanie', 'object_type': 'фильм'}"
test_449,Пол Маккартни уйнат,PlayMusic,AddToPlaylist,False,0.943,False,False,False,{'artist': 'Пол Маккартни'},"{'artist': ' Пол Маккартни', 'playlist': '?'}"
test_450,Хәзерге романны 3 йолдызга бәялә,RateBook,SearchCreativeWork,False,0.961,False,False,False,"{'object_select': 'Хәзерге', 'object_type': 'романны', 'rating_value': '3', 'rating_unit': 'йолдызга'}",{'object_type': 'роман'}
test_451,Paris - When It Sizzles китабын таба аласызмы ?,SearchCreativeWork,SearchCreativeWork,True,0.9629,False,False,False,"{'object_name': 'Paris - When It Sizzles', 'object_type': 'китабын'}",{'object_name': 'Paris - When It Sizzles'}
test_452,Филипп Киркоровның җитмешенче еллар пьесасын уйнат,PlayMusic,AddToPlaylist,False,0.9552,False,False,False,"{'artist': 'Филипп Киркоровның', 'datetime': 'җитмешенче'}","{'artist': 'Филипп Киркоров', 'music_item': 'пьеса'}"
test_453,Киләсе елда мин Пенни янындагы bougatsa ресторанын өч кешегә броньларга телим.,BookRestaurant,BookRestaurant,True,0.9638,False,False,True,"{'datetime': 'Киләсе елда', 'location': 'Пенни | янындагы', 'cuisine': 'bougatsa', 'restaurant_type': 'ресторанын', 'party_size_number': 'өч'}","{'cuisine': '', 'datetime': '', 'facility': '', 'location': '', 'party_size_description': '', 'party_size_number': '', 'restaurant_name': '', 'sort': ''}"
test_454,Тенинода яңгырлар булырмы ?,weather/find,weather/find,True,0.9524,False,False,True,"{'location': 'Тенинода', 'condition_description': 'яңгырлар'}",{'condition_description': 'яңгырлар'}
test_455,"Зинһар, Three Essays on the Theory of Sexuality шоусын эзлә .",SearchCreativeWork,RateBook,False,0.9751,False,False,False,"{'object_name': 'Three Essays on the Theory of Sexuality', 'object_type': 'шоусын'}","{'object_name': 'Three Essays on the Theory of Sexuality', 'object_type': 'book'}"
test_456,Мин Рамонда ашарга телим,BookRestaurant,AddToPlaylist,False,0.8964,False,False,False,{'location': 'Рамонда'},"{'artist': 'Мин Рамонда', 'entity_name': 'телепроект'}"
test_457,Emo Forever плейлистына boy george трегын өстә.,AddToPlaylist,AddToPlaylist,True,0.9537,False,False,False,"{'playlist': 'Emo Forever', 'artist': 'boy george', 'music_item': 'трегын'}","{'artist': '', 'entity_name': 'boy george', 'music_item': 'tr', 'playlist': 'Emo Forever'}"
test_458,Vimy Ridge-да стейк-хаус заказ итәргә телим .,BookRestaurant,BookRestaurant,True,0.9661,False,False,False,"{'location': 'Vimy Ridge-да', 'restaurant_type': 'стейк-хаус'}","{'cuisine': 'стейк-хаус', 'restaurant_name': 'Vimy Ridge'}"
test_459,Without Witness егерме ике  сәгатьтән соң уйнаячакмы,SearchScreeningEvent,alarm/set_alarm,False,0.8914,False,False,False,"{'movie_name': 'Without Witness', 'datetime': 'егерме ике сәгатьтән соң'}",{'datetime': 'сегатьтан'}
test_460,9 кешегә урын броньла,BookRestaurant,BookRestaurant,True,0.9547,False,False,False,{'party_size_number': '9'},{'party_size_number': '9'}
test_461,бу трекны минем Hands Up плейлистына өстә,AddToPlaylist,PlayMusic,False,0.9491,False,False,False,"{'music_item': 'трекны', 'reference': 'минем', 'playlist': 'Hands Up'}","{'artist': 'Hands Up', 'music_item': 'плейлистына', 'playlist': 'плейлистына'}"
test_462,90s Pop Rock Essentials-тан берәр нәрсә уйнат,PlayMusic,PlayMusic,True,0.934,False,False,False,{'playlist': '90s Pop Rock Essentials-тан'},{'artist': '90s Pop Rock Essentials'}
test_463,Син миңа Blue Spring трейлерын таба аласыңмы ?,SearchCreativeWork,SearchCreativeWork,True,0.9291,False,False,False,"{'object_name': 'Blue Spring', 'object_type': 'трейлерын'}",{'object_name': 'син миңа Blue Spring'}
test_464,36 Children-га 6-дан ике йолдыз куй,RateBook,BookRestaurant,False,0.9388,False,False,False,"{'object_name': '36 Children-га', 'best_rating': '6-дан', 'rating_value': 'ике', 'rating_unit': 'йолдыз'}","{'cuisine': 'Children-га', 'datetime': '6-дан', 'party_size_description': 'йолдыз куй'}"
test_465,Мин MJR театрында анимацион фильмнарны телим,SearchScreeningEvent,SearchCreativeWork,False,0.9731,False,False,False,"{'location': 'MJR театрында', 'movie_type': 'анимацион фильмнарны'}",{'object_type': 'фильм'}
test_466,Sexy as Folk плейлистына башкаручы mike-ны өстә.,AddToPlaylist,AddToPlaylist,True,0.9674,False,False,False,"{'playlist': 'Sexy as Folk', 'music_item': 'башкаручы', 'artist': 'mike-ны'}","{'artist': '', 'entity_name': 'mike', 'playlist': 'Sexy as Folk'}"
test_467,минем this is al green плейлистына Highway Patrolman өстә,AddToPlaylist,AddToPlaylist,True,0.958,False,False,False,"{'reference': 'минем', 'playlist': 'this is al green', 'entity_name': 'Highway Patrolman'}","{'playlist': 'минем', 'artist': 'al green', 'music_item': 'Highway Patrolman'}"
test_468,Миңа To Lose My Life исемле романны таб …,SearchCreativeWork,RateBook,False,0.9497,False,False,False,"{'object_name': 'To Lose My Life', 'object_type': 'романны'}","{'object_name': 'Миңа To Lose My Life', 'object_type': 'roman'}"
test_469,бу альбомны 5-кә бәялә,RateBook,PlayMusic,False,0.9592,False,False,False,"{'object_select': 'бу', 'object_type': 'альбомны', 'rating_value': '5-кә'}",{'album': '5-кә бәялә'}
test_470,Төшке ашта якындагы кинотеатрда Rare Birds күрсәтеләчәк .,SearchScreeningEvent,SearchCreativeWork,False,0.8909,False,False,True,"{'datetime': 'Төшке ашта', 'location': 'якындагы', 'object_location_type': 'кинотеатрда', 'movie_name': 'Rare Birds'}","{'datetime': '', 'location': '', 'movie_name': 'Rare Birds', 'object_location_type': 'kinoteatr', 'object_type': 'kurseltkek'}"
test_471,The 8-Week Cholesterol Cure-га 6-дан өчкә бәялә .,RateBook,SearchCreativeWork,False,0.9744,False,False,False,"{'object_name': 'The 8-Week Cholesterol Cure-га', 'best_rating': '6-дан', 'rating_value': 'өчкә'}","{'object_name': '8-Week Cholesterol Cure', 'object_type': 'фильм'}"
test_472,Martin barre-ны минем punk unplugged плейлистыма өстә.,AddToPlaylist,AddToPlaylist,True,0.925,False,False,False,"{'artist': 'Martin barre-ны', 'reference': 'минем', 'playlist': 'punk unplugged'}","{'artist': 'Martin barre', 'playlist': 'плейлистыма', 'music_item': 'плеерлистым'}"
test_473,хәзерге романны 6-дан нульгә бәялә,RateBook,RateBook,True,0.8857,False,False,False,"{'object_select': 'хәзерге', 'object_type': 'романны', 'best_rating': '6-дан', 'rating_value': 'нульгә'}","{'object_name': 'роман', 'object_select': '6-ый', 'rating_value': '0', 'object_type': 'книга'}"
test_474,Минем кинотеатрда The Young Swordsman нинди вакытта барачак ?,SearchScreeningEvent,SearchCreativeWork,False,0.9512,False,False,True,"{'object_location_type': 'кинотеатрда', 'movie_name': 'The Young Swordsman', 'object_type': 'вакытта'}","{'datetime': '', 'location': '', 'movie_name': 'The Young Swordsman', 'object_type': 'фильм'}"
test_475,Тирә-юньдә нинди фильмнар күрсәтеләр,SearchScreeningEvent,SearchCreativeWork,False,0.95,False,False,False,"{'location': 'Тирә-юньдә', 'movie_type': 'фильмнар'}",{'object_type': 'фильм'}
test_476,Мин North City-дәге Oregon Electric Station броньларга телим .,BookRestaurant,BookRestaurant,True,0.9711,False,False,True,"{'location': 'North City-дәге', 'restaurant_name': 'Oregon Electric Station'}","{'cuisine': '', 'datetime': '', 'facility': '', 'location': 'North City', 'party_size_description': '', 'party_size_number': '', 'restaurant_name': '', 'restaurant_type': '', 'served_dish': '', 'sort': ''}"
test_477,монда төнге сәгать икедә һава торышы нинди,weather/find,weather/find,True,0.8485,False,False,False,"{'location': 'монда', 'datetime': 'төнге сәгать икедә'}","{'condition_description': 'тик', 'datetime': 'икеде'}"
test_478,Wanda Group-ның фильм кестесін таб .,SearchScreeningEvent,SearchCreativeWork,False,0.9602,False,False,False,"{'location': 'Wanda Group-ның', 'object_type': 'фильм кестесін'}",{'object_type': 'фильм'}
test_479,Самоада Ваурикада нинди һава торышы,weather/find,weather/find,True,0.7922,False,False,False,{'location': 'Самоада | Ваурикада'},"{'condition_description': 'таш айы', 'datetime': 'нинди'}"
test_480,Тирә-яктагы фильмнар расписаниесен күрсәт,SearchScreeningEvent,SearchCreativeWork,False,0.9865,False,False,False,"{'location': 'Тирә-яктагы', 'object_type': 'фильмнар расписаниесен'}","{'datetime': '', 'location': '', 'movie_name': '', 'movie_type': '', 'object_location_type': '', 'object_type': ''}"
test_481,Blues britânico уйнат .,PlayMusic,BookRestaurant,False,0.9712,False,False,True,{'genre': 'Blues britânico'},{'cuisine': 'Blues britânico'}
test_482,AMC Theaters-да No Time to Be Young күрсәтеләме,SearchScreeningEvent,SearchCreativeWork,False,0.954,False,False,False,"{'location': 'AMC Theaters-да', 'movie_name': 'No Time to Be Young'}","{'object_name': 'No Time to Be Young', 'object_type': 'фильм'}"
test_483,"Зинһар, миңа Монти Пайтон Голливудта эзлә һәм таб .",SearchCreativeWork,SearchCreativeWork,True,0.9578,False,False,False,{'object_name': 'Монти Пайтон Голливудта'},{'object_name': 'Монти Пайтон Голливудта'}
test_484,кичке бишкә монда буран аркасында һава торышы нинди,weather/find,weather/find,True,0.9324,False,False,True,"{'datetime': 'кичке бишкә', 'location': 'монда', 'condition_description': 'буран'}","{'condition_description': 'һава торышы', 'location': 'кичке бишкә монда'}"
test_485,Ирландия балалар евровидениеда 2015 минем Jazzy Dinner плейлистына өстә,AddToPlaylist,AddToPlaylist,True,0.9568,False,False,False,"{'entity_name': 'Ирландия балалар евровидениеда 2015', 'reference': 'минем', 'playlist': 'Jazzy Dinner'}","{'artist': '', 'entity_name': 'Jazzy Dinner', 'music_item': '', 'playlist': 'плейлистына', 'reference': ''}"
test_486,Indie Hipster-га җырны өстә,AddToPlaylist,AddToPlaylist,True,0.9409,False,False,False,"{'playlist': 'Indie Hipster-га', 'music_item': 'җырны'}","{'artist': 'Indie Hipster', 'entity_name': 'җырны өстә'}"
test_487,Син миңа National Anthem of the Ancient Britons телевизион тапшыруын таба аласыңмы ?,SearchCreativeWork,SearchCreativeWork,True,0.9689,False,False,False,"{'object_name': 'National Anthem of the Ancient Britons', 'object_type': 'телевизион тапшыруын'}",{'object_name': 'National Anthem of the Ancient Britons'}
test_488,"travelling плейлистына зинһар, бу Дэвид Гаан җырын өстә .",AddToPlaylist,AddToPlaylist,True,0.9505,False,False,False,"{'playlist': 'travelling', 'artist': 'Дэвид Гаан', 'music_item': 'җырын'}","{'artist': 'Дэвид Гаан', 'playlist': ' travelling плейлистына'}"
test_489,Мин аларны Murcof рәссамнан ишетергә телим,PlayMusic,alarm/set_alarm,False,0.889,False,False,False,"{'music_item': 'аларны', 'artist': 'Murcof'}","{'datetime': 'тели', 'reminder/todo': 'ишетергә телим'}"
test_490,The Gift: Imagination and the Erotic Life of Property-ны биш йолдызга бәялә,RateBook,SearchCreativeWork,False,0.9639,False,False,False,"{'object_name': 'The Gift: Imagination and the Erotic Life of Property-ны', 'rating_value': 'биш', 'rating_unit': 'йолдызга'}","{'object_name': 'The Gift', 'object_type': 'фильм'}"
test_491,Миңа Baby Blue дип аталган телевизион тапшыруны таб,SearchCreativeWork,SearchCreativeWork,True,0.9673,False,False,False,"{'object_name': 'Baby Blue', 'object_type': 'телевизион тапшыруны'}",{'object_type': 'телевизион тапшыру'}
test_492,The Girl Who Was Plugged In китабын эзлә,SearchCreativeWork,SearchCreativeWork,True,0.9861,False,False,False,"{'object_name': 'The Girl Who Was Plugged In', 'object_type': 'китабын'}",{'object_name': 'The Girl Who Was Plugged In'}
test_493,филлис уордка һәм вероникага 152 көннән соң ресторанда өстәл кирәк,BookRestaurant,BookRestaurant,True,0.9587,False,False,True,"{'party_size_description': 'филлис уордка һәм вероникага', 'datetime': '152 көннән соң', 'restaurant_type': 'ресторанда'}","{'datetime': '152 көннән соң', 'restaurant_name': 'филлис уордка һәм вероникага', 'party_size_number': 'не указано'}"
test_494,5 кешелек танылган ресторанны броньла,BookRestaurant,BookRestaurant,True,0.9676,False,False,False,"{'party_size_number': '5', 'sort': 'танылган', 'restaurant_type': 'ресторанны'}",{'party_size_number': '5'}
test_495,"Бруклон янында The Dome, Edinburgh отеленда номерны броньла",BookRestaurant,BookRestaurant,True,0.9322,False,False,True,"{'location': 'Бруклон | янында', 'restaurant_name': 'The Dome, Edinburgh'}","{'restaurant_name': 'The Dome', 'location': 'Бруклон янында', 'restaurant_type': 'отель', 'party_size_description': 'номер'}"
test_496,Бу альбомны Old School Death Metal-га өстә,AddToPlaylist,PlayMusic,False,0.9185,False,False,False,"{'music_item': 'альбомны', 'playlist': 'Old School Death Metal-га'}","{'artist': '', 'album': 'Old School Death Metal', 'datetime': '', 'genre': '', 'music_item': 'album', 'playlist': '', 'service': '', 'sort': ''}"
test_497,Jersey Boys телесериалын эзлә,SearchCreativeWork,SearchCreativeWork,True,0.9892,False,False,False,"{'object_name': 'Jersey Boys', 'object_type': 'телесериалын'}",{'object_type': 'телесериалын'}
test_498,Алты ай эчендә Танжер янындагы иң яхшы пабта тугыз кешегә өстәл броньла,BookRestaurant,BookRestaurant,True,0.9385,False,False,False,"{'datetime': 'Алты ай эчендә', 'location': 'Танжер | янындагы', 'sort': 'иң яхшы', 'restaurant_type': 'пабта', 'party_size_number': 'тугыз'}","{'datetime': '', 'location': 'Танжер', 'party_size_description': 'алты ай эчендә', 'restaurant_name': '', 'cuisine': '', 'party_size_number': ''}"
test_499,Миңа Harkins Theatres-ында фильмларны күрсәт .,SearchScreeningEvent,SearchScreeningEvent,True,0.9704,False,False,False,"{'location': 'Harkins Theatres-ында', 'movie_type': 'фильмларны'}","{'datetime': '', 'location': 'Harkins Theatres', 'movie_name': '', 'movie_type': ''}"
