id,text,true_intent,pred_intent,intent_correct,confidence,weak_by_conf,weak_intent_real,weak_slot_real,true_slots,pred_slots
test_1,барлык хәтерләтүләрне күрсәт,reminder/show_reminders,none,False,0.0,True,False,False,{'reference': 'барлык'},{}
test_2,Миңа свитер кирәкме?,weather/find,AddToPlaylist,False,0.9137,False,False,False,{'weather/attribute': 'свитер'},"{'artist': 'None', 'entity_name': 'swater', 'music_item': 'sweater', 'playlist': 'None'}"
test_3,Бүген сәгать ун алтыга хәтерләтүне өстә,reminder/set_reminder,AddToPlaylist,False,0.8837,False,False,False,{'datetime': 'Бүген сәгать ун алтыга'},"{'artist': 'un name', 'entity_name': 'un name', 'music_item': 'song title or description', 'playlist': 'playlist name'}"
test_4,Минем хәтерләтүне бетер,reminder/cancel_reminder,none,False,0.0,True,False,False,{'reference': 'Минем'},{}
test_5,Миңа бензин салырга искә төшер.,reminder/set_reminder,BookRestaurant,False,0.8701,False,False,False,{'reminder/todo': 'бензин салырга'},"{'datetime': '', 'location': '', 'party_size_description': 'one person'}"
test_6,Чәршәмбе көнне миңа кул чатыры кирәкме?,weather/find,weather/find,True,0.8999,False,False,False,"{'datetime': 'Чәршәмбе', 'weather/attribute': 'кул чатыры'}","{'datetime': 'miñañ', 'location': ''}"
test_7,биш минуттан соң минем будильникны кабатла,alarm/snooze_alarm,alarm/set_alarm,False,0.9686,False,True,False,"{'datetime': 'биш минуттан', 'reference': 'минем'}","{'datetime': 'биш минуттан соң', 'recurring_datetime': None, 'reference': None}"
test_8,максның туган көне турында искә төшеруне куй,reminder/set_reminder,request_time_range,False,0.843,False,False,False,{'reminder/todo': 'максның туган көне турында искә төшеруне'},"{'start_time': 'туган көне туру', 'end_time': 'көне туру'}"
test_9,Миңа барлык хәтерләтүләрне күрсәт,reminder/show_reminders,none,False,0.0,True,False,False,{'reference': 'барлык'},{}
test_10,Барлык будильникларны күрсәт.,alarm/show_alarms,alarm/show_alarms,True,0.9846,False,False,False,{'reference': 'Барлык'},"{'datetime': '', 'recurring_datetime': '', 'reference': ''}"
test_11,Бүген яңгыр явар микән?,weather/find,weather/find,True,0.933,False,False,False,"{'datetime': 'Бүген', 'weather/attribute': 'яңгыр'}","{'condition_temperature': 'яса', 'condition_description': 'яңгыр'}"
test_12,Будильникны иртәнге 8 куй,alarm/set_alarm,alarm/set_alarm,True,0.967,False,False,False,{'datetime': 'иртәнге 8'},"{'datetime': '8', 'reference': ''}"
test_13,Бүген температура нинди?,weather/find,weather/find,True,0.9155,False,False,False,"{'datetime': 'Бүген', 'weather/attribute': 'температура'}","{'datetime': 'бүгени', 'location': ''}"
test_14,Минем хәтерләтүне күрсәт,reminder/show_reminders,none,False,0.0,True,False,False,{'reference': 'Минем'},{}
test_15,Барлык будильникларны күрсәт,alarm/show_alarms,alarm/show_alarms,True,0.9828,False,False,False,{'reference': 'Барлык'},"{'datetime': '', 'recurring_datetime': '', 'reference': ''}"
test_16,Миңа Бен белән Джорджия турында сөйләшергә искә төшер,reminder/set_reminder,SearchCreativeWork,False,0.9375,False,False,False,{'reminder/todo': 'Бен белән Джорджия турында сөйләшергә'},"{'object_name': 'Ben', 'object_type': 'person'}"
test_17,Будильникны иртәнге 5 куй,alarm/set_alarm,alarm/set_alarm,True,0.9584,False,False,False,{'datetime': 'иртәнге 5'},"{'datetime': '5', 'reference': ''}"
test_18,бүген болытлымы,weather/find,none,False,0.0,True,False,False,"{'datetime': 'бүген', 'weather/attribute': 'болытлымы'}",{}
test_19,Бүген бездә ничә дюйм яңгыры явар?,weather/find,weather/find,True,0.7705,False,False,False,"{'datetime': 'Бүген', 'weather/attribute': 'дюйм яңгыры'}","{'datetime': 'бүгени', 'location': 'бүгенин урынын аныктоо'}"
test_20,Иртәгә минем апама шалтыратырга искә төшер,reminder/set_reminder,none,False,0.0,True,False,False,"{'datetime': 'Иртәгә', 'reminder/todo': 'минем апама шалтыратырга'}",{}
test_21,будильникны туктат,alarm/cancel_alarm,alarm/cancel_alarm,True,0.964,False,False,False,{},{'reference': 'будильникка күрсәтү'}
test_22,Бу атнада кызу булырмы?,weather/find,none,False,0.0,True,False,False,"{'datetime': 'Бу атнада', 'weather/attribute': 'кызу'}",{}
test_23,Будильникны көндезге 3 куй.,alarm/set_alarm,alarm/set_alarm,True,0.9338,False,False,False,{'datetime': 'көндезге 3'},"{'datetime': '3 куй', 'reference': ''}"
test_24,бүген кар явармы,weather/find,weather/find,True,0.9141,False,False,False,"{'datetime': 'бүген', 'weather/attribute': 'кар'}",{'datetime': 'бүгени'}
test_25,бөтен будильникларны бетер,alarm/cancel_alarm,alarm/cancel_alarm,True,0.9089,False,False,False,{'reference': 'бөтен'},{'reference': 'тексттан алынган будильник төренә күрсәтү'}
test_26,Минем хәтерләтүләрне күрсәт,reminder/show_reminders,none,False,0.0,True,False,False,{'reference': 'Минем'},{}
test_27,Будильникка кадәр күпме вакыт калды,alarm/time_left_on_alarm,alarm/show_alarms,False,0.9138,False,True,False,{},{'datetime': 'тексттан алынган калган вакыт'}
test_28,Минем нинди искә төшерүләрем бар?,reminder/show_reminders,none,False,0.0,True,False,False,{'reference': 'Минем'},{}
test_29,Будильникны көн саен иртәнге 8 куй,alarm/set_alarm,alarm/set_alarm,True,0.8489,False,False,False,{'recurring_datetime': 'иртәнге 8'},"{'datetime': 'сон көн көн саен иртәнге 8', 'recurring_datetime': ''}"
test_30,син миңа будильникларны күрсәтә аласыңмы?,alarm/show_alarms,alarm/show_alarms,True,0.9657,False,False,False,{},"{'datetime': '', 'reference': ''}"
test_31,Бүген Диснейуорлдта буран булырмы?,weather/find,SearchCreativeWork,False,0.925,False,False,False,"{'datetime': 'Бүген', 'location': 'Диснейуорлдта', 'weather/attribute': 'буран'}","{'object_name': 'DisneyLand', 'object_type': 'creative work'}"
test_32,бүген кар явырмы,weather/find,weather/find,True,0.8825,False,False,False,"{'datetime': 'бүген', 'weather/attribute': 'кар'}","{'datetime': 'бүгени', 'location': 'кар'}"
test_33,бөтен будильникларны күрсәт,alarm/show_alarms,alarm/show_alarms,True,0.9548,False,False,False,{'reference': 'бөтен'},"{'datetime': '', 'recurring_datetime': '', 'reference': ''}"
test_34,Бүген салкынмы?,weather/find,weather/find,True,0.9695,False,False,False,"{'datetime': 'Бүген', 'weather/attribute': 'салкынмы'}","{'datetime': '', 'location': '', 'condition_temperature': 'салкын'}"
test_35,"Зинһар, пәнҗешәмбе иртәсеннән будильникны бетер.",alarm/cancel_alarm,alarm/cancel_alarm,True,0.9286,False,False,False,{'datetime': 'пәнҗешәмбе иртәсеннән'},"{'datetime': 'undefined', 'reference': 'undefined'}"
test_36,Бүген яңгыр явырмы?,weather/find,weather/find,True,0.9074,False,False,False,"{'datetime': 'Бүген', 'weather/attribute': 'яңгыр'}","{'condition_temperature': 'салкын', 'location': 'бүгени'}"
test_37,канадада кар явамы,weather/find,weather/find,True,0.9324,False,False,False,"{'location': 'канадада', 'weather/attribute': 'кар явамы'}",{'location': 'canada'}
test_38,Бүген нинди югары температура булачак?,weather/find,weather/find,True,0.8963,False,False,False,"{'datetime': 'Бүген', 'weather/attribute': 'югары температура'}","{'datetime': 'бүгени', 'location': ''}"
test_39,"Төнлә шулкадәр кар яуса, сәяхәт куркыныч булырмы?",weather/find,none,False,0.0,True,False,False,"{'datetime': 'Төнлә', 'weather/attribute': 'кар яуса'}",{}
test_40,бөтен хәтерләтүләрне күрсәт,reminder/show_reminders,none,False,0.0,True,False,False,{'reference': 'бөтен'},{}
test_41,барлык хәтерләтүләрне бетер,reminder/cancel_reminder,none,False,0.0,True,False,False,{'reference': 'барлык'},{}
test_42,миңа иртәгә куртка кирәкме?,weather/find,SearchCreativeWork,False,0.917,False,False,False,"{'datetime': 'иртәгә', 'weather/attribute': 'куртка'}","{'object_name': 'кино фильм', 'object_type': 'фильм'}"
test_43,Будильникка кадәр күпме вакыт калды,alarm/time_left_on_alarm,alarm/show_alarms,False,0.9138,False,True,False,{},{'datetime': 'тексттан алынган калган вакыт'}
test_44,Будильникны туктат,alarm/snooze_alarm,alarm/set_alarm,False,0.945,False,True,False,{},"{'datetime': 'тексттан алынган дата/вакыт', 'reference': 'тексттан алынган конкрет будильникка күрсәтү'}"
test_45,Миңа барлык будильникларны күрсәт,alarm/show_alarms,alarm/show_alarms,True,0.9767,False,False,False,{'reference': 'барлык'},"{'datetime': '', 'recurring_datetime': '', 'reference': ''}"
test_46,Йеллоустонда һава торышы нинди?,weather/find,weather/find,True,0.9109,False,False,False,{'location': 'Йеллоустонда'},"{'condition_temperature': 'unknown', 'datetime': '2023-11-30T12:00:00', 'location': 'Yellowstone National Park', 'weather/attribute': 'temperature'}"
test_47,Бүген һава торышы нинди?,weather/find,weather/find,True,0.848,False,False,False,{'datetime': 'Бүген'},"{'datetime': 'бүгени', 'location': 'бүгенин урынында'}"
test_48,Иртәгә Патрикны мәктәптән алырга минем искә төшерүдән алып бетер.,reminder/cancel_reminder,alarm/set_alarm,False,0.8931,False,False,False,"{'datetime': 'Иртәгә', 'reminder/todo': 'Патрикны мәктәптән алырга', 'reference': 'минем'}","{'datetime': '问询时间', 'recurring_datetime': '', 'reference': ''}"
test_49,Миңа иртәгә шул ук вакытта табибка язылырга искә төшер,reminder/set_reminder,schedule_appointment,False,0.9002,False,False,False,"{'datetime': 'иртәгә шул ук вакытта', 'reminder/todo': 'табибка язылырга'}","{'datetime': 'тексттан алынган вакыт', 'object_type': 'табиб', 'object_name': 'табиб исеме'}"
test_50,Миңа аренданы түләргә искә төшер,reminder/set_reminder,none,False,0.0,True,False,False,{'reminder/todo': 'аренданы түләргә'},{}
test_51,яңгыр кайчан бетәчәк?,weather/find,weather/find,True,0.9326,False,False,False,{'weather/attribute': 'яңгыр'},"{'condition_temperature': 'салкын', 'location': 'бетәчәк'}"
test_52,будильникларны бетер,alarm/cancel_alarm,alarm/cancel_alarm,True,0.9616,False,False,False,{},{'reference': 'конкрет будильникка күрсәтү'}
test_53,Сишәмбе көнне миңа Стефанига шалтыратырга искә төшер,reminder/set_reminder,alarm/set_alarm,False,0.891,False,False,False,"{'datetime': 'Сишәмбе көнне', 'reminder/todo': 'Стефанига шалтыратырга'}","{'datetime': 'сишәмбе көнө', 'reference': 'шик төшөрүү'}"
test_54,барлык минем уяткыч сәгатьләрне күрсәт,alarm/show_alarms,none,False,0.0,True,False,False,{'reference': 'барлык минем'},{}
test_55,Бүген никадәр эссе булачак?,weather/find,SearchCreativeWork,False,0.9487,False,False,False,"{'datetime': 'Бүген', 'weather/attribute': 'эссе'}","{'object_name': 'эссе', 'object_type': 'укаж'}"
test_56,будильникны бүген кичке 5 куй,alarm/set_alarm,alarm/snooze_alarm,False,0.9326,False,False,False,{'datetime': 'бүген кичке 5'},{'reference': 'будильник'}
test_57,21-енче августта көндез 3-тә табибка барырга искә төшер,reminder/set_reminder,schedule_appointment,False,0.9193,False,False,False,"{'datetime': '21-енче августта көндез 3-тә', 'reminder/todo': 'табибка барырга'}","{'datetime': '21-енче августта', 'doctor_name': 'табиб', 'party_size_number': '3'}"
test_58,көн саен иртәнге сәгать 7-дә дарулар эчәргә турында минем искә төшерүне бетер,reminder/cancel_reminder,reminder/set_reminder,False,0.9408,False,False,False,"{'recurring_datetime': 'көн саен иртәнге сәгать 7-дә', 'reminder/todo': 'дарулар эчәргә'}","{'datetime': 'көн', 'recurring_datetime': '', 'reminder/todo': 'iskәртү'}"
test_59,киләсе фараз яңгырны кайчан күрсәтә,weather/find,weather/find,True,0.9303,False,False,False,{'weather/attribute': 'яңгырны'},{'condition_description': 'кара'}
test_60,Иртәгә иртә белән минем будильнигым нинди вакытка куелган?,alarm/show_alarms,none,False,0.0,True,False,False,"{'datetime': 'Иртәгә иртә', 'reference': 'минем'}",{}
test_61,бүген кар явармы,weather/find,weather/find,True,0.9141,False,False,False,"{'datetime': 'бүген', 'weather/attribute': 'кар'}",{'datetime': 'бүгени'}
test_62,Минем будильнигымны сүндер.,alarm/cancel_alarm,alarm/cancel_alarm,True,0.9765,False,False,False,{'reference': 'Минем'},{'datetime': ''}
test_63,Барлык будильникларны бетер,alarm/cancel_alarm,alarm/cancel_alarm,True,0.9551,False,False,False,{'reference': 'Барлык'},{'reference': 'all alarms'}
test_64,миңа продуктларны сатып алырга искә төшер,reminder/set_reminder,none,False,0.833,True,False,False,{'reminder/todo': 'продуктларны сатып алырга'},{}
test_65,Миңа иртәнге сәгать 9-да иртәнге аш өчен будильник кирәк,alarm/set_alarm,alarm/set_alarm,True,0.9774,False,False,False,{'datetime': 'иртәнге сәгать 9-да'},"{'datetime': '9', 'recurring_datetime': ''}"
test_66,уен башланганчы бер сәгать алдан Кольтларны карау турында искә төшерүне куй,reminder/set_reminder,alarm/show_alarms,False,0.9393,False,False,False,"{'datetime': 'уен башланганчы бер сәгать алдан', 'reminder/todo': 'Кольтларны карау'}","{'datetime': '', 'reference': 'бер сәгать алдан'}"
test_67,барлык будильникларны бетер,alarm/cancel_alarm,alarm/cancel_alarm,True,0.9747,False,False,False,{'reference': 'барлык'},{'reference': 'конкрет будильникка күрсәтү'}
test_68,Бу исемлектән минем өченче искә төшерүне бетер.,reminder/cancel_reminder,none,False,0.0,True,False,False,{'reference': 'минем өченче'},{}
test_69,Будильникны иртәнге 6 куй,alarm/set_alarm,alarm/set_alarm,True,0.968,False,False,False,{'datetime': 'иртәнге 6'},"{'datetime': '6', 'reference': ''}"
test_70,Бу будильникны хәзердән көндезге 2-гә куй,alarm/cancel_alarm,alarm/set_alarm,False,0.9133,False,False,False,"{'reference': 'Бу', 'datetime': 'хәзердән | көндезге 2-гә'}","{'datetime': '2-гә күн', 'reference': 'хәзердән көндезге'}"
test_71,Кар булырмы?,weather/find,none,False,0.0,True,False,False,{'weather/attribute': 'Кар'},{}
test_72,Миңа аренданы түләргә искә төшер.,reminder/set_reminder,BookRestaurant,False,0.9388,False,False,False,{'reminder/todo': 'аренданы түләргә'},"{'datetime': '', 'facility': '', 'location': '', 'party_size_description': '', 'restaurant_name': '', 'restaurant_type': ''}"
test_73,иртәгә нинди иң түбән температура,weather/find,weather/find,True,0.9507,False,False,False,"{'datetime': 'иртәгә', 'weather/attribute': 'иң түбән'}",{'condition_temperature': 'textтан алынган кыйммәт'}
test_74,Бүген кояшлы булырмы?,weather/find,BookRestaurant,False,0.8271,False,False,False,"{'datetime': 'Бүген', 'weather/attribute': 'кояшлы'}","{'datetime': 'бүгени', 'location': 'көбүрөөлөрдө', 'party_size_number': '1'}"
test_75,Бүген минем ничә искә төшерүләрем бар?,reminder/show_reminders,reminder/set_reminder,False,0.909,False,False,False,{'datetime': 'Бүген'},"{'datetime': 'bүгүн', 'recurring_datetime': '', 'reminder/todo': 'iskәртү'}"
test_76,Минем иртәгә нинди искә төшерүләрем бар?,reminder/show_reminders,none,False,0.0,True,False,False,"{'reference': 'Минем', 'datetime': 'иртәгә'}",{}
test_77,Минем барлык искә төшерүләремне бетер.,reminder/cancel_reminder,none,False,0.0,True,False,False,{'reference': 'Минем барлык'},{}
test_78,будильникны иртәнге 6-га куй,alarm/set_alarm,alarm/set_alarm,True,0.9775,False,False,False,{'datetime': 'иртәнге 6-га'},"{'datetime': '6', 'recurring_datetime': ''}"
test_79,Будильникны 30 минутка куй,alarm/set_alarm,alarm/set_alarm,True,0.9433,False,False,False,{'datetime': '30 минутка'},"{'datetime': 'now', 'recurring_datetime': '', 'reference': '', 'reminder/todo': 'show_reminders'}"
test_80,Будильникны бер сәгать алга куй.,alarm/set_alarm,alarm/set_alarm,True,0.9539,False,False,False,{'datetime': 'бер сәгать алга'},"{'datetime': 'бер сәгать', 'recurring_datetime': '', 'reference': ''}"
test_81,барлык будильникларны бетер,alarm/cancel_alarm,alarm/cancel_alarm,True,0.9747,False,False,False,{'reference': 'барлык'},{'reference': 'конкрет будильникка күрсәтү'}
test_82,Лос-Анджелеста һава торышы,weather/find,weather/find,True,0.9626,False,False,False,{'location': 'Лос - Анджелеста'},{'location': 'Los Angeles'}
test_83,бөтен будильникларны бетер,alarm/cancel_alarm,alarm/cancel_alarm,True,0.9089,False,False,False,{'reference': 'бөтен'},{'reference': 'тексттан алынган будильник төренә күрсәтү'}
test_84,Бүген минем ничә искә төшерүләрем бар?,reminder/show_reminders,reminder/set_reminder,False,0.909,False,False,False,{'datetime': 'Бүген'},"{'datetime': 'bүгүн', 'recurring_datetime': '', 'reminder/todo': 'iskәртү'}"
test_85,Миңа иртәгә кибеттә кәгазь сөлгеләр сатып алырга искә төшер,reminder/set_reminder,BookRestaurant,False,0.9011,False,False,False,"{'datetime': 'иртәгә', 'reminder/todo': 'кибеттә кәгазь сөлгеләр сатып алырга'}","{'datetime': '', 'location': '', 'party_size_description': '', 'cuisine': '', 'facility': '', 'restaurant_name': '', 'restaurant_type': '', 'party_size_number': ''}"
test_86,Миңа минем барлык искә төшерүләремне күрсәт,reminder/show_reminders,reminder/set_reminder,False,0.829,False,False,False,{'reference': 'минем барлык'},"{'datetime': 'тикленүү кабылданган чыghанын дата/вакыты', 'recurring_datetime': 'кабатлау расписаниесе', 'reminder/todo': 'искәртү эчтәлеге'}"
test_87,Будильникны иртәнге 6 куй,alarm/set_alarm,alarm/set_alarm,True,0.968,False,False,False,{'datetime': 'иртәнге 6'},"{'datetime': '6', 'reference': ''}"
test_88,иртәгә кар булырмы,weather/find,none,False,0.0,True,False,False,"{'datetime': 'иртәгә', 'weather/attribute': 'кар'}",{}
test_89,иртәгә минем иртәнге будильникны бетер,alarm/cancel_alarm,alarm/cancel_alarm,True,0.9592,False,False,False,"{'datetime': 'иртәгә | иртәнге', 'reference': 'минем'}",{'reference': 'будильник'}
test_90,Дүшәмбе көнне төшке ашка будильникны куй.,alarm/set_alarm,alarm/set_alarm,True,0.9437,False,False,False,{'recurring_datetime': 'Дүшәмбе көнне төшке ашка'},"{'datetime': 'дүшәмбекөн', 'recurring_datetime': '', 'reference': ''}"
test_91,Бүген никадәр эссе булачак?,weather/find,SearchCreativeWork,False,0.9487,False,False,False,"{'datetime': 'Бүген', 'weather/attribute': 'эссе'}","{'object_name': 'эссе', 'object_type': 'укаж'}"
test_92,иртәнге будильникларны куерга миңа искә төшер,reminder/set_reminder,alarm/set_alarm,False,0.9308,False,False,False,"{'datetime': 'иртәнге', 'reminder/todo': 'будильникларны куерга'}","{'datetime': 'miñña', 'recurring_datetime': '', 'reference': ''}"
test_93,бөтен будильникларны бетер,alarm/cancel_alarm,alarm/cancel_alarm,True,0.9089,False,False,False,{'reference': 'бөтен'},{'reference': 'тексттан алынган будильник төренә күрсәтү'}
test_94,Минем будильникларымны күрсәт,alarm/show_alarms,alarm/show_alarms,True,0.9673,False,False,False,{'reference': 'Минем'},"{'datetime': '', 'reference': ''}"
test_95,будильникны сүндер,alarm/cancel_alarm,alarm/cancel_alarm,True,0.9467,False,False,False,{},{'datetime': 'тексттан алынган вакыт'}
test_96,Бүген температура нинди?,weather/find,weather/find,True,0.9155,False,False,False,"{'datetime': 'Бүген', 'weather/attribute': 'температура'}","{'datetime': 'бүгени', 'location': ''}"
test_97,будильникны сүндер,alarm/cancel_alarm,alarm/cancel_alarm,True,0.9467,False,False,False,{},{'datetime': 'тексттан алынган вакыт'}
test_98,Барлык будильникларны күрсәт,alarm/show_alarms,alarm/show_alarms,True,0.9828,False,False,False,{'reference': 'Барлык'},"{'datetime': '', 'recurring_datetime': '', 'reference': ''}"
test_99,Будильникны 30 минут саен куй,alarm/set_alarm,alarm/set_alarm,True,0.9379,False,False,False,{'recurring_datetime': '30 минут саен'},"{'datetime': 'now', 'recurring_datetime': '', 'reference': '', 'reminder/todo': 'show_reminders'}"
test_100,Бүген нинди температура булачак?,weather/find,weather/find,True,0.8915,False,False,False,"{'datetime': 'Бүген', 'weather/attribute': 'температура'}","{'datetime': 'begen', 'location': ''}"
test_101,Бүген кызу булырмы?,weather/find,weather/find,True,0.9157,False,False,False,"{'datetime': 'Бүген', 'weather/attribute': 'кызу'}","{'datetime': 'бүгени', 'location': ''}"
test_102,Иртәгә яңгыр булырмы?,weather/find,weather/find,True,0.8854,False,False,False,"{'datetime': 'Иртәгә', 'weather/attribute': 'яңгыр'}",{'condition_temperature': 'бүгүр'}
test_103,Киләсе будильникны бетер,alarm/cancel_alarm,alarm/cancel_alarm,True,0.96,False,False,False,{'reference': 'Киләсе'},{'reference': 'будильник'}
test_104,Бүген кибеткә барырга искә төшер,reminder/set_reminder,none,False,0.0,True,False,False,"{'datetime': 'Бүген', 'reminder/todo': 'кибеткә барырга'}",{}
test_105,киләсе атнада минем искә төшерүләрне бетер,reminder/cancel_reminder,reminder/set_reminder,False,0.8362,False,False,False,"{'datetime': 'киләсе атнада', 'reference': 'минем'}","{'datetime': 'киләсе атнын дата/вакыты', 'recurring_datetime': '', 'reminder/todo': 'тикере алу кыйммәт'}"
test_106,миңа сишәмбе көнне көндезге сәгать 3-тә этне грумерга алып барырга исемә төшер,reminder/set_reminder,alarm/set_alarm,False,0.9085,False,False,False,"{'datetime': 'сишәмбе көнне көндезге сәгать 3-тә', 'reminder/todo': 'этне грумерга алып барырга'}","{'datetime': 'сәгать 3-тә', 'reference': 'сишәмбе көнне көндезге'}"
test_107,28-енче көнне Дженга годовщинага чәчәкләр сатып алырга исемә төшер.,reminder/set_reminder,BookRestaurant,False,0.9098,False,False,False,"{'datetime': '28-енче көнне', 'reminder/todo': 'Дженга годовщинага чәчәкләр сатып алырга'}","{'datetime': '28-енче көнөк', 'party_size_number': '1', 'restaurant_name': 'Дженга', 'party_size_description': 'чәчәкелер'}"
test_108,Бүген һава торышы нинди?,weather/find,weather/find,True,0.848,False,False,False,{'datetime': 'Бүген'},"{'datetime': 'бүгени', 'location': 'бүгенин урынында'}"
test_109,Иртәгә табибка язылырга миңа искә төшер.,reminder/set_reminder,schedule_appointment,False,0.9043,False,False,False,"{'datetime': 'Иртәгә', 'reminder/todo': 'табибка язылырга'}","{'doctor_name': 'табиб', 'datetime': ''}"
test_110,бөтен будильникларны сүндер,alarm/cancel_alarm,alarm/cancel_alarm,True,0.938,False,False,False,{'reference': 'бөтен'},"{'datetime': 'тексттан алынган будильник дата/вакыты', 'reference': 'тексттан алынган будильникка күрсәтү'}"
test_111,Мин үзем белән дождевикны алыйммы?,weather/find,request_weather,False,0.8661,False,False,False,{'weather/attribute': 'дождевикны'},"{'datetime': 'үzem дата/вакыты', 'location': 'үzem'}"
test_112,Начар һава торышы фаразы нинди?,weather/find,weather/find,True,0.9056,False,False,False,{'weather/attribute': 'Начар'},{'condition_description': 'начар һава торышы'}
test_113,киләсе атнада табибка язуым турында искә төшер,reminder/set_reminder,schedule_appointment,False,0.8807,False,False,False,"{'datetime': 'киләсе атнада', 'reminder/todo': 'табибка язуым турында'}","{'doctor_name': 'киләсе атнада табиб', 'appointment_datetime': 'искә төшер'}"
test_114,иртәнге 8 кибеткә бару турында искә төшер,reminder/set_reminder,alarm/set_alarm,False,0.9304,False,False,False,"{'datetime': 'иртәнге 8', 'reminder/todo': 'кибеткә бару'}","{'datetime': '8 кибеткә', 'recurring_datetime': ''}"
test_115,Химчисткага барырга искә төшерү яса.,reminder/set_reminder,BookCleaningService,False,0.8975,False,False,False,{'reminder/todo': 'Химчисткага барырга'},{'service_name': 'cleaning service'}
test_116,кайчан салкынрак булачак,weather/find,none,False,0.0,True,False,False,{'weather/attribute': 'салкынрак'},{}
test_117,бу атнада яңгыр булырмы,weather/find,none,False,0.0,True,False,False,"{'datetime': 'бу атнада', 'weather/attribute': 'яңгыр'}",{}
test_118,барлык будильникларны бетер,alarm/cancel_alarm,alarm/cancel_alarm,True,0.9747,False,False,False,{'reference': 'барлык'},{'reference': 'конкрет будильникка күрсәтү'}
test_119,будильникларны бетер,alarm/cancel_alarm,alarm/cancel_alarm,True,0.9616,False,False,False,{},{'reference': 'конкрет будильникка күрсәтү'}
test_120,минем будильникларымны күрсәт,alarm/show_alarms,alarm/show_alarms,True,0.9743,False,False,False,{'reference': 'минем'},"{'datetime': '', 'reference': ''}"
test_121,Минем будильнигым кайсы вакытка куйган?,alarm/show_alarms,none,False,0.0,True,False,False,{},{}
test_122,Шимбә көнне яңгыр булырмы?,weather/find,weather/find,True,0.9076,False,False,False,"{'datetime': 'Шимбә', 'weather/attribute': 'яңгыр'}","{'datetime': '', 'location': '', 'condition_temperature': 'яңгыр', 'condition_description': 'шыны'}"
test_123,бүген никадәр эссе булачак,weather/find,BookCreativeWork,False,0.6798,False,False,False,"{'datetime': 'бүген', 'weather/attribute': 'эссе'}",{'object_name': 'nikad'}
test_124,Барлык будильникларны бетер,alarm/cancel_alarm,alarm/cancel_alarm,True,0.9551,False,False,False,{'reference': 'Барлык'},{'reference': 'all alarms'}
test_125,Бу ял көннәрендә Тахода һава торышы?,weather/find,weather/find,True,0.958,False,False,False,"{'datetime': 'Бу ял көннәрендә', 'location': 'Тахода'}","{'datetime': '', 'location': '', 'condition_temperature': '', 'condition_description': ''}"
test_126,Миңа бүген пальто кирәкме?,weather/find,AddToPlaylist,False,0.8423,False,False,False,"{'datetime': 'бүген', 'weather/attribute': 'пальто'}",{'artist': 'Palace Music'}
test_127,Яңгыр кайчан туктар?,weather/find,weather/find,True,0.921,False,False,False,{'weather/attribute': 'Яңгыр'},"{'condition_temperature': 'салкын', 'location': 'туктар'}"
test_128,Дүшәмбе көнне 16:00 сәгатьтә минем мәктәпкә шалтыратырга хәтерләтү куй,reminder/set_reminder,alarm/set_alarm,False,0.9008,False,False,False,"{'datetime': 'Дүшәмбе көнне 16:00 сәгатьтә', 'reminder/todo': 'минем мәктәпкә шалтыратырга'}","{'datetime': '16:00', 'reference': 'мәктеп шалтырылган'}"
test_129,Минем будильнигымны сүндер.,alarm/cancel_alarm,alarm/cancel_alarm,True,0.9765,False,False,False,{'reference': 'Минем'},{'datetime': ''}
test_130,Бүген кич никадәр салкын булыр?,weather/find,weather/find,True,0.9731,False,False,False,"{'datetime': 'Бүген кич', 'weather/attribute': 'салкын'}","{'datetime': '', 'location': '', 'condition_temperature': 'салкын'}"
test_131,Будильникны иртәнге җидегә куй.,alarm/set_alarm,alarm/set_alarm,True,0.7847,False,False,False,{'datetime': 'иртәнге җидегә'},"{'datetime': 'irtden gece vakti', 'reference': 'gecenin ismi'}"
test_132,Минем Робны алу турында хәтерләтүемне бетер,reminder/cancel_reminder,SearchCreativeWork,False,0.7233,False,False,False,"{'reference': 'Минем', 'reminder/todo': 'Робны алу'}",{'object_name': 'Rob'}
test_133,Иртәгә сөт сатып алу турында хәтерләтү яса.,reminder/set_reminder,none,False,0.0,True,False,False,"{'datetime': 'Иртәгә', 'reminder/todo': 'сөт сатып алу'}",{}
test_134,Будильникны иртәнге 6 куй,alarm/set_alarm,alarm/set_alarm,True,0.968,False,False,False,{'datetime': 'иртәнге 6'},"{'datetime': '6', 'reference': ''}"
test_135,"көндәлек будильникны, аны бетергәнче, кичке җиде сәгать утыз минутка планлаштыр",alarm/set_alarm,alarm/cancel_alarm,False,0.7825,False,False,False,{'recurring_datetime': 'көндәлек | кичке җиде сәгать утыз минутка'},{'datetime': 'быккан чыгыял'}
test_136,миңа торыр өчен будильникны куерга исемә төшер,reminder/set_reminder,alarm/set_alarm,False,0.9284,False,False,False,{'reminder/todo': 'торыр өчен будильникны куерга'},"{'datetime': 'миңа', 'reference': 'өшенген будильник'}"
test_137,Минем хәтерләтүне бетер,reminder/cancel_reminder,none,False,0.0,True,False,False,{'reference': 'Минем'},{}
test_138,Бүген кар булырмы?,weather/find,none,False,0.0,True,False,False,"{'datetime': 'Бүген', 'weather/attribute': 'кар'}",{}
test_139,Миңа бөтен будильникларны күрсәт,alarm/show_alarms,alarm/show_alarms,True,0.9386,False,False,False,{'reference': 'бөтен'},"{'datetime': '', 'location': '', 'reference': ''}"
test_140,бөтен хәтерләтүләрне күрсәт,reminder/show_reminders,none,False,0.0,True,False,False,{'reference': 'бөтен'},{}
test_141,минем будильнигымда күпме вакыт калды,alarm/time_left_on_alarm,alarm/show_alarms,False,0.9119,False,True,False,{'reference': 'минем'},{'datetime': 'тексттан алынган кыйммәт'}
test_142,будильникны 2 сәгатькә куй,alarm/set_alarm,alarm/set_alarm,True,0.9634,False,False,False,{'datetime': '2 сәгатькә'},"{'datetime': '2 сәгатькә', 'recurring_datetime': ''}"
test_143,Эштән соң икмәк сатып алырга исемә төшер,reminder/set_reminder,none,False,0.0,True,False,False,"{'datetime': 'Эштән соң', 'reminder/todo': 'икмәк сатып алырга'}",{}
test_144,Бүген яңгыр булырмы?,weather/find,weather/find,True,0.9152,False,False,False,"{'datetime': 'Бүген', 'weather/attribute': 'яңгыр'}","{'condition_temperature': 'салкын', 'location': 'бүгени'}"
test_145,бүгенге һава торышы фаразын укы,weather/find,weather/find,True,0.9547,False,False,False,{'datetime': 'бүгенге'},"{'datetime': 'бүгени', 'location': ''}"
test_146,Минем будильнигым нинди вакытка куелган?,alarm/show_alarms,alarm/set_alarm,False,0.6953,False,False,False,{'reference': 'Минем'},{'datetime': 'тексттан алынган дата/вакыт'}
test_147,иртәгә 4 миңа сәүдә үзәгенә барырга исемә төшер,reminder/set_reminder,alarm/set_alarm,False,0.9591,False,False,False,"{'datetime': 'иртәгә 4', 'reminder/todo': 'сәүдә үзәгенә барырга'}","{'datetime': '4 миңа', 'recurring_datetime': '', 'reference': ''}"
test_148,бүген кул чатырны үзем белән алыйммы,weather/find,none,False,0.0,True,False,False,"{'datetime': 'бүген', 'weather/attribute': 'кул чатырны'}",{}
test_149,Минем хәтерләтүне күрсәт,reminder/show_reminders,none,False,0.0,True,False,False,{'reference': 'Минем'},{}
test_150,Минем бөтен хәтерләтүләрне күрсәт,reminder/show_reminders,none,False,0.0,True,False,False,{'reference': 'Минем бөтен'},{}
test_151,Дүшәмбе көнне эт ризыгы турында хәтерләтү куй,reminder/set_reminder,SearchScreeningEvent,False,0.878,False,False,False,"{'datetime': 'Дүшәмбе', 'reminder/todo': 'эт ризыгы'}","{'datetime': 'дүшәмбе көнөн', 'location': 'хәтер'}"
test_152,"Иртәгегә ""Сишәмбе кичендә Балада Саб йога дәресенә язылырга "" хәтерләтүне куй",reminder/set_reminder,alarm/set_alarm,False,0.9053,False,False,False,"{'datetime': 'Иртәгегә', 'reminder/todo': 'Сишәмбе кичендә Балада Саб йога дәресенә язылырга'}","{'datetime': 'сишәмбе кичендә', 'reference': 'балада саб йога дәресенә язылырга'}"
test_153,бүгенгегә бөтен искә төшерүләрне бетер,reminder/cancel_reminder,reminder/cancel_reminder,True,0.8277,False,False,False,"{'datetime': 'бүгенгегә', 'reference': 'бөтен'}","{'datetime': 'бүгенин тарыхы', 'reference': 'бүгенин тарыхын күрсөтөш'}"
test_154,Бу атнада Нью-Йоркта нинди һава торышы булачак,weather/find,weather/find,True,0.9738,False,False,False,"{'datetime': 'Бу атнада', 'location': 'Нью - Йоркта'}",{'location': 'New York'}
test_155,пәнҗешәмбе көнне көндез 12-дә табибка баруымны исемә төшер,reminder/set_reminder,BookRestaurant,False,0.9036,False,False,False,"{'datetime': 'пәнҗешәмбе көнне көндез 12-дә', 'reminder/todo': 'табибка баруымны'}","{'datetime': '12', 'party_size_number': '1', 'restaurant_name': 'Tabib', 'restaurant_type': ""doctor's office""}"
test_156,Будильникны кичке 6:50 куй,alarm/set_alarm,alarm/set_alarm,True,0.9523,False,False,False,{'datetime': 'кичке 6:50'},"{'datetime': '6:50', 'reference': ''}"
test_157,Бүген кар булырмы?,weather/find,none,False,0.0,True,False,False,"{'datetime': 'Бүген', 'weather/attribute': 'кар'}",{}
test_158,Нинди будильниклар куелган?,alarm/show_alarms,alarm/set_alarm,False,0.9159,False,False,False,{},"{'datetime': 'тексттан алынган дата/вакыт', 'reference': 'тексттан алынган будильник төренә күрсәтү'}"
test_159,7 октябрьгә искә төшерү будильникны куй,reminder/set_reminder,alarm/set_alarm,False,0.9658,False,False,False,{'datetime': '7 октябрьгә'},"{'datetime': '7 октября', 'reference': ''}"
test_160,бүген кар булырмы?,weather/find,none,False,0.0,True,False,False,"{'datetime': 'бүген', 'weather/attribute': 'кар'}",{}
test_161,будильникны 15 минутка күчер,alarm/snooze_alarm,alarm/modify_alarm,False,0.9313,False,True,False,{'datetime': '15 минутка'},"{'datetime': '', 'recurring_datetime': '', 'reference': ''}"
test_162,Күпме кар булуын фаразлыйлар?,weather/find,none,False,0.0,True,False,False,{'weather/attribute': 'кар'},{}
test_163,урамда эссе ме,weather/find,none,False,0.0,True,False,False,"{'location': 'урамда', 'weather/attribute': 'эссе'}",{}
test_164,Бүген нинди температура булачак?,weather/find,weather/find,True,0.8915,False,False,False,"{'datetime': 'Бүген', 'weather/attribute': 'температура'}","{'datetime': 'begen', 'location': ''}"
test_165,иртәгә Далласта һава торышы нинди булыр,weather/find,weather/find,True,0.9654,False,False,False,"{'datetime': 'иртәгә', 'location': 'Далласта'}","{'location': 'Далласта', 'datetime': ''}"
test_166,бүгенгегә минем бөтен искә төшерүләрне күрсәт,reminder/show_reminders,reminder/set_reminder,False,0.8315,False,False,False,"{'datetime': 'бүгенгегә', 'reference': 'минем бөтен'}","{'datetime': 'бүгенин төшерүләргә бөн', 'recurring_datetime': '', 'reminder/todo': 'тик төшерү'}"
test_167,Атна саен продукт сатып алу турында хәтерләтү куй.,reminder/set_reminder,BookRestaurant,False,0.972,False,False,False,"{'recurring_datetime': 'Атна саен', 'reminder/todo': 'продукт сатып алу'}","{'cuisine': '', 'datetime': '', 'facility': '', 'location': '', 'party_size_description': '', 'party_size_number': '', 'restaurant_name': '', 'restaurant_type': '', 'served_dish': '', 'sort': ''}"
test_168,һава торышы,weather/find,weather/find,True,0.9752,False,False,False,{},"{'datetime': '', 'location': '', 'condition_description': '', 'condition_temperature': ''}"
test_169,Яңгыр көне буе явыр микән?,weather/find,weather/find,True,0.9231,False,False,False,"{'weather/attribute': 'Яңгыр', 'datetime': 'көне буе'}","{'condition_temperature': 'салкын', 'location': 'көне'}"
test_170,Иртәгә яңгыр булырмы?,weather/find,weather/find,True,0.8854,False,False,False,"{'datetime': 'Иртәгә', 'weather/attribute': 'яңгыр'}",{'condition_temperature': 'бүгүр'}
test_171,Бүген кич эш хатларына җавап бирергә исемә төшер,reminder/set_reminder,none,False,0.0,True,False,False,"{'datetime': 'Бүген кич', 'reminder/todo': 'эш хатларына җавап бирергә'}",{}
test_172,Будильникларны бетер,alarm/cancel_alarm,alarm/cancel_alarm,True,0.9538,False,False,False,{},{'reference': 'конкрет будильникка күрсәтү'}
test_173,Минем будильникларны бетер,alarm/cancel_alarm,alarm/cancel_alarm,True,0.9479,False,False,False,{'reference': 'Минем'},{'reference': 'будильникка күрсәтү'}
test_174,Мин бүген шортыны кия аламмы?,weather/find,weather/find,True,0.71,False,False,False,"{'datetime': 'бүген', 'weather/attribute': 'шортыны'}","{'datetime': 'үзгезүүгө керек', 'location': 'шорто'}"
test_175,Иртәгә яңгыр булырмы?,weather/find,weather/find,True,0.8854,False,False,False,"{'datetime': 'Иртәгә', 'weather/attribute': 'яңгыр'}",{'condition_temperature': 'бүгүр'}
test_176,Будильникны иртәнге 10 куй,alarm/set_alarm,alarm/set_alarm,True,0.9336,False,False,False,{'datetime': 'иртәнге 10'},"{'datetime': 'иртәнге 10', 'reference': ''}"
test_177,бу атнада яңгыр булырмы,weather/find,none,False,0.0,True,False,False,"{'datetime': 'бу атнада', 'weather/attribute': 'яңгыр'}",{}
test_178,бөтен хәтерләтүләрне күрсәт,reminder/show_reminders,none,False,0.0,True,False,False,{'reference': 'бөтен'},{}
test_179,будильникларны бетер,alarm/cancel_alarm,alarm/cancel_alarm,True,0.9616,False,False,False,{},{'reference': 'конкрет будильникка күрсәтү'}
test_180,бөтен будильникларны сүндер,alarm/cancel_alarm,alarm/cancel_alarm,True,0.938,False,False,False,{'reference': 'бөтен'},"{'datetime': 'тексттан алынган будильник дата/вакыты', 'reference': 'тексттан алынган будильникка күрсәтү'}"
test_181,бөтен будильник настройкаларын күрсәт,alarm/show_alarms,alarm/set_alarm,False,0.9412,False,False,False,{'reference': 'бөтен'},"{'datetime': 'тексттан алынган дата/вакыт', 'recurring_datetime': 'тексттан алынган кабатлау расписаниесе', 'reference': 'тексттан алынган будильникка күрсәтү'}"
test_182,Будильникны егерме минут саен куй,alarm/set_alarm,alarm/set_alarm,True,0.9467,False,False,False,{'recurring_datetime': 'егерме минут саен'},"{'datetime': 'минут саен', 'recurring_datetime': '', 'reference': ''}"
test_183,Минем нинди искә төшерүләрем бар?,reminder/show_reminders,none,False,0.0,True,False,False,{'reference': 'Минем'},{}
test_184,иртәгегә будильникны бетер,alarm/cancel_alarm,alarm/cancel_alarm,True,0.9507,False,False,False,{'datetime': 'иртәгегә'},"{'datetime': '', 'reference': 'будильник төренә күрсәтү'}"
test_185,бүген миңа зонтик кирәкме?,weather/find,alarm/set_alarm,False,0.8828,False,False,False,"{'datetime': 'бүген', 'weather/attribute': 'зонтик'}","{'datetime': 'мiңa', 'reference': 'мiңa зонтик кирaкma'}"
test_186,бүген кар булырмы?,weather/find,none,False,0.0,True,False,False,"{'datetime': 'бүген', 'weather/attribute': 'кар'}",{}
test_187,Бүген кич минем әнигә шалтыратырга искә төшер,reminder/set_reminder,reminder/set_reminder,True,0.8341,False,False,False,"{'datetime': 'Бүген кич', 'reminder/todo': 'минем әнигә шалтыратырга'}","{'datetime': 'беркан кич кичинен', 'recurring_datetime': '', 'reminder/todo': 'тик шалтыратырга'}"
test_188,Бүген яңгыр булырмы?,weather/find,weather/find,True,0.9152,False,False,False,"{'datetime': 'Бүген', 'weather/attribute': 'яңгыр'}","{'condition_temperature': 'салкын', 'location': 'бүгени'}"
test_189,Шимбә көнне яңгыр булырмы?,weather/find,weather/find,True,0.9076,False,False,False,"{'datetime': 'Шимбә', 'weather/attribute': 'яңгыр'}","{'datetime': '', 'location': '', 'condition_temperature': 'яңгыр', 'condition_description': 'шыны'}"
test_190,Будильникны һәр минут саен 20 минутка куясынмы?,alarm/set_alarm,alarm/set_alarm,True,0.9114,False,False,False,{'recurring_datetime': 'һәр минут саен 20 минутка'},"{'datetime': 'now', 'recurring_datetime': 'every 20 minutes', 'reference': 'set alarm every 20 minutes'}"
test_191,Кариб бассейнында тропик давыллар,weather/find,weather/find,True,0.9146,False,False,False,"{'location': 'Кариб', 'weather/attribute': 'тропик давыллар'}","{'condition_description': 'тропик давылдар', 'location': 'Кариб бассейн'}"
test_192,барлык будильникларны бетер,alarm/cancel_alarm,alarm/cancel_alarm,True,0.9747,False,False,False,{'reference': 'барлык'},{'reference': 'конкрет будильникка күрсәтү'}
test_193,Будильникны тугыз минут саен куй,alarm/set_alarm,alarm/set_alarm,True,0.9304,False,False,False,{'recurring_datetime': 'тугыз минут саен'},"{'datetime': 'тугыз минут саен', 'recurring_datetime': ''}"
test_194,Минем исемлектән соңгы ике хәтерләтүне бетер,reminder/cancel_reminder,none,False,0.6192,True,False,False,{'reference': 'соңгы ике'},{}
test_195,бүген һава торышы нинди,weather/find,weather/find,True,0.8555,False,False,False,{'datetime': 'бүген'},"{'datetime': 'бүгени', 'location': 'төңгөл'}"
test_196,минем будильнигымны кабыз,alarm/set_alarm,alarm/set_alarm,True,0.9213,False,False,False,{'reference': 'минем'},"{'datetime': 'тексттан алынган кыйммәт (дата/вакыт)', 'reference': 'тексттан алынган будильникка күрсәтү'}"
test_197,Бүген һаваның дымлылыгы нинди?,weather/find,weather/find,True,0.9289,False,False,False,"{'datetime': 'Бүген', 'weather/attribute': 'һаваның дымлылыгы'}","{'condition_temperature': 'unknown', 'condition_description': 'unknown', 'datetime': 'unknown', 'location': 'unknown', 'weather/attribute': 'unknown'}"
test_198,миңа торыр өчен будильникны куерга исемә төшер,reminder/set_reminder,alarm/set_alarm,False,0.9284,False,False,False,{'reminder/todo': 'миңа торыр өчен будильникны куерга'},"{'datetime': 'миңа', 'reference': 'өшенген будильник'}"
test_199,Бу ял көннәрендә кар явырмы?,weather/find,SearchCreativeWork,False,0.9321,False,False,False,"{'datetime': 'Бу ял көннәрендә', 'weather/attribute': 'кар'}","{'object_name': 'кар', 'object_type': 'уен'}"
test_200,Бүген никадәр эссе булачак?,weather/find,SearchCreativeWork,False,0.9487,False,False,False,"{'datetime': 'Бүген', 'weather/attribute': 'эссе'}","{'object_name': 'эссе', 'object_type': 'укаж'}"
test_201,Минем будильнигым нинди вакытка куелган,alarm/show_alarms,none,False,0.0,True,False,False,{'reference': 'Минем'},{}
test_202,Бүген һава торышы нинди?,weather/find,weather/find,True,0.848,False,False,False,{'datetime': 'Бүген'},"{'datetime': 'бүгени', 'location': 'бүгенин урынында'}"
test_203,Иртәгә яңгыр явармы?,weather/find,weather/find,True,0.9619,False,False,False,"{'datetime': 'Иртәгә', 'weather/attribute': 'яңгыр'}",{'condition_temperature': 'яңгыр'}
test_204,Сишәмбе көнне иртәнге 5:15 минем будильнигымны бетер,alarm/cancel_alarm,alarm/cancel_alarm,True,0.9894,False,False,False,"{'datetime': 'Сишәмбе көнне иртәнге 5:15', 'reference': 'минем'}",{'datetime': '5:15'}
test_205,бүгенге уен турында искәртүне бетер,reminder/cancel_reminder,reminder/cancel_reminder,True,0.9372,False,False,False,"{'datetime': 'бүгенге', 'reminder/todo': 'уен'}","{'datetime': 'bügene', 'reference': 'iskәртүгә күрсәтү'}"
test_206,будильникны иртәнге көндезге 3-ке куй,alarm/set_alarm,alarm/set_alarm,True,0.974,False,False,False,{'datetime': 'көндезге 3-ке'},"{'datetime': '3', 'recurring_datetime': '', 'reference': ''}"
test_207,шимбә көнне бөтен будильникларны бетер,alarm/cancel_alarm,alarm/cancel_alarm,True,0.945,False,False,False,"{'datetime': 'шимбә көнне', 'reference': 'бөтен'}",{'datetime': 'şimбә көнө'}
test_208,Миңа Лизаны алу турында искәртү кирәк,reminder/set_reminder,reminder/set_reminder,True,0.9614,False,False,False,{'reminder/todo': 'Лизаны алу'},"{'datetime': 'textтан алынган кыйммәт (дата/вакыт)', 'recurring_datetime': '', 'reminder/todo': 'искәртү эчтәлеге: нәрсә эшләргә кирәк'}"
test_209,Бүген нинди югары температура?,weather/find,weather/find,True,0.8523,False,False,False,"{'datetime': 'Бүген', 'weather/attribute': 'югары'}","{'datetime': 'begen', 'condition_temperature': 'temperatugan'}"
test_210,Бүген Гринстоунда болытлы булырмы?,weather/find,BookRestaurant,False,0.9348,False,False,False,"{'datetime': 'Бүген', 'location': 'Гринстоунда', 'weather/attribute': 'болытлы'}","{'datetime': '', 'location': 'Гринстоунда', 'party_size_description': ''}"
test_211,Соңрак искә төшер,reminder/set_reminder,none,False,0.0,True,False,False,{'datetime': 'Соңрак'},{}
test_212,бүген франциядә нинди һава торышы,weather/find,weather/find,True,0.8875,False,False,False,"{'datetime': 'бүген', 'location': 'франциядә'}","{'datetime': 'begen', 'location': 'france'}"
test_213,Шимбә кичәсендә кояшлы булырмы?,weather/find,none,False,0.0,True,False,False,"{'datetime': 'Шимбә', 'weather/attribute': 'кояшлы'}",{}
test_214,Иртәгә яңгыр явармы?,weather/find,weather/find,True,0.9619,False,False,False,"{'datetime': 'Иртәгә', 'weather/attribute': 'яңгыр'}",{'condition_temperature': 'яңгыр'}
test_215,Мин бүген шортыны кия аламмы?,weather/find,weather/find,True,0.71,False,False,False,"{'datetime': 'бүген', 'weather/attribute': 'шортыны'}","{'datetime': 'үзгезүүгө керек', 'location': 'шорто'}"
test_216,Минем искәртүемне күрсәт,reminder/show_reminders,reminder/set_reminder,False,0.9519,False,False,False,{'reference': 'Минем'},"{'datetime': 'textтан алынган дата/вакыт', 'recurring_datetime': 'textтан алынган кабатлау расписаниесе', 'reminder/todo': 'искәртү эчтәлеге: нәрсә эшләргә кирәк'}"
test_217,Сентябрьдә уртача һава торышы нинди,weather/find,weather/find,True,0.9586,False,False,False,{'datetime': 'Сентябрьдә'},"{'datetime': '', 'location': '', 'condition_description': 'уртача', 'condition_temperature': ''}"
test_218,Бүген салкынмы?,weather/find,weather/find,True,0.9695,False,False,False,"{'datetime': 'Бүген', 'weather/attribute': 'салкынмы'}","{'datetime': '', 'location': '', 'condition_temperature': 'салкын'}"
test_219,Бөтен искәртүләремне бетер,reminder/cancel_reminder,reminder/cancel_reminder,True,0.9449,False,False,False,{'reference': 'Бөтен'},"{'datetime': '', 'reference': 'iskәртүгә күрсәтү'}"
test_220,монда эссеме?,weather/find,none,False,0.0,True,False,False,{'weather/attribute': 'эссеме'},{}
test_221,Ял көннәрендә көндезге 2 будильнигымны куй,alarm/set_alarm,none,False,0.8629,True,False,False,{'recurring_datetime': 'Ял көннәрендә көндезге 2'},{}
test_222,Будильникны иртәнге 2 куй,alarm/set_alarm,alarm/set_alarm,True,0.9644,False,False,False,{'datetime': 'иртәнге 2'},"{'datetime': '2', 'reference': ''}"
test_223,Бүген һаваның дымлылыгы нинди?,weather/find,weather/find,True,0.9289,False,False,False,"{'datetime': 'Бүген', 'weather/attribute': 'һаваның дымлылыгы'}","{'condition_temperature': 'unknown', 'condition_description': 'unknown', 'datetime': 'unknown', 'location': 'unknown', 'weather/attribute': 'unknown'}"
test_224,минем бөтен будильникларымны күрсәт,alarm/show_alarms,alarm/show_alarms,True,0.9628,False,False,False,{'reference': 'минем бөтен'},"{'datetime': '', 'reference': ''}"
test_225,Минем бөтен искәртүләремне күрсәт,reminder/show_reminders,reminder/set_reminder,False,0.9469,False,False,False,{'reference': 'Минем бөтен'},"{'datetime': 'textтан алынган кыйммәт', 'reminder/todo': 'iskәртү эчтәлеге: нәрсә эшләргә кирәк'}"
test_226,бөтен будильникларымны бетер,alarm/cancel_alarm,alarm/cancel_alarm,True,0.955,False,False,False,{'reference': 'бөтен'},{'reference': 'будильник төренә күрсәтү'}
test_227,Давыл минем районыма якынлашамы?,weather/find,find,False,0.8803,False,False,False,"{'weather/attribute': 'Давыл', 'location': 'минем районыма'}","{'datetime': '', 'location': 'район Минмет Rexvany'}"
test_228,бүген һава торышы нинди,weather/find,weather/find,True,0.8555,False,False,False,{'datetime': 'бүген'},"{'datetime': 'бүгени', 'location': 'төңгөл'}"
test_229,соңгы искәртүемне бетер,reminder/cancel_reminder,reminder/cancel_reminder,True,0.8795,False,False,False,{'reference': 'соңгы'},"{'datetime': '', 'reference': 'соңгы искәртүемне күрсәтүлген'}"
test_230,Будильникка күпме вакыт калды.,alarm/time_left_on_alarm,alarm/set_alarm,False,0.9065,False,True,False,{},"{'datetime': 'күпме вакыт', 'reference': 'будильникка күпме'}"
test_231,Якшәмбе көнне минем бөтен будильникларымны бетер.,alarm/cancel_alarm,alarm/cancel_alarm,True,0.9328,False,False,False,"{'datetime': 'Якшәмбе көнне', 'reference': 'минем бөтен'}",{'datetime': 'көнөк'}
test_232,Бүген нихәтле эссе булачак?,weather/find,none,False,0.7093,True,False,False,"{'datetime': 'Бүген', 'weather/attribute': 'эссе'}",{}
test_233,Мин сине иртәгә иртәнге 8:45 яңа будильникны куерга теләр идем,alarm/set_alarm,alarm/set_alarm,True,0.6793,False,False,False,{'datetime': 'иртәгә иртәнге 8:45'},"{'datetime': '8:45', 'reference': 'new alarm'}"
test_234,бөтен будильникларны бетер,alarm/cancel_alarm,alarm/cancel_alarm,True,0.9089,False,False,False,{'reference': 'бөтен'},{'reference': 'тексттан алынган будильник төренә күрсәтү'}
test_235,Бүген кар явармы?,weather/find,SearchCreativeWork,False,0.9168,False,False,False,"{'datetime': 'Бүген', 'weather/attribute': 'кар'}",{'object_name': 'birthday'}
test_236,миңа бозны алырга искә төшер,reminder/set_reminder,alarm/set_alarm,False,0.8823,False,False,False,{'reminder/todo': 'бозны алырга'},"{'datetime': 'аларны алырга искә төшер', 'recurring_datetime': '', 'reference': ''}"
test_237,бөтен искәртүләремне күрсәт,reminder/show_reminders,reminder/set_reminder,False,0.9505,False,False,False,{'reference': 'бөтен'},"{'datetime': 'textтан алынган кыйммәт', 'recurring_datetime': '', 'reminder/todo': 'iskәртү эчтәлеге: нәрсә эшләргә кирәк'}"
test_238,бөтен будильникларымны күрсәт,alarm/show_alarms,alarm/show_alarms,True,0.9207,False,False,False,{'reference': 'бөтен'},"{'datetime': '', 'reference': ""user's alarms""}"
test_239,Сан-Францискода һава торышы нинди?,weather/find,weather/find,True,0.9623,False,False,False,{'location': 'Сан - Францискода'},{'location': 'San Francisco'}
test_240,Бөтен искәртүләремне бетер,reminder/cancel_reminder,reminder/cancel_reminder,True,0.9449,False,False,False,{'reference': 'Бөтен'},"{'datetime': '', 'reference': 'iskәртүгә күрсәтү'}"
test_241,Концерт турында искәртүне бетер,reminder/cancel_reminder,reminder/cancel_reminder,True,0.9399,False,False,False,{'reminder/todo': 'Концерт'},"{'datetime': '', 'reference': 'iskәртүгә күрсәтү'}"
test_242,Иртәгә иртәнге будильникны бетер,alarm/cancel_alarm,alarm/cancel_alarm,True,0.9696,False,False,False,{'datetime': 'Иртәгә иртәнге'},{'reference': 'будильникка күрсәтү'}
test_243,бу атнада яңгыр явармы,weather/find,none,False,0.0,True,False,False,"{'datetime': 'бу атнада', 'weather/attribute': 'яңгыр'}",{}
test_244,Гольф уйнау өчен чәршәмбе көнне һава торышы нинди?,weather/find,weather/find,True,0.8746,False,False,False,{'datetime': 'чәршәмбе көнне'},"{'datetime': 'өчен чәршәмбе көнө', 'condition_temperature': 'нинди'}"
test_245,бөтен будильникларымны күрсәт,alarm/show_alarms,alarm/show_alarms,True,0.9207,False,False,False,{'reference': 'бөтен'},"{'datetime': '', 'reference': ""user's alarms""}"
test_246,бөтен иртәгә будильникларны сүндер,alarm/cancel_alarm,alarm/cancel_alarm,True,0.9189,False,False,False,"{'reference': 'бөтен', 'datetime': 'иртәгә'}",{'datetime': 'тексттан алынган вакыт'}
test_247,Будильнигымны бүген кичке 5 куй,alarm/set_alarm,alarm/snooze_alarm,False,0.9499,False,False,False,{'datetime': 'бүген кичке 5'},{'reference': 'будильник'}
test_248,будильнигымны иртәге 7-гә куй,alarm/set_alarm,alarm/set_alarm,True,0.9773,False,False,False,{'datetime': 'иртәге 7-гә'},"{'datetime': '7', 'recurring_datetime': ''}"
test_249,Иртәгә кояшлы булырмы?,weather/find,none,False,0.0,True,False,False,"{'datetime': 'Иртәгә', 'weather/attribute': 'кояшлы'}",{}
test_250,бүген нинди эссе булыр,weather/find,none,False,0.0,True,False,False,"{'datetime': 'бүген', 'weather/attribute': 'эссе'}",{}
test_251,Бир ноль йолдызлар Halo: Ghosts of Onyx,RateBook,RateBook,True,0.9176,False,False,False,"{'rating_value': 'ноль', 'rating_unit': 'йолдызлар', 'object_name': 'Halo: Ghosts of Onyx'}","{'object_name': 'Halo: Ghosts of Onyx', 'object_type': 'book', 'best_rating': '0', 'rating_unit': 'yołdyz', 'rating_value': '0'}"
test_252,Джой Нило музыкасын кабыз .,PlayMusic,PlayMusic,True,0.905,False,False,False,{'artist': 'Джой Нило'},"{'artist': 'Joel Nelson', 'music_item': ""Joel Nilo's Music""}"
test_253,"Зинһар, миңа 20 Hours in America дип аталган видеоуен таб .",SearchCreativeWork,SearchCreativeWork,True,0.952,False,False,False,"{'object_name': '20 Hours in America', 'object_type': 'видеоуен'}","{'object_name': '20 Hours in America', 'object_type': 'video'}"
test_254,Мин ясаган плейлистымны уйнат,PlayMusic,PlayMusic,True,0.9191,False,False,False,{'playlist': 'ясаган'},{'playlist': 'плейлист'}
test_255,Термонтта 9 кешегә урын броньла,BookRestaurant,BookRestaurant,True,0.9747,False,False,False,"{'location': 'Термонтта', 'party_size_number': '9 кешегә'}","{'party_size_number': '9', 'party_size_description': 'кешеге'}"
test_256,Бу көйне Доротиның 80's party плейлистына өстә,AddToPlaylist,AddToPlaylist,True,0.7879,False,False,False,"{'music_item': 'көйне', 'reference': 'Доротиның', 'playlist': ""80's party""}","{'playlist': ""Dorotin's 80's Party Playlist"", 'music_item': '*song_names*'}"
test_257,Last FM-да Эдди Винсонның иң яңа көйен кабыз .,PlayMusic,Find Creative Work,False,0.9184,False,False,False,"{'service': 'Last FM-да', 'artist': 'Эдди Винсонның', 'sort': 'иң яңа', 'music_item': 'көйен'}","{'object_name': 'Эдди Винсон', 'object_type': 'музыкант'}"
test_258,Небрасканың һава торышын тикшер .,weather/find,weather/find,True,0.9501,False,False,False,{'location': 'Небрасканың'},"{'datetime': '', 'location': 'небраскан'}"
test_259,NC-да хәзер буран бармы ?,weather/find,weather/find,True,0.9448,False,False,True,"{'location': 'NC-да', 'datetime': 'хәзер', 'condition_description': 'буран'}",{'location': 'хәзер'}
test_260,Мин 1998 елгы минионны тыңларга телим .,PlayMusic,none,False,0.0,True,False,False,"{'datetime': '1998', 'music_item': 'минионны'}",{}
test_261,Миңа Дипсон театрларында A Yiddish World Remembered өчен вакыт кирәк,SearchScreeningEvent,SearchCreativeWork,False,0.9769,False,False,False,"{'location': 'Дипсон театрларында', 'movie_name': 'A Yiddish World Remembered', 'object_type': 'вакыт'}","{'object_name': 'A Yiddish World Remembered', 'object_type': 'creative work'}"
test_262,Хәзерге дәреслеккә 6-дан 1 балл бир,RateBook,RateBook,True,0.7909,False,False,False,"{'object_select': 'Хәзерге', 'object_type': 'дәреслеккә', 'best_rating': '6-дан', 'rating_value': '1'}","{'object_name': 'дәреслеккә 6', 'object_type': 'китап', 'best_rating': '6', 'rating_unit': 'балл', 'rating_value': '1'}"
test_263,Мэтт Мерфиның көйен Flow Español плейлистына өстә.,AddToPlaylist,AddToPlaylist,True,0.8937,False,False,False,"{'artist': 'Мэтт Мерфиның', 'music_item': 'көйен', 'playlist': 'Flow Español'}","{'artist': 'Mete Merfi', 'entity_name': 'Playslist de Flow Español', 'music_item': 'Mete Merfi canciones', 'playlist': 'Playslist de Flow Español', 'reference': 'Playslist de Flow Español'}"
test_264,Мин 3 кешегә 20/05/2025 Техас янындагы судан гастропабын броньларга телим .,BookRestaurant,BookRestaurant,True,0.8843,False,False,True,"{'party_size_number': '3', 'datetime': '20/05/2025', 'location': 'Техас | янындагы', 'cuisine': 'судан', 'restaurant_type': 'гастропабын'}","{'datetime': '20/05/2025', 'location': 'Technus Bar in Texas', 'party_size_number': '20', 'restaurant_name': 'Sudan Restaurant', 'cuisine': None, 'facility': None, 'party_size_description': '20 people', 'restaurant_type': 'Bar'}"
test_265,Син The Approach телесериал таба алмасыңмы,SearchCreativeWork,SearchCreativeWork,True,0.9372,False,False,False,"{'object_name': 'The Approach', 'object_type': 'телесериал'}","{'object_type': 'film', 'object_name': 'The Approach'}"
test_266,Бу хроникага 2 балл бир.,RateBook,none,False,0.0,True,False,True,"{'object_select': 'Бу', 'object_part_of_series_type': 'хроникага', 'rating_value': '2'}",{}
test_267,The American Scene-ка 6-дан 2 йолдыз бир,RateBook,PlayMusic,False,0.8793,False,False,False,"{'object_name': 'The American Scene-ка', 'best_rating': '6-дан', 'rating_value': '2', 'rating_unit': 'йолдыз'}","{'artist': 'The American Scene', 'album': 'The American Scene', 'track': '6', 'genre': None, 'datetime': None, 'music_item': 'The American Scene - 6 (6th Track)', 'sort': None}"
test_268,Минем Nação Reggae плейлистына emilie autumn өстә.,AddToPlaylist,AddToPlaylist,True,0.9789,False,False,False,"{'reference': 'Минем', 'playlist': 'Nação Reggae', 'artist': 'emilie autumn'}","{'artist': 'emilie autumn', 'playlist': 'Nação Reggae'}"
test_269,Мин Гамбиядәге яһүд ресторанын броньларга телим .,BookRestaurant,BookRestaurant,True,0.9478,False,False,True,"{'location': 'Гамбиядәге', 'cuisine': 'яһүд', 'restaurant_type': 'ресторанын'}","{'datetime': '', 'facility': '', 'location': 'Гамбия', 'party_size_description': '', 'party_size_number': '', 'restaurant_name': '', 'restaurant_type': ''}"
test_270,Fried chicken restaurant өстәленә заказ бир,BookRestaurant,BookRestaurant,True,0.9713,False,False,True,{'restaurant_name': 'Fried chicken restaurant'},"{'cuisine': 'fried chicken', 'datetime': '', 'facility': '', 'location': '', 'party_size_description': '', 'party_size_number': '', 'restaurant_name': '', 'restaurant_type': '', 'served_dish': 'fried chicken'}"
test_271,минем House Afterwork плейлистымна we have a theme song өстә,AddToPlaylist,AddToPlaylist,True,0.9641,False,False,False,"{'reference': 'минем', 'playlist': 'House Afterwork', 'entity_name': 'we have a theme song'}","{'artist': 'we have a theme song', 'playlist': 'House Afterwork'}"
test_272,2026 елның унтугызынчы октябрендә моннан ерак түгел нинди һава торышы булачак ?,weather/find,weather/find,True,0.9658,False,False,False,"{'datetime': '2026 елның унтугызынчы октябрендә', 'location': 'моннан | ерак түгел'}","{'datetime': '2026-10', 'location': ''}"
test_273,Уолденда һава торышы Россия 26/12/2018,weather/find,weather/find,True,0.9649,False,False,False,"{'location': 'Уолденда | Россия', 'datetime': '26/12/2018'}","{'datetime': '26/12/2018', 'location': 'Russia'}"
test_274,Мин каенана һәм миңа бер елдан соң Buckner ресторанны броньларга телим .,BookRestaurant,none,False,0.708,True,False,True,"{'party_size_description': 'каенана һәм миңа', 'datetime': 'бер елдан соң', 'location': 'Buckner', 'restaurant_type': 'ресторанны'}",{}
test_275,Бу китапка 1 балл бир,RateBook,none,False,0.8489,True,False,False,"{'object_select': 'Бу', 'object_type': 'китапка', 'rating_value': '1'}",{}
test_276,бу башкаручыны минем spotlight on country 2016 плейлистына өстә,AddToPlaylist,none,False,0.8007,True,False,False,"{'music_item': 'башкаручыны', 'reference': 'минем', 'playlist': 'spotlight on country 2016'}",{}
test_277,Син Epic Conditions рәсемен таба алмасыңмы ?,SearchCreativeWork,none,False,0.5817,True,False,False,"{'object_name': 'Epic Conditions', 'object_type': 'рәсемен'}",{}
test_278,Iheart-та rich sex уйна,PlayMusic,none,False,0.0,True,False,True,"{'service': 'Iheart-та', 'track': 'rich sex'}",{}
test_279,Bartok the Magnificent иртәнге җидедә башланачакмы ?,SearchScreeningEvent,SearchCreativeWork,False,0.9756,False,False,False,"{'movie_name': 'Bartok the Magnificent', 'datetime': 'иртәнге җидедә'}","{'object_name': 'Bartok the Magnificent', 'object_type': 'creative work'}"
test_280,Zvooq-да берәр нәрсә уйна,PlayMusic,AddToPlaylist,False,0.9387,False,False,False,{'service': 'Zvooq-да'},"{'artist': 'Zvooq', 'entity_name': 'Zvooq'}"
test_281,Миңа Крис Найт музыкасын тыңларга бир,PlayMusic,PlayMusic,True,0.943,False,False,False,{'artist': 'Крис Найт'},"{'artist': 'Крис Найт', 'music_item': 'тыңлар'}"
test_282,Джилл Собул альбомын кабыз,PlayMusic,PlayMusic,True,0.9365,False,False,True,"{'album': 'Джилл Собул', 'music_item': 'альбомын'}","{'music_item': 'Jill Scott - Album', 'album': 'Jill Scott'}"
test_283,The Broken Window дүрт йолдыз бирегез,RateBook,RateBook,True,0.9197,False,False,False,"{'object_name': 'The Broken Window', 'rating_value': 'дүрт', 'rating_unit': 'йолдыз'}","{'object_name': 'The Broken Window', 'best_rating': '5', 'rating_unit': 'dollars', 'rating_value': '8.5'}"
test_284,Tatra-милли паркында иртәнге 6да һава торышын миңа әйт,weather/find,weather/find,True,0.959,False,False,False,"{'location': 'Tatra-милли паркында', 'datetime': 'иртәнге 6да'}","{'condition_description': 'миңа', 'datetime': '6'}"
test_285,"Зинһар, миңа бистродагы өстәлне броньла, анда lorna doone хезмәт итәләр .",BookRestaurant,BookRestaurant,True,0.8883,False,False,True,"{'restaurant_type': 'бистродагы', 'served_dish': 'lorna doone'}","{'datetime': '', 'location': '', 'party_size_number': '2', 'restaurant_name': 'lorna doone', 'restaurant_type': 'Cafe'}"
test_286,The Mystery of the Tolling Bell сериалны 4 йолдызга бәялә .,RateBook,RateBook,True,0.9151,False,False,True,"{'object_name': 'The Mystery of the Tolling Bell', 'object_part_of_series_type': 'сериалны', 'rating_value': '4', 'rating_unit': 'йолдызга'}","{'object_name': 'The Mystery of the Tolling Bell', 'object_type': '电视剧', 'best_rating': '4', 'rating_unit': '评分', 'rating_value': '未给出具体分数'}"
test_287,Музыка уйнау өчен Groove Shark куллан,PlayMusic,PlayMusic,True,0.9528,False,False,False,{'service': 'Groove Shark'},"{'artist': 'Groove Shark', 'music_item': 'Groove Shark'}"
test_288,Якындагы кинотеатрда Snowbound күрсәтү графигын тикшер .,SearchScreeningEvent,SearchScreeningEvent,True,0.9293,False,False,True,"{'location': 'Якындагы', 'object_location_type': 'кинотеатрда', 'movie_name': 'Snowbound'}","{'datetime': '', 'location': 'Кинотеатр', 'movie_name': 'Snowbound', 'object_location_type': 'Кинотеатр', 'object_type': 'Кинопоказ'}"
test_289,"Зинһар, Zvooq ач",PlayMusic,none,False,0.0,True,False,False,{'service': 'Zvooq'},{}
test_290,1 кешегә урын Меритта Town of Ramsgate броньла,BookRestaurant,BookRestaurant,True,0.9589,False,False,True,"{'party_size_number': '1', 'location': 'Меритта', 'restaurant_name': 'Town of Ramsgate'}","{'datetime': '', 'facility': '', 'location': 'Merit Town of Ramsgate', 'party_size_description': '', 'party_size_number': '', 'restaurant_name': '', 'restaurant_type': '', 'served_dish': ''}"
test_291,I Think I Do кичке 7-дә уйныймы ?,SearchScreeningEvent,BookRestaurant,False,0.8836,False,False,False,"{'movie_name': 'I Think I Do', 'datetime': 'кичке 7-дә'}","{'datetime': '7', 'location': 'I Think I Do'}"
test_292,Custer National Forest кичке җидедә салкынрак булырмы,weather/find,weather/find,True,0.9619,False,False,True,"{'location': 'Custer National Forest', 'datetime': 'кичке җидедә', 'condition_temperature': 'салкынрак'}","{'condition_temperature': 'салкын', 'location': 'Custer National Forest'}"
test_293,Мин Youtube-та берәр нәрсә тыңларга телим,PlayMusic,none,False,0.0,True,False,False,{'service': 'Youtube-та'},{}
test_294,Difficult Loves уенын эзлә,SearchCreativeWork,SearchCreativeWork,True,0.9618,False,False,False,"{'object_name': 'Difficult Loves', 'object_type': 'уенын'}","{'object_name': 'Difficult Loves', 'object_type': 'creative work'}"
test_295,Нинди һава торышы 20 февральгә Bothe-Napa Valley дәүләт паркында ?,weather/find,weather/find,True,0.9676,False,False,False,"{'datetime': '20 февральгә', 'location': 'Bothe-Napa Valley дәүләт паркында'}","{'datetime': '20 февраль', 'location': 'Bothe-Napa Valley'}"
test_296,миңа кинотеатр янындагы The Great Gildersleeve фильмы сессияләре расписаниесен күрсәт,SearchScreeningEvent,SearchScreeningEvent,True,0.9498,False,False,True,"{'object_location_type': 'кинотеатр', 'movie_name': 'The Great Gildersleeve', 'object_type': 'расписаниесен'}","{'datetime': '', 'location': 'kinotеатр янында (The Great Gildersleeve)', 'movie_name': 'The Great Gildersleeve', 'movie_type': 'фильм'}"
test_297,Миңа Гибслендта һава торышын әйт,weather/find,weather/find,True,0.962,False,False,False,{'location': 'Гибслендта'},"{'datetime': '', 'location': 'Гибслендта', 'condition_temperature': '', 'condition_description': ''}"
test_298,Мин күршедәге кино графигын белә аламмы,SearchScreeningEvent,none,False,0.0,True,False,False,"{'location': 'күршедәге', 'movie_type': 'кино', 'object_type': 'графигын'}",{}
test_299,Soul Music-ка 0 балл бир .,RateBook,RateBook,True,0.9418,False,False,False,"{'object_name': 'Soul Music-ка', 'rating_value': '0'}","{'object_name': 'Soul Music', 'best_rating': '0', 'rating_unit': 'bal', 'rating_value': '.'}"
test_300,Сарджентстада татар тавернасында биш кешегә өстәл заказ итегез,BookRestaurant,BookRestaurant,True,0.9209,False,False,True,"{'location': 'Сарджентстада', 'cuisine': 'татар', 'restaurant_type': 'тавернасында', 'party_size_number': 'биш'}","{'datetime': '', 'facility': '', 'location': 'Sardegna', 'party_size_description': 'bish кешеге', 'restaurant_name': '', 'restaurant_type': 'taverne', 'party_size_number': ''}"
test_301,All Things Must Pass кабыз,PlayMusic,RateBook,False,0.9657,False,False,True,{'track': 'All Things Must Pass'},"{'object_name': 'All Things Must Pass', 'object_type': 'китап'}"
test_302,Кореяда бер сәгатьтән соң нинди яңгыр фаразы булачак,weather/find,none,False,0.0,True,False,True,"{'location': 'Кореяда', 'datetime': 'бер сәгатьтән соң', 'condition_description': 'яңгыр'}",{}
test_303,Оклахомада South Street Diner-да 4 кешелек урын броньла,BookRestaurant,BookRestaurant,True,0.9538,False,False,True,"{'location': 'Оклахомада', 'restaurant_name': 'South Street Diner-да', 'party_size_number': '4'}","{'cuisine': 'American food', 'datetime': '', 'facility': '', 'location': 'South Street Diner, Oklahoma City', 'party_size_description': 'a group of four people', 'party_size_number': '4', 'restaurant_name': 'South Street Diner', 'restaurant_type': 'Diner', 'served_dish': '', 'sort': ''}"
test_304,Netflix-тан музыканы уйнат .,PlayMusic,PlayMusic,True,0.94,False,False,False,{'service': 'Netflix-тан'},"{'artist': '', 'music_item': 'music from Netflix', 'playlist': '', 'service': 'Netflix', 'sort': ''}"
test_305,Мин Shattered Image-не күрергә телим .,SearchScreeningEvent,none,False,0.0,True,False,False,{'movie_name': 'Shattered Image-не'},{}
test_306,The Sound of One Hand Clapping-ны таб,SearchCreativeWork,PlayMusic,False,0.9797,False,False,False,{'object_name': 'The Sound of One Hand Clapping-ны'},{'music_item': 'The Sound of One Hand Clapping'}
test_307,Wolves Within альбомын эзлә,SearchCreativeWork,PlayMusic,False,0.9643,False,False,False,"{'object_name': 'Wolves Within', 'object_type': 'альбомын'}","{'music_item': 'Wolves Within', 'album': 'Wolves Within'}"
test_308,берәр кинотеатрда We Are Northern Lights күрсәтеләрмә,SearchScreeningEvent,SearchScreeningEvent,True,0.9307,False,False,True,"{'object_location_type': 'кинотеатрда', 'movie_name': 'We Are Northern Lights'}","{'datetime': '', 'location': 'bera_kinoteatrda', 'movie_name': 'We Are Northern Lights'}"
test_309,"Безнең кечкенә дөнья почмагы, Гилмор кыз музыкасы минем Иң көлкесе әйберләр футболда плейлистыма өстә.",AddToPlaylist,AddToPlaylist,True,0.9328,False,False,False,"{'entity_name': 'Безнең кечкенә дөнья почмагы , Гилмор кыз музыкасы', 'reference': 'минем', 'playlist': 'Иң көлкесе әйберләр футболда'}","{'artist': 'Гилмор', 'entity_name': 'музыкаль объект төре', 'music_item': 'Иң көлкесе әйберләр', 'playlist': 'плейлистыма'}"
test_310,Саутфорд Фолс дәүләт паркында эссе һава торышы фаразы нинди,weather/find,weather/find,True,0.9299,False,False,True,"{'location': 'Саутфорд Фолс дәүләт паркында', 'condition_temperature': 'эссе'}","{'datetime': '', 'location': 'Saunterford Folks Park', 'condition_temperature': '', 'condition_description': ''}"
test_311,"Зинһар, миӊа Гана парковкасы белән пиццерия өстәленә заказ бир .",BookRestaurant,AddToPlaylist,False,0.9402,False,False,True,"{'location': 'Гана', 'facility': 'парковкасы', 'restaurant_type': 'пиццерия'}","{'artist': 'Гана', 'entity_name': 'парковка', 'music_item': 'пиццерия', 'playlist': 'Заказ'}"
test_312,Мин җитмешенче еллар саундтрегын тыңларга телим .,PlayMusic,none,False,0.0,True,False,False,"{'datetime': 'җитмешенче', 'music_item': 'саундтрегын'}",{}
test_313,Ике сәгатьтән соң Үзбәкстанда һава торышы,weather/find,weather/find,True,0.9399,False,False,False,"{'datetime': 'Ике сәгатьтән соң', 'location': 'Үзбәкстанда'}","{'datetime': '', 'location': 'Үзбекستان', 'condition_temperature': '', 'condition_description': ''}"
test_314,"Зинһар, миңа Journal of the British Astronomical Association фильмын таб .",SearchCreativeWork,SearchCreativeWork,True,0.9778,False,False,False,"{'object_name': 'Journal of the British Astronomical Association', 'object_type': 'фильмын'}","{'object_name': 'Journal of the British Astronomical Association', 'object_type': 'фильм'}"
test_315,"Уордвилл-да, Канзас-та 8 кешелек урын броньла",BookRestaurant,BookRestaurant,True,0.9604,False,False,False,"{'location': 'Уордвилл-да | Канзас-та', 'party_size_number': '8'}","{'datetime': '', 'location': 'Уордвилл, Канзас', 'party_size_number': '8', 'party_size_description': '8 кешелек'}"
test_316,Нинди һава торышы моннан ерак булачак ?,weather/find,weather/find,True,0.9055,False,False,False,{'location': 'моннан | ерак'},{'condition_description': 'многого'}
test_317,Ричард Макнамараның яңа җырын Just Smile плейлистыма өстә,AddToPlaylist,AddToPlaylist,True,0.94,False,False,False,"{'artist': 'Ричард Макнамараның', 'music_item': 'җырын', 'playlist': 'Just Smile'}","{'artist': 'Richard McNamara', 'entity_name': 'Just Smile', 'playlist': 'Just Smile'}"
test_318,монда 1 секундтан соң никадәр салкын булыр,weather/find,weather/find,True,0.9297,False,False,True,"{'location': 'монда', 'datetime': '1 секундтан соң', 'condition_temperature': 'салкын'}","{'condition_description': 'салкын', 'datetime': 'никадәр салкын', 'location': ''}"
test_319,With You исемле рәсем эзлә,SearchCreativeWork,SearchCreativeWork,True,0.9705,False,False,False,"{'object_name': 'With You', 'object_type': 'рәсем'}","{'object_name': 'With You', 'object_type': 'image'}"
test_320,Deadly Weapons иҗади эшен таб,SearchCreativeWork,none,False,0.0,True,False,False,{'object_name': 'Deadly Weapons'},{}
test_321,Ноябрьдә Брукнилда һава торышы нинди булыр ?,weather/find,weather/find,True,0.9482,False,False,False,"{'datetime': 'Ноябрьдә', 'location': 'Брукнилда'}","{'datetime': '', 'location': 'Brooklyn', 'condition_temperature': ''}"
test_322,Токмач өчен тавернада өстәл броньла,BookRestaurant,BookRestaurant,True,0.964,False,False,True,"{'served_dish': 'Токмач', 'restaurant_type': 'тавернада'}","{'datetime': '', 'facility': '', 'location': '', 'party_size_description': '', 'restaurant_name': '', 'restaurant_type': ''}"
test_323,Коста-Рикада нинди һава торышы,weather/find,weather/find,True,0.9695,False,False,False,{'location': 'Коста - Рикада'},{'location': 'Коста-Рика'}
test_324,The Two Gladiators уйнымы,SearchScreeningEvent,SearchCreativeWork,False,0.9692,False,False,False,{'movie_name': 'The Two Gladiators'},{'object_name': 'The Two Gladiators'}
test_325,Star Theatres-да нинди фильмнар бар .,SearchScreeningEvent,none,False,0.0,True,False,False,"{'location': 'Star Theatres-да', 'movie_type': 'фильмнар'}",{}
test_326,Зинһар миңа Harry Hood сагасын таба аласызмы ?,SearchCreativeWork,SearchCreativeWork,True,0.9199,False,False,False,"{'object_name': 'Harry Hood', 'object_type': 'сагасын'}",{'object_name': 'Harry Hood'}
test_327,бу көйне минем Sleepify плейлистыма өстә,AddToPlaylist,none,False,0.7007,True,False,False,"{'music_item': 'көйне', 'reference': 'минем', 'playlist': 'Sleepify'}",{}
test_328,Any Which Way You Can 15 секундтан соң уйнаячакмы,SearchScreeningEvent,PlayMusic,False,0.9489,False,False,False,"{'movie_name': 'Any Which Way You Can', 'datetime': '15 секундтан соң'}","{'datetime': '15 секундтан соң', 'music_item': 'Any Which Way You Can'}"
test_329,E-type музыкасын кабыз .,PlayMusic,PlayMusic,True,0.9317,False,False,False,{'artist': 'E-type'},"{'music_item': 'E-type', 'playlist': None, 'artist': None, 'album': None, 'datetime': None, 'genre': None, 'sort': None}"
test_330,Хәзерге китапка бер йолдыз куй,RateBook,AddToPlaylist,False,0.9489,False,False,False,"{'object_select': 'Хәзерге', 'object_type': 'китапка', 'rating_value': 'бер'}","{'artist': '', 'entity_name': 'китап', 'music_item': 'китап', 'playlist': ''}"
test_331,Louis Nelson Delisle-ның Another Passenger уйнат .,PlayMusic,PlayMusic,True,0.9588,False,False,True,"{'artist': 'Louis Nelson Delisle-ның', 'album': 'Another Passenger'}","{'music_item': 'Another Passenger', 'artist': 'Louis Nelson Delisle'}"
test_332,Кайда мин кино графигын таба алам,SearchScreeningEvent,none,False,0.6712,True,False,False,{'object_type': 'кино графигын'},{}
test_333,Эмерадода Сен-Пьер һәм Микелонда 26 сентябрьгә нинди һава торышы,weather/find,weather/find,True,0.9722,False,False,False,"{'location': 'Эмерадода | Сен - Пьер һәм Микелонда', 'datetime': '26 сентябрьгә'}","{'datetime': '26 сентября', 'location': 'Сен-Пьер һәм Микелон'}"
test_334,Ted Peters Famous Smoked Fish-та Окфилд янында 17 секундтансын ашарга барык,BookRestaurant,BookRestaurant,True,0.9525,False,False,True,"{'restaurant_name': 'Ted Peters Famous Smoked Fish-та', 'location': 'Окфилд | янында', 'datetime': '17 секундтансын'}","{'datetime': '17 секундтансын', 'location': 'Окфилд янында', 'cuisine': 'Famous Smoked Fish', 'party_size_number': '1'}"
test_335,миңа Good Morning Sunshine трейлерын таб,SearchCreativeWork,PlayMusic,False,0.9236,False,False,False,"{'object_name': 'Good Morning Sunshine', 'object_type': 'трейлерын'}","{'music_item': 'Good Morning Sunshine trailer', 'playlist': None, 'artist': None, 'album': None, 'datetime': None, 'genre': None, 'sort': None, 'track': None}"
test_336,Мин Нидерланд Антиль утрауларында 3 кешегә сыра ресторанны броньларга телим .,BookRestaurant,none,False,0.0,True,False,False,"{'location': 'Нидерланд Антиль утрауларында', 'party_size_number': '3', 'restaurant_type': 'сыра ресторанны'}",{}
test_337,бу хәзерге альбомга 0 йолдыз куй,RateBook,PlayMusic,False,0.943,False,False,False,"{'object_select': 'бу хәзерге', 'object_type': 'альбомга', 'rating_value': '0', 'rating_unit': 'йолдыз'}","{'artist': '', 'album': '0 йолдыз', 'datetime': '', 'genre': '', 'music_item': '', 'playlist': '', 'service': '', 'sort': ''}"
test_338,Монакода Yankee Doodle Coffee Ѕһор-та урын алырга теләр идем,BookRestaurant,none,False,0.0,True,False,True,"{'location': 'Монакода', 'restaurant_name': 'Yankee Doodle Coffee Ѕһор-та'}",{}
test_339,Political punks плейлистыма башкаручыны өстә.,AddToPlaylist,AddToPlaylist,True,0.9672,False,False,False,"{'playlist': 'Political punks', 'music_item': 'башкаручыны'}","{'artist': 'Political punks', 'playlist': 'Political punks'}"
test_340,Дүрт айдан соң Саванида AK-ында салкынрак булырмы,weather/find,weather/find,True,0.9471,False,False,True,"{'datetime': 'Дүрт айдан соң', 'location': 'Саванида | AK-ында', 'condition_temperature': 'салкынрак'}","{'datetime': 'Дүрт ай', 'location': 'Саванида AK'}"
test_341,минем Crash Course плейлистыма Muzika za decu өстә,AddToPlaylist,AddToPlaylist,True,0.9636,False,False,False,"{'reference': 'минем', 'playlist': 'Crash Course', 'entity_name': 'Muzika za decu'}","{'playlist': 'Crash Course', 'music_item': 'Muzika za decu'}"
test_342,Molecular Oncology сагасын эзли аласынмы ?,SearchCreativeWork,none,False,0.0,True,False,False,"{'object_name': 'Molecular Oncology', 'object_type': 'сагасын'}",{}
test_343,Мин алты кешелек ресторанны Вагстаффта AK-да броньларга телим .,BookRestaurant,BookRestaurant,True,0.8865,False,False,False,"{'party_size_number': 'алты', 'restaurant_type': 'ресторанны', 'location': 'Вагстаффта | AK-да'}","{'datetime': '', 'facility': '', 'location': 'Wagstaffe, AK', 'party_size_description': 'group of 8 people', 'restaurant_name': '', 'restaurant_type': 'dinner'}"
test_344,Дэвид Линдлиның симфоник музыкасын уйнат .,PlayMusic,PlayMusic,True,0.9001,False,False,False,"{'artist': 'Дэвид Линдлиның', 'music_item': 'симфоник'}","{'music_item': ""David Lindley's Symphony Music"", 'artist': 'David Lindley'}"
test_345,"Зинһар, миңа Now We Are Married телесериалын таб .",SearchCreativeWork,SearchCreativeWork,True,0.9748,False,False,False,"{'object_name': 'Now We Are Married', 'object_type': 'телесериалын'}",{'object_name': 'Now We Are Married'}
test_346,Мин Outcast-ны карарга телим .,SearchScreeningEvent,none,False,0.0,True,False,False,{'movie_name': 'Outcast-ны'},{}
test_347,минем This Is Tchaikovsky плейлистыма хәзерге трекны өстә,AddToPlaylist,AddToPlaylist,True,0.978,False,False,False,"{'reference': 'минем', 'playlist': 'This Is Tchaikovsky', 'music_item': 'трекны'}","{'playlist': 'This Is Tchaikovsky', 'music_item': 'хәзерге трек'}"
test_348,Lastfm-да This Is: Miles Davis-ны кабыз .,PlayMusic,none,False,0.0,True,False,False,"{'service': 'Lastfm-да', 'playlist': 'This Is: Miles Davis-ны'}",{}
test_349,Танзаниядә кабымханәдә 5 кешегә иң яхшы өстәлне броньла,BookRestaurant,BookRestaurant,True,0.9507,False,False,False,"{'location': 'Танзаниядә', 'restaurant_type': 'кабымханәдә', 'party_size_number': '5', 'sort': 'иң яхшы'}","{'party_size_number': '5', 'party_size_description': 'the most expensive'}"
test_350,Әйдә Vimeo-да яхшы элекке Mohammad Mamle тыңлыйк .,PlayMusic,none,False,0.0,True,False,False,"{'service': 'Vimeo-да', 'sort': 'элекке', 'artist': 'Mohammad Mamle'}",{}
test_351,Vandemataram Srinivas трегын HipHop Hot 50-гә куй.,AddToPlaylist,AddToPlaylist,True,0.9681,False,False,False,"{'artist': 'Vandemataram Srinivas', 'music_item': 'трегын', 'playlist': 'HipHop Hot 50-гә'}","{'artist': 'Vandemataram Srinivas', 'music_item': 'HipHop Hot 50'}"
test_352,Миңа Secret South җырын таб .,SearchCreativeWork,BookRestaurant,False,0.9658,False,False,False,"{'object_name': 'Secret South', 'object_type': 'җырын'}","{'restaurant_name': 'Secret South', 'cuisine': '', 'datetime': '', 'facility': '', 'location': '', 'party_size_description': '', 'party_size_number': '', 'restaurant_type': '', 'served_dish': '', 'sort': ''}"
test_353,Zvooq-та туксанынчы еллар җырлары,PlayMusic,PlayMusic,True,0.8356,False,False,False,"{'service': 'Zvooq-та', 'datetime': 'туксанынчы'}",{'music_item': 'trk_zvooq_played_today'}
test_354,кичке биштән башлап Техаста Admire-да һава торышы нинди,weather/find,weather/find,True,0.9394,False,False,False,"{'datetime': 'кичке биштән', 'location': 'Техаста | Admire-да'}","{'condition_temperature': '', 'datetime': '', 'location': 'Texas', 'weather/attribute': ''}"
test_355,Last FM-да берәр нәрсә уйнат,PlayMusic,PlayMusic,True,0.9054,False,False,False,{'service': 'Last FM-да'},"{'music_item': 'Last FM', 'artist': '', 'album': '', 'datetime': '', 'genre': '', 'playlist': '', 'service': 'Last FM', 'sort': ''}"
test_356,Мин якындагы кинотеатрда The Portrait of a Lady карарга телим .,SearchScreeningEvent,SearchScreeningEvent,True,0.956,False,False,True,"{'location': 'якындагы', 'object_location_type': 'кинотеатрда', 'movie_name': 'The Portrait of a Lady'}","{'datetime': '', 'location': 'kinotеатр', 'movie_name': 'The Portrait of a Lady', 'movie_type': ''}"
test_357,"Зинһар, миңа Phineas Redux таб .",SearchCreativeWork,SearchCreativeWork,True,0.9653,False,False,False,{'object_name': 'Phineas Redux'},{'object_name': 'Phineas Redux'}
test_358,Laundry плейлистына 40 cal көйен өстә.,AddToPlaylist,AddToPlaylist,True,0.9411,False,False,False,"{'playlist': 'Laundry', 'artist': '40 cal', 'music_item': 'көйен'}","{'artist': '', 'entity_name': '40 Cal', 'music_item': 'Laundry', 'playlist': ''}"
test_359,Itunes-ны ач һәм Ben Burnley Ready To Die-ны уйнат,PlayMusic,PlayMusic,True,0.9448,False,False,True,"{'service': 'Itunes-ны', 'artist': 'Ben Burnley', 'album': 'Ready To Die-ны'}","{'music_item': 'Ben Burnley Ready To Die', 'service': 'Itunes'}"
test_360,5-енче декабрьдә Лихул һәйкәле янында нинди һава торышы булачак ?,weather/find,weather/find,True,0.9437,False,False,False,"{'datetime': '5-енче декабрьдә', 'location': 'Лихул һәйкәле'}","{'datetime': '5-енче декабрь', 'location': 'Лихул һәйкәле'}"
test_361,Якындагы кинотеатрда Sexy Dance 2 расписаниесен күрсәт,SearchScreeningEvent,SearchScreeningEvent,True,0.9428,False,False,True,"{'location': 'Якындагы', 'object_location_type': 'кинотеатрда', 'movie_name': 'Sexy Dance 2', 'object_type': 'расписаниесен'}","{'movie_name': 'Sexy Dance 2', 'object_type': 'cinema screening event', 'datetime': '', 'location': ''}"
test_362,Live at the Kings Center дип аталган җырны таб,SearchCreativeWork,PlayMusic,False,0.9824,False,False,False,"{'object_name': 'Live at the Kings Center', 'object_type': 'җырны'}",{'music_item': 'Live at the Kings Center'}
test_363,"Тайонкта , Нью-Джерсида нинди һава торышы",weather/find,weather/find,True,0.973,False,False,False,{'location': 'Тайонкта | Нью - Джерсида'},{'location': 'Нью-Джерси'}
test_364,Мин биш кешелек өстәл Tupelo Honey Cafe-да Нью-Джерсида броньларга телим.,BookRestaurant,BookRestaurant,True,0.9398,False,False,True,"{'party_size_number': 'биш', 'restaurant_name': 'Tupelo Honey Cafe-да', 'location': 'Нью - Джерсида'}","{'datetime': '', 'facility': '', 'location': 'New Jersey, Tupelo Honey Cafe', 'party_size_description': '', 'party_size_number': '', 'restaurant_name': 'Tupelo Honey Cafe', 'restaurant_type': 'Cafe', 'served_dish': '', 'sort': ''}"
test_365,чәй йорта миӊа һәм минем cеңелләремә урын броньла,BookRestaurant,BookRestaurant,True,0.8783,False,False,True,"{'restaurant_type': 'чәй йорта', 'party_size_description': 'миӊа һәм минем cеңелләремә'}","{'datetime': '', 'location': '', 'party_size_description': 'миңелләрем', 'cuisine': ''}"
test_366,16 февральдә Нидерландта эссе булачакмы ?,weather/find,weather/find,True,0.9754,False,False,True,"{'datetime': '16 февральдә', 'location': 'Нидерландта', 'condition_temperature': 'эссе'}","{'datetime': '16 февральдә', 'location': 'Нидерландта'}"
test_367,Мин jordan rudess-ны Divertido para niños плейлистына өстәргә телим.,AddToPlaylist,AddToPlaylist,True,0.9702,False,False,False,"{'artist': 'jordan rudess-ны', 'playlist': 'Divertido para niños'}","{'artist': 'Jordan Rudess', 'playlist': 'Divertido para niños'}"
test_368,In the Company of Cheerful Ladies-ка 6-дан нуль куй,RateBook,AddToPlaylist,False,0.9354,False,False,False,"{'object_name': 'In the Company of Cheerful Ladies-ка', 'best_rating': '6-дан', 'rating_value': 'нуль'}","{'artist': 'In the Company of Cheerful Ladies', 'entity_name': 'In the Company of Cheerful Ladies', 'playlist': 'In the Company of Cheerful Ladies'}"
test_369,Миңа иң яхшы бистрода өстәл броньла,BookRestaurant,BookRestaurant,True,0.9155,False,False,False,"{'sort': 'иң яхшы', 'restaurant_type': 'бистрода'}","{'datetime': '', 'location': '', 'party_size_description': 'мына', 'restaurant_name': '', 'restaurant_type': ''}"
test_370,Хәзерге дәреслеккә 6-дан 1 куй,RateBook,AddToPlaylist,False,0.8768,False,False,False,"{'object_select': 'Хәзерге', 'object_type': 'дәреслеккә', 'best_rating': '6-дан', 'rating_value': '1'}","{'artist': 'None', 'entity_name': 'dərsələk', 'music_item': 'dərsələk', 'playlist': 'dərsələkler_playlist', 'reference': '6'}"
test_371,кино вакытлары кайчан,SearchScreeningEvent,SearchScreeningEvent,True,0.974,False,False,False,{'object_type': 'кино вакытлары'},"{'datetime': 'тексттан алынган дата/вакыт', 'location': 'тексттан алынган урын', 'movie_name': 'тексттан алынган фильм исеме', 'movie_type': 'тексттан алынган фильм төре'}"
test_372,Огайода нинди hава торышы булачак ?,weather/find,weather/find,True,0.7387,False,False,False,{'location': 'Огайода'},"{'datetime': '', 'location': ''}"
test_373,Бу артистны Showstopper Being Mary Jane плейлистына өстә,AddToPlaylist,AddToPlaylist,True,0.9556,False,False,False,"{'music_item': 'артистны', 'playlist': 'Showstopper Being Mary Jane'}","{'playlist': 'Showstopper Being Mary Jane', 'artist': None, 'entity_name': 'Showstopper Being Mary Jane'}"
test_374,Балаларыма һәм миңа броньла,BookRestaurant,BookRestaurant,True,0.9551,False,False,True,{'party_size_description': 'Балаларыма һәм миңа'},"{'datetime': '', 'facility': '', 'location': '', 'party_size_description': '', 'restaurant_name': '', 'restaurant_type': ''}"
test_375,2035 елның 21 августында Сарыкамыш тыюлыгыда нинди һава торышы булачак ?,weather/find,weather/find,True,0.9333,False,False,False,"{'datetime': '2035 елның 21 августында', 'location': 'Сарыкамыш тыюлыгыда'}","{'datetime': '2035-08-21', 'location': 'Сарыкамыш', 'condition_temperature': 'ясный'}"
test_376,Руфь китапка 6-дан биш балл бир .,RateBook,RateBook,True,0.7795,False,False,False,"{'object_name': 'Руфь китапка', 'best_rating': '6-дан', 'rating_value': 'биш', 'rating_unit': 'балл'}","{'object_name': 'китап', 'object_type': 'китап', 'best_rating': '6+', 'rating_unit': 'балл', 'rating_value': '.'}"
test_377,Reminiscences of the Anti-Japanese Guerillas хроникасы 6-дан ноль балл рейтинг лаек.,RateBook,RateBook,True,0.9328,False,False,True,"{'object_name': 'Reminiscences of the Anti-Japanese Guerillas', 'object_part_of_series_type': 'хроникасы', 'best_rating': '6-дан', 'rating_value': 'ноль', 'rating_unit': 'балл'}","{'object_name': 'Reminiscences of the Anti-Japanese Guerillas', 'best_rating': '6', 'rating_value': '0', 'rating_unit': 'балл'}"
test_378,Миңа Көньяк Театрларындагы кино графикларын күрсәт,SearchScreeningEvent,SearchScreeningEvent,True,0.9718,False,False,False,"{'location': 'Көньяк Театрларындагы', 'object_type': 'кино графикларын'}","{'datetime': '', 'location': 'Көньяк Театр', 'movie_name': '', 'movie_type': ''}"
test_379,Якындагы кинотеатрда кино графикларын таб,SearchScreeningEvent,none,False,0.7716,True,False,False,"{'location': 'Якындагы кинотеатрда', 'object_type': 'кино графикларын'}",{}
test_380,Бу альбом Испан ритмнар плейлистына өстә,AddToPlaylist,AddToPlaylist,True,0.9492,False,False,False,"{'music_item': 'альбом', 'playlist': 'Испан ритмнар'}","{'artist': '', 'entity_name': 'Испан ритмнар', 'music_item': '', 'playlist': ''}"
test_381,6 кешегә креол тавернасында Черногориядә броньла,BookRestaurant,BookRestaurant,True,0.9449,False,False,True,"{'party_size_number': '6', 'cuisine': 'креол', 'restaurant_type': 'тавернасында', 'location': 'Черногориядә'}","{'datetime': '', 'location': 'Черногория', 'party_size_description': '6 кешеге', 'cuisine': '', 'facility': '', 'restaurant_name': '', 'restaurant_type': '', 'party_size_number': '6'}"
test_382,Cathedral сериясенә дүрт йолдыз бир .,RateBook,RateBook,True,0.8943,False,False,True,"{'object_name': 'Cathedral', 'object_part_of_series_type': 'сериясенә', 'rating_value': 'дүрт', 'rating_unit': 'йолдыз'}","{'object_name': 'Cathedral', 'object_type': 'book series', 'best_rating': '4.0', 'object_select': 'any book in the Cathedral series'}"
test_383,The Famous Flower of Serving-Men минем кичке акустика плейлистымна өстә.,AddToPlaylist,AddToPlaylist,True,0.9547,False,False,False,"{'entity_name': 'The Famous Flower of Serving-Men', 'reference': 'минем', 'playlist': 'кичке акустика'}","{'artist': 'The Famous Flower of Serving-Men', 'entity_name': 'The Famous Flower of Serving-Men', 'music_item': 'The Famous Flower of Serving-Men', 'playlist': 'The Famous Flower of Serving-Men Playlist'}"
test_384,Миңа ArcLight Hollywood кинотеатырында анимацион фильмнарга гына расписаниесене күрсәт,SearchScreeningEvent,SearchScreeningEvent,True,0.938,False,False,False,"{'location': 'ArcLight Hollywood кинотеатырында', 'movie_type': 'анимацион фильмнарга', 'object_type': 'расписаниесене'}","{'datetime': '', 'location': 'ArcLight Hollywood', 'movie_name': '', 'movie_type': 'animation', 'object_location_type': 'cinema screening', 'object_type': 'movie screening'}"
test_385,"Зинһар, Йолдызлы төн рәсемне таб .",SearchCreativeWork,none,False,0.0,True,False,False,"{'object_name': 'Йолдызлы төн', 'object_type': 'рәсемне'}",{}
test_386,Бу урында 15:19:29 дымлылык нинди булачак ?,weather/find,weather/find,True,0.757,False,False,True,"{'location': 'Бу урында', 'datetime': '15:19:29', 'condition_description': 'дымлылык'}",{'datetime': '15:19:29'}
test_387,мин JLA Adventures: Trapped In Time-ны карарга телим,SearchScreeningEvent,SearchCreativeWork,False,0.7261,False,False,False,{'movie_name': 'JLA Adventures: Trapped In Time-ны'},"{'object_name': 'Trapped In Time', 'object_type': 'creative work'}"
test_388,This Is Johnny Cash-ка дерек уоткинсныӊ көйен өстә,AddToPlaylist,PlayMusic,False,0.9502,False,False,False,"{'playlist': 'This Is Johnny Cash-ка', 'artist': 'дерек уоткинсныӊ', 'music_item': 'көйен'}","{'artist': 'Johnny Cash', 'music_item': 'This Is Johnny Cash'}"
test_389,Fire in the Hole дип аталган иҗади эш таб,SearchCreativeWork,PlayMusic,False,0.9573,False,False,False,{'object_name': 'Fire in the Hole'},{'music_item': 'Fire in the Hole'}
test_390,пэтныӊ колледж янында өстәлне броньла,BookRestaurant,BookRestaurant,True,0.9594,False,False,False,{'location': 'пэтныӊ колледж | янында'},"{'datetime': '', 'facility': '', 'location': 'пэтныӊ колледж янында', 'party_size_description': '', 'restaurant_name': '', 'restaurant_type': ''}"
test_391,Patrick Still Lives AMC кинотеатрларында барамы,SearchScreeningEvent,SearchScreeningEvent,True,0.9608,False,False,False,"{'movie_name': 'Patrick Still Lives', 'location': 'AMC кинотеатрларында'}","{'datetime': '', 'location': 'AMC кинотеатр', 'movie_name': 'Patrick Still Lives', 'movie_type': ''}"
test_392,Мин спа массажын броньларга телим .,BookRestaurant,BookRestaurant,True,0.9441,False,False,True,"{'facility': 'спа', 'restaurant_type': 'массажын'}","{'datetime': '', 'facility': '', 'location': '', 'party_size_description': '', 'restaurant_name': '', 'restaurant_type': ''}"
test_393,14 сәгатьтән соң берәр җирдә Кварривиллда өстәл кирәк,BookRestaurant,AddToPlaylist,False,0.9558,False,False,False,"{'datetime': '14 сәгатьтән соң', 'location': 'Кварривиллда'}","{'artist': 'Кварривилл', 'entity_name': '14 сәгатьтән соң берәр җир'}"
test_394,Гари Ли Коннерны уйнат,PlayMusic,PlayMusic,True,0.9189,False,False,False,{'artist': 'Гари Ли Коннерны'},"{'music_item': ""Garry's Mod""}"
test_395,иң якын кинотеатрны кайда Boycott-ны күрсәтәләр күрсәт,SearchScreeningEvent,SearchScreeningEvent,True,0.9657,False,False,True,"{'location': 'иң якын', 'object_location_type': 'кинотеатрны', 'movie_name': 'Boycott-ны'}","{'datetime': '', 'location': 'кинотеатр', 'movie_name': '', 'movie_type': '', 'object_location_type': 'кинотеатр', 'object_type': 'кинотеатр'}"
test_396,"Зинһар, минем ecstatic плейлистны кабыз.",PlayMusic,AddToPlaylist,False,0.939,False,False,False,{'playlist': 'ecstatic'},"{'playlist': 'ecstatic', 'artist': 'minem'}"
test_397,"Зинһар, The Mad Magician җырын таб .",SearchCreativeWork,SearchCreativeWork,True,0.9679,False,False,False,"{'object_name': 'The Mad Magician', 'object_type': 'җырын'}",{'object_name': 'The Mad Magician'}
test_398,Bow Tie Cinemas-ның расписаниесен тикшер .,SearchScreeningEvent,SearchScreeningEvent,True,0.9553,False,False,False,"{'location': 'Bow Tie Cinemas-ның', 'object_type': 'расписаниесен'}","{'movie_name': 'Bow Tie Cinemas', 'datetime': '', 'location': '', 'movie_type': ''}"
test_399,Миңа Төньяк Мариан утрауларындагы пабта кичәгә 3 кешелек өстәл броньла,BookRestaurant,BookRestaurant,True,0.9456,False,False,False,"{'location': 'Төньяк Мариан утрауларындагы', 'restaurant_type': 'пабта', 'party_size_number': '3'}","{'datetime': '', 'facility': '', 'location': 'Миңа Төньяк Мариан утраулары', 'party_size_description': '3 кешелек', 'restaurant_name': 'паб', 'restaurant_type': ''}"
test_400,Миңа Infinite Indie Folk исемлеккә Rahim Shah-ның әсәрләрен өстәргә кирәк,AddToPlaylist,AddToPlaylist,True,0.9583,False,False,False,"{'playlist': 'Infinite Indie Folk', 'artist': 'Rahim Shah-ның'}","{'artist': 'Rahim Shah', 'entity_name': 'Infinite Indie Folk', 'music_item': 'Infinite Indie Folk', 'playlist': 'Infinite Indie Folk Playlist'}"
test_401,Минем Te quiero плейлистыма Кече Джерри Каллистны өстә.,AddToPlaylist,AddToPlaylist,True,0.9506,False,False,False,"{'reference': 'Минем', 'playlist': 'Te quiero', 'artist': 'Кече Джерри Каллистны'}","{'artist': 'Кече Джерри Каллист', 'entity_name': 'Te quiero'}"
test_402,Юта янында төнге 3 сәгать тирәсендә никадәр салкынрак булачак ?,weather/find,none,False,0.0,True,False,True,"{'location': 'Юта | янында', 'datetime': 'төнге 3 сәгать', 'condition_temperature': 'салкынрак'}",{}
test_403,Альбомны Hipster Soul плейлистына өстә.,AddToPlaylist,AddToPlaylist,True,0.9442,False,False,False,"{'music_item': 'Альбомны', 'playlist': 'Hipster Soul'}","{'playlist': 'Hipster Soul', 'music_item': 'Albom'}"
test_404,"Мин унөч сәгатьтән соң деликатес ресторанында ашарга телим, анда көнчыгыш европа ризыклары сатыла",BookRestaurant,BookRestaurant,True,0.8854,False,False,True,"{'datetime': 'унөч сәгатьтән соң', 'restaurant_type': 'деликатес ресторанында', 'cuisine': 'көнчыгыш европа'}","{'datetime': '', 'location': 'деликатес рестораны', 'party_size_description': 'деликатес ресторанында ашарга телим', 'cuisine': 'европа ризык'}"
test_405,алтмышынчы еллар саундтрегын кабыз,PlayMusic,BookRestaurant,False,0.935,False,False,False,"{'datetime': 'алтмышынчы еллар', 'music_item': 'саундтрегын'}","{'datetime': '', 'location': 'саундтрег', 'party_size_description': 'алтмышынчы еллар', 'cuisine': ''}"
test_406,Бу альбомга бер йолдыз бир,RateBook,PlayMusic,False,0.8931,False,False,False,"{'object_select': 'Бу', 'object_type': 'альбомга', 'rating_value': 'бер', 'rating_unit': 'йолдыз'}","{'artist': '', 'album': 'The Album Name', 'datetime': '', 'music_item': 'Track Name', 'playlist': ''}"
test_407,Bryan Macleanның иң олуг музыкасын кабыз .,PlayMusic,PlayMusic,True,0.9059,False,False,False,"{'artist': 'Bryan Macleanның', 'sort': 'иң олуг'}","{'artist': 'Bryan Maclean', 'music_item': 'And the Music Goes On'}"
test_408,Nicodemus-та һәм аның тирәсендәге һава торышы нинди,weather/find,none,False,0.0,True,False,False,{'location': 'Nicodemus-та | аның тирәсендәге'},{}
test_409,Phinally Phamous дип аталган уен эзлә,SearchCreativeWork,SearchCreativeWork,True,0.9486,False,False,False,"{'object_name': 'Phinally Phamous', 'object_type': 'уен'}","{'object_name': 'Finally Famous', 'object_type': 'CreativeWork'}"
test_410,Juneteenth-га 2 балл куй .,RateBook,none,False,0.6681,True,False,False,"{'object_name': 'Juneteenth-га', 'rating_value': '2'}",{}
test_411,Rhialto the Marvellous-га нуль йолдыз бир,RateBook,RateBook,True,0.9361,False,False,False,"{'object_name': 'Rhialto the Marvellous-га', 'rating_value': 'нуль', 'rating_unit': 'йолдыз'}","{'object_name': 'Rhialto the Marvellous', 'best_rating': '0', 'rating_unit': 'Yoldsiz', 'rating_value': ''}"
test_412,Мин Хелена Ирен Михаэльсенның Youtube-та саундтрегын ишетергә телим,PlayMusic,PlayMusic,True,0.8908,False,False,False,"{'artist': 'Мин Хелена Ирен', 'service': 'Youtube-та', 'music_item': 'саундтрегын'}","{'artist': 'The Weeknd', 'music_item': 'The Weeknd Soundtrack'}"
test_413,5 кешегә 20/01/2023 MH-да өстәл броньла,BookRestaurant,BookRestaurant,True,0.9821,False,False,False,"{'party_size_number': '5', 'datetime': '20/01/2023', 'location': 'MH-да'}","{'datetime': '20/01/2023', 'party_size_number': '5'}"
test_414,якындагы анимация фильмнары сессияләре расписаниесе,SearchScreeningEvent,SearchScreeningEvent,True,0.9507,False,False,False,"{'location': 'якындагы', 'movie_type': 'анимация фильмнары', 'object_type': 'сессияләре расписаниесе'}","{'datetime': '', 'location': '', 'movie_name': '', 'movie_type': '', 'object_location_type': 'cinema hall', 'object_type': 'film screening'}"
test_415,Минем This Is Shakira плейлистымна jack white-ны өстә,AddToPlaylist,AddToPlaylist,True,0.9665,False,False,False,"{'reference': 'Минем', 'playlist': 'This Is Shakira', 'artist': 'jack white-ны'}","{'artist': 'jack white', 'entity_name': 'This Is Shakira', 'playlist': 'This Is Shakira'}"
test_416,Мин Шри-Ланкада биш кешегә ресторан броньларга телим .,BookRestaurant,BookRestaurant,True,0.9365,False,False,False,"{'location': 'Шри-Ланкада', 'party_size_number': 'биш', 'restaurant_type': 'ресторан'}","{'datetime': '', 'location': 'Шри-Ланка', 'party_size_description': 'биш кешеге', 'restaurant_name': '', 'restaurant_type': ''}"
test_417,"Зинһар, Episodi di The Blacklist телевизион тапшыруын таб .",SearchCreativeWork,SearchCreativeWork,True,0.6776,False,False,False,"{'object_name': 'Episodi di The Blacklist', 'object_type': 'телевизион тапшыруын'}","{'object_name': 'The Blacklist', 'object_type': 'tv show'}"
test_418,монда Law Day-нән башлап салкын һава торышы нинди,weather/find,weather/find,True,0.9411,False,False,True,"{'location': 'монда', 'datetime': 'Law Day-нән', 'condition_temperature': 'салкын'}","{'condition_temperature': 'салкын', 'datetime': '', 'location': '', 'weather/attribute': 'температура шартлары'}"
test_419,Мин ун кешелек өстәленә ресторанда заказ бирергә телим.,BookRestaurant,BookRestaurant,True,0.9601,False,False,False,"{'party_size_number': 'ун', 'restaurant_type': 'ресторанда'}","{'datetime': '', 'facility': '', 'location': '', 'party_size_description': '', 'restaurant_name': '', 'restaurant_type': ''}"
test_420,Җитмешенче еллардагы Дюк Эллингтоннан берәр нәрсә уйна,PlayMusic,AddToPlaylist,False,0.9674,False,False,False,"{'datetime': 'Җитмешенче', 'artist': 'Дюк Эллингтоннан'}",{'artist': 'Duke Ellington'}
test_421,Cotton Comes to Harlem-ны 2-гә бәялә,RateBook,RateBook,True,0.923,False,False,False,"{'object_name': 'Cotton Comes to Harlem-ны', 'rating_value': '2-гә'}","{'object_name': 'Cotton Comes to Harlem', 'object_type': 'book', 'best_rating': '4.5', 'rating_unit': 'stars'}"
test_422,Җырны минем madden nfl 16 плейлистымна өстә,AddToPlaylist,AddToPlaylist,True,0.9518,False,False,False,"{'reference': 'минем', 'playlist': 'madden nfl 16', 'music_item': 'плейлистымна'}","{'playlist': 'minem madden nfl 16', 'music_item': 'minem madden nfl 16'}"
test_423,Toyan-ны минем Epic Gaming плейлистымна өстә.,AddToPlaylist,AddToPlaylist,True,0.9532,False,False,False,"{'artist': 'Toyan-ны', 'reference': 'минем', 'playlist': 'Epic Gaming'}","{'artist': 'Epic Gaming', 'playlist': ""Toyan's Playlist""}"
test_424,Slacker-да ниндидер яңа Les Vandyke уйнат,PlayMusic,PlayMusic,True,0.9813,False,False,False,"{'service': 'Slacker-да', 'sort': 'яңа', 'artist': 'Les Vandyke'}",{'music_item': 'Les Vandyke'}
test_425,Three Junes-га 6-дан берге бәялә,RateBook,RateBook,True,0.9563,False,False,False,"{'object_name': 'Three Junes-га', 'best_rating': '6-дан', 'rating_value': 'берге'}","{'object_name': 'Three Junes', 'best_rating': '6', 'rating_unit': '', 'rating_value': ''}"
test_426,Nunez пекарнясында тугыз кешегә өстәл заказ ит,BookRestaurant,AddToPlaylist,False,0.9593,False,False,False,"{'location': 'Nunez', 'restaurant_type': 'пекарнясында', 'party_size_number': 'тугыз'}","{'artist': 'Nunez', 'entity_name': 'пекарня', 'music_item': 'тугыз кешеге', 'playlist': 'пекарня'}"
test_427,Бу агымдагы романны 6-дан икеге бәялә .,RateBook,BookRestaurant,False,0.794,False,False,False,"{'object_select': 'Бу агымдагы', 'object_type': 'романны', 'best_rating': '6-дан', 'rating_value': 'икеге'}","{'party_size_number': '6', 'cuisine': '', 'datetime': '', 'facility': '', 'location': '', 'party_size_description': '', 'restaurant_name': '', 'restaurant_type': '', 'served_dish': ''}"
test_428,Ронни Вудның The Happy Blues-ны уйнат .,PlayMusic,PlayMusic,True,0.9537,False,False,True,"{'artist': 'Ронни Вудның', 'album': 'The Happy Blues-ны'}",{'music_item': 'The Happy Blues by Ronnie Wood'}
test_429,2013 елгы симфонияне уйнат .,PlayMusic,PlayMusic,True,0.9126,False,False,False,"{'datetime': '2013 елгы', 'music_item': 'симфонияне'}","{'music_item': '2013 elgy simfoniyane uynta', 'artist': None, 'album': None, 'genre': None, 'datetime': None, 'track': None}"
test_430,Jennifer Paull-ның Subconscious Lobotomy-ны уйнат .,PlayMusic,PlayMusic,True,0.9497,False,False,True,"{'artist': 'Jennifer Paull-ның', 'album': 'Subconscious Lobotomy-ны'}",{'music_item': 'Subconscious Lobotomy by Jennifer Paull'}
test_431,The Crystal Snare-га 5 йолдыз бир,RateBook,RateBook,True,0.9714,False,False,False,"{'object_name': 'The Crystal Snare-га', 'rating_value': '5', 'rating_unit': 'йолдыз'}","{'object_name': 'The Crystal Snare', 'best_rating': '5', 'rating_unit': 'йолдыз'}"
test_432,Бу дәреслеккә нуль йолдыз куй,RateBook,none,False,0.0,True,False,False,"{'object_select': 'Бу', 'object_type': 'дәреслеккә', 'rating_value': 'нуль', 'rating_unit': 'йолдыз'}",{}
test_433,Агымдагы серияне 4 баллга бәялә,RateBook,RateBook,True,0.937,False,False,True,"{'object_select': 'Агымдагы', 'object_part_of_series_type': 'серияне', 'rating_value': '4', 'rating_unit': 'баллга'}","{'object_name': 'серия', 'object_type': 'книга', 'best_rating': '4', 'rating_unit': 'балл', 'rating_value': 'серия'}"
test_434,Мин Urbank California-да James D. Conrey House-да өстәл телим,BookRestaurant,none,False,0.0,True,False,True,"{'location': 'Urbank | California-да', 'restaurant_name': 'James D. Conrey House-да'}",{}
test_435,Babar: King of the Elephants уйнымы,SearchScreeningEvent,SearchCreativeWork,False,0.9652,False,False,False,{'movie_name': 'Babar: King of the Elephants'},"{'object_name': 'Babar: King of the Elephants', 'object_type': 'creative work'}"
test_436,this is racionais mc's-га җырны өстә,AddToPlaylist,PlayMusic,False,0.9442,False,False,False,"{'playlist': ""this is racionais mc's-га"", 'music_item': 'җырны'}","{'artist': ""racionais mc's"", 'music_item': ""mc's җыр""}"
test_437,Хәзерге эссега 6-дан нуль йолдыз куй,RateBook,RateBook,True,0.9498,False,False,False,"{'object_select': 'Хәзерге', 'object_type': 'эссега', 'best_rating': '6-дан', 'rating_value': 'нуль', 'rating_unit': 'йолдыз'}","{'object_name': 'эссег', 'best_rating': '6', 'rating_value': '0', 'rating_unit': 'йолдыз'}"
test_438,Әйдә Эндрю Хьюиттан берәр нәрсә тыңлыйк .,PlayMusic,RateBook,False,0.923,False,False,False,{'artist': 'Эндрю Хьюиттан'},"{'object_name': 'Эндрю Хьюитт', 'object_type': 'книга', 'best_rating': '5'}"
test_439,Якында анимация фильмнарын таб,SearchScreeningEvent,SearchCreativeWork,False,0.9411,False,False,False,"{'location': 'Якында', 'movie_type': 'анимация фильмнарын'}",{'object_type': 'фильм'}
test_440,хәзерге хроникага 6-дан биш балл бир,RateBook,RateBook,True,0.9179,False,False,True,"{'object_select': 'хәзерге', 'object_part_of_series_type': 'хроникага', 'best_rating': '6-дан', 'rating_value': 'биш', 'rating_unit': 'балл'}","{'object_name': 'хроника', 'object_type': 'книга', 'best_rating': '6', 'rating_value': 'балл', 'rating_unit': 'балл'}"
test_441,Миңа Settha Palace Hotel-да Saint Helena-да 4 кешелек өстәл кирәк,BookRestaurant,BookRestaurant,True,0.9461,False,False,True,"{'restaurant_name': 'Settha Palace Hotel-да', 'location': 'Saint Helena-да', 'party_size_number': '4 кешелек'}","{'datetime': '', 'facility': '', 'location': 'Settha Palace Hotel, Saint Helena', 'party_size_description': '4 people', 'party_size_number': '4', 'restaurant_name': 'Settha Palace Hotel', 'restaurant_type': 'hotel', 'served_dish': '', 'sort': ''}"
test_442,Изге Патрик көнендә Вирджинияда һава торышы нинди булыр ?,weather/find,weather/find,True,0.9325,False,False,False,"{'datetime': 'Изге Патрик көнендә', 'location': 'Вирджинияда'}","{'datetime': 'Патрик көнөгө', 'location': 'Вирджинияда', 'condition_temperature': ''}"
test_443,Миңа Speakeasy Theaters киноның вакыт исемлеге кирәк,SearchScreeningEvent,SearchScreeningEvent,True,0.9726,False,False,False,"{'location': 'Speakeasy Theaters', 'object_type': 'киноның вакыт'}","{'datetime': '', 'location': '', 'movie_name': 'Speakeasy Theaters', 'movie_type': '', 'object_location_type': '', 'object_type': ''}"
test_444,Meet the Prince телевизион тапшыруын эзлә,SearchCreativeWork,SearchCreativeWork,True,0.9719,False,False,False,"{'object_name': 'Meet the Prince', 'object_type': 'телевизион тапшыруын'}","{'object_name': 'Meet the Prince', 'object_type': 'television show'}"
test_445,"Зинһар, миңа Compulsive Disclosure җырын бир .",SearchCreativeWork,none,False,0.0,True,False,False,"{'object_name': 'Compulsive Disclosure', 'object_type': 'җырын'}",{}
test_446,Zvooq-та Trance Life-ны уйнат .,PlayMusic,PlayMusic,True,0.9468,False,False,False,"{'service': 'Zvooq-та', 'playlist': 'Trance Life-ны'}","{'music_item': 'Trance Life', 'playlist': None, 'artist': None, 'album': None, 'genre': 'Trance'}"
test_447,"Зинһар, миңа Serious Awesomeness ! эшен таб.",SearchCreativeWork,SearchCreativeWork,True,0.6962,False,False,False,{'object_name': 'Serious Awesomeness'},{'object_name': 'Serious Awesomeness'}
test_448,мин кинотеатрда I Dream of Jeanie-ны карарга телим,SearchScreeningEvent,SearchScreeningEvent,True,0.98,False,False,True,"{'object_location_type': 'кинотеатрда', 'movie_name': 'I Dream of Jeanie-ны'}","{'datetime': '', 'location': '', 'movie_name': 'I Dream of Jeanie', 'movie_type': ''}"
test_449,Пол Маккартни уйнат,PlayMusic,PlayMusic,True,0.8433,False,False,False,{'artist': 'Пол Маккартни'},"{'music_item': ""Play the song 'Play the Part' by Pol MacCartney""}"
test_450,Хәзерге романны 3 йолдызга бәялә,RateBook,RateBook,True,0.9238,False,False,False,"{'object_select': 'Хәзерге', 'object_type': 'романны', 'rating_value': '3', 'rating_unit': 'йолдызга'}","{'object_name': 'romance book', 'best_rating': '3', 'rating_unit': 'йолыз', 'object_type': 'китап'}"
test_451,Paris - When It Sizzles китабын таба аласызмы ?,SearchCreativeWork,BookRestaurant,False,0.9578,False,False,False,"{'object_name': 'Paris - When It Sizzles', 'object_type': 'китабын'}","{'restaurant_name': 'Paris - When It Sizzles', 'object_type': 'book'}"
test_452,Филипп Киркоровның җитмешенче еллар пьесасын уйнат,PlayMusic,PlayMusic,True,0.9191,False,False,False,"{'artist': 'Филипп Киркоровның', 'datetime': 'җитмешенче'}","{'music_item': 'Филипп Киркоров', 'playlist': None, 'artist': 'Филипп Киркоров', 'album': None, 'datetime': None, 'genre': None, 'sort': None, 'track': None}"
test_453,Киләсе елда мин Пенни янындагы bougatsa ресторанын өч кешегә броньларга телим.,BookRestaurant,BookRestaurant,True,0.9259,False,False,True,"{'datetime': 'Киләсе елда', 'location': 'Пенни | янындагы', 'cuisine': 'bougatsa', 'restaurant_type': 'ресторанын', 'party_size_number': 'өч'}","{'datetime': '', 'facility': '', 'location': 'min Penne', 'party_size_description': 'өч кешеге', 'restaurant_name': 'bougatsa', 'restaurant_type': ''}"
test_454,Тенинода яңгырлар булырмы ?,weather/find,weather/find,True,0.8899,False,False,True,"{'location': 'Тенинода', 'condition_description': 'яңгырлар'}",{'condition_description': 'йыңгыр'}
test_455,"Зинһар, Three Essays on the Theory of Sexuality шоусын эзлә .",SearchCreativeWork,SearchCreativeWork,True,0.7854,False,False,False,"{'object_name': 'Three Essays on the Theory of Sexuality', 'object_type': 'шоусын'}","{'object_name': 'Three Essays on the Theory of Sexuality', 'object_type': 'book'}"
test_456,Мин Рамонда ашарга телим,BookRestaurant,none,False,0.0,True,False,False,{'location': 'Рамонда'},{}
test_457,Emo Forever плейлистына boy george трегын өстә.,AddToPlaylist,AddToPlaylist,True,0.9796,False,False,False,"{'playlist': 'Emo Forever', 'artist': 'boy george', 'music_item': 'трегын'}","{'artist': 'boy george', 'music_item': 'boy george', 'playlist': 'Emo Forever'}"
test_458,Vimy Ridge-да стейк-хаус заказ итәргә телим .,BookRestaurant,none,False,0.0,True,False,False,"{'location': 'Vimy Ridge-да', 'restaurant_type': 'стейк-хаус'}",{}
test_459,Without Witness егерме ике  сәгатьтән соң уйнаячакмы,SearchScreeningEvent,none,False,0.7619,True,False,False,"{'movie_name': 'Without Witness', 'datetime': 'егерме ике сәгатьтән соң'}",{}
test_460,9 кешегә урын броньла,BookRestaurant,BookRestaurant,True,0.9909,False,False,False,{'party_size_number': '9'},{'party_size_number': '9'}
test_461,бу трекны минем Hands Up плейлистына өстә,AddToPlaylist,AddToPlaylist,True,0.9303,False,False,False,"{'music_item': 'трекны', 'reference': 'минем', 'playlist': 'Hands Up'}","{'artist': '', 'entity_name': 'Hands Up', 'music_item': 'track', 'playlist': 'minem'}"
test_462,90s Pop Rock Essentials-тан берәр нәрсә уйнат,PlayMusic,PlayMusic,True,0.9744,False,False,False,{'playlist': '90s Pop Rock Essentials-тан'},{'music_item': '90s Pop Rock Essentials'}
test_463,Син миңа Blue Spring трейлерын таба аласыңмы ?,SearchCreativeWork,none,False,0.0,True,False,False,"{'object_name': 'Blue Spring', 'object_type': 'трейлерын'}",{}
test_464,36 Children-га 6-дан ике йолдыз куй,RateBook,PlayMusic,False,0.907,False,False,False,"{'object_name': '36 Children-га', 'best_rating': '6-дан', 'rating_value': 'ике', 'rating_unit': 'йолдыз'}","{'artist': 'Children', 'datetime': '', 'genre': '', 'music_item': '6-дан ике йолдыз', 'sort': ''}"
test_465,Мин MJR театрында анимацион фильмнарны телим,SearchScreeningEvent,SearchCreativeWork,False,0.9279,False,False,False,"{'location': 'MJR театрында', 'movie_type': 'анимацион фильмнарны'}",{'object_type': 'фильм'}
test_466,Sexy as Folk плейлистына башкаручы mike-ны өстә.,AddToPlaylist,AddToPlaylist,True,0.9778,False,False,False,"{'playlist': 'Sexy as Folk', 'music_item': 'башкаручы', 'artist': 'mike-ны'}","{'artist': 'Mike', 'playlist': 'Sexy as Folk'}"
test_467,минем this is al green плейлистына Highway Patrolman өстә,AddToPlaylist,AddToPlaylist,True,0.9801,False,False,False,"{'reference': 'минем', 'playlist': 'this is al green', 'entity_name': 'Highway Patrolman'}","{'playlist': 'this is al green', 'music_item': 'Highway Patrolman'}"
test_468,Миңа To Lose My Life исемле романны таб …,SearchCreativeWork,BookRestaurant,False,0.9313,False,False,False,"{'object_name': 'To Lose My Life', 'object_type': 'романны'}","{'object_name': 'To Lose My Life', 'object_type': 'romance'}"
test_469,бу альбомны 5-кә бәялә,RateBook,none,False,0.0,True,False,False,"{'object_select': 'бу', 'object_type': 'альбомны', 'rating_value': '5-кә'}",{}
test_470,Төшке ашта якындагы кинотеатрда Rare Birds күрсәтеләчәк .,SearchScreeningEvent,SearchScreeningEvent,True,0.9269,False,False,True,"{'datetime': 'Төшке ашта', 'location': 'якындагы', 'object_location_type': 'кинотеатрда', 'movie_name': 'Rare Birds'}","{'datetime': '', 'location': 'kinotеatrda', 'movie_name': 'Rare Birds', 'movie_type': ''}"
test_471,The 8-Week Cholesterol Cure-га 6-дан өчкә бәялә .,RateBook,RateBook,True,0.9221,False,False,False,"{'object_name': 'The 8-Week Cholesterol Cure-га', 'best_rating': '6-дан', 'rating_value': 'өчкә'}","{'object_name': 'The 8-Week Cholesterol Cure', 'best_rating': '6', 'rating_value': 'balel', 'rating_unit': 'not specified'}"
test_472,Martin barre-ны минем punk unplugged плейлистыма өстә.,AddToPlaylist,AddToPlaylist,True,0.9624,False,False,False,"{'artist': 'Martin barre-ны', 'reference': 'минем', 'playlist': 'punk unplugged'}","{'artist': 'Martin Barre', 'entity_name': 'minem punk unplugged', 'playlist': 'minem punk unplugged'}"
test_473,хәзерге романны 6-дан нульгә бәялә,RateBook,RateBook,True,0.9013,False,False,False,"{'object_select': 'хәзерге', 'object_type': 'романны', 'best_rating': '6-дан', 'rating_value': 'нульгә'}","{'object_name': 'romance novel', 'object_type': 'book', 'best_rating': '6', 'object_select': '0'}"
test_474,Минем кинотеатрда The Young Swordsman нинди вакытта барачак ?,SearchScreeningEvent,SearchScreeningEvent,True,0.8967,False,False,True,"{'object_location_type': 'кинотеатрда', 'movie_name': 'The Young Swordsman', 'object_type': 'вакытта'}","{'datetime': 'The Young Swordsman барачак кинотеатрда вакыт', 'location': 'минем кинотеатр', 'movie_name': 'The Young Swordsman'}"
test_475,Тирә-юньдә нинди фильмнар күрсәтеләр,SearchScreeningEvent,SearchCreativeWork,False,0.974,False,False,False,"{'location': 'Тирә-юньдә', 'movie_type': 'фильмнар'}",{'object_type': 'фильм'}
test_476,Мин North City-дәге Oregon Electric Station броньларга телим .,BookRestaurant,BookRestaurant,True,0.9517,False,False,True,"{'location': 'North City-дәге', 'restaurant_name': 'Oregon Electric Station'}","{'datetime': '', 'facility': '', 'location': 'North City, Oregon Electric Station', 'party_size_description': '', 'restaurant_name': '', 'restaurant_type': ''}"
test_477,монда төнге сәгать икедә һава торышы нинди,weather/find,weather/find,True,0.9576,False,False,False,"{'location': 'монда', 'datetime': 'төнге сәгать икедә'}","{'datetime': '', 'location': '', 'condition_temperature': '', 'condition_description': ''}"
test_478,Wanda Group-ның фильм кестесін таб .,SearchScreeningEvent,SearchCreativeWork,False,0.9563,False,False,False,"{'location': 'Wanda Group-ның', 'object_type': 'фильм кестесін'}","{'object_name': 'Wanda Group', 'object_type': 'creative work'}"
test_479,Самоада Ваурикада нинди һава торышы,weather/find,weather/find,True,0.8874,False,False,False,{'location': 'Самоада | Ваурикада'},"{'condition_temperature': '', 'datetime': '', 'location': 'Vaurok'}"
test_480,Тирә-яктагы фильмнар расписаниесен күрсәт,SearchScreeningEvent,SearchScreeningEvent,True,0.9718,False,False,False,"{'location': 'Тирә-яктагы', 'object_type': 'фильмнар расписаниесен'}","{'datetime': '', 'location': '', 'movie_name': '', 'movie_type': '', 'object_location_type': '', 'object_type': ''}"
test_481,Blues britânico уйнат .,PlayMusic,PlayMusic,True,0.9387,False,False,True,{'genre': 'Blues britânico'},"{'music_item': 'Blues britânico', 'artist': None, 'album': None, 'genre': 'Blues', 'datetime': None, 'sort': None, 'playlist': None, 'service': None, 'track': None}"
test_482,AMC Theaters-да No Time to Be Young күрсәтеләме,SearchScreeningEvent,BookRestaurant,False,0.9682,False,False,False,"{'location': 'AMC Theaters-да', 'movie_name': 'No Time to Be Young'}","{'cuisine': 'No Time to Be Young', 'datetime': '', 'facility': '', 'location': 'AMC Theaters', 'party_size_description': '', 'party_size_number': '', 'restaurant_name': 'AMC Theaters', 'restaurant_type': 'movie theater', 'served_dish': 'No Time to Be Young', 'sort': ''}"
test_483,"Зинһар, миңа Монти Пайтон Голливудта эзлә һәм таб .",SearchCreativeWork,SearchCreativeWork,True,0.9662,False,False,False,{'object_name': 'Монти Пайтон Голливудта'},"{'object_name': 'Monty Python', 'object_type': 'creative work'}"
test_484,кичке бишкә монда буран аркасында һава торышы нинди,weather/find,weather/find,True,0.9286,False,False,True,"{'datetime': 'кичке бишкә', 'location': 'монда', 'condition_description': 'буран'}","{'datetime': '', 'location': 'кичке бишкә монда буран аркасында', 'weather/attribute': 'торышы'}"
test_485,Ирландия балалар евровидениеда 2015 минем Jazzy Dinner плейлистына өстә,AddToPlaylist,AddToPlaylist,True,0.9159,False,False,False,"{'entity_name': 'Ирландия балалар евровидениеда 2015', 'reference': 'минем', 'playlist': 'Jazzy Dinner'}","{'artist': 'Jazzy Dinner', 'playlist': '2015 Eurovision', 'entity_name': ""Irish children's performers""}"
test_486,Indie Hipster-га җырны өстә,AddToPlaylist,PlayMusic,False,0.9476,False,False,False,"{'playlist': 'Indie Hipster-га', 'music_item': 'җырны'}","{'artist': 'Indie Hipster', 'music_item': 'трек'}"
test_487,Син миңа National Anthem of the Ancient Britons телевизион тапшыруын таба аласыңмы ?,SearchCreativeWork,none,False,0.0,True,False,False,"{'object_name': 'National Anthem of the Ancient Britons', 'object_type': 'телевизион тапшыруын'}",{}
test_488,"travelling плейлистына зинһар, бу Дэвид Гаан җырын өстә .",AddToPlaylist,AddToPlaylist,True,0.9388,False,False,False,"{'playlist': 'travelling', 'artist': 'Дэвид Гаан', 'music_item': 'җырын'}","{'artist': 'David Guetta', 'entity_name': 'Дэвид Гаан җырын', 'music_item': 'Дэвид Гаан җырын'}"
test_489,Мин аларны Murcof рәссамнан ишетергә телим,PlayMusic,none,False,0.0,True,False,False,"{'music_item': 'аларны', 'artist': 'Murcof'}",{}
test_490,The Gift: Imagination and the Erotic Life of Property-ны биш йолдызга бәялә,RateBook,RateBook,True,0.9457,False,False,False,"{'object_name': 'The Gift: Imagination and the Erotic Life of Property-ны', 'rating_value': 'биш', 'rating_unit': 'йолдызга'}","{'object_name': 'The Gift: Imagination and the Erotic Life of Property', 'object_type': 'book', 'best_rating': '5', 'rating_unit': 'star', 'rating_value': '★★★★★'}"
test_491,Миңа Baby Blue дип аталган телевизион тапшыруны таб,SearchCreativeWork,BookRestaurant,False,0.9712,False,False,False,"{'object_name': 'Baby Blue', 'object_type': 'телевизион тапшыруны'}","{'cuisine': 'Baby Blue', 'datetime': '', 'facility': '', 'location': '', 'party_size_description': '', 'party_size_number': '', 'restaurant_name': '', 'restaurant_type': '', 'served_dish': ''}"
test_492,The Girl Who Was Plugged In китабын эзлә,SearchCreativeWork,RateBook,False,0.9663,False,False,False,"{'object_name': 'The Girl Who Was Plugged In', 'object_type': 'китабын'}","{'object_name': 'The Girl Who Was Plugged In', 'object_type': 'book'}"
test_493,филлис уордка һәм вероникага 152 көннән соң ресторанда өстәл кирәк,BookRestaurant,BookRestaurant,True,0.9495,False,False,True,"{'party_size_description': 'филлис уордка һәм вероникага', 'datetime': '152 көннән соң', 'restaurant_type': 'ресторанда'}","{'datetime': '152 көннән соң', 'location': 'ресторан', 'party_size_description': '152 көннән соң'}"
test_494,5 кешелек танылган ресторанны броньла,BookRestaurant,BookRestaurant,True,0.9663,False,False,False,"{'party_size_number': '5', 'sort': 'танылган', 'restaurant_type': 'ресторанны'}","{'party_size_number': '5', 'party_size_description': '5 кешелек'}"
test_495,"Бруклон янында The Dome, Edinburgh отеленда номерны броньла",BookRestaurant,BookRestaurant,True,0.9698,False,False,True,"{'location': 'Бруклон | янында', 'restaurant_name': 'The Dome, Edinburgh'}","{'cuisine': '', 'datetime': '', 'facility': '', 'location': 'The Dome, Edinburgh', 'party_size_description': '', 'party_size_number': '', 'restaurant_name': 'The Dome, Edinburgh', 'restaurant_type': '', 'served_dish': '', 'sort': ''}"
test_496,Бу альбомны Old School Death Metal-га өстә,AddToPlaylist,AddToPlaylist,True,0.9518,False,False,False,"{'music_item': 'альбомны', 'playlist': 'Old School Death Metal-га'}","{'artist': 'Old School Death Metal', 'music_item': 'album'}"
test_497,Jersey Boys телесериалын эзлә,SearchCreativeWork,SearchCreativeWork,True,0.9804,False,False,False,"{'object_name': 'Jersey Boys', 'object_type': 'телесериалын'}","{'object_name': 'Jersey Boys', 'object_type': 'телесериал'}"
test_498,Алты ай эчендә Танжер янындагы иң яхшы пабта тугыз кешегә өстәл броньла,BookRestaurant,BookRestaurant,True,0.901,False,False,False,"{'datetime': 'Алты ай эчендә', 'location': 'Танжер | янындагы', 'sort': 'иң яхшы', 'restaurant_type': 'пабта', 'party_size_number': 'тугыз'}","{'datetime': '', 'location': 'Танжер', 'party_size_number': 'тугыз кешеге', 'restaurant_name': 'иң яхшы паб', 'cuisine': '', 'facility': '', 'party_size_description': '', 'restaurant_type': ''}"
test_499,Миңа Harkins Theatres-ында фильмларны күрсәт .,SearchScreeningEvent,SearchScreeningEvent,True,0.9445,False,False,False,"{'location': 'Harkins Theatres-ында', 'movie_type': 'фильмларны'}","{'movie_name': '', 'movie_type': '', 'location': 'Harkins Theatres', 'datetime': ''}"
test_500,аларның кампусында шул ук райондагы чурраскарияга кичәгә заказ бир,BookRestaurant,BookRestaurant,True,0.9227,False,False,False,"{'location': 'аларның кампусында | шул ук райондагы', 'restaurant_type': 'чурраскарияга'}","{'datetime': '', 'location': 'кампус', 'party_size_description': 'чурраскарияга кичәгә', 'restaurant_name': '', 'restaurant_type': 'чурраскария'}"
