id,text,true_intent,pred_intent,intent_correct,confidence,weak_by_conf,weak_intent_real,weak_slot_real,true_slots,pred_slots
test_1,барлык хәтерләтүләрне күрсәт,reminder/show_reminders,SearchCreativeWork,False,0.9705,False,False,False,{'reference': 'барлык'},{'object_type': 'хәтер'}
test_2,Миңа свитер кирәкме?,weather/find,SearchCreativeWork,False,0.9129,False,False,False,{'weather/attribute': 'свитер'},{'object_type': 'movie'}
test_3,Бүген сәгать ун алтыга хәтерләтүне өстә,reminder/set_reminder,AddToPlaylist,False,0.8853,False,False,False,{'datetime': 'Бүген сәгать ун алтыга'},"{'artist': 'Бүген', 'music_item': 'сәгать', 'playlist': 'ун алтыга', 'service': 'not specified'}"
test_4,Минем хәтерләтүне бетер,reminder/cancel_reminder,weather/find,False,0.8884,False,False,False,{'reference': 'Минем'},"{'datetime': '', 'location': 'минем', 'condition_description': ''}"
test_5,Миңа бензин салырга искә төшер.,reminder/set_reminder,BookRestaurant,False,0.9208,False,False,False,{'reminder/todo': 'бензин салырга'},{'datetime': 'бензин салырга искә төшер'}
test_6,Чәршәмбе көнне миңа кул чатыры кирәкме?,weather/find,weather/find,True,0.8774,False,False,False,"{'datetime': 'Чәршәмбе', 'weather/attribute': 'кул чатыры'}","{'datetime': 'чәршәмбе көнне', 'location': '', 'condition_description': 'миңа кул'}"
test_7,биш минуттан соң минем будильникны кабатла,alarm/snooze_alarm,alarm/set_alarm,False,0.9295,False,True,False,"{'datetime': 'биш минуттан', 'reference': 'минем'}","{'datetime': 'биш минуттан соң', 'reminder/todo': 'минем будильникны кабатла'}"
test_8,максның туган көне турында искә төшеруне куй,reminder/set_reminder,alarm/set_alarm,False,0.898,False,False,False,{'reminder/todo': 'максның туган көне турында искә төшеруне'},"{'datetime': 'туган көне турында', 'recurring_datetime': '', 'reminder/todo': 'iskер төшерүнө куй'}"
test_9,Миңа барлык хәтерләтүләрне күрсәт,reminder/show_reminders,SearchCreativeWork,False,0.9688,False,False,False,{'reference': 'барлык'},{'object_type': 'хәтер'}
test_10,Барлык будильникларны күрсәт.,alarm/show_alarms,alarm/show_alarms,True,0.8378,False,False,False,{'reference': 'Барлык'},{'datetime': 'киргизилбады'}
test_11,Бүген яңгыр явар микән?,weather/find,weather/find,True,0.828,False,False,False,"{'datetime': 'Бүген', 'weather/attribute': 'яңгыр'}","{'datetime': 'бүгөн', 'location': 'жолу чагы'}"
test_12,Будильникны иртәнге 8 куй,alarm/set_alarm,alarm/set_alarm,True,0.9386,False,False,False,{'datetime': 'иртәнге 8'},"{'datetime': '8', 'reference': ''}"
test_13,Бүген температура нинди?,weather/find,weather/find,True,0.9252,False,False,False,"{'datetime': 'Бүген', 'weather/attribute': 'температура'}","{'datetime': 'бүгөн', 'location': None}"
test_14,Минем хәтерләтүне күрсәт,reminder/show_reminders,weather/find,False,0.9177,False,False,False,{'reference': 'Минем'},{'condition_description': 'хәтер'}
test_15,Барлык будильникларны күрсәт,alarm/show_alarms,alarm/show_alarms,True,0.9622,False,False,False,{'reference': 'Барлык'},"{'datetime': 'unknown', 'reference': 'unknown'}"
test_16,Миңа Бен белән Джорджия турында сөйләшергә искә төшер,reminder/set_reminder,BookRestaurant,False,0.9014,False,False,False,{'reminder/todo': 'Бен белән Джорджия турында сөйләшергә'},"{'party_size_description': 'белән', 'served_dish': 'Джорджия туры', 'restaurant_type': 'ресторан'}"
test_17,Будильникны иртәнге 5 куй,alarm/set_alarm,alarm/set_alarm,True,0.963,False,False,False,{'datetime': 'иртәнге 5'},"{'datetime': 'иртәнге', 'recurring_datetime': '', 'reminder/todo': ''}"
test_18,бүген болытлымы,weather/find,weather/find,True,0.892,False,False,False,"{'datetime': 'бүген', 'weather/attribute': 'болытлымы'}","{'condition_description': 'bulan', 'datetime': 'бүгени'}"
test_19,Бүген бездә ничә дюйм яңгыры явар?,weather/find,weather/find,True,0.7745,False,False,False,"{'datetime': 'Бүген', 'weather/attribute': 'дюйм яңгыры'}","{'datetime': 'бүгөн', 'location': 'жооп суроого ичинде'}"
test_20,Иртәгә минем апама шалтыратырга искә төшер,reminder/set_reminder,alarm/set_alarm,False,0.9478,False,False,False,"{'datetime': 'Иртәгә', 'reminder/todo': 'минем апама шалтыратырга'}","{'datetime': '', 'recurring_datetime': '', 'reminder/todo': ''}"
test_21,будильникны туктат,alarm/cancel_alarm,alarm/set_alarm,False,0.9362,False,False,False,{},"{'datetime': 'туктат', 'reminder/todo': 'undefined'}"
test_22,Бу атнада кызу булырмы?,weather/find,weather/find,True,0.9524,False,False,False,"{'datetime': 'Бу атнада', 'weather/attribute': 'кызу'}",{'condition_description': 'куз'}
test_23,Будильникны көндезге 3 куй.,alarm/set_alarm,alarm/set_alarm,True,0.9077,False,False,False,{'datetime': 'көндезге 3'},"{'datetime': '3', 'reminder/todo': 'көндезге'}"
test_24,бүген кар явармы,weather/find,weather/find,True,0.8372,False,False,False,"{'datetime': 'бүген', 'weather/attribute': 'кар'}","{'datetime': 'бүгүн', 'location': 'жолумен'}"
test_25,бөтен будильникларны бетер,alarm/cancel_alarm,alarm/show_alarms,False,0.9481,False,False,False,{'reference': 'бөтен'},"{'datetime': 'unknown', 'reference': 'unknown'}"
test_26,Минем хәтерләтүләрне күрсәт,reminder/show_reminders,weather/find,False,0.9461,False,False,False,{'reference': 'Минем'},"{'condition_temperature': 'unknown', 'datetime': 'unknown', 'location': 'unknown', 'weather/attribute': 'unknown'}"
test_27,Будильникка кадәр күпме вакыт калды,alarm/time_left_on_alarm,alarm/set_alarm,False,0.9269,False,True,False,{},"{'datetime': 'unknown', 'recurring_datetime': 'unknown'}"
test_28,Минем нинди искә төшерүләрем бар?,reminder/show_reminders,SearchCreativeWork,False,0.9199,False,False,False,{'reference': 'Минем'},"{'object_type': 'нинди', 'object_name': 'Минем'}"
test_29,Будильникны көн саен иртәнге 8 куй,alarm/set_alarm,alarm/set_alarm,True,0.8973,False,False,False,{'recurring_datetime': 'иртәнге 8'},"{'datetime': 'сон', 'recurring_datetime': '', 'reminder/todo': 'сон иртәнге 8 куй'}"
test_30,син миңа будильникларны күрсәтә аласыңмы?,alarm/show_alarms,reminder/show_reminders,False,0.9495,False,False,False,{},"{'datetime': 'value from text', 'reference': 'value from text'}"
test_31,Бүген Диснейуорлдта буран булырмы?,weather/find,SearchCreativeWork,False,0.9212,False,False,False,"{'datetime': 'Бүген', 'location': 'Диснейуорлдта', 'weather/attribute': 'буран'}",{'object_type': 'Диснейуорлдта'}
test_32,бүген кар явырмы,weather/find,weather/find,True,0.8441,False,False,False,"{'datetime': 'бүген', 'weather/attribute': 'кар'}","{'datetime': 'бүгүн', 'location': 'нефес'}"
test_33,бөтен будильникларны күрсәт,alarm/show_alarms,alarm/show_alarms,True,0.961,False,False,False,{'reference': 'бөтен'},"{'datetime': 'unknown', 'reference': 'unknown'}"
test_34,Бүген салкынмы?,weather/find,weather/find,True,0.846,False,False,False,"{'datetime': 'Бүген', 'weather/attribute': 'салкынмы'}","{'datetime': 'бүгүн', 'location': 'жолумен'}"
test_35,"Зинһар, пәнҗешәмбе иртәсеннән будильникны бетер.",alarm/cancel_alarm,alarm/set_alarm,False,0.9627,False,False,False,{'datetime': 'пәнҗешәмбе иртәсеннән'},"{'datetime': '', 'recurring_datetime': '', 'reminder/todo': ''}"
test_36,Бүген яңгыр явырмы?,weather/find,weather/find,True,0.7619,False,False,False,"{'datetime': 'Бүген', 'weather/attribute': 'яңгыр'}","{'datetime': 'бүгөн', 'condition_temperature': 'сиз айтыңыздар'}"
test_37,канадада кар явамы,weather/find,weather/find,True,0.9145,False,False,False,"{'location': 'канадада', 'weather/attribute': 'кар явамы'}","{'condition_temperature': 'cold', 'datetime': '', 'location': 'канада', 'weather/attribute': ''}"
test_38,Бүген нинди югары температура булачак?,weather/find,weather/find,True,0.9444,False,False,False,"{'datetime': 'Бүген', 'weather/attribute': 'югары температура'}",{'condition_temperature': 'unknown'}
test_39,"Төнлә шулкадәр кар яуса, сәяхәт куркыныч булырмы?",weather/find,weather/find,True,0.9398,False,False,False,"{'datetime': 'Төнлә', 'weather/attribute': 'кар яуса'}","{'condition_temperature': 'unknown', 'datetime': 'unknown', 'location': 'unknown'}"
test_40,бөтен хәтерләтүләрне күрсәт,reminder/show_reminders,SearchCreativeWork,False,0.9794,False,False,False,{'reference': 'бөтен'},{'object_type': 'хәтер'}
test_41,барлык хәтерләтүләрне бетер,reminder/cancel_reminder,AddToPlaylist,False,0.9398,False,False,False,{'reference': 'барлык'},"{'artist': 'барлык хәтерләтүләрне', 'entity_name': 'бетер'}"
test_42,миңа иртәгә куртка кирәкме?,weather/find,weather/find,True,0.8322,False,False,False,"{'datetime': 'иртәгә', 'weather/attribute': 'куртка'}","{'condition_description': 'кирәк', 'datetime': 'мiңаге'}"
test_43,Будильникка кадәр күпме вакыт калды,alarm/time_left_on_alarm,alarm/set_alarm,False,0.9269,False,True,False,{},"{'datetime': 'unknown', 'recurring_datetime': 'unknown'}"
test_44,Будильникны туктат,alarm/snooze_alarm,alarm/set_alarm,False,0.8788,False,True,False,{},"{'datetime': 'укажите время', 'recurring_datetime': 'укажите повторяющуюся schedule'}"
test_45,Миңа барлык будильникларны күрсәт,alarm/show_alarms,reminder/show_reminders,False,0.961,False,False,False,{'reference': 'барлык'},"{'datetime': '', 'reference': ''}"
test_46,Йеллоустонда һава торышы нинди?,weather/find,weather/find,True,0.9603,False,False,False,{'location': 'Йеллоустонда'},"{'condition_temperature': 'unknown', 'datetime': 'unknown', 'location': 'Йеллоустон', 'weather/attribute': 'unknown'}"
test_47,Бүген һава торышы нинди?,weather/find,weather/find,True,0.8751,False,False,False,{'datetime': 'Бүген'},"{'datetime': 'бүгөн', 'location': 'не'}"
test_48,Иртәгә Патрикны мәктәптән алырга минем искә төшерүдән алып бетер.,reminder/cancel_reminder,AddToPlaylist,False,0.8791,False,False,False,"{'datetime': 'Иртәгә', 'reminder/todo': 'Патрикны мәктәптән алырга', 'reference': 'минем'}","{'artist': 'Патрик', 'entity_name': 'мәктеп', 'music_item': 'minem', 'playlist': None, 'reference': 'төшерүдән алып бетер'}"
test_49,Миңа иртәгә шул ук вакытта табибка язылырга искә төшер,reminder/set_reminder,alarm/set_alarm,False,0.7975,False,False,False,"{'datetime': 'иртәгә шул ук вакытта', 'reminder/todo': 'табибка язылырга'}","{'datetime': 'тик түрүнүн ук вакыттары', 'recurring_datetime': None}"
test_50,Миңа аренданы түләргә искә төшер,reminder/set_reminder,SearchCreativeWork,False,0.9476,False,False,False,{'reminder/todo': 'аренданы түләргә'},"{'object_type': 'аренда', 'object_name': ''}"
test_51,яңгыр кайчан бетәчәк?,weather/find,SearchCreativeWork,False,0.9614,False,False,False,{'weather/attribute': 'яңгыр'},{'object_type': 'creative work'}
test_52,будильникларны бетер,alarm/cancel_alarm,alarm/show_alarms,False,0.9528,False,False,False,{},"{'datetime': 'unknown', 'reference': 'unknown'}"
test_53,Сишәмбе көнне миңа Стефанига шалтыратырга искә төшер,reminder/set_reminder,alarm/set_alarm,False,0.8323,False,False,False,"{'datetime': 'Сишәмбе көнне', 'reminder/todo': 'Стефанига шалтыратырга'}","{'datetime': 'Сишәмбе көнне', 'recurring_datetime': '', 'reminder/todo': 'шикматтарына шалтыратырга искен'}"
test_54,барлык минем уяткыч сәгатьләрне күрсәт,alarm/show_alarms,SearchCreativeWork,False,0.9487,False,False,False,{'reference': 'барлык минем'},"{'object_name': 'минем уяткыч сәгатьләрне', 'object_type': 'painting'}"
test_55,Бүген никадәр эссе булачак?,weather/find,SearchCreativeWork,False,0.9821,False,False,False,"{'datetime': 'Бүген', 'weather/attribute': 'эссе'}",{'object_type': 'essay'}
test_56,будильникны бүген кичке 5 куй,alarm/set_alarm,alarm/set_alarm,True,0.9404,False,False,False,{'datetime': 'бүген кичке 5'},"{'datetime': 'куй', 'recurring_datetime': ''}"
test_57,21-енче августта көндез 3-тә табибка барырга искә төшер,reminder/set_reminder,BookRestaurant,False,0.9415,False,False,False,"{'datetime': '21-енче августта көндез 3-тә', 'reminder/todo': 'табибка барырга'}","{'datetime': '21-енче августта', 'party_size_number': '3-тә', 'facility': 'табибка'}"
test_58,көн саен иртәнге сәгать 7-дә дарулар эчәргә турында минем искә төшерүне бетер,reminder/cancel_reminder,BookRestaurant,False,0.9102,False,False,False,"{'recurring_datetime': 'көн саен иртәнге сәгать 7-дә', 'reminder/todo': 'дарулар эчәргә'}","{'datetime': 'сәгать 7-дә', 'facility': 'дарулар эчәрге', 'party_size_description': 'бетер', 'restaurant_type': 'иск', 'served_dish': 'минем'}"
test_59,киләсе фараз яңгырны кайчан күрсәтә,weather/find,weather/find,True,0.9139,False,False,False,{'weather/attribute': 'яңгырны'},"{'condition_description': 'киләсе', 'datetime': 'каячан күрсәтә'}"
test_60,Иртәгә иртә белән минем будильнигым нинди вакытка куелган?,alarm/show_alarms,alarm/show_alarms,True,0.95,False,False,False,"{'datetime': 'Иртәгә иртә', 'reference': 'минем'}",{'datetime': 'reference'}
test_61,бүген кар явармы,weather/find,weather/find,True,0.8372,False,False,False,"{'datetime': 'бүген', 'weather/attribute': 'кар'}","{'datetime': 'бүгүн', 'location': 'жолумен'}"
test_62,Минем будильнигымны сүндер.,alarm/cancel_alarm,alarm/set_alarm,False,0.9161,False,False,False,{'reference': 'Минем'},"{'datetime': 'минем будильнигымны сүндер', 'recurring_datetime': ''}"
test_63,Барлык будильникларны бетер,alarm/cancel_alarm,alarm/show_alarms,False,0.9039,False,False,False,{'reference': 'Барлык'},{'datetime': 'bet'}
test_64,миңа продуктларны сатып алырга искә төшер,reminder/set_reminder,BookRestaurant,False,0.8889,False,False,False,{'reminder/todo': 'продуктларны сатып алырга'},{'party_size_description': 'продуктовые'}
test_65,Миңа иртәнге сәгать 9-да иртәнге аш өчен будильник кирәк,alarm/set_alarm,alarm/set_alarm,True,0.9299,False,False,False,{'datetime': 'иртәнге сәгать 9-да'},"{'datetime': '9', 'recurring_datetime': ''}"
test_66,уен башланганчы бер сәгать алдан Кольтларны карау турында искә төшерүне куй,reminder/set_reminder,PlayMusic,False,0.9014,False,False,False,"{'datetime': 'уен башланганчы бер сәгать алдан', 'reminder/todo': 'Кольтларны карау'}","{'artist': 'Кольтлар', 'datetime': '', 'genre': '', 'music_item': 'сәг', 'service': ''}"
test_67,барлык будильникларны бетер,alarm/cancel_alarm,alarm/set_alarm,False,0.974,False,False,False,{'reference': 'барлык'},"{'datetime': '', 'recurring_datetime': '', 'reference': ''}"
test_68,Бу исемлектән минем өченче искә төшерүне бетер.,reminder/cancel_reminder,BookRestaurant,False,0.7982,False,False,False,{'reference': 'минем өченче'},"{'datetime': 'искечче', 'party_size_description': 'тише'}"
test_69,Будильникны иртәнге 6 куй,alarm/set_alarm,alarm/set_alarm,True,0.944,False,False,False,{'datetime': 'иртәнге 6'},"{'datetime': '6', 'reference': ''}"
test_70,Бу будильникны хәзердән көндезге 2-гә куй,alarm/cancel_alarm,alarm/set_alarm,False,0.9424,False,False,False,"{'reference': 'Бу', 'datetime': 'хәзердән | көндезге 2-гә'}","{'datetime': 'көндезге 2-гә', 'reference': 'хәзердән көндезге 2-гә'}"
test_71,Кар булырмы?,weather/find,weather/find,True,0.9345,False,False,False,{'weather/attribute': 'Кар'},"{'condition_description': '', 'condition_temperature': ''}"
test_72,Миңа аренданы түләргә искә төшер.,reminder/set_reminder,BookRestaurant,False,0.912,False,False,False,{'reminder/todo': 'аренданы түләргә'},"{'datetime': 'Миңа', 'location': 'аренда'}"
test_73,иртәгә нинди иң түбән температура,weather/find,weather/find,True,0.9723,False,False,False,"{'datetime': 'иртәгә', 'weather/attribute': 'иң түбән'}",{'condition_temperature': 'түбән'}
test_74,Бүген кояшлы булырмы?,weather/find,weather/find,True,0.8653,False,False,False,"{'datetime': 'Бүген', 'weather/attribute': 'кояшлы'}","{'datetime': 'бүгөн', 'location': 'жыйын'}"
test_75,Бүген минем ничә искә төшерүләрем бар?,reminder/show_reminders,weather/find,False,0.8516,False,False,False,{'datetime': 'Бүген'},"{'datetime': 'бүгүн', 'location': 'нех маалымат берилmedi'}"
test_76,Минем иртәгә нинди искә төшерүләрем бар?,reminder/show_reminders,weather/find,False,0.9476,False,False,False,"{'reference': 'Минем', 'datetime': 'иртәгә'}","{'datetime': '', 'location': '', 'condition_description': '', 'condition_temperature': ''}"
test_77,Минем барлык искә төшерүләремне бетер.,reminder/cancel_reminder,alarm/show_alarms,False,0.8923,False,False,False,{'reference': 'Минем барлык'},{'datetime': 'берилүү'}
test_78,будильникны иртәнге 6-га куй,alarm/set_alarm,alarm/set_alarm,True,0.9583,False,False,False,{'datetime': 'иртәнге 6-га'},"{'datetime': 'иртәнге', 'recurring_datetime': '6-га куй'}"
test_79,Будильникны 30 минутка куй,alarm/set_alarm,alarm/set_alarm,True,0.9267,False,False,False,{'datetime': '30 минутка'},"{'datetime': 'reference', 'recurring_datetime': '30 минутка', 'reminder/todo': 'None'}"
test_80,Будильникны бер сәгать алга куй.,alarm/set_alarm,alarm/set_alarm,True,0.9527,False,False,False,{'datetime': 'бер сәгать алга'},"{'datetime': 'бер сәгать', 'recurring_datetime': ''}"
test_81,барлык будильникларны бетер,alarm/cancel_alarm,alarm/set_alarm,False,0.974,False,False,False,{'reference': 'барлык'},"{'datetime': '', 'recurring_datetime': '', 'reference': ''}"
test_82,Лос-Анджелеста һава торышы,weather/find,weather/find,True,0.9633,False,False,False,{'location': 'Лос - Анджелеста'},"{'condition_temperature': 'unknown', 'datetime': 'unknown', 'location': 'Лос-Анджелеста', 'weather/attribute': 'unknown'}"
test_83,бөтен будильникларны бетер,alarm/cancel_alarm,alarm/show_alarms,False,0.9481,False,False,False,{'reference': 'бөтен'},"{'datetime': 'unknown', 'reference': 'unknown'}"
test_84,Бүген минем ничә искә төшерүләрем бар?,reminder/show_reminders,weather/find,False,0.8516,False,False,False,{'datetime': 'Бүген'},"{'datetime': 'бүгүн', 'location': 'нех маалымат берилmedi'}"
test_85,Миңа иртәгә кибеттә кәгазь сөлгеләр сатып алырга искә төшер,reminder/set_reminder,BookRestaurant,False,0.8899,False,False,False,"{'datetime': 'иртәгә', 'reminder/todo': 'кибеттә кәгазь сөлгеләр сатып алырга'}","{'party_size_number': 'кибеттә кәгазь', 'served_dish': 'сөлгеләр', 'restaurant_name': 'ниңа иртәгә кибеттә кәгазь'}"
test_86,Миңа минем барлык искә төшерүләремне күрсәт,reminder/show_reminders,weather/find,False,0.9362,False,False,False,{'reference': 'минем барлык'},"{'condition_temperature': 'unknown', 'datetime': 'unknown', 'location': 'unknown'}"
test_87,Будильникны иртәнге 6 куй,alarm/set_alarm,alarm/set_alarm,True,0.944,False,False,False,{'datetime': 'иртәнге 6'},"{'datetime': '6', 'reference': ''}"
test_88,иртәгә кар булырмы,weather/find,weather/find,True,0.9149,False,False,False,"{'datetime': 'иртәгә', 'weather/attribute': 'кар'}","{'condition_description': 'иртәгә', 'datetime': 'булырмы'}"
test_89,иртәгә минем иртәнге будильникны бетер,alarm/cancel_alarm,alarm/set_alarm,False,0.9609,False,False,False,"{'datetime': 'иртәгә | иртәнге', 'reference': 'минем'}","{'datetime': '', 'recurring_datetime': '', 'reminder/todo': ''}"
test_90,Дүшәмбе көнне төшке ашка будильникны куй.,alarm/set_alarm,alarm/set_alarm,True,0.94,False,False,False,{'recurring_datetime': 'Дүшәмбе көнне төшке ашка'},"{'datetime': 'көнне төшке ашка', 'recurring_datetime': '', 'reminder/todo': 'будильник'}"
test_91,Бүген никадәр эссе булачак?,weather/find,SearchCreativeWork,False,0.9821,False,False,False,"{'datetime': 'Бүген', 'weather/attribute': 'эссе'}",{'object_type': 'essay'}
test_92,иртәнге будильникларны куерга миңа искә төшер,reminder/set_reminder,alarm/set_alarm,False,0.9672,False,False,False,"{'datetime': 'иртәнге', 'reminder/todo': 'будильникларны куерга'}","{'datetime': '', 'recurring_datetime': '', 'reference': ''}"
test_93,бөтен будильникларны бетер,alarm/cancel_alarm,alarm/show_alarms,False,0.9481,False,False,False,{'reference': 'бөтен'},"{'datetime': 'unknown', 'reference': 'unknown'}"
test_94,Минем будильникларымны күрсәт,alarm/show_alarms,alarm/show_alarms,True,0.9568,False,False,False,{'reference': 'Минем'},"{'datetime': 'unknown', 'reference': 'unknown'}"
test_95,будильникны сүндер,alarm/cancel_alarm,alarm/show_alarms,False,0.9644,False,False,False,{},"{'datetime': 'unknown', 'reference': 'unknown'}"
test_96,Бүген температура нинди?,weather/find,weather/find,True,0.9252,False,False,False,"{'datetime': 'Бүген', 'weather/attribute': 'температура'}","{'datetime': 'бүгөн', 'location': None}"
test_97,будильникны сүндер,alarm/cancel_alarm,alarm/show_alarms,False,0.9644,False,False,False,{},"{'datetime': 'unknown', 'reference': 'unknown'}"
test_98,Барлык будильникларны күрсәт,alarm/show_alarms,alarm/show_alarms,True,0.9622,False,False,False,{'reference': 'Барлык'},"{'datetime': 'unknown', 'reference': 'unknown'}"
test_99,Будильникны 30 минут саен куй,alarm/set_alarm,alarm/set_alarm,True,0.9455,False,False,False,{'recurring_datetime': '30 минут саен'},"{'datetime': 'reference', 'recurring_datetime': '30 минут'}"
test_100,Бүген нинди температура булачак?,weather/find,weather/find,True,0.9505,False,False,False,"{'datetime': 'Бүген', 'weather/attribute': 'температура'}",{'condition_temperature': 'unknown'}
test_101,Бүген кызу булырмы?,weather/find,weather/find,True,0.8196,False,False,False,"{'datetime': 'Бүген', 'weather/attribute': 'кызу'}",{'condition_description': 'курулук'}
test_102,Иртәгә яңгыр булырмы?,weather/find,weather/find,True,0.8814,False,False,False,"{'datetime': 'Иртәгә', 'weather/attribute': 'яңгыр'}","{'condition_description': 'булырмы', 'datetime': ''}"
test_103,Киләсе будильникны бетер,alarm/cancel_alarm,reminder/show_reminders,False,0.9289,False,False,False,{'reference': 'Киләсе'},"{'datetime': 'value from text', 'reference': 'value from text'}"
test_104,Бүген кибеткә барырга искә төшер,reminder/set_reminder,weather/find,False,0.8131,False,False,False,"{'datetime': 'Бүген', 'reminder/todo': 'кибеткә барырга'}","{'datetime': 'буйган', 'location': 'кибетке'}"
test_105,киләсе атнада минем искә төшерүләрне бетер,reminder/cancel_reminder,weather/find,False,0.9056,False,False,False,"{'datetime': 'киләсе атнада', 'reference': 'минем'}","{'condition_temperature': 'unknown', 'datetime': 'unknown', 'location': 'unknown'}"
test_106,миңа сишәмбе көнне көндезге сәгать 3-тә этне грумерга алып барырга исемә төшер,reminder/set_reminder,BookRestaurant,False,0.9195,False,False,False,"{'datetime': 'сишәмбе көнне көндезге сәгать 3-тә', 'reminder/todo': 'этне грумерга алып барырга'}","{'datetime': 'миңа', 'party_size_number': '3', 'restaurant_type': 'грумерга алып барырга'}"
test_107,28-енче көнне Дженга годовщинага чәчәкләр сатып алырга исемә төшер.,reminder/set_reminder,none,False,0.9465,True,False,False,"{'datetime': '28-енче көнне', 'reminder/todo': 'Дженга годовщинага чәчәкләр сатып алырга'}",{}
test_108,Бүген һава торышы нинди?,weather/find,weather/find,True,0.8751,False,False,False,{'datetime': 'Бүген'},"{'datetime': 'бүгөн', 'location': 'не'}"
test_109,Иртәгә табибка язылырга миңа искә төшер.,reminder/set_reminder,BookRestaurant,False,0.9,False,False,False,"{'datetime': 'Иртәгә', 'reminder/todo': 'табибка язылырга'}","{'datetime': 'искә төшер', 'location': 'табибка'}"
test_110,бөтен будильникларны сүндер,alarm/cancel_alarm,alarm/set_alarm,False,0.9441,False,False,False,{'reference': 'бөтен'},"{'datetime': '', 'recurring_datetime': '', 'reminder/todo': 'setting reminders'}"
test_111,Мин үзем белән дождевикны алыйммы?,weather/find,weather/find,True,0.9437,False,False,False,{'weather/attribute': 'дождевикны'},"{'condition_description': 'дождевик', 'location': 'мин үзем'}"
test_112,Начар һава торышы фаразы нинди?,weather/find,weather/find,True,0.9601,False,False,False,{'weather/attribute': 'Начар'},"{'condition_temperature': 'unknown', 'datetime': 'unknown', 'location': 'unknown', 'weather/attribute': 'unknown'}"
test_113,киләсе атнада табибка язуым турында искә төшер,reminder/set_reminder,SearchCreativeWork,False,0.9262,False,False,False,"{'datetime': 'киләсе атнада', 'reminder/todo': 'табибка язуым турында'}",{'object_type': '治疗'}
test_114,иртәнге 8 кибеткә бару турында искә төшер,reminder/set_reminder,SearchCreativeWork,False,0.9195,False,False,False,"{'datetime': 'иртәнге 8', 'reminder/todo': 'кибеткә бару'}",{'object_type': 'турындуу'}
test_115,Химчисткага барырга искә төшерү яса.,reminder/set_reminder,BookRestaurant,False,0.9598,False,False,False,{'reminder/todo': 'Химчисткага барырга'},{'location': 'барырга'}
test_116,кайчан салкынрак булачак,weather/find,weather/find,True,0.9453,False,False,False,{'weather/attribute': 'салкынрак'},"{'condition_description': 'салкынрак', 'datetime': ''}"
test_117,бу атнада яңгыр булырмы,weather/find,alarm/set_alarm,False,0.9142,False,False,False,"{'datetime': 'бу атнада', 'weather/attribute': 'яңгыр'}","{'datetime': 'атнада', 'recurring_datetime': 'бүгөн'}"
test_118,барлык будильникларны бетер,alarm/cancel_alarm,alarm/set_alarm,False,0.974,False,False,False,{'reference': 'барлык'},"{'datetime': '', 'recurring_datetime': '', 'reference': ''}"
test_119,будильникларны бетер,alarm/cancel_alarm,alarm/show_alarms,False,0.9528,False,False,False,{},"{'datetime': 'unknown', 'reference': 'unknown'}"
test_120,минем будильникларымны күрсәт,alarm/show_alarms,alarm/show_alarms,True,0.9521,False,False,False,{'reference': 'минем'},"{'datetime': 'unknown', 'reference': 'unknown'}"
test_121,Минем будильнигым кайсы вакытка куйган?,alarm/show_alarms,alarm/show_alarms,True,0.9557,False,False,False,{},{'datetime': 'unknown'}
test_122,Шимбә көнне яңгыр булырмы?,weather/find,weather/find,True,0.9394,False,False,False,"{'datetime': 'Шимбә', 'weather/attribute': 'яңгыр'}","{'condition_temperature': 'unknown', 'datetime': 'unknown', 'location': 'unknown', 'weather/attribute': 'unknown'}"
test_123,бүген никадәр эссе булачак,weather/find,SearchCreativeWork,False,0.979,False,False,False,"{'datetime': 'бүген', 'weather/attribute': 'эссе'}",{'object_type': 'essay'}
test_124,Барлык будильникларны бетер,alarm/cancel_alarm,alarm/show_alarms,False,0.9039,False,False,False,{'reference': 'Барлык'},{'datetime': 'bet'}
test_125,Бу ял көннәрендә Тахода һава торышы?,weather/find,weather/find,True,0.856,False,False,False,"{'datetime': 'Бу ял көннәрендә', 'location': 'Тахода'}","{'datetime': 'көннәр', 'location': 'Тахода', 'condition_description': 'ташы'}"
test_126,Миңа бүген пальто кирәкме?,weather/find,weather/find,True,0.8072,False,False,False,"{'datetime': 'бүген', 'weather/attribute': 'пальто'}","{'condition_description': 'палатко', 'datetime': 'мінан'}"
test_127,Яңгыр кайчан туктар?,weather/find,weather/find,True,0.926,False,False,False,{'weather/attribute': 'Яңгыр'},"{'condition_description': 'кайчан', 'datetime': ''}"
test_128,Дүшәмбе көнне 16:00 сәгатьтә минем мәктәпкә шалтыратырга хәтерләтү куй,reminder/set_reminder,BookRestaurant,False,0.8901,False,False,False,"{'datetime': 'Дүшәмбе көнне 16:00 сәгатьтә', 'reminder/todo': 'минем мәктәпкә шалтыратырга'}","{'datetime': '16:00', 'party_size_description': 'минем', 'restaurant_name': 'дүшәмбе көнне'}"
test_129,Минем будильнигымны сүндер.,alarm/cancel_alarm,alarm/set_alarm,False,0.9161,False,False,False,{'reference': 'Минем'},"{'datetime': 'минем будильнигымны сүндер', 'recurring_datetime': ''}"
test_130,Бүген кич никадәр салкын булыр?,weather/find,weather/find,True,0.8546,False,False,False,"{'datetime': 'Бүген кич', 'weather/attribute': 'салкын'}","{'datetime': 'бүгени', 'location': 'бул'}"
test_131,Будильникны иртәнге җидегә куй.,alarm/set_alarm,alarm/set_alarm,True,0.9582,False,False,False,{'datetime': 'иртәнге җидегә'},"{'datetime': '', 'recurring_datetime': ''}"
test_132,Минем Робны алу турында хәтерләтүемне бетер,reminder/cancel_reminder,AddToPlaylist,False,0.9341,False,False,False,"{'reference': 'Минем', 'reminder/todo': 'Робны алу'}","{'artist': 'Минем', 'music_item': 'хәтер', 'playlist': 'бетер'}"
test_133,Иртәгә сөт сатып алу турында хәтерләтү яса.,reminder/set_reminder,BookRestaurant,False,0.9113,False,False,False,"{'datetime': 'Иртәгә', 'reminder/todo': 'сөт сатып алу'}",{'restaurant_type': 'хәтерләтү'}
test_134,Будильникны иртәнге 6 куй,alarm/set_alarm,alarm/set_alarm,True,0.944,False,False,False,{'datetime': 'иртәнге 6'},"{'datetime': '6', 'reference': ''}"
test_135,"көндәлек будильникны, аны бетергәнче, кичке җиде сәгать утыз минутка планлаштыр",alarm/set_alarm,alarm/set_alarm,True,0.9358,False,False,False,{'recurring_datetime': 'көндәлек | кичке җиде сәгать утыз минутка'},"{'datetime': 'кичке җиде сәгать утыз минутка', 'recurring_datetime': 'бетергәнче', 'reference': ''}"
test_136,миңа торыр өчен будильникны куерга исемә төшер,reminder/set_reminder,none,False,0.8706,True,False,False,{'reminder/todo': 'торыр өчен будильникны куерга'},{}
test_137,Минем хәтерләтүне бетер,reminder/cancel_reminder,weather/find,False,0.8884,False,False,False,{'reference': 'Минем'},"{'datetime': '', 'location': 'минем', 'condition_description': ''}"
test_138,Бүген кар булырмы?,weather/find,weather/find,True,0.8052,False,False,False,"{'datetime': 'Бүген', 'weather/attribute': 'кар'}","{'datetime': 'бүгөн', 'location': 'жолу анык'}"
test_139,Миңа бөтен будильникларны күрсәт,alarm/show_alarms,SearchCreativeWork,False,0.9816,False,False,False,{'reference': 'бөтен'},{'object_type': 'book'}
test_140,бөтен хәтерләтүләрне күрсәт,reminder/show_reminders,SearchCreativeWork,False,0.9794,False,False,False,{'reference': 'бөтен'},{'object_type': 'хәтер'}
test_141,минем будильнигымда күпме вакыт калды,alarm/time_left_on_alarm,alarm/set_alarm,False,0.9246,False,True,False,{'reference': 'минем'},"{'datetime': 'минем будильнигымда күпme вакыт калды', 'recurring_datetime': ''}"
test_142,будильникны 2 сәгатькә куй,alarm/set_alarm,alarm/set_alarm,True,0.9709,False,False,False,{'datetime': '2 сәгатькә'},"{'datetime': '2 сәгатькә', 'recurring_datetime': ''}"
test_143,Эштән соң икмәк сатып алырга исемә төшер,reminder/set_reminder,alarm/set_alarm,False,0.8872,False,False,False,"{'datetime': 'Эштән соң', 'reminder/todo': 'икмәк сатып алырга'}","{'datetime': 'тикленүү', 'recurring_datetime': '', 'reminder/todo': ''}"
test_144,Бүген яңгыр булырмы?,weather/find,weather/find,True,0.8801,False,False,False,"{'datetime': 'Бүген', 'weather/attribute': 'яңгыр'}","{'condition_description': 'бүгөн', 'datetime': 'бүгөн'}"
test_145,бүгенге һава торышы фаразын укы,weather/find,weather/find,True,0.9394,False,False,False,{'datetime': 'бүгенге'},"{'condition_temperature': 'unknown', 'datetime': 'unknown', 'location': 'unknown', 'weather/attribute': 'unknown'}"
test_146,Минем будильнигым нинди вакытка куелган?,alarm/show_alarms,alarm/show_alarms,True,0.9624,False,False,False,{'reference': 'Минем'},{'datetime': 'минем будильнигим нинди вакытка куелган'}
test_147,иртәгә 4 миңа сәүдә үзәгенә барырга исемә төшер,reminder/set_reminder,weather/find,False,0.8532,False,False,False,"{'datetime': 'иртәгә 4', 'reminder/todo': 'сәүдә үзәгенә барырга'}","{'condition_description': '4 миңа', 'datetime': 'берырга исемә'}"
test_148,бүген кул чатырны үзем белән алыйммы,weather/find,weather/find,True,0.9342,False,False,False,"{'datetime': 'бүген', 'weather/attribute': 'кул чатырны'}","{'condition_temperature': 'cold', 'datetime': '', 'location': '', 'weather/attribute': ''}"
test_149,Минем хәтерләтүне күрсәт,reminder/show_reminders,weather/find,False,0.9177,False,False,False,{'reference': 'Минем'},{'condition_description': 'хәтер'}
test_150,Минем бөтен хәтерләтүләрне күрсәт,reminder/show_reminders,SearchCreativeWork,False,0.9708,False,False,False,{'reference': 'Минем бөтен'},{'object_type': 'хәтерләтүләр'}
test_151,Дүшәмбе көнне эт ризыгы турында хәтерләтү куй,reminder/set_reminder,weather/find,False,0.8207,False,False,False,"{'datetime': 'Дүшәмбе', 'reminder/todo': 'эт ризыгы'}","{'condition_description': 'дереси', 'datetime': 'көнөк'}"
test_152,"Иртәгегә ""Сишәмбе кичендә Балада Саб йога дәресенә язылырга "" хәтерләтүне куй",reminder/set_reminder,SearchCreativeWork,False,0.9657,False,False,False,"{'datetime': 'Иртәгегә', 'reminder/todo': 'Сишәмбе кичендә Балада Саб йога дәресенә язылырга'}","{'object_name': 'Сишәмбе кичендә Балада Саб йога дәресенә язылырга', 'object_type': 'painting'}"
test_153,бүгенгегә бөтен искә төшерүләрне бетер,reminder/cancel_reminder,alarm/set_alarm,False,0.9034,False,False,False,"{'datetime': 'бүгенгегә', 'reference': 'бөтен'}","{'datetime': 'бүгенгегә', 'recurring_datetime': 'тошерүләрне', 'reminder/todo': 'бетер'}"
test_154,Бу атнада Нью-Йоркта нинди һава торышы булачак,weather/find,weather/find,True,0.9554,False,False,False,"{'datetime': 'Бу атнада', 'location': 'Нью - Йоркта'}","{'condition_temperature': 'unknown', 'datetime': 'unknown', 'location': 'Нью-Йорк', 'weather/attribute': 'unknown'}"
test_155,пәнҗешәмбе көнне көндез 12-дә табибка баруымны исемә төшер,reminder/set_reminder,BookRestaurant,False,0.9241,False,False,False,"{'datetime': 'пәнҗешәмбе көнне көндез 12-дә', 'reminder/todo': 'табибка баруымны'}","{'datetime': '12-дә', 'facility': 'табибка', 'party_size_description': 'баруымны исемә төшер'}"
test_156,Будильникны кичке 6:50 куй,alarm/set_alarm,alarm/set_alarm,True,0.9272,False,False,False,{'datetime': 'кичке 6:50'},{'datetime': 'six:five zero'}
test_157,Бүген кар булырмы?,weather/find,weather/find,True,0.8052,False,False,False,"{'datetime': 'Бүген', 'weather/attribute': 'кар'}","{'datetime': 'бүгөн', 'location': 'жолу анык'}"
test_158,Нинди будильниклар куелган?,alarm/show_alarms,alarm/show_alarms,True,0.9687,False,False,False,{},"{'datetime': 'unknown', 'reference': 'unknown'}"
test_159,7 октябрьгә искә төшерү будильникны куй,reminder/set_reminder,alarm/set_alarm,False,0.958,False,False,False,{'datetime': '7 октябрьгә'},"{'datetime': '7 октябрьгә', 'recurring_datetime': '', 'reminder/todo': ''}"
test_160,бүген кар булырмы?,weather/find,weather/find,True,0.7985,False,False,False,"{'datetime': 'бүген', 'weather/attribute': 'кар'}","{'datetime': 'бүгөн', 'location': 'жолу анык'}"
test_161,будильникны 15 минутка күчер,alarm/snooze_alarm,alarm/set_alarm,False,0.9505,False,True,False,{'datetime': '15 минутка'},"{'datetime': 'reference', 'recurring_datetime': '15 минутка', 'reminder/todo': 'күчер'}"
test_162,Күпме кар булуын фаразлыйлар?,weather/find,AddToPlaylist,False,0.902,False,False,False,{'weather/attribute': 'кар'},"{'artist': 'Күпме', 'music_item': 'кар', 'playlist': 'булуын'}"
test_163,урамда эссе ме,weather/find,SearchCreativeWork,False,0.9269,False,False,False,"{'location': 'урамда', 'weather/attribute': 'эссе'}",{'object_name': 'эссе'}
test_164,Бүген нинди температура булачак?,weather/find,weather/find,True,0.9505,False,False,False,"{'datetime': 'Бүген', 'weather/attribute': 'температура'}",{'condition_temperature': 'unknown'}
test_165,иртәгә Далласта һава торышы нинди булыр,weather/find,weather/find,True,0.9402,False,False,False,"{'datetime': 'иртәгә', 'location': 'Далласта'}","{'condition_temperature': 'unknown', 'datetime': 'unknown', 'location': 'Далластар', 'weather/attribute': 'unknown'}"
test_166,бүгенгегә минем бөтен искә төшерүләрне күрсәт,reminder/show_reminders,alarm/show_alarms,False,0.8889,False,False,False,"{'datetime': 'бүгенгегә', 'reference': 'минем бөтен'}",{'datetime': 'бүгени'}
test_167,Атна саен продукт сатып алу турында хәтерләтү куй.,reminder/set_reminder,AddToPlaylist,False,0.9161,False,False,False,"{'recurring_datetime': 'Атна саен', 'reminder/todo': 'продукт сатып алу'}","{'artist': 'атна', 'entity_name': 'сaен продукт', 'music_item': 'хәтер', 'playlist': ''}"
test_168,һава торышы,weather/find,weather/find,True,0.9278,False,False,False,{},"{'condition_temperature': 'cold', 'datetime': '', 'location': '', 'weather/attribute': ''}"
test_169,Яңгыр көне буе явыр микән?,weather/find,weather/find,True,0.8985,False,False,False,"{'weather/attribute': 'Яңгыр', 'datetime': 'көне буе'}","{'condition_description': 'яңгыр', 'datetime': 'көне'}"
test_170,Иртәгә яңгыр булырмы?,weather/find,weather/find,True,0.8814,False,False,False,"{'datetime': 'Иртәгә', 'weather/attribute': 'яңгыр'}","{'condition_description': 'булырмы', 'datetime': ''}"
test_171,Бүген кич эш хатларына җавап бирергә исемә төшер,reminder/set_reminder,weather/find,False,0.8979,False,False,False,"{'datetime': 'Бүген кич', 'reminder/todo': 'эш хатларына җавап бирергә'}","{'datetime': 'бүгени', 'location': '', 'condition_description': ''}"
test_172,Будильникларны бетер,alarm/cancel_alarm,alarm/set_alarm,False,0.972,False,False,False,{},"{'datetime': '', 'recurring_datetime': '', 'reference': ''}"
test_173,Минем будильникларны бетер,alarm/cancel_alarm,alarm/show_alarms,False,0.9331,False,False,False,{'reference': 'Минем'},{'datetime': 'MINEM'}
test_174,Мин бүген шортыны кия аламмы?,weather/find,weather/find,True,0.8807,False,False,False,"{'datetime': 'бүген', 'weather/attribute': 'шортыны'}","{'datetime': 'мин бүгөн', 'location': 'не уа'}"
test_175,Иртәгә яңгыр булырмы?,weather/find,weather/find,True,0.8814,False,False,False,"{'datetime': 'Иртәгә', 'weather/attribute': 'яңгыр'}","{'condition_description': 'булырмы', 'datetime': ''}"
test_176,Будильникны иртәнге 10 куй,alarm/set_alarm,alarm/set_alarm,True,0.8913,False,False,False,{'datetime': 'иртәнге 10'},"{'datetime': 'иртәнге', 'recurring_datetime': 'не повторяется'}"
test_177,бу атнада яңгыр булырмы,weather/find,alarm/set_alarm,False,0.9142,False,False,False,"{'datetime': 'бу атнада', 'weather/attribute': 'яңгыр'}","{'datetime': 'атнада', 'recurring_datetime': 'бүгөн'}"
test_178,бөтен хәтерләтүләрне күрсәт,reminder/show_reminders,SearchCreativeWork,False,0.9794,False,False,False,{'reference': 'бөтен'},{'object_type': 'хәтер'}
test_179,будильникларны бетер,alarm/cancel_alarm,alarm/show_alarms,False,0.9528,False,False,False,{},"{'datetime': 'unknown', 'reference': 'unknown'}"
test_180,бөтен будильникларны сүндер,alarm/cancel_alarm,alarm/set_alarm,False,0.9441,False,False,False,{'reference': 'бөтен'},"{'datetime': '', 'recurring_datetime': '', 'reminder/todo': 'setting reminders'}"
test_181,бөтен будильник настройкаларын күрсәт,alarm/show_alarms,alarm/show_alarms,True,0.9524,False,False,False,{'reference': 'бөтен'},"{'datetime': 'unknown', 'reference': 'show_alarms'}"
test_182,Будильникны егерме минут саен куй,alarm/set_alarm,alarm/set_alarm,True,0.9296,False,False,False,{'recurring_datetime': 'егерме минут саен'},"{'datetime': 'minutes before', 'recurring_datetime': 'null', 'reminder/todo': 'null'}"
test_183,Минем нинди искә төшерүләрем бар?,reminder/show_reminders,SearchCreativeWork,False,0.9199,False,False,False,{'reference': 'Минем'},"{'object_type': 'нинди', 'object_name': 'Минем'}"
test_184,иртәгегә будильникны бетер,alarm/cancel_alarm,alarm/set_alarm,False,0.9404,False,False,False,{'datetime': 'иртәгегә'},"{'datetime': '', 'recurring_datetime': '', 'reminder/todo': ''}"
test_185,бүген миңа зонтик кирәкме?,weather/find,none,False,0.8228,True,False,False,"{'datetime': 'бүген', 'weather/attribute': 'зонтик'}",{}
test_186,бүген кар булырмы?,weather/find,weather/find,True,0.7985,False,False,False,"{'datetime': 'бүген', 'weather/attribute': 'кар'}","{'datetime': 'бүгөн', 'location': 'жолу анык'}"
test_187,Бүген кич минем әнигә шалтыратырга искә төшер,reminder/set_reminder,weather/find,False,0.9267,False,False,False,"{'datetime': 'Бүген кич', 'reminder/todo': 'минем әнигә шалтыратырга'}","{'datetime': '', 'location': '', 'condition_description': ''}"
test_188,Бүген яңгыр булырмы?,weather/find,weather/find,True,0.8801,False,False,False,"{'datetime': 'Бүген', 'weather/attribute': 'яңгыр'}","{'condition_description': 'бүгөн', 'datetime': 'бүгөн'}"
test_189,Шимбә көнне яңгыр булырмы?,weather/find,weather/find,True,0.9394,False,False,False,"{'datetime': 'Шимбә', 'weather/attribute': 'яңгыр'}","{'condition_temperature': 'unknown', 'datetime': 'unknown', 'location': 'unknown', 'weather/attribute': 'unknown'}"
test_190,Будильникны һәр минут саен 20 минутка куясынмы?,alarm/set_alarm,alarm/set_alarm,True,0.9306,False,False,False,{'recurring_datetime': 'һәр минут саен 20 минутка'},"{'datetime': 'reference', 'recurring_datetime': '20 минутка куясын', 'reminder/todo': 'саен 20 минутка куясын'}"
test_191,Кариб бассейнында тропик давыллар,weather/find,weather/find,True,0.9638,False,False,False,"{'location': 'Кариб', 'weather/attribute': 'тропик давыллар'}","{'condition_description': 'тропик давыллар', 'location': 'Кариб бассейн'}"
test_192,барлык будильникларны бетер,alarm/cancel_alarm,alarm/set_alarm,False,0.974,False,False,False,{'reference': 'барлык'},"{'datetime': '', 'recurring_datetime': '', 'reference': ''}"
test_193,Будильникны тугыз минут саен куй,alarm/set_alarm,alarm/set_alarm,True,0.9441,False,False,False,{'recurring_datetime': 'тугыз минут саен'},"{'datetime': 'reference', 'recurring_datetime': '', 'reminder/todo': ''}"
test_194,Минем исемлектән соңгы ике хәтерләтүне бетер,reminder/cancel_reminder,alarm/set_alarm,False,0.9218,False,False,False,{'reference': 'соңгы ике'},"{'datetime': 'минем исемлектән соңгы', 'recurring_datetime': 'бетер'}"
test_195,бүген һава торышы нинди,weather/find,weather/find,True,0.9312,False,False,False,{'datetime': 'бүген'},"{'condition_temperature': 'unknown', 'datetime': 'unknown', 'location': 'unknown', 'weather/attribute': 'unknown'}"
test_196,минем будильнигымны кабыз,alarm/set_alarm,alarm/set_alarm,True,0.9092,False,False,False,{'reference': 'минем'},"{'datetime': 'минем будильнигымны кабыз', 'reminder/todo': 'будильнигымны кабыз'}"
test_197,Бүген һаваның дымлылыгы нинди?,weather/find,weather/find,True,0.9278,False,False,False,"{'datetime': 'Бүген', 'weather/attribute': 'һаваның дымлылыгы'}","{'datetime': 'бүгөн', 'location': '', 'condition_temperature': ''}"
test_198,миңа торыр өчен будильникны куерга исемә төшер,reminder/set_reminder,none,False,0.8706,True,False,False,{'reminder/todo': 'миңа торыр өчен будильникны куерга'},{}
test_199,Бу ял көннәрендә кар явырмы?,weather/find,weather/find,True,0.8441,False,False,False,"{'datetime': 'Бу ял көннәрендә', 'weather/attribute': 'кар'}","{'condition_description': 'кара', 'datetime': 'көнөнө'}"
test_200,Бүген никадәр эссе булачак?,weather/find,SearchCreativeWork,False,0.9821,False,False,False,"{'datetime': 'Бүген', 'weather/attribute': 'эссе'}",{'object_type': 'essay'}
test_201,Минем будильнигым нинди вакытка куелган,alarm/show_alarms,alarm/set_alarm,False,0.9633,False,False,False,{'reference': 'Минем'},"{'datetime': 'минем будильнигым нинди вакытка куелган', 'recurring_datetime': ''}"
test_202,Бүген һава торышы нинди?,weather/find,weather/find,True,0.8751,False,False,False,{'datetime': 'Бүген'},"{'datetime': 'бүгөн', 'location': 'не'}"
test_203,Иртәгә яңгыр явармы?,weather/find,weather/find,True,0.9507,False,False,False,"{'datetime': 'Иртәгә', 'weather/attribute': 'яңгыр'}","{'condition_temperature': 'unknown', 'datetime': 'unknown', 'location': 'unknown', 'weather/attribute': 'unknown'}"
test_204,Сишәмбе көнне иртәнге 5:15 минем будильнигымны бетер,alarm/cancel_alarm,alarm/set_alarm,False,0.9175,False,False,False,"{'datetime': 'Сишәмбе көнне иртәнге 5:15', 'reference': 'минем'}","{'datetime': 'betegin 5:15', 'recurring_datetime': ''}"
test_205,бүгенге уен турында искәртүне бетер,reminder/cancel_reminder,weather/find,False,0.8168,False,False,False,"{'datetime': 'бүгенге', 'reminder/todo': 'уен'}","{'datetime': 'бүгени', 'condition_temperature': 'турунда', 'condition_description': 'iskeртеңе'}"
test_206,будильникны иртәнге көндезге 3-ке куй,alarm/set_alarm,alarm/set_alarm,True,0.9623,False,False,False,{'datetime': 'көндезге 3-ке'},"{'datetime': 'иртәнге', 'recurring_datetime': '3-ке куй', 'reminder/todo': ''}"
test_207,шимбә көнне бөтен будильникларны бетер,alarm/cancel_alarm,reminder/show_reminders,False,0.8871,False,False,False,"{'datetime': 'шимбә көнне', 'reference': 'бөтен'}","{'datetime': 'reference', 'reference': 'reminder'}"
test_208,Миңа Лизаны алу турында искәртү кирәк,reminder/set_reminder,SearchCreativeWork,False,0.9223,False,False,False,{'reminder/todo': 'Лизаны алу'},{'object_type': 'турында искәртү кирәк'}
test_209,Бүген нинди югары температура?,weather/find,weather/find,True,0.871,False,False,False,"{'datetime': 'Бүген', 'weather/attribute': 'югары'}","{'datetime': 'бүгени', 'condition_temperature': 'жарык'}"
test_210,Бүген Гринстоунда болытлы булырмы?,weather/find,SearchCreativeWork,False,0.9403,False,False,False,"{'datetime': 'Бүген', 'location': 'Гринстоунда', 'weather/attribute': 'болытлы'}",{'object_type': 'book'}
test_211,Соңрак искә төшер,reminder/set_reminder,weather/find,False,0.9372,False,False,False,{'datetime': 'Соңрак'},"{'datetime': 'соңрак', 'location': ''}"
test_212,бүген франциядә нинди һава торышы,weather/find,weather/find,True,0.8976,False,False,False,"{'datetime': 'бүген', 'location': 'франциядә'}","{'condition_temperature': 'unknown', 'datetime': 'бүгөн', 'location': 'франция', 'weather/attribute': 'unknown'}"
test_213,Шимбә кичәсендә кояшлы булырмы?,weather/find,weather/find,True,0.8034,False,False,False,"{'datetime': 'Шимбә', 'weather/attribute': 'кояшлы'}","{'condition_description': 'кичәсендә', 'datetime': 'купандың', 'location': 'булырмы'}"
test_214,Иртәгә яңгыр явармы?,weather/find,weather/find,True,0.9507,False,False,False,"{'datetime': 'Иртәгә', 'weather/attribute': 'яңгыр'}","{'condition_temperature': 'unknown', 'datetime': 'unknown', 'location': 'unknown', 'weather/attribute': 'unknown'}"
test_215,Мин бүген шортыны кия аламмы?,weather/find,weather/find,True,0.8807,False,False,False,"{'datetime': 'бүген', 'weather/attribute': 'шортыны'}","{'datetime': 'мин бүгөн', 'location': 'не уа'}"
test_216,Минем искәртүемне күрсәт,reminder/show_reminders,weather/find,False,0.9357,False,False,False,{'reference': 'Минем'},"{'condition_temperature': 'unknown', 'datetime': 'unknown', 'location': 'unknown', 'weather/attribute': 'unknown'}"
test_217,Сентябрьдә уртача һава торышы нинди,weather/find,weather/find,True,0.9386,False,False,False,{'datetime': 'Сентябрьдә'},"{'condition_description': 'уртача', 'datetime': 'Сентябрь', 'location': ''}"
test_218,Бүген салкынмы?,weather/find,weather/find,True,0.846,False,False,False,"{'datetime': 'Бүген', 'weather/attribute': 'салкынмы'}","{'datetime': 'бүгүн', 'location': 'жолумен'}"
test_219,Бөтен искәртүләремне бетер,reminder/cancel_reminder,weather/find,False,0.92,False,False,False,{'reference': 'Бөтен'},"{'condition_temperature': 'unknown', 'datetime': 'unknown', 'location': 'unknown'}"
test_220,монда эссеме?,weather/find,SearchCreativeWork,False,0.9496,False,False,False,{'weather/attribute': 'эссеме'},{'object_name': 'монда эссеме'}
test_221,Ял көннәрендә көндезге 2 будильнигымны куй,alarm/set_alarm,alarm/set_alarm,True,0.9289,False,False,False,{'recurring_datetime': 'Ял көннәрендә көндезге 2'},"{'datetime': 'көннәрен', 'recurring_datetime': '', 'reminder/todo': '2 будиль'}"
test_222,Будильникны иртәнге 2 куй,alarm/set_alarm,alarm/set_alarm,True,0.9383,False,False,False,{'datetime': 'иртәнге 2'},"{'datetime': '2 куй', 'reference': ''}"
test_223,Бүген һаваның дымлылыгы нинди?,weather/find,weather/find,True,0.9278,False,False,False,"{'datetime': 'Бүген', 'weather/attribute': 'һаваның дымлылыгы'}","{'datetime': 'бүгөн', 'location': '', 'condition_temperature': ''}"
test_224,минем бөтен будильникларымны күрсәт,alarm/show_alarms,reminder/show_reminders,False,0.9478,False,False,False,{'reference': 'минем бөтен'},"{'datetime': '', 'reference': 'reminder'}"
test_225,Минем бөтен искәртүләремне күрсәт,reminder/show_reminders,alarm/show_alarms,False,0.9356,False,False,False,{'reference': 'Минем бөтен'},"{'datetime': 'unknown', 'reference': 'unknown'}"
test_226,бөтен будильникларымны бетер,alarm/cancel_alarm,alarm/show_alarms,False,0.9072,False,False,False,{'reference': 'бөтен'},{'datetime': 'beterni'}
test_227,Давыл минем районыма якынлашамы?,weather/find,weather/find,True,0.9201,False,False,False,"{'weather/attribute': 'Давыл', 'location': 'минем районыма'}","{'condition_temperature': 'unknown', 'datetime': 'unknown', 'location': 'unknown', 'weather/attribute': 'unknown'}"
test_228,бүген һава торышы нинди,weather/find,weather/find,True,0.9312,False,False,False,{'datetime': 'бүген'},"{'condition_temperature': 'unknown', 'datetime': 'unknown', 'location': 'unknown', 'weather/attribute': 'unknown'}"
test_229,соңгы искәртүемне бетер,reminder/cancel_reminder,weather/find,False,0.9122,False,False,False,{'reference': 'соңгы'},"{'condition_temperature': 'unknown', 'datetime': 'unknown', 'location': 'unknown'}"
test_230,Будильникка күпме вакыт калды.,alarm/time_left_on_alarm,alarm/set_alarm,False,0.9516,False,True,False,{},"{'datetime': 'вакыт', 'recurring_datetime': ''}"
test_231,Якшәмбе көнне минем бөтен будильникларымны бетер.,alarm/cancel_alarm,alarm/show_alarms,False,0.8938,False,False,False,"{'datetime': 'Якшәмбе көнне', 'reference': 'минем бөтен'}",{'datetime': 'reference'}
test_232,Бүген нихәтле эссе булачак?,weather/find,SearchCreativeWork,False,0.9547,False,False,False,"{'datetime': 'Бүген', 'weather/attribute': 'эссе'}",{'object_type': 'essay'}
test_233,Мин сине иртәгә иртәнге 8:45 яңа будильникны куерга теләр идем,alarm/set_alarm,alarm/set_alarm,True,0.9411,False,False,False,{'datetime': 'иртәгә иртәнге 8:45'},"{'datetime': '8:45', 'recurring_datetime': '', 'reminder/todo': ''}"
test_234,бөтен будильникларны бетер,alarm/cancel_alarm,alarm/show_alarms,False,0.9481,False,False,False,{'reference': 'бөтен'},"{'datetime': 'unknown', 'reference': 'unknown'}"
test_235,Бүген кар явармы?,weather/find,weather/find,True,0.8461,False,False,False,"{'datetime': 'Бүген', 'weather/attribute': 'кар'}","{'datetime': 'бүгүн', 'location': 'жолумен'}"
test_236,миңа бозны алырга искә төшер,reminder/set_reminder,alarm/set_alarm,False,0.9336,False,False,False,{'reminder/todo': 'бозны алырга'},"{'datetime': 'миңа', 'recurring_datetime': 'бозны алырга'}"
test_237,бөтен искәртүләремне күрсәт,reminder/show_reminders,SearchCreativeWork,False,0.908,False,False,False,{'reference': 'бөтен'},{'object_type': 'искәртүләр'}
test_238,бөтен будильникларымны күрсәт,alarm/show_alarms,alarm/show_alarms,True,0.9388,False,False,False,{'reference': 'бөтен'},"{'datetime': 'reference (date/time)', 'reference': 'alarm'}"
test_239,Сан-Францискода һава торышы нинди?,weather/find,weather/find,True,0.9346,False,False,False,{'location': 'Сан - Францискода'},"{'location': 'San Francisco', 'datetime': 'null', 'condition_temperature': 'null', 'condition_description': 'null', 'weather/attribute': 'null'}"
test_240,Бөтен искәртүләремне бетер,reminder/cancel_reminder,weather/find,False,0.92,False,False,False,{'reference': 'Бөтен'},"{'condition_temperature': 'unknown', 'datetime': 'unknown', 'location': 'unknown'}"
test_241,Концерт турында искәртүне бетер,reminder/cancel_reminder,SearchCreativeWork,False,0.9491,False,False,False,{'reminder/todo': 'Концерт'},{'object_type': 'concert tour'}
test_242,Иртәгә иртәнге будильникны бетер,alarm/cancel_alarm,alarm/set_alarm,False,0.9468,False,False,False,{'datetime': 'Иртәгә иртәнге'},"{'datetime': '', 'recurring_datetime': '', 'reminder/todo': ''}"
test_243,бу атнада яңгыр явармы,weather/find,alarm/set_alarm,False,0.9644,False,False,False,"{'datetime': 'бу атнада', 'weather/attribute': 'яңгыр'}","{'datetime': 'атнада', 'recurring_datetime': 'яңгыр', 'reminder/todo': 'явармы'}"
test_244,Гольф уйнау өчен чәршәмбе көнне һава торышы нинди?,weather/find,weather/find,True,0.9216,False,False,False,{'datetime': 'чәршәмбе көнне'},"{'condition_description': 'гольф', 'datetime': 'unknown', 'location': 'unknown'}"
test_245,бөтен будильникларымны күрсәт,alarm/show_alarms,alarm/show_alarms,True,0.9388,False,False,False,{'reference': 'бөтен'},"{'datetime': 'reference (date/time)', 'reference': 'alarm'}"
test_246,бөтен иртәгә будильникларны сүндер,alarm/cancel_alarm,alarm/set_alarm,False,0.9697,False,False,False,"{'reference': 'бөтен', 'datetime': 'иртәгә'}","{'datetime': '', 'recurring_datetime': '', 'reminder/todo': ''}"
test_247,Будильнигымны бүген кичке 5 куй,alarm/set_alarm,alarm/set_alarm,True,0.926,False,False,False,{'datetime': 'бүген кичке 5'},"{'datetime': 'reference', 'recurring_datetime': '', 'reminder/todo': 'бүген кичке 5 куй'}"
test_248,будильнигымны иртәге 7-гә куй,alarm/set_alarm,alarm/set_alarm,True,0.9486,False,False,False,{'datetime': 'иртәге 7-гә'},"{'datetime': '7', 'reference': 'alarm'}"
test_249,Иртәгә кояшлы булырмы?,weather/find,weather/find,True,0.9293,False,False,False,"{'datetime': 'Иртәгә', 'weather/attribute': 'кояшлы'}","{'condition_description': '', 'condition_temperature': ''}"
test_250,бүген нинди эссе булыр,weather/find,SearchCreativeWork,False,0.9744,False,False,False,"{'datetime': 'бүген', 'weather/attribute': 'эссе'}",{'object_type': 'essay'}
test_251,Бир ноль йолдызлар Halo: Ghosts of Onyx,RateBook,BookRestaurant,False,0.9528,False,False,False,"{'rating_value': 'ноль', 'rating_unit': 'йолдызлар', 'object_name': 'Halo: Ghosts of Onyx'}",{'restaurant_name': 'Halo: Ghosts of Onyx'}
test_252,Джой Нило музыкасын кабыз .,PlayMusic,PlayMusic,True,0.9567,False,False,False,{'artist': 'Джой Нило'},"{'artist': 'Джой Нило', 'music_item': 'музыкас'}"
test_253,"Зинһар, миңа 20 Hours in America дип аталган видеоуен таб .",SearchCreativeWork,AddToPlaylist,False,0.9055,False,False,False,"{'object_name': '20 Hours in America', 'object_type': 'видеоуен'}","{'playlist': 'video', 'music_item': '20 Hours in America'}"
test_254,Мин ясаган плейлистымны уйнат,PlayMusic,AddToPlaylist,False,0.8178,False,False,False,{'playlist': 'ясаган'},{'playlist': 'устан кылган плейлистым'}
test_255,Термонтта 9 кешегә урын броньла,BookRestaurant,BookRestaurant,True,0.9337,False,False,False,"{'location': 'Термонтта', 'party_size_number': '9 кешегә'}","{'location': 'Термонтта', 'party_size_number': '9'}"
test_256,Бу көйне Доротиның 80's party плейлистына өстә,AddToPlaylist,AddToPlaylist,True,0.978,False,False,False,"{'music_item': 'көйне', 'reference': 'Доротиның', 'playlist': ""80's party""}","{'playlist': 'плейлистына өстә', 'entity_name': ""Доротиның 80's party""}"
test_257,Last FM-да Эдди Винсонның иң яңа көйен кабыз .,PlayMusic,AddToPlaylist,False,0.9746,False,False,False,"{'service': 'Last FM-да', 'artist': 'Эдди Винсонның', 'sort': 'иң яңа', 'music_item': 'көйен'}","{'artist': 'Эдди Винсон', 'music_item': 'көйен кабыз', 'playlist': 'Last FM'}"
test_258,Небрасканың һава торышын тикшер .,weather/find,weather/find,True,0.9524,False,False,False,{'location': 'Небрасканың'},"{'condition_temperature': 'unknown', 'datetime': 'unknown', 'location': 'unknown', 'weather/attribute': 'unknown'}"
test_259,NC-да хәзер буран бармы ?,weather/find,weather/find,True,0.8979,False,False,True,"{'location': 'NC-да', 'datetime': 'хәзер', 'condition_description': 'буран'}",{'condition_temperature': 'hot'}
test_260,Мин 1998 елгы минионны тыңларга телим .,PlayMusic,AddToPlaylist,False,0.9265,False,False,False,"{'datetime': '1998', 'music_item': 'минионны'}","{'artist': 'Мин', 'music_item': 'минион', 'playlist': 'тыңларга телим'}"
test_261,Миңа Дипсон театрларында A Yiddish World Remembered өчен вакыт кирәк,SearchScreeningEvent,SearchCreativeWork,False,0.9726,False,False,False,"{'location': 'Дипсон театрларында', 'movie_name': 'A Yiddish World Remembered', 'object_type': 'вакыт'}","{'object_type': 'theater', 'object_name': 'A Yiddish World Remembered'}"
test_262,Хәзерге дәреслеккә 6-дан 1 балл бир,RateBook,SearchCreativeWork,False,0.9148,False,False,False,"{'object_select': 'Хәзерге', 'object_type': 'дәреслеккә', 'best_rating': '6-дан', 'rating_value': '1'}","{'object_type': 'lesson', 'object_name': '6-дан 1 бал'}"
test_263,Мэтт Мерфиның көйен Flow Español плейлистына өстә.,AddToPlaylist,AddToPlaylist,True,0.9514,False,False,False,"{'artist': 'Мэтт Мерфиның', 'music_item': 'көйен', 'playlist': 'Flow Español'}","{'playlist': 'Мэтт Мерфиның көйен Flow Español', 'entity_name': 'плейлист'}"
test_264,Мин 3 кешегә 20/05/2025 Техас янындагы судан гастропабын броньларга телим .,BookRestaurant,BookRestaurant,True,0.9249,False,False,True,"{'party_size_number': '3', 'datetime': '20/05/2025', 'location': 'Техас | янындагы', 'cuisine': 'судан', 'restaurant_type': 'гастропабын'}","{'datetime': '20/05/2025', 'location': 'Техас', 'restaurant_name': ' gastronome', 'restaurant_type': 'ресторан'}"
test_265,Син The Approach телесериал таба алмасыңмы,SearchCreativeWork,SearchCreativeWork,True,0.9642,False,False,False,"{'object_name': 'The Approach', 'object_type': 'телесериал'}","{'object_type': 'телесериал', 'object_name': 'The Approach'}"
test_266,Бу хроникага 2 балл бир.,RateBook,RateBook,True,0.9532,False,False,True,"{'object_select': 'Бу', 'object_part_of_series_type': 'хроникага', 'rating_value': '2'}","{'object_name': 'хроникага', 'object_type': 'book', 'best_rating': '5', 'rating_value': '2', 'rating_unit': 'балл'}"
test_267,The American Scene-ка 6-дан 2 йолдыз бир,RateBook,BookRestaurant,False,0.8936,False,False,False,"{'object_name': 'The American Scene-ка', 'best_rating': '6-дан', 'rating_value': '2', 'rating_unit': 'йолдыз'}","{'datetime': '6 дан 2 йолдоз', 'location': 'American Scene', 'party_size_number': '1'}"
test_268,Минем Nação Reggae плейлистына emilie autumn өстә.,AddToPlaylist,AddToPlaylist,True,0.9326,False,False,False,"{'reference': 'Минем', 'playlist': 'Nação Reggae', 'artist': 'emilie autumn'}","{'artist': 'Minem Nação Reggae', 'entity_name': 'плейлистына', 'music_item': 'Emilie Autumn'}"
test_269,Мин Гамбиядәге яһүд ресторанын броньларга телим .,BookRestaurant,BookRestaurant,True,0.9482,False,False,True,"{'location': 'Гамбиядәге', 'cuisine': 'яһүд', 'restaurant_type': 'ресторанын'}","{'location': 'Мин Гамбия', 'restaurant_name': 'ресторан'}"
test_270,Fried chicken restaurant өстәленә заказ бир,BookRestaurant,BookRestaurant,True,0.9321,False,False,True,{'restaurant_name': 'Fried chicken restaurant'},"{'restaurant_name': 'өстәленә заказ бир', 'cuisine': 'Fried chicken'}"
test_271,минем House Afterwork плейлистымна we have a theme song өстә,AddToPlaylist,AddToPlaylist,True,0.9641,False,False,False,"{'reference': 'минем', 'playlist': 'House Afterwork', 'entity_name': 'we have a theme song'}","{'playlist': 'минем House Afterwork плейлистымна', 'entity_name': 'theme song'}"
test_272,2026 елның унтугызынчы октябрендә моннан ерак түгел нинди һава торышы булачак ?,weather/find,weather/find,True,0.8822,False,False,False,"{'datetime': '2026 елның унтугызынчы октябрендә', 'location': 'моннан | ерак түгел'}","{'condition_temperature': 'unknown', 'datetime': 'октябрендə', 'location': '', 'weather/attribute': 'unknown'}"
test_273,Уолденда һава торышы Россия 26/12/2018,weather/find,weather/find,True,0.9543,False,False,False,"{'location': 'Уолденда | Россия', 'datetime': '26/12/2018'}","{'condition_temperature': 'night', 'datetime': '26/12/2018', 'location': 'Россия'}"
test_274,Мин каенана һәм миңа бер елдан соң Buckner ресторанны броньларга телим .,BookRestaurant,BookRestaurant,True,0.9344,False,False,True,"{'party_size_description': 'каенана һәм миңа', 'datetime': 'бер елдан соң', 'location': 'Buckner', 'restaurant_type': 'ресторанны'}","{'datetime': 'мин каенана һәм миңа бер елдан соң', 'restaurant_name': 'Buckner', 'party_size_description': 'бер елдан'}"
test_275,Бу китапка 1 балл бир,RateBook,RateBook,True,0.8999,False,False,False,"{'object_select': 'Бу', 'object_type': 'китапка', 'rating_value': '1'}","{'object_name': 'кутуб', 'object_type': 'китап', 'best_rating': '1', 'rating_unit': 'балл'}"
test_276,бу башкаручыны минем spotlight on country 2016 плейлистына өстә,AddToPlaylist,AddToPlaylist,True,0.927,False,False,False,"{'music_item': 'башкаручыны', 'reference': 'минем', 'playlist': 'spotlight on country 2016'}","{'artist': 'башкаручыны минем', 'playlist': 'плейлистына өстә', 'music_item': 'бу башкаручы'}"
test_277,Син Epic Conditions рәсемен таба алмасыңмы ?,SearchCreativeWork,weather/find,False,0.9037,False,False,False,"{'object_name': 'Epic Conditions', 'object_type': 'рәсемен'}","{'condition_description': 'Син Epic Conditions', 'datetime': None, 'location': None}"
test_278,Iheart-та rich sex уйна,PlayMusic,AddToPlaylist,False,0.9379,False,False,True,"{'service': 'Iheart-та', 'track': 'rich sex'}","{'artist': 'Iheart', 'music_item': 'rich sex', 'playlist': 'уйна'}"
test_279,Bartok the Magnificent иртәнге җидедә башланачакмы ?,SearchScreeningEvent,SearchCreativeWork,False,0.9457,False,False,False,"{'movie_name': 'Bartok the Magnificent', 'datetime': 'иртәнге җидедә'}",{'object_name': 'Bartok the Magnificent'}
test_280,Zvooq-да берәр нәрсә уйна,PlayMusic,weather/find,False,0.9323,False,False,False,{'service': 'Zvooq-да'},"{'condition_temperature': 'hot', 'datetime': '', 'location': '', 'weather/attribute': ''}"
test_281,Миңа Крис Найт музыкасын тыңларга бир,PlayMusic,PlayMusic,True,0.9637,False,False,False,{'artist': 'Крис Найт'},{'artist': 'Крис Найт'}
test_282,Джилл Собул альбомын кабыз,PlayMusic,PlayMusic,True,0.8991,False,False,True,"{'album': 'Джилл Собул', 'music_item': 'альбомын'}","{'artist': 'Джилл', 'datetime': 'undefined', 'music_item': 'альбомын'}"
test_283,The Broken Window дүрт йолдыз бирегез,RateBook,SearchCreativeWork,False,0.9695,False,False,False,"{'object_name': 'The Broken Window', 'rating_value': 'дүрт', 'rating_unit': 'йолдыз'}","{'object_name': 'The Broken Window', 'object_type': 'painting'}"
test_284,Tatra-милли паркында иртәнге 6да һава торышын миңа әйт,weather/find,weather/find,True,0.9098,False,False,False,"{'location': 'Tatra-милли паркында', 'datetime': 'иртәнге 6да'}","{'condition_temperature': 'miyn', 'datetime': '', 'location': 'Tatra-milli park', 'weather/attribute': 'torshy'}"
test_285,"Зинһар, миңа бистродагы өстәлне броньла, анда lorna doone хезмәт итәләр .",BookRestaurant,BookRestaurant,True,0.9563,False,False,True,"{'restaurant_type': 'бистродагы', 'served_dish': 'lorna doone'}","{'datetime': '', 'facility': '', 'location': '', 'party_size_description': '', 'party_size_number': '', 'restaurant_name': 'lorna doone', 'restaurant_type': '', 'served_dish': ''}"
test_286,The Mystery of the Tolling Bell сериалны 4 йолдызга бәялә .,RateBook,SearchCreativeWork,False,0.9429,False,False,True,"{'object_name': 'The Mystery of the Tolling Bell', 'object_part_of_series_type': 'сериалны', 'rating_value': '4', 'rating_unit': 'йолдызга'}","{'object_type': 'serial', 'object_name': 'The Mystery of the Tolling Bell'}"
test_287,Музыка уйнау өчен Groove Shark куллан,PlayMusic,PlayMusic,True,0.9503,False,False,False,{'service': 'Groove Shark'},{'artist': 'Groove Shark'}
test_288,Якындагы кинотеатрда Snowbound күрсәтү графигын тикшер .,SearchScreeningEvent,SearchScreeningEvent,True,0.9285,False,False,True,"{'location': 'Якындагы', 'object_location_type': 'кинотеатрда', 'movie_name': 'Snowbound'}","{'datetime': '', 'location': '', 'movie_name': 'Snowbound', 'object_location_type': 'kinotetheatr', 'object_type': ''}"
test_289,"Зинһар, Zvooq ач",PlayMusic,weather/find,False,0.917,False,False,False,{'service': 'Zvooq'},"{'condition_description': 'ч', 'datetime': ''}"
test_290,1 кешегә урын Меритта Town of Ramsgate броньла,BookRestaurant,BookRestaurant,True,0.8828,False,False,True,"{'party_size_number': '1', 'location': 'Меритта', 'restaurant_name': 'Town of Ramsgate'}","{'restaurant_name': 'Меритта Town of Ramsgate', 'datetime': None, 'party_size_description': None, 'cuisine': None, 'sort': None, 'service': None}"
test_291,I Think I Do кичке 7-дә уйныймы ?,SearchScreeningEvent,SearchCreativeWork,False,0.9602,False,False,False,"{'movie_name': 'I Think I Do', 'datetime': 'кичке 7-дә'}","{'object_name': 'I Think I Do', 'object_type': 'painting'}"
test_292,Custer National Forest кичке җидедә салкынрак булырмы,weather/find,weather/find,True,0.9159,False,False,True,"{'location': 'Custer National Forest', 'datetime': 'кичке җидедә', 'condition_temperature': 'салкынрак'}","{'condition_temperature': 'cold', 'location': 'Custer National Forest'}"
test_293,Мин Youtube-та берәр нәрсә тыңларга телим,PlayMusic,PlayMusic,True,0.8352,False,False,False,{'service': 'Youtube-та'},"{'artist': 'Youtube', 'datetime': 'null', 'music_item': 'Min тыңы'}"
test_294,Difficult Loves уенын эзлә,SearchCreativeWork,SearchCreativeWork,True,0.9466,False,False,False,"{'object_name': 'Difficult Loves', 'object_type': 'уенын'}",{'object_name': 'Difficult Loves'}
test_295,Нинди һава торышы 20 февральгә Bothe-Napa Valley дәүләт паркында ?,weather/find,weather/find,True,0.9536,False,False,False,"{'datetime': '20 февральгә', 'location': 'Bothe-Napa Valley дәүләт паркында'}","{'condition_temperature': '20', 'datetime': '20 февральгә', 'location': 'Bothe-Napa Valley дәүләт паркы'}"
test_296,миңа кинотеатр янындагы The Great Gildersleeve фильмы сессияләре расписаниесен күрсәт,SearchScreeningEvent,SearchCreativeWork,False,0.9054,False,False,True,"{'object_location_type': 'кинотеатр', 'movie_name': 'The Great Gildersleeve', 'object_type': 'расписаниесен'}","{'object_type': 'cinema', 'object_name': 'The Great Gildersleeve'}"
test_297,Миңа Гибслендта һава торышын әйт,weather/find,weather/find,True,0.9584,False,False,False,{'location': 'Гибслендта'},"{'condition_temperature': 'unknown', 'datetime': 'unknown', 'location': 'Гибсленд', 'weather/attribute': 'unknown'}"
test_298,Мин күршедәге кино графигын белә аламмы,SearchScreeningEvent,SearchScreeningEvent,True,0.9723,False,False,False,"{'location': 'күршедәге', 'movie_type': 'кино', 'object_type': 'графигын'}","{'datetime': '', 'location': '', 'movie_name': '', 'movie_type': '', 'object_location_type': '', 'object_type': ''}"
test_299,Soul Music-ка 0 балл бир .,RateBook,RateBook,True,0.9347,False,False,False,"{'object_name': 'Soul Music-ка', 'rating_value': '0'}","{'object_name': 'Soul Music', 'best_rating': '0', 'rating_unit': 'балл', 'rating_value': 'бира'}"
test_300,Сарджентстада татар тавернасында биш кешегә өстәл заказ итегез,BookRestaurant,BookRestaurant,True,0.9362,False,False,True,"{'location': 'Сарджентстада', 'cuisine': 'татар', 'restaurant_type': 'тавернасында', 'party_size_number': 'биш'}","{'party_size_description': 'bish кешегә өстәл', 'restaurant_type': 'татар тавернасы', 'location': 'Сарджентстада'}"
test_301,All Things Must Pass кабыз,PlayMusic,AddToPlaylist,False,0.9635,False,False,True,{'track': 'All Things Must Pass'},"{'artist': 'All Things Must Pass', 'entity_name': 'кабыз', 'music_item': 'song', 'playlist': ''}"
test_302,Кореяда бер сәгатьтән соң нинди яңгыр фаразы булачак,weather/find,weather/find,True,0.9017,False,False,True,"{'location': 'Кореяда', 'datetime': 'бер сәгатьтән соң', 'condition_description': 'яңгыр'}",{'condition_temperature': 'hot'}
test_303,Оклахомада South Street Diner-да 4 кешелек урын броньла,BookRestaurant,BookRestaurant,True,0.9453,False,False,True,"{'location': 'Оклахомада', 'restaurant_name': 'South Street Diner-да', 'party_size_number': '4'}","{'restaurant_name': 'South Street Diner', 'party_size_number': '4'}"
test_304,Netflix-тан музыканы уйнат .,PlayMusic,AddToPlaylist,False,0.9547,False,False,False,{'service': 'Netflix-тан'},"{'artist': 'музыканы', 'playlist': 'Netflix'}"
test_305,Мин Shattered Image-не күрергә телим .,SearchScreeningEvent,SearchCreativeWork,False,0.9519,False,False,False,{'movie_name': 'Shattered Image-не'},"{'object_name': 'Shattered Image', 'object_type': 'painting'}"
test_306,The Sound of One Hand Clapping-ны таб,SearchCreativeWork,SearchCreativeWork,True,0.9755,False,False,False,{'object_name': 'The Sound of One Hand Clapping-ны'},{'object_name': 'The Sound of One Hand Clapping'}
test_307,Wolves Within альбомын эзлә,SearchCreativeWork,AddToPlaylist,False,0.923,False,False,False,"{'object_name': 'Wolves Within', 'object_type': 'альбомын'}","{'music_item': ' Wolves Within ', 'playlist': ' альбомын эзлә '}"
test_308,берәр кинотеатрда We Are Northern Lights күрсәтеләрмә,SearchScreeningEvent,SearchCreativeWork,False,0.9241,False,False,True,"{'object_location_type': 'кинотеатрда', 'movie_name': 'We Are Northern Lights'}","{'object_type': 'screening', 'object_name': 'We Are Northern Lights'}"
test_309,"Безнең кечкенә дөнья почмагы, Гилмор кыз музыкасы минем Иң көлкесе әйберләр футболда плейлистыма өстә.",AddToPlaylist,AddToPlaylist,True,0.9588,False,False,False,"{'entity_name': 'Безнең кечкенә дөнья почмагы , Гилмор кыз музыкасы', 'reference': 'минем', 'playlist': 'Иң көлкесе әйберләр футболда'}","{'artist': 'Гилмор кыз', 'music_item': 'музыка', 'playlist': 'плейлистыма', 'entity_name': 'футболда'}"
test_310,Саутфорд Фолс дәүләт паркында эссе һава торышы фаразы нинди,weather/find,weather/find,True,0.903,False,False,True,"{'location': 'Саутфорд Фолс дәүләт паркында', 'condition_temperature': 'эссе'}","{'condition_description': 'саутфорд фолс', 'datetime': None, 'location': 'эссе һава торышы фаразы нинди'}"
test_311,"Зинһар, миӊа Гана парковкасы белән пиццерия өстәленә заказ бир .",BookRestaurant,BookRestaurant,True,0.9264,False,False,True,"{'location': 'Гана', 'facility': 'парковкасы', 'restaurant_type': 'пиццерия'}","{'restaurant_name': 'пиццерия', 'sort': 'белән пиццерия өстәленә'}"
test_312,Мин җитмешенче еллар саундтрегын тыңларга телим .,PlayMusic,PlayMusic,True,0.8612,False,False,False,"{'datetime': 'җитмешенче', 'music_item': 'саундтрегын'}","{'datetime': 'мин җитмешенче', 'artist': 'өл', 'music_item': 'сaундтрег'}"
test_313,Ике сәгатьтән соң Үзбәкстанда һава торышы,weather/find,weather/find,True,0.8479,False,False,False,"{'datetime': 'Ике сәгатьтән соң', 'location': 'Үзбәкстанда'}","{'condition_description': 'таңыраак', 'datetime': 'сәгатьтән', 'location': 'Үзбекстан'}"
test_314,"Зинһар, миңа Journal of the British Astronomical Association фильмын таб .",SearchCreativeWork,SearchCreativeWork,True,0.9805,False,False,False,"{'object_name': 'Journal of the British Astronomical Association', 'object_type': 'фильмын'}",{'object_type': 'Journal of the British Astronomical Association'}
test_315,"Уордвилл-да, Канзас-та 8 кешелек урын броньла",BookRestaurant,BookRestaurant,True,0.9704,False,False,False,"{'location': 'Уордвилл-да | Канзас-та', 'party_size_number': '8'}","{'location': 'Уордвилл-да, Канзас-та', 'served_dish': '8 кешелек урын'}"
test_316,Нинди һава торышы моннан ерак булачак ?,weather/find,weather/find,True,0.8003,False,False,False,{'location': 'моннан | ерак'},"{'condition_description': 'мороз', 'datetime': 'мөрө'}"
test_317,Ричард Макнамараның яңа җырын Just Smile плейлистыма өстә,AddToPlaylist,AddToPlaylist,True,0.9395,False,False,False,"{'artist': 'Ричард Макнамараның', 'music_item': 'җырын', 'playlist': 'Just Smile'}","{'artist': '', 'entity_name': 'Ричард Макнамара', 'music_item': 'Just Smile', 'playlist': 'йңа җырын', 'reference': ''}"
test_318,монда 1 секундтан соң никадәр салкын булыр,weather/find,alarm/set_alarm,False,0.9579,False,False,True,"{'location': 'монда', 'datetime': '1 секундтан соң', 'condition_temperature': 'салкын'}","{'datetime': 'никадәр салкын булыр', 'recurring_datetime': 'монда 1 секундтан соң'}"
test_319,With You исемле рәсем эзлә,SearchCreativeWork,SearchCreativeWork,True,0.9578,False,False,False,"{'object_name': 'With You', 'object_type': 'рәсем'}",{'object_name': 'исемле рәсем'}
test_320,Deadly Weapons иҗади эшен таб,SearchCreativeWork,SearchCreativeWork,True,0.9137,False,False,False,{'object_name': 'Deadly Weapons'},"{'object_type': 'game', 'object_name': ' deadly weapons '}"
test_321,Ноябрьдә Брукнилда һава торышы нинди булыр ?,weather/find,weather/find,True,0.9295,False,False,False,"{'datetime': 'Ноябрьдә', 'location': 'Брукнилда'}","{'condition_temperature': 'unknown', 'datetime': 'Ноябрьдә', 'location': 'Брукнилда', 'weather/attribute': 'unknown'}"
test_322,Токмач өчен тавернада өстәл броньла,BookRestaurant,BookRestaurant,True,0.9413,False,False,True,"{'served_dish': 'Токмач', 'restaurant_type': 'тавернада'}","{'restaurant_name': 'токмач', 'restaurant_type': 'таверна'}"
test_323,Коста-Рикада нинди һава торышы,weather/find,weather/find,True,0.9674,False,False,False,{'location': 'Коста - Рикада'},"{'condition_temperature': 'unknown', 'datetime': 'unknown', 'location': 'Коста-Рика', 'weather/attribute': 'unknown'}"
test_324,The Two Gladiators уйнымы,SearchScreeningEvent,SearchCreativeWork,False,0.9624,False,False,False,{'movie_name': 'The Two Gladiators'},{'object_name': 'The Two Gladiators'}
test_325,Star Theatres-да нинди фильмнар бар .,SearchScreeningEvent,SearchCreativeWork,False,0.9651,False,False,False,"{'location': 'Star Theatres-да', 'movie_type': 'фильмнар'}",{'object_type': 'film'}
test_326,Зинһар миңа Harry Hood сагасын таба аласызмы ?,SearchCreativeWork,SearchCreativeWork,True,0.9542,False,False,False,"{'object_name': 'Harry Hood', 'object_type': 'сагасын'}",{'object_type': 'movie'}
test_327,бу көйне минем Sleepify плейлистыма өстә,AddToPlaylist,AddToPlaylist,True,0.8929,False,False,False,"{'music_item': 'көйне', 'reference': 'минем', 'playlist': 'Sleepify'}","{'playlist': 'минем плейлистыма', 'entity_name': 'Sleepify', 'music_item': 'SONG', 'artist': 'None', 'sort': 'None'}"
test_328,Any Which Way You Can 15 секундтан соң уйнаячакмы,SearchScreeningEvent,alarm/set_alarm,False,0.9625,False,False,False,"{'movie_name': 'Any Which Way You Can', 'datetime': '15 секундтан соң'}","{'datetime': '15 секундтан соң', 'recurring_datetime': '', 'reminder/todo': ''}"
test_329,E-type музыкасын кабыз .,PlayMusic,PlayMusic,True,0.9002,False,False,False,{'artist': 'E-type'},"{'artist': 'E-type', 'music_item': 'музыкасын кабыз'}"
test_330,Хәзерге китапка бер йолдыз куй,RateBook,SearchCreativeWork,False,0.9359,False,False,False,"{'object_select': 'Хәзерге', 'object_type': 'китапка', 'rating_value': 'бер'}","{'object_name': 'китаб', 'object_type': 'book'}"
test_331,Louis Nelson Delisle-ның Another Passenger уйнат .,PlayMusic,SearchCreativeWork,False,0.979,False,False,True,"{'artist': 'Louis Nelson Delisle-ның', 'album': 'Another Passenger'}","{'object_name': 'Another Passenger', 'object_type': 'painting'}"
test_332,Кайда мин кино графигын таба алам,SearchScreeningEvent,SearchCreativeWork,False,0.9701,False,False,False,{'object_type': 'кино графигын'},{'object_type': 'movie'}
test_333,Эмерадода Сен-Пьер һәм Микелонда 26 сентябрьгә нинди һава торышы,weather/find,weather/find,True,0.9422,False,False,False,"{'location': 'Эмерадода | Сен - Пьер һәм Микелонда', 'datetime': '26 сентябрьгә'}","{'condition_temperature': 'unknown', 'datetime': '26 сентябрьгә', 'location': 'Эмерадода Сен-Пьер һәм Микелонда'}"
test_334,Ted Peters Famous Smoked Fish-та Окфилд янында 17 секундтансын ашарга барык,BookRestaurant,BookRestaurant,True,0.9098,False,False,True,"{'restaurant_name': 'Ted Peters Famous Smoked Fish-та', 'location': 'Окфилд | янында', 'datetime': '17 секундтансын'}","{'datetime': '17 секундтансын ашарга', 'location': 'Окфилд янында', 'served_dish': 'Famous Smoked Fish-та', 'restaurant_name': 'Тед Пэтрес'}"
test_335,миңа Good Morning Sunshine трейлерын таб,SearchCreativeWork,SearchCreativeWork,True,0.9357,False,False,False,"{'object_name': 'Good Morning Sunshine', 'object_type': 'трейлерын'}",{'object_type': 'trailer'}
test_336,Мин Нидерланд Антиль утрауларында 3 кешегә сыра ресторанны броньларга телим .,BookRestaurant,BookRestaurant,True,0.9256,False,False,False,"{'location': 'Нидерланд Антиль утрауларында', 'party_size_number': '3', 'restaurant_type': 'сыра ресторанны'}","{'location': 'Нидерланд Антиль утраулары', 'party_size_number': '3', 'restaurant_name': None}"
test_337,бу хәзерге альбомга 0 йолдыз куй,RateBook,PlayMusic,False,0.8953,False,False,False,"{'object_select': 'бу хәзерге', 'object_type': 'альбомга', 'rating_value': '0', 'rating_unit': 'йолдыз'}","{'datetime': 'unknown', 'artist': 'unknown', 'album': 'йолдыз', 'music_item': 'альбом', 'service': 'unknown'}"
test_338,Монакода Yankee Doodle Coffee Ѕһор-та урын алырга теләр идем,BookRestaurant,BookRestaurant,True,0.9365,False,False,True,"{'location': 'Монакода', 'restaurant_name': 'Yankee Doodle Coffee Ѕһор-та'}","{'location': 'Монакода Ѕһор', 'restaurant_name': 'Yankee Doodle Coffee'}"
test_339,Political punks плейлистыма башкаручыны өстә.,AddToPlaylist,AddToPlaylist,True,0.9537,False,False,False,"{'playlist': 'Political punks', 'music_item': 'башкаручыны'}","{'playlist': 'плеилистыма', 'entity_name': 'башкаручыны өстә'}"
test_340,Дүрт айдан соң Саванида AK-ында салкынрак булырмы,weather/find,weather/find,True,0.9316,False,False,True,"{'datetime': 'Дүрт айдан соң', 'location': 'Саванида | AK-ында', 'condition_temperature': 'салкынрак'}","{'condition_temperature': 'cold', 'datetime': 'Дүрт айдан', 'location': 'Саванида AK'}"
test_341,минем Crash Course плейлистыма Muzika za decu өстә,AddToPlaylist,AddToPlaylist,True,0.9552,False,False,False,"{'reference': 'минем', 'playlist': 'Crash Course', 'entity_name': 'Muzika za decu'}","{'playlist': 'минем Crash Course плейлистыма', 'entity_name': 'Muzika za decu'}"
test_342,Molecular Oncology сагасын эзли аласынмы ?,SearchCreativeWork,SearchCreativeWork,True,0.9487,False,False,False,"{'object_name': 'Molecular Oncology', 'object_type': 'сагасын'}",{'object_type': 'painting'}
test_343,Мин алты кешелек ресторанны Вагстаффта AK-да броньларга телим .,BookRestaurant,BookRestaurant,True,0.921,False,False,False,"{'party_size_number': 'алты', 'restaurant_type': 'ресторанны', 'location': 'Вагстаффта | AK-да'}","{'restaurant_name': 'Вагстаффта', 'sort': 'AK-да броньларга телим'}"
test_344,Дэвид Линдлиның симфоник музыкасын уйнат .,PlayMusic,PlayMusic,True,0.959,False,False,False,"{'artist': 'Дэвид Линдлиның', 'music_item': 'симфоник'}","{'artist': 'Дэвид Линдли', 'music_item': 'симфоник музыкас'}"
test_345,"Зинһар, миңа Now We Are Married телесериалын таб .",SearchCreativeWork,SearchCreativeWork,True,0.9714,False,False,False,"{'object_name': 'Now We Are Married', 'object_type': 'телесериалын'}",{'object_type': 'телесериал'}
test_346,Мин Outcast-ны карарга телим .,SearchScreeningEvent,AddToPlaylist,False,0.9135,False,False,False,{'movie_name': 'Outcast-ны'},"{'artist': 'Min Outcast', 'music_item': 'telim'}"
test_347,минем This Is Tchaikovsky плейлистыма хәзерге трекны өстә,AddToPlaylist,AddToPlaylist,True,0.9559,False,False,False,"{'reference': 'минем', 'playlist': 'This Is Tchaikovsky', 'music_item': 'трекны'}","{'playlist': 'плейлистыма', 'music_item': 'трекны'}"
test_348,Lastfm-да This Is: Miles Davis-ны кабыз .,PlayMusic,AddToPlaylist,False,0.9586,False,False,False,"{'service': 'Lastfm-да', 'playlist': 'This Is: Miles Davis-ны'}","{'artist': 'This Is', 'entity_name': 'Miles Davis', 'music_item': 'kabyz', 'playlist': 'This Is'}"
test_349,Танзаниядә кабымханәдә 5 кешегә иң яхшы өстәлне броньла,BookRestaurant,BookRestaurant,True,0.869,False,False,False,"{'location': 'Танзаниядә', 'restaurant_type': 'кабымханәдә', 'party_size_number': '5', 'sort': 'иң яхшы'}","{'party_size_number': '5', 'datetime': '', 'location': 'Кабымханада', 'served_dish': '', 'restaurant_name': '', 'restaurant_type': 'кабымханасы', 'sort': ''}"
test_350,Әйдә Vimeo-да яхшы элекке Mohammad Mamle тыңлыйк .,PlayMusic,SearchCreativeWork,False,0.9323,False,False,False,"{'service': 'Vimeo-да', 'sort': 'элекке', 'artist': 'Mohammad Mamle'}","{'object_type': 'Vimeo', 'object_name': ' Mohammad Mamle тыңлыйк'}"
test_351,Vandemataram Srinivas трегын HipHop Hot 50-гә куй.,AddToPlaylist,PlayMusic,False,0.9241,False,False,False,"{'artist': 'Vandemataram Srinivas', 'music_item': 'трегын', 'playlist': 'HipHop Hot 50-гә'}","{'artist': 'Vandemataram Srinivas', 'music_item': 'трегын HipHop Hot 50-гә куй.'}"
test_352,Миңа Secret South җырын таб .,SearchCreativeWork,SearchCreativeWork,True,0.9528,False,False,False,"{'object_name': 'Secret South', 'object_type': 'җырын'}","{'object_name': 'Secret South', 'object_type': 'painting'}"
test_353,Zvooq-та туксанынчы еллар җырлары,PlayMusic,weather/find,False,0.8741,False,False,False,"{'service': 'Zvooq-та', 'datetime': 'туксанынчы'}","{'condition_description': 'йоллар', 'datetime': '', 'location': ''}"
test_354,кичке биштән башлап Техаста Admire-да һава торышы нинди,weather/find,weather/find,True,0.924,False,False,False,"{'datetime': 'кичке биштән', 'location': 'Техаста | Admire-да'}","{'condition_temperature': 'unknown', 'datetime': 'unknown', 'location': 'Техас', 'weather/attribute': 'unknown'}"
test_355,Last FM-да берәр нәрсә уйнат,PlayMusic,PlayMusic,True,0.8944,False,False,False,{'service': 'Last FM-да'},"{'datetime': 'reference', 'service': 'Last FM'}"
test_356,Мин якындагы кинотеатрда The Portrait of a Lady карарга телим .,SearchScreeningEvent,SearchCreativeWork,False,0.9155,False,False,True,"{'location': 'якындагы', 'object_location_type': 'кинотеатрда', 'movie_name': 'The Portrait of a Lady'}",{'object_type': 'movie'}
test_357,"Зинһар, миңа Phineas Redux таб .",SearchCreativeWork,SearchCreativeWork,True,0.9616,False,False,False,{'object_name': 'Phineas Redux'},"{'object_name': 'Phineas Redux', 'object_type': 'painting'}"
test_358,Laundry плейлистына 40 cal көйен өстә.,AddToPlaylist,AddToPlaylist,True,0.9239,False,False,False,"{'playlist': 'Laundry', 'artist': '40 cal', 'music_item': 'көйен'}","{'artist': '40 cal', 'entity_name': 'плейлистына', 'music_item': 'song', 'playlist': 'Лаundry', 'sort': 'rating_value'}"
test_359,Itunes-ны ач һәм Ben Burnley Ready To Die-ны уйнат,PlayMusic,AddToPlaylist,False,0.9643,False,False,True,"{'service': 'Itunes-ны', 'artist': 'Ben Burnley', 'album': 'Ready To Die-ны'}","{'artist': 'Ben Burnley', 'music_item': 'Ready To Die', 'playlist': 'Itunes'}"
test_360,5-енче декабрьдә Лихул һәйкәле янында нинди һава торышы булачак ?,weather/find,weather/find,True,0.9094,False,False,False,"{'datetime': '5-енче декабрьдә', 'location': 'Лихул һәйкәле'}","{'datetime': '5-енче декабрьдә', 'location': '', 'condition_description': 'һава торышы'}"
test_361,Якындагы кинотеатрда Sexy Dance 2 расписаниесен күрсәт,SearchScreeningEvent,SearchCreativeWork,False,0.9273,False,False,True,"{'location': 'Якындагы', 'object_location_type': 'кинотеатрда', 'movie_name': 'Sexy Dance 2', 'object_type': 'расписаниесен'}",{'object_type': 'movie'}
test_362,Live at the Kings Center дип аталган җырны таб,SearchCreativeWork,SearchCreativeWork,True,0.9554,False,False,False,"{'object_name': 'Live at the Kings Center', 'object_type': 'җырны'}","{'object_name': 'дип аталган җырны таб', 'object_type': 'painting'}"
test_363,"Тайонкта , Нью-Джерсида нинди һава торышы",weather/find,weather/find,True,0.9572,False,False,False,{'location': 'Тайонкта | Нью - Джерсида'},"{'condition_temperature': 'unknown', 'datetime': 'unknown', 'location': 'Нью-Джерсида', 'weather/attribute': 'unknown'}"
test_364,Мин биш кешелек өстәл Tupelo Honey Cafe-да Нью-Джерсида броньларга телим.,BookRestaurant,BookRestaurant,True,0.9305,False,False,True,"{'party_size_number': 'биш', 'restaurant_name': 'Tupelo Honey Cafe-да', 'location': 'Нью - Джерсида'}","{'datetime': '', 'location': 'Нью-Джерсида', 'party_size_description': '', 'restaurant_name': 'Tupelo Honey Cafe', 'restaurant_type': 'ресторан'}"
test_365,чәй йорта миӊа һәм минем cеңелләремә урын броньла,BookRestaurant,PlayMusic,False,0.9312,False,False,True,"{'restaurant_type': 'чәй йорта', 'party_size_description': 'миӊа һәм минем cеңелләремә'}","{'artist': 'йорта', 'datetime': '', 'genre': '', 'music_item': 'чәй', 'playlist': '', 'service': '', 'sort': ''}"
test_366,16 февральдә Нидерландта эссе булачакмы ?,weather/find,SearchCreativeWork,False,0.9178,False,False,True,"{'datetime': '16 февральдә', 'location': 'Нидерландта', 'condition_temperature': 'эссе'}","{'object_type': 'essay', 'object_name': 'Netherlands', 'datetime': '16 февраль'}"
test_367,Мин jordan rudess-ны Divertido para niños плейлистына өстәргә телим.,AddToPlaylist,AddToPlaylist,True,0.9547,False,False,False,"{'artist': 'jordan rudess-ны', 'playlist': 'Divertido para niños'}","{'artist': 'Min jordan rudess', 'entity_name': 'Divertido para niños', 'playlist': 'плейлистына өстәргә'}"
test_368,In the Company of Cheerful Ladies-ка 6-дан нуль куй,RateBook,SearchCreativeWork,False,0.9725,False,False,False,"{'object_name': 'In the Company of Cheerful Ladies-ка', 'best_rating': '6-дан', 'rating_value': 'нуль'}","{'object_name': 'In the Company of Cheerful Ladies', 'object_type': 'painting'}"
test_369,Миңа иң яхшы бистрода өстәл броньла,BookRestaurant,BookRestaurant,True,0.8976,False,False,False,"{'sort': 'иң яхшы', 'restaurant_type': 'бистрода'}","{'datetime': 'иң яхшы бистрода', 'cuisine': 'бистрода', 'restaurant_name': 'миңа'}"
test_370,Хәзерге дәреслеккә 6-дан 1 куй,RateBook,SearchCreativeWork,False,0.9268,False,False,False,"{'object_select': 'Хәзерге', 'object_type': 'дәреслеккә', 'best_rating': '6-дан', 'rating_value': '1'}","{'object_type': 'lesson', 'object_name': '6-дан 1 куй'}"
test_371,кино вакытлары кайчан,SearchScreeningEvent,SearchScreeningEvent,True,0.9736,False,False,False,{'object_type': 'кино вакытлары'},"{'datetime': '', 'location': '', 'movie_name': '', 'movie_type': '', 'object_location_type': '', 'object_type': ''}"
test_372,Огайода нинди hава торышы булачак ?,weather/find,weather/find,True,0.8904,False,False,False,{'location': 'Огайода'},"{'condition_description': 'огайода нинди', 'datetime': 'торышы булачак'}"
test_373,Бу артистны Showstopper Being Mary Jane плейлистына өстә,AddToPlaylist,AddToPlaylist,True,0.9509,False,False,False,"{'music_item': 'артистны', 'playlist': 'Showstopper Being Mary Jane'}","{'artist': 'Showstopper', 'entity_name': 'Showstopper Being Mary Jane', 'playlist': 'плейлистына өстә'}"
test_374,Балаларыма һәм миңа броньла,BookRestaurant,BookRestaurant,True,0.903,False,False,True,{'party_size_description': 'Балаларыма һәм миңа'},"{'datetime': 'балаларыма', 'party_size_description': 'миңа'}"
test_375,2035 елның 21 августында Сарыкамыш тыюлыгыда нинди һава торышы булачак ?,weather/find,weather/find,True,0.8794,False,False,False,"{'datetime': '2035 елның 21 августында', 'location': 'Сарыкамыш тыюлыгыда'}","{'datetime': '21 агустусу', 'location': 'Сарыкамыш тыюлгу', 'condition_description': 'unknown'}"
test_376,Руфь китапка 6-дан биш балл бир .,RateBook,RateBook,True,0.9362,False,False,False,"{'object_name': 'Руфь китапка', 'best_rating': '6-дан', 'rating_value': 'биш', 'rating_unit': 'балл'}","{'object_name': 'Руфь китапка', 'best_rating': '6', 'rating_unit': 'балл', 'rating_value': 'бир'}"
test_377,Reminiscences of the Anti-Japanese Guerillas хроникасы 6-дан ноль балл рейтинг лаек.,RateBook,SearchCreativeWork,False,0.907,False,False,True,"{'object_name': 'Reminiscences of the Anti-Japanese Guerillas', 'object_part_of_series_type': 'хроникасы', 'best_rating': '6-дан', 'rating_value': 'ноль', 'rating_unit': 'балл'}","{'object_type': 'хроника', 'object_name': 'хроникасы 6-дан', 'best_rating': 'ноль балл', 'object_select': 'рейтинг лаек'}"
test_378,Миңа Көньяк Театрларындагы кино графикларын күрсәт,SearchScreeningEvent,SearchCreativeWork,False,0.9261,False,False,False,"{'location': 'Көньяк Театрларындагы', 'object_type': 'кино графикларын'}","{'object_type': 'Theater', 'object_name': 'cinema schedule'}"
test_379,Якындагы кинотеатрда кино графикларын таб,SearchScreeningEvent,SearchCreativeWork,False,0.9177,False,False,False,"{'location': 'Якындагы кинотеатрда', 'object_type': 'кино графикларын'}","{'datetime': None, 'location': None, 'movie_name': None, 'movie_type': None, 'object_location_type': 'cinema', 'object_type': 'movie'}"
test_380,Бу альбом Испан ритмнар плейлистына өстә,AddToPlaylist,PlayMusic,False,0.9344,False,False,False,"{'music_item': 'альбом', 'playlist': 'Испан ритмнар'}","{'artist': 'Испан', 'datetime': '', 'genre': 'Ритм', 'music_item': 'альбом', 'playlist': 'плейлистына өстә'}"
test_381,6 кешегә креол тавернасында Черногориядә броньла,BookRestaurant,BookRestaurant,True,0.8936,False,False,True,"{'party_size_number': '6', 'cuisine': 'креол', 'restaurant_type': 'тавернасында', 'location': 'Черногориядә'}","{'party_size_description': 'крёгель', 'cuisine': 'черногорская', 'location': 'Черногория', 'restaurant_type': 'таверна'}"
test_382,Cathedral сериясенә дүрт йолдыз бир .,RateBook,SearchCreativeWork,False,0.9457,False,False,True,"{'object_name': 'Cathedral', 'object_part_of_series_type': 'сериясенә', 'rating_value': 'дүрт', 'rating_unit': 'йолдыз'}","{'object_type': 'serie', 'object_name': 'дүрт йолдыз'}"
test_383,The Famous Flower of Serving-Men минем кичке акустика плейлистымна өстә.,AddToPlaylist,SearchCreativeWork,False,0.9795,False,False,False,"{'entity_name': 'The Famous Flower of Serving-Men', 'reference': 'минем', 'playlist': 'кичке акустика'}","{'object_name': 'The Famous Flower of Serving-Men', 'object_type': 'painting'}"
test_384,Миңа ArcLight Hollywood кинотеатырында анимацион фильмнарга гына расписаниесене күрсәт,SearchScreeningEvent,SearchCreativeWork,False,0.8735,False,False,False,"{'location': 'ArcLight Hollywood кинотеатырында', 'movie_type': 'анимацион фильмнарга', 'object_type': 'расписаниесене'}","{'object_type': 'movie', 'datetime': 'кинотеатырында анимацион фильмнарга гына'}"
test_385,"Зинһар, Йолдызлы төн рәсемне таб .",SearchCreativeWork,SearchCreativeWork,True,0.9518,False,False,False,"{'object_name': 'Йолдызлы төн', 'object_type': 'рәсемне'}",{'object_type': 'painting'}
test_386,Бу урында 15:19:29 дымлылык нинди булачак ?,weather/find,weather/find,True,0.9841,False,False,True,"{'location': 'Бу урында', 'datetime': '15:19:29', 'condition_description': 'дымлылык'}","{'datetime': '15:19:29', 'location': ''}"
test_387,мин JLA Adventures: Trapped In Time-ны карарга телим,SearchScreeningEvent,SearchCreativeWork,False,0.9488,False,False,False,{'movie_name': 'JLA Adventures: Trapped In Time-ны'},{'object_type': 'painting'}
test_388,This Is Johnny Cash-ка дерек уоткинсныӊ көйен өстә,AddToPlaylist,PlayMusic,False,0.9503,False,False,False,"{'playlist': 'This Is Johnny Cash-ка', 'artist': 'дерек уоткинсныӊ', 'music_item': 'көйен'}","{'artist': 'Дерек Уоткинс', 'music_item': 'Johnny Cash'}"
test_389,Fire in the Hole дип аталган иҗади эш таб,SearchCreativeWork,AddToPlaylist,False,0.9354,False,False,False,{'object_name': 'Fire in the Hole'},"{'artist': 'Fire in the Hole', 'entity_name': 'эш таб', 'music_item': 'song', 'playlist': 'Fire in the Hole'}"
test_390,пэтныӊ колледж янында өстәлне броньла,BookRestaurant,BookRestaurant,True,0.9098,False,False,False,{'location': 'пэтныӊ колледж | янында'},"{'datetime': 'пэтныӊ', 'location': 'колледж янында', 'restaurant_name': 'өстәлне', 'restaurant_type': 'броньла'}"
test_391,Patrick Still Lives AMC кинотеатрларында барамы,SearchScreeningEvent,SearchCreativeWork,False,0.8928,False,False,False,"{'movie_name': 'Patrick Still Lives', 'location': 'AMC кинотеатрларында'}","{'object_type': 'cinema', 'object_name': 'Patrick Still Lives', 'service': 'cinema'}"
test_392,Мин спа массажын броньларга телим .,BookRestaurant,BookRestaurant,True,0.8208,False,False,True,"{'facility': 'спа', 'restaurant_type': 'массажын'}","{'datetime': 'положен', 'facility': 'мин spa массажын'}"
test_393,14 сәгатьтән соң берәр җирдә Кварривиллда өстәл кирәк,BookRestaurant,BookRestaurant,True,0.9718,False,False,False,"{'datetime': '14 сәгатьтән соң', 'location': 'Кварривиллда'}","{'datetime': '14 сәгатьтән соң', 'location': 'Кварривиллда', 'restaurant_name': '', 'served_dish': ''}"
test_394,Гари Ли Коннерны уйнат,PlayMusic,AddToPlaylist,False,0.9129,False,False,False,{'artist': 'Гари Ли Коннерны'},"{'artist': 'Гари Ли Коннерны', 'entity_name': 'уйнат'}"
test_395,иң якын кинотеатрны кайда Boycott-ны күрсәтәләр күрсәт,SearchScreeningEvent,SearchCreativeWork,False,0.95,False,False,True,"{'location': 'иң якын', 'object_location_type': 'кинотеатрны', 'movie_name': 'Boycott-ны'}",{'object_type': 'cinema theater'}
test_396,"Зинһар, минем ecstatic плейлистны кабыз.",PlayMusic,AddToPlaylist,False,0.9256,False,False,False,{'playlist': 'ecstatic'},"{'playlist': ' ecstatic ', 'entity_name': 'плейлист'}"
test_397,"Зинһар, The Mad Magician җырын таб .",SearchCreativeWork,SearchCreativeWork,True,0.9739,False,False,False,"{'object_name': 'The Mad Magician', 'object_type': 'җырын'}",{'object_name': 'The Mad Magician'}
test_398,Bow Tie Cinemas-ның расписаниесен тикшер .,SearchScreeningEvent,SearchCreativeWork,False,0.9674,False,False,False,"{'location': 'Bow Tie Cinemas-ның', 'object_type': 'расписаниесен'}",{'object_type': 'cinemas'}
test_399,Миңа Төньяк Мариан утрауларындагы пабта кичәгә 3 кешелек өстәл броньла,BookRestaurant,BookRestaurant,True,0.8672,False,False,False,"{'location': 'Төньяк Мариан утрауларындагы', 'restaurant_type': 'пабта', 'party_size_number': '3'}","{'party_size_number': '3', 'restaurant_name': 'Миңа Төньяк Мариан утрауларының пабы', 'party_size_description': '3 кешелектен аракент борот'}"
test_400,Миңа Infinite Indie Folk исемлеккә Rahim Shah-ның әсәрләрен өстәргә кирәк,AddToPlaylist,AddToPlaylist,True,0.927,False,False,False,"{'playlist': 'Infinite Indie Folk', 'artist': 'Rahim Shah-ның'}","{'artist': 'Rahim Shah', 'entity_name': 'Infinite Indie Folk', 'music_item': 'song', 'playlist': 'unknown', 'sort': 'unknown'}"
test_401,Минем Te quiero плейлистыма Кече Джерри Каллистны өстә.,AddToPlaylist,AddToPlaylist,True,0.9556,False,False,False,"{'reference': 'Минем', 'playlist': 'Te quiero', 'artist': 'Кече Джерри Каллистны'}","{'artist': 'Кече Джерри', 'playlist': 'плейлистыма', 'music_item': 'Каллистны өстә'}"
test_402,Юта янында төнге 3 сәгать тирәсендә никадәр салкынрак булачак ?,weather/find,weather/find,True,0.9218,False,False,True,"{'location': 'Юта | янында', 'datetime': 'төнге 3 сәгать', 'condition_temperature': 'салкынрак'}","{'condition_description': 'никадәр салкынрак', 'datetime': 'төнге 3 сәгать тирәсе'}"
test_403,Альбомны Hipster Soul плейлистына өстә.,AddToPlaylist,PlayMusic,False,0.9366,False,False,False,"{'music_item': 'Альбомны', 'playlist': 'Hipster Soul'}","{'artist': 'Hipster Soul', 'playlist': 'плейлистына өстә', 'music_item': 'Альбомны'}"
test_404,"Мин унөч сәгатьтән соң деликатес ресторанында ашарга телим, анда көнчыгыш европа ризыклары сатыла",BookRestaurant,BookRestaurant,True,0.9358,False,False,True,"{'datetime': 'унөч сәгатьтән соң', 'restaurant_type': 'деликатес ресторанында', 'cuisine': 'көнчыгыш европа'}","{'datetime': 'мин унөч сәгатьтән соң', 'location': 'деликатес рестораныnda', 'party_size_description': 'ашарга телим', 'served_dish': 'көнчыгыш европа ризычелер'}"
test_405,алтмышынчы еллар саундтрегын кабыз,PlayMusic,weather/find,False,0.9057,False,False,False,"{'datetime': 'алтмышынчы еллар', 'music_item': 'саундтрегын'}",{'condition_temperature': 'cold'}
test_406,Бу альбомга бер йолдыз бир,RateBook,PlayMusic,False,0.9353,False,False,False,"{'object_select': 'Бу', 'object_type': 'альбомга', 'rating_value': 'бер', 'rating_unit': 'йолдыз'}","{'artist': 'йолдыз', 'music_item': 'альбом'}"
test_407,Bryan Macleanның иң олуг музыкасын кабыз .,PlayMusic,PlayMusic,True,0.9499,False,False,False,"{'artist': 'Bryan Macleanның', 'sort': 'иң олуг'}","{'artist': 'Bryan Maclean', 'music_item': 'музыка'}"
test_408,Nicodemus-та һәм аның тирәсендәге һава торышы нинди,weather/find,weather/find,True,0.8883,False,False,False,{'location': 'Nicodemus-та | аның тирәсендәге'},"{'condition_description': 'тирәсендәге', 'datetime': '', 'location': 'Nicodemus', 'weather/attribute': ''}"
test_409,Phinally Phamous дип аталган уен эзлә,SearchCreativeWork,weather/find,False,0.8602,False,False,False,"{'object_name': 'Phinally Phamous', 'object_type': 'уен'}","{'condition_description': 'dale', 'datetime': 'phinally', 'location': 'phamous'}"
test_410,Juneteenth-га 2 балл куй .,RateBook,RateBook,True,0.9582,False,False,False,"{'object_name': 'Juneteenth-га', 'rating_value': '2'}","{'object_name': 'Juneteenth', 'object_type': 'book', 'best_rating': '2', 'rating_unit': 'балл', 'rating_value': '2'}"
test_411,Rhialto the Marvellous-га нуль йолдыз бир,RateBook,SearchCreativeWork,False,0.9135,False,False,False,"{'object_name': 'Rhialto the Marvellous-га', 'rating_value': 'нуль', 'rating_unit': 'йолдыз'}",{'object_type': 'movie'}
test_412,Мин Хелена Ирен Михаэльсенның Youtube-та саундтрегын ишетергә телим,PlayMusic,AddToPlaylist,False,0.9289,False,False,False,"{'artist': 'Мин Хелена Ирен', 'service': 'Youtube-та', 'music_item': 'саундтрегын'}","{'artist': 'Мин Хелена', 'entity_name': 'Ирен Михаэльсен', 'music_item': 'сaундтрег', 'playlist': 'Youtube'}"
test_413,5 кешегә 20/01/2023 MH-да өстәл броньла,BookRestaurant,BookRestaurant,True,0.9534,False,False,False,"{'party_size_number': '5', 'datetime': '20/01/2023', 'location': 'MH-да'}","{'datetime': '20/01/2023', 'party_size_description': '5 кешеге', 'restaurant_type': 'MH'}"
test_414,якындагы анимация фильмнары сессияләре расписаниесе,SearchScreeningEvent,SearchCreativeWork,False,0.9321,False,False,False,"{'location': 'якындагы', 'movie_type': 'анимация фильмнары', 'object_type': 'сессияләре расписаниесе'}",{'object_type': 'film'}
test_415,Минем This Is Shakira плейлистымна jack white-ны өстә,AddToPlaylist,AddToPlaylist,True,0.9611,False,False,False,"{'reference': 'Минем', 'playlist': 'This Is Shakira', 'artist': 'jack white-ны'}","{'entity_name': 'This Is Shakira', 'music_item': 'song', 'playlist': 'плейлистымна', 'artist': 'jack white'}"
test_416,Мин Шри-Ланкада биш кешегә ресторан броньларга телим .,BookRestaurant,BookRestaurant,True,0.9342,False,False,False,"{'location': 'Шри-Ланкада', 'party_size_number': 'биш', 'restaurant_type': 'ресторан'}",{'location': 'Мин Шри-Ланка'}
test_417,"Зинһар, Episodi di The Blacklist телевизион тапшыруын таб .",SearchCreativeWork,SearchCreativeWork,True,0.9727,False,False,False,"{'object_name': 'Episodi di The Blacklist', 'object_type': 'телевизион тапшыруын'}","{'object_type': 'episode', 'object_name': 'The Blacklist'}"
test_418,монда Law Day-нән башлап салкын һава торышы нинди,weather/find,weather/find,True,0.9558,False,False,True,"{'location': 'монда', 'datetime': 'Law Day-нән', 'condition_temperature': 'салкын'}","{'condition_description': 'Law Day', 'datetime': '', 'location': '', 'weather/attribute': ''}"
test_419,Мин ун кешелек өстәленә ресторанда заказ бирергә телим.,BookRestaurant,BookRestaurant,True,0.9199,False,False,False,"{'party_size_number': 'ун', 'restaurant_type': 'ресторанда'}","{'datetime': '', 'location': '', 'party_size_number': '', 'restaurant_name': '', 'restaurant_type': ''}"
test_420,Җитмешенче еллардагы Дюк Эллингтоннан берәр нәрсә уйна,PlayMusic,SearchCreativeWork,False,0.9331,False,False,False,"{'datetime': 'Җитмешенче', 'artist': 'Дюк Эллингтоннан'}","{'object_name': 'Дюк Эллинтон', 'object_type': 'painting'}"
test_421,Cotton Comes to Harlem-ны 2-гә бәялә,RateBook,SearchCreativeWork,False,0.9553,False,False,False,"{'object_name': 'Cotton Comes to Harlem-ны', 'rating_value': '2-гә'}",{'object_type': 'painting'}
test_422,Җырны минем madden nfl 16 плейлистымна өстә,AddToPlaylist,AddToPlaylist,True,0.9262,False,False,False,"{'reference': 'минем', 'playlist': 'madden nfl 16', 'music_item': 'плейлистымна'}","{'artist': 'minem', 'music_item': 'madden nfl 16', 'playlist': 'плейлистым'}"
test_423,Toyan-ны минем Epic Gaming плейлистымна өстә.,AddToPlaylist,AddToPlaylist,True,0.9057,False,False,False,"{'artist': 'Toyan-ны', 'reference': 'минем', 'playlist': 'Epic Gaming'}","{'artist': 'Toyan', 'entity_name': 'minem', 'music_item': 'Epic Gaming', 'playlist': 'плейлистым'}"
test_424,Slacker-да ниндидер яңа Les Vandyke уйнат,PlayMusic,SearchCreativeWork,False,0.9325,False,False,False,"{'service': 'Slacker-да', 'sort': 'яңа', 'artist': 'Les Vandyke'}",{'object_type': 'movie'}
test_425,Three Junes-га 6-дан берге бәялә,RateBook,SearchCreativeWork,False,0.9601,False,False,False,"{'object_name': 'Three Junes-га', 'best_rating': '6-дан', 'rating_value': 'берге'}","{'object_name': 'Junes', 'object_type': 'painting'}"
test_426,Nunez пекарнясында тугыз кешегә өстәл заказ ит,BookRestaurant,BookRestaurant,True,0.9049,False,False,False,"{'location': 'Nunez', 'restaurant_type': 'пекарнясында', 'party_size_number': 'тугыз'}","{'restaurant_name': 'Пекарнясында', 'served_dish': 'тугыз кешегә', 'datetime': '', 'restaurant_type': 'пекарня', 'location': 'Нуэз'}"
test_427,Бу агымдагы романны 6-дан икеге бәялә .,RateBook,SearchCreativeWork,False,0.9306,False,False,False,"{'object_select': 'Бу агымдагы', 'object_type': 'романны', 'best_rating': '6-дан', 'rating_value': 'икеге'}","{'object_type': 'book', 'object_name': '6-дан икеге бәялә'}"
test_428,Ронни Вудның The Happy Blues-ны уйнат .,PlayMusic,SearchCreativeWork,False,0.9792,False,False,True,"{'artist': 'Ронни Вудның', 'album': 'The Happy Blues-ны'}","{'object_name': 'The Happy Blues', 'object_type': 'painting'}"
test_429,2013 елгы симфонияне уйнат .,PlayMusic,SearchCreativeWork,False,0.9514,False,False,False,"{'datetime': '2013 елгы', 'music_item': 'симфонияне'}",{'object_name': '2013 елгы симфонияне уйнат'}
test_430,Jennifer Paull-ның Subconscious Lobotomy-ны уйнат .,PlayMusic,SearchCreativeWork,False,0.9819,False,False,True,"{'artist': 'Jennifer Paull-ның', 'album': 'Subconscious Lobotomy-ны'}","{'object_name': 'Subconscious Lobotomy', 'object_type': 'painting'}"
test_431,The Crystal Snare-га 5 йолдыз бир,RateBook,AddToPlaylist,False,0.8979,False,False,False,"{'object_name': 'The Crystal Snare-га', 'rating_value': '5', 'rating_unit': 'йолдыз'}","{'artist': 'The Crystal Snare', 'music_item': '5 йолдыз', 'playlist': 'value_from_text_not_in_intents'}"
test_432,Бу дәреслеккә нуль йолдыз куй,RateBook,SearchCreativeWork,False,0.914,False,False,False,"{'object_select': 'Бу', 'object_type': 'дәреслеккә', 'rating_value': 'нуль', 'rating_unit': 'йолдыз'}",{'object_type': 'lesson'}
test_433,Агымдагы серияне 4 баллга бәялә,RateBook,RateBook,True,0.9197,False,False,True,"{'object_select': 'Агымдагы', 'object_part_of_series_type': 'серияне', 'rating_value': '4', 'rating_unit': 'баллга'}","{'object_type': 'серияне', 'best_rating': '4', 'object_select': 'Агымдагы', 'object_part_of_series_type': 'бала'}"
test_434,Мин Urbank California-да James D. Conrey House-да өстәл телим,BookRestaurant,SearchCreativeWork,False,0.949,False,False,True,"{'location': 'Urbank | California-да', 'restaurant_name': 'James D. Conrey House-да'}",{'object_type': 'painting'}
test_435,Babar: King of the Elephants уйнымы,SearchScreeningEvent,SearchCreativeWork,False,0.9752,False,False,False,{'movie_name': 'Babar: King of the Elephants'},{'object_name': 'Бabar: King of the Elephants'}
test_436,this is racionais mc's-га җырны өстә,AddToPlaylist,SearchCreativeWork,False,0.9544,False,False,False,"{'playlist': ""this is racionais mc's-га"", 'music_item': 'җырны'}","{'object_name': ""racionals mc's-га җырны өстә"", 'object_type': 'painting'}"
test_437,Хәзерге эссега 6-дан нуль йолдыз куй,RateBook,weather/find,False,0.9135,False,False,False,"{'object_select': 'Хәзерге', 'object_type': 'эссега', 'best_rating': '6-дан', 'rating_value': 'нуль', 'rating_unit': 'йолдыз'}","{'condition_temperature': 'cold', 'datetime': '6', 'location': ''}"
test_438,Әйдә Эндрю Хьюиттан берәр нәрсә тыңлыйк .,PlayMusic,SearchCreativeWork,False,0.9524,False,False,False,{'artist': 'Эндрю Хьюиттан'},{'object_type': 'book'}
test_439,Якында анимация фильмнарын таб,SearchScreeningEvent,SearchCreativeWork,False,0.98,False,False,False,"{'location': 'Якында', 'movie_type': 'анимация фильмнарын'}",{'object_type': 'фильм'}
test_440,хәзерге хроникага 6-дан биш балл бир,RateBook,RateBook,True,0.9204,False,False,True,"{'object_select': 'хәзерге', 'object_part_of_series_type': 'хроникага', 'best_rating': '6-дан', 'rating_value': 'биш', 'rating_unit': 'балл'}","{'object_name': 'хроникага', 'object_type': 'book', 'best_rating': '6', 'rating_unit': 'балл'}"
test_441,Миңа Settha Palace Hotel-да Saint Helena-да 4 кешелек өстәл кирәк,BookRestaurant,BookRestaurant,True,0.959,False,False,True,"{'restaurant_name': 'Settha Palace Hotel-да', 'location': 'Saint Helena-да', 'party_size_number': '4 кешелек'}","{'restaurant_name': 'Settha Palace Hotel', 'location': 'Saint Helena', 'party_size_number': '4'}"
test_442,Изге Патрик көнендә Вирджинияда һава торышы нинди булыр ?,weather/find,weather/find,True,0.9525,False,False,False,"{'datetime': 'Изге Патрик көнендә', 'location': 'Вирджинияда'}","{'condition_temperature': 'unknown', 'datetime': 'unknown', 'location': 'Вирджинияда', 'weather/attribute': 'unknown'}"
test_443,Миңа Speakeasy Theaters киноның вакыт исемлеге кирәк,SearchScreeningEvent,SearchCreativeWork,False,0.9232,False,False,False,"{'location': 'Speakeasy Theaters', 'object_type': 'киноның вакыт'}","{'object_type': 'cinema', 'object_name': 'Speakeasy Theaters', 'datetime': 'киноның вакыт'}"
test_444,Meet the Prince телевизион тапшыруын эзлә,SearchCreativeWork,SearchCreativeWork,True,0.952,False,False,False,"{'object_name': 'Meet the Prince', 'object_type': 'телевизион тапшыруын'}",{'object_type': 'телевизион тапшыруын'}
test_445,"Зинһар, миңа Compulsive Disclosure җырын бир .",SearchCreativeWork,SearchCreativeWork,True,0.9755,False,False,False,"{'object_name': 'Compulsive Disclosure', 'object_type': 'җырын'}","{'object_name': 'Compulsive Disclosure', 'object_type': 'painting'}"
test_446,Zvooq-та Trance Life-ны уйнат .,PlayMusic,PlayMusic,True,0.9091,False,False,False,"{'service': 'Zvooq-та', 'playlist': 'Trance Life-ны'}","{'artist': 'Trance Life', 'music_item': 'Uynta'}"
test_447,"Зинһар, миңа Serious Awesomeness ! эшен таб.",SearchCreativeWork,AddToPlaylist,False,0.9091,False,False,False,{'object_name': 'Serious Awesomeness'},"{'artist': 'Serious Awesomeness', 'entity_name': 'таб'}"
test_448,мин кинотеатрда I Dream of Jeanie-ны карарга телим,SearchScreeningEvent,SearchCreativeWork,False,0.9242,False,False,True,"{'object_location_type': 'кинотеатрда', 'movie_name': 'I Dream of Jeanie-ны'}",{'object_type': 'movie'}
test_449,Пол Маккартни уйнат,PlayMusic,AddToPlaylist,False,0.9748,False,False,False,{'artist': 'Пол Маккартни'},{'artist': 'Пол Маккартни'}
test_450,Хәзерге романны 3 йолдызга бәялә,RateBook,SearchCreativeWork,False,0.9049,False,False,False,"{'object_select': 'Хәзерге', 'object_type': 'романны', 'rating_value': '3', 'rating_unit': 'йолдызга'}","{'object_name': '3 йолы', 'object_type': 'romance novel'}"
test_451,Paris - When It Sizzles китабын таба аласызмы ?,SearchCreativeWork,SearchCreativeWork,True,0.9394,False,False,False,"{'object_name': 'Paris - When It Sizzles', 'object_type': 'китабын'}",{'object_type': 'book'}
test_452,Филипп Киркоровның җитмешенче еллар пьесасын уйнат,PlayMusic,SearchCreativeWork,False,0.9248,False,False,False,"{'artist': 'Филипп Киркоровның', 'datetime': 'җитмешенче'}","{'object_type': 'пьеса', 'object_name': 'Филипп Киркоров'}"
test_453,Киләсе елда мин Пенни янындагы bougatsa ресторанын өч кешегә броньларга телим.,BookRestaurant,BookRestaurant,True,0.9028,False,False,True,"{'datetime': 'Киләсе елда', 'location': 'Пенни | янындагы', 'cuisine': 'bougatsa', 'restaurant_type': 'ресторанын', 'party_size_number': 'өч'}","{'datetime': 'киләсе', 'party_size_description': 'өч кешеге', 'restaurant_name': 'min Penny', 'restaurant_type': 'ресторан', 'served_dish': 'bougatsa'}"
test_454,Тенинода яңгырлар булырмы ?,weather/find,weather/find,True,0.9321,False,False,True,"{'location': 'Тенинода', 'condition_description': 'яңгырлар'}","{'condition_description': 'яңгырлар', 'location': 'Тенинода'}"
test_455,"Зинһар, Three Essays on the Theory of Sexuality шоусын эзлә .",SearchCreativeWork,SearchCreativeWork,True,0.9797,False,False,False,"{'object_name': 'Three Essays on the Theory of Sexuality', 'object_type': 'шоусын'}","{'object_type': 'book', 'object_name': 'Three Essays on the Theory of Sexuality'}"
test_456,Мин Рамонда ашарга телим,BookRestaurant,AddToPlaylist,False,0.8972,False,False,False,{'location': 'Рамонда'},"{'artist': 'Мин Рамонда', 'music_item': 'тели'}"
test_457,Emo Forever плейлистына boy george трегын өстә.,AddToPlaylist,AddToPlaylist,True,0.9421,False,False,False,"{'playlist': 'Emo Forever', 'artist': 'boy george', 'music_item': 'трегын'}","{'playlist': 'boy george трегын өстә', 'entity_name': 'Emo Forever'}"
test_458,Vimy Ridge-да стейк-хаус заказ итәргә телим .,BookRestaurant,BookRestaurant,True,0.925,False,False,False,"{'location': 'Vimy Ridge-да', 'restaurant_type': 'стейк-хаус'}","{'party_size_description': 'Steyk-haus', 'served_dish': 'Vimy Ridge', 'restaurant_type': 'Steakhouse'}"
test_459,Without Witness егерме ике  сәгатьтән соң уйнаячакмы,SearchScreeningEvent,PlayMusic,False,0.9037,False,False,False,"{'movie_name': 'Without Witness', 'datetime': 'егерме ике сәгатьтән соң'}","{'artist': 'Without Witness', 'datetime': 'ике сәгатьтән соң'}"
test_460,9 кешегә урын броньла,BookRestaurant,BookRestaurant,True,0.9245,False,False,False,{'party_size_number': '9'},"{'datetime': '9 кешегә урын', 'restaurant_type': 'урын'}"
test_461,бу трекны минем Hands Up плейлистына өстә,AddToPlaylist,PlayMusic,False,0.933,False,False,False,"{'music_item': 'трекны', 'reference': 'минем', 'playlist': 'Hands Up'}","{'artist': 'Hands Up', 'music_item': 'плейлистына өстә', 'playlist': 'плеерлиста'}"
test_462,90s Pop Rock Essentials-тан берәр нәрсә уйнат,PlayMusic,SearchCreativeWork,False,0.9626,False,False,False,{'playlist': '90s Pop Rock Essentials-тан'},{'object_type': 'painting'}
test_463,Син миңа Blue Spring трейлерын таба аласыңмы ?,SearchCreativeWork,SearchCreativeWork,True,0.938,False,False,False,"{'object_name': 'Blue Spring', 'object_type': 'трейлерын'}",{'object_type': 'trailer'}
test_464,36 Children-га 6-дан ике йолдыз куй,RateBook,BookRestaurant,False,0.9251,False,False,False,"{'object_name': '36 Children-га', 'best_rating': '6-дан', 'rating_value': 'ике', 'rating_unit': 'йолдыз'}","{'datetime': 'Children-га 6-дан', 'party_size_number': '6', 'served_dish': 'йолдыз'}"
test_465,Мин MJR театрында анимацион фильмнарны телим,SearchScreeningEvent,SearchCreativeWork,False,0.9591,False,False,False,"{'location': 'MJR театрында', 'movie_type': 'анимацион фильмнарны'}",{'object_type': 'фильм'}
test_466,Sexy as Folk плейлистына башкаручы mike-ны өстә.,AddToPlaylist,AddToPlaylist,True,0.9373,False,False,False,"{'playlist': 'Sexy as Folk', 'music_item': 'башкаручы', 'artist': 'mike-ны'}","{'playlist': 'башкаручы mike-ны өстә', 'entity_name': 'Sexy as Folk плейлист'}"
test_467,минем this is al green плейлистына Highway Patrolman өстә,AddToPlaylist,AddToPlaylist,True,0.9365,False,False,False,"{'reference': 'минем', 'playlist': 'this is al green', 'entity_name': 'Highway Patrolman'}","{'artist': 'al green', 'entity_name': 'Highway Patrolman', 'playlist': 'минем'}"
test_468,Миңа To Lose My Life исемле романны таб …,SearchCreativeWork,AddToPlaylist,False,0.9518,False,False,False,"{'object_name': 'To Lose My Life', 'object_type': 'романны'}","{'artist': '', 'entity_name': 'To Lose My Life', 'music_item': 'novel', 'playlist': ''}"
test_469,бу альбомны 5-кә бәялә,RateBook,PlayMusic,False,0.9312,False,False,False,"{'object_select': 'бу', 'object_type': 'альбомны', 'rating_value': '5-кә'}","{'artist': '5', 'datetime': None, 'genre': None, 'music_item': 'альбом', 'playlist': None, 'service': None, 'sort': None, 'track': None}"
test_470,Төшке ашта якындагы кинотеатрда Rare Birds күрсәтеләчәк .,SearchScreeningEvent,SearchCreativeWork,False,0.893,False,False,True,"{'datetime': 'Төшке ашта', 'location': 'якындагы', 'object_location_type': 'кинотеатрда', 'movie_name': 'Rare Birds'}",{'object_type': 'movie'}
test_471,The 8-Week Cholesterol Cure-га 6-дан өчкә бәялә .,RateBook,SearchCreativeWork,False,0.9639,False,False,False,"{'object_name': 'The 8-Week Cholesterol Cure-га', 'best_rating': '6-дан', 'rating_value': 'өчкә'}","{'object_type': 'book', 'object_name': '8-Week Cholesterol Cure'}"
test_472,Martin barre-ны минем punk unplugged плейлистыма өстә.,AddToPlaylist,AddToPlaylist,True,0.9405,False,False,False,"{'artist': 'Martin barre-ны', 'reference': 'минем', 'playlist': 'punk unplugged'}","{'artist': 'Martin barre', 'playlist': 'плейлистыма', 'music_item': 'song'}"
test_473,хәзерге романны 6-дан нульгә бәялә,RateBook,SearchCreativeWork,False,0.9193,False,False,False,"{'object_select': 'хәзерге', 'object_type': 'романны', 'best_rating': '6-дан', 'rating_value': 'нульгә'}","{'object_name': 'роман', 'object_type': 'book', 'object_select': '6', 'best_rating': 'нульгә', 'rating_unit': 'бәялә'}"
test_474,Минем кинотеатрда The Young Swordsman нинди вакытта барачак ?,SearchScreeningEvent,SearchScreeningEvent,True,0.9466,False,False,True,"{'object_location_type': 'кинотеатрда', 'movie_name': 'The Young Swordsman', 'object_type': 'вакытта'}","{'datetime': 'value from text', 'location': 'Минем кинотеатр', 'movie_name': 'The Young Swordsman'}"
test_475,Тирә-юньдә нинди фильмнар күрсәтеләр,SearchScreeningEvent,SearchScreeningEvent,True,0.9522,False,False,False,"{'location': 'Тирә-юньдә', 'movie_type': 'фильмнар'}","{'datetime': 'нинди', 'location': '', 'movie_name': '', 'movie_type': '', 'object_location_type': '', 'object_type': ''}"
test_476,Мин North City-дәге Oregon Electric Station броньларга телим .,BookRestaurant,BookRestaurant,True,0.9379,False,False,True,"{'location': 'North City-дәге', 'restaurant_name': 'Oregon Electric Station'}","{'restaurant_name': 'Oregon Electric Station', 'location': 'North City', 'object_type': 'station'}"
test_477,монда төнге сәгать икедә һава торышы нинди,weather/find,weather/find,True,0.7742,False,False,False,"{'location': 'монда', 'datetime': 'төнге сәгать икедә'}","{'condition_description': 'таңыя', 'datetime': 'не'}"
test_478,Wanda Group-ның фильм кестесін таб .,SearchScreeningEvent,SearchCreativeWork,False,0.9551,False,False,False,"{'location': 'Wanda Group-ның', 'object_type': 'фильм кестесін'}",{'object_type': 'film'}
test_479,Самоада Ваурикада нинди һава торышы,weather/find,weather/find,True,0.9519,False,False,False,{'location': 'Самоада | Ваурикада'},"{'condition_temperature': 'unknown', 'datetime': 'unknown', 'location': 'unknown', 'weather/attribute': 'unknown'}"
test_480,Тирә-яктагы фильмнар расписаниесен күрсәт,SearchScreeningEvent,SearchScreeningEvent,True,0.9812,False,False,False,"{'location': 'Тирә-яктагы', 'object_type': 'фильмнар расписаниесен'}","{'datetime': '', 'location': '', 'movie_name': '', 'movie_type': '', 'object_location_type': '', 'object_type': ''}"
test_481,Blues britânico уйнат .,PlayMusic,BookRestaurant,False,0.9707,False,False,True,{'genre': 'Blues britânico'},{'cuisine': 'blues británico'}
test_482,AMC Theaters-да No Time to Be Young күрсәтеләме,SearchScreeningEvent,SearchCreativeWork,False,0.9476,False,False,False,"{'location': 'AMC Theaters-да', 'movie_name': 'No Time to Be Young'}","{'object_type': 'kүрсәтеләме', 'object_name': 'No Time to Be Young'}"
test_483,"Зинһар, миңа Монти Пайтон Голливудта эзлә һәм таб .",SearchCreativeWork,SearchCreativeWork,True,0.9145,False,False,False,{'object_name': 'Монти Пайтон Голливудта'},{'object_type': 'movie'}
test_484,кичке бишкә монда буран аркасында һава торышы нинди,weather/find,weather/find,True,0.9263,False,False,True,"{'datetime': 'кичке бишкә', 'location': 'монда', 'condition_description': 'буран'}","{'condition_temperature': 'unknown', 'datetime': 'unknown', 'location': 'unknown', 'weather/attribute': 'unknown'}"
test_485,Ирландия балалар евровидениеда 2015 минем Jazzy Dinner плейлистына өстә,AddToPlaylist,AddToPlaylist,True,0.9131,False,False,False,"{'entity_name': 'Ирландия балалар евровидениеда 2015', 'reference': 'минем', 'playlist': 'Jazzy Dinner'}","{'playlist': 'Jazzy Dinner', 'entity_name': '2015 евровизия', 'music_item': 'балалар'}"
test_486,Indie Hipster-га җырны өстә,AddToPlaylist,AddToPlaylist,True,0.9458,False,False,False,"{'playlist': 'Indie Hipster-га', 'music_item': 'җырны'}","{'artist': 'Indie Hipster', 'music_item': 'song', 'playlist': 'current'}"
test_487,Син миңа National Anthem of the Ancient Britons телевизион тапшыруын таба аласыңмы ?,SearchCreativeWork,SearchCreativeWork,True,0.9345,False,False,False,"{'object_name': 'National Anthem of the Ancient Britons', 'object_type': 'телевизион тапшыруын'}",{'object_type': 'painting'}
test_488,"travelling плейлистына зинһар, бу Дэвид Гаан җырын өстә .",AddToPlaylist,AddToPlaylist,True,0.9231,False,False,False,"{'playlist': 'travelling', 'artist': 'Дэвид Гаан', 'music_item': 'җырын'}","{'artist': 'Дэвид Гаан', 'entity_name': 'плейлистына зинһар', 'music_item': 'чилі'}"
test_489,Мин аларны Murcof рәссамнан ишетергә телим,PlayMusic,alarm/set_alarm,False,0.9506,False,False,False,"{'music_item': 'аларны', 'artist': 'Murcof'}","{'datetime': 'reference', 'recurring_datetime': '', 'reminder/todo': 'Min аларны Murcof рәссамнан ишетергә телим'}"
test_490,The Gift: Imagination and the Erotic Life of Property-ны биш йолдызга бәялә,RateBook,SearchCreativeWork,False,0.9538,False,False,False,"{'object_name': 'The Gift: Imagination and the Erotic Life of Property-ны', 'rating_value': 'биш', 'rating_unit': 'йолдызга'}",{'object_type': 'book'}
test_491,Миңа Baby Blue дип аталган телевизион тапшыруны таб,SearchCreativeWork,SearchCreativeWork,True,0.8978,False,False,False,"{'object_name': 'Baby Blue', 'object_type': 'телевизион тапшыруны'}",{'object_type': 'tv show'}
test_492,The Girl Who Was Plugged In китабын эзлә,SearchCreativeWork,SearchCreativeWork,True,0.9665,False,False,False,"{'object_name': 'The Girl Who Was Plugged In', 'object_type': 'китабын'}",{'object_name': 'The Girl Who Was Plugged In'}
test_493,филлис уордка һәм вероникага 152 көннән соң ресторанда өстәл кирәк,BookRestaurant,BookRestaurant,True,0.9624,False,False,True,"{'party_size_description': 'филлис уордка һәм вероникага', 'datetime': '152 көннән соң', 'restaurant_type': 'ресторанда'}","{'datetime': '152 көннән соң', 'restaurant_name': 'ресторан', 'party_size_description': 'филлис уордка һәм вероникага'}"
test_494,5 кешелек танылган ресторанны броньла,BookRestaurant,BookRestaurant,True,0.9282,False,False,False,"{'party_size_number': '5', 'sort': 'танылган', 'restaurant_type': 'ресторанны'}","{'party_size_number': '5', 'restaurant_name': 'ресторан'}"
test_495,"Бруклон янында The Dome, Edinburgh отеленда номерны броньла",BookRestaurant,BookRestaurant,True,0.9658,False,False,True,"{'location': 'Бруклон | янында', 'restaurant_name': 'The Dome, Edinburgh'}","{'restaurant_name': 'The Dome', 'location': 'Edinburgh', 'restaurant_type': 'otel'}"
test_496,Бу альбомны Old School Death Metal-га өстә,AddToPlaylist,PlayMusic,False,0.9383,False,False,False,"{'music_item': 'альбомны', 'playlist': 'Old School Death Metal-га'}","{'artist': 'Old School Death Metal', 'music_item': 'альбом'}"
test_497,Jersey Boys телесериалын эзлә,SearchCreativeWork,SearchCreativeWork,True,0.9494,False,False,False,"{'object_name': 'Jersey Boys', 'object_type': 'телесериалын'}",{'object_type': 'телесериалын'}
test_498,Алты ай эчендә Танжер янындагы иң яхшы пабта тугыз кешегә өстәл броньла,BookRestaurant,BookRestaurant,True,0.9028,False,False,False,"{'datetime': 'Алты ай эчендә', 'location': 'Танжер | янындагы', 'sort': 'иң яхшы', 'restaurant_type': 'пабта', 'party_size_number': 'тугыз'}","{'datetime': 'Алты ай эчендә', 'location': 'Танжер', 'restaurant_name': 'паб', 'party_size_description': 'тугыз кешегә өстәл'}"
test_499,Миңа Harkins Theatres-ында фильмларны күрсәт .,SearchScreeningEvent,SearchScreeningEvent,True,0.9463,False,False,False,"{'location': 'Harkins Theatres-ында', 'movie_type': 'фильмларны'}","{'datetime': '', 'location': 'Миңа Harkins Theatres', 'movie_name': '', 'object_location_type': '', 'object_type': 'фильм'}"
test_500,аларның кампусында шул ук райондагы чурраскарияга кичәгә заказ бир,BookRestaurant,alarm/show_alarms,False,0.9418,False,False,False,"{'location': 'аларның кампусында | шул ук райондагы', 'restaurant_type': 'чурраскарияга'}","{'datetime': 'unknown', 'reference': 'чурраскарияга кичәгә заказ'}"
