id,text,true_intent,pred_intent,intent_correct,confidence,weak_by_conf,weak_intent_real,weak_slot_real,true_slots,pred_slots
test_1,барлык хәтерләтүләрне күрсәт,reminder/show_reminders,none,False,0.8777,True,False,False,{'reference': 'барлык'},{}
test_2,Миңа свитер кирәкме?,weather/find,none,False,0.7645,True,False,False,{'weather/attribute': 'свитер'},{}
test_3,Бүген сәгать ун алтыга хәтерләтүне өстә,reminder/set_reminder,reminder/show_reminders,False,0.9499,False,False,False,{'datetime': 'Бүген сәгать ун алтыга'},"{'datetime': 'иртәгә', 'reminder/todo': 'җинаять хезмәте'}"
test_4,Минем хәтерләтүне бетер,reminder/cancel_reminder,reminder/show_reminders,False,0.9735,False,False,False,{'reference': 'Минем'},"{'datetime': 'иртәгә', 'reminder/todo': 'җинаять хезмәте'}"
test_5,Миңа бензин салырга искә төшер.,reminder/set_reminder,BookRestaurant,False,0.8685,False,False,False,{'reminder/todo': 'бензин салырга'},"{'restaurant_name': 'Restaurant A', 'cuisine': 'Italian', 'datetime': '2022-12-15 19:00', 'facility': 'outdoor seating', 'location': 'city center', 'party_size_description': '6 people', 'party_size_number': '6', 'restaurant_type': 'restaurant', 'sort': 'price'}"
test_6,Чәршәмбе көнне миңа кул чатыры кирәкме?,weather/find,greet,False,0.9068,False,False,False,"{'datetime': 'Чәршәмбе', 'weather/attribute': 'кул чатыры'}",{'greeting': 'Чәршәмбе көнне миңа кул чатыры кирәкме?'}
test_7,биш минуттан соң минем будильникны кабатла,alarm/snooze_alarm,alarm/set_alarm,False,0.9777,False,True,False,"{'datetime': 'биш минуттан', 'reference': 'минем'}","{'datetime': 'дата/вакыт', 'recurring_datetime': 'кабатлау расписаниесе', 'reminder/todo': 'нәрсә эшләргә кирәк'}"
test_8,максның туган көне турында искә төшеруне куй,reminder/set_reminder,none,False,0.8014,True,False,False,{'reminder/todo': 'максның туган көне турында искә төшеруне'},{}
test_9,Миңа барлык хәтерләтүләрне күрсәт,reminder/show_reminders,none,False,0.8709,True,False,False,{'reference': 'барлык'},{}
test_10,Барлык будильникларны күрсәт.,alarm/show_alarms,alarm/show_alarms,True,0.9598,False,False,False,{'reference': 'Барлык'},"{'datetime': 'дата/вакыт', 'reference': 'конкрет будильникка күрсәтү'}"
test_11,Бүген яңгыр явар микән?,weather/find,none,False,0.0,True,False,False,"{'datetime': 'Бүген', 'weather/attribute': 'яңгыр'}",{}
test_12,Будильникны иртәнге 8 куй,alarm/set_alarm,alarm/set_alarm,True,0.9502,False,False,False,{'datetime': 'иртәнге 8'},"{'datetime': '8', 'reminder/todo': 'искәртү эчтәлеге: нәрсә эшләргә кирәк'}"
test_13,Бүген температура нинди?,weather/find,weather/find,True,0.9529,False,False,False,"{'datetime': 'Бүген', 'weather/attribute': 'температура'}","{'location': 'урын', 'datetime': 'дата/вакыт'}"
test_14,Минем хәтерләтүне күрсәт,reminder/show_reminders,reminder/show_reminders,True,0.9687,False,False,False,{'reference': 'Минем'},"{'datetime': 'иртәгә', 'reminder/todo': 'җинаять хезмәте'}"
test_15,Барлык будильникларны күрсәт,alarm/show_alarms,alarm/set_alarm,False,0.8567,False,False,False,{'reference': 'Барлык'},"{'datetime': '2022-12-15 08:00', 'recurring_datetime': 'every day', 'reminder/todo': 'Позвонить маме'}"
test_16,Миңа Бен белән Джорджия турында сөйләшергә искә төшер,reminder/set_reminder,BookRestaurant,False,0.8642,False,False,False,{'reminder/todo': 'Бен белән Джорджия турында сөйләшергә'},"{'restaurant_name': 'Georgia', 'cuisine': 'European', 'datetime': '2022-05-15 19:00', 'facility': 'outdoor seating', 'location': 'city center', 'party_size_description': 'large group', 'party_size_number': 10, 'restaurant_type': 'restaurant', 'sort': 'price'}"
test_17,Будильникны иртәнге 5 куй,alarm/set_alarm,alarm/set_alarm,True,0.9571,False,False,False,{'datetime': 'иртәнге 5'},"{'datetime': 'иртәгә', 'reminder/todo': 'будильник кую'}"
test_18,бүген болытлымы,weather/find,reminder/show_reminders,False,0.911,False,False,False,"{'datetime': 'бүген', 'weather/attribute': 'болытлымы'}","{'datetime': 'иртәгә', 'reminder/todo': 'җинаять хезмәте'}"
test_19,Бүген бездә ничә дюйм яңгыры явар?,weather/find,reminder/show_reminders,False,0.9377,False,False,False,"{'datetime': 'Бүген', 'weather/attribute': 'дюйм яңгыры'}","{'datetime': 'иртәгә', 'reminder/todo': 'җинаять хезмәте'}"
test_20,Иртәгә минем апама шалтыратырга искә төшер,reminder/set_reminder,reminder/set_reminder,True,0.9725,False,False,False,"{'datetime': 'Иртәгә', 'reminder/todo': 'минем апама шалтыратырга'}","{'datetime': 'иртәгә', 'reminder/todo': 'минем искәртмәм сәгать ничәдә'}"
test_21,будильникны туктат,alarm/cancel_alarm,alarm/set_alarm,False,0.9795,False,False,False,{},"{'datetime': 'дата/вакыт', 'recurring_datetime': 'кабатлау расписаниесе', 'reminder/todo': 'нәрсә эшләргә кирәк'}"
test_22,Бу атнада кызу булырмы?,weather/find,none,False,0.0,True,False,False,"{'datetime': 'Бу атнада', 'weather/attribute': 'кызу'}",{}
test_23,Будильникны көндезге 3 куй.,alarm/set_alarm,alarm/set_alarm,True,0.9492,False,False,False,{'datetime': 'көндезге 3'},"{'datetime': '3 куй', 'recurring_datetime': 'кабатлау расписаниесе', 'reminder/todo': 'нәрсә эшләргә кирәк'}"
test_24,бүген кар явармы,weather/find,reminder/show_reminders,False,0.9363,False,False,False,"{'datetime': 'бүген', 'weather/attribute': 'кар'}","{'datetime': 'иртәгә', 'reminder/todo': 'җинаять хезмәте'}"
test_25,бөтен будильникларны бетер,alarm/cancel_alarm,alarm/cancel_alarm,True,0.9845,False,False,False,{'reference': 'бөтен'},"{'datetime': 'дата/вакыт', 'reference': 'конкрет будильникка күрсәтү'}"
test_26,Минем хәтерләтүләрне күрсәт,reminder/show_reminders,reminder/show_reminders,True,0.9658,False,False,False,{'reference': 'Минем'},"{'datetime': 'иртәгә', 'reminder/todo': 'җинаять хезмәте'}"
test_27,Будильникка кадәр күпме вакыт калды,alarm/time_left_on_alarm,alarm/set_alarm,False,0.8041,False,True,False,{},"{'datetime': '2022-12-15 08:00', 'recurring_datetime': 'every day', 'reminder/todo': 'уйнату көрәк'}"
test_28,Минем нинди искә төшерүләрем бар?,reminder/show_reminders,reminder/show_reminders,True,0.9494,False,False,False,{'reference': 'Минем'},"{'datetime': 'иртәгә', 'reminder/todo': 'минем'}"
test_29,Будильникны көн саен иртәнге 8 куй,alarm/set_alarm,alarm/set_alarm,True,0.9256,False,False,False,{'recurring_datetime': 'иртәнге 8'},"{'datetime': '8 сай', 'recurring_datetime': 'кабатлау расписаниесе', 'reminder/todo': 'нәрсә эшләргә кирәк'}"
test_30,син миңа будильникларны күрсәтә аласыңмы?,alarm/show_alarms,alarm/show_alarms,True,0.9823,False,False,False,{},{'datetime': 'дата/вакыт'}
test_31,Бүген Диснейуорлдта буран булырмы?,weather/find,SearchCreativeWork,False,0.951,False,False,False,"{'datetime': 'Бүген', 'location': 'Диснейуорлдта', 'weather/attribute': 'буран'}","{'object_name': 'Диснейуорлдт', 'object_type': 'уеннар'}"
test_32,бүген кар явырмы,weather/find,none,False,0.8699,True,False,False,"{'datetime': 'бүген', 'weather/attribute': 'кар'}",{}
test_33,бөтен будильникларны күрсәт,alarm/show_alarms,alarm/set_alarm,False,0.8009,False,False,False,{'reference': 'бөтен'},"{'datetime': '2022-12-15 08:00', 'recurring_datetime': 'every day', 'reminder/todo': 'уйнату көрәк'}"
test_34,Бүген салкынмы?,weather/find,none,False,0.0,True,False,False,"{'datetime': 'Бүген', 'weather/attribute': 'салкынмы'}",{}
test_35,"Зинһар, пәнҗешәмбе иртәсеннән будильникны бетер.",alarm/cancel_alarm,alarm/cancel_alarm,True,0.9205,False,False,False,{'datetime': 'пәнҗешәмбе иртәсеннән'},"{'datetime': 'иртәсен', 'reference': 'будильник'}"
test_36,Бүген яңгыр явырмы?,weather/find,weather/find,True,0.9216,False,False,False,"{'datetime': 'Бүген', 'weather/attribute': 'яңгыр'}","{'location': 'урын', 'datetime': 'дата/вакыт', 'weather/attribute': 'дымлылык'}"
test_37,канадада кар явамы,weather/find,reminder/show_reminders,False,0.9322,False,False,False,"{'location': 'канадада', 'weather/attribute': 'кар явамы'}","{'datetime': 'иртәгә', 'reminder/todo': 'җинаять хезмәте'}"
test_38,Бүген нинди югары температура булачак?,weather/find,weather/find,True,0.9441,False,False,False,"{'datetime': 'Бүген', 'weather/attribute': 'югары температура'}","{'location': 'урын', 'datetime': 'дата/вакыт', 'weather/attribute': 'җил'}"
test_39,"Төнлә шулкадәр кар яуса, сәяхәт куркыныч булырмы?",weather/find,none,False,0.0,True,False,False,"{'datetime': 'Төнлә', 'weather/attribute': 'кар яуса'}",{}
test_40,бөтен хәтерләтүләрне күрсәт,reminder/show_reminders,none,False,0.8722,True,False,False,{'reference': 'бөтен'},{}
test_41,барлык хәтерләтүләрне бетер,reminder/cancel_reminder,reminder/show_reminders,False,0.9388,False,False,False,{'reference': 'барлык'},"{'datetime': 'иртәгә', 'reminder/todo': 'җинаять хезмәте'}"
test_42,миңа иртәгә куртка кирәкме?,weather/find,none,False,0.0,True,False,False,"{'datetime': 'иртәгә', 'weather/attribute': 'куртка'}",{}
test_43,Будильникка кадәр күпме вакыт калды,alarm/time_left_on_alarm,alarm/set_alarm,False,0.8041,False,True,False,{},"{'datetime': '2022-12-15 08:00', 'recurring_datetime': 'every day', 'reminder/todo': 'уйнату көрәк'}"
test_44,Будильникны туктат,alarm/snooze_alarm,alarm/set_alarm,False,0.9738,False,True,False,{},"{'datetime': 'дата/вакыт', 'recurring_datetime': 'кабатлау расписаниесе', 'reminder/todo': 'нәрсә эшләргә кирәк'}"
test_45,Миңа барлык будильникларны күрсәт,alarm/show_alarms,alarm/show_alarms,True,0.983,False,False,False,{'reference': 'барлык'},"{'datetime': 'дата/вакыт', 'reference': 'конкрет будильникка күрсәтү'}"
test_46,Йеллоустонда һава торышы нинди?,weather/find,weather/find,True,0.8907,False,False,False,{'location': 'Йеллоустонда'},"{'location': 'Юллоустон', 'datetime': 'сегодня'}"
test_47,Бүген һава торышы нинди?,weather/find,weather/find,True,0.954,False,False,False,{'datetime': 'Бүген'},"{'location': 'урын', 'datetime': 'дата/вакыт', 'weather/attribute': 'дымлылык'}"
test_48,Иртәгә Патрикны мәктәптән алырга минем искә төшерүдән алып бетер.,reminder/cancel_reminder,reminder/set_reminder,False,0.9531,False,False,False,"{'datetime': 'Иртәгә', 'reminder/todo': 'Патрикны мәктәптән алырга', 'reference': 'минем'}","{'datetime': 'Патрикны мәктәптән алырга', 'reminder/todo': 'минем искә төшерүдән алып бетер'}"
test_49,Миңа иртәгә шул ук вакытта табибка язылырга искә төшер,reminder/set_reminder,reminder/show_reminders,False,0.9528,False,False,False,"{'datetime': 'иртәгә шул ук вакытта', 'reminder/todo': 'табибка язылырга'}","{'datetime': 'иртәгә', 'reminder/todo': 'җинаять хезмәте'}"
test_50,Миңа аренданы түләргә искә төшер,reminder/set_reminder,none,False,0.8788,True,False,False,{'reminder/todo': 'аренданы түләргә'},{}
test_51,яңгыр кайчан бетәчәк?,weather/find,none,False,0.0,True,False,False,{'weather/attribute': 'яңгыр'},{}
test_52,будильникларны бетер,alarm/cancel_alarm,alarm/cancel_alarm,True,0.9862,False,False,False,{},"{'datetime': 'дата/вакыт', 'reference': 'конкрет будильникка күрсәтү'}"
test_53,Сишәмбе көнне миңа Стефанига шалтыратырга искә төшер,reminder/set_reminder,alarm/set_alarm,False,0.8228,False,False,False,"{'datetime': 'Сишәмбе көнне', 'reminder/todo': 'Стефанига шалтыратырга'}","{'datetime': 'сишәмбе көнне', 'recurring_datetime': 'кабатлау расписаниесе: 5 дән әйткән', 'reminder/todo': 'искәртү эчтәлеге: сәгать өчен минем искәртмәм сәгать ничәдә'}"
test_54,барлык минем уяткыч сәгатьләрне күрсәт,alarm/show_alarms,reminder/show_reminders,False,0.95,False,False,False,{'reference': 'барлык минем'},"{'datetime': 'иртәгә', 'reminder/todo': 'җинаять хезмәте'}"
test_55,Бүген никадәр эссе булачак?,weather/find,none,False,0.0,True,False,False,"{'datetime': 'Бүген', 'weather/attribute': 'эссе'}",{}
test_56,будильникны бүген кичке 5 куй,alarm/set_alarm,alarm/snooze_alarm,False,0.9807,False,False,False,{'datetime': 'бүген кичке 5'},{'reference': 'будильникка күрсәтү'}
test_57,21-енче августта көндез 3-тә табибка барырга искә төшер,reminder/set_reminder,alarm/set_alarm,False,0.949,False,False,False,"{'datetime': '21-енче августта көндез 3-тә', 'reminder/todo': 'табибка барырга'}","{'datetime': '21-енче августта көндез', 'recurring_datetime': '3-тә', 'reminder/todo': 'искә төшер'}"
test_58,көн саен иртәнге сәгать 7-дә дарулар эчәргә турында минем искә төшерүне бетер,reminder/cancel_reminder,reminder/show_reminders,False,0.9761,False,False,False,"{'recurring_datetime': 'көн саен иртәнге сәгать 7-дә', 'reminder/todo': 'дарулар эчәргә'}","{'datetime': 'иртәгә', 'reminder/todo': 'минем искәртмәм сәгать ничәдә'}"
test_59,киләсе фараз яңгырны кайчан күрсәтә,weather/find,none,False,0.873,True,False,False,{'weather/attribute': 'яңгырны'},{}
test_60,Иртәгә иртә белән минем будильнигым нинди вакытка куелган?,alarm/show_alarms,alarm/show_alarms,True,0.978,False,False,False,"{'datetime': 'Иртәгә иртә', 'reference': 'минем'}",{'datetime': 'иртә'}
test_61,бүген кар явармы,weather/find,reminder/show_reminders,False,0.9363,False,False,False,"{'datetime': 'бүген', 'weather/attribute': 'кар'}","{'datetime': 'иртәгә', 'reminder/todo': 'җинаять хезмәте'}"
test_62,Минем будильнигымны сүндер.,alarm/cancel_alarm,alarm/cancel_alarm,True,0.9592,False,False,False,{'reference': 'Минем'},"{'datetime': 'иртәгә', 'reference': 'минем'}"
test_63,Барлык будильникларны бетер,alarm/cancel_alarm,alarm/cancel_alarm,True,0.9823,False,False,False,{'reference': 'Барлык'},"{'datetime': 'дата/вакыт', 'reference': 'конкрет будильникка күрсәтү'}"
test_64,миңа продуктларны сатып алырга искә төшер,reminder/set_reminder,none,False,0.8749,True,False,False,{'reminder/todo': 'продуктларны сатып алырга'},{}
test_65,Миңа иртәнге сәгать 9-да иртәнге аш өчен будильник кирәк,alarm/set_alarm,alarm/set_alarm,True,0.934,False,False,False,{'datetime': 'иртәнге сәгать 9-да'},"{'datetime': '9-да иртәнге', 'recurring_datetime': 'кабатлау расписаниесе', 'reminder/todo': 'будильник кирәк'}"
test_66,уен башланганчы бер сәгать алдан Кольтларны карау турында искә төшерүне куй,reminder/set_reminder,show_reminders,False,0.8865,False,False,False,"{'datetime': 'уен башланганчы бер сәгать алдан', 'reminder/todo': 'Кольтларны карау'}",{'datetime': 'иртәгә'}
test_67,барлык будильникларны бетер,alarm/cancel_alarm,alarm/cancel_alarm,True,0.9845,False,False,False,{'reference': 'барлык'},"{'datetime': 'дата/вакыт', 'reference': 'конкрет будильникка күрсәтү'}"
test_68,Бу исемлектән минем өченче искә төшерүне бетер.,reminder/cancel_reminder,none,False,0.0,True,False,False,{'reference': 'минем өченче'},{}
test_69,Будильникны иртәнге 6 куй,alarm/set_alarm,alarm/set_alarm,True,0.9576,False,False,False,{'datetime': 'иртәнге 6'},"{'datetime': 'иртәгә', 'reminder/todo': 'будильник кую'}"
test_70,Бу будильникны хәзердән көндезге 2-гә куй,alarm/cancel_alarm,alarm/set_alarm,False,0.9005,False,False,False,"{'reference': 'Бу', 'datetime': 'хәзердән | көндезге 2-гә'}","{'datetime': '2022-12-31 00:00', 'reminder/todo': 'Нәрсә эшләргә кирәк'}"
test_71,Кар булырмы?,weather/find,none,False,0.0,True,False,False,{'weather/attribute': 'Кар'},{}
test_72,Миңа аренданы түләргә искә төшер.,reminder/set_reminder,none,False,0.8188,True,False,False,{'reminder/todo': 'аренданы түләргә'},{}
test_73,иртәгә нинди иң түбән температура,weather/find,weather/find,True,0.9309,False,False,False,"{'datetime': 'иртәгә', 'weather/attribute': 'иң түбән'}","{'location': 'нинды', 'condition_temperature': 'иң түбән температура'}"
test_74,Бүген кояшлы булырмы?,weather/find,none,False,0.0,True,False,False,"{'datetime': 'Бүген', 'weather/attribute': 'кояшлы'}",{}
test_75,Бүген минем ничә искә төшерүләрем бар?,reminder/show_reminders,reminder/show_reminders,True,0.9603,False,False,False,{'datetime': 'Бүген'},"{'datetime': 'иртәгә', 'reminder/todo': 'җинаять хезмәте'}"
test_76,Минем иртәгә нинди искә төшерүләрем бар?,reminder/show_reminders,reminder/show_reminders,True,0.9795,False,False,False,"{'reference': 'Минем', 'datetime': 'иртәгә'}","{'datetime': 'иртәгә', 'reminder/todo': 'минем искәртмәм сәгать ничәдә'}"
test_77,Минем барлык искә төшерүләремне бетер.,reminder/cancel_reminder,none,False,0.0,True,False,False,{'reference': 'Минем барлык'},{}
test_78,будильникны иртәнге 6-га куй,alarm/set_alarm,alarm/set_alarm,True,0.97,False,False,False,{'datetime': 'иртәнге 6-га'},"{'datetime': 'иртәгә', 'recurring_datetime': 'кабатлау расписаниесе', 'reminder/todo': 'нәрсә эшләргә кирәк'}"
test_79,Будильникны 30 минутка куй,alarm/set_alarm,alarm/set_alarm,True,0.9673,False,False,False,{'datetime': '30 минутка'},"{'datetime': '30 минут', 'recurring_datetime': None, 'reference': None, 'reminder/todo': None}"
test_80,Будильникны бер сәгать алга куй.,alarm/set_alarm,alarm/set_alarm,True,0.9451,False,False,False,{'datetime': 'бер сәгать алга'},"{'datetime': 'иртәгә', 'recurring_datetime': 'кабатлау расписаниесе', 'reminder/todo': 'нәрсә эшләргә кирәк'}"
test_81,барлык будильникларны бетер,alarm/cancel_alarm,alarm/cancel_alarm,True,0.9845,False,False,False,{'reference': 'барлык'},"{'datetime': 'дата/вакыт', 'reference': 'конкрет будильникка күрсәтү'}"
test_82,Лос-Анджелеста һава торышы,weather/find,weather/find,True,0.9655,False,False,False,{'location': 'Лос - Анджелеста'},"{'location': 'Лос-Анджелес', 'datetime': 'сегодня'}"
test_83,бөтен будильникларны бетер,alarm/cancel_alarm,alarm/cancel_alarm,True,0.9845,False,False,False,{'reference': 'бөтен'},"{'datetime': 'дата/вакыт', 'reference': 'конкрет будильникка күрсәтү'}"
test_84,Бүген минем ничә искә төшерүләрем бар?,reminder/show_reminders,reminder/show_reminders,True,0.9603,False,False,False,{'datetime': 'Бүген'},"{'datetime': 'иртәгә', 'reminder/todo': 'җинаять хезмәте'}"
test_85,Миңа иртәгә кибеттә кәгазь сөлгеләр сатып алырга искә төшер,reminder/set_reminder,reminder/show_reminders,False,0.9553,False,False,False,"{'datetime': 'иртәгә', 'reminder/todo': 'кибеттә кәгазь сөлгеләр сатып алырга'}","{'datetime': 'иртәгә', 'reminder/todo': 'җинаять хезмәте'}"
test_86,Миңа минем барлык искә төшерүләремне күрсәт,reminder/show_reminders,reminder/show_reminders,True,0.9534,False,False,False,{'reference': 'минем барлык'},"{'datetime': 'иртәгә', 'reminder/todo': 'җинаять хезмәте'}"
test_87,Будильникны иртәнге 6 куй,alarm/set_alarm,alarm/set_alarm,True,0.9576,False,False,False,{'datetime': 'иртәнге 6'},"{'datetime': 'иртәгә', 'reminder/todo': 'будильник кую'}"
test_88,иртәгә кар булырмы,weather/find,reminder/show_reminders,False,0.9785,False,False,False,"{'datetime': 'иртәгә', 'weather/attribute': 'кар'}","{'datetime': 'иртәгә', 'reminder/todo': 'җинаять хезмәте'}"
test_89,иртәгә минем иртәнге будильникны бетер,alarm/cancel_alarm,alarm/cancel_alarm,True,0.988,False,False,False,"{'datetime': 'иртәгә | иртәнге', 'reference': 'минем'}","{'datetime': 'иртәгә', 'reference': 'минем'}"
test_90,Дүшәмбе көнне төшке ашка будильникны куй.,alarm/set_alarm,alarm/set_alarm,True,0.725,False,False,False,{'recurring_datetime': 'Дүшәмбе көнне төшке ашка'},"{'datetime': '2022-12-31 00:00', 'reminder/todo': 'Көп үзән жаңа жылга үзгәртү'}"
test_91,Бүген никадәр эссе булачак?,weather/find,none,False,0.0,True,False,False,"{'datetime': 'Бүген', 'weather/attribute': 'эссе'}",{}
test_92,иртәнге будильникларны куерга миңа искә төшер,reminder/set_reminder,alarm/set_alarm,False,0.9543,False,False,False,"{'datetime': 'иртәнге', 'reminder/todo': 'будильникларны куерга'}","{'datetime': 'иртәгә', 'reminder/todo': 'будильник кую'}"
test_93,бөтен будильникларны бетер,alarm/cancel_alarm,alarm/cancel_alarm,True,0.9845,False,False,False,{'reference': 'бөтен'},"{'datetime': 'дата/вакыт', 'reference': 'конкрет будильникка күрсәтү'}"
test_94,Минем будильникларымны күрсәт,alarm/show_alarms,alarm/set_alarm,False,0.8919,False,False,False,{'reference': 'Минем'},"{'datetime': '2022-12-31 00:00', 'reminder/todo': 'Минем будильникларымны күрсәт'}"
test_95,будильникны сүндер,alarm/cancel_alarm,alarm/cancel_alarm,True,0.9884,False,False,False,{},"{'datetime': 'дата/вакыт', 'reference': 'конкрет будильникка күрсәтү'}"
test_96,Бүген температура нинди?,weather/find,weather/find,True,0.9529,False,False,False,"{'datetime': 'Бүген', 'weather/attribute': 'температура'}","{'location': 'урын', 'datetime': 'дата/вакыт'}"
test_97,будильникны сүндер,alarm/cancel_alarm,alarm/cancel_alarm,True,0.9884,False,False,False,{},"{'datetime': 'дата/вакыт', 'reference': 'конкрет будильникка күрсәтү'}"
test_98,Барлык будильникларны күрсәт,alarm/show_alarms,alarm/set_alarm,False,0.8567,False,False,False,{'reference': 'Барлык'},"{'datetime': '2022-12-15 08:00', 'recurring_datetime': 'every day', 'reminder/todo': 'Позвонить маме'}"
test_99,Будильникны 30 минут саен куй,alarm/set_alarm,alarm/set_alarm,True,0.9661,False,False,False,{'recurring_datetime': '30 минут саен'},"{'datetime': '30 минут саен', 'recurring_datetime': None, 'reference': None, 'reminder/todo': None}"
test_100,Бүген нинди температура булачак?,weather/find,weather/find,True,0.9461,False,False,False,"{'datetime': 'Бүген', 'weather/attribute': 'температура'}","{'location': 'урын', 'datetime': 'дата/вакыт'}"
test_101,Бүген кызу булырмы?,weather/find,none,False,0.0,True,False,False,"{'datetime': 'Бүген', 'weather/attribute': 'кызу'}",{}
test_102,Иртәгә яңгыр булырмы?,weather/find,weather/find,True,0.9339,False,False,False,"{'datetime': 'Иртәгә', 'weather/attribute': 'яңгыр'}","{'location': 'иртәгә', 'weather/attribute': 'җил'}"
test_103,Киләсе будильникны бетер,alarm/cancel_alarm,alarm/cancel_alarm,True,0.9859,False,False,False,{'reference': 'Киләсе'},"{'datetime': 'дата/вакыт', 'reference': 'конкрет будильникка күрсәтү'}"
test_104,Бүген кибеткә барырга искә төшер,reminder/set_reminder,reminder/show_reminders,False,0.9407,False,False,False,"{'datetime': 'Бүген', 'reminder/todo': 'кибеткә барырга'}","{'datetime': 'иртәгә', 'reminder/todo': 'җинаять хезмәте'}"
test_105,киләсе атнада минем искә төшерүләрне бетер,reminder/cancel_reminder,reminder/show_reminders,False,0.9733,False,False,False,"{'datetime': 'киләсе атнада', 'reference': 'минем'}","{'datetime': 'иртәгә', 'reminder/todo': 'җинаять хезмәте'}"
test_106,миңа сишәмбе көнне көндезге сәгать 3-тә этне грумерга алып барырга исемә төшер,reminder/set_reminder,reminder/show_reminders,False,0.9155,False,False,False,"{'datetime': 'сишәмбе көнне көндезге сәгать 3-тә', 'reminder/todo': 'этне грумерга алып барырга'}",{'datetime': 'миңа сишәмбе көнне көндезге сәгать 3-тә этне'}
test_107,28-енче көнне Дженга годовщинага чәчәкләр сатып алырга исемә төшер.,reminder/set_reminder,reminder/set_reminder,True,0.9532,False,False,False,"{'datetime': '28-енче көнне', 'reminder/todo': 'Дженга годовщинага чәчәкләр сатып алырга'}","{'datetime': '28-енче көнне', 'reminder/todo': 'Чәчәкләр сатып алырга исемә төшер'}"
test_108,Бүген һава торышы нинди?,weather/find,weather/find,True,0.954,False,False,False,{'datetime': 'Бүген'},"{'location': 'урын', 'datetime': 'дата/вакыт', 'weather/attribute': 'дымлылык'}"
test_109,Иртәгә табибка язылырга миңа искә төшер.,reminder/set_reminder,reminder/show_reminders,False,0.896,False,False,False,"{'datetime': 'Иртәгә', 'reminder/todo': 'табибка язылырга'}",{'datetime': 'иртәгә'}
test_110,бөтен будильникларны сүндер,alarm/cancel_alarm,alarm/cancel_alarm,True,0.9865,False,False,False,{'reference': 'бөтен'},"{'datetime': 'дата/вакыт', 'reference': 'конкрет будильникка күрсәтү'}"
test_111,Мин үзем белән дождевикны алыйммы?,weather/find,weather/find,True,0.9022,False,False,False,{'weather/attribute': 'дождевикны'},"{'location': 'мин', 'datetime': 'сегодня', 'weather/attribute': 'дымлылык'}"
test_112,Начар һава торышы фаразы нинди?,weather/find,weather/find,True,0.9569,False,False,False,{'weather/attribute': 'Начар'},"{'location': 'урын', 'datetime': 'дата/вакыт', 'weather/attribute': 'дымлылык'}"
test_113,киләсе атнада табибка язуым турында искә төшер,reminder/set_reminder,none,False,0.8717,True,False,False,"{'datetime': 'киләсе атнада', 'reminder/todo': 'табибка язуым турында'}",{}
test_114,иртәнге 8 кибеткә бару турында искә төшер,reminder/set_reminder,reminder/show_reminders,False,0.9768,False,False,False,"{'datetime': 'иртәнге 8', 'reminder/todo': 'кибеткә бару'}","{'datetime': 'иртәгә', 'reminder/todo': 'җинаять хезмәте'}"
test_115,Химчисткага барырга искә төшерү яса.,reminder/set_reminder,reminder/show_reminders,False,0.8967,False,False,False,{'reminder/todo': 'Химчисткага барырга'},{'datetime': 'иртәгә'}
test_116,кайчан салкынрак булачак,weather/find,reminder/show_reminders,False,0.9171,False,False,False,{'weather/attribute': 'салкынрак'},"{'datetime': 'иртәгә', 'reminder/todo': 'җинаять хезмәте'}"
test_117,бу атнада яңгыр булырмы,weather/find,reminder/show_reminders,False,0.9158,False,False,False,"{'datetime': 'бу атнада', 'weather/attribute': 'яңгыр'}","{'datetime': 'иртәгә', 'reminder/todo': 'җинаять хезмәте'}"
test_118,барлык будильникларны бетер,alarm/cancel_alarm,alarm/cancel_alarm,True,0.9845,False,False,False,{'reference': 'барлык'},"{'datetime': 'дата/вакыт', 'reference': 'конкрет будильникка күрсәтү'}"
test_119,будильникларны бетер,alarm/cancel_alarm,alarm/cancel_alarm,True,0.9862,False,False,False,{},"{'datetime': 'дата/вакыт', 'reference': 'конкрет будильникка күрсәтү'}"
test_120,минем будильникларымны күрсәт,alarm/show_alarms,alarm/set_alarm,False,0.8948,False,False,False,{'reference': 'минем'},"{'datetime': '2022-12-31 00:00', 'recurring_datetime': 'кабатлау расписаниесе', 'reminder/todo': 'минем будильникларымны күрсәт'}"
test_121,Минем будильнигым кайсы вакытка куйган?,alarm/show_alarms,alarm/set_alarm,False,0.9842,False,False,False,{},{'datetime': 'минем будильнигым кайсы вакытка куйган'}
test_122,Шимбә көнне яңгыр булырмы?,weather/find,weather/find,True,0.9476,False,False,False,"{'datetime': 'Шимбә', 'weather/attribute': 'яңгыр'}","{'location': 'урын', 'datetime': 'дата/вакыт', 'weather/attribute': 'дымлылык'}"
test_123,бүген никадәр эссе булачак,weather/find,reminder/show_reminders,False,0.9168,False,False,False,"{'datetime': 'бүген', 'weather/attribute': 'эссе'}","{'datetime': 'иртәгә', 'reminder/todo': 'җинаять хезмәте'}"
test_124,Барлык будильникларны бетер,alarm/cancel_alarm,alarm/cancel_alarm,True,0.9823,False,False,False,{'reference': 'Барлык'},"{'datetime': 'дата/вакыт', 'reference': 'конкрет будильникка күрсәтү'}"
test_125,Бу ял көннәрендә Тахода һава торышы?,weather/find,weather/find,True,0.941,False,False,False,"{'datetime': 'Бу ял көннәрендә', 'location': 'Тахода'}","{'location': 'Тахода', 'datetime': 'дата/вакыт'}"
test_126,Миңа бүген пальто кирәкме?,weather/find,none,False,0.7824,True,False,False,"{'datetime': 'бүген', 'weather/attribute': 'пальто'}",{}
test_127,Яңгыр кайчан туктар?,weather/find,none,False,0.0,True,False,False,{'weather/attribute': 'Яңгыр'},{}
test_128,Дүшәмбе көнне 16:00 сәгатьтә минем мәктәпкә шалтыратырга хәтерләтү куй,reminder/set_reminder,alarm/set_alarm,False,0.9736,False,False,False,"{'datetime': 'Дүшәмбе көнне 16:00 сәгатьтә', 'reminder/todo': 'минем мәктәпкә шалтыратырга'}","{'datetime': '16:00', 'reminder/todo': 'минем мәктәпкә шалтыратырга хәтерләтү куй'}"
test_129,Минем будильнигымны сүндер.,alarm/cancel_alarm,alarm/cancel_alarm,True,0.9592,False,False,False,{'reference': 'Минем'},"{'datetime': 'иртәгә', 'reference': 'минем'}"
test_130,Бүген кич никадәр салкын булыр?,weather/find,none,False,0.0,True,False,False,"{'datetime': 'Бүген кич', 'weather/attribute': 'салкын'}",{}
test_131,Будильникны иртәнге җидегә куй.,alarm/set_alarm,alarm/set_alarm,True,0.9756,False,False,False,{'datetime': 'иртәнге җидегә'},"{'datetime': 'иртәгә', 'reminder/todo': 'җинаять хезмәте'}"
test_132,Минем Робны алу турында хәтерләтүемне бетер,reminder/cancel_reminder,alarm/set_alarm,False,0.9295,False,False,False,"{'reference': 'Минем', 'reminder/todo': 'Робны алу'}","{'datetime': 'иртәгә', 'reminder/todo': 'минем Робны алу турында хәтерләтүемне бетер'}"
test_133,Иртәгә сөт сатып алу турында хәтерләтү яса.,reminder/set_reminder,reminder/show_reminders,False,0.9564,False,False,False,"{'datetime': 'Иртәгә', 'reminder/todo': 'сөт сатып алу'}","{'datetime': 'иртәгә', 'reminder/todo': 'җинаять хезмәте'}"
test_134,Будильникны иртәнге 6 куй,alarm/set_alarm,alarm/set_alarm,True,0.9576,False,False,False,{'datetime': 'иртәнге 6'},"{'datetime': 'иртәгә', 'reminder/todo': 'будильник кую'}"
test_135,"көндәлек будильникны, аны бетергәнче, кичке җиде сәгать утыз минутка планлаштыр",alarm/set_alarm,alarm/cancel_alarm,False,0.9324,False,False,False,{'recurring_datetime': 'көндәлек | кичке җиде сәгать утыз минутка'},"{'datetime': 'иртәгә', 'reference': 'будильникка күрсәтү'}"
test_136,миңа торыр өчен будильникны куерга исемә төшер,reminder/set_reminder,alarm/set_alarm,False,0.8151,False,False,False,{'reminder/todo': 'торыр өчен будильникны куерга'},"{'datetime': '2022-12-15 08:00', 'recurring_datetime': 'every day', 'reminder/todo': 'ушындырма'}"
test_137,Минем хәтерләтүне бетер,reminder/cancel_reminder,reminder/show_reminders,False,0.9735,False,False,False,{'reference': 'Минем'},"{'datetime': 'иртәгә', 'reminder/todo': 'җинаять хезмәте'}"
test_138,Бүген кар булырмы?,weather/find,none,False,0.0,True,False,False,"{'datetime': 'Бүген', 'weather/attribute': 'кар'}",{}
test_139,Миңа бөтен будильникларны күрсәт,alarm/show_alarms,alarm/set_alarm,False,0.8065,False,False,False,{'reference': 'бөтен'},"{'datetime': '2022-12-15 08:00', 'recurring_datetime': 'every day', 'reminder/todo': 'уйнату өйтү'}"
test_140,бөтен хәтерләтүләрне күрсәт,reminder/show_reminders,none,False,0.8722,True,False,False,{'reference': 'бөтен'},{}
test_141,минем будильнигымда күпме вакыт калды,alarm/time_left_on_alarm,alarm/set_alarm,False,0.9596,False,True,False,{'reference': 'минем'},{'datetime': 'минем будильнигымда күпме вакыт калды'}
test_142,будильникны 2 сәгатькә куй,alarm/set_alarm,alarm/set_alarm,True,0.9681,False,False,False,{'datetime': '2 сәгатькә'},"{'datetime': '2 сәгать', 'reminder/todo': 'искәртү эчтәлеге: нәрсә эшләргә кирәк'}"
test_143,Эштән соң икмәк сатып алырга исемә төшер,reminder/set_reminder,none,False,0.0,True,False,False,"{'datetime': 'Эштән соң', 'reminder/todo': 'икмәк сатып алырга'}",{}
test_144,Бүген яңгыр булырмы?,weather/find,weather/find,True,0.9331,False,False,False,"{'datetime': 'Бүген', 'weather/attribute': 'яңгыр'}","{'location': 'урын', 'datetime': 'дата/вакыт', 'weather/attribute': 'дымлылык'}"
test_145,бүгенге һава торышы фаразын укы,weather/find,weather/find,True,0.938,False,False,False,{'datetime': 'бүгенге'},"{'condition_description': 'яңгыр', 'datetime': 'иртәгә', 'location': 'урын', 'weather/attribute': 'дымлылык'}"
test_146,Минем будильнигым нинди вакытка куелган?,alarm/show_alarms,alarm/show_alarms,True,0.9574,False,False,False,{'reference': 'Минем'},{'datetime': 'минем будильнигым'}
test_147,иртәгә 4 миңа сәүдә үзәгенә барырга исемә төшер,reminder/set_reminder,reminder/show_reminders,False,0.974,False,False,False,"{'datetime': 'иртәгә 4', 'reminder/todo': 'сәүдә үзәгенә барырга'}","{'datetime': 'иртәгә', 'reminder/todo': 'җинаять хезмәте'}"
test_148,бүген кул чатырны үзем белән алыйммы,weather/find,reminder/show_reminders,False,0.8946,False,False,False,"{'datetime': 'бүген', 'weather/attribute': 'кул чатырны'}",{'datetime': 'иртәгә'}
test_149,Минем хәтерләтүне күрсәт,reminder/show_reminders,reminder/show_reminders,True,0.9687,False,False,False,{'reference': 'Минем'},"{'datetime': 'иртәгә', 'reminder/todo': 'җинаять хезмәте'}"
test_150,Минем бөтен хәтерләтүләрне күрсәт,reminder/show_reminders,reminder/show_reminders,True,0.9554,False,False,False,{'reference': 'Минем бөтен'},"{'datetime': 'иртәгә', 'reminder/todo': 'җинаять хезмәте'}"
test_151,Дүшәмбе көнне эт ризыгы турында хәтерләтү куй,reminder/set_reminder,reminder/set_reminder,True,0.6614,False,False,False,"{'datetime': 'Дүшәмбе', 'reminder/todo': 'эт ризыгы'}","{'datetime': '2022-12-31 23:59', 'reminder/todo': 'Көп үзән жаңа жылдың балалы күнләргә җырлау'}"
test_152,"Иртәгегә ""Сишәмбе кичендә Балада Саб йога дәресенә язылырга "" хәтерләтүне куй",reminder/set_reminder,PlayMusic,False,0.9371,False,False,False,"{'datetime': 'Иртәгегә', 'reminder/todo': 'Сишәмбе кичендә Балада Саб йога дәресенә язылырга'}","{'music_item': 'Балада Саб', 'datetime': 'Сишәмбе', 'service': 'Spotify'}"
test_153,бүгенгегә бөтен искә төшерүләрне бетер,reminder/cancel_reminder,none,False,0.8696,True,False,False,"{'datetime': 'бүгенгегә', 'reference': 'бөтен'}",{}
test_154,Бу атнада Нью-Йоркта нинди һава торышы булачак,weather/find,weather/find,True,0.9685,False,False,False,"{'datetime': 'Бу атнада', 'location': 'Нью - Йоркта'}","{'location': 'Нью-Йорк', 'datetime': 'сегодня'}"
test_155,пәнҗешәмбе көнне көндез 12-дә табибка баруымны исемә төшер,reminder/set_reminder,none,False,0.7275,True,False,False,"{'datetime': 'пәнҗешәмбе көнне көндез 12-дә', 'reminder/todo': 'табибка баруымны'}",{}
test_156,Будильникны кичке 6:50 куй,alarm/set_alarm,alarm/snooze_alarm,False,0.9841,False,False,False,{'datetime': 'кичке 6:50'},{'datetime': '06:50'}
test_157,Бүген кар булырмы?,weather/find,none,False,0.0,True,False,False,"{'datetime': 'Бүген', 'weather/attribute': 'кар'}",{}
test_158,Нинди будильниклар куелган?,alarm/show_alarms,alarm/show_alarms,True,0.9825,False,False,False,{},{'datetime': 'дата/вакыт'}
test_159,7 октябрьгә искә төшерү будильникны куй,reminder/set_reminder,alarm/set_alarm,False,0.9636,False,False,False,{'datetime': '7 октябрьгә'},"{'datetime': '7 октябрь', 'recurring_datetime': 'кабатлау расписаниесе', 'reminder/todo': 'нәрсә эшләргә кирәк'}"
test_160,бүген кар булырмы?,weather/find,none,False,0.0,True,False,False,"{'datetime': 'бүген', 'weather/attribute': 'кар'}",{}
test_161,будильникны 15 минутка күчер,alarm/snooze_alarm,alarm/set_alarm,False,0.9571,False,True,False,{'datetime': '15 минутка'},"{'datetime': '15 минут', 'recurring_datetime': 'кабатлау расписаниесе', 'reminder/todo': 'нәрсә эшләргә кирәк'}"
test_162,Күпме кар булуын фаразлыйлар?,weather/find,none,False,0.0,True,False,False,{'weather/attribute': 'кар'},{}
test_163,урамда эссе ме,weather/find,none,False,0.8742,True,False,False,"{'location': 'урамда', 'weather/attribute': 'эссе'}",{}
test_164,Бүген нинди температура булачак?,weather/find,weather/find,True,0.9461,False,False,False,"{'datetime': 'Бүген', 'weather/attribute': 'температура'}","{'location': 'урын', 'datetime': 'дата/вакыт'}"
test_165,иртәгә Далласта һава торышы нинди булыр,weather/find,weather/find,True,0.971,False,False,False,"{'datetime': 'иртәгә', 'location': 'Далласта'}","{'location': 'Далласта', 'datetime': 'иртәгә'}"
test_166,бүгенгегә минем бөтен искә төшерүләрне күрсәт,reminder/show_reminders,reminder/show_reminders,True,0.9475,False,False,False,"{'datetime': 'бүгенгегә', 'reference': 'минем бөтен'}","{'datetime': 'иртәгә', 'reminder/todo': 'җинаять хезмәте'}"
test_167,Атна саен продукт сатып алу турында хәтерләтү куй.,reminder/set_reminder,reminder/show_reminders,False,0.895,False,False,False,"{'recurring_datetime': 'Атна саен', 'reminder/todo': 'продукт сатып алу'}",{'datetime': 'иртәгә'}
test_168,һава торышы,weather/find,weather/find,True,0.9427,False,False,False,{},"{'condition_description': 'яңгыр', 'datetime': 'иртәгә', 'location': 'урын', 'weather/attribute': 'дымлылык'}"
test_169,Яңгыр көне буе явыр микән?,weather/find,none,False,0.0,True,False,False,"{'weather/attribute': 'Яңгыр', 'datetime': 'көне буе'}",{}
test_170,Иртәгә яңгыр булырмы?,weather/find,weather/find,True,0.9339,False,False,False,"{'datetime': 'Иртәгә', 'weather/attribute': 'яңгыр'}","{'location': 'иртәгә', 'weather/attribute': 'җил'}"
test_171,Бүген кич эш хатларына җавап бирергә исемә төшер,reminder/set_reminder,reminder/show_reminders,False,0.9481,False,False,False,"{'datetime': 'Бүген кич', 'reminder/todo': 'эш хатларына җавап бирергә'}","{'datetime': 'иртәгә', 'reminder/todo': 'җинаять хезмәте'}"
test_172,Будильникларны бетер,alarm/cancel_alarm,alarm/cancel_alarm,True,0.9852,False,False,False,{},"{'datetime': 'дата/вакыт', 'reference': 'конкрет будильникка күрсәтү'}"
test_173,Минем будильникларны бетер,alarm/cancel_alarm,alarm/cancel_alarm,True,0.9586,False,False,False,{'reference': 'Минем'},"{'datetime': 'минем будильник дата/вакыты', 'reference': 'конкрет будильникка күрсәтү'}"
test_174,Мин бүген шортыны кия аламмы?,weather/find,none,False,0.0,True,False,False,"{'datetime': 'бүген', 'weather/attribute': 'шортыны'}",{}
test_175,Иртәгә яңгыр булырмы?,weather/find,weather/find,True,0.9339,False,False,False,"{'datetime': 'Иртәгә', 'weather/attribute': 'яңгыр'}","{'location': 'иртәгә', 'weather/attribute': 'җил'}"
test_176,Будильникны иртәнге 10 куй,alarm/set_alarm,alarm/set_alarm,True,0.9441,False,False,False,{'datetime': 'иртәнге 10'},"{'datetime': '10', 'reminder/todo': 'искәртү эчтәлеге: нәрсә эшләргә кирәк'}"
test_177,бу атнада яңгыр булырмы,weather/find,reminder/show_reminders,False,0.9158,False,False,False,"{'datetime': 'бу атнада', 'weather/attribute': 'яңгыр'}","{'datetime': 'иртәгә', 'reminder/todo': 'җинаять хезмәте'}"
test_178,бөтен хәтерләтүләрне күрсәт,reminder/show_reminders,none,False,0.8722,True,False,False,{'reference': 'бөтен'},{}
test_179,будильникларны бетер,alarm/cancel_alarm,alarm/cancel_alarm,True,0.9862,False,False,False,{},"{'datetime': 'дата/вакыт', 'reference': 'конкрет будильникка күрсәтү'}"
test_180,бөтен будильникларны сүндер,alarm/cancel_alarm,alarm/cancel_alarm,True,0.9865,False,False,False,{'reference': 'бөтен'},"{'datetime': 'дата/вакыт', 'reference': 'конкрет будильникка күрсәтү'}"
test_181,бөтен будильник настройкаларын күрсәт,alarm/show_alarms,alarm/set_alarm,False,0.8588,False,False,False,{'reference': 'бөтен'},"{'datetime': '2022-12-15 08:00', 'recurring_datetime': 'every day', 'reminder/todo': 'Позвонить маме'}"
test_182,Будильникны егерме минут саен куй,alarm/set_alarm,alarm/set_alarm,True,0.9702,False,False,False,{'recurring_datetime': 'егерме минут саен'},"{'datetime': 'дата/вакыт', 'recurring_datetime': 'кабатлау расписаниесе', 'reminder/todo': 'нәрсә эшләргә кирәк'}"
test_183,Минем нинди искә төшерүләрем бар?,reminder/show_reminders,reminder/show_reminders,True,0.9494,False,False,False,{'reference': 'Минем'},"{'datetime': 'иртәгә', 'reminder/todo': 'минем'}"
test_184,иртәгегә будильникны бетер,alarm/cancel_alarm,alarm/cancel_alarm,True,0.9691,False,False,False,{'datetime': 'иртәгегә'},"{'datetime': 'иртәге', 'reference': 'будильникка күрсәтү'}"
test_185,бүген миңа зонтик кирәкме?,weather/find,none,False,0.0,True,False,False,"{'datetime': 'бүген', 'weather/attribute': 'зонтик'}",{}
test_186,бүген кар булырмы?,weather/find,none,False,0.0,True,False,False,"{'datetime': 'бүген', 'weather/attribute': 'кар'}",{}
test_187,Бүген кич минем әнигә шалтыратырга искә төшер,reminder/set_reminder,reminder/show_reminders,False,0.9642,False,False,False,"{'datetime': 'Бүген кич', 'reminder/todo': 'минем әнигә шалтыратырга'}","{'datetime': 'иртәгә', 'reminder/todo': 'җинаять хезмәте'}"
test_188,Бүген яңгыр булырмы?,weather/find,weather/find,True,0.9331,False,False,False,"{'datetime': 'Бүген', 'weather/attribute': 'яңгыр'}","{'location': 'урын', 'datetime': 'дата/вакыт', 'weather/attribute': 'дымлылык'}"
test_189,Шимбә көнне яңгыр булырмы?,weather/find,weather/find,True,0.9476,False,False,False,"{'datetime': 'Шимбә', 'weather/attribute': 'яңгыр'}","{'location': 'урын', 'datetime': 'дата/вакыт', 'weather/attribute': 'дымлылык'}"
test_190,Будильникны һәр минут саен 20 минутка куясынмы?,alarm/set_alarm,alarm/set_alarm,True,0.9277,False,False,False,{'recurring_datetime': 'һәр минут саен 20 минутка'},{'datetime': '20 минут саен 20 минут'}
test_191,Кариб бассейнында тропик давыллар,weather/find,weather/find,True,0.8916,False,False,False,"{'location': 'Кариб', 'weather/attribute': 'тропик давыллар'}","{'location': 'кариб бассейнында', 'datetime': 'нынча', 'weather/attribute': 'тропик давыллар'}"
test_192,барлык будильникларны бетер,alarm/cancel_alarm,alarm/cancel_alarm,True,0.9845,False,False,False,{'reference': 'барлык'},"{'datetime': 'дата/вакыт', 'reference': 'конкрет будильникка күрсәтү'}"
test_193,Будильникны тугыз минут саен куй,alarm/set_alarm,alarm/set_alarm,True,0.8739,False,False,False,{'recurring_datetime': 'тугыз минут саен'},"{'datetime': '5 минут саен', 'recurring_datetime': 'кабатлау расписаниесе эшләргә кирәк'}"
test_194,Минем исемлектән соңгы ике хәтерләтүне бетер,reminder/cancel_reminder,reminder/cancel_reminder,True,0.9596,False,False,False,{'reference': 'соңгы ике'},"{'datetime': 'иртәгә', 'reminder/todo': 'минем искәртмәм сәгать ничәдә'}"
test_195,бүген һава торышы нинди,weather/find,weather/find,True,0.9436,False,False,False,{'datetime': 'бүген'},"{'condition_description': 'яңгыр', 'datetime': 'иртәгә', 'location': 'урын', 'weather/attribute': 'дымлылык'}"
test_196,минем будильнигымны кабыз,alarm/set_alarm,alarm/set_alarm,True,0.9549,False,False,False,{'reference': 'минем'},"{'datetime': 'иртәгә', 'reminder/todo': 'минем будильнигымны кабыз'}"
test_197,Бүген һаваның дымлылыгы нинди?,weather/find,weather/find,True,0.9671,False,False,False,"{'datetime': 'Бүген', 'weather/attribute': 'һаваның дымлылыгы'}","{'location': 'урын', 'datetime': 'дата/вакыт', 'weather/attribute': 'дымлылык'}"
test_198,миңа торыр өчен будильникны куерга исемә төшер,reminder/set_reminder,alarm/set_alarm,False,0.8151,False,False,False,{'reminder/todo': 'миңа торыр өчен будильникны куерга'},"{'datetime': '2022-12-15 08:00', 'recurring_datetime': 'every day', 'reminder/todo': 'ушындырма'}"
test_199,Бу ял көннәрендә кар явырмы?,weather/find,none,False,0.0,True,False,False,"{'datetime': 'Бу ял көннәрендә', 'weather/attribute': 'кар'}",{}
test_200,Бүген никадәр эссе булачак?,weather/find,none,False,0.0,True,False,False,"{'datetime': 'Бүген', 'weather/attribute': 'эссе'}",{}
test_201,Минем будильнигым нинди вакытка куелган,alarm/show_alarms,alarm/set_alarm,False,0.9368,False,False,False,{'reference': 'Минем'},{'datetime': 'вакыт'}
test_202,Бүген һава торышы нинди?,weather/find,weather/find,True,0.954,False,False,False,{'datetime': 'Бүген'},"{'location': 'урын', 'datetime': 'дата/вакыт', 'weather/attribute': 'дымлылык'}"
test_203,Иртәгә яңгыр явармы?,weather/find,weather/find,True,0.9401,False,False,False,"{'datetime': 'Иртәгә', 'weather/attribute': 'яңгыр'}","{'location': 'иртәгә', 'datetime': 'дата/вакыт'}"
test_204,Сишәмбе көнне иртәнге 5:15 минем будильнигымны бетер,alarm/cancel_alarm,alarm/cancel_alarm,True,0.9547,False,False,False,"{'datetime': 'Сишәмбе көнне иртәнге 5:15', 'reference': 'минем'}","{'datetime': '5:15', 'reference': 'минем будильнигым'}"
test_205,бүгенге уен турында искәртүне бетер,reminder/cancel_reminder,reminder/cancel_reminder,True,0.9652,False,False,False,"{'datetime': 'бүгенге', 'reminder/todo': 'уен'}","{'datetime': 'иртәгә', 'reminder/todo': 'минем искәртмәм сәгать ничәдә'}"
test_206,будильникны иртәнге көндезге 3-ке куй,alarm/set_alarm,alarm/set_alarm,True,0.9434,False,False,False,{'datetime': 'көндезге 3-ке'},"{'datetime': 'иртәгә', 'reminder/todo': '3-ке куй'}"
test_207,шимбә көнне бөтен будильникларны бетер,alarm/cancel_alarm,alarm/cancel_alarm,True,0.9845,False,False,False,"{'datetime': 'шимбә көнне', 'reference': 'бөтен'}","{'datetime': 'дата/вакыт', 'reference': 'конкрет будильникка күрсәтү'}"
test_208,Миңа Лизаны алу турында искәртү кирәк,reminder/set_reminder,reminder/set_reminder,True,0.737,False,False,False,{'reminder/todo': 'Лизаны алу'},"{'datetime': '2022-12-31 23:59', 'reminder/todo': 'Көп үзән жаңа әсәр көрү'}"
test_209,Бүген нинди югары температура?,weather/find,weather/find,True,0.9487,False,False,False,"{'datetime': 'Бүген', 'weather/attribute': 'югары'}","{'location': 'урын', 'datetime': 'дата/вакыт', 'weather/attribute': 'җил'}"
test_210,Бүген Гринстоунда болытлы булырмы?,weather/find,weather/find,True,0.9346,False,False,False,"{'datetime': 'Бүген', 'location': 'Гринстоунда', 'weather/attribute': 'болытлы'}","{'location': 'Гринстоун', 'datetime': 'сегодня'}"
test_211,Соңрак искә төшер,reminder/set_reminder,none,False,0.8725,True,False,False,{'datetime': 'Соңрак'},{}
test_212,бүген франциядә нинди һава торышы,weather/find,weather/find,True,0.8666,False,False,False,"{'datetime': 'бүген', 'location': 'франциядә'}","{'location': 'франция', 'datetime': 'сегодня', 'weather/attribute': 'харап'}"
test_213,Шимбә кичәсендә кояшлы булырмы?,weather/find,none,False,0.0,True,False,False,"{'datetime': 'Шимбә', 'weather/attribute': 'кояшлы'}",{}
test_214,Иртәгә яңгыр явармы?,weather/find,weather/find,True,0.9401,False,False,False,"{'datetime': 'Иртәгә', 'weather/attribute': 'яңгыр'}","{'location': 'иртәгә', 'datetime': 'дата/вакыт'}"
test_215,Мин бүген шортыны кия аламмы?,weather/find,none,False,0.0,True,False,False,"{'datetime': 'бүген', 'weather/attribute': 'шортыны'}",{}
test_216,Минем искәртүемне күрсәт,reminder/show_reminders,reminder/set_reminder,False,0.7244,False,False,False,{'reference': 'Минем'},"{'datetime': '2022-12-31 23:59', 'reminder/todo': 'Көп үзән жаңа жылга өтмәк'}"
test_217,Сентябрьдә уртача һава торышы нинди,weather/find,weather/find,True,0.9404,False,False,False,{'datetime': 'Сентябрьдә'},"{'location': 'Уртача', 'datetime': 'Сентябрь'}"
test_218,Бүген салкынмы?,weather/find,none,False,0.0,True,False,False,"{'datetime': 'Бүген', 'weather/attribute': 'салкынмы'}",{}
test_219,Бөтен искәртүләремне бетер,reminder/cancel_reminder,reminder/show_reminders,False,0.9522,False,False,False,{'reference': 'Бөтен'},"{'datetime': 'иртәгә', 'reminder/todo': 'җинаять хезмәте'}"
test_220,монда эссеме?,weather/find,none,False,0.0,True,False,False,{'weather/attribute': 'эссеме'},{}
test_221,Ял көннәрендә көндезге 2 будильнигымны куй,alarm/set_alarm,alarm/set_alarm,True,0.8101,False,False,False,{'recurring_datetime': 'Ял көннәрендә көндезге 2'},"{'datetime': '2022-12-31 00:00', 'recurring_datetime': 'daily', 'reminder/todo': 'Көннәрде 2 будильнигымны куй'}"
test_222,Будильникны иртәнге 2 куй,alarm/set_alarm,alarm/set_alarm,True,0.9071,False,False,False,{'datetime': 'иртәнге 2'},"{'datetime': '2022-12-31 00:00', 'reminder/todo': 'Нәрсә эшләргә кирәк'}"
test_223,Бүген һаваның дымлылыгы нинди?,weather/find,weather/find,True,0.9671,False,False,False,"{'datetime': 'Бүген', 'weather/attribute': 'һаваның дымлылыгы'}","{'location': 'урын', 'datetime': 'дата/вакыт', 'weather/attribute': 'дымлылык'}"
test_224,минем бөтен будильникларымны күрсәт,alarm/show_alarms,alarm/show_alarms,True,0.952,False,False,False,{'reference': 'минем бөтен'},{'datetime': 'дата/вакыт'}
test_225,Минем бөтен искәртүләремне күрсәт,reminder/show_reminders,reminder/show_reminders,True,0.9715,False,False,False,{'reference': 'Минем бөтен'},"{'datetime': 'иртәгә', 'reminder/todo': 'җинаять хезмәте'}"
test_226,бөтен будильникларымны бетер,alarm/cancel_alarm,alarm/cancel_alarm,True,0.9792,False,False,False,{'reference': 'бөтен'},"{'datetime': 'дата/вакыт', 'reference': 'конкрет будильникка күрсәтү'}"
test_227,Давыл минем районыма якынлашамы?,weather/find,weather/find,True,0.9197,False,False,False,"{'weather/attribute': 'Давыл', 'location': 'минем районыма'}",{'location': 'минем районыма'}
test_228,бүген һава торышы нинди,weather/find,weather/find,True,0.9436,False,False,False,{'datetime': 'бүген'},"{'condition_description': 'яңгыр', 'datetime': 'иртәгә', 'location': 'урын', 'weather/attribute': 'дымлылык'}"
test_229,соңгы искәртүемне бетер,reminder/cancel_reminder,reminder/cancel_reminder,True,0.9753,False,False,False,{'reference': 'соңгы'},"{'datetime': 'иртәгә', 'reminder/todo': 'минем искәртмәм сәгать ничәдә'}"
test_230,Будильникка күпме вакыт калды.,alarm/time_left_on_alarm,alarm/show_alarms,False,0.9748,False,True,False,{},{'datetime': 'будильникка күпме вакыт калды'}
test_231,Якшәмбе көнне минем бөтен будильникларымны бетер.,alarm/cancel_alarm,alarm/cancel_alarm,True,0.9011,False,False,False,"{'datetime': 'Якшәмбе көнне', 'reference': 'минем бөтен'}",{'datetime': 'минем бөтен будильникларымны яңа вакыт'}
test_232,Бүген нихәтле эссе булачак?,weather/find,none,False,0.0,True,False,False,"{'datetime': 'Бүген', 'weather/attribute': 'эссе'}",{}
test_233,Мин сине иртәгә иртәнге 8:45 яңа будильникны куерга теләр идем,alarm/set_alarm,alarm/set_alarm,True,0.9518,False,False,False,{'datetime': 'иртәгә иртәнге 8:45'},"{'datetime': '8:45', 'reminder/todo': 'иртәнге'}"
test_234,бөтен будильникларны бетер,alarm/cancel_alarm,alarm/cancel_alarm,True,0.9845,False,False,False,{'reference': 'бөтен'},"{'datetime': 'дата/вакыт', 'reference': 'конкрет будильникка күрсәтү'}"
test_235,Бүген кар явармы?,weather/find,none,False,0.0,True,False,False,"{'datetime': 'Бүген', 'weather/attribute': 'кар'}",{}
test_236,миңа бозны алырга искә төшер,reminder/set_reminder,reminder/show_reminders,False,0.9428,False,False,False,{'reminder/todo': 'бозны алырга'},"{'datetime': 'иртәгә', 'reminder/todo': 'җинаять хезмәте'}"
test_237,бөтен искәртүләремне күрсәт,reminder/show_reminders,reminder/show_reminders,True,0.9505,False,False,False,{'reference': 'бөтен'},"{'datetime': 'иртәгә', 'reminder/todo': 'җинаять хезмәте'}"
test_238,бөтен будильникларымны күрсәт,alarm/show_alarms,alarm/set_alarm,False,0.9099,False,False,False,{'reference': 'бөтен'},"{'datetime': '2022-12-31 00:00', 'recurring_datetime': 'кабатлау расписаниесе', 'reminder/todo': 'нәрсә эшләргә кирәк'}"
test_239,Сан-Францискода һава торышы нинди?,weather/find,weather/find,True,0.9934,False,False,False,{'location': 'Сан - Францискода'},{'location': 'Сан-Франциско'}
test_240,Бөтен искәртүләремне бетер,reminder/cancel_reminder,reminder/show_reminders,False,0.9522,False,False,False,{'reference': 'Бөтен'},"{'datetime': 'иртәгә', 'reminder/todo': 'җинаять хезмәте'}"
test_241,Концерт турында искәртүне бетер,reminder/cancel_reminder,reminder/cancel_reminder,True,0.8905,False,False,False,{'reminder/todo': 'Концерт'},"{'datetime': 'Җавап форматына гына чыгарган дата/вакыт', 'reminder/todo': 'искәртү эчтәлеге'}"
test_242,Иртәгә иртәнге будильникны бетер,alarm/cancel_alarm,alarm/cancel_alarm,True,0.9685,False,False,False,{'datetime': 'Иртәгә иртәнге'},"{'datetime': 'иртәгә', 'reference': 'будильникка күрсәтү'}"
test_243,бу атнада яңгыр явармы,weather/find,reminder/show_reminders,False,0.9375,False,False,False,"{'datetime': 'бу атнада', 'weather/attribute': 'яңгыр'}","{'datetime': 'иртәгә', 'reminder/todo': 'җинаять хезмәте'}"
test_244,Гольф уйнау өчен чәршәмбе көнне һава торышы нинди?,weather/find,weather/find,True,0.9384,False,False,False,{'datetime': 'чәршәмбе көнне'},"{'location': 'гольф', 'datetime': 'өчен чәршәмбе көнне'}"
test_245,бөтен будильникларымны күрсәт,alarm/show_alarms,alarm/set_alarm,False,0.9099,False,False,False,{'reference': 'бөтен'},"{'datetime': '2022-12-31 00:00', 'recurring_datetime': 'кабатлау расписаниесе', 'reminder/todo': 'нәрсә эшләргә кирәк'}"
test_246,бөтен иртәгә будильникларны сүндер,alarm/cancel_alarm,alarm/cancel_alarm,True,0.9854,False,False,False,"{'reference': 'бөтен', 'datetime': 'иртәгә'}","{'datetime': 'иртәгә', 'reference': 'конкрет будильникка күрсәтү'}"
test_247,Будильнигымны бүген кичке 5 куй,alarm/set_alarm,alarm/snooze_alarm,False,0.9696,False,False,False,{'datetime': 'бүген кичке 5'},{'reference': 'будильникка күрсәтү'}
test_248,будильнигымны иртәге 7-гә куй,alarm/set_alarm,alarm/set_alarm,True,0.9588,False,False,False,{'datetime': 'иртәге 7-гә'},"{'datetime': 'иртәгә', 'reminder/todo': 'будильник кую'}"
test_249,Иртәгә кояшлы булырмы?,weather/find,reminder/show_reminders,False,0.9534,False,False,False,"{'datetime': 'Иртәгә', 'weather/attribute': 'кояшлы'}","{'datetime': 'иртәгә', 'reminder/todo': 'Кояшлы булырмы?'}"
test_250,бүген нинди эссе булыр,weather/find,none,False,0.0,True,False,False,"{'datetime': 'бүген', 'weather/attribute': 'эссе'}",{}
test_251,Бир ноль йолдызлар Halo: Ghosts of Onyx,RateBook,PlayMusic,False,0.9476,False,False,False,"{'rating_value': 'ноль', 'rating_unit': 'йолдызлар', 'object_name': 'Halo: Ghosts of Onyx'}","{'album': 'Album', 'artist': 'Artist', 'datetime': 'дата/вакыт', 'genre': 'Жанр', 'music_item': 'Музыкаль объект төре', 'playlist': 'Плейлист', 'service': 'Музыкаль сервис', 'sort': 'Сайлау критерие', 'track': 'Трек исеме'}"
test_252,Джой Нило музыкасын кабыз .,PlayMusic,PlayMusic,True,0.9144,False,False,False,{'artist': 'Джой Нило'},"{'album': 'album_name', 'artist': 'artist_name', 'datetime': 'play_date_time', 'genre': 'genre_name', 'music_item': 'music_item_name', 'playlist': 'playlist_name', 'service': 'service_name', 'sort': 'sort_name'}"
test_253,"Зинһар, миңа 20 Hours in America дип аталган видеоуен таб .",SearchCreativeWork,SearchCreativeWork,True,0.9963,False,False,False,"{'object_name': '20 Hours in America', 'object_type': 'видеоуен'}","{'object_name': '20 Hours in America', 'object_type': 'video'}"
test_254,Мин ясаган плейлистымны уйнат,PlayMusic,PlayMusic,True,0.9201,False,False,False,{'playlist': 'ясаган'},"{'album': 'album_name', 'artist': 'artist_name', 'datetime': 'play_date_time', 'genre': 'genre_name', 'music_item': 'music_item_name', 'playlist': 'playlist_name', 'service': 'service_name', 'sort': 'sort_name'}"
test_255,Термонтта 9 кешегә урын броньла,BookRestaurant,none,False,0.822,True,False,False,"{'location': 'Термонтта', 'party_size_number': '9 кешегә'}",{}
test_256,Бу көйне Доротиның 80's party плейлистына өстә,AddToPlaylist,AddToPlaylist,True,0.9407,False,False,False,"{'music_item': 'көйне', 'reference': 'Доротиның', 'playlist': ""80's party""}","{'artist': 'Dorothy', 'entity_name': ""80's party playlist"", 'music_item': 'music', 'playlist': 'playlist'}"
test_257,Last FM-да Эдди Винсонның иң яңа көйен кабыз .,PlayMusic,PlayMusic,True,0.9116,False,False,False,"{'service': 'Last FM-да', 'artist': 'Эдди Винсонның', 'sort': 'иң яңа', 'music_item': 'көйен'}","{'artist': 'Эдди Винсон', 'music_item': 'кабыз', 'playlist': 'Last FM'}"
test_258,Небрасканың һава торышын тикшер .,weather/find,weather/find,True,0.9138,False,False,False,{'location': 'Небрасканың'},"{'location': 'Небраска', 'datetime': 'сегодня'}"
test_259,NC-да хәзер буран бармы ?,weather/find,alarm/show_alarms,False,0.8252,False,False,True,"{'location': 'NC-да', 'datetime': 'хәзер', 'condition_description': 'буран'}",{'datetime': 'дата/вакыт'}
test_260,Мин 1998 елгы минионны тыңларга телим .,PlayMusic,PlayMusic,True,0.8605,False,False,False,"{'datetime': '1998', 'music_item': 'минионны'}","{'music_item': '1998', 'artist': 'minions', 'playlist': 'favorites', 'service': 'Spotify', 'sort': 'release_date'}"
test_261,Миңа Дипсон театрларында A Yiddish World Remembered өчен вакыт кирәк,SearchScreeningEvent,PlayMusic,False,0.8897,False,False,False,"{'location': 'Дипсон театрларында', 'movie_name': 'A Yiddish World Remembered', 'object_type': 'вакыт'}","{'music_item': 'A Yiddish World Remembered', 'service': 'DiPson', 'datetime': 'иртәгә', 'track': 'none'}"
test_262,Хәзерге дәреслеккә 6-дан 1 балл бир,RateBook,reminder/show_reminders,False,0.8979,False,False,False,"{'object_select': 'Хәзерге', 'object_type': 'дәреслеккә', 'best_rating': '6-дан', 'rating_value': '1'}",{'datetime': 'иртәгә'}
test_263,Мэтт Мерфиның көйен Flow Español плейлистына өстә.,AddToPlaylist,AddToPlaylist,True,0.9097,False,False,False,"{'artist': 'Мэтт Мерфиның', 'music_item': 'көйен', 'playlist': 'Flow Español'}","{'artist': 'Mett Murphy', 'entity_name': 'Flow Español', 'music_item': 'playlist_item', 'playlist': ""Mett's Playlist"", 'reference': 'this'}"
test_264,Мин 3 кешегә 20/05/2025 Техас янындагы судан гастропабын броньларга телим .,BookRestaurant,BookRestaurant,True,0.9585,False,False,True,"{'party_size_number': '3', 'datetime': '20/05/2025', 'location': 'Техас | янындагы', 'cuisine': 'судан', 'restaurant_type': 'гастропабын'}","{'restaurant_name': 'гастропабы', 'location': 'Техас', 'datetime': '20/05/2025'}"
test_265,Син The Approach телесериал таба алмасыңмы,SearchCreativeWork,SearchCreativeWork,True,0.9587,False,False,False,"{'object_name': 'The Approach', 'object_type': 'телесериал'}","{'object_name': 'The Approach', 'object_type': 'television series'}"
test_266,Бу хроникага 2 балл бир.,RateBook,reminder/show_reminders,False,0.9112,False,False,True,"{'object_select': 'Бу', 'object_part_of_series_type': 'хроникага', 'rating_value': '2'}","{'datetime': 'иртәгә', 'reminder/todo': 'җинаять хезмәте'}"
test_267,The American Scene-ка 6-дан 2 йолдыз бир,RateBook,PlayMusic,False,0.8871,False,False,False,"{'object_name': 'The American Scene-ка', 'best_rating': '6-дан', 'rating_value': '2', 'rating_unit': 'йолдыз'}","{'album': 'The American Scene', 'artist': 'Various Artists', 'datetime': 'иртәгә', 'genre': 'Музыка', 'music_item': 'трек', 'playlist': 'Музыкалы плейлист', 'service': 'Музыкалы сервис', 'sort': 'Сайлау'}"
test_268,Минем Nação Reggae плейлистына emilie autumn өстә.,AddToPlaylist,AddToPlaylist,True,0.9544,False,False,False,"{'reference': 'Минем', 'playlist': 'Nação Reggae', 'artist': 'emilie autumn'}","{'artist': 'Nação Reggae', 'entity_name': 'emilie autumn', 'music_item': 'music', 'playlist': 'playlist'}"
test_269,Мин Гамбиядәге яһүд ресторанын броньларга телим .,BookRestaurant,none,False,0.7872,True,False,True,"{'location': 'Гамбиядәге', 'cuisine': 'яһүд', 'restaurant_type': 'ресторанын'}",{}
test_270,Fried chicken restaurant өстәленә заказ бир,BookRestaurant,BookRestaurant,True,0.9041,False,False,True,{'restaurant_name': 'Fried chicken restaurant'},"{'restaurant_name': 'Fried chicken restaurant', 'cuisine': 'American', 'facility': 'delivery', 'location': 'my location', 'party_size_description': 'for 4 people', 'party_size_number': '4', 'restaurant_type': 'restaurant', 'sort': 'delivery'}"
test_271,минем House Afterwork плейлистымна we have a theme song өстә,AddToPlaylist,AddToPlaylist,True,0.9545,False,False,False,"{'reference': 'минем', 'playlist': 'House Afterwork', 'entity_name': 'we have a theme song'}","{'artist': 'House Afterwork', 'entity_name': 'theme song', 'music_item': 'music', 'playlist': 'House Afterwork'}"
test_272,2026 елның унтугызынчы октябрендә моннан ерак түгел нинди һава торышы булачак ?,weather/find,weather/find,True,0.9312,False,False,False,"{'datetime': '2026 елның унтугызынчы октябрендә', 'location': 'моннан | ерак түгел'}","{'location': '2026 елның унтугызынчы октябрендә моннан', 'datetime': 'дата/вакыт'}"
test_273,Уолденда һава торышы Россия 26/12/2018,weather/find,weather/find,True,0.9879,False,False,False,"{'location': 'Уолденда | Россия', 'datetime': '26/12/2018'}","{'location': 'Россия', 'datetime': '26/12/2018'}"
test_274,Мин каенана һәм миңа бер елдан соң Buckner ресторанны броньларга телим .,BookRestaurant,BookRestaurant,True,0.8892,False,False,True,"{'party_size_description': 'каенана һәм миңа', 'datetime': 'бер елдан соң', 'location': 'Buckner', 'restaurant_type': 'ресторанны'}","{'restaurant_name': 'Buckner', 'datetime': 'иртәгә', 'party_size_number': '1', 'party_size_description': 'один', 'location': 'Алматы'}"
test_275,Бу китапка 1 балл бир,RateBook,RateBook,True,0.9258,False,False,False,"{'object_select': 'Бу', 'object_type': 'китапка', 'rating_value': '1'}","{'object_name': 'китап', 'object_type': 'китап', 'rating_unit': 'йолдыз', 'rating_value': '1', 'object_part_of_series_type': 'том', 'object_select': 'бу', 'best_rating': '5'}"
test_276,бу башкаручыны минем spotlight on country 2016 плейлистына өстә,AddToPlaylist,AddToPlaylist,True,0.9264,False,False,False,"{'music_item': 'башкаручыны', 'reference': 'минем', 'playlist': 'spotlight on country 2016'}","{'artist': 'mihem spotlight', 'entity_name': 'country 2016 playlist', 'music_item': 'playlist item', 'playlist': 'mihem playlist', 'reference': 'this'}"
test_277,Син Epic Conditions рәсемен таба алмасыңмы ?,SearchCreativeWork,inform,False,0.7705,False,False,False,"{'object_name': 'Epic Conditions', 'object_type': 'рәсемен'}",{}
test_278,Iheart-та rich sex уйна,PlayMusic,PlayMusic,True,0.9178,False,False,True,"{'service': 'Iheart-та', 'track': 'rich sex'}","{'album': 'album_name', 'artist': 'artist_name', 'datetime': 'play_time', 'genre': 'genre_type', 'music_item': 'music_type', 'playlist': 'playlist_name', 'service': 'music_service', 'sort': 'play_order', 'track': 'track_name'}"
test_279,Bartok the Magnificent иртәнге җидедә башланачакмы ?,SearchScreeningEvent,BookRestaurant,False,0.8774,False,False,False,"{'movie_name': 'Bartok the Magnificent', 'datetime': 'иртәнге җидедә'}","{'restaurant_name': 'Bartok the Magnificent', 'cuisine': 'European', 'datetime': '2022-12-15 19:00', 'facility': 'outdoor seating', 'location': 'city center', 'party_size_description': 'large group', 'party_size_number': 10, 'sort': 'highly rated'}"
test_280,Zvooq-да берәр нәрсә уйна,PlayMusic,none,False,0.8725,True,False,False,{'service': 'Zvooq-да'},{}
test_281,Миңа Крис Найт музыкасын тыңларга бир,PlayMusic,PlayMusic,True,0.9417,False,False,False,{'artist': 'Крис Найт'},"{'music_item': 'Крис Найт', 'service': 'Spotify'}"
test_282,Джилл Собул альбомын кабыз,PlayMusic,PlayMusic,True,0.9041,False,False,True,"{'album': 'Джилл Собул', 'music_item': 'альбомын'}","{'album': 'Джилл Собул', 'music_item': 'альбом', 'service': 'Spotify'}"
test_283,The Broken Window дүрт йолдыз бирегез,RateBook,RateBook,True,0.9706,False,False,False,"{'object_name': 'The Broken Window', 'rating_value': 'дүрт', 'rating_unit': 'йолдыз'}","{'object_name': 'The Broken Window', 'object_type': 'book', 'rating_unit': 'star', 'rating_value': 4}"
test_284,Tatra-милли паркында иртәнге 6да һава торышын миңа әйт,weather/find,weather/find,True,0.9464,False,False,False,"{'location': 'Tatra-милли паркында', 'datetime': 'иртәнге 6да'}","{'location': 'Татра-милли парк', 'datetime': 'иртәгә'}"
test_285,"Зинһар, миңа бистродагы өстәлне броньла, анда lorna doone хезмәт итәләр .",BookRestaurant,BookRestaurant,True,0.8633,False,False,True,"{'restaurant_type': 'бистродагы', 'served_dish': 'lorna doone'}","{'restaurant_name': 'lorna doone', 'cuisine': 'American', 'datetime': '2022-03-15 19:00', 'facility': 'indoor', 'location': 'city center', 'party_size_description': 'large group', 'party_size_number': '10', 'restaurant_type': 'casual dining', 'sort': 'price'}"
test_286,The Mystery of the Tolling Bell сериалны 4 йолдызга бәялә .,RateBook,RateBook,True,0.9648,False,False,True,"{'object_name': 'The Mystery of the Tolling Bell', 'object_part_of_series_type': 'сериалны', 'rating_value': '4', 'rating_unit': 'йолдызга'}","{'object_name': 'The Mystery of the Tolling Bell', 'object_type': 'series', 'object_part_of_series_type': 'episode', 'object_select': '4', 'rating_unit': 'star', 'rating_value': '4', 'best_rating': '5'}"
test_287,Музыка уйнау өчен Groove Shark куллан,PlayMusic,none,False,0.9582,True,False,False,{'service': 'Groove Shark'},{}
test_288,Якындагы кинотеатрда Snowbound күрсәтү графигын тикшер .,SearchScreeningEvent,SearchScreeningEvent,True,0.9337,False,False,True,"{'location': 'Якындагы', 'object_location_type': 'кинотеатрда', 'movie_name': 'Snowbound'}","{'location': 'кинотеатрда Snowbound', 'movie_name': 'кинотеатрда Snowbound күрсәтү графигын тикшер'}"
test_289,"Зинһар, Zvooq ач",PlayMusic,reminder/show_reminders,False,0.9389,False,False,False,{'service': 'Zvooq'},"{'datetime': 'иртәгә', 'reminder/todo': 'җинаять хезмәте'}"
test_290,1 кешегә урын Меритта Town of Ramsgate броньла,BookRestaurant,BookRestaurant,True,0.8974,False,False,True,"{'party_size_number': '1', 'location': 'Меритта', 'restaurant_name': 'Town of Ramsgate'}","{'restaurant_name': 'Meerit Town of Ramsgate', 'cuisine': 'European', 'datetime': '2022-05-15 19:00', 'facility': 'outdoor seating', 'location': 'Ramsgate', 'party_size_description': '6 people', 'party_size_number': '6', 'sort': 'price'}"
test_291,I Think I Do кичке 7-дә уйныймы ?,SearchScreeningEvent,reminder/show_reminders,False,0.945,False,False,False,"{'movie_name': 'I Think I Do', 'datetime': 'кичке 7-дә'}",{'datetime': 'иртәгә'}
test_292,Custer National Forest кичке җидедә салкынрак булырмы,weather/find,BookRestaurant,False,0.8811,False,False,True,"{'location': 'Custer National Forest', 'datetime': 'кичке җидедә', 'condition_temperature': 'салкынрак'}","{'restaurant_name': 'Custer National Forest', 'cuisine': 'American', 'location': 'South Dakota', 'facility': 'Picnic Area', 'party_size_description': '10 people', 'party_size_number': '10', 'restaurant_type': 'Park', 'sort': 'nearest'}"
test_293,Мин Youtube-та берәр нәрсә тыңларга телим,PlayMusic,SearchCreativeWork,False,0.9235,False,False,False,{'service': 'Youtube-та'},"{'object_name': 'Youtube-та берәр нәрсә тыңларга телим', 'object_type': 'рәсем'}"
test_294,Difficult Loves уенын эзлә,SearchCreativeWork,SearchCreativeWork,True,0.9715,False,False,False,"{'object_name': 'Difficult Loves', 'object_type': 'уенын'}","{'object_name': 'Difficult Loves', 'object_type': 'film'}"
test_295,Нинди һава торышы 20 февральгә Bothe-Napa Valley дәүләт паркында ?,weather/find,weather/find,True,0.9593,False,False,False,"{'datetime': '20 февральгә', 'location': 'Bothe-Napa Valley дәүләт паркында'}","{'location': 'Bothe-Napa Valley', 'datetime': '20 February'}"
test_296,миңа кинотеатр янындагы The Great Gildersleeve фильмы сессияләре расписаниесен күрсәт,SearchScreeningEvent,SearchScreeningEvent,True,0.9439,False,False,True,"{'object_location_type': 'кинотеатр', 'movie_name': 'The Great Gildersleeve', 'object_type': 'расписаниесен'}","{'location': 'миңа кинотеатр янындагы The Great Gildersleeve', 'movie_name': 'фильм исеме'}"
test_297,Миңа Гибслендта һава торышын әйт,weather/find,weather/find,True,0.9485,False,False,False,{'location': 'Гибслендта'},"{'location': 'урын', 'datetime': 'дата/вакыт', 'weather/attribute': 'дымлылык'}"
test_298,Мин күршедәге кино графигын белә аламмы,SearchScreeningEvent,SearchScreeningEvent,True,0.9814,False,False,False,"{'location': 'күршедәге', 'movie_type': 'кино', 'object_type': 'графигын'}","{'datetime': 'иртәгә', 'location': 'урын', 'movie_name': 'фильм исеме', 'movie_type': 'фильм төре', 'object_location_type': 'күрсәтү урыны төре', 'object_type': 'объект төре'}"
test_299,Soul Music-ка 0 балл бир .,RateBook,PlayMusic,False,0.9374,False,False,False,"{'object_name': 'Soul Music-ка', 'rating_value': '0'}","{'music_item': 'Soul Music', 'service': 'Spotify'}"
test_300,Сарджентстада татар тавернасында биш кешегә өстәл заказ итегез,BookRestaurant,BookRestaurant,True,0.8831,False,False,True,"{'location': 'Сарджентстада', 'cuisine': 'татар', 'restaurant_type': 'тавернасында', 'party_size_number': 'биш'}","{'restaurant_name': 'татар тавернасы', 'cuisine': 'татар', 'datetime': 'иртәгә', 'location': 'Башкырсай', 'party_size_description': 'кеше саны 5', 'party_size_number': '5', 'restaurant_type': 'таверна'}"
test_301,All Things Must Pass кабыз,PlayMusic,PlayMusic,True,0.9109,False,False,True,{'track': 'All Things Must Pass'},"{'album': 'All Things Must Pass', 'artist': 'George Harrison', 'music_item': 'album', 'playlist': 'My Playlist', 'service': 'Spotify'}"
test_302,Кореяда бер сәгатьтән соң нинди яңгыр фаразы булачак,weather/find,reminder/show_reminders,False,0.9499,False,False,True,"{'location': 'Кореяда', 'datetime': 'бер сәгатьтән соң', 'condition_description': 'яңгыр'}","{'datetime': 'иртәгә', 'reminder/todo': 'җинаять хезмәте'}"
test_303,Оклахомада South Street Diner-да 4 кешелек урын броньла,BookRestaurant,BookRestaurant,True,0.9035,False,False,True,"{'location': 'Оклахомада', 'restaurant_name': 'South Street Diner-да', 'party_size_number': '4'}","{'restaurant_name': 'South Street Diner', 'cuisine': 'American', 'location': 'Oklahoma', 'party_size_description': '4 people', 'party_size_number': '4', 'datetime': '2022-03-15 19:00'}"
test_304,Netflix-тан музыканы уйнат .,PlayMusic,PlayMusic,True,0.9392,False,False,False,{'service': 'Netflix-тан'},"{'album': 'album_name', 'artist': 'artist_name', 'datetime': 'date_time', 'genre': 'genre_name', 'music_item': 'music_item_name', 'playlist': 'playlist_name', 'service': 'service_name', 'sort': 'sort_name'}"
test_305,Мин Shattered Image-не күрергә телим .,SearchScreeningEvent,PlayMusic,False,0.8772,False,False,False,{'movie_name': 'Shattered Image-не'},"{'album': 'Shattered Image', 'artist': 'Nirvana', 'datetime': '2022-03-01', 'genre': 'grunge', 'music_item': 'Smells Like Teen Spirit', 'playlist': 'My Favourite Playlist', 'service': 'Spotify', 'sort': 'random'}"
test_306,The Sound of One Hand Clapping-ны таб,SearchCreativeWork,PlayMusic,False,0.8998,False,False,False,{'object_name': 'The Sound of One Hand Clapping-ны'},"{'album': 'The Sound of One Hand Clapping', 'artist': 'Ravi Shankar', 'datetime': 'иртәгә', 'genre': 'Музыка', 'music_item': 'Альбом', 'playlist': 'Музыкал плейлист', 'service': 'Музыкал сервис', 'sort': 'Сайлау'}"
test_307,Wolves Within альбомын эзлә,SearchCreativeWork,PlayMusic,False,0.9549,False,False,False,"{'object_name': 'Wolves Within', 'object_type': 'альбомын'}","{'album': 'Wolves Within', 'music_item': 'альбом'}"
test_308,берәр кинотеатрда We Are Northern Lights күрсәтеләрмә,SearchScreeningEvent,SearchScreeningEvent,True,0.9434,False,False,True,"{'object_location_type': 'кинотеатрда', 'movie_name': 'We Are Northern Lights'}","{'movie_name': 'We Are Northern Lights', 'location': 'кинотеатр', 'object_type': 'фильм', 'object_location_type': 'кино'}"
test_309,"Безнең кечкенә дөнья почмагы, Гилмор кыз музыкасы минем Иң көлкесе әйберләр футболда плейлистыма өстә.",AddToPlaylist,AddToPlaylist,True,0.9135,False,False,False,"{'entity_name': 'Безнең кечкенә дөнья почмагы , Гилмор кыз музыкасы', 'reference': 'минем', 'playlist': 'Иң көлкесе әйберләр футболда'}","{'artist': 'Gilmore Girls Soundtrack', 'entity_name': 'Football', 'music_item': 'song', 'playlist': 'My Playlist', 'reference': 'on My Playlist'}"
test_310,Саутфорд Фолс дәүләт паркында эссе һава торышы фаразы нинди,weather/find,weather/find,True,0.9087,False,False,True,"{'location': 'Саутфорд Фолс дәүләт паркында', 'condition_temperature': 'эссе'}","{'location': 'Саутфорд Фолс дәүләт паркында', 'datetime': 'нында', 'weather/attribute': 'хава торышы атрибуты: дымлылык'}"
test_311,"Зинһар, миӊа Гана парковкасы белән пиццерия өстәленә заказ бир .",BookRestaurant,BookRestaurant,True,0.8346,False,False,True,"{'location': 'Гана', 'facility': 'парковкасы', 'restaurant_type': 'пиццерия'}","{'restaurant_name': 'Гана парковкасы', 'cuisine': 'пиццерия', 'datetime': 'сегодня вечер', 'location': 'улица Гана 123', 'party_size_description': '2 кеш', 'party_size_number': '2', 'sort': 'сайлау/тәртипләү критерие: ближай'}"
test_312,Мин җитмешенче еллар саундтрегын тыңларга телим .,PlayMusic,none,False,0.8224,True,False,False,"{'datetime': 'җитмешенче', 'music_item': 'саундтрегын'}",{}
test_313,Ике сәгатьтән соң Үзбәкстанда һава торышы,weather/find,weather/find,True,0.9288,False,False,False,"{'datetime': 'Ике сәгатьтән соң', 'location': 'Үзбәкстанда'}","{'location': 'Урын', 'datetime': 'дата/вакыт', 'weather/attribute': 'дымлылык'}"
test_314,"Зинһар, миңа Journal of the British Astronomical Association фильмын таб .",SearchCreativeWork,SearchCreativeWork,True,0.9901,False,False,False,"{'object_name': 'Journal of the British Astronomical Association', 'object_type': 'фильмын'}","{'object_name': 'Journal of the British Astronomical Association', 'object_type': 'film'}"
test_315,"Уордвилл-да, Канзас-та 8 кешелек урын броньла",BookRestaurant,BookRestaurant,True,0.9153,False,False,False,"{'location': 'Уордвилл-да | Канзас-та', 'party_size_number': '8'}","{'restaurant_name': '8 кешелек урын', 'party_size_number': 'кеше саны', 'party_size_description': '8 кеше', 'location': 'Канзас', 'datetime': 'дата/вакыт', 'sort': 'сайлау/тәртипләү критерие'}"
test_316,Нинди һава торышы моннан ерак булачак ?,weather/find,weather/find,True,0.8698,False,False,False,{'location': 'моннан | ерак'},"{'location': 'ниндә', 'datetime': 'иртәгә', 'weather/attribute': 'халык'}"
test_317,Ричард Макнамараның яңа җырын Just Smile плейлистыма өстә,AddToPlaylist,AddToPlaylist,True,0.9617,False,False,False,"{'artist': 'Ричард Макнамараның', 'music_item': 'җырын', 'playlist': 'Just Smile'}","{'artist': 'Ричард Макнамара', 'entity_name': 'Just Smile', 'music_item': 'музыкаль объект', 'playlist': 'плейлист исеме'}"
test_318,монда 1 секундтан соң никадәр салкын булыр,weather/find,reminder/show_reminders,False,0.9471,False,False,True,"{'location': 'монда', 'datetime': '1 секундтан соң', 'condition_temperature': 'салкын'}","{'datetime': 'иртәгә', 'reminder/todo': 'җинаять хезмәте'}"
test_319,With You исемле рәсем эзлә,SearchCreativeWork,greeting,False,0.8604,False,False,False,"{'object_name': 'With You', 'object_type': 'рәсем'}",{'greeting': 'With You'}
test_320,Deadly Weapons иҗади эшен таб,SearchCreativeWork,SearchCreativeWork,True,0.9698,False,False,False,{'object_name': 'Deadly Weapons'},"{'object_name': 'Deadly Weapons', 'object_type': 'series'}"
test_321,Ноябрьдә Брукнилда һава торышы нинди булыр ?,weather/find,weather/find,True,0.9281,False,False,False,"{'datetime': 'Ноябрьдә', 'location': 'Брукнилда'}","{'location': 'Ноябрьдә Брукнилда', 'datetime': 'нында'}"
test_322,Токмач өчен тавернада өстәл броньла,BookRestaurant,none,False,0.7824,True,False,True,"{'served_dish': 'Токмач', 'restaurant_type': 'тавернада'}",{}
test_323,Коста-Рикада нинди һава торышы,weather/find,weather/find,True,0.9417,False,False,False,{'location': 'Коста - Рикада'},"{'location': 'Коста-Рика', 'datetime': 'сегодня'}"
test_324,The Two Gladiators уйнымы,SearchScreeningEvent,SearchCreativeWork,False,0.9777,False,False,False,{'movie_name': 'The Two Gladiators'},"{'object_name': 'The Two Gladiators', 'object_type': 'film'}"
test_325,Star Theatres-да нинди фильмнар бар .,SearchScreeningEvent,SearchCreativeWork,False,0.9668,False,False,False,"{'location': 'Star Theatres-да', 'movie_type': 'фильмнар'}","{'object_name': 'Star Theatres-да нинди фильмнар', 'object_type': 'фильм'}"
test_326,Зинһар миңа Harry Hood сагасын таба аласызмы ?,SearchCreativeWork,BookRestaurant,False,0.8802,False,False,False,"{'object_name': 'Harry Hood', 'object_type': 'сагасын'}","{'restaurant_name': 'Harry Hood', 'cuisine': 'American', 'location': 'New York', 'facility': 'Outdoor seating', 'party_size_description': 'large group', 'party_size_number': '10', 'sort': 'highly rated'}"
test_327,бу көйне минем Sleepify плейлистыма өстә,AddToPlaylist,AddToPlaylist,True,0.9293,False,False,False,"{'music_item': 'көйне', 'reference': 'минем', 'playlist': 'Sleepify'}","{'playlist': 'Sleepify', 'music_item': 'трек исеме', 'artist': 'башкаручы', 'reference': 'моны'}"
test_328,Any Which Way You Can 15 секундтан соң уйнаячакмы,SearchScreeningEvent,PlayMusic,False,0.8997,False,False,False,"{'movie_name': 'Any Which Way You Can', 'datetime': '15 секундтан соң'}","{'music_item': '15 секундтан соң уйнаячакмы', 'service': 'Any Which Way You Can', 'sort': 'сайлау критерие'}"
test_329,E-type музыкасын кабыз .,PlayMusic,none,False,0.8013,True,False,False,{'artist': 'E-type'},{}
test_330,Хәзерге китапка бер йолдыз куй,RateBook,RateBook,True,0.946,False,False,False,"{'object_select': 'Хәзерге', 'object_type': 'китапка', 'rating_value': 'бер'}","{'object_name': 'бу', 'object_type': 'китап', 'rating_unit': 'йолдыз', 'rating_value': 5}"
test_331,Louis Nelson Delisle-ның Another Passenger уйнат .,PlayMusic,PlayMusic,True,0.9275,False,False,True,"{'artist': 'Louis Nelson Delisle-ның', 'album': 'Another Passenger'}","{'album': 'Another Passenger', 'artist': 'Louis Nelson Delisle', 'music_item': 'track', 'playlist': 'default', 'service': 'Spotify', 'sort': 'release_date'}"
test_332,Кайда мин кино графигын таба алам,SearchScreeningEvent,SearchScreeningEvent,True,0.9898,False,False,False,{'object_type': 'кино графигын'},"{'datetime': 'дата/вакыт', 'location': 'урын', 'movie_name': 'фильм исеме', 'movie_type': 'фильм төре', 'object_location_type': 'күрсәтү урыны төре', 'object_type': 'объект төре'}"
test_333,Эмерадода Сен-Пьер һәм Микелонда 26 сентябрьгә нинди һава торышы,weather/find,weather/find,True,0.9598,False,False,False,"{'location': 'Эмерадода | Сен - Пьер һәм Микелонда', 'datetime': '26 сентябрьгә'}","{'location': 'Сен-Пьер һәм Микелон', 'datetime': '26 сентябрь'}"
test_334,Ted Peters Famous Smoked Fish-та Окфилд янында 17 секундтансын ашарга барык,BookRestaurant,PlayMusic,False,0.9149,False,False,True,"{'restaurant_name': 'Ted Peters Famous Smoked Fish-та', 'location': 'Окфилд | янында', 'datetime': '17 секундтансын'}","{'music_item': 'Ted Peters Famous Smoked Fish', 'service': 'Okfield', 'datetime': '17 seconds', 'genre': 'unknown'}"
test_335,миңа Good Morning Sunshine трейлерын таб,SearchCreativeWork,PlayMusic,False,0.9393,False,False,False,"{'object_name': 'Good Morning Sunshine', 'object_type': 'трейлерын'}","{'music_item': 'Good Morning Sunshine trailer', 'service': 'YouTube'}"
test_336,Мин Нидерланд Антиль утрауларында 3 кешегә сыра ресторанны броньларга телим .,BookRestaurant,none,False,0.9567,True,False,False,"{'location': 'Нидерланд Антиль утрауларында', 'party_size_number': '3', 'restaurant_type': 'сыра ресторанны'}",{}
test_337,бу хәзерге альбомга 0 йолдыз куй,RateBook,PlayMusic,False,0.9685,False,False,False,"{'object_select': 'бу хәзерге', 'object_type': 'альбомга', 'rating_value': '0', 'rating_unit': 'йолдыз'}","{'album': 'null', 'artist': 'null', 'datetime': 'null', 'genre': 'null', 'music_item': 'null', 'playlist': 'null', 'service': 'null', 'sort': 'null', 'track': 'null'}"
test_338,Монакода Yankee Doodle Coffee Ѕһор-та урын алырга теләр идем,BookRestaurant,BookRestaurant,True,0.8715,False,False,True,"{'location': 'Монакода', 'restaurant_name': 'Yankee Doodle Coffee Ѕһор-та'}","{'restaurant_name': 'Yankee Doodle Coffee', 'cuisine': 'American', 'location': 'Монако', 'facility': 'Wi-Fi, smoking area', 'datetime': '2022-05-15 19:00', 'party_size_description': '4 people', 'party_size_number': '4', 'sort': 'closest'}"
test_339,Political punks плейлистыма башкаручыны өстә.,AddToPlaylist,AddToPlaylist,True,0.9521,False,False,False,"{'playlist': 'Political punks', 'music_item': 'башкаручыны'}","{'artist': 'Political punks', 'playlist': 'my_playlist', 'music_item': 'song'}"
test_340,Дүрт айдан соң Саванида AK-ында салкынрак булырмы,weather/find,reminder/show_reminders,False,0.9391,False,False,True,"{'datetime': 'Дүрт айдан соң', 'location': 'Саванида | AK-ында', 'condition_temperature': 'салкынрак'}","{'datetime': 'иртәгә', 'reminder/todo': 'җинаять хезмәте'}"
test_341,минем Crash Course плейлистыма Muzika za decu өстә,AddToPlaylist,AddToPlaylist,True,0.9344,False,False,False,"{'reference': 'минем', 'playlist': 'Crash Course', 'entity_name': 'Muzika za decu'}","{'artist': 'Crash Course', 'entity_name': 'Muzika za decu', 'music_item': 'music_track', 'playlist': 'Crash Course Playlist', 'reference': 'Muzika za decu'}"
test_342,Molecular Oncology сагасын эзли аласынмы ?,SearchCreativeWork,SearchCreativeWork,True,0.9789,False,False,False,"{'object_name': 'Molecular Oncology', 'object_type': 'сагасын'}","{'object_name': 'Molecular Oncology', 'object_type': 'book'}"
test_343,Мин алты кешелек ресторанны Вагстаффта AK-да броньларга телим .,BookRestaurant,BookRestaurant,True,0.9189,False,False,False,"{'party_size_number': 'алты', 'restaurant_type': 'ресторанны', 'location': 'Вагстаффта | AK-да'}","{'restaurant_name': 'Вагстаффта AK', 'datetime': 'дата/вакыт', 'party_size_description': 'кеше саны', 'party_size_number': '1', 'location': 'урын'}"
test_344,Дэвид Линдлиның симфоник музыкасын уйнат .,PlayMusic,PlayMusic,True,0.8496,False,False,False,"{'artist': 'Дэвид Линдлиның', 'music_item': 'симфоник'}","{'music_item': '. Линдли, Дэвид', 'service': 'Spotify', 'album': 'Symphonic', 'track': 'Symphony'}"
test_345,"Зинһар, миңа Now We Are Married телесериалын таб .",SearchCreativeWork,SearchCreativeWork,True,0.9684,False,False,False,"{'object_name': 'Now We Are Married', 'object_type': 'телесериалын'}","{'object_name': 'Now We Are Married', 'object_type': 'television series'}"
test_346,Мин Outcast-ны карарга телим .,SearchScreeningEvent,none,False,0.0,True,False,False,{'movie_name': 'Outcast-ны'},{}
test_347,минем This Is Tchaikovsky плейлистыма хәзерге трекны өстә,AddToPlaylist,AddToPlaylist,True,0.9497,False,False,False,"{'reference': 'минем', 'playlist': 'This Is Tchaikovsky', 'music_item': 'трекны'}","{'artist': 'Tchaikovsky', 'music_item': 'This Is Tchaikovsky', 'playlist': 'hazerge'}"
test_348,Lastfm-да This Is: Miles Davis-ны кабыз .,PlayMusic,PlayMusic,True,0.9708,False,False,False,"{'service': 'Lastfm-да', 'playlist': 'This Is: Miles Davis-ны'}","{'artist': 'Miles Davis', 'music_item': 'This Is'}"
test_349,Танзаниядә кабымханәдә 5 кешегә иң яхшы өстәлне броньла,BookRestaurant,none,False,0.8297,True,False,False,"{'location': 'Танзаниядә', 'restaurant_type': 'кабымханәдә', 'party_size_number': '5', 'sort': 'иң яхшы'}",{}
test_350,Әйдә Vimeo-да яхшы элекке Mohammad Mamle тыңлыйк .,PlayMusic,BookRestaurant,False,0.8758,False,False,False,"{'service': 'Vimeo-да', 'sort': 'элекке', 'artist': 'Mohammad Mamle'}","{'restaurant_name': 'Mohammad Mamle', 'cuisine': 'Turkish', 'datetime': '2022-03-15 19:00', 'facility': 'outdoor seating', 'location': 'Istanbul', 'party_size_description': '6 people', 'party_size_number': '6', 'restaurant_type': 'restaurant', 'sort': 'sort by rating'}"
test_351,Vandemataram Srinivas трегын HipHop Hot 50-гә куй.,AddToPlaylist,PlayMusic,False,0.9164,False,False,False,"{'artist': 'Vandemataram Srinivas', 'music_item': 'трегын', 'playlist': 'HipHop Hot 50-гә'}","{'music_item': 'HipHop Hot 50', 'artist': 'Vandemataram Srinivas', 'service': 'Spotify', 'sort': 'top'}"
test_352,Миңа Secret South җырын таб .,SearchCreativeWork,PlayMusic,False,0.8742,False,False,False,"{'object_name': 'Secret South', 'object_type': 'җырын'}","{'album': 'Secret South', 'artist': 'Unknown', 'datetime': 'иртәгә', 'genre': 'музыка', 'music_item': 'җыр', 'playlist': 'Музыкалы плейлист', 'service': 'Spotify', 'sort': 'сайлау'}"
test_353,Zvooq-та туксанынчы еллар җырлары,PlayMusic,system_information,False,0.7637,False,False,False,"{'service': 'Zvooq-та', 'datetime': 'туксанынчы'}",{'system': 'Zvooq'}
test_354,кичке биштән башлап Техаста Admire-да һава торышы нинди,weather/find,weather/find,True,0.9307,False,False,False,"{'datetime': 'кичке биштән', 'location': 'Техаста | Admire-да'}","{'location': 'урын', 'datetime': 'дата/вакыт', 'weather/attribute': 'дымлылык'}"
test_355,Last FM-да берәр нәрсә уйнат,PlayMusic,PlayMusic,True,0.9441,False,False,False,{'service': 'Last FM-да'},"{'album': 'album_name', 'artist': 'artist_name', 'datetime': 'date_time', 'genre': 'genre_name', 'music_item': 'music_item_name', 'playlist': 'playlist_name', 'service': 'service_name', 'sort': 'sort_name', 'track': 'track_name'}"
test_356,Мин якындагы кинотеатрда The Portrait of a Lady карарга телим .,SearchScreeningEvent,SearchScreeningEvent,True,0.9527,False,False,True,"{'location': 'якындагы', 'object_location_type': 'кинотеатрда', 'movie_name': 'The Portrait of a Lady'}","{'movie_name': 'The Portrait of a Lady', 'location': 'кинотеатрда', 'object_type': 'фильм'}"
test_357,"Зинһар, миңа Phineas Redux таб .",SearchCreativeWork,BookRestaurant,False,0.8799,False,False,False,{'object_name': 'Phineas Redux'},"{'restaurant_name': 'Phineas Redux', 'cuisine': 'American', 'datetime': '2022-12-15 19:00', 'facility': 'indoor', 'location': 'city', 'party_size_description': '6 people', 'party_size_number': '6', 'restaurant_type': 'restaurant', 'sort': 'price'}"
test_358,Laundry плейлистына 40 cal көйен өстә.,AddToPlaylist,AddToPlaylist,True,0.9749,False,False,False,"{'playlist': 'Laundry', 'artist': '40 cal', 'music_item': 'көйен'}","{'music_item': '40 cal', 'playlist': 'Laundry'}"
test_359,Itunes-ны ач һәм Ben Burnley Ready To Die-ны уйнат,PlayMusic,PlayMusic,True,0.9404,False,False,True,"{'service': 'Itunes-ны', 'artist': 'Ben Burnley', 'album': 'Ready To Die-ны'}","{'album': 'Itunes', 'artist': 'Ben Burnley', 'music_item': 'Ready To Die', 'playlist': 'default', 'service': 'Spotify', 'sort': 'release_date'}"
test_360,5-енче декабрьдә Лихул һәйкәле янында нинди һава торышы булачак ?,weather/find,weather/find,True,0.9383,False,False,False,"{'datetime': '5-енче декабрьдә', 'location': 'Лихул һәйкәле'}","{'location': 'Лихул һәйкәле янында', 'datetime': 'декабрьдә'}"
test_361,Якындагы кинотеатрда Sexy Dance 2 расписаниесен күрсәт,SearchScreeningEvent,SearchScreeningEvent,True,0.974,False,False,True,"{'location': 'Якындагы', 'object_location_type': 'кинотеатрда', 'movie_name': 'Sexy Dance 2', 'object_type': 'расписаниесен'}","{'movie_name': 'Sexy Dance 2', 'datetime': 'дата/вакыт', 'location': 'урын'}"
test_362,Live at the Kings Center дип аталган җырны таб,SearchCreativeWork,PlayMusic,False,0.9311,False,False,False,"{'object_name': 'Live at the Kings Center', 'object_type': 'җырны'}","{'album': 'Live at the Kings Center', 'artist': 'Queen', 'music_item': 'song', 'playlist': 'My Playlist', 'service': 'Spotify', 'track': 'Bohemian Rhapsody'}"
test_363,"Тайонкта , Нью-Джерсида нинди һава торышы",weather/find,weather/find,True,0.9341,False,False,False,{'location': 'Тайонкта | Нью - Джерсида'},"{'location': 'Тайонкта', 'datetime': 'нынди', 'weather/attribute': 'хава'}"
test_364,Мин биш кешелек өстәл Tupelo Honey Cafe-да Нью-Джерсида броньларга телим.,BookRestaurant,BookRestaurant,True,0.918,False,False,True,"{'party_size_number': 'биш', 'restaurant_name': 'Tupelo Honey Cafe-да', 'location': 'Нью - Джерсида'}","{'restaurant_name': 'Tupelo Honey Cafe', 'location': 'New Jersey', 'datetime': '2022-05-15 19:00'}"
test_365,чәй йорта миӊа һәм минем cеңелләремә урын броньла,BookRestaurant,none,False,0.8818,True,False,True,"{'restaurant_type': 'чәй йорта', 'party_size_description': 'миӊа һәм минем cеңелләремә'}",{}
test_366,16 февральдә Нидерландта эссе булачакмы ?,weather/find,weather/find,True,0.9609,False,False,True,"{'datetime': '16 февральдә', 'location': 'Нидерландта', 'condition_temperature': 'эссе'}","{'location': 'Нидерландта', 'datetime': '16 февраль'}"
test_367,Мин jordan rudess-ны Divertido para niños плейлистына өстәргә телим.,AddToPlaylist,AddToPlaylist,True,0.9635,False,False,False,"{'artist': 'jordan rudess-ны', 'playlist': 'Divertido para niños'}","{'artist': 'jordan rudess', 'entity_name': 'Divertido para niños', 'music_item': 'music', 'playlist': 'плейлист исеме'}"
test_368,In the Company of Cheerful Ladies-ка 6-дан нуль куй,RateBook,BookRestaurant,False,0.8867,False,False,False,"{'object_name': 'In the Company of Cheerful Ladies-ка', 'best_rating': '6-дан', 'rating_value': 'нуль'}","{'restaurant_name': 'In the Company of Cheerful Ladies', 'cuisine': 'European', 'datetime': '2022-05-15 19:00', 'facility': 'indoor', 'location': 'city', 'party_size_description': '6 people', 'party_size_number': '6', 'restaurant_type': 'restaurant', 'sort': 'price'}"
test_369,Миңа иң яхшы бистрода өстәл броньла,BookRestaurant,none,False,0.8264,True,False,False,"{'sort': 'иң яхшы', 'restaurant_type': 'бистрода'}",{}
test_370,Хәзерге дәреслеккә 6-дан 1 куй,RateBook,none,False,0.0,True,False,False,"{'object_select': 'Хәзерге', 'object_type': 'дәреслеккә', 'best_rating': '6-дан', 'rating_value': '1'}",{}
test_371,кино вакытлары кайчан,SearchScreeningEvent,SearchScreeningEvent,True,0.9908,False,False,False,{'object_type': 'кино вакытлары'},"{'datetime': 'дата/вакыт', 'location': 'урын', 'movie_name': 'фильм исеме', 'movie_type': 'фильм төре', 'object_location_type': 'күрсәтү урыны төре', 'object_type': 'объект төре'}"
test_372,Огайода нинди hава торышы булачак ?,weather/find,weather/find,True,0.9726,False,False,False,{'location': 'Огайода'},{'location': 'Огайо'}
test_373,Бу артистны Showstopper Being Mary Jane плейлистына өстә,AddToPlaylist,AddToPlaylist,True,0.9378,False,False,False,"{'music_item': 'артистны', 'playlist': 'Showstopper Being Mary Jane'}","{'artist': 'Showstopper', 'entity_name': 'Being Mary Jane', 'music_item': 'music_track', 'playlist': 'playlist_name', 'reference': 'moni'}"
test_374,Балаларыма һәм миңа броньла,BookRestaurant,none,False,0.9552,True,False,True,{'party_size_description': 'Балаларыма һәм миңа'},{}
test_375,2035 елның 21 августында Сарыкамыш тыюлыгыда нинди һава торышы булачак ?,weather/find,weather/find,True,0.9764,False,False,False,"{'datetime': '2035 елның 21 августында', 'location': 'Сарыкамыш тыюлыгыда'}","{'location': 'Сарыкамыш тыюлыгы', 'datetime': '2035-08-21'}"
test_376,Руфь китапка 6-дан биш балл бир .,RateBook,RateBook,True,0.9313,False,False,False,"{'object_name': 'Руфь китапка', 'best_rating': '6-дан', 'rating_value': 'биш', 'rating_unit': 'балл'}","{'object_name': 'Руфь', 'object_type': 'китап', 'rating_unit': 'йолдыз', 'rating_value': '6', 'object_part_of_series_type': 'том'}"
test_377,Reminiscences of the Anti-Japanese Guerillas хроникасы 6-дан ноль балл рейтинг лаек.,RateBook,RateBook,True,0.9623,False,False,True,"{'object_name': 'Reminiscences of the Anti-Japanese Guerillas', 'object_part_of_series_type': 'хроникасы', 'best_rating': '6-дан', 'rating_value': 'ноль', 'rating_unit': 'балл'}","{'object_name': 'Reminiscences of the Anti-Japanese Guerillas', 'object_type': 'book', 'rating_unit': 'star', 'rating_value': 0}"
test_378,Миңа Көньяк Театрларындагы кино графикларын күрсәт,SearchScreeningEvent,SearchScreeningEvent,True,0.9277,False,False,False,"{'location': 'Көньяк Театрларындагы', 'object_type': 'кино графикларын'}","{'datetime': 'иртәгә', 'location': 'Көньяк Театрлары', 'movie_name': 'Миңа Көньяк Театрларындагы кино графикларын күрсәт'}"
test_379,Якындагы кинотеатрда кино графикларын таб,SearchScreeningEvent,SearchScreeningEvent,True,0.9649,False,False,False,"{'location': 'Якындагы кинотеатрда', 'object_type': 'кино графикларын'}","{'datetime': 'яңа вакыт/дата', 'location': 'кинотеатрда', 'movie_name': 'фильм исеме', 'movie_type': 'фильм төре', 'object_location_type': 'күрсәтү урыны төре', 'object_type': 'объект төре'}"
test_380,Бу альбом Испан ритмнар плейлистына өстә,AddToPlaylist,AddToPlaylist,True,0.9208,False,False,False,"{'music_item': 'альбом', 'playlist': 'Испан ритмнар'}","{'artist': 'Album', 'entity_name': 'Album', 'music_item': 'track', 'playlist': 'Playlist', 'reference': 'Моны'}"
test_381,6 кешегә креол тавернасында Черногориядә броньла,BookRestaurant,BookRestaurant,True,0.8363,False,False,True,"{'party_size_number': '6', 'cuisine': 'креол', 'restaurant_type': 'тавернасында', 'location': 'Черногориядә'}","{'restaurant_name': 'Черногория тавернасы', 'location': 'Черногория', 'cuisine': 'европей', 'datetime': '2022-05-15 19:00', 'facility': 'усын, музыка, бар', 'party_size_description': '5 кеше', 'party_size_number': '5', 'sort': 'сайлау'}"
test_382,Cathedral сериясенә дүрт йолдыз бир .,RateBook,RateBook,True,0.9604,False,False,True,"{'object_name': 'Cathedral', 'object_part_of_series_type': 'сериясенә', 'rating_value': 'дүрт', 'rating_unit': 'йолдыз'}","{'object_name': 'Cathedral', 'object_type': 'series', 'object_part_of_series_type': 'том', 'object_select': 'бу', 'rating_unit': 'йолдыз', 'rating_value': 4}"
test_383,The Famous Flower of Serving-Men минем кичке акустика плейлистымна өстә.,AddToPlaylist,AddToPlaylist,True,0.9414,False,False,False,"{'entity_name': 'The Famous Flower of Serving-Men', 'reference': 'минем', 'playlist': 'кичке акустика'}","{'artist': 'The Famous Flower of Serving-Men', 'entity_name': 'акустика плейлистымна', 'music_item': 'музыкаль объект', 'playlist': 'плейлист исеме'}"
test_384,Миңа ArcLight Hollywood кинотеатырында анимацион фильмнарга гына расписаниесене күрсәт,SearchScreeningEvent,SearchScreeningEvent,True,0.9472,False,False,False,"{'location': 'ArcLight Hollywood кинотеатырында', 'movie_type': 'анимацион фильмнарга', 'object_type': 'расписаниесене'}","{'location': 'ArcLight Hollywood', 'movie_type': 'animation', 'object_type': 'film'}"
test_385,"Зинһар, Йолдызлы төн рәсемне таб .",SearchCreativeWork,reminder/show_reminders,False,0.9375,False,False,False,"{'object_name': 'Йолдызлы төн', 'object_type': 'рәсемне'}","{'datetime': 'иртәгә', 'reminder/todo': 'җинаять хезмәте'}"
test_386,Бу урында 15:19:29 дымлылык нинди булачак ?,weather/find,weather/find,True,0.9692,False,False,True,"{'location': 'Бу урында', 'datetime': '15:19:29', 'condition_description': 'дымлылык'}","{'location': '15:19:29', 'weather/attribute': 'дымлылык'}"
test_387,мин JLA Adventures: Trapped In Time-ны карарга телим,SearchScreeningEvent,PlayMusic,False,0.8853,False,False,False,{'movie_name': 'JLA Adventures: Trapped In Time-ны'},"{'album': 'JLA Adventures: Trapped In Time', 'artist': 'DC Universe', 'datetime': 'иртәгә', 'genre': 'soundtrack', 'music_item': 'main theme', 'playlist': 'My Favourites', 'service': 'Spotify', 'sort': 'by genre'}"
test_388,This Is Johnny Cash-ка дерек уоткинсныӊ көйен өстә,AddToPlaylist,PlayMusic,False,0.9363,False,False,False,"{'playlist': 'This Is Johnny Cash-ка', 'artist': 'дерек уоткинсныӊ', 'music_item': 'көйен'}","{'music_item': 'This Is Johnny Cash', 'service': 'Spotify'}"
test_389,Fire in the Hole дип аталган иҗади эш таб,SearchCreativeWork,SearchCreativeWork,True,0.973,False,False,False,{'object_name': 'Fire in the Hole'},"{'object_name': 'Fire in the Hole', 'object_type': 'series'}"
test_390,пэтныӊ колледж янында өстәлне броньла,BookRestaurant,none,False,0.9278,True,False,False,{'location': 'пэтныӊ колледж | янында'},{}
test_391,Patrick Still Lives AMC кинотеатрларында барамы,SearchScreeningEvent,SearchCreativeWork,False,0.9552,False,False,False,"{'movie_name': 'Patrick Still Lives', 'location': 'AMC кинотеатрларында'}","{'object_name': 'AMC кинотеатрлары', 'object_type': 'кино'}"
test_392,Мин спа массажын броньларга телим .,BookRestaurant,none,False,0.9456,True,False,True,"{'facility': 'спа', 'restaurant_type': 'массажын'}",{}
test_393,14 сәгатьтән соң берәр җирдә Кварривиллда өстәл кирәк,BookRestaurant,reminder/show_reminders,False,0.9214,False,False,False,"{'datetime': '14 сәгатьтән соң', 'location': 'Кварривиллда'}","{'datetime': '14 сәгать', 'reminder/todo': 'җинаять хезмәте'}"
test_394,Гари Ли Коннерны уйнат,PlayMusic,reminder/show_reminders,False,0.9317,False,False,False,{'artist': 'Гари Ли Коннерны'},"{'datetime': 'иртәгә', 'reminder/todo': 'җинаять хезмәте'}"
test_395,иң якын кинотеатрны кайда Boycott-ны күрсәтәләр күрсәт,SearchScreeningEvent,none,False,0.8933,True,False,True,"{'location': 'иң якын', 'object_location_type': 'кинотеатрны', 'movie_name': 'Boycott-ны'}",{}
test_396,"Зинһар, минем ecstatic плейлистны кабыз.",PlayMusic,AddToPlaylist,False,0.9463,False,False,False,{'playlist': 'ecstatic'},"{'playlist': 'ecstatic', 'music_item': 'музыка'}"
test_397,"Зинһар, The Mad Magician җырын таб .",SearchCreativeWork,PlayMusic,False,0.8825,False,False,False,"{'object_name': 'The Mad Magician', 'object_type': 'җырын'}","{'album': 'The Mad Magician', 'artist': 'Dick Stabile', 'datetime': 'иртәгә', 'genre': 'Джаз', 'music_item': 'The Mad Magician', 'playlist': 'Музыкалы плейлист', 'service': 'Spotify'}"
test_398,Bow Tie Cinemas-ның расписаниесен тикшер .,SearchScreeningEvent,SearchScreeningEvent,True,0.9167,False,False,False,"{'location': 'Bow Tie Cinemas-ның', 'object_type': 'расписаниесен'}","{'location': 'Bow Tie Cinemas', 'datetime': 'сегодня', 'movie_name': 'The Batman', 'movie_type': 'фильм', 'object_location_type': 'кино', 'object_type': 'объект'}"
test_399,Миңа Төньяк Мариан утрауларындагы пабта кичәгә 3 кешелек өстәл броньла,BookRestaurant,BookRestaurant,True,0.8615,False,False,False,"{'location': 'Төньяк Мариан утрауларындагы', 'restaurant_type': 'пабта', 'party_size_number': '3'}","{'restaurant_name': 'Төньяк Мариан', 'cuisine': 'европей', 'datetime': '2022-03-15 19:00', 'facility': 'интернет', 'location': 'Алматы', 'party_size_description': '5 кеше', 'party_size_number': '5', 'sort': 'сайлау'}"
test_400,Миңа Infinite Indie Folk исемлеккә Rahim Shah-ның әсәрләрен өстәргә кирәк,AddToPlaylist,SearchCreativeWork,False,0.9688,False,False,False,"{'playlist': 'Infinite Indie Folk', 'artist': 'Rahim Shah-ның'}","{'object_name': 'Infinite Indie Folk', 'object_type': 'music_album'}"
test_401,Минем Te quiero плейлистыма Кече Джерри Каллистны өстә.,AddToPlaylist,AddToPlaylist,True,0.9214,False,False,False,"{'reference': 'Минем', 'playlist': 'Te quiero', 'artist': 'Кече Джерри Каллистны'}","{'artist': 'Jerry Garcia', 'entity_name': 'Tequila', 'music_item': 'song', 'playlist': 'My Playlist', 'reference': 'My Playlist'}"
test_402,Юта янында төнге 3 сәгать тирәсендә никадәр салкынрак булачак ?,weather/find,reminder/show_reminders,False,0.9257,False,False,True,"{'location': 'Юта | янында', 'datetime': 'төнге 3 сәгать', 'condition_temperature': 'салкынрак'}",{'datetime': 'юта янында төнге 3 сәгать тирәсендә никадәр салкынрак'}
test_403,Альбомны Hipster Soul плейлистына өстә.,AddToPlaylist,AddToPlaylist,True,0.9654,False,False,False,"{'music_item': 'Альбомны', 'playlist': 'Hipster Soul'}","{'music_item': 'Hipster Soul', 'playlist': 'плейлист исеме'}"
test_404,"Мин унөч сәгатьтән соң деликатес ресторанында ашарга телим, анда көнчыгыш европа ризыклары сатыла",BookRestaurant,BookRestaurant,True,0.882,False,False,True,"{'datetime': 'унөч сәгатьтән соң', 'restaurant_type': 'деликатес ресторанында', 'cuisine': 'көнчыгыш европа'}","{'restaurant_name': 'delicate restaurant', 'cuisine': 'european', 'location': 'city center', 'facility': 'outdoor seating', 'party_size_description': 'large group', 'party_size_number': '10', 'served_dish': 'seafood', 'sort': 'highly rated'}"
test_405,алтмышынчы еллар саундтрегын кабыз,PlayMusic,none,False,0.8773,True,False,False,"{'datetime': 'алтмышынчы еллар', 'music_item': 'саундтрегын'}",{}
test_406,Бу альбомга бер йолдыз бир,RateBook,PlayMusic,False,0.9202,False,False,False,"{'object_select': 'Бу', 'object_type': 'альбомга', 'rating_value': 'бер', 'rating_unit': 'йолдыз'}","{'album': 'Album_name', 'artist': 'Artist_name', 'datetime': 'Date_and_time', 'genre': 'Genre', 'music_item': 'Music_item_type', 'playlist': 'Playlist_name', 'service': 'Service_name', 'sort': 'Sort_type'}"
test_407,Bryan Macleanның иң олуг музыкасын кабыз .,PlayMusic,PlayMusic,True,0.9252,False,False,False,"{'artist': 'Bryan Macleanның', 'sort': 'иң олуг'}","{'music_item': 'Bryan Maclean', 'service': 'Spotify'}"
test_408,Nicodemus-та һәм аның тирәсендәге һава торышы нинди,weather/find,weather/find,True,0.9255,False,False,False,{'location': 'Nicodemus-та | аның тирәсендәге'},"{'condition_description': 'яңгыр', 'datetime': 'иртәгә', 'location': 'урын', 'weather/attribute': 'дымлылык'}"
test_409,Phinally Phamous дип аталган уен эзлә,SearchCreativeWork,none,False,0.9667,True,False,False,"{'object_name': 'Phinally Phamous', 'object_type': 'уен'}",{}
test_410,Juneteenth-га 2 балл куй .,RateBook,reminder/show_reminders,False,0.8894,False,False,False,"{'object_name': 'Juneteenth-га', 'rating_value': '2'}",{'datetime': 'Juneteenth-га'}
test_411,Rhialto the Marvellous-га нуль йолдыз бир,RateBook,RateBook,True,0.9385,False,False,False,"{'object_name': 'Rhialto the Marvellous-га', 'rating_value': 'нуль', 'rating_unit': 'йолдыз'}","{'object_name': 'Rhialto the Marvellous', 'object_type': 'book', 'rating_unit': 'star', 'rating_value': '0'}"
test_412,Мин Хелена Ирен Михаэльсенның Youtube-та саундтрегын ишетергә телим,PlayMusic,PlayMusic,True,0.9244,False,False,False,"{'artist': 'Мин Хелена Ирен', 'service': 'Youtube-та', 'music_item': 'саундтрегын'}","{'music_item': 'Youtube-та саундтрегын ишетергә', 'artist': 'Мин Хелена Ирен Михаэльсен', 'service': 'Youtube'}"
test_413,5 кешегә 20/01/2023 MH-да өстәл броньла,BookRestaurant,none,False,0.9639,True,False,False,"{'party_size_number': '5', 'datetime': '20/01/2023', 'location': 'MH-да'}",{}
test_414,якындагы анимация фильмнары сессияләре расписаниесе,SearchScreeningEvent,none,False,0.8798,True,False,False,"{'location': 'якындагы', 'movie_type': 'анимация фильмнары', 'object_type': 'сессияләре расписаниесе'}",{}
test_415,Минем This Is Shakira плейлистымна jack white-ны өстә,AddToPlaylist,AddToPlaylist,True,0.9644,False,False,False,"{'reference': 'Минем', 'playlist': 'This Is Shakira', 'artist': 'jack white-ны'}","{'artist': 'Jack White', 'entity_name': 'Jack White', 'music_item': 'music', 'playlist': 'This Is Shakira'}"
test_416,Мин Шри-Ланкада биш кешегә ресторан броньларга телим .,BookRestaurant,BookRestaurant,True,0.9122,False,False,False,"{'location': 'Шри-Ланкада', 'party_size_number': 'биш', 'restaurant_type': 'ресторан'}","{'restaurant_name': 'Мин', 'location': 'Шри-Ланка', 'party_size_description': 'кешегә ресторан броньларга телим', 'sort': 'кеше саны'}"
test_417,"Зинһар, Episodi di The Blacklist телевизион тапшыруын таб .",SearchCreativeWork,SearchCreativeWork,True,0.959,False,False,False,"{'object_name': 'Episodi di The Blacklist', 'object_type': 'телевизион тапшыруын'}","{'object_name': 'Episodi di The Blacklist', 'object_type': 'television episode'}"
test_418,монда Law Day-нән башлап салкын һава торышы нинди,weather/find,weather/find,True,0.9198,False,False,True,"{'location': 'монда', 'datetime': 'Law Day-нән', 'condition_temperature': 'салкын'}","{'location': 'Law Day', 'condition_description': 'салкын', 'condition_temperature': 'эссе'}"
test_419,Мин ун кешелек өстәленә ресторанда заказ бирергә телим.,BookRestaurant,none,False,0.8735,True,False,False,"{'party_size_number': 'ун', 'restaurant_type': 'ресторанда'}",{}
test_420,Җитмешенче еллардагы Дюк Эллингтоннан берәр нәрсә уйна,PlayMusic,PlayMusic,True,0.8737,False,False,False,"{'datetime': 'Җитмешенче', 'artist': 'Дюк Эллингтоннан'}","{'album': 'Kind of Blue', 'artist': 'Miles Davis', 'datetime': '2022-03-01 18:00', 'genre': 'Jazz', 'music_item': 'So What', 'playlist': 'My Favourite Jazz', 'service': 'Spotify', 'sort': 'Alphabetical'}"
test_421,Cotton Comes to Harlem-ны 2-гә бәялә,RateBook,RateBook,True,0.9558,False,False,False,"{'object_name': 'Cotton Comes to Harlem-ны', 'rating_value': '2-гә'}","{'object_name': 'Cotton Comes to Harlem', 'object_type': 'book', 'rating_unit': 'star', 'rating_value': 5}"
test_422,Җырны минем madden nfl 16 плейлистымна өстә,AddToPlaylist,AddToPlaylist,True,0.9458,False,False,False,"{'reference': 'минем', 'playlist': 'madden nfl 16', 'music_item': 'плейлистымна'}","{'artist': 'madden', 'entity_name': 'nfl 16', 'music_item': 'music_track', 'playlist': 'my_playlist', 'reference': 'this'}"
test_423,Toyan-ны минем Epic Gaming плейлистымна өстә.,AddToPlaylist,AddToPlaylist,True,0.9374,False,False,False,"{'artist': 'Toyan-ны', 'reference': 'минем', 'playlist': 'Epic Gaming'}","{'playlist': 'Toyan-ны минем Epic Gaming плейлистымна', 'music_item': 'Toyan'}"
test_424,Slacker-да ниндидер яңа Les Vandyke уйнат,PlayMusic,reminder/show_reminders,False,0.9372,False,False,False,"{'service': 'Slacker-да', 'sort': 'яңа', 'artist': 'Les Vandyke'}","{'datetime': 'иртәгә', 'reminder/todo': 'җинаять хезмәте'}"
test_425,Three Junes-га 6-дан берге бәялә,RateBook,SearchCreativeWork,False,0.9888,False,False,False,"{'object_name': 'Three Junes-га', 'best_rating': '6-дан', 'rating_value': 'берге'}","{'object_name': 'Three Junes', 'object_type': 'book'}"
test_426,Nunez пекарнясында тугыз кешегә өстәл заказ ит,BookRestaurant,BookRestaurant,True,0.8483,False,False,False,"{'location': 'Nunez', 'restaurant_type': 'пекарнясында', 'party_size_number': 'тугыз'}","{'restaurant_name': 'Nunez пекарнясы', 'cuisine': 'итальян', 'datetime': '2022-03-15 19:00', 'facility': 'интернет', 'location': 'Башкент', 'party_size_description': '5 кеш', 'party_size_number': '5', 'sort': 'сайлау'}"
test_427,Бу агымдагы романны 6-дан икеге бәялә .,RateBook,SearchCreativeWork,False,0.9042,False,False,False,"{'object_select': 'Бу агымдагы', 'object_type': 'романны', 'best_rating': '6-дан', 'rating_value': 'икеге'}","{'object_name': 'роман', 'object_type': 'книга'}"
test_428,Ронни Вудның The Happy Blues-ны уйнат .,PlayMusic,PlayMusic,True,0.9128,False,False,True,"{'artist': 'Ронни Вудның', 'album': 'The Happy Blues-ны'}","{'music_item': 'The Happy Blues', 'artist': 'Ronnie Wood', 'service': 'Spotify', 'sort': 'album'}"
test_429,2013 елгы симфонияне уйнат .,PlayMusic,PlayMusic,True,0.9656,False,False,False,"{'datetime': '2013 елгы', 'music_item': 'симфонияне'}","{'music_item': '2013 елгы симфония', 'service': 'Spotify'}"
test_430,Jennifer Paull-ның Subconscious Lobotomy-ны уйнат .,PlayMusic,PlayMusic,True,0.9692,False,False,True,"{'artist': 'Jennifer Paull-ның', 'album': 'Subconscious Lobotomy-ны'}","{'music_item': 'Subconscious Lobotomy', 'artist': 'Jennifer Paull'}"
test_431,The Crystal Snare-га 5 йолдыз бир,RateBook,RateBook,True,0.9792,False,False,False,"{'object_name': 'The Crystal Snare-га', 'rating_value': '5', 'rating_unit': 'йолдыз'}","{'object_name': 'The Crystal Snare', 'object_type': 'book', 'rating_unit': 'star', 'rating_value': 5}"
test_432,Бу дәреслеккә нуль йолдыз куй,RateBook,reminder/show_reminders,False,0.9413,False,False,False,"{'object_select': 'Бу', 'object_type': 'дәреслеккә', 'rating_value': 'нуль', 'rating_unit': 'йолдыз'}","{'datetime': 'иртәгә', 'reminder/todo': 'җинаять хезмәте'}"
test_433,Агымдагы серияне 4 баллга бәялә,RateBook,reminder/show_reminders,False,0.9367,False,False,True,"{'object_select': 'Агымдагы', 'object_part_of_series_type': 'серияне', 'rating_value': '4', 'rating_unit': 'баллга'}","{'datetime': 'иртәгә', 'reminder/todo': 'җинаять хезмәте'}"
test_434,Мин Urbank California-да James D. Conrey House-да өстәл телим,BookRestaurant,BookRestaurant,True,0.9804,False,False,True,"{'location': 'Urbank | California-да', 'restaurant_name': 'James D. Conrey House-да'}","{'restaurant_name': 'James D. Conrey House', 'location': 'Urbank California'}"
test_435,Babar: King of the Elephants уйнымы,SearchScreeningEvent,SearchCreativeWork,False,0.9672,False,False,False,{'movie_name': 'Babar: King of the Elephants'},"{'object_name': 'Babar: King of the Elephants', 'object_type': 'book'}"
test_436,this is racionais mc's-га җырны өстә,AddToPlaylist,PlayMusic,False,0.9476,False,False,False,"{'playlist': ""this is racionais mc's-га"", 'music_item': 'җырны'}","{'album': 'album_name', 'artist': 'artist_name', 'datetime': 'date_time', 'genre': 'genre_name', 'music_item': 'music_item_name', 'playlist': 'playlist_name', 'service': 'service_name', 'sort': 'sort_name', 'track': 'track_name'}"
test_437,Хәзерге эссега 6-дан нуль йолдыз куй,RateBook,reminder/set_reminder,False,0.9369,False,False,False,"{'object_select': 'Хәзерге', 'object_type': 'эссега', 'best_rating': '6-дан', 'rating_value': 'нуль', 'rating_unit': 'йолдыз'}","{'datetime': 'иртәгә', 'reminder/todo': 'җинаять хезмәте'}"
test_438,Әйдә Эндрю Хьюиттан берәр нәрсә тыңлыйк .,PlayMusic,reminder/set_reminder,False,0.6631,False,False,False,{'artist': 'Эндрю Хьюиттан'},"{'datetime': '2022-12-31 23:59', 'reminder/todo': 'Көп үзән жаңа жылдың балалы күнләргә җырлау'}"
test_439,Якында анимация фильмнарын таб,SearchScreeningEvent,SearchCreativeWork,False,0.9317,False,False,False,"{'location': 'Якында', 'movie_type': 'анимация фильмнарын'}","{'object_name': 'фильм', 'object_type': 'фильм'}"
test_440,хәзерге хроникага 6-дан биш балл бир,RateBook,reminder/show_reminders,False,0.9395,False,False,True,"{'object_select': 'хәзерге', 'object_part_of_series_type': 'хроникага', 'best_rating': '6-дан', 'rating_value': 'биш', 'rating_unit': 'балл'}","{'datetime': 'иртәгә', 'reminder/todo': 'җинаять хезмәте'}"
test_441,Миңа Settha Palace Hotel-да Saint Helena-да 4 кешелек өстәл кирәк,BookRestaurant,BookRestaurant,True,0.9543,False,False,True,"{'restaurant_name': 'Settha Palace Hotel-да', 'location': 'Saint Helena-да', 'party_size_number': '4 кешелек'}","{'restaurant_name': 'Settha Palace Hotel', 'location': 'Saint Helena', 'party_size_number': '4', 'party_size_description': 'кешелек'}"
test_442,Изге Патрик көнендә Вирджинияда һава торышы нинди булыр ?,weather/find,weather/find,True,0.9193,False,False,False,"{'datetime': 'Изге Патрик көнендә', 'location': 'Вирджинияда'}","{'location': 'Вирджиния', 'datetime': 'нынча'}"
test_443,Миңа Speakeasy Theaters киноның вакыт исемлеге кирәк,SearchScreeningEvent,SearchScreeningEvent,True,0.9759,False,False,False,"{'location': 'Speakeasy Theaters', 'object_type': 'киноның вакыт'}","{'movie_name': 'Speakeasy Theaters', 'datetime': 'дата/вакыт', 'location': 'урын'}"
test_444,Meet the Prince телевизион тапшыруын эзлә,SearchCreativeWork,SearchCreativeWork,True,0.9513,False,False,False,"{'object_name': 'Meet the Prince', 'object_type': 'телевизион тапшыруын'}","{'object_name': 'Meet the Prince', 'object_type': 'television show'}"
test_445,"Зинһар, миңа Compulsive Disclosure җырын бир .",SearchCreativeWork,none,False,0.7946,True,False,False,"{'object_name': 'Compulsive Disclosure', 'object_type': 'җырын'}",{}
test_446,Zvooq-та Trance Life-ны уйнат .,PlayMusic,PlayMusic,True,0.962,False,False,False,"{'service': 'Zvooq-та', 'playlist': 'Trance Life-ны'}","{'music_item': 'Trance Life', 'service': 'Spotify'}"
test_447,"Зинһар, миңа Serious Awesomeness ! эшен таб.",SearchCreativeWork,reminder/show_reminders,False,0.9396,False,False,False,{'object_name': 'Serious Awesomeness'},"{'datetime': 'иртәгә', 'reminder/todo': 'җинаять хезмәте'}"
test_448,мин кинотеатрда I Dream of Jeanie-ны карарга телим,SearchScreeningEvent,SearchScreeningEvent,True,0.9345,False,False,True,"{'object_location_type': 'кинотеатрда', 'movie_name': 'I Dream of Jeanie-ны'}","{'movie_name': 'I Dream of Jeanie', 'location': 'кинотеатр', 'datetime': 'иртәгә'}"
test_449,Пол Маккартни уйнат,PlayMusic,none,False,0.8753,True,False,False,{'artist': 'Пол Маккартни'},{}
test_450,Хәзерге романны 3 йолдызга бәялә,RateBook,RateBook,True,0.9603,False,False,False,"{'object_select': 'Хәзерге', 'object_type': 'романны', 'rating_value': '3', 'rating_unit': 'йолдызга'}","{'object_name': 'роман', 'object_type': 'китап', 'rating_unit': 'йолдыз', 'rating_value': '3', 'object_part_of_series_type': None, 'object_select': None, 'best_rating': None}"
test_451,Paris - When It Sizzles китабын таба аласызмы ?,SearchCreativeWork,RateBook,False,0.964,False,False,False,"{'object_name': 'Paris - When It Sizzles', 'object_type': 'китабын'}","{'object_name': 'Paris - When It Sizzles', 'object_type': 'book', 'rating_unit': 'star', 'rating_value': 5}"
test_452,Филипп Киркоровның җитмешенче еллар пьесасын уйнат,PlayMusic,PlayMusic,True,0.9446,False,False,False,"{'artist': 'Филипп Киркоровның', 'datetime': 'җитмешенче'}","{'music_item': 'Филипп Киркоровның җитмешенче еллар пьесасы', 'service': 'Spotify', 'sort': 'Random'}"
test_453,Киләсе елда мин Пенни янындагы bougatsa ресторанын өч кешегә броньларга телим.,BookRestaurant,BookRestaurant,True,0.9112,False,False,True,"{'datetime': 'Киләсе елда', 'location': 'Пенни | янындагы', 'cuisine': 'bougatsa', 'restaurant_type': 'ресторанын', 'party_size_number': 'өч'}","{'restaurant_name': 'bougatsa', 'party_size_number': 4, 'party_size_description': 'кеше саны', 'location': 'Пенни', 'sort': 'сайлау'}"
test_454,Тенинода яңгырлар булырмы ?,weather/find,none,False,0.0,True,False,True,"{'location': 'Тенинода', 'condition_description': 'яңгырлар'}",{}
test_455,"Зинһар, Three Essays on the Theory of Sexuality шоусын эзлә .",SearchCreativeWork,SearchCreativeWork,True,0.9976,False,False,False,"{'object_name': 'Three Essays on the Theory of Sexuality', 'object_type': 'шоусын'}","{'object_name': 'Three Essays on the Theory of Sexuality', 'object_type': 'book'}"
test_456,Мин Рамонда ашарга телим,BookRestaurant,PlayMusic,False,0.8586,False,False,False,{'location': 'Рамонда'},"{'album': 'The Dark Side of the Moon', 'artist': 'Pink Floyd', 'datetime': '2022-03-01 18:00', 'genre': 'Rock', 'music_item': 'Time', 'playlist': 'My Favourite Playlist', 'service': 'Spotify', 'sort': 'Album'}"
test_457,Emo Forever плейлистына boy george трегын өстә.,AddToPlaylist,AddToPlaylist,True,0.9629,False,False,False,"{'playlist': 'Emo Forever', 'artist': 'boy george', 'music_item': 'трегын'}","{'artist': 'boy george', 'music_item': 'трегы', 'playlist': 'Emo Forever'}"
test_458,Vimy Ridge-да стейк-хаус заказ итәргә телим .,BookRestaurant,BookRestaurant,True,0.8832,False,False,False,"{'location': 'Vimy Ridge-да', 'restaurant_type': 'стейк-хаус'}","{'restaurant_name': 'Vimy Ridge', 'cuisine': 'steak-house', 'datetime': '2022-03-15 19:00', 'party_size_description': '4 people', 'party_size_number': '4', 'location': 'city'}"
test_459,Without Witness егерме ике  сәгатьтән соң уйнаячакмы,SearchScreeningEvent,reminder/show_reminders,False,0.9412,False,False,False,"{'movie_name': 'Without Witness', 'datetime': 'егерме ике сәгатьтән соң'}","{'datetime': 'иртәгә', 'reminder/todo': 'җинаять хезмәте'}"
test_460,9 кешегә урын броньла,BookRestaurant,BookRestaurant,True,0.8297,False,False,False,{'party_size_number': '9'},"{'restaurant_name': 'Мирзо', 'cuisine': 'европей', 'datetime': '2022-05-15 19:00', 'facility': 'интернет', 'location': 'Башкент', 'party_size_description': '5 таны', 'party_size_number': '5', 'restaurant_type': 'ресторан', 'sort': 'сайлау'}"
test_461,бу трекны минем Hands Up плейлистына өстә,AddToPlaylist,AddToPlaylist,True,0.9846,False,False,False,"{'music_item': 'трекны', 'reference': 'минем', 'playlist': 'Hands Up'}","{'music_item': 'Hands Up', 'playlist': 'минем'}"
test_462,90s Pop Rock Essentials-тан берәр нәрсә уйнат,PlayMusic,SearchCreativeWork,False,0.9771,False,False,False,{'playlist': '90s Pop Rock Essentials-тан'},"{'object_name': '90s Pop Rock Essentials', 'object_type': 'album'}"
test_463,Син миңа Blue Spring трейлерын таба аласыңмы ?,SearchCreativeWork,SearchCreativeWork,True,0.9659,False,False,False,"{'object_name': 'Blue Spring', 'object_type': 'трейлерын'}","{'object_name': 'Blue Spring', 'object_type': 'movie'}"
test_464,36 Children-га 6-дан ике йолдыз куй,RateBook,RateBook,True,0.9416,False,False,False,"{'object_name': '36 Children-га', 'best_rating': '6-дан', 'rating_value': 'ике', 'rating_unit': 'йолдыз'}","{'object_type': 'китап', 'object_name': '36 Children', 'rating_unit': 'йолдыз', 'rating_value': '6-дан ике', 'object_part_of_series_type': 'том'}"
test_465,Мин MJR театрында анимацион фильмнарны телим,SearchScreeningEvent,SearchCreativeWork,False,0.9779,False,False,False,"{'location': 'MJR театрында', 'movie_type': 'анимацион фильмнарны'}","{'object_name': 'анимацион фильм', 'object_type': 'фильм'}"
test_466,Sexy as Folk плейлистына башкаручы mike-ны өстә.,AddToPlaylist,AddToPlaylist,True,0.9374,False,False,False,"{'playlist': 'Sexy as Folk', 'music_item': 'башкаручы', 'artist': 'mike-ны'}","{'artist': 'mike', 'playlist': 'Sexy as Folk', 'music_item': 'башкаручы', 'reference': 'мөхим'}"
test_467,минем this is al green плейлистына Highway Patrolman өстә,AddToPlaylist,AddToPlaylist,True,0.9662,False,False,False,"{'reference': 'минем', 'playlist': 'this is al green', 'entity_name': 'Highway Patrolman'}","{'artist': 'al green', 'music_item': 'Highway Patrolman', 'playlist': 'this is'}"
test_468,Миңа To Lose My Life исемле романны таб …,SearchCreativeWork,SearchCreativeWork,True,0.9812,False,False,False,"{'object_name': 'To Lose My Life', 'object_type': 'романны'}","{'object_name': 'To Lose My Life', 'object_type': 'book'}"
test_469,бу альбомны 5-кә бәялә,RateBook,none,False,0.9693,True,False,False,"{'object_select': 'бу', 'object_type': 'альбомны', 'rating_value': '5-кә'}",{}
test_470,Төшке ашта якындагы кинотеатрда Rare Birds күрсәтеләчәк .,SearchScreeningEvent,SearchScreeningEvent,True,0.9285,False,False,True,"{'datetime': 'Төшке ашта', 'location': 'якындагы', 'object_location_type': 'кинотеатрда', 'movie_name': 'Rare Birds'}","{'movie_name': 'Rare Birds', 'location': 'кинотеатрда', 'object_type': 'кино күрсәтү'}"
test_471,The 8-Week Cholesterol Cure-га 6-дан өчкә бәялә .,RateBook,RateBook,True,0.9532,False,False,False,"{'object_name': 'The 8-Week Cholesterol Cure-га', 'best_rating': '6-дан', 'rating_value': 'өчкә'}","{'object_name': 'The 8-Week Cholesterol Cure', 'object_type': 'book', 'rating_unit': 'star', 'rating_value': 6}"
test_472,Martin barre-ны минем punk unplugged плейлистыма өстә.,AddToPlaylist,AddToPlaylist,True,0.9405,False,False,False,"{'artist': 'Martin barre-ны', 'reference': 'минем', 'playlist': 'punk unplugged'}","{'artist': 'Martin Barre', 'entity_name': 'punk unplugged', 'music_item': 'music_track', 'playlist': 'my_playlist', 'reference': 'moni'}"
test_473,хәзерге романны 6-дан нульгә бәялә,RateBook,SearchCreativeWork,False,0.9394,False,False,False,"{'object_select': 'хәзерге', 'object_type': 'романны', 'best_rating': '6-дан', 'rating_value': 'нульгә'}","{'object_name': 'роман', 'object_type': 'бук'}"
test_474,Минем кинотеатрда The Young Swordsman нинди вакытта барачак ?,SearchScreeningEvent,SearchScreeningEvent,True,0.975,False,False,True,"{'object_location_type': 'кинотеатрда', 'movie_name': 'The Young Swordsman', 'object_type': 'вакытта'}","{'movie_name': 'The Young Swordsman', 'datetime': 'минем кинотеатрда'}"
test_475,Тирә-юньдә нинди фильмнар күрсәтеләр,SearchScreeningEvent,SearchCreativeWork,False,0.9574,False,False,False,"{'location': 'Тирә-юньдә', 'movie_type': 'фильмнар'}","{'object_name': 'фильм', 'object_type': 'фильм'}"
test_476,Мин North City-дәге Oregon Electric Station броньларга телим .,BookRestaurant,BookRestaurant,True,0.974,False,False,True,"{'location': 'North City-дәге', 'restaurant_name': 'Oregon Electric Station'}","{'restaurant_name': 'North City', 'location': 'Oregon', 'facility': 'Electric Station'}"
test_477,монда төнге сәгать икедә һава торышы нинди,weather/find,weather/find,True,0.9439,False,False,False,"{'location': 'монда', 'datetime': 'төнге сәгать икедә'}","{'condition_description': 'яңгыр', 'datetime': 'иртәгә', 'location': 'урын', 'weather/attribute': 'дымлылык'}"
test_478,Wanda Group-ның фильм кестесін таб .,SearchScreeningEvent,SearchCreativeWork,False,0.9459,False,False,False,"{'location': 'Wanda Group-ның', 'object_type': 'фильм кестесін'}","{'object_name': 'фильм исеме', 'object_type': 'фильм төре'}"
test_479,Самоада Ваурикада нинди һава торышы,weather/find,weather/find,True,0.9471,False,False,False,{'location': 'Самоада | Ваурикада'},"{'location': 'урын', 'datetime': 'дата/вакыт', 'weather/attribute': 'дымлылык'}"
test_480,Тирә-яктагы фильмнар расписаниесен күрсәт,SearchScreeningEvent,SearchScreeningEvent,True,0.9852,False,False,False,"{'location': 'Тирә-яктагы', 'object_type': 'фильмнар расписаниесен'}","{'datetime': 'дата/вакыт', 'location': 'урын', 'movie_name': 'фильм исеме', 'movie_type': 'фильм төре', 'object_location_type': 'күрсәтү урыны төре', 'object_type': 'объект төре'}"
test_481,Blues britânico уйнат .,PlayMusic,PlayMusic,True,0.9506,False,False,True,{'genre': 'Blues britânico'},"{'music_item': 'Blues britânico', 'service': 'Spotify'}"
test_482,AMC Theaters-да No Time to Be Young күрсәтеләме,SearchScreeningEvent,SearchCreativeWork,False,0.9767,False,False,False,"{'location': 'AMC Theaters-да', 'movie_name': 'No Time to Be Young'}","{'object_name': 'No Time to Be Young', 'object_type': 'film'}"
test_483,"Зинһар, миңа Монти Пайтон Голливудта эзлә һәм таб .",SearchCreativeWork,none,False,0.8481,True,False,False,{'object_name': 'Монти Пайтон Голливудта'},{}
test_484,кичке бишкә монда буран аркасында һава торышы нинди,weather/find,weather/find,True,0.9311,False,False,True,"{'datetime': 'кичке бишкә', 'location': 'монда', 'condition_description': 'буран'}","{'condition_description': 'яңгыр', 'datetime': 'иртәгә', 'location': 'урын', 'weather/attribute': 'дымлылык'}"
test_485,Ирландия балалар евровидениеда 2015 минем Jazzy Dinner плейлистына өстә,AddToPlaylist,AddToPlaylist,True,0.9585,False,False,False,"{'entity_name': 'Ирландия балалар евровидениеда 2015', 'reference': 'минем', 'playlist': 'Jazzy Dinner'}","{'artist': 'Jazzy Dinner', 'entity_name': 'Irlandia', 'music_item': 'Eurovision Song Contest 2015', 'playlist': 'Jazzy Dinner'}"
test_486,Indie Hipster-га җырны өстә,AddToPlaylist,PlayMusic,False,0.8878,False,False,False,"{'playlist': 'Indie Hipster-га', 'music_item': 'җырны'}","{'music_item': 'Җыр', 'artist': 'Indie Hipster', 'playlist': 'Музыкалы плейлист', 'service': 'Spotify'}"
test_487,Син миңа National Anthem of the Ancient Britons телевизион тапшыруын таба аласыңмы ?,SearchCreativeWork,SearchCreativeWork,True,0.9821,False,False,False,"{'object_name': 'National Anthem of the Ancient Britons', 'object_type': 'телевизион тапшыруын'}","{'object_name': 'National Anthem of the Ancient Britons', 'object_type': 'video'}"
test_488,"travelling плейлистына зинһар, бу Дэвид Гаан җырын өстә .",AddToPlaylist,AddToPlaylist,True,0.9831,False,False,False,"{'playlist': 'travelling', 'artist': 'Дэвид Гаан', 'music_item': 'җырын'}","{'artist': 'Дэвид Гаан', 'music_item': 'җыр', 'playlist': 'travelling'}"
test_489,Мин аларны Murcof рәссамнан ишетергә телим,PlayMusic,none,False,0.0,True,False,False,"{'music_item': 'аларны', 'artist': 'Murcof'}",{}
test_490,The Gift: Imagination and the Erotic Life of Property-ны биш йолдызга бәялә,RateBook,BookRestaurant,False,0.8748,False,False,False,"{'object_name': 'The Gift: Imagination and the Erotic Life of Property-ны', 'rating_value': 'биш', 'rating_unit': 'йолдызга'}","{'restaurant_name': 'The Gift', 'cuisine': 'Italian', 'datetime': '2022-12-15 19:00', 'facility': 'outdoor seating', 'location': 'city center', 'party_size_description': 'large group', 'party_size_number': '10', 'restaurant_type': 'Italian restaurant', 'sort': 'top rated'}"
test_491,Миңа Baby Blue дип аталган телевизион тапшыруны таб,SearchCreativeWork,PlayMusic,False,0.9136,False,False,False,"{'object_name': 'Baby Blue', 'object_type': 'телевизион тапшыруны'}","{'music_item': 'Baby Blue', 'service': 'телевизион тапшыруны'}"
test_492,The Girl Who Was Plugged In китабын эзлә,SearchCreativeWork,RateBook,False,0.9628,False,False,False,"{'object_name': 'The Girl Who Was Plugged In', 'object_type': 'китабын'}","{'object_name': 'The Girl Who Was Plugged In', 'object_type': 'book', 'rating_unit': 'star', 'rating_value': 4.5}"
test_493,филлис уордка һәм вероникага 152 көннән соң ресторанда өстәл кирәк,BookRestaurant,BookRestaurant,True,0.9126,False,False,True,"{'party_size_description': 'филлис уордка һәм вероникага', 'datetime': '152 көннән соң', 'restaurant_type': 'ресторанда'}","{'restaurant_name': 'филлис', 'location': 'уорд', 'datetime': '152 көннән соң', 'party_size_number': '1', 'party_size_description': '1'}"
test_494,5 кешелек танылган ресторанны броньла,BookRestaurant,none,False,0.9835,True,False,False,"{'party_size_number': '5', 'sort': 'танылган', 'restaurant_type': 'ресторанны'}",{}
test_495,"Бруклон янында The Dome, Edinburgh отеленда номерны броньла",BookRestaurant,BookRestaurant,True,0.9626,False,False,True,"{'location': 'Бруклон | янында', 'restaurant_name': 'The Dome, Edinburgh'}","{'restaurant_name': 'The Dome, Edinburgh', 'location': 'Edinburgh'}"
test_496,Бу альбомны Old School Death Metal-га өстә,AddToPlaylist,PlayMusic,False,0.9335,False,False,False,"{'music_item': 'альбомны', 'playlist': 'Old School Death Metal-га'}","{'album': 'Old School Death Metal', 'music_item': 'альбом', 'artist': 'башкаручы', 'playlist': 'плейлист исеме', 'service': 'музыкаль сервис', 'sort': 'сайлау критерие', 'track': 'трек исеме'}"
test_497,Jersey Boys телесериалын эзлә,SearchCreativeWork,SearchCreativeWork,True,0.9765,False,False,False,"{'object_name': 'Jersey Boys', 'object_type': 'телесериалын'}","{'object_name': 'Jersey Boys', 'object_type': 'телесериал'}"
test_498,Алты ай эчендә Танжер янындагы иң яхшы пабта тугыз кешегә өстәл броньла,BookRestaurant,BookRestaurant,True,0.8701,False,False,False,"{'datetime': 'Алты ай эчендә', 'location': 'Танжер | янындагы', 'sort': 'иң яхшы', 'restaurant_type': 'пабта', 'party_size_number': 'тугыз'}","{'restaurant_name': 'Tanjer', 'cuisine': 'Mediterranean', 'datetime': '2022-05-15 19:00', 'facility': 'outdoor seating', 'location': 'Tanjer, Tangier, Morocco', 'party_size_description': '6 people', 'party_size_number': '6', 'sort': 'ascending'}"
test_499,Миңа Harkins Theatres-ында фильмларны күрсәт .,SearchScreeningEvent,SearchCreativeWork,False,0.9798,False,False,False,"{'location': 'Harkins Theatres-ында', 'movie_type': 'фильмларны'}","{'object_name': 'Harkins Theatres', 'object_type': 'cinema'}"
test_500,аларның кампусында шул ук райондагы чурраскарияга кичәгә заказ бир,BookRestaurant,reminder/set_reminder,False,0.6691,False,False,False,"{'location': 'аларның кампусында | шул ук райондагы', 'restaurant_type': 'чурраскарияга'}","{'datetime': '2022-12-31 23:59', 'reminder/todo': 'Соңгы үзән жаңа жылдыз өчен өйләнү'}"
