id,text,true_intent,pred_intent,intent_correct,confidence,weak_by_conf,weak_intent_real,weak_slot_real,true_slots,pred_slots
test_1,show all reminders,reminder/show_reminders,reminder/show_reminders,True,0.9534,False,False,False,{'reference': 'барлык'},{'datetime': 'дата/вакыт'}
test_2,Do I need a sweater?,weather/find,weather/find,True,0.9373,False,False,False,{'weather/attribute': 'свитер'},"{'location': 'here', 'datetime': 'now', 'weather/attribute': 'temperature'}"
test_3,Add a reminder for today at 4pm,reminder/set_reminder,reminder/set_reminder,True,0.9507,False,False,False,{'datetime': 'Бүген сәгать ун алтыга'},"{'datetime': '4pm', 'recurring_datetime': 'кабатлау расписаниесе', 'reminder/todo': 'искәртү эчтәлеге: нәрсә эшләргә кирәк'}"
test_4,Cancel my reminder,reminder/cancel_reminder,reminder/cancel_reminder,True,0.9453,False,False,False,{'reference': 'Минем'},{'reminder/todo': 'my reminder'}
test_5,Remind me to get gas.,reminder/set_reminder,reminder/set_reminder,True,0.9505,False,False,False,{'reminder/todo': 'бензин салырга'},{'reminder/todo': 'get gas'}
test_6,Do I need an umbrella on Wednesday?,weather/find,weather/find,True,0.9386,False,False,False,"{'datetime': 'Чәршәмбе', 'weather/attribute': 'кул чатыры'}","{'location': 'here', 'datetime': 'Wednesday'}"
test_7,snooze my alarms for five minutes,alarm/snooze_alarm,alarm/snooze_alarm,True,0.9773,False,True,False,"{'datetime': 'биш минуттан', 'reference': 'минем'}",{'datetime': '5 минут'}
test_8,set a birthday reminder for max,reminder/set_reminder,reminder/set_reminder,True,0.9221,False,False,False,{'reminder/todo': 'максның туган көне турында искә төшеруне'},"{'datetime': 'birthday', 'recurring_datetime': 'yearly', 'reminder/todo': 'buy a gift'}"
test_9,Show me all reminders,reminder/show_reminders,reminder/show_reminders,True,0.9742,False,False,False,{'reference': 'барлык'},{'datetime': 'дата/вакыт'}
test_10,Show all alarms.,alarm/show_alarms,alarm/show_alarms,True,0.952,False,False,False,{'reference': 'Барлык'},{'datetime': 'дата/вакыт'}
test_11,Is it going to rain today?,weather/find,weather/find,True,0.9376,False,False,False,"{'datetime': 'Бүген', 'weather/attribute': 'яңгыр'}",{'location': 'today'}
test_12,Set alarm for 8am,alarm/set_alarm,alarm/set_alarm,True,0.9919,False,False,False,{'datetime': 'иртәнге 8'},{'datetime': '8am'}
test_13,What is the temperature today?,weather/find,weather/find,True,0.9458,False,False,False,"{'datetime': 'Бүген', 'weather/attribute': 'температура'}","{'location': 'here', 'datetime': 'today', 'weather/attribute': 'temperature'}"
test_14,Show my reminder,reminder/show_reminders,reminder/show_reminders,True,0.9762,False,False,False,{'reference': 'Минем'},{'datetime': 'дата/вакыт'}
test_15,Show all alarms,alarm/show_alarms,alarm/show_alarms,True,0.966,False,False,False,{'reference': 'Барлык'},{'datetime': 'дата/вакыт'}
test_16,Remind me to talk to Ben about Georgia,reminder/set_reminder,reminder/set_reminder,True,0.9496,False,False,False,{'reminder/todo': 'Бен белән Джорджия турында сөйләшергә'},"{'datetime': 'дата/вакыт', 'reminder/todo': 'talk to Ben about Georgia'}"
test_17,Set alarm for 5 am,alarm/set_alarm,alarm/set_alarm,True,0.993,False,False,False,{'datetime': 'иртәнге 5'},{'datetime': '5 am'}
test_18,is it cloudy today,weather/find,weather/find,True,0.9189,False,False,False,"{'datetime': 'бүген', 'weather/attribute': 'болытлымы'}","{'location': 'бу атнабызда', 'datetime': 'бу атнабызда', 'weather/attribute': 'дымлылык'}"
test_19,How many inches of rain will we get today?,weather/find,weather/find,True,0.9283,False,False,False,"{'datetime': 'Бүген', 'weather/attribute': 'дюйм яңгыры'}","{'location': 'we', 'datetime': 'today', 'weather/attribute': 'rain'}"
test_20,Remind me to call my sister tomorrow,reminder/set_reminder,reminder/set_reminder,True,0.9833,False,False,False,"{'datetime': 'Иртәгә', 'reminder/todo': 'минем апама шалтыратырга'}","{'datetime': 'tomorrow', 'reminder/todo': 'call my sister'}"
test_21,stop alarm,alarm/cancel_alarm,alarm/show_alarms,False,0.9188,False,False,False,{},{'datetime': 'дата/вакыт'}
test_22,Is it going to be hot this week?,weather/find,weather/find,True,0.9325,False,False,False,"{'datetime': 'Бу атнада', 'weather/attribute': 'кызу'}",{'location': 'this week'}
test_23,Set alarm for 3pm.,alarm/set_alarm,alarm/set_alarm,True,0.9938,False,False,False,{'datetime': 'көндезге 3'},{'datetime': '3pm'}
test_24,will it snow today,weather/find,weather/find,True,0.9298,False,False,False,"{'datetime': 'бүген', 'weather/attribute': 'кар'}","{'location': 'бу', 'datetime': 'сегодня', 'weather/attribute': 'дымлылык'}"
test_25,delete all alarms,alarm/cancel_alarm,alarm/cancel_alarm,True,0.9815,False,False,False,{'reference': 'бөтен'},{'reference': 'барлык'}
test_26,Show me my reminders,reminder/show_reminders,reminder/show_reminders,True,0.9745,False,False,False,{'reference': 'Минем'},{'datetime': 'дата/вакыт'}
test_27,How much time is left on alarm,alarm/time_left_on_alarm,alarm/time_left_on_alarm,True,0.9917,False,True,False,{},{'reference': 'конкрет будильникка күрсәтү'}
test_28,What are my reminders?,reminder/show_reminders,reminder/show_reminders,True,0.9864,False,False,False,{'reference': 'Минем'},"{'datetime': 'дата/вакыт', 'reference': 'конкрет искәртүгә күрсәтү', 'reminder/todo': 'искәртү эчтәлеге'}"
test_29,Set an alarm for 8am daily,alarm/set_alarm,alarm/set_alarm,True,0.9952,False,False,False,{'recurring_datetime': 'иртәнге 8'},"{'datetime': '8am', 'recurring_datetime': 'daily'}"
test_30,can you show me the alarms?,alarm/show_alarms,alarm/show_alarms,True,0.9678,False,False,False,{},{'datetime': 'дата/вакыт'}
test_31,Is Disney world expecting storms today?,weather/find,weather/find,True,0.9716,False,False,False,"{'datetime': 'Бүген', 'location': 'Диснейуорлдта', 'weather/attribute': 'буран'}","{'location': 'Disney world', 'datetime': 'today', 'weather/attribute': 'storms'}"
test_32,will it snow today,weather/find,weather/find,True,0.9298,False,False,False,"{'datetime': 'бүген', 'weather/attribute': 'кар'}","{'location': 'бу', 'datetime': 'сегодня', 'weather/attribute': 'дымлылык'}"
test_33,show all alarms,alarm/show_alarms,alarm/show_alarms,True,0.9633,False,False,False,{'reference': 'бөтен'},{'datetime': 'дата/вакыт'}
test_34,Is it cold today?,weather/find,weather/find,True,0.9191,False,False,False,"{'datetime': 'Бүген', 'weather/attribute': 'салкынмы'}","{'location': 'бу атнабызда', 'datetime': 'бу атнабызда', 'weather/attribute': 'дымлылык'}"
test_35,Please cancel the alarm for Thursday morning.,alarm/cancel_alarm,alarm/cancel_alarm,True,0.9906,False,False,False,{'datetime': 'пәнҗешәмбе иртәсеннән'},{'datetime': 'Thursday morning'}
test_36,Is it going to rain today?,weather/find,weather/find,True,0.9376,False,False,False,"{'datetime': 'Бүген', 'weather/attribute': 'яңгыр'}",{'location': 'today'}
test_37,is it snowing in canada,weather/find,weather/find,True,0.9571,False,False,False,"{'location': 'канадада', 'weather/attribute': 'кар явамы'}","{'location': 'Canada', 'weather/attribute': 'дымлылык'}"
test_38,What will the high be today?,weather/find,weather/find,True,0.9362,False,False,False,"{'datetime': 'Бүген', 'weather/attribute': 'югары температура'}","{'location': 'here', 'datetime': 'today', 'weather/attribute': 'high temperature'}"
test_39,Will it snow enough tonight to make travelling hazardous?,weather/find,weather/find,True,0.8997,False,False,False,"{'datetime': 'Төнлә', 'weather/attribute': 'кар яуса'}","{'location': 'бу', 'datetime': 'сегодня ночью', 'weather/attribute': 'дымлылык'}"
test_40,show all reminders,reminder/show_reminders,reminder/show_reminders,True,0.9534,False,False,False,{'reference': 'бөтен'},{'datetime': 'дата/вакыт'}
test_41,delete all reminders,reminder/cancel_reminder,reminder/cancel_reminder,True,0.9301,False,False,False,{'reference': 'барлык'},"{'datetime': 'бу атнабызда', 'reminder/todo': 'барлык'}"
test_42,will i need a jacket tomorrow?,weather/find,weather/find,True,0.8972,False,False,False,"{'datetime': 'иртәгә', 'weather/attribute': 'куртка'}","{'location': 'бу', 'datetime': 'tomorrow'}"
test_43,How much time is left on alarm,alarm/time_left_on_alarm,alarm/time_left_on_alarm,True,0.9917,False,True,False,{},{'reference': 'конкрет будильникка күрсәтү'}
test_44,Pause the alarm,alarm/snooze_alarm,alarm/pause_alarm,False,0.9667,False,True,False,{},{'reference': 'будильникка күрсәтү'}
test_45,Show me all the alarms,alarm/show_alarms,alarm/show_alarms,True,0.9606,False,False,False,{'reference': 'барлык'},{'datetime': 'дата/вакыт'}
test_46,What's the weather like in yellowstone?,weather/find,weather/find,True,0.9623,False,False,False,{'location': 'Йеллоустонда'},{'location': 'Yellowstone'}
test_47,What's the weather like today?,weather/find,weather/find,True,0.9293,False,False,False,{'datetime': 'Бүген'},"{'location': 'урын', 'datetime': 'дата/вакыт', 'weather/attribute': 'дымлылык'}"
test_48,Delete my reminder for picking up Patrick from school tomorrow.,reminder/cancel_reminder,reminder/cancel_reminder,True,0.9693,False,False,False,"{'datetime': 'Иртәгә', 'reminder/todo': 'Патрикны мәктәптән алырга', 'reference': 'минем'}","{'datetime': 'tomorrow', 'reminder/todo': 'picking up Patrick from school'}"
test_49,Remind me tomorrow at this time to schedule a doctor appointment,reminder/set_reminder,reminder/set_reminder,True,0.9665,False,False,False,"{'datetime': 'иртәгә шул ук вакытта', 'reminder/todo': 'табибка язылырга'}","{'datetime': 'tomorrow', 'recurring_datetime': 'this time', 'reminder/todo': 'schedule a doctor appointment'}"
test_50,Remind me to drop off rent,reminder/set_reminder,reminder/set_reminder,True,0.9541,False,False,False,{'reminder/todo': 'аренданы түләргә'},"{'datetime': 'дата/вакыт', 'reminder/todo': 'нәрсә эшләргә кирәк'}"
test_51,when will the rain end?,weather/find,weather/find,True,0.919,False,False,False,{'weather/attribute': 'яңгыр'},"{'location': 'бу атнабызда', 'datetime': 'бу атнабызда', 'weather/attribute': 'дымлылык'}"
test_52,cancel alarms,alarm/cancel_alarm,alarm/cancel_alarm,True,0.9711,False,False,False,{},"{'datetime': 'дата/вакыт', 'reference': 'конкрет будильникка күрсәтү'}"
test_53,Remind me to call Stephanie on Tuesday,reminder/set_reminder,reminder/set_reminder,True,0.9848,False,False,False,"{'datetime': 'Сишәмбе көнне', 'reminder/todo': 'Стефанига шалтыратырга'}","{'datetime': 'Tuesday', 'reminder/todo': 'call Stephanie'}"
test_54,show all my alarms,alarm/show_alarms,alarm/show_alarms,True,0.9618,False,False,False,{'reference': 'барлык минем'},{'datetime': 'бу атнабызда'}
test_55,How hot will it get today?,weather/find,weather/find,True,0.9273,False,False,False,"{'datetime': 'Бүген', 'weather/attribute': 'эссе'}","{'location': 'today', 'weather/attribute': 'температура'}"
test_56,Set alarm for 5 pm tonight,alarm/set_alarm,alarm/set_alarm,True,0.93,False,False,False,{'datetime': 'бүген кичке 5'},"{'datetime': '5 pm tonight', 'recurring_datetime': 'not set'}"
test_57,remind me to go to the doctors on august 21st 3 pm,reminder/set_reminder,reminder/set_reminder,True,0.9808,False,False,False,"{'datetime': '21-енче августта көндез 3-тә', 'reminder/todo': 'табибка барырга'}","{'datetime': 'august 21st 3 pm', 'reminder/todo': 'go to the doctors'}"
test_58,cancel my recurring reminder to take meds daily at 7 am,reminder/cancel_reminder,reminder/cancel_reminder,True,0.9557,False,False,False,"{'recurring_datetime': 'көн саен иртәнге сәгать 7-дә', 'reminder/todo': 'дарулар эчәргә'}","{'reminder/todo': 'take meds daily', 'datetime': '7 am', 'recurring_datetime': 'daily'}"
test_59,when does the forecast next show rain,weather/find,weather/find,True,0.9652,False,False,False,{'weather/attribute': 'яңгырны'},"{'location': 'урын', 'datetime': 'дата/вакыт', 'weather/attribute': 'дымлылык'}"
test_60,What time is my alarm set for tomorrow morning?,alarm/show_alarms,alarm/show_alarms,True,0.9653,False,False,False,"{'datetime': 'Иртәгә иртә', 'reference': 'минем'}",{'datetime': 'tomorrow morning'}
test_61,will it snow today,weather/find,weather/find,True,0.9298,False,False,False,"{'datetime': 'бүген', 'weather/attribute': 'кар'}","{'location': 'бу', 'datetime': 'сегодня', 'weather/attribute': 'дымлылык'}"
test_62,Turn off my alarm.,alarm/cancel_alarm,alarm/cancel_alarm,True,0.9675,False,False,False,{'reference': 'Минем'},{'reference': 'моны'}
test_63,Cancel all alarms,alarm/cancel_alarm,alarm/cancel_all_alarms,False,0.9625,False,False,False,{'reference': 'Барлык'},{}
test_64,remind me to buy groceries,reminder/set_reminder,reminder/set_reminder,True,0.961,False,False,False,{'reminder/todo': 'продуктларны сатып алырга'},{'reminder/todo': 'buy groceries'}
test_65,I need an alarm set for a 9 am breakfast,alarm/set_alarm,alarm/set_alarm,True,0.958,False,False,False,{'datetime': 'иртәнге сәгать 9-да'},"{'datetime': '9 am', 'recurring_datetime': 'breakfast'}"
test_66,set reminder to watch the Colts one hour before game starts,reminder/set_reminder,reminder/set_reminder,True,0.969,False,False,False,"{'datetime': 'уен башланганчы бер сәгать алдан', 'reminder/todo': 'Кольтларны карау'}","{'datetime': 'one hour before game starts', 'reminder/todo': 'watch the Colts'}"
test_67,cancel all alarms,alarm/cancel_alarm,alarm/cancel_all_alarms,False,0.9574,False,False,False,{'reference': 'барлык'},{}
test_68,Cancel my third reminder on this list.,reminder/cancel_reminder,reminder/cancel_reminder,True,0.9419,False,False,False,{'reference': 'минем өченче'},"{'reminder/todo': 'third', 'reference': 'this list'}"
test_69,set alarm for 6 am,alarm/set_alarm,alarm/set_alarm,True,0.9913,False,False,False,{'datetime': 'иртәнге 6'},{'datetime': '6 am'}
test_70,Reset this alarm now and start at 2 pm,alarm/cancel_alarm,alarm/cancel_alarm,True,0.9803,False,False,False,"{'reference': 'Бу', 'datetime': 'хәзердән | көндезге 2-гә'}",{'datetime': '2 pm'}
test_71,Is it going to snow?,weather/find,weather/find,True,0.9301,False,False,False,{'weather/attribute': 'Кар'},"{'location': 'бу атнабызда', 'datetime': 'бу атнабызда', 'weather/attribute': 'дымлылык'}"
test_72,Remind me to pay rent.,reminder/set_reminder,reminder/set_reminder,True,0.9609,False,False,False,{'reminder/todo': 'аренданы түләргә'},{'reminder/todo': 'pay rent'}
test_73,whats the low for tomorrow,weather/find,weather/find,True,0.9138,False,False,False,"{'datetime': 'иртәгә', 'weather/attribute': 'иң түбән'}","{'location': 'tomorrow', 'weather/attribute': 'температура шартлары'}"
test_74,Is it going to be sunny today?,weather/find,weather/find,True,0.9441,False,False,False,"{'datetime': 'Бүген', 'weather/attribute': 'кояшлы'}","{'location': 'here', 'datetime': 'today'}"
test_75,How many reminders do I have today?,reminder/show_reminders,reminder/show_reminders,True,0.9547,False,False,False,{'datetime': 'Бүген'},{'datetime': 'сегодня'}
test_76,What are my reminders for tomorrow?,reminder/show_reminders,reminder/show_reminders,True,0.9849,False,False,False,"{'reference': 'Минем', 'datetime': 'иртәгә'}",{'datetime': 'tomorrow'}
test_77,Cancel all my reminders.,reminder/cancel_reminder,reminder/cancel_all_reminders,False,0.9425,False,False,False,{'reference': 'Минем барлык'},{}
test_78,set alarm for 6am tomorrow,alarm/set_alarm,alarm/set_alarm,True,0.9267,False,False,False,{'datetime': 'иртәнге 6-га'},"{'datetime': '6am tomorrow', 'recurring_datetime': 'not set'}"
test_79,Set alarm for 30 minutes,alarm/set_alarm,alarm/set_alarm,True,0.9739,False,False,False,{'datetime': '30 минутка'},{'datetime': '30 минут'}
test_80,Set an alarm for an hour from now.,alarm/set_alarm,alarm/set_alarm,True,0.915,False,False,False,{'datetime': 'бер сәгать алга'},"{'datetime': 'бу атнабызда', 'recurring_datetime': 'кабатлау расписаниесе'}"
test_81,cancel all alarms,alarm/cancel_alarm,alarm/cancel_all_alarms,False,0.9574,False,False,False,{'reference': 'барлык'},{}
test_82,weather update Los Angeles,weather/find,weather/find,True,0.928,False,False,False,{'location': 'Лос - Анджелеста'},"{'location': 'Los Angeles', 'datetime': 'now'}"
test_83,cancel all alarms,alarm/cancel_alarm,alarm/cancel_all_alarms,False,0.9574,False,False,False,{'reference': 'бөтен'},{}
test_84,How many reminders do I have today?,reminder/show_reminders,reminder/show_reminders,True,0.9547,False,False,False,{'datetime': 'Бүген'},{'datetime': 'сегодня'}
test_85,Remind me to get paper towels at the store tomorrow,reminder/set_reminder,reminder/set_reminder,True,0.9808,False,False,False,"{'datetime': 'иртәгә', 'reminder/todo': 'кибеттә кәгазь сөлгеләр сатып алырга'}","{'datetime': 'tomorrow', 'reminder/todo': 'get paper towels at the store'}"
test_86,show me all my reminders,reminder/show_reminders,reminder/show_reminders,True,0.9694,False,False,False,{'reference': 'минем барлык'},{'datetime': 'дата/вакыт'}
test_87,Set alarm for 6 am,alarm/set_alarm,alarm/set_alarm,True,0.992,False,False,False,{'datetime': 'иртәнге 6'},{'datetime': '6 am'}
test_88,will it snow tomorrow,weather/find,weather/find,True,0.917,False,False,False,"{'datetime': 'иртәгә', 'weather/attribute': 'кар'}","{'location': 'бу', 'datetime': 'tomorrow', 'weather/attribute': 'дымлылык'}"
test_89,cancel my alarm for tomorrow morning,alarm/cancel_alarm,alarm/cancel_alarm,True,0.9867,False,False,False,"{'datetime': 'иртәгә | иртәнге', 'reference': 'минем'}",{'datetime': 'tomorrow morning'}
test_90,Set the alarm for noon on Mondays only.,alarm/set_alarm,alarm/set_alarm,True,0.9367,False,False,False,{'recurring_datetime': 'Дүшәмбе көнне төшке ашка'},"{'datetime': 'noon', 'recurring_datetime': 'Mondays only', 'reference': 'a specific alarm'}"
test_91,How hot will it get today?,weather/find,weather/find,True,0.9273,False,False,False,"{'datetime': 'Бүген', 'weather/attribute': 'эссе'}","{'location': 'today', 'weather/attribute': 'температура'}"
test_92,remind me to set alarms for morning,reminder/set_reminder,reminder/set_reminder,True,0.9679,False,False,False,"{'datetime': 'иртәнге', 'reminder/todo': 'будильникларны куерга'}","{'recurring_datetime': 'morning', 'reminder/todo': 'set alarms'}"
test_93,delete all alarms,alarm/cancel_alarm,alarm/cancel_alarm,True,0.9815,False,False,False,{'reference': 'бөтен'},{'reference': 'барлык'}
test_94,show my alarms,alarm/show_alarms,alarm/show_alarms,True,0.964,False,False,False,{'reference': 'Минем'},{'datetime': 'дата/вакыт'}
test_95,dismiss alarm,alarm/cancel_alarm,alarm/dismiss_alarm,False,0.9231,False,False,False,{},{}
test_96,What is the temperature today?,weather/find,weather/find,True,0.9458,False,False,False,"{'datetime': 'Бүген', 'weather/attribute': 'температура'}","{'location': 'here', 'datetime': 'today', 'weather/attribute': 'temperature'}"
test_97,dismiss alarm,alarm/cancel_alarm,alarm/dismiss_alarm,False,0.9231,False,False,False,{},{}
test_98,Show all alarms,alarm/show_alarms,alarm/show_alarms,True,0.966,False,False,False,{'reference': 'Барлык'},{'datetime': 'дата/вакыт'}
test_99,set alarm for every 30 minutes,alarm/set_alarm,alarm/set_alarm,True,0.941,False,False,False,{'recurring_datetime': '30 минут саен'},"{'datetime': 'кабатлау расписаниесе', 'recurring_datetime': '30 минут', 'reference': 'будильник'}"
test_100,What is the temperature going to be today?,weather/find,weather/find,True,0.9401,False,False,False,"{'datetime': 'Бүген', 'weather/attribute': 'температура'}","{'location': 'урын', 'datetime': 'бу атнабызда', 'weather/attribute': 'температура'}"
test_101,Is it going to be hot today?,weather/find,weather/find,True,0.8841,False,False,False,"{'datetime': 'Бүген', 'weather/attribute': 'кызу'}","{'location': 'бу атнабызда', 'datetime': 'бу атнабызда', 'weather/attribute': 'хава торышы'}"
test_102,Is it going to rain tomorrow?,weather/find,weather/find,True,0.9495,False,False,False,"{'datetime': 'Иртәгә', 'weather/attribute': 'яңгыр'}","{'location': 'tomorrow', 'weather/attribute': 'дымлылык'}"
test_103,Cancel the next alarm,alarm/cancel_alarm,alarm/cancel_alarm,True,0.931,False,False,False,{'reference': 'Киләсе'},{'reference': 'будильникка күрсәтү'}
test_104,Remind me to go to grocery store today,reminder/set_reminder,reminder/set_reminder,True,0.9663,False,False,False,"{'datetime': 'Бүген', 'reminder/todo': 'кибеткә барырга'}","{'datetime': 'today', 'reminder/todo': 'go to grocery store'}"
test_105,cancel my reminders for next week,reminder/cancel_reminder,reminder/cancel_reminder,True,0.953,False,False,False,"{'datetime': 'киләсе атнада', 'reference': 'минем'}","{'datetime': 'next week', 'reminder/todo': 'all'}"
test_106,remind me to take dog to groomer tuesday at 3pm,reminder/set_reminder,reminder/set_reminder,True,0.9785,False,False,False,"{'datetime': 'сишәмбе көнне көндезге сәгать 3-тә', 'reminder/todo': 'этне грумерга алып барырга'}","{'datetime': 'tuesday at 3pm', 'reminder/todo': 'take dog to groomer'}"
test_107,Remind me to pick up flowers for Jen for our anniversary on the 28th.,reminder/set_reminder,reminder/set_reminder,True,0.9439,False,False,False,"{'datetime': '28-енче көнне', 'reminder/todo': 'Дженга годовщинага чәчәкләр сатып алырга'}","{'datetime': '28th', 'recurring_datetime': 'on', 'reminder/todo': 'pick up flowers for Jen for our anniversary'}"
test_108,What's the weather like today?,weather/find,weather/find,True,0.9293,False,False,False,{'datetime': 'Бүген'},"{'location': 'урын', 'datetime': 'дата/вакыт', 'weather/attribute': 'дымлылык'}"
test_109,Remind me to make a doctor's appointment tomorrow.,reminder/set_reminder,reminder/set_reminder,True,0.9688,False,False,False,"{'datetime': 'Иртәгә', 'reminder/todo': 'табибка язылырга'}","{'datetime': 'tomorrow', 'reminder/todo': ""make a doctor's appointment""}"
test_110,turn off all alarms,alarm/cancel_alarm,alarm/cancel_alarm,True,0.9918,False,False,False,{'reference': 'бөтен'},{'reference': 'барлык'}
test_111,Should I bring a raincoat?,weather/find,weather/find,True,0.9313,False,False,False,{'weather/attribute': 'дождевикны'},"{'location': 'бу атнабызда', 'datetime': 'бу атнабызда', 'weather/attribute': 'дымлылык'}"
test_112,What is the severe weather forecast?,weather/find,weather/find,True,0.9263,False,False,False,{'weather/attribute': 'Начар'},"{'location': 'урын', 'weather/attribute': 'җил'}"
test_113,remind me of next weeks doctor appointment,reminder/set_reminder,reminder/set_reminder,True,0.9614,False,False,False,"{'datetime': 'киләсе атнада', 'reminder/todo': 'табибка язуым турында'}","{'datetime': 'next weeks', 'reminder/todo': 'doctor appointment'}"
test_114,set reminder to go to the store at 8am,reminder/set_reminder,reminder/set_reminder,True,0.975,False,False,False,"{'datetime': 'иртәнге 8', 'reminder/todo': 'кибеткә бару'}","{'datetime': '8am', 'reminder/todo': 'go to the store'}"
test_115,Set reminder to get the dry cleaning.,reminder/set_reminder,reminder/set_reminder,True,0.8746,False,False,False,{'reminder/todo': 'Химчисткага барырга'},"{'datetime': 'дата/вакыт', 'recurring_datetime': 'кабатлау расписаниесе', 'reminder/todo': 'дры клэнинг көрсеу'}"
test_116,when is it cool down,weather/find,weather/find,True,0.9167,False,False,False,{'weather/attribute': 'салкынрак'},"{'location': 'where', 'datetime': 'when', 'weather/attribute': 'when is it cool down'}"
test_117,will it rain this week,weather/find,weather/find,True,0.9336,False,False,False,"{'datetime': 'бу атнада', 'weather/attribute': 'яңгыр'}",{'location': 'this week'}
test_118,delete all alarms,alarm/cancel_alarm,alarm/cancel_alarm,True,0.9815,False,False,False,{'reference': 'барлык'},{'reference': 'барлык'}
test_119,cancel alarms,alarm/cancel_alarm,alarm/cancel_alarm,True,0.9711,False,False,False,{},"{'datetime': 'дата/вакыт', 'reference': 'конкрет будильникка күрсәтү'}"
test_120,show me my alarms,alarm/show_alarms,alarm/show_alarms,True,0.9635,False,False,False,{'reference': 'минем'},{'datetime': 'дата/вакыт'}
test_121,What time do I have an alarm set for?,alarm/show_alarms,alarm/show_alarms,True,0.9887,False,False,False,{},{'datetime': 'дата/вакыт'}
test_122,Is it going to rain Saturday?,weather/find,weather/find,True,0.9502,False,False,False,"{'datetime': 'Шимбә', 'weather/attribute': 'яңгыр'}",{'location': 'Saturday'}
test_123,how hot is it going to get today,weather/find,weather/find,True,0.9365,False,False,False,"{'datetime': 'бүген', 'weather/attribute': 'эссе'}",{'location': 'today'}
test_124,Reset all alarms,alarm/cancel_alarm,alarm/cancel_alarm,True,0.9723,False,False,False,{'reference': 'Барлык'},{'reference': 'барлык'}
test_125,Weather in Tahoe this weekend?,weather/find,weather/find,True,0.9916,False,False,False,"{'datetime': 'Бу ял көннәрендә', 'location': 'Тахода'}","{'location': 'Tahoe', 'datetime': 'this weekend'}"
test_126,Do I need a coat today?,weather/find,weather/find,True,0.9126,False,False,False,"{'datetime': 'бүген', 'weather/attribute': 'пальто'}","{'location': 'бу атнабызда', 'datetime': 'бу атнабызда', 'weather/attribute': 'дымлылык'}"
test_127,When will the rain stop?,weather/find,weather/find,True,0.9222,False,False,False,{'weather/attribute': 'Яңгыр'},"{'location': 'here', 'weather/attribute': 'rain'}"
test_128,Set a reminder to call my school on Monday at 4 PM,reminder/set_reminder,reminder/set_reminder,True,0.9837,False,False,False,"{'datetime': 'Дүшәмбе көнне 16:00 сәгатьтә', 'reminder/todo': 'минем мәктәпкә шалтыратырга'}","{'datetime': 'Monday at 4 PM', 'reminder/todo': 'call my school'}"
test_129,Turn off my alarm.,alarm/cancel_alarm,alarm/cancel_alarm,True,0.9675,False,False,False,{'reference': 'Минем'},{'reference': 'моны'}
test_130,How cold will it be tonight?,weather/find,weather/find,True,0.9307,False,False,False,"{'datetime': 'Бүген кич', 'weather/attribute': 'салкын'}",{'location': 'tonight'}
test_131,Set alarm for 7 am tomorrow.,alarm/set_alarm,alarm/set_alarm,True,0.9183,False,False,False,{'datetime': 'иртәнге җидегә'},"{'datetime': '7 am tomorrow', 'recurring_datetime': 'not set'}"
test_132,Cancel my reminder to pick up Rob,reminder/cancel_reminder,reminder/cancel_reminder,True,0.9878,False,False,False,"{'reference': 'Минем', 'reminder/todo': 'Робны алу'}",{'reminder/todo': 'pick up Rob'}
test_133,Create a reminder for tomorrow to buy milk.,reminder/set_reminder,reminder/set_reminder,True,0.9687,False,False,False,"{'datetime': 'Иртәгә', 'reminder/todo': 'сөт сатып алу'}","{'datetime': 'tomorrow', 'reminder/todo': 'buy milk'}"
test_134,set alarm for 6pm,alarm/set_alarm,alarm/set_alarm,True,0.9919,False,False,False,{'datetime': 'иртәнге 6'},{'datetime': '6pm'}
test_135,schedule a daily alarm for 7:30 pm until deleted,alarm/set_alarm,alarm/set_alarm,True,0.9417,False,False,False,{'recurring_datetime': 'көндәлек | кичке җиде сәгать утыз минутка'},"{'datetime': '7:30 pm', 'recurring_datetime': 'daily', 'reference': 'new_alarm'}"
test_136,remind me to set an alarm for ups,reminder/set_reminder,reminder/set_reminder,True,0.9452,False,False,False,{'reminder/todo': 'торыр өчен будильникны куерга'},"{'datetime': 'up', 'reminder/todo': 'set an alarm'}"
test_137,Cancel my reminder,reminder/cancel_reminder,reminder/cancel_reminder,True,0.9453,False,False,False,{'reference': 'Минем'},{'reminder/todo': 'my reminder'}
test_138,Is it going to snow today?,weather/find,weather/find,True,0.8899,False,False,False,"{'datetime': 'Бүген', 'weather/attribute': 'кар'}","{'location': 'бу атнабызда', 'datetime': 'танын', 'weather/attribute': 'дымлылык'}"
test_139,Show me all the alarms,alarm/show_alarms,alarm/show_alarms,True,0.9606,False,False,False,{'reference': 'бөтен'},{'datetime': 'дата/вакыт'}
test_140,show all reminders,reminder/show_reminders,reminder/show_reminders,True,0.9534,False,False,False,{'reference': 'бөтен'},{'datetime': 'дата/вакыт'}
test_141,how much time is left on my alarm,alarm/time_left_on_alarm,alarm/time_left_on_alarm,True,0.9796,False,True,False,{'reference': 'минем'},{'reference': 'конкрет будильникка күрсәтү'}
test_142,set alarm for 2 hours,alarm/set_alarm,alarm/set_alarm,True,0.9836,False,False,False,{'datetime': '2 сәгатькә'},{'datetime': '2 hours'}
test_143,Remind me to get bread after work,reminder/set_reminder,reminder/set_reminder,True,0.9726,False,False,False,"{'datetime': 'Эштән соң', 'reminder/todo': 'икмәк сатып алырга'}","{'datetime': 'after work', 'reminder/todo': 'get bread'}"
test_144,Will it rain today?,weather/find,weather/find,True,0.8926,False,False,False,"{'datetime': 'Бүген', 'weather/attribute': 'яңгыр'}","{'location': 'бу атнабызда', 'datetime': 'бу атнабызда', 'weather/attribute': 'дымлылык'}"
test_145,read today's weather forecast,weather/find,weather/find,True,0.8509,False,False,False,{'datetime': 'бүгенге'},"{'location': 'бу атнабызда', 'datetime': 'бундагы күн', 'weather/attribute': 'расписание'}"
test_146,What time is my alarm set for?,alarm/show_alarms,alarm/show_alarms,True,0.9748,False,False,False,{'reference': 'Минем'},{'datetime': 'дата/вакыт'}
test_147,at 4 tomorrow remind me to go to the mall,reminder/set_reminder,reminder/set_reminder,True,0.9758,False,False,False,"{'datetime': 'иртәгә 4', 'reminder/todo': 'сәүдә үзәгенә барырга'}","{'datetime': 'at 4 tomorrow', 'reminder/todo': 'go to the mall'}"
test_148,do I need to bring an umbrella today,weather/find,weather/find,True,0.9461,False,False,False,"{'datetime': 'бүген', 'weather/attribute': 'кул чатырны'}",{'location': 'today'}
test_149,Show my reminder,reminder/show_reminders,reminder/show_reminders,True,0.9762,False,False,False,{'reference': 'Минем'},{'datetime': 'дата/вакыт'}
test_150,Show all my reminders,reminder/show_reminders,reminder/show_reminders,True,0.9562,False,False,False,{'reference': 'Минем бөтен'},{'datetime': 'бу атнабызда'}
test_151,Set a reminder for dog food on Monday.,reminder/set_reminder,reminder/set_reminder,True,0.9761,False,False,False,"{'datetime': 'Дүшәмбе', 'reminder/todo': 'эт ризыгы'}","{'datetime': 'Monday', 'reminder/todo': 'dog food'}"
test_152,"Set reminder ""Sub yoga class Tuesday night at Bala"" for tomorrow",reminder/set_reminder,reminder/set_reminder,True,0.9563,False,False,False,"{'datetime': 'Иртәгегә', 'reminder/todo': 'Сишәмбе кичендә Балада Саб йога дәресенә язылырга'}","{'datetime': 'tomorrow', 'reminder/todo': 'Sub yoga class Tuesday night at Bala'}"
test_153,Cancel all reminders for today,reminder/cancel_reminder,reminder/cancel_reminder,True,0.9268,False,False,False,"{'datetime': 'бүгенгегә', 'reference': 'бөтен'}","{'datetime': 'сегодня', 'reminder/todo': 'искәртү эчтәлеге'}"
test_154,What will the weather be in New York city this week,weather/find,weather/find,True,0.99,False,False,False,"{'datetime': 'Бу атнада', 'location': 'Нью - Йоркта'}","{'location': 'New York city', 'datetime': 'this week'}"
test_155,remind me of a doctor visit Thursday at 12 pm,reminder/set_reminder,reminder/set_reminder,True,0.9801,False,False,False,"{'datetime': 'пәнҗешәмбе көнне көндез 12-дә', 'reminder/todo': 'табибка баруымны'}","{'datetime': 'Thursday at 12 pm', 'reminder/todo': 'doctor visit'}"
test_156,Set an alarm for 6:50 pm,alarm/set_alarm,alarm/set_alarm,True,0.9938,False,False,False,{'datetime': 'кичке 6:50'},{'datetime': '6:50 pm'}
test_157,Is it going to snow today?,weather/find,weather/find,True,0.8899,False,False,False,"{'datetime': 'Бүген', 'weather/attribute': 'кар'}","{'location': 'бу атнабызда', 'datetime': 'танын', 'weather/attribute': 'дымлылык'}"
test_158,What alarms are set?,alarm/show_alarms,alarm/show_alarms,True,0.9778,False,False,False,{},"{'datetime': 'дата/вакыт', 'reference': 'конкрет будильникка күрсәтү'}"
test_159,Set a reminder alarm for October 7,reminder/set_reminder,reminder/set_reminder,True,0.9644,False,False,False,{'datetime': '7 октябрьгә'},{'datetime': 'October 7'}
test_160,Will there be snow today?,weather/find,weather/find,True,0.9054,False,False,False,"{'datetime': 'бүген', 'weather/attribute': 'кар'}","{'location': 'бу атнабызда', 'datetime': 'бу атнабызда', 'weather/attribute': 'дымлылык'}"
test_161,snooze alarm for 15 minutes,alarm/snooze_alarm,alarm/snooze_alarm,True,0.9823,False,True,False,{'datetime': '15 минутка'},{'datetime': '15 минут'}
test_162,How much snow are they predicting?,weather/find,weather/find,True,0.9538,False,False,False,{'weather/attribute': 'кар'},"{'location': 'they', 'weather/attribute': 'snow'}"
test_163,is it hot outside,weather/find,weather/find,True,0.9373,False,False,False,"{'location': 'урамда', 'weather/attribute': 'эссе'}","{'location': 'outside', 'weather/attribute': 'temperature'}"
test_164,What is the temperature going to be today?,weather/find,weather/find,True,0.9401,False,False,False,"{'datetime': 'Бүген', 'weather/attribute': 'температура'}","{'location': 'урын', 'datetime': 'бу атнабызда', 'weather/attribute': 'температура'}"
test_165,what will the weather be like in Dallas tomorrow,weather/find,weather/find,True,0.9846,False,False,False,"{'datetime': 'иртәгә', 'location': 'Далласта'}","{'location': 'Dallas', 'datetime': 'tomorrow'}"
test_166,Show me all my reminders for today,reminder/show_reminders,reminder/show_reminders,True,0.9724,False,False,False,"{'datetime': 'бүгенгегә', 'reference': 'минем бөтен'}",{'datetime': 'today'}
test_167,Set a weekly reminder for groceries.,reminder/set_reminder,reminder/set_reminder,True,0.8855,False,False,False,"{'recurring_datetime': 'Атна саен', 'reminder/todo': 'продукт сатып алу'}","{'recurring_datetime': 'еженедельнә', 'reminder/todo': 'гросерси эшләргә кирәк'}"
test_168,weather,weather/find,weather/find,True,0.9467,False,False,False,{},"{'location': 'урын', 'datetime': 'дата/вакыт', 'weather/attribute': 'атрибуты'}"
test_169,Is it supposed to rain all day?,weather/find,weather/find,True,0.8872,False,False,False,"{'weather/attribute': 'Яңгыр', 'datetime': 'көне буе'}","{'location': 'all day', 'weather/attribute': 'райнын'}"
test_170,is it going to rain tomorrow,weather/find,weather/find,True,0.9419,False,False,False,"{'datetime': 'Иртәгә', 'weather/attribute': 'яңгыр'}","{'location': 'tomorrow', 'weather/attribute': 'дымлылык'}"
test_171,Remind me to reply to work emails tonight,reminder/set_reminder,reminder/set_reminder,True,0.9793,False,False,False,"{'datetime': 'Бүген кич', 'reminder/todo': 'эш хатларына җавап бирергә'}","{'datetime': 'tonight', 'reminder/todo': 'reply to work emails'}"
test_172,Delete alarms,alarm/cancel_alarm,alarm/cancel_alarm,True,0.9528,False,False,False,{},{'reference': 'барлык'}
test_173,Cancel my alarms,alarm/cancel_alarm,alarm/cancel_alarm,True,0.9414,False,False,False,{'reference': 'Минем'},"{'datetime': 'бу атнабызда', 'reference': 'барлык'}"
test_174,Can I wear shorts today?,weather/find,weather/find,True,0.749,False,False,False,"{'datetime': 'бүген', 'weather/attribute': 'шортыны'}","{'location': 'бу атнабызда', 'datetime': 'бу атнабызда', 'weather/attribute': 'көптән үйтәләр'}"
test_175,Will it rain tomorrow?,weather/find,weather/find,True,0.9379,False,False,False,"{'datetime': 'Иртәгә', 'weather/attribute': 'яңгыр'}","{'location': 'tomorrow', 'weather/attribute': 'дымлылык'}"
test_176,Set alarm for 10 am,alarm/set_alarm,alarm/set_alarm,True,0.9937,False,False,False,{'datetime': 'иртәнге 10'},{'datetime': '10 am'}
test_177,Is it going to rain this week?,weather/find,weather/find,True,0.9393,False,False,False,"{'datetime': 'бу атнада', 'weather/attribute': 'яңгыр'}",{'location': 'this week'}
test_178,show all reminders,reminder/show_reminders,reminder/show_reminders,True,0.9534,False,False,False,{'reference': 'бөтен'},{'datetime': 'дата/вакыт'}
test_179,cancel alarms,alarm/cancel_alarm,alarm/cancel_alarm,True,0.9711,False,False,False,{},"{'datetime': 'дата/вакыт', 'reference': 'конкрет будильникка күрсәтү'}"
test_180,turn off all alarms,alarm/cancel_alarm,alarm/cancel_alarm,True,0.9918,False,False,False,{'reference': 'бөтен'},{'reference': 'барлык'}
test_181,show all alarms preset,alarm/show_alarms,alarm/show_alarms,True,0.9507,False,False,False,{'reference': 'бөтен'},{'datetime': 'бу атнабызда'}
test_182,Set alarm every minute for 20 minutes.,alarm/set_alarm,alarm/set_alarm,True,0.7569,False,False,False,{'recurring_datetime': 'егерме минут саен'},"{'datetime': '20 минут', 'recurring_datetime': 'минуттә', 'reminder/todo': 'минуттә күннәр бер үйне'}"
test_183,What are my reminders?,reminder/show_reminders,reminder/show_reminders,True,0.9864,False,False,False,{'reference': 'Минем'},"{'datetime': 'дата/вакыт', 'reference': 'конкрет искәртүгә күрсәтү', 'reminder/todo': 'искәртү эчтәлеге'}"
test_184,cancel alarm for tomorrow,alarm/cancel_alarm,alarm/cancel_alarm,True,0.9833,False,False,False,{'datetime': 'иртәгегә'},{'datetime': 'tomorrow'}
test_185,Do I need an umbrella today?,weather/find,weather/find,True,0.9465,False,False,False,"{'datetime': 'бүген', 'weather/attribute': 'зонтик'}","{'location': 'here', 'datetime': 'today'}"
test_186,is it supposed to snow today?,weather/find,weather/find,True,0.9179,False,False,False,"{'datetime': 'бүген', 'weather/attribute': 'кар'}","{'location': 'here', 'datetime': 'today', 'weather/attribute': ' Condition Description'}"
test_187,Remind me to call my mom tonight,reminder/set_reminder,reminder/set_reminder,True,0.9778,False,False,False,"{'datetime': 'Бүген кич', 'reminder/todo': 'минем әнигә шалтыратырга'}","{'datetime': 'tonight', 'reminder/todo': 'call my mom'}"
test_188,will it rain today?,weather/find,weather/find,True,0.8916,False,False,False,"{'datetime': 'Бүген', 'weather/attribute': 'яңгыр'}","{'location': 'бу атнабызда', 'datetime': 'бу атнабызда', 'weather/attribute': 'дымлылык'}"
test_189,Is it going to rain Saturday?,weather/find,weather/find,True,0.9502,False,False,False,"{'datetime': 'Шимбә', 'weather/attribute': 'яңгыр'}",{'location': 'Saturday'}
test_190,Will you set the alarm every minute for 20 minutes?,alarm/set_alarm,alarm/set_alarm,True,0.9406,False,False,False,{'recurring_datetime': 'һәр минут саен 20 минутка'},"{'datetime': '20 минут', 'recurring_datetime': 'минут', 'reference': 'будильник'}"
test_191,Tropical storms in caribbean,weather/find,weather/find,True,0.972,False,False,False,"{'location': 'Кариб', 'weather/attribute': 'тропик давыллар'}","{'location': 'caribbean', 'weather/attribute': 'tropical storms'}"
test_192,cancel all alarms,alarm/cancel_alarm,alarm/cancel_all_alarms,False,0.9574,False,False,False,{'reference': 'барлык'},{}
test_193,Set alarm for every nine minutes.,alarm/set_alarm,alarm/set_alarm,True,0.9208,False,False,False,{'recurring_datetime': 'тугыз минут саен'},"{'datetime': 'кабатлау расписаниесе', 'recurring_datetime': '9 минут', 'reference': 'будильник'}"
test_194,Delete the last two reminders on my list,reminder/cancel_reminder,reminder/cancel_reminder,True,0.9567,False,False,False,{'reference': 'соңгы ике'},{'reminder/todo': 'искәртү эчтәлеге'}
test_195,how's the weather today,weather/find,weather/find,True,0.9197,False,False,False,{'datetime': 'бүген'},"{'location': 'урын', 'datetime': 'дата/вакыт', 'weather/attribute': 'дымлылык'}"
test_196,turn on my alarm,alarm/set_alarm,alarm/set_alarm,True,0.9636,False,False,False,{'reference': 'минем'},"{'datetime': 'дата/вакыт', 'recurring_datetime': 'кабатлау расписаниесе', 'reference': 'будильник төренә күрсәтү', 'reminder/todo': 'искәртү эчтәлеге: нәрсә эшләргә кирәк'}"
test_197,What is the humidity today?,weather/find,weather/find,True,0.9502,False,False,False,"{'datetime': 'Бүген', 'weather/attribute': 'һаваның дымлылыгы'}","{'location': 'урын', 'weather/attribute': 'дымлылык'}"
test_198,remind me to set an alarm for ups,reminder/set_reminder,reminder/set_reminder,True,0.9452,False,False,False,{'reminder/todo': 'миңа торыр өчен будильникны куерга'},"{'datetime': 'up', 'reminder/todo': 'set an alarm'}"
test_199,Will it snow this weekend?,weather/find,weather/find,True,0.9302,False,False,False,"{'datetime': 'Бу ял көннәрендә', 'weather/attribute': 'кар'}","{'location': 'бу атнабызда', 'datetime': 'бүгенге', 'weather/attribute': 'дымлылык'}"
test_200,How hot will it get today?,weather/find,weather/find,True,0.9273,False,False,False,"{'datetime': 'Бүген', 'weather/attribute': 'эссе'}","{'location': 'today', 'weather/attribute': 'температура'}"
test_201,What time is my alarm set for,alarm/show_alarms,alarm/show_alarms,True,0.9768,False,False,False,{'reference': 'Минем'},{'datetime': 'дата/вакыт'}
test_202,What's the weather like today?,weather/find,weather/find,True,0.9293,False,False,False,{'datetime': 'Бүген'},"{'location': 'урын', 'datetime': 'дата/вакыт', 'weather/attribute': 'дымлылык'}"
test_203,Will it rain tomorrow?,weather/find,weather/find,True,0.9379,False,False,False,"{'datetime': 'Иртәгә', 'weather/attribute': 'яңгыр'}","{'location': 'tomorrow', 'weather/attribute': 'дымлылык'}"
test_204,Cancel my alarm for 5:15am on Tuesday,alarm/cancel_alarm,alarm/cancel_alarm,True,0.9603,False,False,False,"{'datetime': 'Сишәмбе көнне иртәнге 5:15', 'reference': 'минем'}","{'datetime': '5:15am', 'day_of_week': 'Tuesday'}"
test_205,cancel reminder for tonight's game,reminder/cancel_reminder,reminder/cancel_reminder,True,0.9794,False,False,False,"{'datetime': 'бүгенге', 'reminder/todo': 'уен'}","{'datetime': ""tonight's"", 'reminder/todo': 'game'}"
test_206,set alarm for 3am,alarm/set_alarm,alarm/set_alarm,True,0.9914,False,False,False,{'datetime': 'көндезге 3-ке'},{'datetime': '3am'}
test_207,cancel all alarms for saturday,alarm/cancel_alarm,alarm/cancel_alarm,True,0.9516,False,False,False,"{'datetime': 'шимбә көнне', 'reference': 'бөтен'}",{'datetime': 'saturday'}
test_208,i need a reminder to pick Lisa up,reminder/set_reminder,reminder/set_reminder,True,0.9566,False,False,False,{'reminder/todo': 'Лизаны алу'},{'reminder/todo': 'pick Lisa up'}
test_209,What is the high today?,weather/find,weather/find,True,0.9232,False,False,False,"{'datetime': 'Бүген', 'weather/attribute': 'югары'}","{'location': 'here', 'datetime': 'today', 'weather/attribute': 'condition_description'}"
test_210,Is it going to be cloudy today in Grindstone?,weather/find,weather/find,True,0.9495,False,False,False,"{'datetime': 'Бүген', 'location': 'Гринстоунда', 'weather/attribute': 'болытлы'}","{'location': 'Grindstone', 'datetime': 'today', 'weather/attribute': 'дымлылык'}"
test_211,Remind me later,reminder/set_reminder,reminder/set_reminder,True,0.981,False,False,False,{'datetime': 'Соңрак'},"{'datetime': 'дата/вакыт', 'recurring_datetime': 'кабатлау расписаниесе', 'reminder/todo': 'искәртү эчтәлеге: нәрсә эшләргә кирәк'}"
test_212,what is the weather in france today,weather/find,weather/find,True,0.9722,False,False,False,"{'datetime': 'бүген', 'location': 'франциядә'}","{'location': 'France', 'datetime': 'today'}"
test_213,Will it be sunny for the party on Saturday?,weather/find,weather/find,True,0.9352,False,False,False,"{'datetime': 'Шимбә', 'weather/attribute': 'кояшлы'}","{'location': 'party', 'datetime': 'Saturday'}"
test_214,Is it going to rain tomorrow?,weather/find,weather/find,True,0.9495,False,False,False,"{'datetime': 'Иртәгә', 'weather/attribute': 'яңгыр'}","{'location': 'tomorrow', 'weather/attribute': 'дымлылык'}"
test_215,Can I wear shorts today?,weather/find,weather/find,True,0.749,False,False,False,"{'datetime': 'бүген', 'weather/attribute': 'шортыны'}","{'location': 'бу атнабызда', 'datetime': 'бу атнабызда', 'weather/attribute': 'көптән үйтәләр'}"
test_216,Show my reminder,reminder/show_reminders,reminder/show_reminders,True,0.9762,False,False,False,{'reference': 'Минем'},{'datetime': 'дата/вакыт'}
test_217,what is the average forecast for september,weather/find,weather/find,True,0.9155,False,False,False,{'datetime': 'Сентябрьдә'},"{'location': 'September', 'weather/attribute': 'average'}"
test_218,Is it cold today?,weather/find,weather/find,True,0.9191,False,False,False,"{'datetime': 'Бүген', 'weather/attribute': 'салкынмы'}","{'location': 'бу атнабызда', 'datetime': 'бу атнабызда', 'weather/attribute': 'дымлылык'}"
test_219,Cancel all reminders,reminder/cancel_reminder,reminder/cancel_all_reminders,False,0.9524,False,False,False,{'reference': 'Бөтен'},{}
test_220,is it hot?,weather/find,weather/find,True,0.8724,False,False,False,{'weather/attribute': 'эссеме'},"{'location': 'бу атнабызда', 'weather/attribute': 'хава торышы'}"
test_221,Make alarm for weekends at 2pm,alarm/set_alarm,alarm/set_alarm,True,0.9541,False,False,False,{'recurring_datetime': 'Ял көннәрендә көндезге 2'},"{'datetime': '2pm', 'recurring_datetime': 'иртәнге', 'reference': 'будильник'}"
test_222,Set alarm for 2 am,alarm/set_alarm,alarm/set_alarm,True,0.9929,False,False,False,{'datetime': 'иртәнге 2'},{'datetime': '2 am'}
test_223,What is the humidity today?,weather/find,weather/find,True,0.9502,False,False,False,"{'datetime': 'Бүген', 'weather/attribute': 'һаваның дымлылыгы'}","{'location': 'урын', 'weather/attribute': 'дымлылык'}"
test_224,show all my alarms,alarm/show_alarms,alarm/show_alarms,True,0.9618,False,False,False,{'reference': 'минем бөтен'},{'datetime': 'бу атнабызда'}
test_225,Show me all my reminders,reminder/show_reminders,reminder/show_reminders,True,0.97,False,False,False,{'reference': 'Минем бөтен'},{'datetime': 'дата/вакыт'}
test_226,cancel all alarms,alarm/cancel_alarm,alarm/cancel_all_alarms,False,0.9574,False,False,False,{'reference': 'бөтен'},{}
test_227,Is there a storm headed for my area?,weather/find,weather/find,True,0.9718,False,False,False,"{'weather/attribute': 'Давыл', 'location': 'минем районыма'}","{'location': 'my area', 'weather/attribute': 'storm'}"
test_228,what's the weather today,weather/find,weather/find,True,0.939,False,False,False,{'datetime': 'бүген'},"{'location': 'here', 'datetime': 'today'}"
test_229,delete last reminder,reminder/cancel_reminder,reminder/cancel_reminder,True,0.9489,False,False,False,{'reference': 'соңгы'},{'reminder/todo': 'delete last'}
test_230,What time is left on the alarm.,alarm/time_left_on_alarm,alarm/time_left_on_alarm,True,0.9956,False,True,False,{},{'reference': 'конкрет будильникка күрсәтү'}
test_231,Cancel all my alarms for Sunday.,alarm/cancel_alarm,alarm/cancel_alarm,True,0.9316,False,False,False,"{'datetime': 'Якшәмбе көнне', 'reference': 'минем бөтен'}",{'day_of_week': 'Sunday'}
test_232,How hot will it get today?,weather/find,weather/find,True,0.9273,False,False,False,"{'datetime': 'Бүген', 'weather/attribute': 'эссе'}","{'location': 'today', 'weather/attribute': 'температура'}"
test_233,I'd like you to create a new alarm for 8:45 tomorrow morning,alarm/set_alarm,alarm/set_alarm,True,0.9526,False,False,False,{'datetime': 'иртәгә иртәнге 8:45'},{'datetime': '8:45 tomorrow morning'}
test_234,cancel all alarms,alarm/cancel_alarm,alarm/cancel_all_alarms,False,0.9574,False,False,False,{'reference': 'бөтен'},{}
test_235,Is it going to snow today?,weather/find,weather/find,True,0.8899,False,False,False,"{'datetime': 'Бүген', 'weather/attribute': 'кар'}","{'location': 'бу атнабызда', 'datetime': 'танын', 'weather/attribute': 'дымлылык'}"
test_236,remind me to buy ice,reminder/set_reminder,reminder/set_reminder,True,0.9499,False,False,False,{'reminder/todo': 'бозны алырга'},"{'datetime': 'дата/вакыт', 'reminder/todo': 'искәртү эчтәлеге: нәрсә эшләргә кирәк'}"
test_237,show all reminders,reminder/show_reminders,reminder/show_reminders,True,0.9534,False,False,False,{'reference': 'бөтен'},{'datetime': 'дата/вакыт'}
test_238,show all alarms,alarm/show_alarms,alarm/show_alarms,True,0.9633,False,False,False,{'reference': 'бөтен'},{'datetime': 'дата/вакыт'}
test_239,What's the weather in San Francisco?,weather/find,weather/find,True,0.9729,False,False,False,{'location': 'Сан - Францискода'},{'location': 'San Francisco'}
test_240,Cancel all reminders,reminder/cancel_reminder,reminder/cancel_all_reminders,False,0.9524,False,False,False,{'reference': 'Бөтен'},{}
test_241,Cancel reminder for concert,reminder/cancel_reminder,reminder/cancel_reminder,True,0.9815,False,False,False,{'reminder/todo': 'Концерт'},{'reminder/todo': 'concert'}
test_242,Cancel the alarm for tomorrow morning,alarm/cancel_alarm,alarm/cancel_alarm,True,0.9788,False,False,False,{'datetime': 'Иртәгә иртәнге'},{'datetime': 'tomorrow morning'}
test_243,will it rain this week,weather/find,weather/find,True,0.9336,False,False,False,"{'datetime': 'бу атнада', 'weather/attribute': 'яңгыр'}",{'location': 'this week'}
test_244,What is the weather like on Wednesday for golfing?,weather/find,weather/find,True,0.9311,False,False,False,{'datetime': 'чәршәмбе көнне'},"{'location': 'Wednesday', 'weather/attribute': 'golfing', 'datetime': 'Wednesday'}"
test_245,show all alarms,alarm/show_alarms,alarm/show_alarms,True,0.9633,False,False,False,{'reference': 'бөтен'},{'datetime': 'дата/вакыт'}
test_246,turn off all alarms for tomorrow,alarm/cancel_alarm,alarm/cancel_alarm,True,0.9637,False,False,False,"{'reference': 'бөтен', 'datetime': 'иртәгә'}",{'datetime': 'tomorrow'}
test_247,Set alarm for 5pm tonight,alarm/set_alarm,alarm/set_alarm,True,0.9656,False,False,False,{'datetime': 'бүген кичке 5'},{'datetime': '5pm tonight'}
test_248,set alarm for 7 tomorrow,alarm/set_alarm,alarm/set_alarm,True,0.9345,False,False,False,{'datetime': 'иртәге 7-гә'},"{'datetime': '7 tomorrow', 'recurring_datetime': 'not set', 'reference': 'not set', 'reminder/todo': 'not set'}"
test_249,Will it be sunny tomorrow?,weather/find,weather/find,True,0.931,False,False,False,"{'datetime': 'Иртәгә', 'weather/attribute': 'кояшлы'}","{'location': 'tomorrow', 'weather/attribute': 'condition_description'}"
test_250,how hot will it be today,weather/find,weather/find,True,0.9003,False,False,False,"{'datetime': 'бүген', 'weather/attribute': 'эссе'}","{'location': 'бу атнабызда', 'datetime': 'бу атнабызда', 'weather/attribute': 'температура'}"
test_251,Give zero stars to Halo: Ghosts of Onyx,RateBook,RateBook,True,0.9272,False,False,False,"{'rating_value': 'ноль', 'rating_unit': 'йолдызлар', 'object_name': 'Halo: Ghosts of Onyx'}","{'object_name': 'Halo: Ghosts of Onyx', 'object_type': 'китап', 'rating_unit': 'звезды', 'rating_value': 0}"
test_252,Play music by Joy Nilo .,PlayMusic,PlayMusic,True,0.9486,False,False,False,{'artist': 'Джой Нило'},"{'music_item': 'Play music', 'artist': 'Joy Nilo'}"
test_253,Please find me the video game titled 20 Hours in America .,SearchCreativeWork,SearchCreativeWork,True,0.9967,False,False,False,"{'object_name': '20 Hours in America', 'object_type': 'видеоуен'}","{'object_name': '20 Hours in America', 'object_type': 'video game'}"
test_254,Play my inventive playlist,PlayMusic,PlayMusic,True,0.9271,False,False,False,{'playlist': 'ясаган'},"{'playlist': 'my inventive', 'music_item': 'playlist'}"
test_255,Book spot for 9 at Thurmont,BookRestaurant,BookRestaurant,True,0.9307,False,False,False,"{'location': 'Термонтта', 'party_size_number': '9 кешегә'}","{'cuisine': 'American', 'datetime': '9', 'facility': 'Thurmont', 'location': 'Thurmont', 'party_size_description': '9', 'party_size_number': '9', 'restaurant_name': 'Thurmont', 'restaurant_type': 'restaurant', 'sort': 'date'}"
test_256,Add this tune to dorthy's 80's party playlist,AddToPlaylist,AddToPlaylist,True,0.9505,False,False,False,"{'music_item': 'көйне', 'reference': 'Доротиның', 'playlist': ""80's party""}","{'artist': 'this tune', 'playlist': ""dorthy's 80's party"", 'reference': 'playlist'}"
test_257,Play the newest melody on Last Fm by Eddie Vinson .,PlayMusic,PlayMusic,True,0.9616,False,False,False,"{'service': 'Last FM-да', 'artist': 'Эдди Винсонның', 'sort': 'иң яңа', 'music_item': 'көйен'}","{'music_item': 'melody', 'artist': 'Eddie Vinson', 'service': 'Last Fm', 'sort': 'newest'}"
test_258,Check the forecast for Nebraska .,weather/find,weather/find,True,0.9796,False,False,False,{'location': 'Небрасканың'},{'location': 'Nebraska'}
test_259,Is there a storm now in NC ?,weather/find,weather/find,True,0.97,False,False,True,"{'location': 'NC-да', 'datetime': 'хәзер', 'condition_description': 'буран'}","{'location': 'NC', 'weather/attribute': 'дымлылык'}"
test_260,I want to listen to an ep from 1998 .,PlayMusic,PlayMusic,True,0.9102,False,False,False,"{'datetime': '1998', 'music_item': 'минионны'}","{'music_item': 'ep', 'datetime': '1998', 'track': 'an'}"
test_261,I need times for A Yiddish World Remembered at Dipson Theatres,SearchScreeningEvent,SearchScreeningEvent,True,0.9701,False,False,False,"{'location': 'Дипсон театрларында', 'movie_name': 'A Yiddish World Remembered', 'object_type': 'вакыт'}","{'movie_name': 'A Yiddish World Remembered', 'location': 'Dipson Theatres', 'object_location_type': 'кинотеатрда', 'datetime': 'дата/вакыт'}"
test_262,Give 1 out of 6 rating to the current textbook,RateBook,RateBook,True,0.9447,False,False,False,"{'object_select': 'Хәзерге', 'object_type': 'дәреслеккә', 'best_rating': '6-дан', 'rating_value': '1'}","{'object_name': 'current textbook', 'rating_value': 1, 'rating_unit': 'out of 6'}"
test_263,Add the Matt Murphy tune to the Flow Español playlist.,AddToPlaylist,AddToPlaylist,True,0.9767,False,False,False,"{'artist': 'Мэтт Мерфиның', 'music_item': 'көйен', 'playlist': 'Flow Español'}","{'artist': 'Matt Murphy', 'music_item': 'tune', 'playlist': 'Flow Español'}"
test_264,I want to book a sundanese gastropub nearby in Texas for 3 people on 5/20/2025 .,BookRestaurant,BookRestaurant,True,0.9567,False,False,True,"{'party_size_number': '3', 'datetime': '20/05/2025', 'location': 'Техас | янындагы', 'cuisine': 'судан', 'restaurant_type': 'гастропабын'}","{'cuisine': 'sundanese gastropub', 'location': 'Texas', 'datetime': '5/20/2025', 'party_size_number': '3'}"
test_265,Could you find the TV series The Approach,SearchCreativeWork,SearchCreativeWork,True,0.9855,False,False,False,"{'object_name': 'The Approach', 'object_type': 'телесериал'}","{'object_name': 'The Approach', 'object_type': 'TV series'}"
test_266,Give this chronicle a 2 rating.,RateBook,RateBook,True,0.9142,False,False,True,"{'object_select': 'Бу', 'object_part_of_series_type': 'хроникага', 'rating_value': '2'}","{'object_name': 'Гына', 'object_type': 'китап', 'rating_unit': 'йолдыз', 'rating_value': '2'}"
test_267,Give The American Scene 2 of 6 stars,RateBook,RateBook,True,0.9377,False,False,False,"{'object_name': 'The American Scene-ка', 'best_rating': '6-дан', 'rating_value': '2', 'rating_unit': 'йолдыз'}","{'object_name': 'Give The American Scene', 'object_type': 'book', 'rating_unit': 'stars', 'rating_value': 2, 'object_part_of_series_type': 'of', 'object_select': '6'}"
test_268,Add emilie autumn to my Nação Reggae playlist.,AddToPlaylist,AddToPlaylist,True,0.9571,False,False,False,"{'reference': 'Минем', 'playlist': 'Nação Reggae', 'artist': 'emilie autumn'}","{'artist': 'emilie autumn', 'music_item': 'артист', 'playlist': 'Nação Reggae', 'reference': 'плейлистымга'}"
test_269,I want to book a jewish restaurant in Gambia .,BookRestaurant,BookRestaurant,True,0.9766,False,False,True,"{'location': 'Гамбиядәге', 'cuisine': 'яһүд', 'restaurant_type': 'ресторанын'}","{'cuisine': 'jewish', 'location': 'Gambia'}"
test_270,book a table at a Fried chicken restaurant,BookRestaurant,BookRestaurant,True,0.9162,False,False,True,{'restaurant_name': 'Fried chicken restaurant'},"{'cuisine': 'Fried chicken', 'datetime': 'бу атнабызда', 'location': 'урын', 'party_size_description': 'табигый телне аңлау', 'party_size_number': '1', 'restaurant_name': 'Fried chicken restaurant', 'restaurant_type': 'ресторан', 'sort': 'югары бәяләнген'}"
test_271,add we have a theme song to my House Afterwork playlist,AddToPlaylist,AddToPlaylist,True,0.9192,False,False,False,"{'reference': 'минем', 'playlist': 'House Afterwork', 'entity_name': 'we have a theme song'}","{'music_item': 'тема песней', 'playlist': 'House Afterwork'}"
test_272,"What will the weather be not far from here on October the nineteenth, 2026 ?",weather/find,weather/find,True,0.9796,False,False,False,"{'datetime': '2026 елның унтугызынчы октябрендә', 'location': 'моннан | ерак түгел'}","{'location': 'not far from here', 'datetime': 'October the nineteenth, 2026'}"
test_273,Weather in Walden Russia on 12/26/2018,weather/find,weather/find,True,0.9813,False,False,False,"{'location': 'Уолденда | Россия', 'datetime': '26/12/2018'}","{'location': 'Walden Russia', 'datetime': '12/26/2018'}"
test_274,I want to book a restaurant for my father in law and I in Buckner a year from now .,BookRestaurant,BookRestaurant,True,0.9189,False,False,True,"{'party_size_description': 'каенана һәм миңа', 'datetime': 'бер елдан соң', 'location': 'Buckner', 'restaurant_type': 'ресторанны'}","{'cuisine': 'American', 'datetime': 'a year from now', 'facility': 'Buckner', 'location': 'Buckner', 'party_size_description': 'my father in law and I', 'party_size_number': '2', 'restaurant_name': 'unnamed', 'restaurant_type': 'restaurant', 'sort': 'best'}"
test_275,Rate this book a 1,RateBook,RateBook,True,0.9218,False,False,False,"{'object_select': 'Бу', 'object_type': 'китапка', 'rating_value': '1'}","{'object_name': 'this book', 'rating_unit': '1', 'rating_value': '1'}"
test_276,add this artist to my spotlight on country 2016 playlist,AddToPlaylist,AddToPlaylist,True,0.9575,False,False,False,"{'music_item': 'башкаручыны', 'reference': 'минем', 'playlist': 'spotlight on country 2016'}","{'artist': 'this artist', 'playlist': 'spotlight on country 2016', 'reference': 'my'}"
test_277,Could you locate the Epic Conditions picture ?,SearchCreativeWork,SearchCreativeWork,True,0.9861,False,False,False,"{'object_name': 'Epic Conditions', 'object_type': 'рәсемен'}","{'object_name': 'Epic Conditions', 'object_type': 'picture'}"
test_278,Play rich sex on Iheart,PlayMusic,PlayMusic,True,0.9697,False,False,True,"{'service': 'Iheart-та', 'track': 'rich sex'}","{'music_item': 'Play rich sex', 'service': 'Iheart'}"
test_279,Is Bartok the Magnificent playing at seven AM ?,SearchScreeningEvent,SearchScreeningEvent,True,0.9493,False,False,False,"{'movie_name': 'Bartok the Magnificent', 'datetime': 'иртәнге җидедә'}","{'movie_name': 'Bartok the Magnificent', 'location': 'seven AM', 'object_location_type': 'кинотеатрда', 'datetime': 'дата/вакыт', 'object_type': 'расписаниесен'}"
test_280,Play something on Zvooq,PlayMusic,PlayMusic,True,0.9533,False,False,False,{'service': 'Zvooq-да'},"{'music_item': 'Play something', 'service': 'Zvooq'}"
test_281,Let me hear Chris Knight music,PlayMusic,PlayMusic,True,0.9118,False,False,False,{'artist': 'Крис Найт'},"{'artist': 'Chris Knight', 'music_item': 'артистны', 'playlist': 'none', 'service': 'Spotify', 'sort': 'none'}"
test_282,play Jill Sobule album,PlayMusic,PlayMusic,True,0.9512,False,False,True,"{'album': 'Джилл Собул', 'music_item': 'альбомын'}","{'album': 'Jill Sobule', 'music_item': 'альбом'}"
test_283,Give four stars to The Broken Window,RateBook,RateBook,True,0.9303,False,False,False,"{'object_name': 'The Broken Window', 'rating_value': 'дүрт', 'rating_unit': 'йолдыз'}","{'object_name': 'The Broken Window', 'object_type': 'китап', 'rating_unit': 'звезды', 'rating_value': 4}"
test_284,Tell me the forecast for 6 am in Tatra-Nationalpark,weather/find,weather/find,True,0.9925,False,False,False,"{'location': 'Tatra-милли паркында', 'datetime': 'иртәнге 6да'}","{'location': 'Tatra-Nationalpark', 'datetime': '6 am'}"
test_285,Please book me a table at a bistro which serves lorna doone .,BookRestaurant,BookRestaurant,True,0.8819,False,False,True,"{'restaurant_type': 'бистродагы', 'served_dish': 'lorna doone'}","{'cuisine': 'bistro', 'served_dish': 'lorna doone', 'restaurant_type': 'урын', 'location': 'урын'}"
test_286,Rate The Mystery of the Tolling Bell series 4 stars .,RateBook,RateBook,True,0.9316,False,False,True,"{'object_name': 'The Mystery of the Tolling Bell', 'object_part_of_series_type': 'сериалны', 'rating_value': '4', 'rating_unit': 'йолдызга'}","{'object_name': 'Rate The Mystery of the Tolling Bell series', 'object_type': 'китап', 'rating_value': 4, 'rating_unit': 'звезды'}"
test_287,Use Groove Shark to play music,PlayMusic,PlayMusic,True,0.9414,False,False,False,{'service': 'Groove Shark'},"{'service': 'Groove Shark', 'music_item': 'музыка'}"
test_288,Check the timings for Snowbound at the closest movie theatre .,SearchScreeningEvent,SearchScreeningEvent,True,0.924,False,False,True,"{'location': 'Якындагы', 'object_location_type': 'кинотеатрда', 'movie_name': 'Snowbound'}","{'location': 'closest movie theatre', 'object_type': 'кино күрсәтү', 'datetime': 'дата/вакыт'}"
test_289,Please open Zvooq,PlayMusic,none,False,0.0,True,False,False,{'service': 'Zvooq'},{}
test_290,book spot for 1 at Town of Ramsgate in Merit,BookRestaurant,BookSpot,False,0.9143,False,False,True,"{'party_size_number': '1', 'location': 'Меритта', 'restaurant_name': 'Town of Ramsgate'}","{'location': 'Town of Ramsgate', 'datetime': '1', 'object_type': 'spot', 'object_location_type': 'in', 'facility': 'Merit'}"
test_291,Will I Think I Do be playing at 7 PM ?,SearchScreeningEvent,SearchScreeningEvent,True,0.9583,False,False,False,"{'movie_name': 'I Think I Do', 'datetime': 'кичке 7-дә'}","{'movie_name': 'Will I Think I Do', 'location': 'иң якын', 'object_location_type': 'кинотеатрда', 'datetime': '7 PM'}"
test_292,will Custer National Forest be chillier at seven Pm,weather/find,weather/find,True,0.9532,False,False,True,"{'location': 'Custer National Forest', 'datetime': 'кичке җидедә', 'condition_temperature': 'салкынрак'}","{'location': 'Custer National Forest', 'datetime': '7 Pm', 'weather/attribute': 'температура'}"
test_293,I want to listen to something on Youtube,PlayMusic,PlayMusic,True,0.9314,False,False,False,{'service': 'Youtube-та'},"{'service': 'Youtube', 'music_item': 'something'}"
test_294,Search for the game Difficult Loves,SearchCreativeWork,SearchCreativeWork,True,0.9784,False,False,False,"{'object_name': 'Difficult Loves', 'object_type': 'уенын'}","{'object_name': 'Difficult Loves', 'object_type': 'game'}"
test_295,What's the weather forecast for Bothe-Napa Valley State Park close by february 20 ?,weather/find,weather/find,True,0.9729,False,False,False,"{'datetime': '20 февральгә', 'location': 'Bothe-Napa Valley дәүләт паркында'}","{'location': 'Bothe-Napa Valley State Park', 'datetime': 'close by february 20'}"
test_296,show me the schedule of movie The Great Gildersleeve near movie house,SearchScreeningEvent,SearchScreeningEvent,True,0.9637,False,False,True,"{'object_location_type': 'кинотеатр', 'movie_name': 'The Great Gildersleeve', 'object_type': 'расписаниесен'}","{'movie_name': 'The Great Gildersleeve', 'location': 'movie house', 'object_location_type': 'кинотеатрда', 'datetime': 'дата/вакыт'}"
test_297,Tell me the weather forecast for Gibsland,weather/find,weather/find,True,0.9476,False,False,False,{'location': 'Гибслендта'},"{'location': 'Gibsland', 'datetime': 'бу атнабызда', 'weather/attribute': 'температура'}"
test_298,Can I get the times for movies in the neighbourhood,SearchScreeningEvent,SearchScreeningEvent,True,0.866,False,False,False,"{'location': 'күршедәге', 'movie_type': 'кино', 'object_type': 'графигын'}","{'location': 'небольшой', 'object_type': 'фильм', 'datetime': 'дата/вакыт'}"
test_299,Rate Soul Music a 0 .,RateBook,RateBook,True,0.9587,False,False,False,"{'object_name': 'Soul Music-ка', 'rating_value': '0'}","{'object_name': 'Soul Music', 'object_type': 'китап', 'rating_unit': 'йолдыз', 'rating_value': '0'}"
test_300,Book a reservation for five people for a tatar taverna in Sargents,BookRestaurant,BookRestaurant,True,0.9212,False,False,True,"{'location': 'Сарджентстада', 'cuisine': 'татар', 'restaurant_type': 'тавернасында', 'party_size_number': 'биш'}","{'cuisine': 'tatar', 'datetime': 'дата/вакыт', 'facility': 'таверна', 'location': 'Sargents', 'party_size_description': '5', 'party_size_number': '5', 'restaurant_name': 'tatar taverna', 'restaurant_type': 'татар', 'sort': 'сайлау критерие'}"
test_301,Play All Things Must Pass .,PlayMusic,PlayMusic,True,0.9292,False,False,True,{'track': 'All Things Must Pass'},"{'music_item': 'Play All Things Must Pass', 'service': 'Spotify'}"
test_302,What is the rain forecast for one hour from now in South Korea,weather/find,weather/find,True,0.9765,False,False,True,"{'location': 'Кореяда', 'datetime': 'бер сәгатьтән соң', 'condition_description': 'яңгыр'}","{'location': 'South Korea', 'datetime': 'one hour from now', 'weather/attribute': 'rain'}"
test_303,Book a spot for 4 in Oklahoma at South Street Diner,BookRestaurant,BookRestaurant,True,0.9526,False,False,True,"{'location': 'Оклахомада', 'restaurant_name': 'South Street Diner-да', 'party_size_number': '4'}","{'cuisine': 'American', 'datetime': 'бу атнабызда', 'facility': 'South Street Diner', 'location': 'Oklahoma', 'party_size_description': '4', 'party_size_number': '4', 'restaurant_name': 'South Street Diner', 'restaurant_type': 'ресторан', 'sort': 'югары бәяләнген'}"
test_304,Play music off Netflix .,PlayMusic,PlayMusic,True,0.9545,False,False,False,{'service': 'Netflix-тан'},"{'service': 'Netflix', 'music_item': 'off'}"
test_305,I want to see Shattered Image .,SearchScreeningEvent,SearchCreativeWork,False,0.9697,False,False,False,{'movie_name': 'Shattered Image-не'},"{'object_name': 'Shattered Image', 'object_type': 'film'}"
test_306,Search for The Sound of One Hand Clapping,SearchCreativeWork,none,False,0.9765,True,False,False,{'object_name': 'The Sound of One Hand Clapping-ны'},{}
test_307,Look for the album Wolves Within,SearchCreativeWork,SearchCreativeWork,True,0.9808,False,False,False,"{'object_name': 'Wolves Within', 'object_type': 'альбомын'}","{'object_name': 'Wolves Within', 'object_type': 'альбом'}"
test_308,is We Are Northern Lights playing in any movie theatre,SearchScreeningEvent,SearchScreeningEvent,True,0.9283,False,False,True,"{'object_location_type': 'кинотеатрда', 'movie_name': 'We Are Northern Lights'}","{'movie_name': 'We Are Northern Lights', 'location': 'any movie theatre', 'object_location_type': 'кинотеатрда', 'datetime': 'дата/вакыт', 'object_type': 'расписаниесен'}"
test_309,Add our little corner of the world music from gilmore girls to my The Funny Thing About Football Is playlist.,AddToPlaylist,AddToPlaylist,True,0.9456,False,False,False,"{'entity_name': 'Безнең кечкенә дөнья почмагы , Гилмор кыз музыкасы', 'reference': 'минем', 'playlist': 'Иң көлкесе әйберләр футболда'}","{'artist': 'gilmore girls', 'music_item': 'music from', 'playlist': 'The Funny Thing About Football Is', 'reference': 'my'}"
test_310,what is the forecast for hotter weather at Southford Falls State Park,weather/find,weather/find,True,0.936,False,False,True,"{'location': 'Саутфорд Фолс дәүләт паркында', 'condition_temperature': 'эссе'}","{'location': 'Southford Falls State Park', 'weather/attribute': 'температура шартлары', 'datetime': 'бу'}"
test_311,Please book me a table at a pizzeria with a parking facility in Ghana .,BookRestaurant,BookRestaurant,True,0.9323,False,False,True,"{'location': 'Гана', 'facility': 'парковкасы', 'restaurant_type': 'пиццерия'}","{'cuisine': 'pizzeria', 'location': 'Ghana', 'facility': 'parking facility', 'restaurant_type': 'table', 'party_size_description': 'a table', 'party_size_number': '1'}"
test_312,I want to hear a seventies sound track .,PlayMusic,PlayMusic,True,0.8809,False,False,False,"{'datetime': 'җитмешенче', 'music_item': 'саундтрегын'}","{'music_item': 'sound track', 'genre': 'seventies', 'sort': 'альбом'}"
test_313,Weather in two hours in Uzbekistan,weather/find,weather/find,True,0.9661,False,False,False,"{'datetime': 'Ике сәгатьтән соң', 'location': 'Үзбәкстанда'}","{'location': 'Uzbekistan', 'datetime': 'two hours'}"
test_314,Please find me the Journal of the British Astronomical Association movie .,SearchCreativeWork,SearchCreativeWork,True,0.9849,False,False,False,"{'object_name': 'Journal of the British Astronomical Association', 'object_type': 'фильмын'}","{'object_name': 'Journal of the British Astronomical Association', 'object_type': 'movie'}"
test_315,"Book a reservation for 8 people in Wardville , Kansas",BookRestaurant,BookRestaurant,True,0.8992,False,False,False,"{'location': 'Уордвилл-да | Канзас-та', 'party_size_number': '8'}","{'cuisine': 'American', 'datetime': '2022-03-15 19:00', 'facility': 'restaurant', 'location': 'Wardville, Kansas', 'party_size_description': '8 people', 'party_size_number': '8', 'restaurant_name': 'Wardville Diner', 'restaurant_type': 'American diner', 'sort': 'price'}"
test_316,What will the weather be faraway from here ?,weather/find,weather/find,True,0.9028,False,False,False,{'location': 'моннан | ерак'},"{'location': 'faraway from here', 'datetime': 'now'}"
test_317,Add Richard McNamara newest song to the Just Smile playlist,AddToPlaylist,AddToPlaylist,True,0.9306,False,False,False,"{'artist': 'Ричард Макнамараның', 'music_item': 'җырын', 'playlist': 'Just Smile'}","{'artist': 'Richard McNamara', 'music_item': 'сонгы', 'playlist': 'Just Smile'}"
test_318,how cold will it be here in 1 second,weather/find,weather/find,True,0.9627,False,False,True,"{'location': 'монда', 'datetime': '1 секундтан соң', 'condition_temperature': 'салкын'}","{'location': 'here', 'datetime': '1 second'}"
test_319,Looking for a painting with the title With You,SearchCreativeWork,SearchCreativeWork,True,0.9876,False,False,False,"{'object_name': 'With You', 'object_type': 'рәсем'}","{'object_name': 'With You', 'object_type': 'painting'}"
test_320,Find the creative work Deadly Weapons,SearchCreativeWork,SearchCreativeWork,True,0.9785,False,False,False,{'object_name': 'Deadly Weapons'},"{'object_name': 'Deadly Weapons', 'object_type': 'creative work'}"
test_321,What will the weather be in nov. in Brookneal ?,weather/find,weather/find,True,0.9746,False,False,False,"{'datetime': 'Ноябрьдә', 'location': 'Брукнилда'}","{'location': 'Brookneal', 'datetime': 'nov'}"
test_322,Book a reservation at tavern for noodle,BookRestaurant,none,False,0.9514,True,False,True,"{'served_dish': 'Токмач', 'restaurant_type': 'тавернада'}",{}
test_323,what is the forecast for Costa Rica,weather/find,weather/find,True,0.9365,False,False,False,{'location': 'Коста - Рикада'},"{'location': 'Costa Rica', 'datetime': 'бу атнабызда', 'weather/attribute': 'температура'}"
test_324,Is The Two Gladiators playing,SearchScreeningEvent,SearchScreeningEvent,True,0.9425,False,False,False,{'movie_name': 'The Two Gladiators'},"{'movie_name': 'The Two Gladiators', 'location': 'cinema', 'object_location_type': 'theater', 'datetime': 'now'}"
test_325,what movies at Star Theatres .,SearchScreeningEvent,SearchScreeningEvent,True,0.9622,False,False,False,"{'location': 'Star Theatres-да', 'movie_type': 'фильмнар'}","{'location': 'Star Theatres', 'object_type': 'фильм'}"
test_326,Can you please find me the Harry Hood saga ?,SearchCreativeWork,SearchCreativeWork,True,0.9668,False,False,False,"{'object_name': 'Harry Hood', 'object_type': 'сагасын'}","{'object_name': 'Harry Hood saga', 'object_type': 'book'}"
test_327,add this tune to my Sleepify playlist,AddToPlaylist,AddToPlaylist,True,0.9723,False,False,False,"{'music_item': 'көйне', 'reference': 'минем', 'playlist': 'Sleepify'}","{'music_item': 'this tune', 'playlist': 'Sleepify'}"
test_328,Is Any Which Way You Can playing in 15 seconds,SearchScreeningEvent,PlayMusic,False,0.9504,False,False,False,"{'movie_name': 'Any Which Way You Can', 'datetime': '15 секундтан соң'}","{'music_item': 'Is Any Which Way You Can', 'service': 'YouTube', 'sort': '15 seconds'}"
test_329,Play music from E-type .,PlayMusic,PlayMusic,True,0.9049,False,False,False,{'artist': 'E-type'},"{'music_item': 'E-type', 'service': 'Spotify', 'sort': 'latest releases'}"
test_330,Give one start to the current book,RateBook,RateBook,True,0.9045,False,False,False,"{'object_select': 'Хәзерге', 'object_type': 'китапка', 'rating_value': 'бер'}","{'object_name': 'Минем Әнийм Хроникасы', 'rating_value': '1', 'rating_unit': 'йолдыз'}"
test_331,Play Another Passenger from Louis Nelson Delisle .,PlayMusic,PlayMusic,True,0.9089,False,False,True,"{'artist': 'Louis Nelson Delisle-ның', 'album': 'Another Passenger'}","{'artist': 'Louis Nelson Delisle', 'music_item': 'артистны', 'playlist': 'Play Another'}"
test_332,Where can I find the movie schedules,SearchScreeningEvent,SearchScreeningEvent,True,0.95,False,False,False,{'object_type': 'кино графигын'},"{'datetime': 'бу атнабызда', 'location': 'урын', 'movie_name': 'фильм исеме', 'object_location_type': 'кинотеатрда', 'object_type': 'расписаниесен'}"
test_333,what's the forecast for sep. 26 in Emerado Saint Pierre and Miquelon,weather/find,weather/find,True,0.9798,False,False,False,"{'location': 'Эмерадода | Сен - Пьер һәм Микелонда', 'datetime': '26 сентябрьгә'}","{'location': 'Emerado Saint Pierre and Miquelon', 'datetime': 'sep. 26'}"
test_334,Lets eat near Oakfield 17 seconds from now at Ted Peters Famous Smoked Fish,BookRestaurant,BookRestaurant,True,0.9379,False,False,True,"{'restaurant_name': 'Ted Peters Famous Smoked Fish-та', 'location': 'Окфилд | янында', 'datetime': '17 секундтансын'}","{'cuisine': 'American', 'datetime': '17 seconds from now', 'facility': 'Ted Peters Famous Smoked Fish', 'location': 'near Oakfield', 'party_size_description': '2 people', 'party_size_number': '2', 'restaurant_name': 'Ted Peters Famous Smoked Fish', 'restaurant_type': 'seafood', 'sort': 'closest'}"
test_335,get me the trailer of Good Morning Sunshine,SearchCreativeWork,SearchCreativeWork,True,0.99,False,False,False,"{'object_name': 'Good Morning Sunshine', 'object_type': 'трейлерын'}","{'object_name': 'Good Morning Sunshine', 'object_type': 'trailer'}"
test_336,I want to book a brasserie for 3 people in Netherlands Antilles .,BookRestaurant,BookRestaurant,True,0.9339,False,False,False,"{'location': 'Нидерланд Антиль утрауларында', 'party_size_number': '3', 'restaurant_type': 'сыра ресторанны'}","{'cuisine': 'brasserie', 'location': 'Netherlands Antilles', 'party_size_number': '3', 'restaurant_type': 'бар'}"
test_337,rate this current album 0 stars,RateBook,RateBook,True,0.9406,False,False,False,"{'object_select': 'бу хәзерге', 'object_type': 'альбомга', 'rating_value': '0', 'rating_unit': 'йолдыз'}","{'object_name': 'rate this current album', 'object_type': 'album', 'rating_unit': 'stars', 'rating_value': '0'}"
test_338,Like to book a seat in Monaco for the Yankee Doodle Coffee Shop,BookRestaurant,BookRestaurant,True,0.9288,False,False,True,"{'location': 'Монакода', 'restaurant_name': 'Yankee Doodle Coffee Ѕһор-та'}","{'cuisine': 'кафе', 'datetime': 'Monaco', 'facility': 'Yankee Doodle Coffee Shop', 'location': 'урын', 'party_size_description': 'сеат', 'party_size_number': '1', 'restaurant_name': 'Monaco', 'restaurant_type': 'кафе', 'sort': 'урын'}"
test_339,Add the artist to the political punks playlist.,AddToPlaylist,AddToPlaylist,True,0.9219,False,False,False,"{'playlist': 'Political punks', 'music_item': 'башкаручыны'}","{'artist': 'political punks', 'playlist': 'political punks', 'music_item': 'артист'}"
test_340,Will it be colder four months from now in Suwanee AK,weather/find,weather/find,True,0.9627,False,False,True,"{'datetime': 'Дүрт айдан соң', 'location': 'Саванида | AK-ында', 'condition_temperature': 'салкынрак'}","{'location': 'Suwanee AK', 'datetime': 'four months from now', 'weather/attribute': 'colder'}"
test_341,add Muzika za decu to my Crash Course playlist,AddToPlaylist,AddToPlaylist,True,0.9476,False,False,False,"{'reference': 'минем', 'playlist': 'Crash Course', 'entity_name': 'Muzika za decu'}","{'artist': 'Muzika za decu', 'music_item': 'музыкаль объект', 'playlist': 'Crash Course'}"
test_342,Can you look up the Molecular Oncology saga ?,SearchCreativeWork,SearchCreativeWork,True,0.9702,False,False,False,"{'object_name': 'Molecular Oncology', 'object_type': 'сагасын'}",{'object_name': 'Molecular Oncology saga'}
test_343,I want to book a restaurant for six people in Wagstaff AK .,BookRestaurant,BookRestaurant,True,0.892,False,False,False,"{'party_size_number': 'алты', 'restaurant_type': 'ресторанны', 'location': 'Вагстаффта | AK-да'}","{'cuisine': 'American', 'datetime': '2022-03-15 19:00', 'facility': 'Wagstaff AK', 'location': 'Wagstaff AK', 'party_size_description': '6 people', 'party_size_number': '6', 'restaurant_name': 'Wagstaff AK', 'restaurant_type': 'restaurant', 'sort': 'best rated'}"
test_344,Play some symphony music from David Lindley .,PlayMusic,PlayMusic,True,0.9206,False,False,False,"{'artist': 'Дэвид Линдлиның', 'music_item': 'симфоник'}","{'artist': 'David Lindley', 'music_item': 'symphony', 'service': 'Spotify', 'sort': 'newest'}"
test_345,"Please fine me the TV series , Now We Are Married .",SearchCreativeWork,SearchCreativeWork,True,0.981,False,False,False,"{'object_name': 'Now We Are Married', 'object_type': 'телесериалын'}","{'object_name': 'TV series', 'object_type': 'Now We Are Married'}"
test_346,I want to see Outcast .,SearchScreeningEvent,SearchCreativeWork,False,0.968,False,False,False,{'movie_name': 'Outcast-ны'},"{'object_name': 'Outcast', 'object_type': 'фильм'}"
test_347,add the current track to my This Is Tchaikovsky playlist,AddToPlaylist,AddToPlaylist,True,0.9647,False,False,False,"{'reference': 'минем', 'playlist': 'This Is Tchaikovsky', 'music_item': 'трекны'}","{'music_item': 'current track', 'playlist': 'This Is Tchaikovsky'}"
test_348,Play This Is: Miles Davis on Lastfm .,PlayMusic,PlayMusic,True,0.951,False,False,False,"{'service': 'Lastfm-да', 'playlist': 'This Is: Miles Davis-ны'}","{'music_item': 'Play', 'artist': 'Miles Davis', 'service': 'Lastfm'}"
test_349,book the best table in Tanzania for 5 people at a diner,BookRestaurant,BookRestaurant,True,0.9639,False,False,False,"{'location': 'Танзаниядә', 'restaurant_type': 'кабымханәдә', 'party_size_number': '5', 'sort': 'иң яхшы'}","{'cuisine': 'diner', 'datetime': 'not specified', 'facility': 'best table', 'location': 'Tanzania', 'party_size_description': '5 people', 'party_size_number': 5, 'restaurant_name': 'not specified', 'restaurant_type': 'diner', 'sort': 'best'}"
test_350,Let's hear good Mohammad Mamle on Vimeo .,PlayMusic,SearchCreativeWork,False,0.9655,False,False,False,"{'service': 'Vimeo-да', 'sort': 'элекке', 'artist': 'Mohammad Mamle'}","{'object_name': ""Let's hear good Mohammad Mamle"", 'object_type': 'video'}"
test_351,Put Vandemataram Srinivas 's track onto HipHop Hot 50 .,AddToPlaylist,AddToPlaylist,True,0.9752,False,False,False,"{'artist': 'Vandemataram Srinivas', 'music_item': 'трегын', 'playlist': 'HipHop Hot 50-гә'}","{'artist': 'Put Vandemataram Srinivas', 'music_item': 'track', 'playlist': 'HipHop Hot 50'}"
test_352,Get me the Secret South song .,SearchCreativeWork,PlayMusic,False,0.915,False,False,False,"{'object_name': 'Secret South', 'object_type': 'җырын'}","{'music_item': 'Secret South', 'service': 'Spotify'}"
test_353,nineties songs on Zvooq,PlayMusic,PlayMusic,True,0.9808,False,False,False,"{'service': 'Zvooq-та', 'datetime': 'туксанынчы'}","{'music_item': 'nineties songs', 'service': 'Zvooq'}"
test_354,what is the forecast in Admire in TX starting at seventeen,weather/find,weather/find,True,0.9647,False,False,False,"{'datetime': 'кичке биштән', 'location': 'Техаста | Admire-да'}","{'location': 'Admire', 'datetime': 'starting at seventeen'}"
test_355,Play something on Last Fm,PlayMusic,PlayMusic,True,0.9301,False,False,False,{'service': 'Last FM-да'},"{'service': 'Last Fm', 'music_item': 'something'}"
test_356,I want to see The Portrait of a Lady at the nearest cinema .,SearchScreeningEvent,SearchScreeningEvent,True,0.9428,False,False,True,"{'location': 'якындагы', 'object_location_type': 'кинотеатрда', 'movie_name': 'The Portrait of a Lady'}","{'movie_name': 'The Portrait of a Lady', 'location': 'неарстә', 'object_location_type': 'кинотеатр', 'object_type': 'кино күрсәтү'}"
test_357,Please find me Phineas Redux .,SearchCreativeWork,SearchCreativeWork,True,0.9639,False,False,False,{'object_name': 'Phineas Redux'},"{'object_name': 'Phineas Redux', 'object_type': 'фильм'}"
test_358,Add the 40 cal tune to the laundry playlist.,AddToPlaylist,AddToPlaylist,True,0.9876,False,False,False,"{'playlist': 'Laundry', 'artist': '40 cal', 'music_item': 'көйен'}","{'music_item': '40 cal tune', 'playlist': 'laundry'}"
test_359,Open itunes and play Ben Burnley Ready To Die,PlayMusic,PlayMusic,True,0.9553,False,False,True,"{'service': 'Itunes-ны', 'artist': 'Ben Burnley', 'album': 'Ready To Die-ны'}","{'music_item': 'Ben Burnley Ready To Die', 'service': 'iTunes'}"
test_360,What will the weather be in Monument of Lihula on december the 5th ?,weather/find,weather/find,True,0.9905,False,False,False,"{'datetime': '5-енче декабрьдә', 'location': 'Лихул һәйкәле'}","{'location': 'Monument of Lihula', 'datetime': 'december the 5th'}"
test_361,Show the Sexy Dance 2 times at the closest movie house,SearchScreeningEvent,SearchScreeningEvent,True,0.957,False,False,True,"{'location': 'Якындагы', 'object_location_type': 'кинотеатрда', 'movie_name': 'Sexy Dance 2', 'object_type': 'расписаниесен'}","{'movie_name': 'Show the Sexy Dance', 'location': 'closest movie house', 'object_location_type': 'кинотеатр', 'datetime': '2 times'}"
test_362,Looking for a song with the title of Live at the Kings Center,SearchCreativeWork,SearchCreativeWork,True,0.9303,False,False,False,"{'object_name': 'Live at the Kings Center', 'object_type': 'җырны'}","{'object_name': 'Live at the Kings Center', 'object_type': 'music_track'}"
test_363,"What's the weather like in Tyonek , New Jersey",weather/find,weather/find,True,0.9763,False,False,False,{'location': 'Тайонкта | Нью - Джерсида'},"{'location': 'Tyonek , New Jersey'}"
test_364,I want to book Tupelo Honey Cafe in New Jersey for five people.,BookRestaurant,BookRestaurant,True,0.9223,False,False,True,"{'party_size_number': 'биш', 'restaurant_name': 'Tupelo Honey Cafe-да', 'location': 'Нью - Джерсида'}","{'cuisine': 'American', 'datetime': 'Today at 7:30 PM', 'facility': 'indoor', 'location': 'New Jersey', 'party_size_description': 'five people', 'party_size_number': '5', 'restaurant_name': 'Tupelo Honey Cafe', 'restaurant_type': 'cafe', 'sort': 'indoor'}"
test_365,book spot for my nieces and I at a tea house,BookRestaurant,none,False,0.9453,True,False,True,"{'restaurant_type': 'чәй йорта', 'party_size_description': 'миӊа һәм минем cеңелләремә'}",{}
test_366,Will it be hot in the Netherlands on February 16th ?,weather/find,weather/find,True,0.9656,False,False,True,"{'datetime': '16 февральдә', 'location': 'Нидерландта', 'condition_temperature': 'эссе'}","{'location': 'Netherlands', 'datetime': 'February 16th', 'weather/attribute': 'condition_description'}"
test_367,I'd like to add jordan rudess onto the Divertido para niños playlist.,AddToPlaylist,AddToPlaylist,True,0.9675,False,False,False,"{'artist': 'jordan rudess-ны', 'playlist': 'Divertido para niños'}","{'artist': 'jordan rudess', 'music_item': 'музыкаль объект', 'playlist': 'Divertido para niños'}"
test_368,Rate In the Company of Cheerful Ladies a zero out of 6,RateBook,RateBook,True,0.9478,False,False,False,"{'object_name': 'In the Company of Cheerful Ladies-ка', 'best_rating': '6-дан', 'rating_value': 'нуль'}","{'best_rating': '0', 'object_name': 'Rate In the Company of Cheerful Ladies', 'object_part_of_series_type': 'tom', 'object_select': 'bu', 'object_type': 'book', 'rating_unit': 'йолдыз', 'rating_value': '6'}"
test_369,Book me a reservation for the best bistro,BookRestaurant,none,False,0.9484,True,False,False,"{'sort': 'иң яхшы', 'restaurant_type': 'бистрода'}",{}
test_370,rate the current textbook 1 out of 6,RateBook,RateBook,True,0.9454,False,False,False,"{'object_select': 'Хәзерге', 'object_type': 'дәреслеккә', 'best_rating': '6-дан', 'rating_value': '1'}","{'object_name': 'current textbook', 'object_type': 'китап', 'rating_unit': 'йолдыз', 'rating_value': '1'}"
test_371,what are the movie times,SearchScreeningEvent,SearchScreeningEvent,True,0.9159,False,False,False,{'object_type': 'кино вакытлары'},"{'movie_name': 'what', 'location': 'the', 'object_location_type': 'movie', 'datetime': 'times'}"
test_372,What will the weather be in Ohio ?,weather/find,weather/find,True,0.9813,False,False,False,{'location': 'Огайода'},{'location': 'Ohio'}
test_373,Add this artist to Showstopper Being Mary Jane,AddToPlaylist,AddToPlaylist,True,0.9357,False,False,False,"{'music_item': 'артистны', 'playlist': 'Showstopper Being Mary Jane'}","{'artist': 'Showstopper', 'music_item': 'артист', 'playlist': 'Being Mary Jane'}"
test_374,Book a reservation for my babies and I,BookRestaurant,BookRestaurant,True,0.8487,False,False,True,{'party_size_description': 'Балаларыма һәм миңа'},"{'cuisine': 'American', 'datetime': '2022-03-15 19:00', 'facility': 'babies', 'location': 'New York', 'party_size_description': 'my babies', 'party_size_number': '2', 'restaurant_name': ""Babies' Restaurant"", 'restaurant_type': 'family-friendly', 'sort': 'best for babies'}"
test_375,"What will the weather be in Sarygamyş Sanctuary on august 21, 2035 ?",weather/find,weather/find,True,0.9935,False,False,False,"{'datetime': '2035 елның 21 августында', 'location': 'Сарыкамыш тыюлыгыда'}","{'location': 'Sarygamyş Sanctuary', 'datetime': 'august 21, 2035'}"
test_376,Rate Ruth five out of 6 points .,RateBook,RateBook,True,0.9448,False,False,False,"{'object_name': 'Руфь китапка', 'best_rating': '6-дан', 'rating_value': 'биш', 'rating_unit': 'балл'}","{'object_name': 'Ruth', 'object_type': 'китап', 'rating_unit': 'балл', 'rating_value': 5, 'best_rating': 6}"
test_377,Reminiscences of the Anti-Japanese Guerillas chronicle deserves zero points out of 6 for a rating.,RateBook,RateBook,True,0.9515,False,False,True,"{'object_name': 'Reminiscences of the Anti-Japanese Guerillas', 'object_part_of_series_type': 'хроникасы', 'best_rating': '6-дан', 'rating_value': 'ноль', 'rating_unit': 'балл'}","{'object_name': 'Reminiscences of the Anti-Japanese Guerillas', 'object_type': 'book', 'rating_unit': 'points', 'rating_value': '0', 'best_rating': '6'}"
test_378,Show me Southern Theatres movie times,SearchScreeningEvent,SearchScreeningEvent,True,0.9608,False,False,False,"{'location': 'Көньяк Театрларындагы', 'object_type': 'кино графикларын'}","{'location': 'Southern Theatres', 'object_type': 'movie times'}"
test_379,Find the movie schedule close by,SearchScreeningEvent,SearchScreeningEvent,True,0.884,False,False,False,"{'location': 'Якындагы кинотеатрда', 'object_type': 'кино графикларын'}","{'location': 'бу', 'movie_name': 'Close by'}"
test_380,Add this album to the Spanish Beat playlist,AddToPlaylist,AddToPlaylist,True,0.9603,False,False,False,"{'music_item': 'альбом', 'playlist': 'Испан ритмнар'}","{'music_item': 'альбом', 'playlist': 'Spanish Beat'}"
test_381,Book a reservation for 6 people for a creole tavern in Montenegro,BookRestaurant,none,False,0.9477,True,False,True,"{'party_size_number': '6', 'cuisine': 'креол', 'restaurant_type': 'тавернасында', 'location': 'Черногориядә'}",{}
test_382,Give the Catedral series four stars .,RateBook,RateBook,True,0.937,False,False,True,"{'object_name': 'Cathedral', 'object_part_of_series_type': 'сериясенә', 'rating_value': 'дүрт', 'rating_unit': 'йолдыз'}","{'object_name': 'Catedral series', 'object_type': 'китап', 'rating_unit': 'йолдыз', 'rating_value': 4}"
test_383,Add The Famous Flower of Serving-Men to my evening acoustic playlist.,AddToPlaylist,AddToPlaylist,True,0.9638,False,False,False,"{'entity_name': 'The Famous Flower of Serving-Men', 'reference': 'минем', 'playlist': 'кичке акустика'}","{'music_item': 'The Famous Flower of Serving-Men', 'playlist': 'evening acoustic'}"
test_384,Show me the schedule for ArcLight Hollywood for only animated movies,SearchScreeningEvent,SearchScreeningEvent,True,0.9309,False,False,False,"{'location': 'ArcLight Hollywood кинотеатырында', 'movie_type': 'анимацион фильмнарга', 'object_type': 'расписаниесене'}","{'location': 'ArcLight Hollywood', 'object_type': 'фильм', 'movie_type': 'анимация'}"
test_385,Please search for the painting titled This Is the Night .,SearchCreativeWork,SearchCreativeWork,True,0.9794,False,False,False,"{'object_name': 'Йолдызлы төн', 'object_type': 'рәсемне'}","{'object_name': 'This Is the Night', 'object_type': 'painting'}"
test_386,What will the humidity be in the current spot at 15:19:29 ?,weather/find,weather/find,True,0.9821,False,False,True,"{'location': 'Бу урында', 'datetime': '15:19:29', 'condition_description': 'дымлылык'}","{'location': 'current spot', 'datetime': '15:19:29', 'weather/attribute': 'humidity'}"
test_387,i want to see JLA Adventures: Trapped In Time,SearchScreeningEvent,SearchCreativeWork,False,0.9705,False,False,False,{'movie_name': 'JLA Adventures: Trapped In Time-ны'},"{'object_name': 'JLA Adventures', 'object_type': 'фильм'}"
test_388,Add a derek watkins tune to This Is Johnny Cash,AddToPlaylist,AddToPlaylist,True,0.953,False,False,False,"{'playlist': 'This Is Johnny Cash-ка', 'artist': 'дерек уоткинсныӊ', 'music_item': 'көйен'}","{'artist': 'derek watkins', 'music_item': 'tune', 'playlist': 'This Is Johnny Cash', 'reference': 'плейлистымга'}"
test_389,Find a creative work called Fire in the Hole,SearchCreativeWork,SearchCreativeWork,True,0.9957,False,False,False,{'object_name': 'Fire in the Hole'},{'object_name': 'Fire in the Hole'}
test_390,book a table near pat's college,BookRestaurant,BookTable,False,0.8737,False,False,False,{'location': 'пэтныӊ колледж | янында'},"{'cuisine': 'American', 'datetime': '2022-03-15 19:00', 'facility': 'restaurant', 'location': 'New York', 'party_size_description': 'for 4 people', 'party_size_number': '4', 'restaurant_name': ""Pat's College"", 'restaurant_type': 'casual dining', 'sort': 'near'}"
test_391,Is Patrick Still Lives showing at AMC Theaters,SearchScreeningEvent,SearchScreeningEvent,True,0.9516,False,False,False,"{'movie_name': 'Patrick Still Lives', 'location': 'AMC кинотеатрларында'}","{'movie_name': 'Patrick Still Lives', 'location': 'AMC Theaters', 'object_location_type': 'кинотеатрда', 'datetime': 'дата/вакыт'}"
test_392,I want to book a joint in a spa .,BookRestaurant,none,False,0.9143,True,False,True,"{'facility': 'спа', 'restaurant_type': 'массажын'}",{}
test_393,need a table somewhere in Quarryville 14 hours from now,BookRestaurant,BookTable,False,0.8946,False,False,False,"{'datetime': '14 сәгатьтән соң', 'location': 'Кварривиллда'}","{'datetime': '14 hours from now', 'location': 'Quarryville', 'object_type': 'table', 'object_location_type': 'restaurant'}"
test_394,play some Gary Lee Conner,PlayMusic,PlayMusic,True,0.9391,False,False,False,{'artist': 'Гари Ли Коннерны'},"{'music_item': 'play some Gary Lee Conner', 'service': 'Spotify'}"
test_395,show the closest movie theatre that shows Boycott,SearchScreeningEvent,SearchScreeningEvent,True,0.9433,False,False,True,"{'location': 'иң якын', 'object_location_type': 'кинотеатрны', 'movie_name': 'Boycott-ны'}","{'movie_name': 'Boycott', 'location': 'closest', 'object_location_type': 'кинотеатр', 'object_type': 'кино күрсәтү'}"
test_396,Please play my ecstatic playlist.,PlayMusic,PlayMusic,True,0.9539,False,False,False,{'playlist': 'ecstatic'},{'playlist': 'my ecstatic playlist'}
test_397,Please look up the song The Mad Magician .,SearchCreativeWork,SearchCreativeWork,True,0.9793,False,False,False,"{'object_name': 'The Mad Magician', 'object_type': 'җырын'}","{'object_name': 'The Mad Magician', 'object_type': 'song'}"
test_398,Check the schedule for Bow Tie Cinemas .,SearchScreeningEvent,SearchScreeningEvent,True,0.9404,False,False,False,"{'location': 'Bow Tie Cinemas-ның', 'object_type': 'расписаниесен'}","{'location': 'Bow Tie Cinemas', 'object_type': 'кино күрсәтүләрен', 'datetime': 'дата/вакыт'}"
test_399,Book me a reservation for a party of 3 at a pub in Northern Mariana Islands,BookRestaurant,BookRestaurant,True,0.9354,False,False,False,"{'location': 'Төньяк Мариан утрауларындагы', 'restaurant_type': 'пабта', 'party_size_number': '3'}","{'cuisine': 'pub', 'datetime': 'дата/вакыт', 'location': 'Northern Mariana Islands', 'party_size_description': '3', 'party_size_number': '3', 'restaurant_name': 'none', 'restaurant_type': 'pub', 'sort': 'none'}"
test_400,I need to add to my Infinite Indie Folk list the works of Rahim Shah,AddToPlaylist,AddToPlaylist,True,0.974,False,False,False,"{'playlist': 'Infinite Indie Folk', 'artist': 'Rahim Shah-ның'}","{'artist': 'Rahim Shah', 'music_item': 'works', 'playlist': 'Infinite Indie Folk'}"
test_401,"Add Jerry Calliste, Jr to my Te quiero playlist.",AddToPlaylist,AddToPlaylist,True,0.9621,False,False,False,"{'reference': 'Минем', 'playlist': 'Te quiero', 'artist': 'Кече Джерри Каллистны'}","{'artist': 'Jerry Calliste, Jr', 'music_item': 'артист', 'playlist': 'Te quiero', 'reference': 'плейлистымга'}"
test_402,How much colder will it be not far from Utah around 3 Am ?,weather/find,weather/find,True,0.9559,False,False,True,"{'location': 'Юта | янында', 'datetime': 'төнге 3 сәгать', 'condition_temperature': 'салкынрак'}","{'location': 'not far from Utah', 'datetime': '3 Am', 'weather/attribute': 'температура'}"
test_403,Add the album to the Hipster Soul playlist.,AddToPlaylist,AddToPlaylist,True,0.9765,False,False,False,"{'music_item': 'Альбомны', 'playlist': 'Hipster Soul'}","{'music_item': 'альбом', 'playlist': 'Hipster Soul'}"
test_404,I want to eat a delicatessen in thirteen hours that serves eastern european food,BookRestaurant,BookRestaurant,True,0.9499,False,False,True,"{'datetime': 'унөч сәгатьтән соң', 'restaurant_type': 'деликатес ресторанында', 'cuisine': 'көнчыгыш европа'}","{'cuisine': 'eastern european', 'datetime': 'thirteen hours', 'restaurant_type': 'delicatessen', 'sort': 'serves'}"
test_405,play a sixties soundtrack,PlayMusic,PlayMusic,True,0.8951,False,False,False,"{'datetime': 'алтмышынчы еллар', 'music_item': 'саундтрегын'}","{'music_item': 'sixties soundtrack', 'service': 'Spotify', 'sort': 'oldest first'}"
test_406,Give this album one stars,RateBook,RateBook,True,0.9386,False,False,False,"{'object_select': 'Бу', 'object_type': 'альбомга', 'rating_value': 'бер', 'rating_unit': 'йолдыз'}","{'object_name': 'this album', 'object_type': 'music', 'rating_unit': 'stars', 'rating_value': '1'}"
test_407,Play the greatest music from Bryan Maclean .,PlayMusic,PlayMusic,True,0.9308,False,False,False,"{'artist': 'Bryan Macleanның', 'sort': 'иң олуг'}","{'artist': 'Bryan Maclean', 'music_item': 'music', 'playlist': 'the greatest'}"
test_408,what is the forecast in Nicodemus and nearby,weather/find,weather/find,True,0.932,False,False,False,{'location': 'Nicodemus-та | аның тирәсендәге'},"{'location': 'Nicodemus', 'weather/attribute': 'forecast'}"
test_409,Looking for a game called Phinally Phamous,SearchCreativeWork,SearchCreativeWork,True,0.9859,False,False,False,"{'object_name': 'Phinally Phamous', 'object_type': 'уен'}","{'object_name': 'Phinally Phamous', 'object_type': 'game'}"
test_410,Give a rating of 2 to Juneteenth .,RateBook,RateBook,True,0.9602,False,False,False,"{'object_name': 'Juneteenth-га', 'rating_value': '2'}","{'object_name': 'Juneteenth', 'object_type': 'китап', 'rating_unit': 'йолдыз', 'rating_value': '2'}"
test_411,Give zero stars to Rhialto the Marvellous,RateBook,RateBook,True,0.9589,False,False,False,"{'object_name': 'Rhialto the Marvellous-га', 'rating_value': 'нуль', 'rating_unit': 'йолдыз'}","{'object_name': 'Rhialto the Marvellous', 'object_type': 'book', 'rating_unit': 'stars', 'rating_value': 0}"
test_412,I want to hear soundtrack music on Youtube from Helena Iren Michaelsen,PlayMusic,PlayMusic,True,0.945,False,False,False,"{'artist': 'Мин Хелена Ирен', 'service': 'Youtube-та', 'music_item': 'саундтрегын'}","{'artist': 'Helena Iren Michaelsen', 'music_item': 'soundtrack music', 'service': 'Youtube'}"
test_413,book a table on 1/20/2023 for 5 people in MH,BookRestaurant,BookRestaurant,True,0.9429,False,False,False,"{'party_size_number': '5', 'datetime': '20/01/2023', 'location': 'MH-да'}","{'datetime': '1/20/2023', 'party_size_number': '5', 'location': 'MH', 'restaurant_name': 'not specified', 'restaurant_type': 'not specified', 'cuisine': 'not specified', 'served_dish': 'not specified', 'sort': 'not specified'}"
test_414,movie schedules close by for animated movies,SearchScreeningEvent,SearchScreeningEvent,True,0.9256,False,False,False,"{'location': 'якындагы', 'movie_type': 'анимация фильмнары', 'object_type': 'сессияләре расписаниесе'}","{'datetime': 'дата/вакыт', 'location': 'урын', 'movie_name': 'анимированные фильмы', 'object_location_type': 'кинотеатр', 'object_type': 'кино сеанс'}"
test_415,Add jack white to my playlist This Is Shakira,AddToPlaylist,AddToPlaylist,True,0.9292,False,False,False,"{'reference': 'Минем', 'playlist': 'This Is Shakira', 'artist': 'jack white-ны'}","{'artist': 'jack white', 'music_item': 'музыкаль объект', 'playlist': 'This Is Shakira', 'reference': 'моны'}"
test_416,I want to book a restaurant for five people in Sri Lanka .,BookRestaurant,BookRestaurant,True,0.9525,False,False,False,"{'location': 'Шри-Ланкада', 'party_size_number': 'биш', 'restaurant_type': 'ресторан'}","{'cuisine': 'Sri Lankan', 'party_size_number': '5', 'location': 'Sri Lanka'}"
test_417,"Please search for the television show , Episodi di The Blacklist .",SearchCreativeWork,SearchCreativeWork,True,0.9131,False,False,False,"{'object_name': 'Episodi di The Blacklist', 'object_type': 'телевизион тапшыруын'}","{'object_name': 'Episodi di The Blacklist', 'object_type': 'телевизён әсәр'}"
test_418,what is the forecast for colder temps beginning on Law Day here,weather/find,weather/find,True,0.9615,False,False,True,"{'location': 'монда', 'datetime': 'Law Day-нән', 'condition_temperature': 'салкын'}","{'location': 'here', 'datetime': 'Law Day', 'weather/attribute': 'colder temps'}"
test_419,I want to book a restaurant for ten people.,BookRestaurant,BookRestaurant,True,0.8947,False,False,False,"{'party_size_number': 'ун', 'restaurant_type': 'ресторанда'}","{'cuisine': 'Italian', 'datetime': '7:30 PM tonight', 'facility': 'outdoor seating', 'location': 'Central Park', 'party_size_description': 'large group', 'party_size_number': '10', 'restaurant_name': 'Parkside', 'restaurant_type': 'Italian', 'sort': 'outdoor'}"
test_420,Play something by Duke Ellington from the seventies,PlayMusic,PlayMusic,True,0.8405,False,False,False,"{'datetime': 'Җитмешенче', 'artist': 'Дюк Эллингтоннан'}","{'music_item': 'Duke Ellington', 'object_type': 'артист', 'decade': 'семдесетлер', 'service': 'Spotify'}"
test_421,Rate Cotton Comes to Harlem a 2,RateBook,RateBook,True,0.948,False,False,False,"{'object_name': 'Cotton Comes to Harlem-ны', 'rating_value': '2-гә'}","{'object_name': 'Cotton Comes to Harlem', 'object_type': 'book', 'rating_unit': 'star', 'rating_value': 2}"
test_422,Add a song to my playlist madden nfl 16,AddToPlaylist,AddToPlaylist,True,0.9492,False,False,False,"{'reference': 'минем', 'playlist': 'madden nfl 16', 'music_item': 'плейлистымна'}","{'artist': 'madden nfl 16', 'music_item': 'song', 'playlist': 'my playlist', 'reference': 'плейлистка күрсәтү'}"
test_423,Add Toyan to my Epic Gaming playlist.,AddToPlaylist,AddToPlaylist,True,0.9629,False,False,False,"{'artist': 'Toyan-ны', 'reference': 'минем', 'playlist': 'Epic Gaming'}","{'artist': 'Toyan', 'music_item': 'артистны', 'playlist': 'Epic Gaming', 'reference': 'плейлистымга'}"
test_424,play some new Les Vandyke on Slacker,PlayMusic,PlayMusic,True,0.9565,False,False,False,"{'service': 'Slacker-да', 'sort': 'яңа', 'artist': 'Les Vandyke'}","{'music_item': 'Les Vandyke', 'service': 'Slacker', 'sort': 'new'}"
test_425,rate the Three Junes one out of 6,RateBook,RateBook,True,0.9402,False,False,False,"{'object_name': 'Three Junes-га', 'best_rating': '6-дан', 'rating_value': 'берге'}","{'object_name': 'Three Junes', 'object_type': 'book', 'rating_unit': 'out of 6', 'rating_value': '1'}"
test_426,Book a reservation for nine people at a bakery in Nunez,BookRestaurant,BookRestaurant,True,0.9492,False,False,False,"{'location': 'Nunez', 'restaurant_type': 'пекарнясында', 'party_size_number': 'тугыз'}","{'cuisine': 'bakery', 'datetime': 'дата/вакыт', 'facility': 'Nunez', 'location': 'урын', 'party_size_description': 'nine people', 'party_size_number': '9', 'restaurant_name': 'ресторан исеме', 'restaurant_type': 'урын төре', 'sort': 'сайлау критерие'}"
test_427,Rate this current novel two out of 6 .,RateBook,RateBook,True,0.9328,False,False,False,"{'object_select': 'Бу агымдагы', 'object_type': 'романны', 'best_rating': '6-дан', 'rating_value': 'икеге'}","{'object_name': 'this current novel', 'object_type': 'китап', 'rating_unit': 'йолдыз', 'rating_value': '2', 'best_rating': '6'}"
test_428,Play The Happy Blues by Ronnie Wood .,PlayMusic,PlayMusic,True,0.9758,False,False,True,"{'artist': 'Ронни Вудның', 'album': 'The Happy Blues-ны'}","{'music_item': 'The Happy Blues', 'artist': 'Ronnie Wood'}"
test_429,Play a symphony from 2013 .,PlayMusic,PlayMusic,True,0.9339,False,False,False,"{'datetime': '2013 елгы', 'music_item': 'симфонияне'}","{'datetime': '2013', 'music_item': 'symphony', 'sort': 'newest'}"
test_430,Play Subconscious Lobotomy from Jennifer Paull .,PlayMusic,PlayMusic,True,0.9757,False,False,True,"{'artist': 'Jennifer Paull-ның', 'album': 'Subconscious Lobotomy-ны'}","{'music_item': 'Play Subconscious Lobotomy', 'artist': 'Jennifer Paull'}"
test_431,Give The Crystal Snare 5 stars,RateBook,RateBook,True,0.937,False,False,False,"{'object_name': 'The Crystal Snare-га', 'rating_value': '5', 'rating_unit': 'йолдыз'}","{'object_name': 'Give The Crystal Snare', 'object_type': 'китап', 'rating_value': 5, 'rating_unit': 'звезды'}"
test_432,Give zero stars to this textbook,RateBook,RateBook,True,0.9112,False,False,False,"{'object_select': 'Бу', 'object_type': 'дәреслеккә', 'rating_value': 'нуль', 'rating_unit': 'йолдыз'}","{'object_name': 'Җавап форматы', 'object_type': 'китап', 'rating_unit': 'звезды', 'rating_value': '0'}"
test_433,Rate the current series 4 points,RateBook,RateBook,True,0.9138,False,False,True,"{'object_select': 'Агымдагы', 'object_part_of_series_type': 'серияне', 'rating_value': '4', 'rating_unit': 'баллга'}","{'object_name': 'current series', 'object_type': 'серия', 'rating_unit': 'балл', 'rating_value': '4', 'best_rating': '4'}"
test_434,I want a table at James D. Conrey House in Urbank California,BookRestaurant,BookRestaurant,True,0.9425,False,False,True,"{'location': 'Urbank | California-да', 'restaurant_name': 'James D. Conrey House-да'}","{'cuisine': 'American', 'datetime': 'Today', 'facility': 'James D. Conrey House', 'location': 'Urbank, California', 'party_size_description': 'a table', 'party_size_number': '1', 'restaurant_name': 'James D. Conrey House', 'restaurant_type': 'restaurant', 'sort': 'first available'}"
test_435,Is Babar: King of the Elephants playing,SearchScreeningEvent,PlayMusic,False,0.8968,False,False,False,{'movie_name': 'Babar: King of the Elephants'},"{'music_item': 'Babar: King of the Elephants', 'service': 'YouTube Music', 'sort': 'album'}"
test_436,Add a song to this is racionais mc's,AddToPlaylist,AddToPlaylist,True,0.9305,False,False,False,"{'playlist': ""this is racionais mc's-га"", 'music_item': 'җырны'}","{'artist': ""racionais mc's"", 'music_item': 'song', 'playlist': 'playlist_name'}"
test_437,rate the current essay zero out of 6 stars,RateBook,RateBook,True,0.9381,False,False,False,"{'object_select': 'Хәзерге', 'object_type': 'эссега', 'best_rating': '6-дан', 'rating_value': 'нуль', 'rating_unit': 'йолдыз'}","{'object_name': 'current essay', 'object_type': 'essay', 'rating_unit': 'stars', 'rating_value': '0', 'best_rating': '6'}"
test_438,Let's hear stuff from Andrew Hewitt .,PlayMusic,BookRestaurant,False,0.8562,False,False,False,{'artist': 'Эндрю Хьюиттан'},"{'cuisine': 'American', 'datetime': '2022-03-15 19:00', 'facility': 'outdoor', 'location': 'San Francisco', 'party_size_description': '10 people', 'party_size_number': '10', 'restaurant_name': 'The House', 'restaurant_type': 'restaurant', 'sort': 'outdoor'}"
test_439,Find animated movies close by,SearchScreeningEvent,SearchCreativeWork,False,0.9315,False,False,False,"{'location': 'Якында', 'movie_type': 'анимация фильмнарын'}","{'object_name': 'animated movies', 'object_type': 'фильмнар', 'location': 'close by'}"
test_440,give the current chronicle five of 6 points,RateBook,RateBook,True,0.9194,False,False,True,"{'object_select': 'хәзерге', 'object_part_of_series_type': 'хроникага', 'best_rating': '6-дан', 'rating_value': 'биш', 'rating_unit': 'балл'}","{'object_name': 'current chronicle', 'object_type': 'китап', 'rating_unit': 'йолдыз', 'rating_value': '5', 'best_rating': '5'}"
test_441,I need a table for 4 in Saint Helena at Settha Palace Hotel,BookRestaurant,BookRestaurant,True,0.9071,False,False,True,"{'restaurant_name': 'Settha Palace Hotel-да', 'location': 'Saint Helena-да', 'party_size_number': '4 кешелек'}","{'cuisine': 'European', 'datetime': 'Сегодня', 'facility': 'Saint Helena', 'location': 'Settha Palace Hotel', 'party_size_description': '4', 'party_size_number': '4', 'restaurant_name': 'Table', 'restaurant_type': 'Dining', 'sort': 'Dinner'}"
test_442,What is the weather going to be like in Virginia on st. patrick's day ?,weather/find,weather/find,True,0.9833,False,False,False,"{'datetime': 'Изге Патрик көнендә', 'location': 'Вирджинияда'}","{'location': 'Virginia', 'datetime': ""st. patrick's day""}"
test_443,I need a list of Speakeasy Theaters movie times,SearchScreeningEvent,SearchScreeningEvent,True,0.9198,False,False,False,"{'location': 'Speakeasy Theaters', 'object_type': 'киноның вакыт'}","{'location': 'иң якын', 'object_type': 'кинотеатрда', 'datetime': 'дата/вакыт'}"
test_444,Look for the television show Meet the Prince,SearchCreativeWork,SearchCreativeWork,True,0.9171,False,False,False,"{'object_name': 'Meet the Prince', 'object_type': 'телевизион тапшыруын'}","{'object_name': 'Meet the Prince', 'object_type': 'телевизён әсәр'}"
test_445,Please get me the Compulsive Disclosure song .,SearchCreativeWork,PlayMusic,False,0.8918,False,False,False,"{'object_name': 'Compulsive Disclosure', 'object_type': 'җырын'}","{'music_item': 'Compulsive Disclosure song', 'service': 'YouTube Music'}"
test_446,Play Trance Life on Zvooq .,PlayMusic,PlayMusic,True,0.9929,False,False,False,"{'service': 'Zvooq-та', 'playlist': 'Trance Life-ны'}","{'music_item': 'Trance Life', 'service': 'Zvooq'}"
test_447,"Please find me the work, Serious Awesomeness !.",SearchCreativeWork,SearchCreativeWork,True,0.9808,False,False,False,{'object_name': 'Serious Awesomeness'},"{'object_name': 'Serious Awesomeness', 'object_type': 'work'}"
test_448,i want to see I Dream of Jeanie in a movie theatre,SearchScreeningEvent,SearchScreeningEvent,True,0.9602,False,False,True,"{'object_location_type': 'кинотеатрда', 'movie_name': 'I Dream of Jeanie-ны'}","{'movie_name': 'I Dream of Jeanie', 'location': 'movie theatre', 'object_location_type': 'кинотеатрда', 'datetime': 'дата/вакыт'}"
test_449,Play Paul Mccartney,PlayMusic,PlayMusic,True,0.964,False,False,False,{'artist': 'Пол Маккартни'},{'artist': 'Paul Mccartney'}
test_450,Rate the current novel 3 stars,RateBook,RateBook,True,0.9564,False,False,False,"{'object_select': 'Хәзерге', 'object_type': 'романны', 'rating_value': '3', 'rating_unit': 'йолдызга'}","{'object_name': 'current novel', 'rating_value': '3', 'rating_unit': 'stars'}"
test_451,"Can you search the book , Paris - When It Sizzles ?",SearchCreativeWork,RateBook,False,0.9354,False,False,False,"{'object_name': 'Paris - When It Sizzles', 'object_type': 'китабын'}","{'object_name': 'Paris - When It Sizzles', 'object_type': 'китап', 'rating_unit': 'йолдыз', 'rating_value': 4.5}"
test_452,play some seventies Filipp Kirkorow,PlayMusic,PlayMusic,True,0.919,False,False,False,"{'artist': 'Филипп Киркоровның', 'datetime': 'җитмешенче'}","{'music_item': 'play some seventies Filipp Kirkorow', 'service': 'Spotify', 'sort': 'random'}"
test_453,I want to book a bougatsa restaurant in next year nearby Penn for three people.,BookRestaurant,BookRestaurant,True,0.9358,False,False,True,"{'datetime': 'Киләсе елда', 'location': 'Пенни | янындагы', 'cuisine': 'bougatsa', 'restaurant_type': 'ресторанын', 'party_size_number': 'өч'}","{'cuisine': 'bougatsa', 'datetime': 'next year', 'location': 'nearby Penn', 'party_size_number': 'three', 'restaurant_type': 'bougatsa restaurant', 'sort': 'nearby'}"
test_454,Will it be rainy in Tenino ?,weather/find,weather/find,True,0.9668,False,False,True,"{'location': 'Тенинода', 'condition_description': 'яңгырлар'}",{'location': 'Tenino'}
test_455,Please look up Three Essays on the Theory of Sexuality show .,SearchCreativeWork,SearchCreativeWork,True,0.9789,False,False,False,"{'object_name': 'Three Essays on the Theory of Sexuality', 'object_type': 'шоусын'}","{'object_name': 'Three Essays on the Theory of Sexuality', 'object_type': 'book'}"
test_456,I want to eat in Ramona,BookRestaurant,none,False,0.9385,True,False,False,{'location': 'Рамонда'},{}
test_457,Add the boy george track to the Emo Forever playlist.,AddToPlaylist,AddToPlaylist,True,0.9751,False,False,False,"{'playlist': 'Emo Forever', 'artist': 'boy george', 'music_item': 'трегын'}","{'music_item': 'boy george track', 'playlist': 'Emo Forever'}"
test_458,I want to book a steakhouse in Vimy Ridge .,BookRestaurant,BookRestaurant,True,0.9726,False,False,False,"{'location': 'Vimy Ridge-да', 'restaurant_type': 'стейк-хаус'}","{'cuisine': 'steakhouse', 'location': 'Vimy Ridge'}"
test_459,Is Without Witness playing twenty two hours from now,SearchScreeningEvent,SearchScreeningEvent,True,0.9384,False,False,False,"{'movie_name': 'Without Witness', 'datetime': 'егерме ике сәгатьтән соң'}","{'movie_name': 'Is Without Witness', 'location': 'урын', 'datetime': '20 hours from now', 'object_location_type': 'кинотеатрда', 'object_type': 'расписаниесен'}"
test_460,Book spot for 9,BookRestaurant,none,False,0.8942,True,False,False,{'party_size_number': '9'},{}
test_461,add this track to my Hands Up playlist,AddToPlaylist,PlayMusic,False,0.9528,False,False,False,"{'music_item': 'трекны', 'reference': 'минем', 'playlist': 'Hands Up'}","{'music_item': 'трек', 'playlist': 'Hands Up'}"
test_462,Play something from 90s Pop Rock Essentials,PlayMusic,PlayMusic,True,0.9298,False,False,False,{'playlist': '90s Pop Rock Essentials-тан'},"{'genre': '90s Pop Rock', 'music_item': 'playlist', 'playlist': 'Essentials'}"
test_463,Can you find me the Blue Spring trailer ?,SearchCreativeWork,SearchCreativeWork,True,0.9871,False,False,False,"{'object_name': 'Blue Spring', 'object_type': 'трейлерын'}","{'object_name': 'Blue Spring', 'object_type': 'trailer'}"
test_464,Give two stars out of 6 to 36 Children,RateBook,RateBook,True,0.9371,False,False,False,"{'object_name': '36 Children-га', 'best_rating': '6-дан', 'rating_value': 'ике', 'rating_unit': 'йолдыз'}","{'object_name': '36 Children', 'object_type': 'китап', 'rating_unit': 'стопка', 'rating_value': 2, 'best_rating': 6}"
test_465,I want animated movies at MJR Theatres,SearchScreeningEvent,SearchScreeningEvent,True,0.8931,False,False,False,"{'location': 'MJR театрында', 'movie_type': 'анимацион фильмнарны'}","{'movie_type': 'анимированные фильмы', 'location': 'MJR Theatres'}"
test_466,Add the artist mike to the Sexy as Folk playlist.,AddToPlaylist,AddToPlaylist,True,0.9478,False,False,False,"{'playlist': 'Sexy as Folk', 'music_item': 'башкаручы', 'artist': 'mike-ны'}","{'artist': 'mike', 'playlist': 'Sexy as Folk', 'music_item': 'артист'}"
test_467,add Highway Patrolman in my playlist this is al green,AddToPlaylist,AddToPlaylist,True,0.9484,False,False,False,"{'reference': 'минем', 'playlist': 'this is al green', 'entity_name': 'Highway Patrolman'}","{'artist': 'al green', 'music_item': 'Highway Patrolman', 'playlist': 'my playlist', 'reference': 'плейлистка'}"
test_468,Find me the novel with the name To Lose My Life …,SearchCreativeWork,RateBook,False,0.9244,False,False,False,"{'object_name': 'To Lose My Life', 'object_type': 'романны'}","{'object_name': 'To Lose My Life', 'object_type': 'novel', 'rating_unit': 'star', 'rating_value': 5}"
test_469,mark this album a score of 5,RateBook,RateBook,True,0.9376,False,False,False,"{'object_select': 'бу', 'object_type': 'альбомны', 'rating_value': '5-кә'}","{'object_name': 'this album', 'object_type': 'music', 'rating_unit': 'score', 'rating_value': 5}"
test_470,Is Rare Birds showing at the nearest movie theatre at noon .,SearchScreeningEvent,SearchScreeningEvent,True,0.905,False,False,True,"{'datetime': 'Төшке ашта', 'location': 'якындагы', 'object_location_type': 'кинотеатрда', 'movie_name': 'Rare Birds'}","{'movie_name': 'Rare Birds', 'location': 'неарстә', 'datetime': 'дата/вакыт: пон', 'object_location_type': 'кинотеатр', 'object_type': 'кино күрсәтү'}"
test_471,Rate The 8-Week Cholesterol Cure three out of 6 .,RateBook,RateBook,True,0.9366,False,False,False,"{'object_name': 'The 8-Week Cholesterol Cure-га', 'best_rating': '6-дан', 'rating_value': 'өчкә'}","{'object_name': 'The 8-Week Cholesterol Cure', 'object_type': 'китап', 'rating_unit': 'йолдыз', 'rating_value': 3, 'best_rating': 6}"
test_472,Add martin barre to my punk unplugged playlist.,AddToPlaylist,AddToPlaylist,True,0.9501,False,False,False,"{'artist': 'Martin barre-ны', 'reference': 'минем', 'playlist': 'punk unplugged'}","{'artist': 'martin barre', 'music_item': 'артистны', 'playlist': 'punk unplugged', 'reference': 'плейлистымга'}"
test_473,rate the current novel zero out of 6,RateBook,RateBook,True,0.9226,False,False,False,"{'object_select': 'хәзерге', 'object_type': 'романны', 'best_rating': '6-дан', 'rating_value': 'нульгә'}","{'object_name': 'current novel', 'object_type': 'book', 'rating_unit': 'out of', 'rating_value': '6', 'best_rating': '6'}"
test_474,What times will The Young Swordsman be showing at my cinema ?,SearchScreeningEvent,SearchScreeningEvent,True,0.9661,False,False,True,"{'object_location_type': 'кинотеатрда', 'movie_name': 'The Young Swordsman', 'object_type': 'вакытта'}","{'movie_name': 'The Young Swordsman', 'location': 'my cinema', 'object_location_type': 'кинотеатрда', 'datetime': 'дата/вакыт'}"
test_475,What are the movies showing in the neighbourhood,SearchScreeningEvent,SearchScreeningEvent,True,0.9362,False,False,False,"{'location': 'Тирә-юньдә', 'movie_type': 'фильмнар'}","{'location': 'neighbourhood', 'object_type': 'movies'}"
test_476,I want to book Oregon Electric Station in North City .,BookRestaurant,BookRestaurant,True,0.9356,False,False,True,"{'location': 'North City-дәге', 'restaurant_name': 'Oregon Electric Station'}","{'cuisine': 'American', 'datetime': 'бу атнабызда', 'facility': 'Oregon Electric Station', 'location': 'North City', 'party_size_description': '4', 'party_size_number': '4', 'restaurant_name': 'Oregon Electric Station', 'restaurant_type': 'restaurant', 'sort': 'югары бәяләнген'}"
test_477,how's the weather here at two Am,weather/find,weather/find,True,0.9259,False,False,False,"{'location': 'монда', 'datetime': 'төнге сәгать икедә'}","{'location': 'ту', 'datetime': '2 Am'}"
test_478,Fine the movie schedules for the Wanda Group .,SearchScreeningEvent,SearchScreeningEvent,True,0.9398,False,False,False,"{'location': 'Wanda Group-ның', 'object_type': 'фильм кестесін'}","{'location': 'Wanda Group', 'object_type': 'кино күрсәтүләрен', 'object_location_type': 'кинотеатр'}"
test_479,what is the forecast for Waurika in Samoa,weather/find,weather/find,True,0.9635,False,False,False,{'location': 'Самоада | Ваурикада'},"{'location': 'Waurika', 'datetime': 'Samoa'}"
test_480,Show the movie schedules in the neighborhood,SearchScreeningEvent,SearchScreeningEvent,True,0.9103,False,False,False,"{'location': 'Тирә-яктагы', 'object_type': 'фильмнар расписаниесен'}","{'location': 'неighborhood', 'object_type': 'кино күрсәтүләрен', 'object_location_type': 'кинотеатрда'}"
test_481,Play some blues britânico .,PlayMusic,PlayMusic,True,0.8725,False,False,True,{'genre': 'Blues britânico'},"{'music_item': 'блюз британко', 'service': 'Spotify', 'sort': 'сайлау критерие'}"
test_482,Is No Time to Be Young showing at AMC Theaters,SearchScreeningEvent,SearchScreeningEvent,True,0.9601,False,False,False,"{'location': 'AMC Theaters-да', 'movie_name': 'No Time to Be Young'}","{'movie_name': 'Is No Time to Be Young', 'location': 'AMC Theaters', 'object_location_type': 'кинотеатр', 'datetime': 'дата/вакыт'}"
test_483,Please look up and find me Monty Python Live at the Hollywood Bowl .,SearchCreativeWork,SearchCreativeWork,True,0.9738,False,False,False,{'object_name': 'Монти Пайтон Голливудта'},"{'object_name': 'Monty Python Live at the Hollywood Bowl', 'object_type': 'фильм'}"
test_484,what is the forecast for here for blizzard conditions at five pm,weather/find,weather/find,True,0.9757,False,False,True,"{'datetime': 'кичке бишкә', 'location': 'монда', 'condition_description': 'буран'}","{'location': 'here', 'datetime': 'five pm', 'weather/attribute': 'blizzard conditions'}"
test_485,add ireland in the junior eurovision song contest 2015 to my Jazzy Dinner playlist,AddToPlaylist,AddToPlaylist,True,0.9411,False,False,False,"{'entity_name': 'Ирландия балалар евровидениеда 2015', 'reference': 'минем', 'playlist': 'Jazzy Dinner'}","{'artist': 'Jazzy Dinner', 'entity_name': 'add ireland in the junior eurovision song contest 2015', 'music_item': 'music', 'playlist': 'Jazzy Dinner'}"
test_486,Add a song to Indie Hipster,AddToPlaylist,PlayMusic,False,0.9082,False,False,False,"{'playlist': 'Indie Hipster-га', 'music_item': 'җырны'}","{'music_item': 'song', 'artist': 'Indie Hipster'}"
test_487,Can you find me the National Anthem of the Ancient Britons television show ?,SearchCreativeWork,SearchCreativeWork,True,0.982,False,False,False,"{'object_name': 'National Anthem of the Ancient Britons', 'object_type': 'телевизион тапшыруын'}","{'object_name': 'National Anthem of the Ancient Britons', 'object_type': 'television show'}"
test_488,"To the travelling playlist, please add this David Gahan song .",AddToPlaylist,AddToPlaylist,True,0.946,False,False,False,"{'playlist': 'travelling', 'artist': 'Дэвид Гаан', 'music_item': 'җырын'}","{'music_item': 'David Gahan song', 'playlist': 'travelling playlist'}"
test_489,I want to hear them from the artist Murcof,PlayMusic,PlayMusic,True,0.8873,False,False,False,"{'music_item': 'аларны', 'artist': 'Murcof'}","{'artist': 'Murcof', 'music_item': 'артистны', 'service': 'Spotify', 'sort': 'альбом'}"
test_490,rate The Gift: Imagination and the Erotic Life of Property five stars,RateBook,RateBook,True,0.9596,False,False,False,"{'object_name': 'The Gift: Imagination and the Erotic Life of Property-ны', 'rating_value': 'биш', 'rating_unit': 'йолдызга'}","{'object_name': 'The Gift: Imagination and the Erotic Life of Property', 'rating_value': 5, 'rating_unit': 'stars'}"
test_491,Find me a TV show called Baby Blue,SearchCreativeWork,SearchCreativeWork,True,0.9795,False,False,False,"{'object_name': 'Baby Blue', 'object_type': 'телевизион тапшыруны'}",{'object_name': 'Baby Blue'}
test_492,look for the book The Girl Who Was Plugged In,SearchCreativeWork,RateBook,False,0.9443,False,False,False,"{'object_name': 'The Girl Who Was Plugged In', 'object_type': 'китабын'}","{'object_name': 'The Girl Who Was Plugged In', 'object_type': 'book', 'rating_unit': 'star', 'rating_value': 5}"
test_493,phyllis ward and veronica need a table at a restaurant in 152 days,BookRestaurant,BookRestaurant,True,0.949,False,False,True,"{'party_size_description': 'филлис уордка һәм вероникага', 'datetime': '152 көннән соң', 'restaurant_type': 'ресторанда'}","{'cuisine': 'неизвестно', 'datetime': '152 дней', 'facility': 'неизвестно', 'location': 'неизвестно', 'party_size_description': 'phyllis ward and veronica', 'party_size_number': '2', 'restaurant_name': 'неизвестно', 'restaurant_type': 'неизвестно', 'sort': 'неизвестно'}"
test_494,Book a popular restaurant for 5 people,BookRestaurant,BookRestaurant,True,0.8928,False,False,False,"{'party_size_number': '5', 'sort': 'танылган', 'restaurant_type': 'ресторанны'}","{'cuisine': 'popular', 'party_size_number': '5', 'restaurant_type': 'restaurant', 'sort': 'popular'}"
test_495,"Book a reservation for The Dome, Edinburgh close to Brooklawn",BookRestaurant,BookRestaurant,True,0.8894,False,False,True,"{'location': 'Бруклон | янында', 'restaurant_name': 'The Dome, Edinburgh'}","{'cuisine': 'Scottish', 'datetime': '2022-03-15 19:00', 'facility': 'indoor', 'location': 'Edinburgh', 'party_size_description': 'for 4 people', 'party_size_number': '4', 'restaurant_name': 'The Dome', 'restaurant_type': 'restaurant', 'sort': 'indoor'}"
test_496,Add this album to Old School Death Metal,AddToPlaylist,AddToPlaylist,True,0.945,False,False,False,"{'music_item': 'альбомны', 'playlist': 'Old School Death Metal-га'}","{'music_item': 'альбом', 'playlist': 'Old School Death Metal'}"
test_497,Look for the TV series Jersey Boys,SearchCreativeWork,SearchCreativeWork,True,0.9825,False,False,False,"{'object_name': 'Jersey Boys', 'object_type': 'телесериалын'}","{'object_name': 'Jersey Boys', 'object_type': 'TV series'}"
test_498,Book a reservation for nine people at the best pub nearby Tangier in six months,BookRestaurant,BookRestaurant,True,0.9429,False,False,False,"{'datetime': 'Алты ай эчендә', 'location': 'Танжер | янындагы', 'sort': 'иң яхшы', 'restaurant_type': 'пабта', 'party_size_number': 'тугыз'}","{'cuisine': 'pub', 'datetime': 'six months', 'facility': 'best', 'location': 'Tangier', 'party_size_description': 'nine people', 'party_size_number': 9, 'restaurant_name': 'the pub', 'restaurant_type': 'best', 'sort': 'nearby'}"
test_499,Show me the movies at Harkins Theatres .,SearchScreeningEvent,SearchScreeningEvent,True,0.9691,False,False,False,"{'location': 'Harkins Theatres-ында', 'movie_type': 'фильмларны'}","{'location': 'Harkins Theatres', 'object_type': 'фильм'}"
test_500,book a party at their campus within the same area for churrascaria,BookRestaurant,BookRestaurant,True,0.9095,False,False,False,"{'location': 'аларның кампусында | шул ук райондагы', 'restaurant_type': 'чурраскарияга'}","{'cuisine': 'churrascaria', 'datetime': 'their campus', 'location': 'within the same area', 'restaurant_type': 'party', 'sort': 'within the same area'}"
