id,text,true_intent,pred_intent,intent_correct,confidence,weak_by_conf,weak_intent_real,weak_slot_real,true_slots,pred_slots
test_1,show all reminders,reminder/show_reminders,reminder/show_reminders,True,0.9804,False,False,False,{'reference': 'барлык'},"{'datetime': 'дата/вакыт', 'reference': 'конкрет искәртүгә күрсәтү', 'reminder/todo': 'искәртү эчтәлеге'}"
test_2,Do I need a sweater?,weather/find,weather/find,True,0.9254,False,False,False,{'weather/attribute': 'свитер'},"{'location': 'here', 'datetime': 'now'}"
test_3,Add a reminder for today at 4pm,reminder/set_reminder,reminder/set_reminder,True,0.9057,False,False,False,{'datetime': 'Бүген сәгать ун алтыга'},"{'datetime': 'сегодня', 'recurring_datetime': 'бу', 'reminder/todo': '4pm'}"
test_4,Cancel my reminder,reminder/cancel_reminder,reminder/cancel_reminder,True,0.9482,False,False,False,{'reference': 'Минем'},"{'datetime': 'бу дата/вакыт', 'reminder/todo': 'искәртү эчтәлеге'}"
test_5,Remind me to get gas.,reminder/set_reminder,reminder/set_reminder,True,0.9643,False,False,False,{'reminder/todo': 'бензин салырга'},{'reminder/todo': 'get gas'}
test_6,Do I need an umbrella on Wednesday?,weather/find,weather/find,True,0.9519,False,False,False,"{'datetime': 'Чәршәмбе', 'weather/attribute': 'кул чатыры'}","{'location': 'here', 'datetime': 'Wednesday'}"
test_7,snooze my alarms for five minutes,alarm/snooze_alarm,alarm/snooze_alarm,True,0.9505,False,True,False,"{'datetime': 'биш минуттан', 'reference': 'минем'}",{'datetime': '5 минут'}
test_8,set a birthday reminder for max,reminder/set_reminder,reminder/set_reminder,True,0.9408,False,False,False,{'reminder/todo': 'максның туган көне турында искә төшеруне'},"{'datetime': ""max's birthday"", 'reminder/todo': 'buy a gift'}"
test_9,Show me all reminders,reminder/show_reminders,reminder/show_reminders,True,0.9695,False,False,False,{'reference': 'барлык'},{'datetime': 'дата/вакыт'}
test_10,Show all alarms.,alarm/show_alarms,alarm/show_alarms,True,0.971,False,False,False,{'reference': 'Барлык'},{'datetime': 'дата/вакыт'}
test_11,Is it going to rain today?,weather/find,weather/find,True,0.9379,False,False,False,"{'datetime': 'Бүген', 'weather/attribute': 'яңгыр'}",{'location': 'today'}
test_12,Set alarm for 8am,alarm/set_alarm,alarm/set_alarm,True,0.9924,False,False,False,{'datetime': 'иртәнге 8'},{'datetime': '8am'}
test_13,What is the temperature today?,weather/find,weather/find,True,0.9592,False,False,False,"{'datetime': 'Бүген', 'weather/attribute': 'температура'}","{'location': 'here', 'datetime': 'today', 'weather/attribute': 'temperature'}"
test_14,Show my reminder,reminder/show_reminders,reminder/show_reminders,True,0.9743,False,False,False,{'reference': 'Минем'},{'datetime': 'дата/вакыт'}
test_15,Show all alarms,alarm/show_alarms,alarm/show_alarms,True,0.9763,False,False,False,{'reference': 'Барлык'},{'datetime': 'дата/вакыт'}
test_16,Remind me to talk to Ben about Georgia,reminder/set_reminder,reminder/set_reminder,True,0.9469,False,False,False,{'reminder/todo': 'Бен белән Джорджия турында сөйләшергә'},"{'reminder/todo': 'talk to Ben about Georgia', 'datetime': 'бу'}"
test_17,Set alarm for 5 am,alarm/set_alarm,alarm/set_alarm,True,0.9913,False,False,False,{'datetime': 'иртәнге 5'},{'datetime': '5 am'}
test_18,is it cloudy today,weather/find,weather/find,True,0.9166,False,False,False,"{'datetime': 'бүген', 'weather/attribute': 'болытлымы'}","{'location': 'бу атнабызда', 'datetime': 'бу атнабызда', 'weather/attribute': 'дымлылык'}"
test_19,How many inches of rain will we get today?,weather/find,weather/find,True,0.9227,False,False,False,"{'datetime': 'Бүген', 'weather/attribute': 'дюйм яңгыры'}","{'location': 'weather location', 'datetime': 'today', 'weather/attribute': 'rain'}"
test_20,Remind me to call my sister tomorrow,reminder/set_reminder,reminder/set_reminder,True,0.9794,False,False,False,"{'datetime': 'Иртәгә', 'reminder/todo': 'минем апама шалтыратырга'}","{'datetime': 'tomorrow', 'reminder/todo': 'call my sister'}"
test_21,stop alarm,alarm/cancel_alarm,alarm/cancel_alarm,True,0.9598,False,False,False,{},"{'datetime': 'дата/вакыт', 'reference': 'конкрет будильникка күрсәтү'}"
test_22,Is it going to be hot this week?,weather/find,weather/find,True,0.9519,False,False,False,"{'datetime': 'Бу атнада', 'weather/attribute': 'кызу'}",{'location': 'this week'}
test_23,Set alarm for 3pm.,alarm/set_alarm,alarm/set_alarm,True,0.994,False,False,False,{'datetime': 'көндезге 3'},{'datetime': '3pm'}
test_24,will it snow today,weather/find,weather/find,True,0.8978,False,False,False,"{'datetime': 'бүген', 'weather/attribute': 'кар'}","{'location': 'бу атнабызда', 'datetime': 'бу атнабызда', 'weather/attribute': 'дымлылык'}"
test_25,delete all alarms,alarm/cancel_alarm,alarm/cancel_all_alarms,False,0.9461,False,False,False,{'reference': 'бөтен'},{}
test_26,Show me my reminders,reminder/show_reminders,reminder/show_reminders,True,0.9705,False,False,False,{'reference': 'Минем'},{'datetime': 'дата/вакыт'}
test_27,How much time is left on alarm,alarm/time_left_on_alarm,alarm/time_left_on_alarm,True,0.9913,False,True,False,{},{'reference': 'конкрет будильникка күрсәтү'}
test_28,What are my reminders?,reminder/show_reminders,reminder/show_reminders,True,0.9764,False,False,False,{'reference': 'Минем'},{'datetime': 'дата/вакыт'}
test_29,Set an alarm for 8am daily,alarm/set_alarm,alarm/set_alarm,True,0.9906,False,False,False,{'recurring_datetime': 'иртәнге 8'},"{'datetime': '8am', 'recurring_datetime': 'daily'}"
test_30,can you show me the alarms?,alarm/show_alarms,alarm/show_alarms,True,0.9749,False,False,False,{},{'datetime': 'дата/вакыт'}
test_31,Is Disney world expecting storms today?,weather/find,weather/find,True,0.9714,False,False,False,"{'datetime': 'Бүген', 'location': 'Диснейуорлдта', 'weather/attribute': 'буран'}","{'location': 'Disney world', 'datetime': 'today'}"
test_32,will it snow today,weather/find,weather/find,True,0.8978,False,False,False,"{'datetime': 'бүген', 'weather/attribute': 'кар'}","{'location': 'бу атнабызда', 'datetime': 'бу атнабызда', 'weather/attribute': 'дымлылык'}"
test_33,show all alarms,alarm/show_alarms,alarm/show_alarms,True,0.9721,False,False,False,{'reference': 'бөтен'},{'datetime': 'дата/вакыт'}
test_34,Is it cold today?,weather/find,weather/find,True,0.9428,False,False,False,"{'datetime': 'Бүген', 'weather/attribute': 'салкынмы'}","{'location': 'here', 'datetime': 'today', 'weather/attribute': 'temperature'}"
test_35,Please cancel the alarm for Thursday morning.,alarm/cancel_alarm,alarm/cancel_alarm,True,0.9881,False,False,False,{'datetime': 'пәнҗешәмбе иртәсеннән'},{'datetime': 'Thursday morning'}
test_36,Is it going to rain today?,weather/find,weather/find,True,0.9379,False,False,False,"{'datetime': 'Бүген', 'weather/attribute': 'яңгыр'}",{'location': 'today'}
test_37,is it snowing in canada,weather/find,weather/find,True,0.9443,False,False,False,"{'location': 'канадада', 'weather/attribute': 'кар явамы'}","{'location': 'Canada', 'weather/attribute': 'дымлылык'}"
test_38,What will the high be today?,weather/find,weather/find,True,0.942,False,False,False,"{'datetime': 'Бүген', 'weather/attribute': 'югары температура'}","{'location': 'here', 'datetime': 'today', 'weather/attribute': 'high temperature'}"
test_39,Will it snow enough tonight to make travelling hazardous?,weather/find,weather/find,True,0.8379,False,False,False,"{'datetime': 'Төнлә', 'weather/attribute': 'кар яуса'}","{'location': 'урын', 'datetime': 'бу җавапда', 'weather/attribute': 'җил'}"
test_40,show all reminders,reminder/show_reminders,reminder/show_reminders,True,0.9804,False,False,False,{'reference': 'бөтен'},"{'datetime': 'дата/вакыт', 'reference': 'конкрет искәртүгә күрсәтү', 'reminder/todo': 'искәртү эчтәлеге'}"
test_41,delete all reminders,reminder/cancel_reminder,reminder/cancel_reminder,True,0.9088,False,False,False,{'reference': 'барлык'},"{'datetime': 'бу атнабызда', 'reminder/todo': 'искәртүләр'}"
test_42,will i need a jacket tomorrow?,weather/find,weather/find,True,0.9005,False,False,False,"{'datetime': 'иртәгә', 'weather/attribute': 'куртка'}","{'location': 'бу', 'datetime': 'завтра', 'weather/attribute': 'температура'}"
test_43,How much time is left on alarm,alarm/time_left_on_alarm,alarm/time_left_on_alarm,True,0.9913,False,True,False,{},{'reference': 'конкрет будильникка күрсәтү'}
test_44,Pause the alarm,alarm/snooze_alarm,alarm/pause_alarm,False,0.9557,False,True,False,{},{'reference': 'будильникка күрсәтү'}
test_45,Show me all the alarms,alarm/show_alarms,alarm/show_alarms,True,0.9677,False,False,False,{'reference': 'барлык'},{'datetime': 'дата/вакыт'}
test_46,What's the weather like in yellowstone?,weather/find,weather/find,True,0.932,False,False,False,{'location': 'Йеллоустонда'},"{'location': 'Yellowstone', 'datetime': 'бу атнабызда', 'weather/attribute': 'температура'}"
test_47,What's the weather like today?,weather/find,weather/find,True,0.9452,False,False,False,{'datetime': 'Бүген'},{'location': 'today'}
test_48,Delete my reminder for picking up Patrick from school tomorrow.,reminder/cancel_reminder,reminder/cancel_reminder,True,0.9626,False,False,False,"{'datetime': 'Иртәгә', 'reminder/todo': 'Патрикны мәктәптән алырга', 'reference': 'минем'}","{'datetime': 'tomorrow', 'reminder/todo': 'picking up Patrick from school'}"
test_49,Remind me tomorrow at this time to schedule a doctor appointment,reminder/set_reminder,reminder/set_reminder,True,0.9728,False,False,False,"{'datetime': 'иртәгә шул ук вакытта', 'reminder/todo': 'табибка язылырга'}","{'datetime': 'tomorrow', 'reminder/todo': 'schedule a doctor appointment'}"
test_50,Remind me to drop off rent,reminder/set_reminder,reminder/set_reminder,True,0.9425,False,False,False,{'reminder/todo': 'аренданы түләргә'},"{'reminder/todo': 'drop off rent', 'datetime': 'бу'}"
test_51,when will the rain end?,weather/find,weather/find,True,0.9317,False,False,False,{'weather/attribute': 'яңгыр'},"{'location': 'here', 'datetime': 'now', 'weather/attribute': 'rain'}"
test_52,cancel alarms,alarm/cancel_alarm,alarm/cancel_alarm,True,0.9848,False,False,False,{},"{'datetime': 'дата/вакыт', 'reference': 'конкрет будильникка күрсәтү'}"
test_53,Remind me to call Stephanie on Tuesday,reminder/set_reminder,reminder/set_reminder,True,0.9832,False,False,False,"{'datetime': 'Сишәмбе көнне', 'reminder/todo': 'Стефанига шалтыратырга'}","{'datetime': 'Tuesday', 'reminder/todo': 'call Stephanie'}"
test_54,show all my alarms,alarm/show_alarms,alarm/show_alarms,True,0.9694,False,False,False,{'reference': 'барлык минем'},{'datetime': 'дата/вакыт'}
test_55,How hot will it get today?,weather/find,weather/find,True,0.9261,False,False,False,"{'datetime': 'Бүген', 'weather/attribute': 'эссе'}","{'location': 'today', 'weather/attribute': 'temperature', 'weather/temperatureUnit': 'Fahrenheit'}"
test_56,Set alarm for 5 pm tonight,alarm/set_alarm,alarm/set_alarm,True,0.9337,False,False,False,{'datetime': 'бүген кичке 5'},"{'datetime': '5 pm tonight', 'recurring_datetime': 'not set', 'reference': 'not set', 'reminder/todo': 'not set'}"
test_57,remind me to go to the doctors on august 21st 3 pm,reminder/set_reminder,reminder/set_reminder,True,0.9825,False,False,False,"{'datetime': '21-енче августта көндез 3-тә', 'reminder/todo': 'табибка барырга'}","{'datetime': 'august 21st 3 pm', 'reminder/todo': 'go to the doctors'}"
test_58,cancel my recurring reminder to take meds daily at 7 am,reminder/cancel_reminder,reminder/cancel_reminder,True,0.9523,False,False,False,"{'recurring_datetime': 'көн саен иртәнге сәгать 7-дә', 'reminder/todo': 'дарулар эчәргә'}","{'datetime': '7 am', 'reminder/todo': 'take meds daily'}"
test_59,when does the forecast next show rain,weather/find,weather/find,True,0.9145,False,False,False,{'weather/attribute': 'яңгырны'},"{'datetime': 'бу атнабызда', 'location': 'урын', 'weather/attribute': 'дымлылык'}"
test_60,What time is my alarm set for tomorrow morning?,alarm/show_alarms,alarm/show_alarms,True,0.9804,False,False,False,"{'datetime': 'Иртәгә иртә', 'reference': 'минем'}",{'datetime': 'tomorrow morning'}
test_61,will it snow today,weather/find,weather/find,True,0.8978,False,False,False,"{'datetime': 'бүген', 'weather/attribute': 'кар'}","{'location': 'бу атнабызда', 'datetime': 'бу атнабызда', 'weather/attribute': 'дымлылык'}"
test_62,Turn off my alarm.,alarm/cancel_alarm,alarm/cancel_alarm,True,0.9598,False,False,False,{'reference': 'Минем'},{'reference': 'my alarm'}
test_63,Cancel all alarms,alarm/cancel_alarm,alarm/cancel_all_alarms,False,0.9832,False,False,False,{'reference': 'Барлык'},{}
test_64,remind me to buy groceries,reminder/set_reminder,reminder/set_reminder,True,0.9722,False,False,False,{'reminder/todo': 'продуктларны сатып алырга'},{'reminder/todo': 'buy groceries'}
test_65,I need an alarm set for a 9 am breakfast,alarm/set_alarm,alarm/set_alarm,True,0.9336,False,False,False,{'datetime': 'иртәнге сәгать 9-да'},"{'datetime': '9 am', 'recurring_datetime': 'every day', 'reminder/todo': 'breakfast'}"
test_66,set reminder to watch the Colts one hour before game starts,reminder/set_reminder,reminder/set_reminder,True,0.973,False,False,False,"{'datetime': 'уен башланганчы бер сәгать алдан', 'reminder/todo': 'Кольтларны карау'}","{'datetime': 'one hour before game starts', 'reminder/todo': 'watch the Colts'}"
test_67,cancel all alarms,alarm/cancel_alarm,alarm/cancel_all_alarms,False,0.9628,False,False,False,{'reference': 'барлык'},{}
test_68,Cancel my third reminder on this list.,reminder/cancel_reminder,reminder/cancel_reminder,True,0.9531,False,False,False,{'reference': 'минем өченче'},{'reminder/todo': 'third'}
test_69,set alarm for 6 am,alarm/set_alarm,alarm/set_alarm,True,0.9894,False,False,False,{'datetime': 'иртәнге 6'},{'datetime': '6 am'}
test_70,Reset this alarm now and start at 2 pm,alarm/cancel_alarm,alarm/cancel_alarm,True,0.9825,False,False,False,"{'reference': 'Бу', 'datetime': 'хәзердән | көндезге 2-гә'}",{'datetime': '2 pm'}
test_71,Is it going to snow?,weather/find,weather/find,True,0.9222,False,False,False,{'weather/attribute': 'Кар'},"{'location': 'here', 'datetime': 'now', 'weather/attribute': 'condition_description'}"
test_72,Remind me to pay rent.,reminder/set_reminder,reminder/set_reminder,True,0.9741,False,False,False,{'reminder/todo': 'аренданы түләргә'},{'reminder/todo': 'pay rent'}
test_73,whats the low for tomorrow,weather/find,weather/find,True,0.9365,False,False,False,"{'datetime': 'иртәгә', 'weather/attribute': 'иң түбән'}","{'datetime': 'tomorrow', 'weather/attribute': 'low temperature', 'weather/temperatureUnit': 'Fahrenheit'}"
test_74,Is it going to be sunny today?,weather/find,weather/find,True,0.9465,False,False,False,"{'datetime': 'Бүген', 'weather/attribute': 'кояшлы'}","{'location': 'here', 'datetime': 'today', 'weather/attribute': 'condition_description'}"
test_75,How many reminders do I have today?,reminder/show_reminders,reminder/show_reminders,True,0.9638,False,False,False,{'datetime': 'Бүген'},{'datetime': 'today'}
test_76,What are my reminders for tomorrow?,reminder/show_reminders,reminder/show_reminders,True,0.989,False,False,False,"{'reference': 'Минем', 'datetime': 'иртәгә'}",{'datetime': 'tomorrow'}
test_77,Cancel all my reminders.,reminder/cancel_reminder,reminder/cancel_all_reminders,False,0.96,False,False,False,{'reference': 'Минем барлык'},{}
test_78,set alarm for 6am tomorrow,alarm/set_alarm,alarm/set_alarm,True,0.9548,False,False,False,{'datetime': 'иртәнге 6-га'},"{'datetime': '6am tomorrow', 'recurring_datetime': None, 'reference': None, 'reminder/todo': None}"
test_79,Set alarm for 30 minutes,alarm/set_alarm,alarm/set_alarm,True,0.9777,False,False,False,{'datetime': '30 минутка'},{'datetime': '30 минут'}
test_80,Set an alarm for an hour from now.,alarm/set_alarm,alarm/set_alarm,True,0.938,False,False,False,{'datetime': 'бер сәгать алга'},"{'datetime': 'бу атнабызда', 'recurring_datetime': 'иртәнге җидегә', 'reference': 'Будильнигымны'}"
test_81,cancel all alarms,alarm/cancel_alarm,alarm/cancel_all_alarms,False,0.9628,False,False,False,{'reference': 'барлык'},{}
test_82,weather update Los Angeles,weather/find,weather/find,True,0.9509,False,False,False,{'location': 'Лос - Анджелеста'},{'location': 'Los Angeles'}
test_83,cancel all alarms,alarm/cancel_alarm,alarm/cancel_all_alarms,False,0.9628,False,False,False,{'reference': 'бөтен'},{}
test_84,How many reminders do I have today?,reminder/show_reminders,reminder/show_reminders,True,0.9638,False,False,False,{'datetime': 'Бүген'},{'datetime': 'today'}
test_85,Remind me to get paper towels at the store tomorrow,reminder/set_reminder,reminder/set_reminder,True,0.9781,False,False,False,"{'datetime': 'иртәгә', 'reminder/todo': 'кибеттә кәгазь сөлгеләр сатып алырга'}","{'datetime': 'tomorrow', 'reminder/todo': 'get paper towels at the store'}"
test_86,show me all my reminders,reminder/show_reminders,reminder/show_reminders,True,0.9706,False,False,False,{'reference': 'минем барлык'},{'datetime': 'дата/вакыт'}
test_87,Set alarm for 6 am,alarm/set_alarm,alarm/set_alarm,True,0.9907,False,False,False,{'datetime': 'иртәнге 6'},{'datetime': '6 am'}
test_88,will it snow tomorrow,weather/find,weather/find,True,0.9252,False,False,False,"{'datetime': 'иртәгә', 'weather/attribute': 'кар'}","{'location': 'tomorrow', 'weather/attribute': 'condition_description', 'datetime': 'tomorrow'}"
test_89,cancel my alarm for tomorrow morning,alarm/cancel_alarm,alarm/cancel_alarm,True,0.9907,False,False,False,"{'datetime': 'иртәгә | иртәнге', 'reference': 'минем'}",{'datetime': 'tomorrow morning'}
test_90,Set the alarm for noon on Mondays only.,alarm/set_alarm,alarm/set_alarm,True,0.9318,False,False,False,{'recurring_datetime': 'Дүшәмбе көнне төшке ашка'},"{'datetime': 'noon', 'recurring_datetime': 'Mondays only', 'reference': 'the alarm'}"
test_91,How hot will it get today?,weather/find,weather/find,True,0.9261,False,False,False,"{'datetime': 'Бүген', 'weather/attribute': 'эссе'}","{'location': 'today', 'weather/attribute': 'temperature', 'weather/temperatureUnit': 'Fahrenheit'}"
test_92,remind me to set alarms for morning,reminder/set_reminder,reminder/set_reminder,True,0.9296,False,False,False,"{'datetime': 'иртәнге', 'reminder/todo': 'будильникларны куерга'}","{'reminder/todo': 'set alarms for morning', 'datetime': 'дата/вакыт'}"
test_93,delete all alarms,alarm/cancel_alarm,alarm/cancel_all_alarms,False,0.9461,False,False,False,{'reference': 'бөтен'},{}
test_94,show my alarms,alarm/show_alarms,alarm/show_alarms,True,0.9689,False,False,False,{'reference': 'Минем'},{'datetime': 'дата/вакыт'}
test_95,dismiss alarm,alarm/cancel_alarm,alarm/dismiss_alarm,False,0.9506,False,False,False,{},"{'datetime': 'дата/вакыт', 'reference': 'конкрет будильникка күрсәтү'}"
test_96,What is the temperature today?,weather/find,weather/find,True,0.9592,False,False,False,"{'datetime': 'Бүген', 'weather/attribute': 'температура'}","{'location': 'here', 'datetime': 'today', 'weather/attribute': 'temperature'}"
test_97,dismiss alarm,alarm/cancel_alarm,alarm/dismiss_alarm,False,0.9506,False,False,False,{},"{'datetime': 'дата/вакыт', 'reference': 'конкрет будильникка күрсәтү'}"
test_98,Show all alarms,alarm/show_alarms,alarm/show_alarms,True,0.9763,False,False,False,{'reference': 'Барлык'},{'datetime': 'дата/вакыт'}
test_99,set alarm for every 30 minutes,alarm/set_alarm,alarm/set_alarm,True,0.8962,False,False,False,{'recurring_datetime': '30 минут саен'},"{'datetime': 'кабатлау расписаниесе', 'recurring_datetime': 'бу дата/вакытта 30 минут кез', 'reference': 'будильник', 'reminder/todo': 'нәрсә эшләргә кирәк'}"
test_100,What is the temperature going to be today?,weather/find,weather/find,True,0.9537,False,False,False,"{'datetime': 'Бүген', 'weather/attribute': 'температура'}","{'location': 'here', 'datetime': 'today'}"
test_101,Is it going to be hot today?,weather/find,weather/find,True,0.9199,False,False,False,"{'datetime': 'Бүген', 'weather/attribute': 'кызу'}","{'location': 'бу атнабызда', 'datetime': 'бу атнабызда', 'weather/attribute': 'температура'}"
test_102,Is it going to rain tomorrow?,weather/find,weather/find,True,0.9273,False,False,False,"{'datetime': 'Иртәгә', 'weather/attribute': 'яңгыр'}","{'location': 'tomorrow', 'weather/attribute': 'condition_description'}"
test_103,Cancel the next alarm,alarm/cancel_alarm,alarm/cancel_alarm,True,0.9646,False,False,False,{'reference': 'Киләсе'},"{'datetime': 'дата/вакыт', 'reference': 'конкрет будильникка күрсәтү'}"
test_104,Remind me to go to grocery store today,reminder/set_reminder,reminder/set_reminder,True,0.9672,False,False,False,"{'datetime': 'Бүген', 'reminder/todo': 'кибеткә барырга'}","{'datetime': 'today', 'reminder/todo': 'go to grocery store'}"
test_105,cancel my reminders for next week,reminder/cancel_reminder,reminder/cancel_reminder,True,0.9681,False,False,False,"{'datetime': 'киләсе атнада', 'reference': 'минем'}",{'datetime': 'next week'}
test_106,remind me to take dog to groomer tuesday at 3pm,reminder/set_reminder,reminder/set_reminder,True,0.9807,False,False,False,"{'datetime': 'сишәмбе көнне көндезге сәгать 3-тә', 'reminder/todo': 'этне грумерга алып барырга'}","{'datetime': 'tuesday at 3pm', 'reminder/todo': 'take dog to groomer'}"
test_107,Remind me to pick up flowers for Jen for our anniversary on the 28th.,reminder/set_reminder,reminder/set_reminder,True,0.9633,False,False,False,"{'datetime': '28-енче көнне', 'reminder/todo': 'Дженга годовщинага чәчәкләр сатып алырга'}","{'datetime': '28th', 'reminder/todo': 'pick up flowers for Jen for our anniversary'}"
test_108,What's the weather like today?,weather/find,weather/find,True,0.9452,False,False,False,{'datetime': 'Бүген'},{'location': 'today'}
test_109,Remind me to make a doctor's appointment tomorrow.,reminder/set_reminder,reminder/set_reminder,True,0.9685,False,False,False,"{'datetime': 'Иртәгә', 'reminder/todo': 'табибка язылырга'}","{'datetime': 'tomorrow', 'reminder/todo': ""make a doctor's appointment""}"
test_110,turn off all alarms,alarm/cancel_alarm,alarm/cancel_alarm,True,0.7422,False,False,False,{'reference': 'бөтен'},"{'datetime': 'бу дин', 'reference': 'бу диндеги бүлдәр'}"
test_111,Should I bring a raincoat?,weather/find,weather/find,True,0.9332,False,False,False,{'weather/attribute': 'дождевикны'},"{'location': 'here', 'datetime': 'now', 'weather/attribute': 'rain'}"
test_112,What is the severe weather forecast?,weather/find,weather/find,True,0.9096,False,False,False,{'weather/attribute': 'Начар'},"{'location': 'current location', 'datetime': 'now', 'weather/attribute': 'severe'}"
test_113,remind me of next weeks doctor appointment,reminder/set_reminder,reminder/set_reminder,True,0.9642,False,False,False,"{'datetime': 'киләсе атнада', 'reminder/todo': 'табибка язуым турында'}","{'datetime': 'next weeks', 'reminder/todo': 'doctor appointment'}"
test_114,set reminder to go to the store at 8am,reminder/set_reminder,reminder/set_reminder,True,0.9751,False,False,False,"{'datetime': 'иртәнге 8', 'reminder/todo': 'кибеткә бару'}","{'datetime': '8am', 'reminder/todo': 'go to the store'}"
test_115,Set reminder to get the dry cleaning.,reminder/set_reminder,reminder/set_reminder,True,0.9392,False,False,False,{'reminder/todo': 'Химчисткага барырга'},{'reminder/todo': 'get the dry cleaning'}
test_116,when is it cool down,weather/find,weather/find,True,0.8852,False,False,False,{'weather/attribute': 'салкынрак'},"{'location': 'бу үзен', 'datetime': 'бу атнабызда', 'weather/attribute': 'дымлылык', 'weather/temperatureUnit': 'Цельсий градустан'}"
test_117,will it rain this week,weather/find,weather/find,True,0.9389,False,False,False,"{'datetime': 'бу атнада', 'weather/attribute': 'яңгыр'}",{'location': 'this week'}
test_118,delete all alarms,alarm/cancel_alarm,alarm/cancel_all_alarms,False,0.9461,False,False,False,{'reference': 'барлык'},{}
test_119,cancel alarms,alarm/cancel_alarm,alarm/cancel_alarm,True,0.9848,False,False,False,{},"{'datetime': 'дата/вакыт', 'reference': 'конкрет будильникка күрсәтү'}"
test_120,show me my alarms,alarm/show_alarms,alarm/show_alarms,True,0.9699,False,False,False,{'reference': 'минем'},{'datetime': 'дата/вакыт'}
test_121,What time do I have an alarm set for?,alarm/show_alarms,alarm/show_alarms,True,0.9903,False,False,False,{},{'datetime': 'дата/вакыт'}
test_122,Is it going to rain Saturday?,weather/find,weather/find,True,0.9564,False,False,False,"{'datetime': 'Шимбә', 'weather/attribute': 'яңгыр'}",{'location': 'Saturday'}
test_123,how hot is it going to get today,weather/find,weather/find,True,0.9323,False,False,False,"{'datetime': 'бүген', 'weather/attribute': 'эссе'}",{'location': 'today'}
test_124,Reset all alarms,alarm/cancel_alarm,alarm/cancel_all_alarms,False,0.9487,False,False,False,{'reference': 'Барлык'},{}
test_125,Weather in Tahoe this weekend?,weather/find,weather/find,True,0.9808,False,False,False,"{'datetime': 'Бу ял көннәрендә', 'location': 'Тахода'}","{'location': 'Tahoe', 'datetime': 'this weekend'}"
test_126,Do I need a coat today?,weather/find,weather/find,True,0.9355,False,False,False,"{'datetime': 'бүген', 'weather/attribute': 'пальто'}","{'location': 'here', 'datetime': 'today', 'weather/attribute': 'temperature'}"
test_127,When will the rain stop?,weather/find,weather/find,True,0.9436,False,False,False,{'weather/attribute': 'Яңгыр'},"{'location': 'here', 'datetime': 'now', 'weather/attribute': 'rain'}"
test_128,Set a reminder to call my school on Monday at 4 PM,reminder/set_reminder,reminder/set_reminder,True,0.9841,False,False,False,"{'datetime': 'Дүшәмбе көнне 16:00 сәгатьтә', 'reminder/todo': 'минем мәктәпкә шалтыратырга'}","{'datetime': 'Monday at 4 PM', 'reminder/todo': 'call my school'}"
test_129,Turn off my alarm.,alarm/cancel_alarm,alarm/cancel_alarm,True,0.9598,False,False,False,{'reference': 'Минем'},{'reference': 'my alarm'}
test_130,How cold will it be tonight?,weather/find,weather/find,True,0.9238,False,False,False,"{'datetime': 'Бүген кич', 'weather/attribute': 'салкын'}","{'location': 'tonight', 'weather/attribute': 'temperature'}"
test_131,Set alarm for 7 am tomorrow.,alarm/set_alarm,alarm/set_alarm,True,0.9647,False,False,False,{'datetime': 'иртәнге җидегә'},{'datetime': '7 am tomorrow'}
test_132,Cancel my reminder to pick up Rob,reminder/cancel_reminder,reminder/cancel_reminder,True,0.974,False,False,False,"{'reference': 'Минем', 'reminder/todo': 'Робны алу'}",{'reminder/todo': 'pick up Rob'}
test_133,Create a reminder for tomorrow to buy milk.,reminder/set_reminder,reminder/set_reminder,True,0.9692,False,False,False,"{'datetime': 'Иртәгә', 'reminder/todo': 'сөт сатып алу'}","{'datetime': 'tomorrow', 'reminder/todo': 'buy milk'}"
test_134,set alarm for 6pm,alarm/set_alarm,alarm/set_alarm,True,0.9921,False,False,False,{'datetime': 'иртәнге 6'},{'datetime': '6pm'}
test_135,schedule a daily alarm for 7:30 pm until deleted,alarm/set_alarm,alarm/set_alarm,True,0.9597,False,False,False,{'recurring_datetime': 'көндәлек | кичке җиде сәгать утыз минутка'},"{'datetime': '7:30 pm', 'recurring_datetime': 'daily', 'reference': 'this alarm'}"
test_136,remind me to set an alarm for ups,reminder/set_reminder,reminder/set_reminder,True,0.9462,False,False,False,{'reminder/todo': 'торыр өчен будильникны куерга'},"{'datetime': 'up', 'reminder/todo': 'set an alarm'}"
test_137,Cancel my reminder,reminder/cancel_reminder,reminder/cancel_reminder,True,0.9482,False,False,False,{'reference': 'Минем'},"{'datetime': 'бу дата/вакыт', 'reminder/todo': 'искәртү эчтәлеге'}"
test_138,Is it going to snow today?,weather/find,weather/find,True,0.9448,False,False,False,"{'datetime': 'Бүген', 'weather/attribute': 'кар'}","{'location': 'here', 'datetime': 'today', 'weather/attribute': 'condition_description'}"
test_139,Show me all the alarms,alarm/show_alarms,alarm/show_alarms,True,0.9677,False,False,False,{'reference': 'бөтен'},{'datetime': 'дата/вакыт'}
test_140,show all reminders,reminder/show_reminders,reminder/show_reminders,True,0.9804,False,False,False,{'reference': 'бөтен'},"{'datetime': 'дата/вакыт', 'reference': 'конкрет искәртүгә күрсәтү', 'reminder/todo': 'искәртү эчтәлеге'}"
test_141,how much time is left on my alarm,alarm/time_left_on_alarm,alarm/time_left_on_alarm,True,0.9829,False,True,False,{'reference': 'минем'},{'reference': 'конкрет будильникка күрсәтү'}
test_142,set alarm for 2 hours,alarm/set_alarm,alarm/set_alarm,True,0.9816,False,False,False,{'datetime': '2 сәгатькә'},{'datetime': '2 hours'}
test_143,Remind me to get bread after work,reminder/set_reminder,reminder/set_reminder,True,0.9569,False,False,False,"{'datetime': 'Эштән соң', 'reminder/todo': 'икмәк сатып алырга'}","{'reminder/todo': 'get bread', 'datetime': 'after work'}"
test_144,Will it rain today?,weather/find,weather/find,True,0.8957,False,False,False,"{'datetime': 'Бүген', 'weather/attribute': 'яңгыр'}","{'location': 'сегодня', 'datetime': 'сегодня', 'weather/attribute': 'хава торышы'}"
test_145,read today's weather forecast,weather/find,weather/find,True,0.8682,False,False,False,{'datetime': 'бүгенге'},"{'location': 'бу атнабызда', 'datetime': 'бундагы көн', 'weather/attribute': 'прогноз'}"
test_146,What time is my alarm set for?,alarm/show_alarms,alarm/show_alarms,True,0.9839,False,False,False,{'reference': 'Минем'},{'datetime': 'дата/вакыт'}
test_147,at 4 tomorrow remind me to go to the mall,reminder/set_reminder,reminder/set_reminder,True,0.9775,False,False,False,"{'datetime': 'иртәгә 4', 'reminder/todo': 'сәүдә үзәгенә барырга'}","{'datetime': 'at 4 tomorrow', 'reminder/todo': 'go to the mall'}"
test_148,do I need to bring an umbrella today,weather/find,weather/find,True,0.934,False,False,False,"{'datetime': 'бүген', 'weather/attribute': 'кул чатырны'}","{'location': 'here', 'datetime': 'today', 'weather/attribute': 'rain'}"
test_149,Show my reminder,reminder/show_reminders,reminder/show_reminders,True,0.9743,False,False,False,{'reference': 'Минем'},{'datetime': 'дата/вакыт'}
test_150,Show all my reminders,reminder/show_reminders,reminder/show_reminders,True,0.9716,False,False,False,{'reference': 'Минем бөтен'},{'datetime': 'дата/вакыт'}
test_151,Set a reminder for dog food on Monday.,reminder/set_reminder,reminder/set_reminder,True,0.9761,False,False,False,"{'datetime': 'Дүшәмбе', 'reminder/todo': 'эт ризыгы'}","{'datetime': 'Monday', 'reminder/todo': 'dog food'}"
test_152,"Set reminder ""Sub yoga class Tuesday night at Bala"" for tomorrow",reminder/set_reminder,reminder/set_reminder,True,0.9537,False,False,False,"{'datetime': 'Иртәгегә', 'reminder/todo': 'Сишәмбе кичендә Балада Саб йога дәресенә язылырга'}","{'datetime': 'tomorrow', 'reminder/todo': 'Sub yoga class Tuesday night at Bala'}"
test_153,Cancel all reminders for today,reminder/cancel_reminder,reminder/cancel_reminder,True,0.8622,False,False,False,"{'datetime': 'бүгенгегә', 'reference': 'бөтен'}","{'datetime': 'бунын көннән', 'reminder/todo': 'искәртүләр'}"
test_154,What will the weather be in New York city this week,weather/find,weather/find,True,0.9838,False,False,False,"{'datetime': 'Бу атнада', 'location': 'Нью - Йоркта'}","{'location': 'New York city', 'datetime': 'this week'}"
test_155,remind me of a doctor visit Thursday at 12 pm,reminder/set_reminder,reminder/set_reminder,True,0.9828,False,False,False,"{'datetime': 'пәнҗешәмбе көнне көндез 12-дә', 'reminder/todo': 'табибка баруымны'}","{'datetime': 'Thursday at 12 pm', 'reminder/todo': 'doctor visit'}"
test_156,Set an alarm for 6:50 pm,alarm/set_alarm,alarm/set_alarm,True,0.9943,False,False,False,{'datetime': 'кичке 6:50'},{'datetime': '6:50 pm'}
test_157,Is it going to snow today?,weather/find,weather/find,True,0.9448,False,False,False,"{'datetime': 'Бүген', 'weather/attribute': 'кар'}","{'location': 'here', 'datetime': 'today', 'weather/attribute': 'condition_description'}"
test_158,What alarms are set?,alarm/show_alarms,alarm/show_alarms,True,0.9778,False,False,False,{},{'datetime': 'дата/вакыт'}
test_159,Set a reminder alarm for October 7,reminder/set_reminder,reminder/set_reminder,True,0.9727,False,False,False,{'datetime': '7 октябрьгә'},{'datetime': 'October 7'}
test_160,Will there be snow today?,weather/find,weather/find,True,0.9453,False,False,False,"{'datetime': 'бүген', 'weather/attribute': 'кар'}","{'location': 'here', 'datetime': 'today', 'weather/attribute': 'condition_description'}"
test_161,snooze alarm for 15 minutes,alarm/snooze_alarm,alarm/snooze_alarm,True,0.9637,False,True,False,{'datetime': '15 минутка'},{'datetime': '15 минут'}
test_162,How much snow are they predicting?,weather/find,weather/find,True,0.9493,False,False,False,{'weather/attribute': 'кар'},"{'location': 'they', 'datetime': 'now', 'weather/attribute': 'snow'}"
test_163,is it hot outside,weather/find,weather/find,True,0.9084,False,False,False,"{'location': 'урамда', 'weather/attribute': 'эссе'}","{'location': 'outside', 'weather/attribute': 'temperature', 'datetime': 'now'}"
test_164,What is the temperature going to be today?,weather/find,weather/find,True,0.9537,False,False,False,"{'datetime': 'Бүген', 'weather/attribute': 'температура'}","{'location': 'here', 'datetime': 'today'}"
test_165,what will the weather be like in Dallas tomorrow,weather/find,weather/find,True,0.9838,False,False,False,"{'datetime': 'иртәгә', 'location': 'Далласта'}","{'location': 'Dallas', 'datetime': 'tomorrow'}"
test_166,Show me all my reminders for today,reminder/show_reminders,reminder/show_reminders,True,0.9763,False,False,False,"{'datetime': 'бүгенгегә', 'reference': 'минем бөтен'}",{'datetime': 'today'}
test_167,Set a weekly reminder for groceries.,reminder/set_reminder,reminder/set_reminder,True,0.8802,False,False,False,"{'recurring_datetime': 'Атна саен', 'reminder/todo': 'продукт сатып алу'}","{'recurring_datetime': 'хәзергене', 'reminder/todo': 'гросерси өтү'}"
test_168,weather,weather/find,weather/find,True,0.9493,False,False,False,{},"{'datetime': 'бу атнабызда', 'location': 'ПалоАльто тирәсендә', 'weather/attribute': 'температура 31', 'weather/temperatureUnit': 'Цельсий градустан'}"
test_169,Is it supposed to rain all day?,weather/find,weather/find,True,0.9205,False,False,False,"{'weather/attribute': 'Яңгыр', 'datetime': 'көне буе'}","{'datetime': 'all day', 'location': 'here', 'weather/attribute': 'rain'}"
test_170,is it going to rain tomorrow,weather/find,weather/find,True,0.9147,False,False,False,"{'datetime': 'Иртәгә', 'weather/attribute': 'яңгыр'}","{'location': 'tomorrow', 'weather/attribute': 'condition_description', 'datetime': 'tomorrow'}"
test_171,Remind me to reply to work emails tonight,reminder/set_reminder,reminder/set_reminder,True,0.9659,False,False,False,"{'datetime': 'Бүген кич', 'reminder/todo': 'эш хатларына җавап бирергә'}","{'datetime': 'tonight', 'reminder/todo': 'reply to work emails'}"
test_172,Delete alarms,alarm/cancel_alarm,alarm/cancel_alarm,True,0.9817,False,False,False,{},"{'datetime': 'дата/вакыт', 'reference': 'конкрет будильникка күрсәтү'}"
test_173,Cancel my alarms,alarm/cancel_alarm,alarm/cancel_alarm,True,0.9862,False,False,False,{'reference': 'Минем'},"{'datetime': 'дата/вакыт', 'reference': 'конкрет будильникка күрсәтү'}"
test_174,Can I wear shorts today?,weather/find,weather/find,True,0.9305,False,False,False,"{'datetime': 'бүген', 'weather/attribute': 'шортыны'}","{'location': 'here', 'datetime': 'today', 'weather/attribute': 'temperature'}"
test_175,Will it rain tomorrow?,weather/find,weather/find,True,0.9125,False,False,False,"{'datetime': 'Иртәгә', 'weather/attribute': 'яңгыр'}","{'location': 'tomorrow', 'weather/attribute': 'condition_description', 'datetime': 'tomorrow'}"
test_176,Set alarm for 10 am,alarm/set_alarm,alarm/set_alarm,True,0.9953,False,False,False,{'datetime': 'иртәнге 10'},{'datetime': '10 am'}
test_177,Is it going to rain this week?,weather/find,weather/find,True,0.9537,False,False,False,"{'datetime': 'бу атнада', 'weather/attribute': 'яңгыр'}",{'location': 'this week'}
test_178,show all reminders,reminder/show_reminders,reminder/show_reminders,True,0.9804,False,False,False,{'reference': 'бөтен'},"{'datetime': 'дата/вакыт', 'reference': 'конкрет искәртүгә күрсәтү', 'reminder/todo': 'искәртү эчтәлеге'}"
test_179,cancel alarms,alarm/cancel_alarm,alarm/cancel_alarm,True,0.9848,False,False,False,{},"{'datetime': 'дата/вакыт', 'reference': 'конкрет будильникка күрсәтү'}"
test_180,turn off all alarms,alarm/cancel_alarm,alarm/cancel_alarm,True,0.7422,False,False,False,{'reference': 'бөтен'},"{'datetime': 'бу дин', 'reference': 'бу диндеги бүлдәр'}"
test_181,show all alarms preset,alarm/show_alarms,alarm/show_alarms,True,0.9708,False,False,False,{'reference': 'бөтен'},{'datetime': 'дата/вакыт'}
test_182,Set alarm every minute for 20 minutes.,alarm/set_alarm,alarm/set_alarm,True,0.8463,False,False,False,{'recurring_datetime': 'егерме минут саен'},"{'datetime': 'бу атнабызда', 'recurring_datetime': 'минут 1-де', 'reminder/todo': '20 минут күй', 'reference': 'будильнигымны'}"
test_183,What are my reminders?,reminder/show_reminders,reminder/show_reminders,True,0.9764,False,False,False,{'reference': 'Минем'},{'datetime': 'дата/вакыт'}
test_184,cancel alarm for tomorrow,alarm/cancel_alarm,alarm/cancel_alarm,True,0.9773,False,False,False,{'datetime': 'иртәгегә'},{'datetime': 'tomorrow'}
test_185,Do I need an umbrella today?,weather/find,weather/find,True,0.95,False,False,False,"{'datetime': 'бүген', 'weather/attribute': 'зонтик'}","{'location': 'here', 'datetime': 'today'}"
test_186,is it supposed to snow today?,weather/find,weather/find,True,0.939,False,False,False,"{'datetime': 'бүген', 'weather/attribute': 'кар'}","{'location': 'here', 'datetime': 'today', 'weather/attribute': 'condition_description'}"
test_187,Remind me to call my mom tonight,reminder/set_reminder,reminder/set_reminder,True,0.9696,False,False,False,"{'datetime': 'Бүген кич', 'reminder/todo': 'минем әнигә шалтыратырга'}","{'datetime': 'tonight', 'reminder/todo': 'call my mom'}"
test_188,will it rain today?,weather/find,weather/find,True,0.8813,False,False,False,"{'datetime': 'Бүген', 'weather/attribute': 'яңгыр'}","{'location': 'бу атнабызда', 'datetime': 'бундагы көн', 'weather/attribute': 'дымлылык'}"
test_189,Is it going to rain Saturday?,weather/find,weather/find,True,0.9564,False,False,False,"{'datetime': 'Шимбә', 'weather/attribute': 'яңгыр'}",{'location': 'Saturday'}
test_190,Will you set the alarm every minute for 20 minutes?,alarm/set_alarm,alarm/set_alarm,True,0.921,False,False,False,{'recurring_datetime': 'һәр минут саен 20 минутка'},"{'datetime': '20 минут', 'recurring_datetime': 'ежеминутно', 'reference': 'будильник'}"
test_191,Tropical storms in caribbean,weather/find,SearchCreativeWork,False,0.9393,False,False,False,"{'location': 'Кариб', 'weather/attribute': 'тропик давыллар'}","{'object_name': 'tropical storms', 'object_type': 'weather'}"
test_192,cancel all alarms,alarm/cancel_alarm,alarm/cancel_all_alarms,False,0.9628,False,False,False,{'reference': 'барлык'},{}
test_193,Set alarm for every nine minutes.,alarm/set_alarm,alarm/set_alarm,True,0.901,False,False,False,{'recurring_datetime': 'тугыз минут саен'},"{'datetime': 'бу атнабызда', 'recurring_datetime': '9 минут', 'reference': 'Будильнигымны'}"
test_194,Delete the last two reminders on my list,reminder/cancel_reminder,reminder/cancel_reminder,True,0.9221,False,False,False,{'reference': 'соңгы ике'},"{'datetime': 'бу атнабызда', 'reminder/todo': 'искәртү эчтәлеге: нәрсә эшләргә кирәк'}"
test_195,how's the weather today,weather/find,weather/find,True,0.8914,False,False,False,{'datetime': 'бүген'},"{'location': 'бу атнабызда', 'datetime': 'бу атнабызда'}"
test_196,turn on my alarm,alarm/set_alarm,alarm/set_alarm,True,0.9305,False,False,False,{'reference': 'минем'},"{'datetime': 'дата/вакыт', 'reference': 'будильникка күрсәтү'}"
test_197,What is the humidity today?,weather/find,weather/find,True,0.9604,False,False,False,"{'datetime': 'Бүген', 'weather/attribute': 'һаваның дымлылыгы'}","{'location': 'here', 'datetime': 'today', 'weather/attribute': 'humidity'}"
test_198,remind me to set an alarm for ups,reminder/set_reminder,reminder/set_reminder,True,0.9462,False,False,False,{'reminder/todo': 'миңа торыр өчен будильникны куерга'},"{'datetime': 'up', 'reminder/todo': 'set an alarm'}"
test_199,Will it snow this weekend?,weather/find,weather/find,True,0.9443,False,False,False,"{'datetime': 'Бу ял көннәрендә', 'weather/attribute': 'кар'}",{'location': 'this weekend'}
test_200,How hot will it get today?,weather/find,weather/find,True,0.9261,False,False,False,"{'datetime': 'Бүген', 'weather/attribute': 'эссе'}","{'location': 'today', 'weather/attribute': 'temperature', 'weather/temperatureUnit': 'Fahrenheit'}"
test_201,What time is my alarm set for,alarm/show_alarms,alarm/show_alarms,True,0.9858,False,False,False,{'reference': 'Минем'},{'datetime': 'дата/вакыт'}
test_202,What's the weather like today?,weather/find,weather/find,True,0.9452,False,False,False,{'datetime': 'Бүген'},{'location': 'today'}
test_203,Will it rain tomorrow?,weather/find,weather/find,True,0.9125,False,False,False,"{'datetime': 'Иртәгә', 'weather/attribute': 'яңгыр'}","{'location': 'tomorrow', 'weather/attribute': 'condition_description', 'datetime': 'tomorrow'}"
test_204,Cancel my alarm for 5:15am on Tuesday,alarm/cancel_alarm,alarm/cancel_alarm,True,0.9695,False,False,False,"{'datetime': 'Сишәмбе көнне иртәнге 5:15', 'reference': 'минем'}","{'datetime': '5:15am', 'day_of_week': 'Tuesday'}"
test_205,cancel reminder for tonight's game,reminder/cancel_reminder,reminder/cancel_reminder,True,0.977,False,False,False,"{'datetime': 'бүгенге', 'reminder/todo': 'уен'}","{'datetime': ""tonight's"", 'reminder/todo': 'game'}"
test_206,set alarm for 3am,alarm/set_alarm,alarm/set_alarm,True,0.9942,False,False,False,{'datetime': 'көндезге 3-ке'},{'datetime': '3am'}
test_207,cancel all alarms for saturday,alarm/cancel_alarm,alarm/cancel_alarm,True,0.9539,False,False,False,"{'datetime': 'шимбә көнне', 'reference': 'бөтен'}",{'datetime': 'saturday'}
test_208,i need a reminder to pick Lisa up,reminder/set_reminder,reminder/set_reminder,True,0.9599,False,False,False,{'reminder/todo': 'Лизаны алу'},{'reminder/todo': 'pick Lisa up'}
test_209,What is the high today?,weather/find,weather/find,True,0.9362,False,False,False,"{'datetime': 'Бүген', 'weather/attribute': 'югары'}","{'location': 'here', 'datetime': 'today', 'weather/attribute': 'temperature high'}"
test_210,Is it going to be cloudy today in Grindstone?,weather/find,weather/find,True,0.9295,False,False,False,"{'datetime': 'Бүген', 'location': 'Гринстоунда', 'weather/attribute': 'болытлы'}","{'location': 'Grindstone', 'datetime': 'today', 'weather/attribute': 'cloudy'}"
test_211,Remind me later,reminder/set_reminder,reminder/set_reminder,True,0.9816,False,False,False,{'datetime': 'Соңрак'},"{'datetime': 'дата/вакыт', 'recurring_datetime': 'кабатлау расписаниесе', 'reminder/todo': 'искәртү эчтәлеге: нәрсә эшләргә кирәк'}"
test_212,what is the weather in france today,weather/find,weather/find,True,0.9725,False,False,False,"{'datetime': 'бүген', 'location': 'франциядә'}","{'location': 'France', 'datetime': 'today'}"
test_213,Will it be sunny for the party on Saturday?,weather/find,weather/find,True,0.8858,False,False,False,"{'datetime': 'Шимбә', 'weather/attribute': 'кояшлы'}","{'location': 'парти', 'datetime': 'Saturday'}"
test_214,Is it going to rain tomorrow?,weather/find,weather/find,True,0.9273,False,False,False,"{'datetime': 'Иртәгә', 'weather/attribute': 'яңгыр'}","{'location': 'tomorrow', 'weather/attribute': 'condition_description'}"
test_215,Can I wear shorts today?,weather/find,weather/find,True,0.9305,False,False,False,"{'datetime': 'бүген', 'weather/attribute': 'шортыны'}","{'location': 'here', 'datetime': 'today', 'weather/attribute': 'temperature'}"
test_216,Show my reminder,reminder/show_reminders,reminder/show_reminders,True,0.9743,False,False,False,{'reference': 'Минем'},{'datetime': 'дата/вакыт'}
test_217,what is the average forecast for september,weather/find,weather/find,True,0.9007,False,False,False,{'datetime': 'Сентябрьдә'},"{'location': 'PaloAlto', 'datetime': 'September', 'weather/attribute': 'average temperature'}"
test_218,Is it cold today?,weather/find,weather/find,True,0.9428,False,False,False,"{'datetime': 'Бүген', 'weather/attribute': 'салкынмы'}","{'location': 'here', 'datetime': 'today', 'weather/attribute': 'temperature'}"
test_219,Cancel all reminders,reminder/cancel_reminder,reminder/cancel_all_reminders,False,0.9743,False,False,False,{'reference': 'Бөтен'},{}
test_220,is it hot?,weather/find,weather/find,True,0.9168,False,False,False,{'weather/attribute': 'эссеме'},"{'location': 'бу атнабызда', 'datetime': 'бу атнабызда', 'weather/attribute': 'температура'}"
test_221,Make alarm for weekends at 2pm,alarm/set_alarm,alarm/set_alarm,True,0.9414,False,False,False,{'recurring_datetime': 'Ял көннәрендә көндезге 2'},"{'datetime': '2pm', 'recurring_datetime': 'weekends'}"
test_222,Set alarm for 2 am,alarm/set_alarm,alarm/set_alarm,True,0.991,False,False,False,{'datetime': 'иртәнге 2'},{'datetime': '2 am'}
test_223,What is the humidity today?,weather/find,weather/find,True,0.9604,False,False,False,"{'datetime': 'Бүген', 'weather/attribute': 'һаваның дымлылыгы'}","{'location': 'here', 'datetime': 'today', 'weather/attribute': 'humidity'}"
test_224,show all my alarms,alarm/show_alarms,alarm/show_alarms,True,0.9694,False,False,False,{'reference': 'минем бөтен'},{'datetime': 'дата/вакыт'}
test_225,Show me all my reminders,reminder/show_reminders,reminder/show_reminders,True,0.9706,False,False,False,{'reference': 'Минем бөтен'},{'datetime': 'дата/вакыт'}
test_226,cancel all alarms,alarm/cancel_alarm,alarm/cancel_all_alarms,False,0.9628,False,False,False,{'reference': 'бөтен'},{}
test_227,Is there a storm headed for my area?,weather/find,weather/find,True,0.9624,False,False,False,"{'weather/attribute': 'Давыл', 'location': 'минем районыма'}","{'location': 'my area', 'weather/attribute': 'storm'}"
test_228,what's the weather today,weather/find,weather/find,True,0.9541,False,False,False,{'datetime': 'бүген'},"{'location': 'here', 'datetime': 'today'}"
test_229,delete last reminder,reminder/cancel_reminder,reminder/cancel_reminder,True,0.8617,False,False,False,{'reference': 'соңгы'},"{'datetime': 'бу атнабызда', 'reminder/todo': 'бу кире эшләргә кирәк'}"
test_230,What time is left on the alarm.,alarm/time_left_on_alarm,alarm/time_left_on_alarm,True,0.9941,False,True,False,{},{'reference': 'конкрет будильникка күрсәтү'}
test_231,Cancel all my alarms for Sunday.,alarm/cancel_alarm,alarm/cancel_alarm,True,0.9271,False,False,False,"{'datetime': 'Якшәмбе көнне', 'reference': 'минем бөтен'}",{'day_of_week': 'Sunday'}
test_232,How hot will it get today?,weather/find,weather/find,True,0.9261,False,False,False,"{'datetime': 'Бүген', 'weather/attribute': 'эссе'}","{'location': 'today', 'weather/attribute': 'temperature', 'weather/temperatureUnit': 'Fahrenheit'}"
test_233,I'd like you to create a new alarm for 8:45 tomorrow morning,alarm/set_alarm,alarm/set_alarm,True,0.9504,False,False,False,{'datetime': 'иртәгә иртәнге 8:45'},{'datetime': '8:45 tomorrow morning'}
test_234,cancel all alarms,alarm/cancel_alarm,alarm/cancel_all_alarms,False,0.9628,False,False,False,{'reference': 'бөтен'},{}
test_235,Is it going to snow today?,weather/find,weather/find,True,0.9448,False,False,False,"{'datetime': 'Бүген', 'weather/attribute': 'кар'}","{'location': 'here', 'datetime': 'today', 'weather/attribute': 'condition_description'}"
test_236,remind me to buy ice,reminder/set_reminder,reminder/set_reminder,True,0.943,False,False,False,{'reminder/todo': 'бозны алырга'},"{'reminder/todo': 'buy ice', 'datetime': 'бу'}"
test_237,show all reminders,reminder/show_reminders,reminder/show_reminders,True,0.9804,False,False,False,{'reference': 'бөтен'},"{'datetime': 'дата/вакыт', 'reference': 'конкрет искәртүгә күрсәтү', 'reminder/todo': 'искәртү эчтәлеге'}"
test_238,show all alarms,alarm/show_alarms,alarm/show_alarms,True,0.9721,False,False,False,{'reference': 'бөтен'},{'datetime': 'дата/вакыт'}
test_239,What's the weather in San Francisco?,weather/find,weather/find,True,0.9832,False,False,False,{'location': 'Сан - Францискода'},{'location': 'San Francisco'}
test_240,Cancel all reminders,reminder/cancel_reminder,reminder/cancel_all_reminders,False,0.9743,False,False,False,{'reference': 'Бөтен'},{}
test_241,Cancel reminder for concert,reminder/cancel_reminder,reminder/cancel_reminder,True,0.9723,False,False,False,{'reminder/todo': 'Концерт'},{'reminder/todo': 'concert'}
test_242,Cancel the alarm for tomorrow morning,alarm/cancel_alarm,alarm/cancel_alarm,True,0.98,False,False,False,{'datetime': 'Иртәгә иртәнге'},{'datetime': 'tomorrow morning'}
test_243,will it rain this week,weather/find,weather/find,True,0.9389,False,False,False,"{'datetime': 'бу атнада', 'weather/attribute': 'яңгыр'}",{'location': 'this week'}
test_244,What is the weather like on Wednesday for golfing?,weather/find,weather/find,True,0.9419,False,False,False,{'datetime': 'чәршәмбе көнне'},"{'datetime': 'Wednesday', 'object_type': 'golfing', 'weather/attribute': 'condition_description'}"
test_245,show all alarms,alarm/show_alarms,alarm/show_alarms,True,0.9721,False,False,False,{'reference': 'бөтен'},{'datetime': 'дата/вакыт'}
test_246,turn off all alarms for tomorrow,alarm/cancel_alarm,alarm/cancel_alarm,True,0.9562,False,False,False,"{'reference': 'бөтен', 'datetime': 'иртәгә'}",{'datetime': 'tomorrow'}
test_247,Set alarm for 5pm tonight,alarm/set_alarm,alarm/set_alarm,True,0.9654,False,False,False,{'datetime': 'бүген кичке 5'},{'datetime': '5pm tonight'}
test_248,set alarm for 7 tomorrow,alarm/set_alarm,alarm/set_alarm,True,0.9651,False,False,False,{'datetime': 'иртәге 7-гә'},"{'datetime': '7 tomorrow', 'recurring_datetime': None, 'reference': None, 'reminder/todo': None}"
test_249,Will it be sunny tomorrow?,weather/find,weather/find,True,0.7575,False,False,False,"{'datetime': 'Иртәгә', 'weather/attribute': 'кояшлы'}","{'location': 'бу атнабызда', 'datetime': 'бугу дүн', 'weather/attribute': 'солнып келәп'}"
test_250,how hot will it be today,weather/find,weather/find,True,0.9199,False,False,False,"{'datetime': 'бүген', 'weather/attribute': 'эссе'}","{'location': 'today', 'weather/attribute': 'temperature', 'weather/temperatureUnit': 'Fahrenheit'}"
test_251,Give zero stars to Halo: Ghosts of Onyx,RateBook,RateBook,True,0.9544,False,False,False,"{'rating_value': 'ноль', 'rating_unit': 'йолдызлар', 'object_name': 'Halo: Ghosts of Onyx'}","{'object_name': 'Halo: Ghosts of Onyx', 'object_type': 'video game', 'rating_unit': 'stars', 'rating_value': 0}"
test_252,Play music by Joy Nilo .,PlayMusic,PlayMusic,True,0.9406,False,False,False,{'artist': 'Джой Нило'},"{'artist': 'Joy Nilo', 'music_item': 'Playlist'}"
test_253,Please find me the video game titled 20 Hours in America .,SearchCreativeWork,SearchCreativeWork,True,0.9978,False,False,False,"{'object_name': '20 Hours in America', 'object_type': 'видеоуен'}","{'object_name': '20 Hours in America', 'object_type': 'video game'}"
test_254,Play my inventive playlist,PlayMusic,PlayMusic,True,0.9028,False,False,False,{'playlist': 'ясаган'},"{'music_item': 'Play my inventive playlist', 'playlist': 'my inventive playlist'}"
test_255,Book spot for 9 at Thurmont,BookRestaurant,BookRestaurant,True,0.9145,False,False,False,"{'location': 'Термонтта', 'party_size_number': '9 кешегә'}","{'cuisine': 'төньяк һинд', 'datetime': '9', 'location': 'Thurmont', 'party_size_number': '1', 'restaurant_name': 'not specified', 'restaurant_type': 'тиз ашамлыклар', 'sort': 'югары бәяләнген'}"
test_256,Add this tune to dorthy's 80's party playlist,AddToPlaylist,AddToPlaylist,True,0.9164,False,False,False,"{'music_item': 'көйне', 'reference': 'Доротиның', 'playlist': ""80's party""}","{'artist': 'this tune', 'entity_name': ""dorthy's 80's party playlist"", 'music_item': ""80's song"", 'playlist': 'party playlist', 'reference': 'this tune'}"
test_257,Play the newest melody on Last Fm by Eddie Vinson .,PlayMusic,PlayMusic,True,0.9454,False,False,False,"{'service': 'Last FM-да', 'artist': 'Эдди Винсонның', 'sort': 'иң яңа', 'music_item': 'көйен'}","{'artist': 'Eddie Vinson', 'music_item': 'newest melody', 'service': 'Last Fm', 'sort': 'play'}"
test_258,Check the forecast for Nebraska .,weather/find,weather/find,True,0.9868,False,False,False,{'location': 'Небрасканың'},{'location': 'Nebraska'}
test_259,Is there a storm now in NC ?,weather/find,weather/find,True,0.9325,False,False,True,"{'location': 'NC-да', 'datetime': 'хәзер', 'condition_description': 'буран'}","{'location': 'NC', 'weather/attribute': 'storm'}"
test_260,I want to listen to an ep from 1998 .,PlayMusic,PlayMusic,True,0.9267,False,False,False,"{'datetime': '1998', 'music_item': 'минионны'}","{'music_item': 'ep', 'object_part_of_series_type': '1998'}"
test_261,I need times for A Yiddish World Remembered at Dipson Theatres,SearchScreeningEvent,SearchScreeningEvent,True,0.9555,False,False,False,"{'location': 'Дипсон театрларында', 'movie_name': 'A Yiddish World Remembered', 'object_type': 'вакыт'}","{'movie_name': 'A Yiddish World Remembered', 'location': 'Dipson Theatres', 'object_location_type': 'кинотеатр', 'datetime': 'бу атнабызда', 'object_type': 'кино күрсәтү'}"
test_262,Give 1 out of 6 rating to the current textbook,RateBook,RateBook,True,0.9494,False,False,False,"{'object_select': 'Хәзерге', 'object_type': 'дәреслеккә', 'best_rating': '6-дан', 'rating_value': '1'}","{'object_name': 'current textbook', 'object_type': 'китап', 'rating_unit': 'йолдыз', 'rating_value': '1', 'best_rating': '6'}"
test_263,Add the Matt Murphy tune to the Flow Español playlist.,AddToPlaylist,AddToPlaylist,True,0.9699,False,False,False,"{'artist': 'Мэтт Мерфиның', 'music_item': 'көйен', 'playlist': 'Flow Español'}","{'artist': 'Matt Murphy', 'entity_name': 'Flow Español playlist', 'music_item': 'tune', 'playlist': 'Flow Español'}"
test_264,I want to book a sundanese gastropub nearby in Texas for 3 people on 5/20/2025 .,BookRestaurant,BookRestaurant,True,0.9585,False,False,True,"{'party_size_number': '3', 'datetime': '20/05/2025', 'location': 'Техас | янындагы', 'cuisine': 'судан', 'restaurant_type': 'гастропабын'}","{'cuisine': 'sundanese gastropub', 'location': 'Texas', 'datetime': '5/20/2025', 'party_size_number': '3'}"
test_265,Could you find the TV series The Approach,SearchCreativeWork,SearchCreativeWork,True,0.9946,False,False,False,"{'object_name': 'The Approach', 'object_type': 'телесериал'}","{'object_name': 'The Approach', 'object_type': 'TV series'}"
test_266,Give this chronicle a 2 rating.,RateBook,RateBook,True,0.9474,False,False,True,"{'object_select': 'Бу', 'object_part_of_series_type': 'хроникага', 'rating_value': '2'}","{'object_name': 'Минем Әний Хроникасының', 'object_type': 'китап', 'rating_unit': 'йолдыз', 'rating_value': 2}"
test_267,Give The American Scene 2 of 6 stars,RateBook,RateBook,True,0.9418,False,False,False,"{'object_name': 'The American Scene-ка', 'best_rating': '6-дан', 'rating_value': '2', 'rating_unit': 'йолдыз'}","{'object_name': 'The American Scene', 'object_type': 'book', 'rating_unit': 'stars', 'rating_value': 2, 'object_part_of_series_type': 'of', 'object_select': '2'}"
test_268,Add emilie autumn to my Nação Reggae playlist.,AddToPlaylist,AddToPlaylist,True,0.9575,False,False,False,"{'reference': 'Минем', 'playlist': 'Nação Reggae', 'artist': 'emilie autumn'}","{'artist': 'emilie autumn', 'entity_name': 'Nação Reggae', 'music_item': 'music', 'playlist': 'playlist'}"
test_269,I want to book a jewish restaurant in Gambia .,BookRestaurant,BookRestaurant,True,0.9748,False,False,True,"{'location': 'Гамбиядәге', 'cuisine': 'яһүд', 'restaurant_type': 'ресторанын'}","{'cuisine': 'jewish', 'location': 'Gambia'}"
test_270,book a table at a Fried chicken restaurant,BookRestaurant,BookRestaurant,True,0.9046,False,False,True,{'restaurant_name': 'Fried chicken restaurant'},"{'cuisine': 'Fried chicken', 'datetime': 'бу атнабызда', 'location': 'урын', 'restaurant_name': 'Fried chicken restaurant', 'restaurant_type': 'ресторан', 'sort': 'югары бәяләнген'}"
test_271,add we have a theme song to my House Afterwork playlist,AddToPlaylist,AddToPlaylist,True,0.9239,False,False,False,"{'reference': 'минем', 'playlist': 'House Afterwork', 'entity_name': 'we have a theme song'}","{'artist': 'we', 'entity_name': 'a theme song', 'music_item': 'a song', 'playlist': 'my House Afterwork'}"
test_272,"What will the weather be not far from here on October the nineteenth, 2026 ?",weather/find,weather/find,True,0.9748,False,False,False,"{'datetime': '2026 елның унтугызынчы октябрендә', 'location': 'моннан | ерак түгел'}","{'location': 'not far from here', 'datetime': 'October the nineteenth, 2026'}"
test_273,Weather in Walden Russia on 12/26/2018,weather/find,weather/find,True,0.9894,False,False,False,"{'location': 'Уолденда | Россия', 'datetime': '26/12/2018'}","{'location': 'Walden Russia', 'datetime': '12/26/2018'}"
test_274,I want to book a restaurant for my father in law and I in Buckner a year from now .,BookRestaurant,none,False,0.8851,True,False,True,"{'party_size_description': 'каенана һәм миңа', 'datetime': 'бер елдан соң', 'location': 'Buckner', 'restaurant_type': 'ресторанны'}",{}
test_275,Rate this book a 1,RateBook,RateBook,True,0.9391,False,False,False,"{'object_select': 'Бу', 'object_type': 'китапка', 'rating_value': '1'}","{'object_name': 'this book', 'object_type': 'book', 'rating_unit': 'star', 'rating_value': '1'}"
test_276,add this artist to my spotlight on country 2016 playlist,AddToPlaylist,AddToPlaylist,True,0.9587,False,False,False,"{'music_item': 'башкаручыны', 'reference': 'минем', 'playlist': 'spotlight on country 2016'}","{'artist': 'this artist', 'entity_name': 'my spotlight', 'music_item': 'track', 'playlist': 'country 2016'}"
test_277,Could you locate the Epic Conditions picture ?,SearchCreativeWork,SearchCreativeWork,True,0.9828,False,False,False,"{'object_name': 'Epic Conditions', 'object_type': 'рәсемен'}","{'object_name': 'Epic Conditions', 'object_type': 'picture'}"
test_278,Play rich sex on Iheart,PlayMusic,PlayMusic,True,0.9639,False,False,True,"{'service': 'Iheart-та', 'track': 'rich sex'}","{'music_item': 'rich sex', 'service': 'Iheart'}"
test_279,Is Bartok the Magnificent playing at seven AM ?,SearchScreeningEvent,SearchScreeningEvent,True,0.9427,False,False,False,"{'movie_name': 'Bartok the Magnificent', 'datetime': 'иртәнге җидедә'}","{'movie_name': 'Bartok the Magnificent', 'datetime': '7 AM', 'location': 'not specified', 'object_location_type': 'cinema', 'object_type': 'movie'}"
test_280,Play something on Zvooq,PlayMusic,PlayMusic,True,0.9374,False,False,False,{'service': 'Zvooq-да'},"{'service': 'Zvooq', 'music_item': 'Play something'}"
test_281,Let me hear Chris Knight music,PlayMusic,PlayMusic,True,0.9454,False,False,False,{'artist': 'Крис Найт'},"{'artist': 'Chris Knight', 'music_item': 'music'}"
test_282,play Jill Sobule album,PlayMusic,PlayMusic,True,0.9541,False,False,True,"{'album': 'Джилл Собул', 'music_item': 'альбомын'}","{'album': 'Jill Sobule', 'music_item': 'альбом'}"
test_283,Give four stars to The Broken Window,RateBook,RateBook,True,0.9667,False,False,False,"{'object_name': 'The Broken Window', 'rating_value': 'дүрт', 'rating_unit': 'йолдыз'}","{'object_name': 'The Broken Window', 'object_type': 'book', 'rating_unit': 'stars', 'rating_value': 4}"
test_284,Tell me the forecast for 6 am in Tatra-Nationalpark,weather/find,weather/find,True,0.9896,False,False,False,"{'location': 'Tatra-милли паркында', 'datetime': 'иртәнге 6да'}","{'location': 'Tatra-Nationalpark', 'datetime': '6 am'}"
test_285,Please book me a table at a bistro which serves lorna doone .,BookRestaurant,BookRestaurant,True,0.9133,False,False,True,"{'restaurant_type': 'бистродагы', 'served_dish': 'lorna doone'}","{'cuisine': 'bistro', 'served_dish': 'lorna doone', 'restaurant_name': 'unknown', 'restaurant_type': 'unknown', 'location': 'unknown', 'party_size_description': 'a table', 'party_size_number': '1', 'sort': 'unknown'}"
test_286,Rate The Mystery of the Tolling Bell series 4 stars .,RateBook,RateBook,True,0.9512,False,False,True,"{'object_name': 'The Mystery of the Tolling Bell', 'object_part_of_series_type': 'сериалны', 'rating_value': '4', 'rating_unit': 'йолдызга'}","{'object_name': 'The Mystery of the Tolling Bell series', 'object_type': 'book', 'rating_value': 4, 'rating_unit': 'stars'}"
test_287,Use Groove Shark to play music,PlayMusic,PlayMusic,True,0.9616,False,False,False,{'service': 'Groove Shark'},"{'music_item': 'Groove Shark', 'service': 'музыкаль сервис'}"
test_288,Check the timings for Snowbound at the closest movie theatre .,SearchScreeningEvent,SearchScreeningEvent,True,0.9513,False,False,True,"{'location': 'Якындагы', 'object_location_type': 'кинотеатрда', 'movie_name': 'Snowbound'}","{'location': 'closest movie theatre', 'movie_name': 'Snowbound', 'object_location_type': 'кинотеатр', 'object_type': 'расписаниесен'}"
test_289,Please open Zvooq,PlayMusic,none,False,0.0,True,False,False,{'service': 'Zvooq'},{}
test_290,book spot for 1 at Town of Ramsgate in Merit,BookRestaurant,BookRestaurant,True,0.9313,False,False,True,"{'party_size_number': '1', 'location': 'Меритта', 'restaurant_name': 'Town of Ramsgate'}","{'cuisine': 'Town of Ramsgate', 'datetime': 'бу атнабызда', 'facility': 'Merit', 'location': 'Town of Ramsgate in Merit', 'party_size_description': '1', 'party_size_number': '1', 'restaurant_name': 'not specified', 'restaurant_type': 'not specified', 'sort': 'not specified'}"
test_291,Will I Think I Do be playing at 7 PM ?,SearchScreeningEvent,SearchScreeningEvent,True,0.9467,False,False,False,"{'movie_name': 'I Think I Do', 'datetime': 'кичке 7-дә'}","{'movie_name': 'Will I Think I Do', 'location': 'theater', 'datetime': '7 PM', 'object_location_type': 'cinema', 'object_type': 'movie'}"
test_292,will Custer National Forest be chillier at seven Pm,weather/find,weather/find,True,0.9481,False,False,True,"{'location': 'Custer National Forest', 'datetime': 'кичке җидедә', 'condition_temperature': 'салкынрак'}","{'location': 'Custer National Forest', 'datetime': '7 PM'}"
test_293,I want to listen to something on Youtube,PlayMusic,PlayMusic,True,0.9562,False,False,False,{'service': 'Youtube-та'},"{'service': 'Youtube', 'music_item': 'something'}"
test_294,Search for the game Difficult Loves,SearchCreativeWork,SearchCreativeWork,True,0.9957,False,False,False,"{'object_name': 'Difficult Loves', 'object_type': 'уенын'}","{'object_name': 'Difficult Loves', 'object_type': 'game'}"
test_295,What's the weather forecast for Bothe-Napa Valley State Park close by february 20 ?,weather/find,weather/find,True,0.9711,False,False,False,"{'datetime': '20 февральгә', 'location': 'Bothe-Napa Valley дәүләт паркында'}","{'location': 'Bothe-Napa Valley State Park', 'datetime': 'february 20'}"
test_296,show me the schedule of movie The Great Gildersleeve near movie house,SearchScreeningEvent,SearchScreeningEvent,True,0.9703,False,False,True,"{'object_location_type': 'кинотеатр', 'movie_name': 'The Great Gildersleeve', 'object_type': 'расписаниесен'}","{'movie_name': 'The Great Gildersleeve', 'location': 'movie house'}"
test_297,Tell me the weather forecast for Gibsland,weather/find,weather/find,True,0.9435,False,False,False,{'location': 'Гибслендта'},"{'location': 'Gibsland', 'datetime': 'бу атнабызда', 'weather/attribute': 'температура', 'weather/temperatureUnit': 'Цельсий градустан'}"
test_298,Can I get the times for movies in the neighbourhood,SearchScreeningEvent,SearchScreeningEvent,True,0.9157,False,False,False,"{'location': 'күршедәге', 'movie_type': 'кино', 'object_type': 'графигын'}","{'location': 'небольшой род', 'object_location_type': 'кинотеатр', 'object_type': 'фильм'}"
test_299,Rate Soul Music a 0 .,RateBook,RateBook,True,0.9545,False,False,False,"{'object_name': 'Soul Music-ка', 'rating_value': '0'}","{'object_name': 'Soul Music', 'object_type': 'альбом', 'rating_unit': 'йолдыз', 'rating_value': '0'}"
test_300,Book a reservation for five people for a tatar taverna in Sargents,BookRestaurant,BookRestaurant,True,0.9333,False,False,True,"{'location': 'Сарджентстада', 'cuisine': 'татар', 'restaurant_type': 'тавернасында', 'party_size_number': 'биш'}","{'cuisine': 'tatar', 'datetime': 'бу атнабызда', 'facility': 'таверна', 'location': 'Sargents', 'party_size_description': '5', 'party_size_number': '5', 'restaurant_name': 'none', 'restaurant_type': 'таверна', 'sort': 'югары бәяләнген'}"
test_301,Play All Things Must Pass .,PlayMusic,SearchCreativeWork,False,0.9697,False,False,True,{'track': 'All Things Must Pass'},"{'object_name': 'All Things Must Pass', 'object_type': 'альбом'}"
test_302,What is the rain forecast for one hour from now in South Korea,weather/find,weather/find,True,0.9782,False,False,True,"{'location': 'Кореяда', 'datetime': 'бер сәгатьтән соң', 'condition_description': 'яңгыр'}","{'location': 'South Korea', 'datetime': 'one hour from now', 'weather/attribute': 'rain'}"
test_303,Book a spot for 4 in Oklahoma at South Street Diner,BookRestaurant,BookRestaurant,True,0.9403,False,False,True,"{'location': 'Оклахомада', 'restaurant_name': 'South Street Diner-да', 'party_size_number': '4'}","{'cuisine': 'American', 'datetime': 'бу атнабызда', 'facility': 'South Street Diner', 'location': 'Oklahoma', 'party_size_number': '4', 'restaurant_name': 'South Street Diner', 'restaurant_type': 'ресторан', 'sort': 'югары бәяләнген'}"
test_304,Play music off Netflix .,PlayMusic,PlayMusic,True,0.9528,False,False,False,{'service': 'Netflix-тан'},"{'service': 'Netflix', 'music_item': 'Play music'}"
test_305,I want to see Shattered Image .,SearchScreeningEvent,SearchCreativeWork,False,0.9725,False,False,False,{'movie_name': 'Shattered Image-не'},"{'object_name': 'Shattered Image', 'object_type': 'film'}"
test_306,Search for The Sound of One Hand Clapping,SearchCreativeWork,SearchCreativeWork,True,0.9892,False,False,False,{'object_name': 'The Sound of One Hand Clapping-ны'},"{'object_name': 'The Sound of One Hand Clapping', 'object_type': 'film'}"
test_307,Look for the album Wolves Within,SearchCreativeWork,SearchCreativeWork,True,0.9861,False,False,False,"{'object_name': 'Wolves Within', 'object_type': 'альбомын'}","{'object_name': 'Wolves Within', 'object_type': 'альбом'}"
test_308,is We Are Northern Lights playing in any movie theatre,SearchScreeningEvent,SearchScreeningEvent,True,0.9659,False,False,True,"{'object_location_type': 'кинотеатрда', 'movie_name': 'We Are Northern Lights'}","{'movie_name': 'We Are Northern Lights', 'location': 'any', 'object_location_type': 'movie theatre', 'object_type': 'film'}"
test_309,Add our little corner of the world music from gilmore girls to my The Funny Thing About Football Is playlist.,AddToPlaylist,AddToPlaylist,True,0.958,False,False,False,"{'entity_name': 'Безнең кечкенә дөнья почмагы , Гилмор кыз музыкасы', 'reference': 'минем', 'playlist': 'Иң көлкесе әйберләр футболда'}","{'artist': 'gilmore girls', 'entity_name': 'music', 'music_item': 'Add our little corner of the world', 'playlist': 'The Funny Thing About Football Is'}"
test_310,what is the forecast for hotter weather at Southford Falls State Park,weather/find,weather/find,True,0.9299,False,False,True,"{'location': 'Саутфорд Фолс дәүләт паркында', 'condition_temperature': 'эссе'}","{'location': 'Southford Falls State Park', 'weather/attribute': 'condition_description', 'datetime': 'бу атнабызда'}"
test_311,Please book me a table at a pizzeria with a parking facility in Ghana .,BookRestaurant,BookRestaurant,True,0.8899,False,False,True,"{'location': 'Гана', 'facility': 'парковкасы', 'restaurant_type': 'пиццерия'}","{'cuisine': 'pizzeria', 'location': 'Ghana', 'facility': 'parking facility', 'restaurant_type': 'restaurant', 'restaurant_name': 'none', 'served_dish': 'pizza', 'sort': 'first available'}"
test_312,I want to hear a seventies sound track .,PlayMusic,PlayMusic,True,0.8112,False,False,False,"{'datetime': 'җитмешенче', 'music_item': 'саундтрегын'}","{'genre': 'семде үлкә', 'music_item': 'трек'}"
test_313,Weather in two hours in Uzbekistan,weather/find,weather/find,True,0.972,False,False,False,"{'datetime': 'Ике сәгатьтән соң', 'location': 'Үзбәкстанда'}","{'location': 'Uzbekistan', 'datetime': 'two hours'}"
test_314,Please find me the Journal of the British Astronomical Association movie .,SearchCreativeWork,SearchCreativeWork,True,0.989,False,False,False,"{'object_name': 'Journal of the British Astronomical Association', 'object_type': 'фильмын'}","{'object_name': 'Journal of the British Astronomical Association', 'object_type': 'movie'}"
test_315,"Book a reservation for 8 people in Wardville , Kansas",BookRestaurant,BookRestaurant,True,0.8776,False,False,False,"{'location': 'Уордвилл-да | Канзас-та', 'party_size_number': '8'}","{'cuisine': 'American', 'datetime': 'bu aitnap', 'facility': 'restaurant', 'location': 'Wardville, Kansas', 'party_size_description': '8 people', 'party_size_number': '8', 'restaurant_name': 'Wardville Diner', 'restaurant_type': 'American', 'sort': 'best rated'}"
test_316,What will the weather be faraway from here ?,weather/find,weather/find,True,0.9373,False,False,False,{'location': 'моннан | ерак'},{'location': 'faraway from here'}
test_317,Add Richard McNamara newest song to the Just Smile playlist,AddToPlaylist,AddToPlaylist,True,0.9684,False,False,False,"{'artist': 'Ричард Макнамараның', 'music_item': 'җырын', 'playlist': 'Just Smile'}","{'artist': 'Richard McNamara', 'entity_name': 'newest song', 'music_item': 'song', 'playlist': 'Just Smile'}"
test_318,how cold will it be here in 1 second,weather/find,weather/find,True,0.9711,False,False,True,"{'location': 'монда', 'datetime': '1 секундтан соң', 'condition_temperature': 'салкын'}","{'location': 'here', 'datetime': '1 second', 'weather/attribute': 'temperature'}"
test_319,Looking for a painting with the title With You,SearchCreativeWork,SearchCreativeWork,True,0.9794,False,False,False,"{'object_name': 'With You', 'object_type': 'рәсем'}","{'object_name': 'With You', 'object_type': 'painting'}"
test_320,Find the creative work Deadly Weapons,SearchCreativeWork,SearchCreativeWork,True,0.9739,False,False,False,{'object_name': 'Deadly Weapons'},"{'object_name': 'Deadly Weapons', 'object_type': 'creative work'}"
test_321,What will the weather be in nov. in Brookneal ?,weather/find,weather/find,True,0.9668,False,False,False,"{'datetime': 'Ноябрьдә', 'location': 'Брукнилда'}","{'location': 'Brookneal', 'datetime': 'nov'}"
test_322,Book a reservation at tavern for noodle,BookRestaurant,BookRestaurant,True,0.9001,False,False,True,"{'served_dish': 'Токмач', 'restaurant_type': 'тавернада'}","{'cuisine': 'noodle', 'datetime': 'бу атнабызда', 'facility': 'таверn', 'location': 'урын', 'party_size_description': 'no reservation', 'party_size_number': '1', 'restaurant_name': 'no name', 'restaurant_type': 'таверн', 'served_dish': 'noodle'}"
test_323,what is the forecast for Costa Rica,weather/find,weather/find,True,0.9425,False,False,False,{'location': 'Коста - Рикада'},"{'location': 'Costa Rica', 'datetime': 'бу атнабызда', 'weather/attribute': 'температура', 'weather/temperatureUnit': 'Цельсий градустан'}"
test_324,Is The Two Gladiators playing,SearchScreeningEvent,SearchScreeningEvent,True,0.9473,False,False,False,{'movie_name': 'The Two Gladiators'},"{'movie_name': 'The Two Gladiators', 'location': 'unknown', 'object_location_type': 'cinema', 'object_type': 'film'}"
test_325,what movies at Star Theatres .,SearchScreeningEvent,SearchScreeningEvent,True,0.9735,False,False,False,"{'location': 'Star Theatres-да', 'movie_type': 'фильмнар'}","{'location': 'Star Theatres', 'object_location_type': 'кинотеатр', 'object_type': 'фильм'}"
test_326,Can you please find me the Harry Hood saga ?,SearchCreativeWork,SearchCreativeWork,True,0.9644,False,False,False,"{'object_name': 'Harry Hood', 'object_type': 'сагасын'}","{'object_name': 'Harry Hood saga', 'object_type': 'book'}"
test_327,add this tune to my Sleepify playlist,AddToPlaylist,AddToPlaylist,True,0.9738,False,False,False,"{'music_item': 'көйне', 'reference': 'минем', 'playlist': 'Sleepify'}","{'music_item': 'this tune', 'playlist': 'Sleepify'}"
test_328,Is Any Which Way You Can playing in 15 seconds,SearchScreeningEvent,SearchScreeningEvent,True,0.975,False,False,False,"{'movie_name': 'Any Which Way You Can', 'datetime': '15 секундтан соң'}","{'movie_name': 'Is Any Which Way You Can', 'location': '15 seconds'}"
test_329,Play music from E-type .,PlayMusic,PlayMusic,True,0.8869,False,False,False,{'artist': 'E-type'},"{'music_item': 'E-type', 'service': 'Spotify', 'sort': 'playlist'}"
test_330,Give one start to the current book,RateBook,RateBook,True,0.9548,False,False,False,"{'object_select': 'Хәзерге', 'object_type': 'китапка', 'rating_value': 'бер'}","{'object_name': 'бу', 'object_type': 'китап', 'rating_unit': 'йолдыз', 'rating_value': '5'}"
test_331,Play Another Passenger from Louis Nelson Delisle .,PlayMusic,SearchCreativeWork,False,0.9726,False,False,True,"{'artist': 'Louis Nelson Delisle-ның', 'album': 'Another Passenger'}","{'object_name': 'Louis Nelson Delisle', 'object_type': 'musician'}"
test_332,Where can I find the movie schedules,SearchScreeningEvent,SearchScreeningEvent,True,0.9762,False,False,False,{'object_type': 'кино графигын'},"{'location': 'урын', 'movie_name': 'фильм исеме', 'object_location_type': 'күрсәтү урыны төре', 'object_type': 'объект төре'}"
test_333,what's the forecast for sep. 26 in Emerado Saint Pierre and Miquelon,weather/find,weather/find,True,0.9841,False,False,False,"{'location': 'Эмерадода | Сен - Пьер һәм Микелонда', 'datetime': '26 сентябрьгә'}","{'location': 'Emerado Saint Pierre and Miquelon', 'datetime': 'sep. 26'}"
test_334,Lets eat near Oakfield 17 seconds from now at Ted Peters Famous Smoked Fish,BookRestaurant,BookRestaurant,True,0.8002,False,False,True,"{'restaurant_name': 'Ted Peters Famous Smoked Fish-та', 'location': 'Окфилд | янында', 'datetime': '17 секундтансын'}","{'cuisine': 'Тед Пэтэрс Фамәс Смоук Фиш', 'datetime': '17 секунд', 'location': 'Oakfield'}"
test_335,get me the trailer of Good Morning Sunshine,SearchCreativeWork,SearchCreativeWork,True,0.9898,False,False,False,"{'object_name': 'Good Morning Sunshine', 'object_type': 'трейлерын'}","{'object_name': 'Good Morning Sunshine', 'object_type': 'film'}"
test_336,I want to book a brasserie for 3 people in Netherlands Antilles .,BookRestaurant,BookRestaurant,True,0.9381,False,False,False,"{'location': 'Нидерланд Антиль утрауларында', 'party_size_number': '3', 'restaurant_type': 'сыра ресторанны'}","{'cuisine': 'brasserie', 'location': 'Netherlands Antilles', 'party_size_number': '3', 'restaurant_type': 'тиз ашамлыклар'}"
test_337,rate this current album 0 stars,RateBook,RateBook,True,0.942,False,False,False,"{'object_select': 'бу хәзерге', 'object_type': 'альбомга', 'rating_value': '0', 'rating_unit': 'йолдыз'}","{'object_name': 'current album', 'object_type': 'music_item', 'rating_unit': 'stars', 'rating_value': 0}"
test_338,Like to book a seat in Monaco for the Yankee Doodle Coffee Shop,BookRestaurant,BookRestaurant,True,0.9081,False,False,True,"{'location': 'Монакода', 'restaurant_name': 'Yankee Doodle Coffee Ѕһор-та'}","{'location': 'Monaco', 'restaurant_name': 'Yankee Doodle Coffee Shop', 'cuisine': 'American', 'sort': 'seat'}"
test_339,Add the artist to the political punks playlist.,AddToPlaylist,AddToPlaylist,True,0.9358,False,False,False,"{'playlist': 'Political punks', 'music_item': 'башкаручыны'}","{'artist': 'политический панк', 'playlist': 'политические панки'}"
test_340,Will it be colder four months from now in Suwanee AK,weather/find,weather/find,True,0.9669,False,False,True,"{'datetime': 'Дүрт айдан соң', 'location': 'Саванида | AK-ында', 'condition_temperature': 'салкынрак'}","{'location': 'Suwanee AK', 'datetime': 'four months from now', 'weather/attribute': 'temperature'}"
test_341,add Muzika za decu to my Crash Course playlist,AddToPlaylist,AddToPlaylist,True,0.9277,False,False,False,"{'reference': 'минем', 'playlist': 'Crash Course', 'entity_name': 'Muzika za decu'}","{'artist': 'Muzika', 'entity_name': 'za', 'music_item': 'Crash Course', 'playlist': 'my'}"
test_342,Can you look up the Molecular Oncology saga ?,SearchCreativeWork,SearchCreativeWork,True,0.9726,False,False,False,"{'object_name': 'Molecular Oncology', 'object_type': 'сагасын'}","{'object_name': 'Molecular Oncology saga', 'object_type': 'book'}"
test_343,I want to book a restaurant for six people in Wagstaff AK .,BookRestaurant,BookRestaurant,True,0.8862,False,False,False,"{'party_size_number': 'алты', 'restaurant_type': 'ресторанны', 'location': 'Вагстаффта | AK-да'}","{'cuisine': 'American', 'datetime': 'bu aitnaq', 'facility': 'Wagstaff AK', 'location': 'Wagstaff AK', 'party_size_description': 'six people', 'party_size_number': '6', 'restaurant_name': 'Wagstaff AK', 'restaurant_type': 'restaurant', 'sort': 'best'}"
test_344,Play some symphony music from David Lindley .,PlayMusic,PlayMusic,True,0.9347,False,False,False,"{'artist': 'Дэвид Линдлиның', 'music_item': 'симфоник'}","{'artist': 'David Lindley', 'music_item': 'symphony', 'playlist': 'none'}"
test_345,"Please fine me the TV series , Now We Are Married .",SearchCreativeWork,SearchCreativeWork,True,0.9894,False,False,False,"{'object_name': 'Now We Are Married', 'object_type': 'телесериалын'}","{'object_name': 'Now We Are Married', 'object_type': 'TV series'}"
test_346,I want to see Outcast .,SearchScreeningEvent,SearchCreativeWork,False,0.9735,False,False,False,{'movie_name': 'Outcast-ны'},{'object_name': 'Outcast'}
test_347,add the current track to my This Is Tchaikovsky playlist,AddToPlaylist,AddToPlaylist,True,0.9607,False,False,False,"{'reference': 'минем', 'playlist': 'This Is Tchaikovsky', 'music_item': 'трекны'}","{'artist': 'This Is Tchaikovsky', 'entity_name': 'current track', 'music_item': 'track', 'playlist': 'This Is Tchaikovsky'}"
test_348,Play This Is: Miles Davis on Lastfm .,PlayMusic,PlayMusic,True,0.9611,False,False,False,"{'service': 'Lastfm-да', 'playlist': 'This Is: Miles Davis-ны'}","{'artist': 'Miles Davis', 'music_item': 'Lastfm'}"
test_349,book the best table in Tanzania for 5 people at a diner,BookRestaurant,BookRestaurant,True,0.909,False,False,False,"{'location': 'Танзаниядә', 'restaurant_type': 'кабымханәдә', 'party_size_number': '5', 'sort': 'иң яхшы'}","{'cuisine': 'diner', 'datetime': 'бу атнабызда', 'facility': 'best table', 'location': 'Tanzania', 'party_size_number': '5', 'restaurant_name': 'none', 'restaurant_type': 'diner', 'sort': 'best'}"
test_350,Let's hear good Mohammad Mamle on Vimeo .,PlayMusic,SearchCreativeWork,False,0.9696,False,False,False,"{'service': 'Vimeo-да', 'sort': 'элекке', 'artist': 'Mohammad Mamle'}","{'object_name': ""Let's hear good Mohammad Mamle"", 'object_type': 'video'}"
test_351,Put Vandemataram Srinivas 's track onto HipHop Hot 50 .,AddToPlaylist,AddToPlaylist,True,0.9575,False,False,False,"{'artist': 'Vandemataram Srinivas', 'music_item': 'трегын', 'playlist': 'HipHop Hot 50-гә'}","{'artist': 'Vandemataram Srinivas', 'entity_name': 'track', 'music_item': 'HipHop Hot 50', 'playlist': 'плейлист исеме'}"
test_352,Get me the Secret South song .,SearchCreativeWork,SearchCreativeWork,True,0.9617,False,False,False,"{'object_name': 'Secret South', 'object_type': 'җырын'}","{'object_name': 'Secret South', 'object_type': 'music'}"
test_353,nineties songs on Zvooq,PlayMusic,PlayMusic,True,0.9629,False,False,False,"{'service': 'Zvooq-та', 'datetime': 'туксанынчы'}","{'music_item': 'nineties songs', 'service': 'Zvooq'}"
test_354,what is the forecast in Admire in TX starting at seventeen,weather/find,weather/find,True,0.9689,False,False,False,"{'datetime': 'кичке биштән', 'location': 'Техаста | Admire-да'}","{'location': 'Admire', 'datetime': 'starting at seventeen'}"
test_355,Play something on Last Fm,PlayMusic,PlayMusic,True,0.9603,False,False,False,{'service': 'Last FM-да'},"{'music_item': 'something', 'service': 'Last Fm'}"
test_356,I want to see The Portrait of a Lady at the nearest cinema .,SearchScreeningEvent,SearchScreeningEvent,True,0.9238,False,False,True,"{'location': 'якындагы', 'object_location_type': 'кинотеатрда', 'movie_name': 'The Portrait of a Lady'}","{'movie_name': 'The Portrait of a Lady', 'location': 'неарстә'}"
test_357,Please find me Phineas Redux .,SearchCreativeWork,SearchCreativeWork,True,0.9785,False,False,False,{'object_name': 'Phineas Redux'},"{'object_name': 'Phineas Redux', 'object_type': 'фильм'}"
test_358,Add the 40 cal tune to the laundry playlist.,AddToPlaylist,AddToPlaylist,True,0.9818,False,False,False,"{'playlist': 'Laundry', 'artist': '40 cal', 'music_item': 'көйен'}","{'music_item': '40 cal tune', 'playlist': 'laundry'}"
test_359,Open itunes and play Ben Burnley Ready To Die,PlayMusic,PlayMusic,True,0.9598,False,False,True,"{'service': 'Itunes-ны', 'artist': 'Ben Burnley', 'album': 'Ready To Die-ны'}","{'artist': 'Ben Burnley', 'music_item': 'Ready To Die', 'service': 'itunes'}"
test_360,What will the weather be in Monument of Lihula on december the 5th ?,weather/find,weather/find,True,0.9927,False,False,False,"{'datetime': '5-енче декабрьдә', 'location': 'Лихул һәйкәле'}","{'location': 'Monument of Lihula', 'datetime': 'december the 5th'}"
test_361,Show the Sexy Dance 2 times at the closest movie house,SearchScreeningEvent,SearchScreeningEvent,True,0.9392,False,False,True,"{'location': 'Якындагы', 'object_location_type': 'кинотеатрда', 'movie_name': 'Sexy Dance 2', 'object_type': 'расписаниесен'}","{'movie_name': 'Show the Sexy Dance', 'object_location_type': 'closest', 'object_type': 'movie house', 'recurring_datetime': '2 times'}"
test_362,Looking for a song with the title of Live at the Kings Center,SearchCreativeWork,SearchCreativeWork,True,0.9726,False,False,False,"{'object_name': 'Live at the Kings Center', 'object_type': 'җырны'}","{'object_name': 'Live at the Kings Center', 'object_type': 'music'}"
test_363,"What's the weather like in Tyonek , New Jersey",weather/find,weather/find,True,0.9724,False,False,False,{'location': 'Тайонкта | Нью - Джерсида'},"{'location': 'Tyonek , New Jersey'}"
test_364,I want to book Tupelo Honey Cafe in New Jersey for five people.,BookRestaurant,BookRestaurant,True,0.9092,False,False,True,"{'party_size_number': 'биш', 'restaurant_name': 'Tupelo Honey Cafe-да', 'location': 'Нью - Джерсида'}","{'cuisine': 'American', 'datetime': 'bu aitnaq', 'facility': 'indoor', 'location': 'New Jersey', 'party_size_description': '5 people', 'party_size_number': '5', 'restaurant_name': 'Tupelo Honey Cafe', 'restaurant_type': 'cafe', 'sort': 'indoor'}"
test_365,book spot for my nieces and I at a tea house,BookRestaurant,none,False,0.8409,True,False,True,"{'restaurant_type': 'чәй йорта', 'party_size_description': 'миӊа һәм минем cеңелләремә'}",{}
test_366,Will it be hot in the Netherlands on February 16th ?,weather/find,weather/find,True,0.9702,False,False,True,"{'datetime': '16 февральдә', 'location': 'Нидерландта', 'condition_temperature': 'эссе'}","{'location': 'Netherlands', 'datetime': 'February 16th', 'weather/attribute': 'temperature'}"
test_367,I'd like to add jordan rudess onto the Divertido para niños playlist.,AddToPlaylist,AddToPlaylist,True,0.9636,False,False,False,"{'artist': 'jordan rudess-ны', 'playlist': 'Divertido para niños'}","{'artist': 'jordan rudess', 'entity_name': 'Divertido para niños', 'music_item': 'music', 'playlist': 'playlist'}"
test_368,Rate In the Company of Cheerful Ladies a zero out of 6,RateBook,RateBook,True,0.9572,False,False,False,"{'object_name': 'In the Company of Cheerful Ladies-ка', 'best_rating': '6-дан', 'rating_value': 'нуль'}","{'object_name': 'Rate In the Company of Cheerful Ladies', 'object_type': 'book', 'rating_unit': 'out of', 'rating_value': '6', 'best_rating': '0'}"
test_369,Book me a reservation for the best bistro,BookRestaurant,BookRestaurant,True,0.9255,False,False,False,"{'sort': 'иң яхшы', 'restaurant_type': 'бистрода'}","{'restaurant_type': 'bistro', 'cuisine': 'best'}"
test_370,rate the current textbook 1 out of 6,RateBook,RateBook,True,0.9602,False,False,False,"{'object_select': 'Хәзерге', 'object_type': 'дәреслеккә', 'best_rating': '6-дан', 'rating_value': '1'}","{'object_name': 'current textbook', 'object_type': 'book', 'rating_unit': 'out of 6', 'rating_value': '1'}"
test_371,what are the movie times,SearchScreeningEvent,SearchScreeningEvent,True,0.9489,False,False,False,{'object_type': 'кино вакытлары'},"{'location': 'урын', 'movie_name': 'фильм исеме', 'object_location_type': 'кинотеатрда', 'object_type': 'расписаниесен'}"
test_372,What will the weather be in Ohio ?,weather/find,weather/find,True,0.985,False,False,False,{'location': 'Огайода'},{'location': 'Ohio'}
test_373,Add this artist to Showstopper Being Mary Jane,AddToPlaylist,AddToPlaylist,True,0.9244,False,False,False,"{'music_item': 'артистны', 'playlist': 'Showstopper Being Mary Jane'}","{'artist': 'this artist', 'entity_name': 'Showstopper', 'music_item': 'Being Mary Jane', 'playlist': 'playlist'}"
test_374,Book a reservation for my babies and I,BookRestaurant,BookRestaurant,True,0.8891,False,False,True,{'party_size_description': 'Балаларыма һәм миңа'},"{'restaurant_name': 'my babies', 'object_type': 'ресторан', 'party_size_description': 'I', 'party_size_number': 1}"
test_375,"What will the weather be in Sarygamyş Sanctuary on august 21, 2035 ?",weather/find,weather/find,True,0.9901,False,False,False,"{'datetime': '2035 елның 21 августында', 'location': 'Сарыкамыш тыюлыгыда'}","{'location': 'Sarygamyş Sanctuary', 'datetime': 'august 21, 2035'}"
test_376,Rate Ruth five out of 6 points .,RateBook,RateBook,True,0.9517,False,False,False,"{'object_name': 'Руфь китапка', 'best_rating': '6-дан', 'rating_value': 'биш', 'rating_unit': 'балл'}","{'object_name': 'Ruth', 'object_type': 'китап', 'rating_unit': 'балл', 'rating_value': '5', 'best_rating': '6'}"
test_377,Reminiscences of the Anti-Japanese Guerillas chronicle deserves zero points out of 6 for a rating.,RateBook,RateBook,True,0.9695,False,False,True,"{'object_name': 'Reminiscences of the Anti-Japanese Guerillas', 'object_part_of_series_type': 'хроникасы', 'best_rating': '6-дан', 'rating_value': 'ноль', 'rating_unit': 'балл'}","{'object_name': 'Reminiscences of the Anti-Japanese Guerillas chronicle', 'object_type': 'book', 'rating_unit': 'points', 'rating_value': '0', 'best_rating': '6'}"
test_378,Show me Southern Theatres movie times,SearchScreeningEvent,SearchScreeningEvent,True,0.949,False,False,False,"{'location': 'Көньяк Театрларындагы', 'object_type': 'кино графикларын'}","{'location': 'Southern Theatres', 'object_location_type': 'кинотеатр', 'object_type': 'расписаниесен'}"
test_379,Find the movie schedule close by,SearchScreeningEvent,SearchScreeningEvent,True,0.963,False,False,False,"{'location': 'Якындагы кинотеатрда', 'object_type': 'кино графикларын'}","{'location': 'урын', 'movie_name': 'фильм исеме', 'object_location_type': 'күрсәтү урыны төре', 'object_type': 'объект төре'}"
test_380,Add this album to the Spanish Beat playlist,AddToPlaylist,AddToPlaylist,True,0.9488,False,False,False,"{'music_item': 'альбом', 'playlist': 'Испан ритмнар'}","{'artist': 'Spanish Beat', 'music_item': 'album', 'playlist': 'Spanish Beat'}"
test_381,Book a reservation for 6 people for a creole tavern in Montenegro,BookRestaurant,BookRestaurant,True,0.9282,False,False,True,"{'party_size_number': '6', 'cuisine': 'креол', 'restaurant_type': 'тавернасында', 'location': 'Черногориядә'}","{'cuisine': 'creole', 'datetime': 'дата/вакыт', 'location': 'Montenegro', 'party_size_number': '6', 'restaurant_name': 'таверn', 'restaurant_type': 'creole'}"
test_382,Give the Catedral series four stars .,RateBook,RateBook,True,0.939,False,False,True,"{'object_name': 'Cathedral', 'object_part_of_series_type': 'сериясенә', 'rating_value': 'дүрт', 'rating_unit': 'йолдыз'}","{'object_name': 'Гive the Catedral series', 'object_type': 'book', 'object_part_of_series_type': 'series', 'object_select': 'four', 'rating_unit': 'stars'}"
test_383,Add The Famous Flower of Serving-Men to my evening acoustic playlist.,AddToPlaylist,AddToPlaylist,True,0.9462,False,False,False,"{'entity_name': 'The Famous Flower of Serving-Men', 'reference': 'минем', 'playlist': 'кичке акустика'}","{'artist': 'The Famous Flower of Serving-Men', 'entity_name': 'acoustic playlist', 'music_item': 'track', 'playlist': 'evening'}"
test_384,Show me the schedule for ArcLight Hollywood for only animated movies,SearchScreeningEvent,SearchScreeningEvent,True,0.9298,False,False,False,"{'location': 'ArcLight Hollywood кинотеатырында', 'movie_type': 'анимацион фильмнарга', 'object_type': 'расписаниесене'}","{'location': 'ArcLight Hollywood', 'object_location_type': 'кинотеатр', 'movie_type': 'анимация', 'object_type': 'фильм'}"
test_385,Please search for the painting titled This Is the Night .,SearchCreativeWork,SearchCreativeWork,True,0.9886,False,False,False,"{'object_name': 'Йолдызлы төн', 'object_type': 'рәсемне'}","{'object_name': 'This Is the Night', 'object_type': 'painting'}"
test_386,What will the humidity be in the current spot at 15:19:29 ?,weather/find,weather/find,True,0.9822,False,False,True,"{'location': 'Бу урында', 'datetime': '15:19:29', 'condition_description': 'дымлылык'}","{'location': 'current spot', 'datetime': '15:19:29', 'weather/attribute': 'humidity'}"
test_387,i want to see JLA Adventures: Trapped In Time,SearchScreeningEvent,SearchCreativeWork,False,0.9735,False,False,False,{'movie_name': 'JLA Adventures: Trapped In Time-ны'},"{'object_name': 'JLA Adventures: Trapped In Time', 'object_type': 'film'}"
test_388,Add a derek watkins tune to This Is Johnny Cash,AddToPlaylist,AddToPlaylist,True,0.9599,False,False,False,"{'playlist': 'This Is Johnny Cash-ка', 'artist': 'дерек уоткинсныӊ', 'music_item': 'көйен'}","{'artist': 'Derek Watkins', 'entity_name': 'This Is Johnny Cash', 'music_item': 'tune', 'playlist': 'This Is Johnny Cash'}"
test_389,Find a creative work called Fire in the Hole,SearchCreativeWork,SearchCreativeWork,True,0.9769,False,False,False,{'object_name': 'Fire in the Hole'},"{'object_name': 'Fire in the Hole', 'object_type': 'creative work'}"
test_390,book a table near pat's college,BookRestaurant,BookRestaurant,True,0.8992,False,False,False,{'location': 'пэтныӊ колледж | янында'},"{'cuisine': 'American', 'datetime': 'tonight', 'facility': ""pat's college"", 'location': 'Cambridge', 'party_size_description': 'a table for 4', 'party_size_number': '4', 'restaurant_name': ""Pat's College"", 'restaurant_type': 'restaurant', 'sort': 'near'}"
test_391,Is Patrick Still Lives showing at AMC Theaters,SearchScreeningEvent,SearchScreeningEvent,True,0.9691,False,False,False,"{'movie_name': 'Patrick Still Lives', 'location': 'AMC кинотеатрларында'}","{'movie_name': 'Patrick Still Lives', 'location': 'AMC Theaters'}"
test_392,I want to book a joint in a spa .,BookRestaurant,BookRestaurant,True,0.886,False,False,True,"{'facility': 'спа', 'restaurant_type': 'массажын'}","{'cuisine': 'spa', 'datetime': 'бу атнабызда', 'location': 'урын', 'restaurant_type': 'joint', 'sort': 'югары бәяләнген'}"
test_393,need a table somewhere in Quarryville 14 hours from now,BookRestaurant,SearchCreativeWork,False,0.9227,False,False,False,"{'datetime': '14 сәгатьтән соң', 'location': 'Кварривиллда'}","{'object_name': 'table', 'object_type': 'creative_work', 'location': 'Quarryville', 'datetime': '14 hours from now'}"
test_394,play some Gary Lee Conner,PlayMusic,PlayMusic,True,0.9595,False,False,False,{'artist': 'Гари Ли Коннерны'},"{'music_item': 'play some Gary Lee Conner', 'artist': 'Gary Lee Conner'}"
test_395,show the closest movie theatre that shows Boycott,SearchScreeningEvent,SearchScreeningEvent,True,0.9486,False,False,True,"{'location': 'иң якын', 'object_location_type': 'кинотеатрны', 'movie_name': 'Boycott-ны'}","{'location': 'closest', 'movie_name': 'Boycott', 'object_location_type': 'кинотеатр', 'object_type': 'фильм'}"
test_396,Please play my ecstatic playlist.,PlayMusic,PlayMusic,True,0.913,False,False,False,{'playlist': 'ecstatic'},{'playlist': 'экстатик'}
test_397,Please look up the song The Mad Magician .,SearchCreativeWork,SearchCreativeWork,True,0.9822,False,False,False,"{'object_name': 'The Mad Magician', 'object_type': 'җырын'}","{'object_name': 'The Mad Magician', 'object_type': 'song'}"
test_398,Check the schedule for Bow Tie Cinemas .,SearchScreeningEvent,SearchScreeningEvent,True,0.926,False,False,False,"{'location': 'Bow Tie Cinemas-ның', 'object_type': 'расписаниесен'}","{'location': 'Bow Tie Cinemas', 'object_location_type': 'кинотеатр', 'datetime': 'бу атнабызда'}"
test_399,Book me a reservation for a party of 3 at a pub in Northern Mariana Islands,BookRestaurant,BookRestaurant,True,0.9164,False,False,False,"{'location': 'Төньяк Мариан утрауларындагы', 'restaurant_type': 'пабта', 'party_size_number': '3'}","{'cuisine': 'pub', 'datetime': 'Northern Mariana Islands', 'location': 'Northern Mariana Islands', 'party_size_number': 3, 'restaurant_name': 'not specified', 'restaurant_type': 'pub', 'sort': 'not specified'}"
test_400,I need to add to my Infinite Indie Folk list the works of Rahim Shah,AddToPlaylist,AddToPlaylist,True,0.9691,False,False,False,"{'playlist': 'Infinite Indie Folk', 'artist': 'Rahim Shah-ның'}","{'artist': 'Rahim Shah', 'music_item': 'works', 'playlist': 'Infinite Indie Folk'}"
test_401,"Add Jerry Calliste, Jr to my Te quiero playlist.",AddToPlaylist,AddToPlaylist,True,0.961,False,False,False,"{'reference': 'Минем', 'playlist': 'Te quiero', 'artist': 'Кече Джерри Каллистны'}","{'artist': 'Jerry Calliste, Jr', 'entity_name': 'Te quiero', 'music_item': 'music', 'playlist': 'playlist'}"
test_402,How much colder will it be not far from Utah around 3 Am ?,weather/find,weather/find,True,0.9494,False,False,True,"{'location': 'Юта | янында', 'datetime': 'төнге 3 сәгать', 'condition_temperature': 'салкынрак'}","{'location': 'not far from Utah', 'datetime': '3 Am', 'weather/attribute': 'температура'}"
test_403,Add the album to the Hipster Soul playlist.,AddToPlaylist,AddToPlaylist,True,0.9543,False,False,False,"{'music_item': 'Альбомны', 'playlist': 'Hipster Soul'}","{'playlist': 'Hipster Soul', 'music_item': 'альбом'}"
test_404,I want to eat a delicatessen in thirteen hours that serves eastern european food,BookRestaurant,BookRestaurant,True,0.9513,False,False,True,"{'datetime': 'унөч сәгатьтән соң', 'restaurant_type': 'деликатес ресторанында', 'cuisine': 'көнчыгыш европа'}","{'cuisine': 'eastern european', 'datetime': 'thirteen hours', 'restaurant_type': 'delicatessen'}"
test_405,play a sixties soundtrack,PlayMusic,PlayMusic,True,0.9467,False,False,False,"{'datetime': 'алтмышынчы еллар', 'music_item': 'саундтрегын'}","{'genre': 'sixties', 'music_item': 'soundtrack'}"
test_406,Give this album one stars,RateBook,RateBook,True,0.9426,False,False,False,"{'object_select': 'Бу', 'object_type': 'альбомга', 'rating_value': 'бер', 'rating_unit': 'йолдыз'}","{'object_name': 'this album', 'object_type': 'music', 'rating_unit': 'stars', 'rating_value': '1'}"
test_407,Play the greatest music from Bryan Maclean .,PlayMusic,PlayMusic,True,0.9547,False,False,False,"{'artist': 'Bryan Macleanның', 'sort': 'иң олуг'}","{'artist': 'Bryan Maclean', 'music_item': 'the greatest'}"
test_408,what is the forecast in Nicodemus and nearby,weather/find,weather/find,True,0.9377,False,False,False,{'location': 'Nicodemus-та | аның тирәсендәге'},"{'location': 'Nicodemus', 'datetime': 'бу атнабызда', 'weather/attribute': 'температура', 'weather/temperatureUnit': 'Цельсий градустан'}"
test_409,Looking for a game called Phinally Phamous,SearchCreativeWork,SearchCreativeWork,True,0.99,False,False,False,"{'object_name': 'Phinally Phamous', 'object_type': 'уен'}","{'object_name': 'Phinally Phamous', 'object_type': 'game'}"
test_410,Give a rating of 2 to Juneteenth .,RateBook,RateBook,True,0.9655,False,False,False,"{'object_name': 'Juneteenth-га', 'rating_value': '2'}","{'object_name': 'Juneteenth', 'object_type': 'book', 'rating_unit': 'йолдыз', 'rating_value': '2'}"
test_411,Give zero stars to Rhialto the Marvellous,RateBook,RateBook,True,0.9663,False,False,False,"{'object_name': 'Rhialto the Marvellous-га', 'rating_value': 'нуль', 'rating_unit': 'йолдыз'}","{'object_name': 'Rhialto the Marvellous', 'object_type': 'book', 'rating_unit': 'stars', 'rating_value': 0}"
test_412,I want to hear soundtrack music on Youtube from Helena Iren Michaelsen,PlayMusic,PlayMusic,True,0.9408,False,False,False,"{'artist': 'Мин Хелена Ирен', 'service': 'Youtube-та', 'music_item': 'саундтрегын'}","{'artist': 'Helena Iren Michaelsen', 'music_item': 'soundtrack', 'service': 'Youtube', 'track': None}"
test_413,book a table on 1/20/2023 for 5 people in MH,BookRestaurant,BookRestaurant,True,0.9467,False,False,False,"{'party_size_number': '5', 'datetime': '20/01/2023', 'location': 'MH-да'}","{'datetime': '1/20/2023', 'party_size_number': '5', 'location': 'MH', 'restaurant_name': 'not specified', 'restaurant_type': 'not specified', 'cuisine': 'not specified', 'served_dish': 'not specified', 'sort': 'not specified'}"
test_414,movie schedules close by for animated movies,SearchScreeningEvent,SearchScreeningEvent,True,0.9632,False,False,False,"{'location': 'якындагы', 'movie_type': 'анимация фильмнары', 'object_type': 'сессияләре расписаниесе'}","{'location': 'close by', 'movie_type': 'animated', 'object_location_type': 'кинотеатрда', 'object_type': 'расписаниесен'}"
test_415,Add jack white to my playlist This Is Shakira,AddToPlaylist,AddToPlaylist,True,0.9388,False,False,False,"{'reference': 'Минем', 'playlist': 'This Is Shakira', 'artist': 'jack white-ны'}","{'artist': 'jack white', 'entity_name': 'This Is Shakira', 'music_item': 'music', 'playlist': 'my playlist', 'reference': 'This'}"
test_416,I want to book a restaurant for five people in Sri Lanka .,BookRestaurant,BookRestaurant,True,0.9103,False,False,False,"{'location': 'Шри-Ланкада', 'party_size_number': 'биш', 'restaurant_type': 'ресторан'}","{'cuisine': 'Sri Lankan', 'datetime': 'бу атнабызда', 'location': 'Sri Lanka', 'party_size_number': '5', 'restaurant_type': 'тиз ашамлыклар'}"
test_417,"Please search for the television show , Episodi di The Blacklist .",SearchCreativeWork,SearchCreativeWork,True,0.934,False,False,False,"{'object_name': 'Episodi di The Blacklist', 'object_type': 'телевизион тапшыруын'}","{'object_name': 'Episodi di The Blacklist', 'object_type': 'телевизён әсәр'}"
test_418,what is the forecast for colder temps beginning on Law Day here,weather/find,weather/find,True,0.9541,False,False,True,"{'location': 'монда', 'datetime': 'Law Day-нән', 'condition_temperature': 'салкын'}","{'location': 'here', 'datetime': 'Law Day', 'weather/attribute': 'colder temps'}"
test_419,I want to book a restaurant for ten people.,BookRestaurant,none,False,0.9222,True,False,False,"{'party_size_number': 'ун', 'restaurant_type': 'ресторанда'}",{}
test_420,Play something by Duke Ellington from the seventies,PlayMusic,PlayMusic,True,0.9399,False,False,False,"{'datetime': 'Җитмешенче', 'artist': 'Дюк Эллингтоннан'}","{'artist': 'Duke Ellington', 'object_type': 'music_item', 'datetime': 'from the seventies'}"
test_421,Rate Cotton Comes to Harlem a 2,RateBook,RateBook,True,0.9702,False,False,False,"{'object_name': 'Cotton Comes to Harlem-ны', 'rating_value': '2-гә'}","{'object_name': 'Cotton Comes to Harlem', 'object_type': 'book', 'rating_unit': 'star', 'rating_value': 2}"
test_422,Add a song to my playlist madden nfl 16,AddToPlaylist,AddToPlaylist,True,0.9665,False,False,False,"{'reference': 'минем', 'playlist': 'madden nfl 16', 'music_item': 'плейлистымна'}","{'artist': 'madden nfl 16', 'music_item': 'song', 'playlist': 'my playlist'}"
test_423,Add Toyan to my Epic Gaming playlist.,AddToPlaylist,AddToPlaylist,True,0.9374,False,False,False,"{'artist': 'Toyan-ны', 'reference': 'минем', 'playlist': 'Epic Gaming'}","{'artist': 'Toyan', 'entity_name': 'Epic Gaming playlist', 'music_item': 'music track', 'playlist': 'Epic Gaming'}"
test_424,play some new Les Vandyke on Slacker,PlayMusic,PlayMusic,True,0.9665,False,False,False,"{'service': 'Slacker-да', 'sort': 'яңа', 'artist': 'Les Vandyke'}","{'music_item': 'Les Vandyke', 'service': 'Slacker'}"
test_425,rate the Three Junes one out of 6,RateBook,RateBook,True,0.9335,False,False,False,"{'object_name': 'Three Junes-га', 'best_rating': '6-дан', 'rating_value': 'берге'}","{'object_name': 'Three Junes', 'object_type': 'book', 'rating_unit': 'out of', 'rating_value': 6, 'rating_unit_number': 6}"
test_426,Book a reservation for nine people at a bakery in Nunez,BookRestaurant,BookRestaurant,True,0.9129,False,False,False,"{'location': 'Nunez', 'restaurant_type': 'пекарнясында', 'party_size_number': 'тугыз'}","{'cuisine': 'bakery', 'datetime': 'Nunez', 'party_size_number': 9, 'location': 'Nunez', 'restaurant_name': 'not specified', 'restaurant_type': 'bakery', 'party_size_description': 'nine people', 'sort': 'not specified'}"
test_427,Rate this current novel two out of 6 .,RateBook,RateBook,True,0.9215,False,False,False,"{'object_select': 'Бу агымдагы', 'object_type': 'романны', 'best_rating': '6-дан', 'rating_value': 'икеге'}","{'object_name': 'current novel', 'object_type': 'novel', 'rating_unit': 'out of', 'rating_value': 2, 'rating_max': 6}"
test_428,Play The Happy Blues by Ronnie Wood .,PlayMusic,PlayMusic,True,0.975,False,False,True,"{'artist': 'Ронни Вудның', 'album': 'The Happy Blues-ны'}","{'music_item': 'The Happy Blues', 'artist': 'Ronnie Wood'}"
test_429,Play a symphony from 2013 .,PlayMusic,SearchCreativeWork,False,0.9653,False,False,False,"{'datetime': '2013 елгы', 'music_item': 'симфонияне'}","{'object_name': 'symphony', 'object_type': 'music', 'object_part_of_series_type': 'year', 'object_select': '2013'}"
test_430,Play Subconscious Lobotomy from Jennifer Paull .,PlayMusic,SearchCreativeWork,False,0.979,False,False,True,"{'artist': 'Jennifer Paull-ның', 'album': 'Subconscious Lobotomy-ны'}","{'object_name': 'Play Subconscious Lobotomy', 'object_type': 'album'}"
test_431,Give The Crystal Snare 5 stars,RateBook,RateBook,True,0.9679,False,False,False,"{'object_name': 'The Crystal Snare-га', 'rating_value': '5', 'rating_unit': 'йолдыз'}","{'object_name': 'Give The Crystal Snare', 'object_type': 'book', 'rating_value': 5, 'rating_unit': 'stars'}"
test_432,Give zero stars to this textbook,RateBook,RateBook,True,0.9145,False,False,False,"{'object_select': 'Бу', 'object_type': 'дәреслеккә', 'rating_value': 'нуль', 'rating_unit': 'йолдыз'}","{'object_name': 'тексттан алынган кыйммәт', 'object_type': 'китап', 'rating_unit': 'звезды', 'rating_value': '0'}"
test_433,Rate the current series 4 points,RateBook,RateBook,True,0.943,False,False,True,"{'object_select': 'Агымдагы', 'object_part_of_series_type': 'серияне', 'rating_value': '4', 'rating_unit': 'баллга'}","{'object_name': 'current series', 'object_type': 'series', 'rating_unit': 'points', 'rating_value': '4'}"
test_434,I want a table at James D. Conrey House in Urbank California,BookRestaurant,BookRestaurant,True,0.929,False,False,True,"{'location': 'Urbank | California-да', 'restaurant_name': 'James D. Conrey House-да'}","{'cuisine': 'American', 'datetime': 'bu atnaбызда', 'facility': 'James D. Conrey House', 'location': 'Urbank California', 'party_size_description': 'a table', 'party_size_number': '1', 'restaurant_name': 'James D. Conrey House', 'restaurant_type': 'restaurant', 'sort': 'indoor'}"
test_435,Is Babar: King of the Elephants playing,SearchScreeningEvent,SearchCreativeWork,False,0.9535,False,False,False,{'movie_name': 'Babar: King of the Elephants'},"{'object_name': 'Babar', 'object_type': 'film'}"
test_436,Add a song to this is racionais mc's,AddToPlaylist,AddToPlaylist,True,0.9483,False,False,False,"{'playlist': ""this is racionais mc's-га"", 'music_item': 'җырны'}","{'artist': ""racionais mc's"", 'music_item': 'song', 'playlist': 'playlist_name'}"
test_437,rate the current essay zero out of 6 stars,RateBook,RateBook,True,0.947,False,False,False,"{'object_select': 'Хәзерге', 'object_type': 'эссега', 'best_rating': '6-дан', 'rating_value': 'нуль', 'rating_unit': 'йолдыз'}","{'object_name': 'current essay', 'object_type': 'creative work', 'rating_unit': 'stars', 'rating_value': 0}"
test_438,Let's hear stuff from Andrew Hewitt .,PlayMusic,Feedback,False,0.8676,False,False,False,{'artist': 'Эндрю Хьюиттан'},"{'feedback': ""Let's hear stuff from Andrew Hewitt""}"
test_439,Find animated movies close by,SearchScreeningEvent,SearchCreativeWork,False,0.7872,False,False,False,"{'location': 'Якында', 'movie_type': 'анимация фильмнарын'}","{'object_type': 'анимати', 'location': 'көрсең'}"
test_440,give the current chronicle five of 6 points,RateBook,SearchCreativeWork,False,0.9338,False,False,True,"{'object_select': 'хәзерге', 'object_part_of_series_type': 'хроникага', 'best_rating': '6-дан', 'rating_value': 'биш', 'rating_unit': 'балл'}","{'object_name': 'current chronicle', 'object_type': 'иҗади әсәр'}"
test_441,I need a table for 4 in Saint Helena at Settha Palace Hotel,BookRestaurant,BookRestaurant,True,0.9241,False,False,True,"{'restaurant_name': 'Settha Palace Hotel-да', 'location': 'Saint Helena-да', 'party_size_number': '4 кешелек'}","{'cuisine': 'European', 'datetime': 'Settha Palace Hotel', 'facility': 'Saint Helena', 'location': 'Settha Palace Hotel', 'party_size_description': '4', 'party_size_number': '4', 'restaurant_name': 'Settha Palace Hotel', 'restaurant_type': 'hotel', 'sort': 'dinner'}"
test_442,What is the weather going to be like in Virginia on st. patrick's day ?,weather/find,weather/find,True,0.9901,False,False,False,"{'datetime': 'Изге Патрик көнендә', 'location': 'Вирджинияда'}","{'location': 'Virginia', 'datetime': ""st. patrick's day""}"
test_443,I need a list of Speakeasy Theaters movie times,SearchScreeningEvent,SearchScreeningEvent,True,0.9508,False,False,False,"{'location': 'Speakeasy Theaters', 'object_type': 'киноның вакыт'}","{'location': 'Speakeasy Theaters', 'object_type': 'movie times'}"
test_444,Look for the television show Meet the Prince,SearchCreativeWork,SearchCreativeWork,True,0.9304,False,False,False,"{'object_name': 'Meet the Prince', 'object_type': 'телевизион тапшыруын'}","{'object_name': 'Meet the Prince', 'object_type': 'телевизён әсәр'}"
test_445,Please get me the Compulsive Disclosure song .,SearchCreativeWork,SearchCreativeWork,True,0.966,False,False,False,"{'object_name': 'Compulsive Disclosure', 'object_type': 'җырын'}","{'object_name': 'Compulsive Disclosure', 'object_type': 'music'}"
test_446,Play Trance Life on Zvooq .,PlayMusic,PlayMusic,True,0.979,False,False,False,"{'service': 'Zvooq-та', 'playlist': 'Trance Life-ны'}","{'music_item': 'Trance Life', 'service': 'Zvooq'}"
test_447,"Please find me the work, Serious Awesomeness !.",SearchCreativeWork,SearchCreativeWork,True,0.9727,False,False,False,{'object_name': 'Serious Awesomeness'},"{'object_name': 'Serious Awesomeness', 'object_type': 'work'}"
test_448,i want to see I Dream of Jeanie in a movie theatre,SearchScreeningEvent,SearchScreeningEvent,True,0.9758,False,False,True,"{'object_location_type': 'кинотеатрда', 'movie_name': 'I Dream of Jeanie-ны'}","{'movie_name': 'I Dream of Jeanie', 'object_location_type': 'кинотеатр', 'object_type': 'фильм'}"
test_449,Play Paul Mccartney,PlayMusic,PlayMusic,True,0.9106,False,False,False,{'artist': 'Пол Маккартни'},"{'artist': 'Paul Mccartney', 'music_item': 'music_item'}"
test_450,Rate the current novel 3 stars,RateBook,RateBook,True,0.9575,False,False,False,"{'object_select': 'Хәзерге', 'object_type': 'романны', 'rating_value': '3', 'rating_unit': 'йолдызга'}","{'object_name': 'current novel', 'object_type': 'book', 'rating_unit': 'stars', 'rating_value': '3'}"
test_451,"Can you search the book , Paris - When It Sizzles ?",SearchCreativeWork,SearchCreativeWork,True,0.9831,False,False,False,"{'object_name': 'Paris - When It Sizzles', 'object_type': 'китабын'}","{'object_name': 'Paris - When It Sizzles', 'object_type': 'book'}"
test_452,play some seventies Filipp Kirkorow,PlayMusic,PlayMusic,True,0.8768,False,False,False,"{'artist': 'Филипп Киркоровның', 'datetime': 'җитмешенче'}","{'music_item': 'seventies Filipp Kirkorow', 'service': 'Spotify', 'sort': 'random'}"
test_453,I want to book a bougatsa restaurant in next year nearby Penn for three people.,BookRestaurant,BookRestaurant,True,0.9477,False,False,True,"{'datetime': 'Киләсе елда', 'location': 'Пенни | янындагы', 'cuisine': 'bougatsa', 'restaurant_type': 'ресторанын', 'party_size_number': 'өч'}","{'cuisine': 'bougatsa', 'datetime': 'next year', 'location': 'nearby Penn', 'party_size_number': '3', 'restaurant_type': 'bougatsa'}"
test_454,Will it be rainy in Tenino ?,weather/find,weather/find,True,0.9811,False,False,True,"{'location': 'Тенинода', 'condition_description': 'яңгырлар'}",{'location': 'Tenino'}
test_455,Please look up Three Essays on the Theory of Sexuality show .,SearchCreativeWork,SearchCreativeWork,True,0.9874,False,False,False,"{'object_name': 'Three Essays on the Theory of Sexuality', 'object_type': 'шоусын'}","{'object_name': 'Three Essays on the Theory of Sexuality', 'object_type': 'book'}"
test_456,I want to eat in Ramona,BookRestaurant,BookRestaurant,True,0.8836,False,False,False,{'location': 'Рамонда'},"{'cuisine': 'Ramona', 'datetime': 'бу атнабызда', 'location': 'урын', 'restaurant_name': 'Ramona', 'restaurant_type': 'ресторан'}"
test_457,Add the boy george track to the Emo Forever playlist.,AddToPlaylist,AddToPlaylist,True,0.9844,False,False,False,"{'playlist': 'Emo Forever', 'artist': 'boy george', 'music_item': 'трегын'}","{'music_item': 'boy george track', 'playlist': 'Emo Forever'}"
test_458,I want to book a steakhouse in Vimy Ridge .,BookRestaurant,BookRestaurant,True,0.9638,False,False,False,"{'location': 'Vimy Ridge-да', 'restaurant_type': 'стейк-хаус'}","{'cuisine': 'steakhouse', 'location': 'Vimy Ridge'}"
test_459,Is Without Witness playing twenty two hours from now,SearchScreeningEvent,SearchScreeningEvent,True,0.9363,False,False,False,"{'movie_name': 'Without Witness', 'datetime': 'егерме ике сәгатьтән соң'}","{'movie_name': 'Is Without Witness', 'location': 'Without Witness', 'datetime': '20 hours from now', 'object_location_type': 'cinema', 'object_type': 'movie'}"
test_460,Book spot for 9,BookRestaurant,none,False,0.9255,True,False,False,{'party_size_number': '9'},{}
test_461,add this track to my Hands Up playlist,AddToPlaylist,AddToPlaylist,True,0.9589,False,False,False,"{'music_item': 'трекны', 'reference': 'минем', 'playlist': 'Hands Up'}","{'music_item': 'this track', 'playlist': 'Hands Up'}"
test_462,Play something from 90s Pop Rock Essentials,PlayMusic,PlayMusic,True,0.9009,False,False,False,{'playlist': '90s Pop Rock Essentials-тан'},"{'object_type': 'music_item', 'album': '90s Pop Rock Essentials', 'genre': 'Rock'}"
test_463,Can you find me the Blue Spring trailer ?,SearchCreativeWork,SearchCreativeWork,True,0.9866,False,False,False,"{'object_name': 'Blue Spring', 'object_type': 'трейлерын'}","{'object_name': 'Blue Spring', 'object_type': 'trailer'}"
test_464,Give two stars out of 6 to 36 Children,RateBook,RateBook,True,0.9357,False,False,False,"{'object_name': '36 Children-га', 'best_rating': '6-дан', 'rating_value': 'ике', 'rating_unit': 'йолдыз'}","{'object_name': '36 Children', 'object_type': 'китап', 'rating_unit': 'стопка', 'rating_value': 2, 'best_rating': 6}"
test_465,I want animated movies at MJR Theatres,SearchScreeningEvent,SearchScreeningEvent,True,0.966,False,False,False,"{'location': 'MJR театрында', 'movie_type': 'анимацион фильмнарны'}","{'location': 'MJR Theatres', 'object_type': 'animated movies'}"
test_466,Add the artist mike to the Sexy as Folk playlist.,AddToPlaylist,AddToPlaylist,True,0.9546,False,False,False,"{'playlist': 'Sexy as Folk', 'music_item': 'башкаручы', 'artist': 'mike-ны'}","{'artist': 'mike', 'playlist': 'Sexy as Folk', 'music_item': 'music'}"
test_467,add Highway Patrolman in my playlist this is al green,AddToPlaylist,AddToPlaylist,True,0.9629,False,False,False,"{'reference': 'минем', 'playlist': 'this is al green', 'entity_name': 'Highway Patrolman'}","{'artist': 'al green', 'entity_name': 'Highway Patrolman', 'music_item': 'song', 'playlist': 'playlist_name'}"
test_468,Find me the novel with the name To Lose My Life …,SearchCreativeWork,SearchCreativeWork,True,0.9845,False,False,False,"{'object_name': 'To Lose My Life', 'object_type': 'романны'}","{'object_name': 'To Lose My Life', 'object_type': 'novel'}"
test_469,mark this album a score of 5,RateBook,RateBook,True,0.9499,False,False,False,"{'object_select': 'бу', 'object_type': 'альбомны', 'rating_value': '5-кә'}","{'object_name': 'this album', 'object_type': 'music', 'rating_unit': 'score', 'rating_value': '5'}"
test_470,Is Rare Birds showing at the nearest movie theatre at noon .,SearchScreeningEvent,SearchScreeningEvent,True,0.9013,False,False,True,"{'datetime': 'Төшке ашта', 'location': 'якындагы', 'object_location_type': 'кинотеатрда', 'movie_name': 'Rare Birds'}","{'movie_name': 'Rare Birds', 'location': 'неарстә', 'datetime': 'булга', 'object_location_type': 'кинотеатр', 'object_type': 'кино күрсәтү'}"
test_471,Rate The 8-Week Cholesterol Cure three out of 6 .,RateBook,RateBook,True,0.9178,False,False,False,"{'object_name': 'The 8-Week Cholesterol Cure-га', 'best_rating': '6-дан', 'rating_value': 'өчкә'}","{'object_name': 'The 8-Week Cholesterol Cure', 'object_type': 'book', 'rating_unit': 'yołdyz', 'rating_value': 3, 'object_part_of_series_type': 'tom', 'object_select': 'three out of 6'}"
test_472,Add martin barre to my punk unplugged playlist.,AddToPlaylist,AddToPlaylist,True,0.953,False,False,False,"{'artist': 'Martin barre-ны', 'reference': 'минем', 'playlist': 'punk unplugged'}","{'artist': 'martin barre', 'entity_name': 'punk unplugged', 'music_item': 'track', 'playlist': 'punk unplugged'}"
test_473,rate the current novel zero out of 6,RateBook,RateBook,True,0.9422,False,False,False,"{'object_select': 'хәзерге', 'object_type': 'романны', 'best_rating': '6-дан', 'rating_value': 'нульгә'}","{'object_name': 'current novel', 'object_type': 'book', 'rating_unit': 'out of', 'rating_value': '6', 'best_rating': '0'}"
test_474,What times will The Young Swordsman be showing at my cinema ?,SearchScreeningEvent,SearchScreeningEvent,True,0.9641,False,False,True,"{'object_location_type': 'кинотеатрда', 'movie_name': 'The Young Swordsman', 'object_type': 'вакытта'}","{'movie_name': 'The Young Swordsman', 'location': 'my cinema', 'object_location_type': 'кинотеатрда', 'datetime': 'бу атнабызда', 'object_type': 'расписаниесен'}"
test_475,What are the movies showing in the neighbourhood,SearchScreeningEvent,SearchScreeningEvent,True,0.9622,False,False,False,"{'location': 'Тирә-юньдә', 'movie_type': 'фильмнар'}",{'location': 'neighbourhood'}
test_476,I want to book Oregon Electric Station in North City .,BookRestaurant,BookRestaurant,True,0.9633,False,False,True,"{'location': 'North City-дәге', 'restaurant_name': 'Oregon Electric Station'}","{'location': 'North City', 'restaurant_name': 'Oregon Electric Station'}"
test_477,how's the weather here at two Am,weather/find,weather/find,True,0.9679,False,False,False,"{'location': 'монда', 'datetime': 'төнге сәгать икедә'}","{'location': 'here', 'datetime': 'two Am'}"
test_478,Fine the movie schedules for the Wanda Group .,SearchScreeningEvent,SearchScreeningEvent,True,0.9511,False,False,False,"{'location': 'Wanda Group-ның', 'object_type': 'фильм кестесін'}","{'location': 'Wanda Group', 'object_location_type': 'кинотеатр', 'object_type': 'фильм'}"
test_479,what is the forecast for Waurika in Samoa,weather/find,weather/find,True,0.9409,False,False,False,{'location': 'Самоада | Ваурикада'},"{'location': 'Waurika in Samoa', 'datetime': 'now'}"
test_480,Show the movie schedules in the neighborhood,SearchScreeningEvent,SearchScreeningEvent,True,0.9112,False,False,False,"{'location': 'Тирә-яктагы', 'object_type': 'фильмнар расписаниесен'}","{'location': 'неighborhood', 'object_location_type': 'nearby', 'object_type': 'movie schedules'}"
test_481,Play some blues britânico .,PlayMusic,PlayMusic,True,0.91,False,False,True,{'genre': 'Blues britânico'},"{'music_item': 'блюз британко', 'service': 'музыкаль сервис'}"
test_482,Is No Time to Be Young showing at AMC Theaters,SearchScreeningEvent,SearchScreeningEvent,True,0.9456,False,False,False,"{'location': 'AMC Theaters-да', 'movie_name': 'No Time to Be Young'}","{'movie_name': 'Is No Time to Be Young', 'location': 'AMC Theaters', 'object_location_type': 'theater', 'object_type': 'movie'}"
test_483,Please look up and find me Monty Python Live at the Hollywood Bowl .,SearchCreativeWork,SearchCreativeWork,True,0.9765,False,False,False,{'object_name': 'Монти Пайтон Голливудта'},"{'object_name': 'Monty Python Live at the Hollywood Bowl', 'object_type': 'film'}"
test_484,what is the forecast for here for blizzard conditions at five pm,weather/find,weather/find,True,0.9701,False,False,True,"{'datetime': 'кичке бишкә', 'location': 'монда', 'condition_description': 'буран'}","{'location': 'here', 'datetime': 'five pm', 'weather/attribute': 'blizzard conditions'}"
test_485,add ireland in the junior eurovision song contest 2015 to my Jazzy Dinner playlist,AddToPlaylist,AddToPlaylist,True,0.963,False,False,False,"{'entity_name': 'Ирландия балалар евровидениеда 2015', 'reference': 'минем', 'playlist': 'Jazzy Dinner'}","{'artist': 'Junior Eurovision Song Contest 2015', 'entity_name': 'Ireland', 'music_item': 'song', 'playlist': 'Jazzy Dinner'}"
test_486,Add a song to Indie Hipster,AddToPlaylist,AddToPlaylist,True,0.9259,False,False,False,"{'playlist': 'Indie Hipster-га', 'music_item': 'җырны'}","{'artist': 'Indie Hipster', 'music_item': 'song', 'playlist': 'Indie Hipster Playlist'}"
test_487,Can you find me the National Anthem of the Ancient Britons television show ?,SearchCreativeWork,SearchCreativeWork,True,0.9858,False,False,False,"{'object_name': 'National Anthem of the Ancient Britons', 'object_type': 'телевизион тапшыруын'}","{'object_name': 'National Anthem of the Ancient Britons', 'object_type': 'television show'}"
test_488,"To the travelling playlist, please add this David Gahan song .",AddToPlaylist,AddToPlaylist,True,0.9466,False,False,False,"{'playlist': 'travelling', 'artist': 'Дэвид Гаан', 'music_item': 'җырын'}","{'artist': 'David Gahan', 'music_item': 'song', 'playlist': 'travelling playlist'}"
test_489,I want to hear them from the artist Murcof,PlayMusic,SearchCreativeWork,False,0.9829,False,False,False,"{'music_item': 'аларны', 'artist': 'Murcof'}","{'object_name': 'Murcof', 'object_type': 'musician'}"
test_490,rate The Gift: Imagination and the Erotic Life of Property five stars,RateBook,RateBook,True,0.9679,False,False,False,"{'object_name': 'The Gift: Imagination and the Erotic Life of Property-ны', 'rating_value': 'биш', 'rating_unit': 'йолдызга'}","{'object_name': 'The Gift: Imagination and the Erotic Life of Property', 'object_type': 'book', 'rating_value': 5, 'rating_unit': 'stars'}"
test_491,Find me a TV show called Baby Blue,SearchCreativeWork,SearchCreativeWork,True,0.9819,False,False,False,"{'object_name': 'Baby Blue', 'object_type': 'телевизион тапшыруны'}","{'object_name': 'Baby Blue', 'object_type': 'TV show'}"
test_492,look for the book The Girl Who Was Plugged In,SearchCreativeWork,SearchCreativeWork,True,0.9958,False,False,False,"{'object_name': 'The Girl Who Was Plugged In', 'object_type': 'китабын'}","{'object_name': 'The Girl Who Was Plugged In', 'object_type': 'book'}"
test_493,phyllis ward and veronica need a table at a restaurant in 152 days,BookRestaurant,BookRestaurant,True,0.9118,False,False,True,"{'party_size_description': 'филлис уордка һәм вероникага', 'datetime': '152 көннән соң', 'restaurant_type': 'ресторанда'}","{'datetime': '152 days', 'location': 'ПалоАльто тирәсендә', 'restaurant_type': 'тиз ашамлыклар', 'party_size_number': '2', 'restaurant_name': 'Phyllis Ward and Veronica'}"
test_494,Book a popular restaurant for 5 people,BookRestaurant,BookRestaurant,True,0.9195,False,False,False,"{'party_size_number': '5', 'sort': 'танылган', 'restaurant_type': 'ресторанны'}","{'cuisine': 'popular', 'datetime': 'бу атнабызда', 'party_size_number': '5', 'restaurant_name': 'none', 'restaurant_type': 'тиз ашамлыклар', 'sort': 'югары бәяләнген'}"
test_495,"Book a reservation for The Dome, Edinburgh close to Brooklawn",BookRestaurant,BookRestaurant,True,0.8613,False,False,True,"{'location': 'Бруклон | янында', 'restaurant_name': 'The Dome, Edinburgh'}","{'restaurant_name': 'The Dome', 'location': 'Edinburgh close to Brooklawn', 'cuisine': 'Italian', 'datetime': 'tonight at 7:30 PM', 'party_size_number': '4', 'restaurant_type': 'Italian restaurant', 'sort': 'by rating'}"
test_496,Add this album to Old School Death Metal,AddToPlaylist,AddToPlaylist,True,0.9233,False,False,False,"{'music_item': 'альбомны', 'playlist': 'Old School Death Metal-га'}","{'artist': 'Old School Death Metal', 'music_item': 'album', 'playlist': 'playlist_name'}"
test_497,Look for the TV series Jersey Boys,SearchCreativeWork,SearchCreativeWork,True,0.9823,False,False,False,"{'object_name': 'Jersey Boys', 'object_type': 'телесериалын'}","{'object_name': 'Jersey Boys', 'object_type': 'TV series'}"
test_498,Book a reservation for nine people at the best pub nearby Tangier in six months,BookRestaurant,BookRestaurant,True,0.9569,False,False,False,"{'datetime': 'Алты ай эчендә', 'location': 'Танжер | янындагы', 'sort': 'иң яхшы', 'restaurant_type': 'пабта', 'party_size_number': 'тугыз'}","{'cuisine': 'pub', 'datetime': 'six months', 'facility': 'best', 'location': 'Tangier', 'party_size_description': 'nine people', 'party_size_number': '9', 'restaurant_name': '', 'restaurant_type': '', 'served_dish': '', 'sort': ''}"
test_499,Show me the movies at Harkins Theatres .,SearchScreeningEvent,SearchScreeningEvent,True,0.9803,False,False,False,"{'location': 'Harkins Theatres-ында', 'movie_type': 'фильмларны'}","{'location': 'Harkins Theatres', 'object_location_type': 'кинотеатр', 'object_type': 'фильм'}"
test_500,book a party at their campus within the same area for churrascaria,BookRestaurant,BookRestaurant,True,0.9087,False,False,False,"{'location': 'аларның кампусында | шул ук райондагы', 'restaurant_type': 'чурраскарияга'}","{'cuisine': 'churrascaria', 'location': 'their campus', 'datetime': 'within the same area', 'restaurant_type': 'тиз ашамлыклар', 'sort': 'сайлау/тәртипләү критерие'}"
