id,text,true_intent,pred_intent,intent_correct,confidence,weak_by_conf,weak_intent_real,weak_slot_real,true_slots,pred_slots
test_1,барлык хәтерләтүләрне күрсәт,reminder/show_reminders,none,False,0.8417,True,False,False,{'reference': 'барлык'},{}
test_2,Миңа свитер кирәкме?,weather/find,none,False,0.9015,True,False,False,{'weather/attribute': 'свитер'},{}
test_3,Бүген сәгать ун алтыга хәтерләтүне өстә,reminder/set_reminder,none,False,0.8961,True,False,False,{'datetime': 'Бүген сәгать ун алтыга'},{}
test_4,Минем хәтерләтүне бетер,reminder/cancel_reminder,none,False,0.9048,True,False,False,{'reference': 'Минем'},{}
test_5,Миңа бензин салырга искә төшер.,reminder/set_reminder,none,False,0.9033,True,False,False,{'reminder/todo': 'бензин салырга'},{}
test_6,Чәршәмбе көнне миңа кул чатыры кирәкме?,weather/find,none,False,0.9091,True,False,False,"{'datetime': 'Чәршәмбе', 'weather/attribute': 'кул чатыры'}",{}
test_7,биш минуттан соң минем будильникны кабатла,alarm/snooze_alarm,alarm/set_alarm,False,0.9316,False,True,False,"{'datetime': 'биш минуттан', 'reference': 'минем'}","{'datetime': '2022-12-31 23:59', 'recurring_datetime': 'daily', 'reminder/todo': 'Call John'}"
test_8,максның туган көне турында искә төшеруне куй,reminder/set_reminder,none,False,0.8903,True,False,False,{'reminder/todo': 'максның туган көне турында искә төшеруне'},{}
test_9,Миңа барлык хәтерләтүләрне күрсәт,reminder/show_reminders,none,False,0.8395,True,False,False,{'reference': 'барлык'},{}
test_10,Барлык будильникларны күрсәт.,alarm/show_alarms,none,False,0.9158,True,False,False,{'reference': 'Барлык'},{}
test_11,Бүген яңгыр явар микән?,weather/find,none,False,0.0,True,False,False,"{'datetime': 'Бүген', 'weather/attribute': 'яңгыр'}",{}
test_12,Будильникны иртәнге 8 куй,alarm/set_alarm,alarm/set_alarm,True,0.9268,False,False,False,{'datetime': 'иртәнге 8'},"{'datetime': '2022-12-31 12:00', 'recurring_datetime': 'daily', 'reminder/todo': 'Call John', 'reference': 'alarm1'}"
test_13,Бүген температура нинди?,weather/find,weather/find,True,0.9396,False,False,False,"{'datetime': 'Бүген', 'weather/attribute': 'температура'}","{'location': 'урын', 'condition_temperature': 'температура шартлары'}"
test_14,Минем хәтерләтүне күрсәт,reminder/show_reminders,none,False,0.9112,True,False,False,{'reference': 'Минем'},{}
test_15,Барлык будильникларны күрсәт,alarm/show_alarms,alarm/set_alarm,False,0.9229,False,False,False,{'reference': 'Барлык'},"{'datetime': '2022-12-31 23:59', 'recurring_datetime': 'every day', 'reminder/todo': 'call mom'}"
test_16,Миңа Бен белән Джорджия турында сөйләшергә искә төшер,reminder/set_reminder,BookRestaurant,False,0.9258,False,False,False,{'reminder/todo': 'Бен белән Джорджия турында сөйләшергә'},"{'restaurant_name': 'Georgia Restaurant', 'restaurant_type': 'Italian', 'cuisine': 'Italian', 'location': 'Downtown', 'party_size_description': 'large group', 'party_size_number': '10', 'served_dish': 'pizza', 'sort': 'delivery'}"
test_17,Будильникны иртәнге 5 куй,alarm/set_alarm,alarm/set_alarm,True,0.9273,False,False,False,{'datetime': 'иртәнге 5'},"{'datetime': '2022-12-31 12:00', 'recurring_datetime': 'daily', 'reminder/todo': 'Call John', 'reference': 'alarm1'}"
test_18,бүген болытлымы,weather/find,none,False,0.8403,True,False,False,"{'datetime': 'бүген', 'weather/attribute': 'болытлымы'}",{}
test_19,Бүген бездә ничә дюйм яңгыры явар?,weather/find,none,False,0.0,True,False,False,"{'datetime': 'Бүген', 'weather/attribute': 'дюйм яңгыры'}",{}
test_20,Иртәгә минем апама шалтыратырга искә төшер,reminder/set_reminder,none,False,0.907,True,False,False,"{'datetime': 'Иртәгә', 'reminder/todo': 'минем апама шалтыратырга'}",{}
test_21,будильникны туктат,alarm/cancel_alarm,alarm/set_alarm,False,0.9348,False,False,False,{},"{'datetime': '2022-12-31 12:00', 'recurring_datetime': 'daily', 'reminder/todo': 'buy groceries'}"
test_22,Бу атнада кызу булырмы?,weather/find,none,False,0.0,True,False,False,"{'datetime': 'Бу атнада', 'weather/attribute': 'кызу'}",{}
test_23,Будильникны көндезге 3 куй.,alarm/set_alarm,alarm/set_alarm,True,0.9141,False,False,False,{'datetime': 'көндезге 3'},"{'datetime': '2022-12-31 12:00', 'recurring_datetime': 'daily', 'reference': 'morning_alarm', 'reminder/todo': 'Call John'}"
test_24,бүген кар явармы,weather/find,none,False,0.8399,True,False,False,"{'datetime': 'бүген', 'weather/attribute': 'кар'}",{}
test_25,бөтен будильникларны бетер,alarm/cancel_alarm,none,False,0.9473,True,False,False,{'reference': 'бөтен'},{}
test_26,Минем хәтерләтүләрне күрсәт,reminder/show_reminders,none,False,0.8959,True,False,False,{'reference': 'Минем'},{}
test_27,Будильникка кадәр күпме вакыт калды,alarm/time_left_on_alarm,alarm/set_alarm,False,0.9238,False,True,False,{},"{'datetime': '2022-12-31 12:00', 'recurring_datetime': 'daily', 'reminder/todo': 'Call John'}"
test_28,Минем нинди искә төшерүләрем бар?,reminder/show_reminders,none,False,0.0,True,False,False,{'reference': 'Минем'},{}
test_29,Будильникны көн саен иртәнге 8 куй,alarm/set_alarm,alarm/set_alarm,True,0.9334,False,False,False,{'recurring_datetime': 'иртәнге 8'},"{'datetime': '8:00', 'recurring_datetime': 'daily', 'reminder/todo': 'call mom'}"
test_30,син миңа будильникларны күрсәтә аласыңмы?,alarm/show_alarms,alarm/show_alarms,True,0.7511,False,False,False,{},{'datetime': 'дата/вакыт'}
test_31,Бүген Диснейуорлдта буран булырмы?,weather/find,BookRestaurant,False,0.912,False,False,False,"{'datetime': 'Бүген', 'location': 'Диснейуорлдта', 'weather/attribute': 'буран'}","{'restaurant_name': 'Disneyland', 'restaurant_type': 'park', 'location': 'California', 'cuisine': 'American', 'facility': 'outdoor seating', 'served_dish': 'hot dogs', 'sort': 'popular'}"
test_32,бүген кар явырмы,weather/find,none,False,0.8929,True,False,False,"{'datetime': 'бүген', 'weather/attribute': 'кар'}",{}
test_33,бөтен будильникларны күрсәт,alarm/show_alarms,alarm/set_alarm,False,0.9195,False,False,False,{'reference': 'бөтен'},"{'datetime': '2022-12-31 23:59', 'recurring_datetime': 'every day', 'reminder/todo': 'call mom'}"
test_34,Бүген салкынмы?,weather/find,none,False,0.8988,True,False,False,"{'datetime': 'Бүген', 'weather/attribute': 'салкынмы'}",{}
test_35,"Зинһар, пәнҗешәмбе иртәсеннән будильникны бетер.",alarm/cancel_alarm,alarm/cancel_alarm,True,0.9291,False,False,False,{'datetime': 'пәнҗешәмбе иртәсеннән'},"{'datetime': '2022-12-31 00:00:00', 'reference': 'alarm1'}"
test_36,Бүген яңгыр явырмы?,weather/find,none,False,0.8898,True,False,False,"{'datetime': 'Бүген', 'weather/attribute': 'яңгыр'}",{}
test_37,канадада кар явамы,weather/find,none,False,0.8931,True,False,False,"{'location': 'канадада', 'weather/attribute': 'кар явамы'}",{}
test_38,Бүген нинди югары температура булачак?,weather/find,weather/find,True,0.9395,False,False,False,"{'datetime': 'Бүген', 'weather/attribute': 'югары температура'}","{'location': 'урын', 'datetime': 'дата/вакыт', 'condition_description': 'яңгыр', 'condition_temperature': 'салкын'}"
test_39,"Төнлә шулкадәр кар яуса, сәяхәт куркыныч булырмы?",weather/find,none,False,0.0,True,False,False,"{'datetime': 'Төнлә', 'weather/attribute': 'кар яуса'}",{}
test_40,бөтен хәтерләтүләрне күрсәт,reminder/show_reminders,none,False,0.8575,True,False,False,{'reference': 'бөтен'},{}
test_41,барлык хәтерләтүләрне бетер,reminder/cancel_reminder,none,False,0.8954,True,False,False,{'reference': 'барлык'},{}
test_42,миңа иртәгә куртка кирәкме?,weather/find,none,False,0.0,True,False,False,"{'datetime': 'иртәгә', 'weather/attribute': 'куртка'}",{}
test_43,Будильникка кадәр күпме вакыт калды,alarm/time_left_on_alarm,alarm/set_alarm,False,0.9238,False,True,False,{},"{'datetime': '2022-12-31 12:00', 'recurring_datetime': 'daily', 'reminder/todo': 'Call John'}"
test_44,Будильникны туктат,alarm/snooze_alarm,alarm/set_alarm,False,0.9141,False,True,False,{},"{'datetime': '2022-12-31 12:00', 'recurring_datetime': 'daily', 'reminder/todo': 'Call John'}"
test_45,Миңа барлык будильникларны күрсәт,alarm/show_alarms,none,False,0.939,True,False,False,{'reference': 'барлык'},{}
test_46,Йеллоустонда һава торышы нинди?,weather/find,weather/find,True,0.9447,False,False,False,{'location': 'Йеллоустонда'},"{'location': 'Yellowstone', 'datetime': 'current', 'weather/attribute': 'condition_description'}"
test_47,Бүген һава торышы нинди?,weather/find,weather/find,True,0.9031,False,False,False,{'datetime': 'Бүген'},"{'location': 'Алматы', 'datetime': '2022-12-15 12:00', 'weather/attribute': 'дымлылык'}"
test_48,Иртәгә Патрикны мәктәптән алырга минем искә төшерүдән алып бетер.,reminder/cancel_reminder,none,False,0.9151,True,False,False,"{'datetime': 'Иртәгә', 'reminder/todo': 'Патрикны мәктәптән алырга', 'reference': 'минем'}",{}
test_49,Миңа иртәгә шул ук вакытта табибка язылырга искә төшер,reminder/set_reminder,none,False,0.9074,True,False,False,"{'datetime': 'иртәгә шул ук вакытта', 'reminder/todo': 'табибка язылырга'}",{}
test_50,Миңа аренданы түләргә искә төшер,reminder/set_reminder,none,False,0.9083,True,False,False,{'reminder/todo': 'аренданы түләргә'},{}
test_51,яңгыр кайчан бетәчәк?,weather/find,none,False,0.9067,True,False,False,{'weather/attribute': 'яңгыр'},{}
test_52,будильникларны бетер,alarm/cancel_alarm,none,False,0.9456,True,False,False,{},{}
test_53,Сишәмбе көнне миңа Стефанига шалтыратырга искә төшер,reminder/set_reminder,none,False,0.9163,True,False,False,"{'datetime': 'Сишәмбе көнне', 'reminder/todo': 'Стефанига шалтыратырга'}",{}
test_54,барлык минем уяткыч сәгатьләрне күрсәт,alarm/show_alarms,none,False,0.8938,True,False,False,{'reference': 'барлык минем'},{}
test_55,Бүген никадәр эссе булачак?,weather/find,none,False,0.0,True,False,False,"{'datetime': 'Бүген', 'weather/attribute': 'эссе'}",{}
test_56,будильникны бүген кичке 5 куй,alarm/set_alarm,none,False,0.965,True,False,False,{'datetime': 'бүген кичке 5'},{}
test_57,21-енче августта көндез 3-тә табибка барырга искә төшер,reminder/set_reminder,none,False,0.913,True,False,False,"{'datetime': '21-енче августта көндез 3-тә', 'reminder/todo': 'табибка барырга'}",{}
test_58,көн саен иртәнге сәгать 7-дә дарулар эчәргә турында минем искә төшерүне бетер,reminder/cancel_reminder,none,False,0.8932,True,False,False,"{'recurring_datetime': 'көн саен иртәнге сәгать 7-дә', 'reminder/todo': 'дарулар эчәргә'}",{}
test_59,киләсе фараз яңгырны кайчан күрсәтә,weather/find,none,False,0.8959,True,False,False,{'weather/attribute': 'яңгырны'},{}
test_60,Иртәгә иртә белән минем будильнигым нинди вакытка куелган?,alarm/show_alarms,alarm/show_alarms,True,0.8631,False,False,False,"{'datetime': 'Иртәгә иртә', 'reference': 'минем'}",{'datetime': 'дата/вакыт'}
test_61,бүген кар явармы,weather/find,none,False,0.8399,True,False,False,"{'datetime': 'бүген', 'weather/attribute': 'кар'}",{}
test_62,Минем будильнигымны сүндер.,alarm/cancel_alarm,alarm/cancel_alarm,True,0.9031,False,False,False,{'reference': 'Минем'},"{'datetime': '2022-12-31 00:00:00', 'reference': 'alarm1'}"
test_63,Барлык будильникларны бетер,alarm/cancel_alarm,none,False,0.9462,True,False,False,{'reference': 'Барлык'},{}
test_64,миңа продуктларны сатып алырга искә төшер,reminder/set_reminder,none,False,0.8405,True,False,False,{'reminder/todo': 'продуктларны сатып алырга'},{}
test_65,Миңа иртәнге сәгать 9-да иртәнге аш өчен будильник кирәк,alarm/set_alarm,alarm/set_alarm,True,0.9276,False,False,False,{'datetime': 'иртәнге сәгать 9-да'},"{'datetime': '2022-12-31 23:59', 'recurring_datetime': 'every day', 'reminder/todo': 'call mom'}"
test_66,уен башланганчы бер сәгать алдан Кольтларны карау турында искә төшерүне куй,reminder/set_reminder,none,False,0.8829,True,False,False,"{'datetime': 'уен башланганчы бер сәгать алдан', 'reminder/todo': 'Кольтларны карау'}",{}
test_67,барлык будильникларны бетер,alarm/cancel_alarm,none,False,0.9471,True,False,False,{'reference': 'барлык'},{}
test_68,Бу исемлектән минем өченче искә төшерүне бетер.,reminder/cancel_reminder,none,False,0.85,True,False,False,{'reference': 'минем өченче'},{}
test_69,Будильникны иртәнге 6 куй,alarm/set_alarm,alarm/set_alarm,True,0.9276,False,False,False,{'datetime': 'иртәнге 6'},"{'datetime': '2022-12-31 12:00', 'recurring_datetime': 'daily', 'reminder/todo': 'Call John', 'reference': 'alarm1'}"
test_70,Бу будильникны хәзердән көндезге 2-гә куй,alarm/cancel_alarm,alarm/set_alarm,False,0.9212,False,False,False,"{'reference': 'Бу', 'datetime': 'хәзердән | көндезге 2-гә'}","{'datetime': '2022-12-31 12:00', 'recurring_datetime': 'daily', 'reminder/todo': 'Call John'}"
test_71,Кар булырмы?,weather/find,none,False,0.0,True,False,False,{'weather/attribute': 'Кар'},{}
test_72,Миңа аренданы түләргә искә төшер.,reminder/set_reminder,none,False,0.8441,True,False,False,{'reminder/todo': 'аренданы түләргә'},{}
test_73,иртәгә нинди иң түбән температура,weather/find,weather/find,True,0.9204,False,False,False,"{'datetime': 'иртәгә', 'weather/attribute': 'иң түбән'}","{'location': 'Алматы', 'condition_description': 'яңгыр', 'condition_temperature': 'салкын'}"
test_74,Бүген кояшлы булырмы?,weather/find,none,False,0.8444,True,False,False,"{'datetime': 'Бүген', 'weather/attribute': 'кояшлы'}",{}
test_75,Бүген минем ничә искә төшерүләрем бар?,reminder/show_reminders,none,False,0.0,True,False,False,{'datetime': 'Бүген'},{}
test_76,Минем иртәгә нинди искә төшерүләрем бар?,reminder/show_reminders,none,False,0.0,True,False,False,"{'reference': 'Минем', 'datetime': 'иртәгә'}",{}
test_77,Минем барлык искә төшерүләремне бетер.,reminder/cancel_reminder,none,False,0.8315,True,False,False,{'reference': 'Минем барлык'},{}
test_78,будильникны иртәнге 6-га куй,alarm/set_alarm,alarm/set_alarm,True,0.9264,False,False,False,{'datetime': 'иртәнге 6-га'},"{'datetime': '2022-12-31 12:00', 'recurring_datetime': 'daily', 'reminder/todo': 'Call John', 'reference': 'alarm1'}"
test_79,Будильникны 30 минутка куй,alarm/set_alarm,alarm/set_alarm,True,0.9078,False,False,False,{'datetime': '30 минутка'},"{'datetime': '2022-10-01 10:30', 'recurring_datetime': None, 'reference': None, 'reminder/todo': 'Call John'}"
test_80,Будильникны бер сәгать алга куй.,alarm/set_alarm,alarm/set_alarm,True,0.9049,False,False,False,{'datetime': 'бер сәгать алга'},"{'datetime': '2022-12-31 12:00', 'recurring_datetime': 'daily', 'reference': 'morning_alarm', 'reminder/todo': 'Call John'}"
test_81,барлык будильникларны бетер,alarm/cancel_alarm,none,False,0.9471,True,False,False,{'reference': 'барлык'},{}
test_82,Лос-Анджелеста һава торышы,weather/find,weather/find,True,0.8933,False,False,False,{'location': 'Лос - Анджелеста'},"{'location': 'Лос-Анджелес', 'datetime': 'сегодня', 'weather/attribute': 'температура'}"
test_83,бөтен будильникларны бетер,alarm/cancel_alarm,none,False,0.9473,True,False,False,{'reference': 'бөтен'},{}
test_84,Бүген минем ничә искә төшерүләрем бар?,reminder/show_reminders,none,False,0.0,True,False,False,{'datetime': 'Бүген'},{}
test_85,Миңа иртәгә кибеттә кәгазь сөлгеләр сатып алырга искә төшер,reminder/set_reminder,none,False,0.8952,True,False,False,"{'datetime': 'иртәгә', 'reminder/todo': 'кибеттә кәгазь сөлгеләр сатып алырга'}",{}
test_86,Миңа минем барлык искә төшерүләремне күрсәт,reminder/show_reminders,none,False,0.9062,True,False,False,{'reference': 'минем барлык'},{}
test_87,Будильникны иртәнге 6 куй,alarm/set_alarm,alarm/set_alarm,True,0.9276,False,False,False,{'datetime': 'иртәнге 6'},"{'datetime': '2022-12-31 12:00', 'recurring_datetime': 'daily', 'reminder/todo': 'Call John', 'reference': 'alarm1'}"
test_88,иртәгә кар булырмы,weather/find,none,False,0.8389,True,False,False,"{'datetime': 'иртәгә', 'weather/attribute': 'кар'}",{}
test_89,иртәгә минем иртәнге будильникны бетер,alarm/cancel_alarm,none,False,0.9308,True,False,False,"{'datetime': 'иртәгә | иртәнге', 'reference': 'минем'}",{}
test_90,Дүшәмбе көнне төшке ашка будильникны куй.,alarm/set_alarm,alarm/set_alarm,True,0.8964,False,False,False,{'recurring_datetime': 'Дүшәмбе көнне төшке ашка'},"{'datetime': '2022-12-31 00:00', 'recurring_datetime': 'daily', 'reminder/todo': 'Call mom'}"
test_91,Бүген никадәр эссе булачак?,weather/find,none,False,0.0,True,False,False,"{'datetime': 'Бүген', 'weather/attribute': 'эссе'}",{}
test_92,иртәнге будильникларны куерга миңа искә төшер,reminder/set_reminder,alarm/set_alarm,False,0.9201,False,False,False,"{'datetime': 'иртәнге', 'reminder/todo': 'будильникларны куерга'}","{'datetime': '2022-12-31 23:59', 'recurring_datetime': 'every day', 'reminder/todo': 'call mom'}"
test_93,бөтен будильникларны бетер,alarm/cancel_alarm,none,False,0.9473,True,False,False,{'reference': 'бөтен'},{}
test_94,Минем будильникларымны күрсәт,alarm/show_alarms,alarm/set_alarm,False,0.9098,False,False,False,{'reference': 'Минем'},"{'datetime': '2022-12-31 12:00', 'recurring_datetime': 'daily', 'reminder/todo': 'Call John'}"
test_95,будильникны сүндер,alarm/cancel_alarm,none,False,0.9389,True,False,False,{},{}
test_96,Бүген температура нинди?,weather/find,weather/find,True,0.9396,False,False,False,"{'datetime': 'Бүген', 'weather/attribute': 'температура'}","{'location': 'урын', 'condition_temperature': 'температура шартлары'}"
test_97,будильникны сүндер,alarm/cancel_alarm,none,False,0.9389,True,False,False,{},{}
test_98,Барлык будильникларны күрсәт,alarm/show_alarms,alarm/set_alarm,False,0.9229,False,False,False,{'reference': 'Барлык'},"{'datetime': '2022-12-31 23:59', 'recurring_datetime': 'every day', 'reminder/todo': 'call mom'}"
test_99,Будильникны 30 минут саен куй,alarm/set_alarm,alarm/set_alarm,True,0.9265,False,False,False,{'recurring_datetime': '30 минут саен'},"{'datetime': '2022-10-01 10:30', 'recurring_datetime': None, 'reference': None, 'reminder/todo': None}"
test_100,Бүген нинди температура булачак?,weather/find,weather/find,True,0.9445,False,False,False,"{'datetime': 'Бүген', 'weather/attribute': 'температура'}","{'location': 'урын', 'datetime': 'дата/вакыт', 'condition_description': 'яңгыр', 'condition_temperature': 'салкын'}"
test_101,Бүген кызу булырмы?,weather/find,none,False,0.8438,True,False,False,"{'datetime': 'Бүген', 'weather/attribute': 'кызу'}",{}
test_102,Иртәгә яңгыр булырмы?,weather/find,weather/find,True,0.8865,False,False,False,"{'datetime': 'Иртәгә', 'weather/attribute': 'яңгыр'}","{'location': 'Алматы', 'datetime': '2022-12-15 12:00', 'weather/attribute': 'дымлылык'}"
test_103,Киләсе будильникны бетер,alarm/cancel_alarm,none,False,0.9382,True,False,False,{'reference': 'Киләсе'},{}
test_104,Бүген кибеткә барырга искә төшер,reminder/set_reminder,none,False,0.8948,True,False,False,"{'datetime': 'Бүген', 'reminder/todo': 'кибеткә барырга'}",{}
test_105,киләсе атнада минем искә төшерүләрне бетер,reminder/cancel_reminder,none,False,0.8951,True,False,False,"{'datetime': 'киләсе атнада', 'reference': 'минем'}",{}
test_106,миңа сишәмбе көнне көндезге сәгать 3-тә этне грумерга алып барырга исемә төшер,reminder/set_reminder,none,False,0.8913,True,False,False,"{'datetime': 'сишәмбе көнне көндезге сәгать 3-тә', 'reminder/todo': 'этне грумерга алып барырга'}",{}
test_107,28-енче көнне Дженга годовщинага чәчәкләр сатып алырга исемә төшер.,reminder/set_reminder,none,False,0.8916,True,False,False,"{'datetime': '28-енче көнне', 'reminder/todo': 'Дженга годовщинага чәчәкләр сатып алырга'}",{}
test_108,Бүген һава торышы нинди?,weather/find,weather/find,True,0.9031,False,False,False,{'datetime': 'Бүген'},"{'location': 'Алматы', 'datetime': '2022-12-15 12:00', 'weather/attribute': 'дымлылык'}"
test_109,Иртәгә табибка язылырга миңа искә төшер.,reminder/set_reminder,none,False,0.8499,True,False,False,"{'datetime': 'Иртәгә', 'reminder/todo': 'табибка язылырга'}",{}
test_110,бөтен будильникларны сүндер,alarm/cancel_alarm,none,False,0.9495,True,False,False,{'reference': 'бөтен'},{}
test_111,Мин үзем белән дождевикны алыйммы?,weather/find,weather/find,True,0.735,False,False,False,{'weather/attribute': 'дождевикны'},"{'location': 'Min location', 'datetime': 'Current date/time'}"
test_112,Начар һава торышы фаразы нинди?,weather/find,weather/find,True,0.9,False,False,False,{'weather/attribute': 'Начар'},"{'location': 'Алматы', 'datetime': '2022-12-15 12:00', 'weather/attribute': 'дымлылык'}"
test_113,киләсе атнада табибка язуым турында искә төшер,reminder/set_reminder,none,False,0.8936,True,False,False,"{'datetime': 'киләсе атнада', 'reminder/todo': 'табибка язуым турында'}",{}
test_114,иртәнге 8 кибеткә бару турында искә төшер,reminder/set_reminder,none,False,0.8954,True,False,False,"{'datetime': 'иртәнге 8', 'reminder/todo': 'кибеткә бару'}",{}
test_115,Химчисткага барырга искә төшерү яса.,reminder/set_reminder,none,False,0.0,True,False,False,{'reminder/todo': 'Химчисткага барырга'},{}
test_116,кайчан салкынрак булачак,weather/find,none,False,0.8374,True,False,False,{'weather/attribute': 'салкынрак'},{}
test_117,бу атнада яңгыр булырмы,weather/find,none,False,0.8376,True,False,False,"{'datetime': 'бу атнада', 'weather/attribute': 'яңгыр'}",{}
test_118,барлык будильникларны бетер,alarm/cancel_alarm,none,False,0.9471,True,False,False,{'reference': 'барлык'},{}
test_119,будильникларны бетер,alarm/cancel_alarm,none,False,0.9456,True,False,False,{},{}
test_120,минем будильникларымны күрсәт,alarm/show_alarms,none,False,0.9354,True,False,False,{'reference': 'минем'},{}
test_121,Минем будильнигым кайсы вакытка куйган?,alarm/show_alarms,alarm/set_alarm,False,0.92,False,False,False,{},{'datetime': '2022-12-31 12:00'}
test_122,Шимбә көнне яңгыр булырмы?,weather/find,weather/find,True,0.8876,False,False,False,"{'datetime': 'Шимбә', 'weather/attribute': 'яңгыр'}","{'location': 'Алматы', 'datetime': '2022-12-15 12:00', 'weather/attribute': 'дымлылык'}"
test_123,бүген никадәр эссе булачак,weather/find,none,False,0.0,True,False,False,"{'datetime': 'бүген', 'weather/attribute': 'эссе'}",{}
test_124,Барлык будильникларны бетер,alarm/cancel_alarm,none,False,0.9462,True,False,False,{'reference': 'Барлык'},{}
test_125,Бу ял көннәрендә Тахода һава торышы?,weather/find,weather/find,True,0.9007,False,False,False,"{'datetime': 'Бу ял көннәрендә', 'location': 'Тахода'}","{'location': 'Тахода', 'datetime': 'сегодня', 'weather/attribute': 'халык'}"
test_126,Миңа бүген пальто кирәкме?,weather/find,none,False,0.8461,True,False,False,"{'datetime': 'бүген', 'weather/attribute': 'пальто'}",{}
test_127,Яңгыр кайчан туктар?,weather/find,none,False,0.0,True,False,False,{'weather/attribute': 'Яңгыр'},{}
test_128,Дүшәмбе көнне 16:00 сәгатьтә минем мәктәпкә шалтыратырга хәтерләтү куй,reminder/set_reminder,none,False,0.9195,True,False,False,"{'datetime': 'Дүшәмбе көнне 16:00 сәгатьтә', 'reminder/todo': 'минем мәктәпкә шалтыратырга'}",{}
test_129,Минем будильнигымны сүндер.,alarm/cancel_alarm,alarm/cancel_alarm,True,0.9031,False,False,False,{'reference': 'Минем'},"{'datetime': '2022-12-31 00:00:00', 'reference': 'alarm1'}"
test_130,Бүген кич никадәр салкын булыр?,weather/find,none,False,0.0,True,False,False,"{'datetime': 'Бүген кич', 'weather/attribute': 'салкын'}",{}
test_131,Будильникны иртәнге җидегә куй.,alarm/set_alarm,alarm/set_alarm,True,0.92,False,False,False,{'datetime': 'иртәнге җидегә'},"{'datetime': '2022-12-31 12:00', 'recurring_datetime': 'daily', 'reminder/todo': 'Call John'}"
test_132,Минем Робны алу турында хәтерләтүемне бетер,reminder/cancel_reminder,none,False,0.8972,True,False,False,"{'reference': 'Минем', 'reminder/todo': 'Робны алу'}",{}
test_133,Иртәгә сөт сатып алу турында хәтерләтү яса.,reminder/set_reminder,none,False,0.8189,True,False,False,"{'datetime': 'Иртәгә', 'reminder/todo': 'сөт сатып алу'}",{}
test_134,Будильникны иртәнге 6 куй,alarm/set_alarm,alarm/set_alarm,True,0.9276,False,False,False,{'datetime': 'иртәнге 6'},"{'datetime': '2022-12-31 12:00', 'recurring_datetime': 'daily', 'reminder/todo': 'Call John', 'reference': 'alarm1'}"
test_135,"көндәлек будильникны, аны бетергәнче, кичке җиде сәгать утыз минутка планлаштыр",alarm/set_alarm,none,False,0.951,True,False,False,{'recurring_datetime': 'көндәлек | кичке җиде сәгать утыз минутка'},{}
test_136,миңа торыр өчен будильникны куерга исемә төшер,reminder/set_reminder,alarm/set_alarm,False,0.9272,False,False,False,{'reminder/todo': 'торыр өчен будильникны куерга'},"{'datetime': '2022-12-31 12:00', 'recurring_datetime': 'daily', 'reminder/todo': 'Call John'}"
test_137,Минем хәтерләтүне бетер,reminder/cancel_reminder,none,False,0.9048,True,False,False,{'reference': 'Минем'},{}
test_138,Бүген кар булырмы?,weather/find,none,False,0.8954,True,False,False,"{'datetime': 'Бүген', 'weather/attribute': 'кар'}",{}
test_139,Миңа бөтен будильникларны күрсәт,alarm/show_alarms,alarm/set_alarm,False,0.9223,False,False,False,{'reference': 'бөтен'},"{'datetime': '2022-12-31 23:59', 'recurring_datetime': 'every day', 'reminder/todo': 'call mom'}"
test_140,бөтен хәтерләтүләрне күрсәт,reminder/show_reminders,none,False,0.8575,True,False,False,{'reference': 'бөтен'},{}
test_141,минем будильнигымда күпме вакыт калды,alarm/time_left_on_alarm,alarm/set_alarm,False,0.9268,False,True,False,{'reference': 'минем'},"{'datetime': '2022-12-31 12:00', 'recurring_datetime': 'daily', 'reminder/todo': 'Call mom'}"
test_142,будильникны 2 сәгатькә куй,alarm/set_alarm,alarm/set_alarm,True,0.9296,False,False,False,{'datetime': '2 сәгатькә'},"{'datetime': '2023-03-15 08:00', 'recurring_datetime': 'daily', 'reminder/todo': 'buy groceries'}"
test_143,Эштән соң икмәк сатып алырга исемә төшер,reminder/set_reminder,none,False,0.8877,True,False,False,"{'datetime': 'Эштән соң', 'reminder/todo': 'икмәк сатып алырга'}",{}
test_144,Бүген яңгыр булырмы?,weather/find,weather/find,True,0.7787,False,False,False,"{'datetime': 'Бүген', 'weather/attribute': 'яңгыр'}","{'location': 'Алматы', 'datetime': '2022-12-15 12:00', 'weather/attribute': 'дымлылык'}"
test_145,бүгенге һава торышы фаразын укы,weather/find,weather/find,True,0.9102,False,False,False,{'datetime': 'бүгенге'},"{'location': 'Алматы', 'datetime': '2022-12-15 12:00', 'weather/attribute': 'дымлылык'}"
test_146,Минем будильнигым нинди вакытка куелган?,alarm/show_alarms,alarm/show_alarms,True,0.9743,False,False,False,{'reference': 'Минем'},{'datetime': 'дата/вакыт'}
test_147,иртәгә 4 миңа сәүдә үзәгенә барырга исемә төшер,reminder/set_reminder,none,False,0.8842,True,False,False,"{'datetime': 'иртәгә 4', 'reminder/todo': 'сәүдә үзәгенә барырга'}",{}
test_148,бүген кул чатырны үзем белән алыйммы,weather/find,none,False,0.8919,True,False,False,"{'datetime': 'бүген', 'weather/attribute': 'кул чатырны'}",{}
test_149,Минем хәтерләтүне күрсәт,reminder/show_reminders,none,False,0.9112,True,False,False,{'reference': 'Минем'},{}
test_150,Минем бөтен хәтерләтүләрне күрсәт,reminder/show_reminders,none,False,0.896,True,False,False,{'reference': 'Минем бөтен'},{}
test_151,Дүшәмбе көнне эт ризыгы турында хәтерләтү куй,reminder/set_reminder,none,False,0.9057,True,False,False,"{'datetime': 'Дүшәмбе', 'reminder/todo': 'эт ризыгы'}",{}
test_152,"Иртәгегә ""Сишәмбе кичендә Балада Саб йога дәресенә язылырга "" хәтерләтүне куй",reminder/set_reminder,none,False,0.9409,True,False,False,"{'datetime': 'Иртәгегә', 'reminder/todo': 'Сишәмбе кичендә Балада Саб йога дәресенә язылырга'}",{}
test_153,бүгенгегә бөтен искә төшерүләрне бетер,reminder/cancel_reminder,none,False,0.894,True,False,False,"{'datetime': 'бүгенгегә', 'reference': 'бөтен'}",{}
test_154,Бу атнада Нью-Йоркта нинди һава торышы булачак,weather/find,weather/find,True,0.9103,False,False,False,"{'datetime': 'Бу атнада', 'location': 'Нью - Йоркта'}","{'location': 'New York', 'datetime': 'current', 'condition_description': 'description of current weather condition', 'condition_temperature': 'current temperature', 'weather/attribute': 'smoke, rain  etc.'}"
test_155,пәнҗешәмбе көнне көндез 12-дә табибка баруымны исемә төшер,reminder/set_reminder,none,False,0.9135,True,False,False,"{'datetime': 'пәнҗешәмбе көнне көндез 12-дә', 'reminder/todo': 'табибка баруымны'}",{}
test_156,Будильникны кичке 6:50 куй,alarm/set_alarm,alarm/snooze_alarm,False,0.9851,False,False,False,{'datetime': 'кичке 6:50'},{'reference': '6:50'}
test_157,Бүген кар булырмы?,weather/find,none,False,0.8954,True,False,False,"{'datetime': 'Бүген', 'weather/attribute': 'кар'}",{}
test_158,Нинди будильниклар куелган?,alarm/show_alarms,none,False,0.9087,True,False,False,{},{}
test_159,7 октябрьгә искә төшерү будильникны куй,reminder/set_reminder,alarm/set_alarm,False,0.8979,False,False,False,{'datetime': '7 октябрьгә'},"{'datetime': '7 октября', 'recurring_datetime': 'каждый день', 'reminder/todo': 'позвонить маме'}"
test_160,бүген кар булырмы?,weather/find,none,False,0.0,True,False,False,"{'datetime': 'бүген', 'weather/attribute': 'кар'}",{}
test_161,будильникны 15 минутка күчер,alarm/snooze_alarm,alarm/set_alarm,False,0.9435,False,True,False,{'datetime': '15 минутка'},"{'datetime': '15 минут', 'recurring_datetime': 'false', 'reference': 'конкрет будильникка күрсәтү', 'reminder/todo': 'нәрсә эшләргә кирәк'}"
test_162,Күпме кар булуын фаразлыйлар?,weather/find,none,False,0.0,True,False,False,{'weather/attribute': 'кар'},{}
test_163,урамда эссе ме,weather/find,none,False,0.8981,True,False,False,"{'location': 'урамда', 'weather/attribute': 'эссе'}",{}
test_164,Бүген нинди температура булачак?,weather/find,weather/find,True,0.9445,False,False,False,"{'datetime': 'Бүген', 'weather/attribute': 'температура'}","{'location': 'урын', 'datetime': 'дата/вакыт', 'condition_description': 'яңгыр', 'condition_temperature': 'салкын'}"
test_165,иртәгә Далласта һава торышы нинди булыр,weather/find,weather/find,True,0.9225,False,False,False,"{'datetime': 'иртәгә', 'location': 'Далласта'}","{'location': 'Алматы', 'datetime': '2022-12-15 12:00', 'condition_description': 'яңгыр', 'condition_temperature': 'салкын'}"
test_166,бүгенгегә минем бөтен искә төшерүләрне күрсәт,reminder/show_reminders,none,False,0.8375,True,False,False,"{'datetime': 'бүгенгегә', 'reference': 'минем бөтен'}",{}
test_167,Атна саен продукт сатып алу турында хәтерләтү куй.,reminder/set_reminder,none,False,0.8349,True,False,False,"{'recurring_datetime': 'Атна саен', 'reminder/todo': 'продукт сатып алу'}",{}
test_168,һава торышы,weather/find,none,False,0.8936,True,False,False,{},{}
test_169,Яңгыр көне буе явыр микән?,weather/find,none,False,0.0,True,False,False,"{'weather/attribute': 'Яңгыр', 'datetime': 'көне буе'}",{}
test_170,Иртәгә яңгыр булырмы?,weather/find,weather/find,True,0.8865,False,False,False,"{'datetime': 'Иртәгә', 'weather/attribute': 'яңгыр'}","{'location': 'Алматы', 'datetime': '2022-12-15 12:00', 'weather/attribute': 'дымлылык'}"
test_171,Бүген кич эш хатларына җавап бирергә исемә төшер,reminder/set_reminder,none,False,0.8939,True,False,False,"{'datetime': 'Бүген кич', 'reminder/todo': 'эш хатларына җавап бирергә'}",{}
test_172,Будильникларны бетер,alarm/cancel_alarm,none,False,0.9464,True,False,False,{},{}
test_173,Минем будильникларны бетер,alarm/cancel_alarm,alarm/cancel_alarm,True,0.946,False,False,False,{'reference': 'Минем'},"{'datetime': '2022-12-31 00:00:00', 'reference': 'alarm1'}"
test_174,Мин бүген шортыны кия аламмы?,weather/find,none,False,0.8979,True,False,False,"{'datetime': 'бүген', 'weather/attribute': 'шортыны'}",{}
test_175,Иртәгә яңгыр булырмы?,weather/find,weather/find,True,0.8865,False,False,False,"{'datetime': 'Иртәгә', 'weather/attribute': 'яңгыр'}","{'location': 'Алматы', 'datetime': '2022-12-15 12:00', 'weather/attribute': 'дымлылык'}"
test_176,Будильникны иртәнге 10 куй,alarm/set_alarm,alarm/set_alarm,True,0.9168,False,False,False,{'datetime': 'иртәнге 10'},"{'datetime': '2022-12-31 12:00', 'recurring_datetime': 'daily', 'reminder/todo': 'Call mom'}"
test_177,бу атнада яңгыр булырмы,weather/find,none,False,0.8376,True,False,False,"{'datetime': 'бу атнада', 'weather/attribute': 'яңгыр'}",{}
test_178,бөтен хәтерләтүләрне күрсәт,reminder/show_reminders,none,False,0.8575,True,False,False,{'reference': 'бөтен'},{}
test_179,будильникларны бетер,alarm/cancel_alarm,none,False,0.9456,True,False,False,{},{}
test_180,бөтен будильникларны сүндер,alarm/cancel_alarm,none,False,0.9495,True,False,False,{'reference': 'бөтен'},{}
test_181,бөтен будильник настройкаларын күрсәт,alarm/show_alarms,alarm/set_alarm,False,0.9208,False,False,False,{'reference': 'бөтен'},"{'datetime': '2022-12-31 23:59', 'recurring_datetime': 'every day', 'reminder/todo': 'call mom'}"
test_182,Будильникны егерме минут саен куй,alarm/set_alarm,alarm/set_alarm,True,0.9011,False,False,False,{'recurring_datetime': 'егерме минут саен'},"{'datetime': '2022-12-31 23:59', 'recurring_datetime': 'daily', 'reminder/todo': 'call mom'}"
test_183,Минем нинди искә төшерүләрем бар?,reminder/show_reminders,none,False,0.0,True,False,False,{'reference': 'Минем'},{}
test_184,иртәгегә будильникны бетер,alarm/cancel_alarm,none,False,0.9532,True,False,False,{'datetime': 'иртәгегә'},{}
test_185,бүген миңа зонтик кирәкме?,weather/find,none,False,0.901,True,False,False,"{'datetime': 'бүген', 'weather/attribute': 'зонтик'}",{}
test_186,бүген кар булырмы?,weather/find,none,False,0.0,True,False,False,"{'datetime': 'бүген', 'weather/attribute': 'кар'}",{}
test_187,Бүген кич минем әнигә шалтыратырга искә төшер,reminder/set_reminder,none,False,0.8959,True,False,False,"{'datetime': 'Бүген кич', 'reminder/todo': 'минем әнигә шалтыратырга'}",{}
test_188,Бүген яңгыр булырмы?,weather/find,weather/find,True,0.7787,False,False,False,"{'datetime': 'Бүген', 'weather/attribute': 'яңгыр'}","{'location': 'Алматы', 'datetime': '2022-12-15 12:00', 'weather/attribute': 'дымлылык'}"
test_189,Шимбә көнне яңгыр булырмы?,weather/find,weather/find,True,0.8876,False,False,False,"{'datetime': 'Шимбә', 'weather/attribute': 'яңгыр'}","{'location': 'Алматы', 'datetime': '2022-12-15 12:00', 'weather/attribute': 'дымлылык'}"
test_190,Будильникны һәр минут саен 20 минутка куясынмы?,alarm/set_alarm,alarm/set_alarm,True,0.8905,False,False,False,{'recurring_datetime': 'һәр минут саен 20 минутка'},"{'datetime': '2022-12-12T14:40:00', 'recurring_datetime': 'PT1M', 'reminder/todo': 'Study for exam'}"
test_191,Кариб бассейнында тропик давыллар,weather/find,none,False,0.9065,True,False,False,"{'location': 'Кариб', 'weather/attribute': 'тропик давыллар'}",{}
test_192,барлык будильникларны бетер,alarm/cancel_alarm,none,False,0.9471,True,False,False,{'reference': 'барлык'},{}
test_193,Будильникны тугыз минут саен куй,alarm/set_alarm,alarm/set_alarm,True,0.8968,False,False,False,{'recurring_datetime': 'тугыз минут саен'},"{'datetime': '5 minutes', 'recurring_datetime': 'daily', 'reminder/todo': 'remind me to take medication'}"
test_194,Минем исемлектән соңгы ике хәтерләтүне бетер,reminder/cancel_reminder,none,False,0.9066,True,False,False,{'reference': 'соңгы ике'},{}
test_195,бүген һава торышы нинди,weather/find,none,False,0.8966,True,False,False,{'datetime': 'бүген'},{}
test_196,минем будильнигымны кабыз,alarm/set_alarm,alarm/set_alarm,True,0.9226,False,False,False,{'reference': 'минем'},"{'datetime': '2022-12-31 12:00', 'recurring_datetime': 'daily', 'reminder/todo': 'Call mom'}"
test_197,Бүген һаваның дымлылыгы нинди?,weather/find,weather/find,True,0.9382,False,False,False,"{'datetime': 'Бүген', 'weather/attribute': 'һаваның дымлылыгы'}","{'location': 'урын', 'condition_description': 'яңгыр', 'datetime': 'дата/вакыт', 'weather/attribute': 'дымлылык'}"
test_198,миңа торыр өчен будильникны куерга исемә төшер,reminder/set_reminder,alarm/set_alarm,False,0.9272,False,False,False,{'reminder/todo': 'миңа торыр өчен будильникны куерга'},"{'datetime': '2022-12-31 12:00', 'recurring_datetime': 'daily', 'reminder/todo': 'Call John'}"
test_199,Бу ял көннәрендә кар явырмы?,weather/find,none,False,0.0,True,False,False,"{'datetime': 'Бу ял көннәрендә', 'weather/attribute': 'кар'}",{}
test_200,Бүген никадәр эссе булачак?,weather/find,none,False,0.0,True,False,False,"{'datetime': 'Бүген', 'weather/attribute': 'эссе'}",{}
test_201,Минем будильнигым нинди вакытка куелган,alarm/show_alarms,alarm/set_alarm,False,0.9196,False,False,False,{'reference': 'Минем'},"{'datetime': '2022-12-31 12:00', 'recurring_datetime': 'daily', 'reminder/todo': 'buy groceries'}"
test_202,Бүген һава торышы нинди?,weather/find,weather/find,True,0.9031,False,False,False,{'datetime': 'Бүген'},"{'location': 'Алматы', 'datetime': '2022-12-15 12:00', 'weather/attribute': 'дымлылык'}"
test_203,Иртәгә яңгыр явармы?,weather/find,weather/find,True,0.8854,False,False,False,"{'datetime': 'Иртәгә', 'weather/attribute': 'яңгыр'}","{'location': 'Алматы', 'datetime': '2022-12-15 12:00', 'weather/attribute': 'дымлылык'}"
test_204,Сишәмбе көнне иртәнге 5:15 минем будильнигымны бетер,alarm/cancel_alarm,alarm/cancel_alarm,True,0.9706,False,False,False,"{'datetime': 'Сишәмбе көнне иртәнге 5:15', 'reference': 'минем'}",{'datetime': '05:15'}
test_205,бүгенге уен турында искәртүне бетер,reminder/cancel_reminder,RateBook,False,0.9466,False,False,False,"{'datetime': 'бүгенге', 'reminder/todo': 'уен'}","{'object_name': 'The Catcher in the Rye', 'object_type': 'book', 'object_part_of_series_type': 'book', 'object_select': 'this', 'rating_unit': 'stars', 'rating_value': 4.5, 'best_rating': 5}"
test_206,будильникны иртәнге көндезге 3-ке куй,alarm/set_alarm,alarm/set_alarm,True,0.9259,False,False,False,{'datetime': 'көндезге 3-ке'},"{'datetime': '2022-12-31 23:59', 'recurring_datetime': 'daily', 'reminder/todo': 'Call John'}"
test_207,шимбә көнне бөтен будильникларны бетер,alarm/cancel_alarm,none,False,0.9463,True,False,False,"{'datetime': 'шимбә көнне', 'reference': 'бөтен'}",{}
test_208,Миңа Лизаны алу турында искәртү кирәк,reminder/set_reminder,reminder/set_reminder,True,0.9113,False,False,False,{'reminder/todo': 'Лизаны алу'},"{'datetime': '2022-12-31 23:59', 'recurring_datetime': 'weekly', 'reminder/todo': 'Call Lisa'}"
test_209,Бүген нинди югары температура?,weather/find,weather/find,True,0.9553,False,False,False,"{'datetime': 'Бүген', 'weather/attribute': 'югары'}","{'location': 'урын', 'condition_temperature': 'температура шартлары'}"
test_210,Бүген Гринстоунда болытлы булырмы?,weather/find,weather/find,True,0.8934,False,False,False,"{'datetime': 'Бүген', 'location': 'Гринстоунда', 'weather/attribute': 'болытлы'}","{'location': 'Гринстоун', 'datetime': 'сегодня', 'weather/attribute': 'погода'}"
test_211,Соңрак искә төшер,reminder/set_reminder,none,False,0.8932,True,False,False,{'datetime': 'Соңрак'},{}
test_212,бүген франциядә нинди һава торышы,weather/find,weather/find,True,0.9339,False,False,False,"{'datetime': 'бүген', 'location': 'франциядә'}","{'location': 'Paris', 'datetime': '2022-12-15', 'condition_description': 'cloudy', 'condition_temperature': '10 degrees Celsius'}"
test_213,Шимбә кичәсендә кояшлы булырмы?,weather/find,none,False,0.0,True,False,False,"{'datetime': 'Шимбә', 'weather/attribute': 'кояшлы'}",{}
test_214,Иртәгә яңгыр явармы?,weather/find,weather/find,True,0.8854,False,False,False,"{'datetime': 'Иртәгә', 'weather/attribute': 'яңгыр'}","{'location': 'Алматы', 'datetime': '2022-12-15 12:00', 'weather/attribute': 'дымлылык'}"
test_215,Мин бүген шортыны кия аламмы?,weather/find,none,False,0.8979,True,False,False,"{'datetime': 'бүген', 'weather/attribute': 'шортыны'}",{}
test_216,Минем искәртүемне күрсәт,reminder/show_reminders,reminder/set_reminder,False,0.9333,False,False,False,{'reference': 'Минем'},"{'datetime': '2022-12-31 23:59', 'recurring_datetime': 'weekly', 'reminder/todo': 'Call John'}"
test_217,Сентябрьдә уртача һава торышы нинди,weather/find,weather/find,True,0.9473,False,False,False,{'datetime': 'Сентябрьдә'},"{'location': 'Алматы', 'datetime': '2022-09-01', 'condition_description': 'яңгыр', 'condition_temperature': 'салкын'}"
test_218,Бүген салкынмы?,weather/find,none,False,0.8988,True,False,False,"{'datetime': 'Бүген', 'weather/attribute': 'салкынмы'}",{}
test_219,Бөтен искәртүләремне бетер,reminder/cancel_reminder,none,False,0.9138,True,False,False,{'reference': 'Бөтен'},{}
test_220,монда эссеме?,weather/find,SearchCreativeWork,False,0.8281,False,False,False,{'weather/attribute': 'эссеме'},"{'object_name': 'film', 'object_type': 'фильм'}"
test_221,Ял көннәрендә көндезге 2 будильнигымны куй,alarm/set_alarm,alarm/set_alarm,True,0.9243,False,False,False,{'recurring_datetime': 'Ял көннәрендә көндезге 2'},"{'datetime': '2023-03-15 07:00', 'recurring_datetime': 'daily', 'reminder/todo': 'Call John'}"
test_222,Будильникны иртәнге 2 куй,alarm/set_alarm,alarm/set_alarm,True,0.9276,False,False,False,{'datetime': 'иртәнге 2'},"{'datetime': '2022-12-31 12:00', 'recurring_datetime': 'daily', 'reminder/todo': 'Call John'}"
test_223,Бүген һаваның дымлылыгы нинди?,weather/find,weather/find,True,0.9382,False,False,False,"{'datetime': 'Бүген', 'weather/attribute': 'һаваның дымлылыгы'}","{'location': 'урын', 'condition_description': 'яңгыр', 'datetime': 'дата/вакыт', 'weather/attribute': 'дымлылык'}"
test_224,минем бөтен будильникларымны күрсәт,alarm/show_alarms,alarm/set_alarm,False,0.9272,False,False,False,{'reference': 'минем бөтен'},"{'datetime': '2022-12-31 12:00', 'recurring_datetime': 'daily', 'reminder/todo': 'Call mom'}"
test_225,Минем бөтен искәртүләремне күрсәт,reminder/show_reminders,none,False,0.916,True,False,False,{'reference': 'Минем бөтен'},{}
test_226,бөтен будильникларымны бетер,alarm/cancel_alarm,none,False,0.95,True,False,False,{'reference': 'бөтен'},{}
test_227,Давыл минем районыма якынлашамы?,weather/find,FindLocation,False,0.8033,False,False,False,"{'weather/attribute': 'Давыл', 'location': 'минем районыма'}",{'location': 'your_region'}
test_228,бүген һава торышы нинди,weather/find,none,False,0.8966,True,False,False,{'datetime': 'бүген'},{}
test_229,соңгы искәртүемне бетер,reminder/cancel_reminder,reminder/cancel_reminder,True,0.9352,False,False,False,{'reference': 'соңгы'},"{'datetime': '2022-12-31 23:59', 'reminder/todo': 'Call John'}"
test_230,Будильникка күпме вакыт калды.,alarm/time_left_on_alarm,alarm/time_left_on_alarm,True,0.9626,False,True,False,{},{'reference': 'конкрет будильникка күрсәтү'}
test_231,Якшәмбе көнне минем бөтен будильникларымны бетер.,alarm/cancel_alarm,none,False,0.9061,True,False,False,"{'datetime': 'Якшәмбе көнне', 'reference': 'минем бөтен'}",{}
test_232,Бүген нихәтле эссе булачак?,weather/find,weather/find,True,0.8674,False,False,False,"{'datetime': 'Бүген', 'weather/attribute': 'эссе'}","{'location': 'Алматы', 'datetime': '2022-12-15 12:00', 'weather/attribute': 'дымлылык'}"
test_233,Мин сине иртәгә иртәнге 8:45 яңа будильникны куерга теләр идем,alarm/set_alarm,none,False,0.9332,True,False,False,{'datetime': 'иртәгә иртәнге 8:45'},{}
test_234,бөтен будильникларны бетер,alarm/cancel_alarm,none,False,0.9473,True,False,False,{'reference': 'бөтен'},{}
test_235,Бүген кар явармы?,weather/find,none,False,0.0,True,False,False,"{'datetime': 'Бүген', 'weather/attribute': 'кар'}",{}
test_236,миңа бозны алырга искә төшер,reminder/set_reminder,none,False,0.8426,True,False,False,{'reminder/todo': 'бозны алырга'},{}
test_237,бөтен искәртүләремне күрсәт,reminder/show_reminders,none,False,0.9028,True,False,False,{'reference': 'бөтен'},{}
test_238,бөтен будильникларымны күрсәт,alarm/show_alarms,alarm/set_alarm,False,0.9242,False,False,False,{'reference': 'бөтен'},"{'datetime': '2022-12-31 23:59', 'recurring_datetime': 'every day', 'reminder/todo': 'call mom'}"
test_239,Сан-Францискода һава торышы нинди?,weather/find,weather/find,True,0.9735,False,False,False,{'location': 'Сан - Францискода'},{'location': 'Сан-Франциско'}
test_240,Бөтен искәртүләремне бетер,reminder/cancel_reminder,none,False,0.9138,True,False,False,{'reference': 'Бөтен'},{}
test_241,Концерт турында искәртүне бетер,reminder/cancel_reminder,reminder/cancel_reminder,True,0.8094,False,False,False,{'reminder/todo': 'Концерт'},"{'datetime': '2022-12-31', 'reminder/todo': 'buy Christmas gifts'}"
test_242,Иртәгә иртәнге будильникны бетер,alarm/cancel_alarm,none,False,0.954,True,False,False,{'datetime': 'Иртәгә иртәнге'},{}
test_243,бу атнада яңгыр явармы,weather/find,none,False,0.8957,True,False,False,"{'datetime': 'бу атнада', 'weather/attribute': 'яңгыр'}",{}
test_244,Гольф уйнау өчен чәршәмбе көнне һава торышы нинди?,weather/find,weather/find,True,0.9149,False,False,False,{'datetime': 'чәршәмбе көнне'},"{'location': 'гольф уйнау өчен', 'datetime': 'көнне һава торышы', 'condition_description': 'климат', 'condition_temperature': 'температура'}"
test_245,бөтен будильникларымны күрсәт,alarm/show_alarms,alarm/set_alarm,False,0.9242,False,False,False,{'reference': 'бөтен'},"{'datetime': '2022-12-31 23:59', 'recurring_datetime': 'every day', 'reminder/todo': 'call mom'}"
test_246,бөтен иртәгә будильникларны сүндер,alarm/cancel_alarm,none,False,0.9508,True,False,False,"{'reference': 'бөтен', 'datetime': 'иртәгә'}",{}
test_247,Будильнигымны бүген кичке 5 куй,alarm/set_alarm,none,False,0.9662,True,False,False,{'datetime': 'бүген кичке 5'},{}
test_248,будильнигымны иртәге 7-гә куй,alarm/set_alarm,alarm/set_alarm,True,0.9266,False,False,False,{'datetime': 'иртәге 7-гә'},"{'datetime': '2022-12-31 12:00', 'recurring_datetime': 'daily', 'reminder/todo': 'Call John'}"
test_249,Иртәгә кояшлы булырмы?,weather/find,none,False,0.0,True,False,False,"{'datetime': 'Иртәгә', 'weather/attribute': 'кояшлы'}",{}
test_250,бүген нинди эссе булыр,weather/find,none,False,0.8383,True,False,False,"{'datetime': 'бүген', 'weather/attribute': 'эссе'}",{}
test_251,Бир ноль йолдызлар Halo: Ghosts of Onyx,RateBook,none,False,0.9082,True,False,False,"{'rating_value': 'ноль', 'rating_unit': 'йолдызлар', 'object_name': 'Halo: Ghosts of Onyx'}",{}
test_252,Джой Нило музыкасын кабыз .,PlayMusic,PlayMusic,True,0.8208,False,False,False,{'artist': 'Джой Нило'},"{'music_item': 'җыр', 'artist': 'Елдос', 'album': 'Алтын жауырма', 'playlist': 'Музыкал үй', 'service': 'Spotify', 'sort': 'По популярности', 'track': 'Алтын жауырма'}"
test_253,"Зинһар, миңа 20 Hours in America дип аталган видеоуен таб .",SearchCreativeWork,SearchCreativeWork,True,0.9739,False,False,False,"{'object_name': '20 Hours in America', 'object_type': 'видеоуен'}","{'object_name': '20 Hours in America', 'object_type': 'video'}"
test_254,Мин ясаган плейлистымны уйнат,PlayMusic,AddToPlaylist,False,0.9399,False,False,False,{'playlist': 'ясаган'},"{'artist': 'Ed Sheeran', 'entity_name': 'Perfect', 'music_item': 'song', 'playlist': 'My Favourites', 'reference': 'this'}"
test_255,Термонтта 9 кешегә урын броньла,BookRestaurant,none,False,0.9319,True,False,False,"{'location': 'Термонтта', 'party_size_number': '9 кешегә'}",{}
test_256,Бу көйне Доротиның 80's party плейлистына өстә,AddToPlaylist,AddToPlaylist,True,0.9471,False,False,False,"{'music_item': 'көйне', 'reference': 'Доротиның', 'playlist': ""80's party""}","{'artist': ""80's"", 'entity_name': 'playlist', 'music_item': 'music', 'playlist': ""Dorothy's 80's party playlist"", 'reference': ""Dorothy's 80's party playlist""}"
test_257,Last FM-да Эдди Винсонның иң яңа көйен кабыз .,PlayMusic,none,False,0.9639,True,False,False,"{'service': 'Last FM-да', 'artist': 'Эдди Винсонның', 'sort': 'иң яңа', 'music_item': 'көйен'}",{}
test_258,Небрасканың һава торышын тикшер .,weather/find,weather/find,True,0.9202,False,False,False,{'location': 'Небрасканың'},"{'location': 'Небраска', 'datetime': 'сегодня', 'condition_description': 'яңгыр', 'condition_temperature': 'салкын'}"
test_259,NC-да хәзер буран бармы ?,weather/find,SearchCreativeWork,False,0.888,False,False,True,"{'location': 'NC-да', 'datetime': 'хәзер', 'condition_description': 'буран'}","{'object_name': 'хәзер буран', 'object_type': 'уен'}"
test_260,Мин 1998 елгы минионны тыңларга телим .,PlayMusic,none,False,0.8707,True,False,False,"{'datetime': '1998', 'music_item': 'минионны'}",{}
test_261,Миңа Дипсон театрларында A Yiddish World Remembered өчен вакыт кирәк,SearchScreeningEvent,PlayMusic,False,0.9262,False,False,False,"{'location': 'Дипсон театрларында', 'movie_name': 'A Yiddish World Remembered', 'object_type': 'вакыт'}","{'music_item': 'A Yiddish World Remembered', 'service': 'DiPson Theatres'}"
test_262,Хәзерге дәреслеккә 6-дан 1 балл бир,RateBook,none,False,0.9135,True,False,False,"{'object_select': 'Хәзерге', 'object_type': 'дәреслеккә', 'best_rating': '6-дан', 'rating_value': '1'}",{}
test_263,Мэтт Мерфиның көйен Flow Español плейлистына өстә.,AddToPlaylist,AddToPlaylist,True,0.8662,False,False,False,"{'artist': 'Мэтт Мерфиның', 'music_item': 'көйен', 'playlist': 'Flow Español'}","{'artist': 'Mett Murphy', 'entity_name': 'Flow Español', 'music_item': 'music_track', 'playlist': 'My Playlist', 'reference': 'My Playlist - Mett Murphy - Flow Español'}"
test_264,Мин 3 кешегә 20/05/2025 Техас янындагы судан гастропабын броньларга телим .,BookRestaurant,none,False,0.9272,True,False,True,"{'party_size_number': '3', 'datetime': '20/05/2025', 'location': 'Техас | янындагы', 'cuisine': 'судан', 'restaurant_type': 'гастропабын'}",{}
test_265,Син The Approach телесериал таба алмасыңмы,SearchCreativeWork,RateBook,False,0.9665,False,False,False,"{'object_name': 'The Approach', 'object_type': 'телесериал'}","{'object_name': 'The Approach', 'object_type': 'телесериал', 'object_part_of_series_type': 'серия', 'object_select': 'бу', 'rating_unit': 'йолдыз', 'rating_value': '5'}"
test_266,Бу хроникага 2 балл бир.,RateBook,none,False,0.0,True,False,True,"{'object_select': 'Бу', 'object_part_of_series_type': 'хроникага', 'rating_value': '2'}",{}
test_267,The American Scene-ка 6-дан 2 йолдыз бир,RateBook,none,False,0.9159,True,False,False,"{'object_name': 'The American Scene-ка', 'best_rating': '6-дан', 'rating_value': '2', 'rating_unit': 'йолдыз'}",{}
test_268,Минем Nação Reggae плейлистына emilie autumn өстә.,AddToPlaylist,AddToPlaylist,True,0.9693,False,False,False,"{'reference': 'Минем', 'playlist': 'Nação Reggae', 'artist': 'emilie autumn'}","{'artist': 'Nação Reggae', 'entity_name': 'emilie autumn', 'playlist': 'playlist_name'}"
test_269,Мин Гамбиядәге яһүд ресторанын броньларга телим .,BookRestaurant,none,False,0.9136,True,False,True,"{'location': 'Гамбиядәге', 'cuisine': 'яһүд', 'restaurant_type': 'ресторанын'}",{}
test_270,Fried chicken restaurant өстәленә заказ бир,BookRestaurant,BookRestaurant,True,0.9193,False,False,True,{'restaurant_name': 'Fried chicken restaurant'},"{'restaurant_name': 'Fried chicken restaurant', 'restaurant_type': 'restaurant', 'cuisine': 'American', 'location': 'city_name', 'party_size_description': 'party of 4', 'party_size_number': '4', 'served_dish': 'fried chicken', 'sort': 'delivery'}"
test_271,минем House Afterwork плейлистымна we have a theme song өстә,AddToPlaylist,AddToPlaylist,True,0.9372,False,False,False,"{'reference': 'минем', 'playlist': 'House Afterwork', 'entity_name': 'we have a theme song'}","{'artist': 'House Afterwork', 'entity_name': 'theme song', 'music_item': 'music', 'playlist': 'House Afterwork playlist'}"
test_272,2026 елның унтугызынчы октябрендә моннан ерак түгел нинди һава торышы булачак ?,weather/find,weather/find,True,0.9212,False,False,False,"{'datetime': '2026 елның унтугызынчы октябрендә', 'location': 'моннан | ерак түгел'}","{'location': '2026 жылның унтугызынчы октябре', 'datetime': '2026 жылның унтугызынчы октябре', 'weather/attribute': 'хава торышы атрибуты'}"
test_273,Уолденда һава торышы Россия 26/12/2018,weather/find,weather/find,True,0.9391,False,False,False,"{'location': 'Уолденда | Россия', 'datetime': '26/12/2018'}","{'location': 'Россия', 'datetime': '26/12/2018', 'condition_description': 'яңгыр', 'condition_temperature': 'салкын'}"
test_274,Мин каенана һәм миңа бер елдан соң Buckner ресторанны броньларга телим .,BookRestaurant,none,False,0.9205,True,False,True,"{'party_size_description': 'каенана һәм миңа', 'datetime': 'бер елдан соң', 'location': 'Buckner', 'restaurant_type': 'ресторанны'}",{}
test_275,Бу китапка 1 балл бир,RateBook,RateBook,True,0.9439,False,False,False,"{'object_select': 'Бу', 'object_type': 'китапка', 'rating_value': '1'}","{'object_name': 'The Catcher in the Rye', 'object_type': 'book', 'object_part_of_series_type': 'none', 'object_select': 'this', 'rating_unit': 'stars', 'rating_value': 5, 'best_rating': 5}"
test_276,бу башкаручыны минем spotlight on country 2016 плейлистына өстә,AddToPlaylist,AddToPlaylist,True,0.9379,False,False,False,"{'music_item': 'башкаручыны', 'reference': 'минем', 'playlist': 'spotlight on country 2016'}","{'artist': 'spotlight on country', 'entity_name': '2016', 'music_item': 'playlist', 'playlist': 'spotlight on country 2016'}"
test_277,Син Epic Conditions рәсемен таба алмасыңмы ?,SearchCreativeWork,SearchCreativeWork,True,0.9407,False,False,False,"{'object_name': 'Epic Conditions', 'object_type': 'рәсемен'}","{'object_name': 'Epic Conditions', 'object_type': 'show'}"
test_278,Iheart-та rich sex уйна,PlayMusic,PlayMusic,True,0.8128,False,False,True,"{'service': 'Iheart-та', 'track': 'rich sex'}","{'music_item': 'җыр', 'artist': 'Елбарас', 'album': 'Алтын жауы', 'playlist': 'Музыкал үй', 'service': 'Spotify', 'sort': 'По популярности', 'track': 'Алтын жауы'}"
test_279,Bartok the Magnificent иртәнге җидедә башланачакмы ?,SearchScreeningEvent,none,False,0.9112,True,False,False,"{'movie_name': 'Bartok the Magnificent', 'datetime': 'иртәнге җидедә'}",{}
test_280,Zvooq-да берәр нәрсә уйна,PlayMusic,none,False,0.904,True,False,False,{'service': 'Zvooq-да'},{}
test_281,Миңа Крис Найт музыкасын тыңларга бир,PlayMusic,PlayMusic,True,0.7954,False,False,False,{'artist': 'Крис Найт'},"{'music_item': 'җыр', 'artist': 'Елбарас', 'album': 'Алтын жауы', 'playlist': 'Музыкал үй', 'service': 'Spotify', 'sort': 'По популярности'}"
test_282,Джилл Собул альбомын кабыз,PlayMusic,none,False,0.9518,True,False,True,"{'album': 'Джилл Собул', 'music_item': 'альбомын'}",{}
test_283,The Broken Window дүрт йолдыз бирегез,RateBook,RateBook,True,0.9481,False,False,False,"{'object_name': 'The Broken Window', 'rating_value': 'дүрт', 'rating_unit': 'йолдыз'}","{'object_name': 'The Broken Window', 'object_type': 'book', 'rating_unit': 'star', 'rating_value': 4, 'best_rating': 5, 'object_part_of_series_type': 'none', 'object_select': 'this', 'object_type_of_series': 'none'}"
test_284,Tatra-милли паркында иртәнге 6да һава торышын миңа әйт,weather/find,none,False,0.9203,True,False,False,"{'location': 'Tatra-милли паркында', 'datetime': 'иртәнге 6да'}",{}
test_285,"Зинһар, миңа бистродагы өстәлне броньла, анда lorna doone хезмәт итәләр .",BookRestaurant,none,False,0.9168,True,False,True,"{'restaurant_type': 'бистродагы', 'served_dish': 'lorna doone'}",{}
test_286,The Mystery of the Tolling Bell сериалны 4 йолдызга бәялә .,RateBook,RateBook,True,0.9748,False,False,True,"{'object_name': 'The Mystery of the Tolling Bell', 'object_part_of_series_type': 'сериалны', 'rating_value': '4', 'rating_unit': 'йолдызга'}","{'object_name': 'The Mystery of the Tolling Bell', 'object_type': 'series', 'object_part_of_series_type': 'episode', 'object_select': '4', 'rating_unit': 'star', 'rating_value': '4', 'best_rating': '5'}"
test_287,Музыка уйнау өчен Groove Shark куллан,PlayMusic,none,False,0.9536,True,False,False,{'service': 'Groove Shark'},{}
test_288,Якындагы кинотеатрда Snowbound күрсәтү графигын тикшер .,SearchScreeningEvent,SearchScreeningEvent,True,0.92,False,False,True,"{'location': 'Якындагы', 'object_location_type': 'кинотеатрда', 'movie_name': 'Snowbound'}","{'location': 'Snowbound', 'movie_name': 'графигын исеме', 'movie_type': 'кино', 'object_location_type': 'кинотеатр', 'object_type': 'фильм'}"
test_289,"Зинһар, Zvooq ач",PlayMusic,none,False,0.9048,True,False,False,{'service': 'Zvooq'},{}
test_290,1 кешегә урын Меритта Town of Ramsgate броньла,BookRestaurant,none,False,0.9274,True,False,True,"{'party_size_number': '1', 'location': 'Меритта', 'restaurant_name': 'Town of Ramsgate'}",{}
test_291,I Think I Do кичке 7-дә уйныймы ?,SearchScreeningEvent,none,False,0.906,True,False,False,"{'movie_name': 'I Think I Do', 'datetime': 'кичке 7-дә'}",{}
test_292,Custer National Forest кичке җидедә салкынрак булырмы,weather/find,none,False,0.9269,True,False,True,"{'location': 'Custer National Forest', 'datetime': 'кичке җидедә', 'condition_temperature': 'салкынрак'}",{}
test_293,Мин Youtube-та берәр нәрсә тыңларга телим,PlayMusic,SearchCreativeWork,False,0.8902,False,False,False,{'service': 'Youtube-та'},"{'object_name': 'film', 'object_type': 'фильм'}"
test_294,Difficult Loves уенын эзлә,SearchCreativeWork,none,False,0.9039,True,False,False,"{'object_name': 'Difficult Loves', 'object_type': 'уенын'}",{}
test_295,Нинди һава торышы 20 февральгә Bothe-Napa Valley дәүләт паркында ?,weather/find,weather/find,True,0.9469,False,False,False,"{'datetime': '20 февральгә', 'location': 'Bothe-Napa Valley дәүләт паркында'}","{'location': 'Bothe-Napa Valley', 'datetime': '2022-02-02', 'weather/attribute': 'temperature'}"
test_296,миңа кинотеатр янындагы The Great Gildersleeve фильмы сессияләре расписаниесен күрсәт,SearchScreeningEvent,SearchScreeningEvent,True,0.9529,False,False,True,"{'object_location_type': 'кинотеатр', 'movie_name': 'The Great Gildersleeve', 'object_type': 'расписаниесен'}","{'location': 'кинотеатр янындагы', 'movie_name': 'The Great Gildersleeve', 'datetime': 'дата/вакыт', 'object_type': 'фильм'}"
test_297,Миңа Гибслендта һава торышын әйт,weather/find,weather/find,True,0.9275,False,False,False,{'location': 'Гибслендта'},"{'location': 'New York', 'datetime': '2022-12-15', 'condition_description': 'rain', 'condition_temperature': 'cold'}"
test_298,Мин күршедәге кино графигын белә аламмы,SearchScreeningEvent,SearchScreeningEvent,True,0.9293,False,False,False,"{'location': 'күршедәге', 'movie_type': 'кино', 'object_type': 'графигын'}","{'datetime': '2022-12-15 18:00', 'location': 'City Cinema', 'movie_name': 'Avatar', 'movie_type': 'film', 'object_location_type': 'cinema', 'object_type': 'movie'}"
test_299,Soul Music-ка 0 балл бир .,RateBook,PlayMusic,False,0.9226,False,False,False,"{'object_name': 'Soul Music-ка', 'rating_value': '0'}","{'music_item': 'Soul Music', 'artist': 'Various Artists', 'album': 'Soul Classics', 'genre': 'Soul', 'playlist': 'My Playlist', 'service': 'Spotify', 'sort': 'Alphabetical', 'track': 'A Change Is Gonna Come'}"
test_300,Сарджентстада татар тавернасында биш кешегә өстәл заказ итегез,BookRestaurant,none,False,0.8852,True,False,True,"{'location': 'Сарджентстада', 'cuisine': 'татар', 'restaurant_type': 'тавернасында', 'party_size_number': 'биш'}",{}
test_301,All Things Must Pass кабыз,PlayMusic,PlayMusic,True,0.9525,False,False,True,{'track': 'All Things Must Pass'},"{'music_item': 'All Things Must Pass', 'artist': 'George Harrison', 'playlist': 'My Favourite Songs', 'service': 'Spotify'}"
test_302,Кореяда бер сәгатьтән соң нинди яңгыр фаразы булачак,weather/find,none,False,0.8938,True,False,True,"{'location': 'Кореяда', 'datetime': 'бер сәгатьтән соң', 'condition_description': 'яңгыр'}",{}
test_303,Оклахомада South Street Diner-да 4 кешелек урын броньла,BookRestaurant,none,False,0.9386,True,False,True,"{'location': 'Оклахомада', 'restaurant_name': 'South Street Diner-да', 'party_size_number': '4'}",{}
test_304,Netflix-тан музыканы уйнат .,PlayMusic,PlayMusic,True,0.8203,False,False,False,{'service': 'Netflix-тан'},"{'music_item': 'җыр', 'artist': 'Елдос', 'album': 'Алтын жауырма', 'playlist': 'Музыкал үй', 'service': 'Spotify', 'sort': 'По популярности'}"
test_305,Мин Shattered Image-не күрергә телим .,SearchScreeningEvent,none,False,0.8988,True,False,False,{'movie_name': 'Shattered Image-не'},{}
test_306,The Sound of One Hand Clapping-ны таб,SearchCreativeWork,none,False,0.925,True,False,False,{'object_name': 'The Sound of One Hand Clapping-ны'},{}
test_307,Wolves Within альбомын эзлә,SearchCreativeWork,PlayMusic,False,0.9149,False,False,False,"{'object_name': 'Wolves Within', 'object_type': 'альбомын'}","{'album': 'Wolves Within', 'artist': 'The Cranberries', 'music_item': 'album', 'playlist': 'My Playlist', 'service': 'Spotify'}"
test_308,берәр кинотеатрда We Are Northern Lights күрсәтеләрмә,SearchScreeningEvent,none,False,0.9209,True,False,True,"{'object_location_type': 'кинотеатрда', 'movie_name': 'We Are Northern Lights'}",{}
test_309,"Безнең кечкенә дөнья почмагы, Гилмор кыз музыкасы минем Иң көлкесе әйберләр футболда плейлистыма өстә.",AddToPlaylist,AddToPlaylist,True,0.9391,False,False,False,"{'entity_name': 'Безнең кечкенә дөнья почмагы , Гилмор кыз музыкасы', 'reference': 'минем', 'playlist': 'Иң көлкесе әйберләр футболда'}","{'artist': 'Gilmore Girls Soundtrack', 'entity_name': 'My Playlist', 'music_item': 'football songs', 'playlist': 'Gilmore Girls Playlist'}"
test_310,Саутфорд Фолс дәүләт паркында эссе һава торышы фаразы нинди,weather/find,weather/find,True,0.9285,False,False,True,"{'location': 'Саутфорд Фолс дәүләт паркында', 'condition_temperature': 'эссе'}","{'location': 'Саутфорд Фолс дәүләт паркы', 'condition_description': 'эссе', 'condition_temperature': 'температура'}"
test_311,"Зинһар, миӊа Гана парковкасы белән пиццерия өстәленә заказ бир .",BookRestaurant,none,False,0.9209,True,False,True,"{'location': 'Гана', 'facility': 'парковкасы', 'restaurant_type': 'пиццерия'}",{}
test_312,Мин җитмешенче еллар саундтрегын тыңларга телим .,PlayMusic,none,False,0.9071,True,False,False,"{'datetime': 'җитмешенче', 'music_item': 'саундтрегын'}",{}
test_313,Ике сәгатьтән соң Үзбәкстанда һава торышы,weather/find,none,False,0.8869,True,False,False,"{'datetime': 'Ике сәгатьтән соң', 'location': 'Үзбәкстанда'}",{}
test_314,"Зинһар, миңа Journal of the British Astronomical Association фильмын таб .",SearchCreativeWork,SearchCreativeWork,True,0.9743,False,False,False,"{'object_name': 'Journal of the British Astronomical Association', 'object_type': 'фильмын'}","{'object_name': 'Journal of the British Astronomical Association', 'object_type': 'film'}"
test_315,"Уордвилл-да, Канзас-та 8 кешелек урын броньла",BookRestaurant,none,False,0.9146,True,False,False,"{'location': 'Уордвилл-да | Канзас-та', 'party_size_number': '8'}",{}
test_316,Нинди һава торышы моннан ерак булачак ?,weather/find,weather/find,True,0.9566,False,False,False,{'location': 'моннан | ерак'},"{'location': 'урын', 'datetime': 'дата/вакыт', 'condition_description': 'яңгыр', 'condition_temperature': 'салкын', 'weather/attribute': 'дымлылык'}"
test_317,Ричард Макнамараның яңа җырын Just Smile плейлистыма өстә,AddToPlaylist,AddToPlaylist,True,0.9432,False,False,False,"{'artist': 'Ричард Макнамараның', 'music_item': 'җырын', 'playlist': 'Just Smile'}","{'artist': 'Richard MCNamara', 'entity_name': 'Just Smile', 'music_item': 'song', 'playlist': 'MyPlaylist'}"
test_318,монда 1 секундтан соң никадәр салкын булыр,weather/find,intent_name,False,0.7796,False,False,True,"{'location': 'монда', 'datetime': '1 секундтан соң', 'condition_temperature': 'салкын'}",{'slot_name': 'text_from_user'}
test_319,With You исемле рәсем эзлә,SearchCreativeWork,none,False,0.903,True,False,False,"{'object_name': 'With You', 'object_type': 'рәсем'}",{}
test_320,Deadly Weapons иҗади эшен таб,SearchCreativeWork,none,False,0.9324,True,False,False,{'object_name': 'Deadly Weapons'},{}
test_321,Ноябрьдә Брукнилда һава торышы нинди булыр ?,weather/find,weather/find,True,0.9442,False,False,False,"{'datetime': 'Ноябрьдә', 'location': 'Брукнилда'}","{'location': 'Брукнил', 'datetime': 'ноябрьдә'}"
test_322,Токмач өчен тавернада өстәл броньла,BookRestaurant,none,False,0.9156,True,False,True,"{'served_dish': 'Токмач', 'restaurant_type': 'тавернада'}",{}
test_323,Коста-Рикада нинди һава торышы,weather/find,weather/find,True,0.8346,False,False,False,{'location': 'Коста - Рикада'},"{'location': 'Коста-Рика', 'datetime': 'сегодня', 'weather/attribute': 'температура'}"
test_324,The Two Gladiators уйнымы,SearchScreeningEvent,none,False,0.9217,True,False,False,{'movie_name': 'The Two Gladiators'},{}
test_325,Star Theatres-да нинди фильмнар бар .,SearchScreeningEvent,SearchCreativeWork,False,0.8773,False,False,False,"{'location': 'Star Theatres-да', 'movie_type': 'фильмнар'}","{'object_name': 'films', 'object_type': 'movie'}"
test_326,Зинһар миңа Harry Hood сагасын таба аласызмы ?,SearchCreativeWork,none,False,0.9456,True,False,False,"{'object_name': 'Harry Hood', 'object_type': 'сагасын'}",{}
test_327,бу көйне минем Sleepify плейлистыма өстә,AddToPlaylist,AddToPlaylist,True,0.9434,False,False,False,"{'music_item': 'көйне', 'reference': 'минем', 'playlist': 'Sleepify'}","{'artist': 'Ed Sheeran', 'entity_name': 'Perfect', 'music_item': 'song', 'playlist': 'My Favourites', 'reference': 'this'}"
test_328,Any Which Way You Can 15 секундтан соң уйнаячакмы,SearchScreeningEvent,none,False,0.9019,True,False,False,"{'movie_name': 'Any Which Way You Can', 'datetime': '15 секундтан соң'}",{}
test_329,E-type музыкасын кабыз .,PlayMusic,PlayMusic,True,0.8253,False,False,False,{'artist': 'E-type'},"{'music_item': 'җыр', 'artist': 'Елдос', 'album': 'Алтын жауырма', 'playlist': 'Музыкал үй', 'service': 'Spotify', 'sort': 'По популярности', 'track': 'Алтын жауырма'}"
test_330,Хәзерге китапка бер йолдыз куй,RateBook,RateBook,True,0.9288,False,False,False,"{'object_select': 'Хәзерге', 'object_type': 'китапка', 'rating_value': 'бер'}","{'object_name': 'The Catcher in the Rye', 'object_type': 'book', 'object_part_of_series_type': 'book', 'object_select': 'this', 'rating_unit': 'stars', 'rating_value': 4.5}"
test_331,Louis Nelson Delisle-ның Another Passenger уйнат .,PlayMusic,PlayMusic,True,0.9202,False,False,True,"{'artist': 'Louis Nelson Delisle-ның', 'album': 'Another Passenger'}","{'music_item': 'Another Passenger', 'artist': 'Louis Nelson Delisle', 'playlist': 'My Playlist', 'service': 'Spotify', 'sort': 'Alphabetical'}"
test_332,Кайда мин кино графигын таба алам,SearchScreeningEvent,SearchScreeningEvent,True,0.9318,False,False,False,{'object_type': 'кино графигын'},"{'datetime': '2022-12-15 18:00', 'location': 'City Cinema', 'movie_name': 'The Matrix', 'movie_type': 'film', 'object_location_type': 'cinema', 'object_type': 'movie'}"
test_333,Эмерадода Сен-Пьер һәм Микелонда 26 сентябрьгә нинди һава торышы,weather/find,weather/find,True,0.9494,False,False,False,"{'location': 'Эмерадода | Сен - Пьер һәм Микелонда', 'datetime': '26 сентябрьгә'}","{'location': 'Сен-Пьер и Микелон', 'datetime': '26 сентябрь', 'condition_description': 'яңгыр', 'condition_temperature': 'салкын'}"
test_334,Ted Peters Famous Smoked Fish-та Окфилд янында 17 секундтансын ашарга барык,BookRestaurant,BookRestaurant,True,0.9303,False,False,True,"{'restaurant_name': 'Ted Peters Famous Smoked Fish-та', 'location': 'Окфилд | янында', 'datetime': '17 секундтансын'}","{'restaurant_name': 'Ted Peters Famous Smoked Fish', 'location': 'Oakfield', 'datetime': '17 seconds', 'sort': 'random'}"
test_335,миңа Good Morning Sunshine трейлерын таб,SearchCreativeWork,PlayMusic,False,0.8972,False,False,False,"{'object_name': 'Good Morning Sunshine', 'object_type': 'трейлерын'}","{'music_item': 'Good Morning Sunshine trailer', 'service': 'YouTube', 'playlist': 'Favorite Trailers', 'datetime': 'current time', 'sort': 'random'}"
test_336,Мин Нидерланд Антиль утрауларында 3 кешегә сыра ресторанны броньларга телим .,BookRestaurant,none,False,0.9072,True,False,False,"{'location': 'Нидерланд Антиль утрауларында', 'party_size_number': '3', 'restaurant_type': 'сыра ресторанны'}",{}
test_337,бу хәзерге альбомга 0 йолдыз куй,RateBook,PlayMusic,False,0.911,False,False,False,"{'object_select': 'бу хәзерге', 'object_type': 'альбомга', 'rating_value': '0', 'rating_unit': 'йолдыз'}","{'album': 'The Dark Side of the Moon', 'artist': 'Pink Floyd', 'datetime': '2022-10-15 20:00', 'genre': 'Rock', 'music_item': 'Time', 'playlist': 'My Favorite Playlist', 'service': 'Spotify', 'sort': 'Alphabetical'}"
test_338,Монакода Yankee Doodle Coffee Ѕһор-та урын алырга теләр идем,BookRestaurant,BookRestaurant,True,0.9207,False,False,True,"{'location': 'Монакода', 'restaurant_name': 'Yankee Doodle Coffee Ѕһор-та'}","{'restaurant_name': 'Yankee Doodle Coffee', 'restaurant_type': 'cafe', 'cuisine': 'American', 'location': 'Monaco', 'facility': 'Wi-Fi, outdoor seating', 'served_dish': 'coffee, pastries', 'sort': 'recommended'}"
test_339,Political punks плейлистыма башкаручыны өстә.,AddToPlaylist,AddToPlaylist,True,0.9425,False,False,False,"{'playlist': 'Political punks', 'music_item': 'башкаручыны'}","{'artist': 'Political punks', 'playlist': 'playlist_name', 'music_item': 'song_name'}"
test_340,Дүрт айдан соң Саванида AK-ында салкынрак булырмы,weather/find,none,False,0.8875,True,False,True,"{'datetime': 'Дүрт айдан соң', 'location': 'Саванида | AK-ында', 'condition_temperature': 'салкынрак'}",{}
test_341,минем Crash Course плейлистыма Muzika za decu өстә,AddToPlaylist,AddToPlaylist,True,0.9515,False,False,False,"{'reference': 'минем', 'playlist': 'Crash Course', 'entity_name': 'Muzika za decu'}","{'playlist': 'Muzika za decu', 'music_item': 'Muzika', 'artist': 'Crash Course'}"
test_342,Molecular Oncology сагасын эзли аласынмы ?,SearchCreativeWork,BookAppointment,False,0.8978,False,False,False,"{'object_name': 'Molecular Oncology', 'object_type': 'сагасын'}","{'specialty': 'Molecular Oncology', 'date': '2022-12-15', 'time': '14:00', 'location': 'Hospital A', 'doctor_name': 'Dr. Smith', 'reason': 'Follow-up appointment'}"
test_343,Мин алты кешелек ресторанны Вагстаффта AK-да броньларга телим .,BookRestaurant,BookRestaurant,True,0.8611,False,False,False,"{'party_size_number': 'алты', 'restaurant_type': 'ресторанны', 'location': 'Вагстаффта | AK-да'}","{'restaurant_name': 'Вагстаффта AK', 'datetime': '2022-12-25 19:00', 'party_size_description': '5 табыгы', 'party_size_number': '5', 'sort': 'сайлау/тәртипләү критерие: сайлау/сана'}"
test_344,Дэвид Линдлиның симфоник музыкасын уйнат .,PlayMusic,PlayMusic,True,0.9057,False,False,False,"{'artist': 'Дэвид Линдлиның', 'music_item': 'симфоник'}","{'music_item': '. symphony', 'artist': 'David Lindley', 'playlist': 'My Playlist', 'service': 'Spotify'}"
test_345,"Зинһар, миңа Now We Are Married телесериалын таб .",SearchCreativeWork,BookRestaurant,False,0.9476,False,False,False,"{'object_name': 'Now We Are Married', 'object_type': 'телесериалын'}","{'restaurant_name': 'Now We Are Married', 'restaurant_type': 'Television Series', 'sort': 'Episode', 'object_name': 'Episode 1', 'object_part_of_series_type': 'Episode', 'object_type': 'CreativeWork'}"
test_346,Мин Outcast-ны карарга телим .,SearchScreeningEvent,none,False,0.0,True,False,False,{'movie_name': 'Outcast-ны'},{}
test_347,минем This Is Tchaikovsky плейлистыма хәзерге трекны өстә,AddToPlaylist,AddToPlaylist,True,0.9421,False,False,False,"{'reference': 'минем', 'playlist': 'This Is Tchaikovsky', 'music_item': 'трекны'}","{'artist': 'Tchaikovsky', 'music_item': 'This Is Tchaikovsky', 'playlist': 'my_playlist', 'reference': 'this_track'}"
test_348,Lastfm-да This Is: Miles Davis-ны кабыз .,PlayMusic,PlayMusic,True,0.9737,False,False,False,"{'service': 'Lastfm-да', 'playlist': 'This Is: Miles Davis-ны'}","{'artist': 'Miles Davis', 'music_item': 'This Is'}"
test_349,Танзаниядә кабымханәдә 5 кешегә иң яхшы өстәлне броньла,BookRestaurant,none,False,0.9174,True,False,False,"{'location': 'Танзаниядә', 'restaurant_type': 'кабымханәдә', 'party_size_number': '5', 'sort': 'иң яхшы'}",{}
test_350,Әйдә Vimeo-да яхшы элекке Mohammad Mamle тыңлыйк .,PlayMusic,none,False,0.929,True,False,False,"{'service': 'Vimeo-да', 'sort': 'элекке', 'artist': 'Mohammad Mamle'}",{}
test_351,Vandemataram Srinivas трегын HipHop Hot 50-гә куй.,AddToPlaylist,PlayMusic,False,0.9447,False,False,False,"{'artist': 'Vandemataram Srinivas', 'music_item': 'трегын', 'playlist': 'HipHop Hot 50-гә'}","{'music_item': 'HipHop Hot 50', 'service': 'Spotify'}"
test_352,Миңа Secret South җырын таб .,SearchCreativeWork,none,False,0.9419,True,False,False,"{'object_name': 'Secret South', 'object_type': 'җырын'}",{}
test_353,Zvooq-та туксанынчы еллар җырлары,PlayMusic,none,False,0.893,True,False,False,"{'service': 'Zvooq-та', 'datetime': 'туксанынчы'}",{}
test_354,кичке биштән башлап Техаста Admire-да һава торышы нинди,weather/find,weather/find,True,0.9236,False,False,False,"{'datetime': 'кичке биштән', 'location': 'Техаста | Admire-да'}","{'location': 'Алматы', 'datetime': '2022-12-15 12:00', 'condition_description': 'яңгыр', 'condition_temperature': 'салкын'}"
test_355,Last FM-да берәр нәрсә уйнат,PlayMusic,PlayMusic,True,0.8172,False,False,False,{'service': 'Last FM-да'},"{'music_item': 'җыр', 'artist': 'Елдос', 'album': 'Алтын жауы', 'playlist': 'Музыкал үй', 'service': 'Last FM', 'sort': 'По популярности'}"
test_356,Мин якындагы кинотеатрда The Portrait of a Lady карарга телим .,SearchScreeningEvent,SearchScreeningEvent,True,0.9321,False,False,True,"{'location': 'якындагы', 'object_location_type': 'кинотеатрда', 'movie_name': 'The Portrait of a Lady'}","{'movie_name': 'The Portrait of a Lady', 'location': 'cinema_name', 'datetime': '2022-12-15 19:00'}"
test_357,"Зинһар, миңа Phineas Redux таб .",SearchCreativeWork,none,False,0.9191,True,False,False,{'object_name': 'Phineas Redux'},{}
test_358,Laundry плейлистына 40 cal көйен өстә.,AddToPlaylist,AddToPlaylist,True,0.9294,False,False,False,"{'playlist': 'Laundry', 'artist': '40 cal', 'music_item': 'көйен'}","{'playlist': 'Laundry Playlist', 'music_item': '40 cal', 'artist': 'Various Artists'}"
test_359,Itunes-ны ач һәм Ben Burnley Ready To Die-ны уйнат,PlayMusic,PlayMusic,True,0.919,False,False,True,"{'service': 'Itunes-ны', 'artist': 'Ben Burnley', 'album': 'Ready To Die-ны'}","{'music_item': 'Itunes', 'artist': 'Ben Burnley', 'album': 'Ready To Die', 'playlist': 'My Playlist', 'service': 'Spotify', 'sort': 'Alphabetical'}"
test_360,5-енче декабрьдә Лихул һәйкәле янында нинди һава торышы булачак ?,weather/find,weather/find,True,0.8929,False,False,False,"{'datetime': '5-енче декабрьдә', 'location': 'Лихул һәйкәле'}","{'location': 'Лихул яхында', 'datetime': 'декабрьдә'}"
test_361,Якындагы кинотеатрда Sexy Dance 2 расписаниесен күрсәт,SearchScreeningEvent,SearchScreeningEvent,True,0.9142,False,False,True,"{'location': 'Якындагы', 'object_location_type': 'кинотеатрда', 'movie_name': 'Sexy Dance 2', 'object_type': 'расписаниесен'}","{'movie_name': 'Sexy Dance 2', 'datetime': '2022-12-15 19:00', 'location': 'Cinema City', 'object_type': 'movie'}"
test_362,Live at the Kings Center дип аталган җырны таб,SearchCreativeWork,PlayMusic,False,0.9013,False,False,False,"{'object_name': 'Live at the Kings Center', 'object_type': 'җырны'}","{'music_item': 'Live at the Kings Center', 'artist': 'Queen', 'album': 'Greatest Hits', 'genre': 'Rock', 'service': 'Spotify', 'playlist': 'My Favourite Songs', 'sort': 'Release Date'}"
test_363,"Тайонкта , Нью-Джерсида нинди һава торышы",weather/find,weather/find,True,0.9143,False,False,False,{'location': 'Тайонкта | Нью - Джерсида'},"{'location': 'Тайонкта', 'datetime': 'нынди', 'condition_description': 'халык', 'condition_temperature': 'салкын'}"
test_364,Мин биш кешелек өстәл Tupelo Honey Cafe-да Нью-Джерсида броньларга телим.,BookRestaurant,none,False,0.9218,True,False,True,"{'party_size_number': 'биш', 'restaurant_name': 'Tupelo Honey Cafe-да', 'location': 'Нью - Джерсида'}",{}
test_365,чәй йорта миӊа һәм минем cеңелләремә урын броньла,BookRestaurant,none,False,0.9149,True,False,True,"{'restaurant_type': 'чәй йорта', 'party_size_description': 'миӊа һәм минем cеңелләремә'}",{}
test_366,16 февральдә Нидерландта эссе булачакмы ?,weather/find,weather/find,True,0.9414,False,False,True,"{'datetime': '16 февральдә', 'location': 'Нидерландта', 'condition_temperature': 'эссе'}","{'location': 'Нидерландта', 'datetime': '16 февраль', 'weather/attribute': 'эссе'}"
test_367,Мин jordan rudess-ны Divertido para niños плейлистына өстәргә телим.,AddToPlaylist,AddToPlaylist,True,0.9702,False,False,False,"{'artist': 'jordan rudess-ны', 'playlist': 'Divertido para niños'}","{'artist': 'jordan rudess', 'entity_name': 'Divertido para niños', 'music_item': 'music', 'playlist': 'playlist_name'}"
test_368,In the Company of Cheerful Ladies-ка 6-дан нуль куй,RateBook,BookRestaurant,False,0.9255,False,False,False,"{'object_name': 'In the Company of Cheerful Ladies-ка', 'best_rating': '6-дан', 'rating_value': 'нуль'}","{'restaurant_name': 'In the Company of Cheerful Ladies', 'restaurant_type': 'restaurant', 'cuisine': 'French', 'location': 'Paris', 'facility': 'outdoor seating, live music', 'served_dish': 'coq au vin', 'sort': 'recommended'}"
test_369,Миңа иң яхшы бистрода өстәл броньла,BookRestaurant,none,False,0.9071,True,False,False,"{'sort': 'иң яхшы', 'restaurant_type': 'бистрода'}",{}
test_370,Хәзерге дәреслеккә 6-дан 1 куй,RateBook,none,False,0.9017,True,False,False,"{'object_select': 'Хәзерге', 'object_type': 'дәреслеккә', 'best_rating': '6-дан', 'rating_value': '1'}",{}
test_371,кино вакытлары кайчан,SearchScreeningEvent,SearchScreeningEvent,True,0.9218,False,False,False,{'object_type': 'кино вакытлары'},"{'datetime': '2022-12-15 18:00', 'location': 'City Cinema', 'movie_name': 'The Matrix', 'movie_type': 'film', 'object_location_type': 'cinema', 'object_type': 'movie'}"
test_372,Огайода нинди hава торышы булачак ?,weather/find,weather/find,True,0.936,False,False,False,{'location': 'Огайода'},"{'location': 'Огайо', 'datetime': 'сегодня'}"
test_373,Бу артистны Showstopper Being Mary Jane плейлистына өстә,AddToPlaylist,AddToPlaylist,True,0.9108,False,False,False,"{'music_item': 'артистны', 'playlist': 'Showstopper Being Mary Jane'}","{'artist': 'Showstopper', 'entity_name': 'Being Mary Jane', 'music_item': 'song', 'playlist': 'MyPlaylist', 'reference': 'MyPlaylist_Showstopper_BeingMaryJane'}"
test_374,Балаларыма һәм миңа броньла,BookRestaurant,none,False,0.9092,True,False,True,{'party_size_description': 'Балаларыма һәм миңа'},{}
test_375,2035 елның 21 августында Сарыкамыш тыюлыгыда нинди һава торышы булачак ?,weather/find,weather/find,True,0.9756,False,False,False,"{'datetime': '2035 елның 21 августында', 'location': 'Сарыкамыш тыюлыгыда'}","{'location': 'Сарыкамыш тыюлыгы', 'datetime': '2035-08-21'}"
test_376,Руфь китапка 6-дан биш балл бир .,RateBook,RateBook,True,0.9352,False,False,False,"{'object_name': 'Руфь китапка', 'best_rating': '6-дан', 'rating_value': 'биш', 'rating_unit': 'балл'}","{'object_name': 'The Catcher in the Rye', 'object_type': 'book', 'object_part_of_series_type': 'none', 'object_select': 'this', 'rating_unit': 'stars', 'rating_value': 5, 'best_rating': 5}"
test_377,Reminiscences of the Anti-Japanese Guerillas хроникасы 6-дан ноль балл рейтинг лаек.,RateBook,RateBook,True,0.951,False,False,True,"{'object_name': 'Reminiscences of the Anti-Japanese Guerillas', 'object_part_of_series_type': 'хроникасы', 'best_rating': '6-дан', 'rating_value': 'ноль', 'rating_unit': 'балл'}","{'object_name': 'Reminiscences of the Anti-Japanese Guerillas', 'object_type': 'book', 'rating_unit': 'star', 'rating_value': 0, 'object_part_of_series_type': 'none'}"
test_378,Миңа Көньяк Театрларындагы кино графикларын күрсәт,SearchScreeningEvent,SearchScreeningEvent,True,0.9191,False,False,False,"{'location': 'Көньяк Театрларындагы', 'object_type': 'кино графикларын'}","{'datetime': '2022-12-15 19:00', 'location': 'Konyak Theatre', 'movie_name': 'Movie Name', 'movie_type': 'Movie Type', 'object_location_type': 'Cinema', 'object_type': 'Movie'}"
test_379,Якындагы кинотеатрда кино графикларын таб,SearchScreeningEvent,SearchScreeningEvent,True,0.9082,False,False,False,"{'location': 'Якындагы кинотеатрда', 'object_type': 'кино графикларын'}","{'datetime': '2022-12-15 19:00', 'location': 'City Cinema', 'movie_name': 'Avatar', 'movie_type': 'film', 'object_location_type': 'cinema', 'object_type': 'movie'}"
test_380,Бу альбом Испан ритмнар плейлистына өстә,AddToPlaylist,PlayMusic,False,0.9289,False,False,False,"{'music_item': 'альбом', 'playlist': 'Испан ритмнар'}","{'music_item': 'альбом', 'artist': 'башкаручы', 'playlist': 'плейлист исеме', 'album': 'конкрет альбомка күрсәтү: «бу», «соңгы» һ.б.'}"
test_381,6 кешегә креол тавернасында Черногориядә броньла,BookRestaurant,none,False,0.9128,True,False,True,"{'party_size_number': '6', 'cuisine': 'креол', 'restaurant_type': 'тавернасында', 'location': 'Черногориядә'}",{}
test_382,Cathedral сериясенә дүрт йолдыз бир .,RateBook,RateBook,True,0.964,False,False,True,"{'object_name': 'Cathedral', 'object_part_of_series_type': 'сериясенә', 'rating_value': 'дүрт', 'rating_unit': 'йолдыз'}","{'object_type': 'серия', 'object_select': 'бу', 'object_part_of_series_type': 'том', 'object_name': 'Cathedral', 'rating_unit': 'йолдыз', 'rating_value': '4', 'best_rating': '5'}"
test_383,The Famous Flower of Serving-Men минем кичке акустика плейлистымна өстә.,AddToPlaylist,AddToPlaylist,True,0.9502,False,False,False,"{'entity_name': 'The Famous Flower of Serving-Men', 'reference': 'минем', 'playlist': 'кичке акустика'}","{'artist': 'The Famous Flower of Serving-Men', 'music_item': 'acoustic playlist', 'playlist': 'my_playlist'}"
test_384,Миңа ArcLight Hollywood кинотеатырында анимацион фильмнарга гына расписаниесене күрсәт,SearchScreeningEvent,SearchScreeningEvent,True,0.9276,False,False,False,"{'location': 'ArcLight Hollywood кинотеатырында', 'movie_type': 'анимацион фильмнарга', 'object_type': 'расписаниесене'}","{'location': 'ArcLight Hollywood', 'movie_type': 'animation', 'object_type': 'film', 'datetime': '2022-12-15 19:00'}"
test_385,"Зинһар, Йолдызлы төн рәсемне таб .",SearchCreativeWork,none,False,0.9059,True,False,False,"{'object_name': 'Йолдызлы төн', 'object_type': 'рәсемне'}",{}
test_386,Бу урында 15:19:29 дымлылык нинди булачак ?,weather/find,weather/find,True,0.9615,False,False,True,"{'location': 'Бу урында', 'datetime': '15:19:29', 'condition_description': 'дымлылык'}","{'location': '15:19:29', 'condition_description': 'дымлылык', 'weather/attribute': 'дымлылык'}"
test_387,мин JLA Adventures: Trapped In Time-ны карарга телим,SearchScreeningEvent,BookRestaurant,False,0.8943,False,False,False,{'movie_name': 'JLA Adventures: Trapped In Time-ны'},"{'restaurant_name': 'JLA Adventures', 'restaurant_type': 'restaurant', 'cuisine': 'American', 'location': 'New York', 'facility': 'indoor seating, outdoor seating, wheelchair accessible', 'served_dish': 'pizza, burgers', 'sort': 'recommended, popular'}"
test_388,This Is Johnny Cash-ка дерек уоткинсныӊ көйен өстә,AddToPlaylist,PlayMusic,False,0.749,False,False,False,"{'playlist': 'This Is Johnny Cash-ка', 'artist': 'дерек уоткинсныӊ', 'music_item': 'көйен'}","{'artist': 'Johnny Cash', 'music_item': 'Walk the Line', 'playlist': 'My Favorite Playlist', 'service': 'Spotify'}"
test_389,Fire in the Hole дип аталган иҗади эш таб,SearchCreativeWork,SearchCreativeWork,True,0.834,False,False,False,{'object_name': 'Fire in the Hole'},"{'object_name': 'Fire in the Hole', 'object_type': 'series'}"
test_390,пэтныӊ колледж янында өстәлне броньла,BookRestaurant,none,False,0.8903,True,False,False,{'location': 'пэтныӊ колледж | янында'},{}
test_391,Patrick Still Lives AMC кинотеатрларында барамы,SearchScreeningEvent,none,False,0.913,True,False,False,"{'movie_name': 'Patrick Still Lives', 'location': 'AMC кинотеатрларында'}",{}
test_392,Мин спа массажын броньларга телим .,BookRestaurant,BookRestaurant,True,0.8951,False,False,True,"{'facility': 'спа', 'restaurant_type': 'массажын'}","{'restaurant_name': 'Min Spa Massage', 'cuisine': 'Asian', 'datetime': '2022-12-15 18:00', 'facility': 'indoor', 'location': 'city center', 'party_size_description': 'for 4 people', 'party_size_number': 4, 'sort': 'ascending'}"
test_393,14 сәгатьтән соң берәр җирдә Кварривиллда өстәл кирәк,BookRestaurant,none,False,0.9059,True,False,False,"{'datetime': '14 сәгатьтән соң', 'location': 'Кварривиллда'}",{}
test_394,Гари Ли Коннерны уйнат,PlayMusic,none,False,0.8933,True,False,False,{'artist': 'Гари Ли Коннерны'},{}
test_395,иң якын кинотеатрны кайда Boycott-ны күрсәтәләр күрсәт,SearchScreeningEvent,none,False,0.9249,True,False,True,"{'location': 'иң якын', 'object_location_type': 'кинотеатрны', 'movie_name': 'Boycott-ны'}",{}
test_396,"Зинһар, минем ecstatic плейлистны кабыз.",PlayMusic,AddToPlaylist,False,0.8375,False,False,False,{'playlist': 'ecstatic'},"{'playlist': 'ecstatic', 'music_item': 'music_track', 'artist': 'your_artist_name', 'reference': 'mon'}"
test_397,"Зинһар, The Mad Magician җырын таб .",SearchCreativeWork,PlayMusic,False,0.8886,False,False,False,"{'object_name': 'The Mad Magician', 'object_type': 'җырын'}","{'music_item': 'The Mad Magician', 'artist': 'Dick Stabile', 'album': 'The Magic of Dick Stabile', 'genre': 'Big Band', 'playlist': 'My Favorite Tunes', 'service': 'Spotify', 'sort': 'Alphabetical'}"
test_398,Bow Tie Cinemas-ның расписаниесен тикшер .,SearchScreeningEvent,SearchScreeningEvent,True,0.9387,False,False,False,"{'location': 'Bow Tie Cinemas-ның', 'object_type': 'расписаниесен'}","{'location': 'Bow Tie Cinemas', 'datetime': '2022-12-15 19:00', 'movie_name': 'Avatar: The Way of Water', 'movie_type': 'film', 'object_location_type': 'cinema', 'object_type': 'movie'}"
test_399,Миңа Төньяк Мариан утрауларындагы пабта кичәгә 3 кешелек өстәл броньла,BookRestaurant,BookRestaurant,True,0.912,False,False,False,"{'location': 'Төньяк Мариан утрауларындагы', 'restaurant_type': 'пабта', 'party_size_number': '3'}","{'restaurant_name': ""Marian's Pub"", 'restaurant_type': 'restaurant', 'cuisine': 'American', 'location': 'New York', 'facility': 'outdoor seating, live music', 'served_dish': 'burgers', 'sort': 'recommended'}"
test_400,Миңа Infinite Indie Folk исемлеккә Rahim Shah-ның әсәрләрен өстәргә кирәк,AddToPlaylist,SearchCreativeWork,False,0.9765,False,False,False,"{'playlist': 'Infinite Indie Folk', 'artist': 'Rahim Shah-ның'}","{'object_name': 'Infinite Indie Folk', 'object_type': 'music'}"
test_401,Минем Te quiero плейлистыма Кече Джерри Каллистны өстә.,AddToPlaylist,AddToPlaylist,True,0.9232,False,False,False,"{'reference': 'Минем', 'playlist': 'Te quiero', 'artist': 'Кече Джерри Каллистны'}","{'artist': 'Jerry Garcia', 'entity_name': 'Calling', 'music_item': 'music_track', 'playlist': 'playlist_name'}"
test_402,Юта янында төнге 3 сәгать тирәсендә никадәр салкынрак булачак ?,weather/find,weather/find,True,0.9106,False,False,True,"{'location': 'Юта | янында', 'datetime': 'төнге 3 сәгать', 'condition_temperature': 'салкынрак'}","{'location': 'Алматы', 'datetime': '2022-12-15 12:00', 'weather/attribute': 'дымлылык'}"
test_403,Альбомны Hipster Soul плейлистына өстә.,AddToPlaylist,AddToPlaylist,True,0.9169,False,False,False,"{'music_item': 'Альбомны', 'playlist': 'Hipster Soul'}","{'music_item': 'Album', 'album': 'Hipster Soul', 'playlist': 'PlaylistName'}"
test_404,"Мин унөч сәгатьтән соң деликатес ресторанында ашарга телим, анда көнчыгыш европа ризыклары сатыла",BookRestaurant,none,False,0.9022,True,False,True,"{'datetime': 'унөч сәгатьтән соң', 'restaurant_type': 'деликатес ресторанында', 'cuisine': 'көнчыгыш европа'}",{}
test_405,алтмышынчы еллар саундтрегын кабыз,PlayMusic,none,False,0.9081,True,False,False,"{'datetime': 'алтмышынчы еллар', 'music_item': 'саундтрегын'}",{}
test_406,Бу альбомга бер йолдыз бир,RateBook,PlayMusic,False,0.9102,False,False,False,"{'object_select': 'Бу', 'object_type': 'альбомга', 'rating_value': 'бер', 'rating_unit': 'йолдыз'}","{'album': 'The Dark Side of the Moon', 'artist': 'Pink Floyd', 'datetime': '2022-10-15 20:00', 'genre': 'Rock', 'music_item': 'Time', 'playlist': 'My Favorite Playlist', 'service': 'Spotify', 'sort': 'Album order'}"
test_407,Bryan Macleanның иң олуг музыкасын кабыз .,PlayMusic,PlayMusic,True,0.8558,False,False,False,"{'artist': 'Bryan Macleanның', 'sort': 'иң олуг'}","{'music_item': 'Bryan Maclean', 'service': 'Spotify', 'playlist': 'My Playlist', 'sort': 'Alphabetical'}"
test_408,Nicodemus-та һәм аның тирәсендәге һава торышы нинди,weather/find,weather/find,True,0.9181,False,False,False,{'location': 'Nicodemus-та | аның тирәсендәге'},"{'location': 'New York', 'datetime': '2022-12-15 12:00', 'condition_description': 'rain', 'condition_temperature': 'cold'}"
test_409,Phinally Phamous дип аталган уен эзлә,SearchCreativeWork,none,False,0.9192,True,False,False,"{'object_name': 'Phinally Phamous', 'object_type': 'уен'}",{}
test_410,Juneteenth-га 2 балл куй .,RateBook,none,False,0.8987,True,False,False,"{'object_name': 'Juneteenth-га', 'rating_value': '2'}",{}
test_411,Rhialto the Marvellous-га нуль йолдыз бир,RateBook,none,False,0.9196,True,False,False,"{'object_name': 'Rhialto the Marvellous-га', 'rating_value': 'нуль', 'rating_unit': 'йолдыз'}",{}
test_412,Мин Хелена Ирен Михаэльсенның Youtube-та саундтрегын ишетергә телим,PlayMusic,PlayMusic,True,0.9196,False,False,False,"{'artist': 'Мин Хелена Ирен', 'service': 'Youtube-та', 'music_item': 'саундтрегын'}","{'music_item': 'Yellow', 'artist': 'Coldplay', 'album': 'A Rush of Blood to the Head', 'playlist': 'My Favorite Songs', 'service': 'Spotify', 'sort': 'Alphabetical'}"
test_413,5 кешегә 20/01/2023 MH-да өстәл броньла,BookRestaurant,none,False,0.9246,True,False,False,"{'party_size_number': '5', 'datetime': '20/01/2023', 'location': 'MH-да'}",{}
test_414,якындагы анимация фильмнары сессияләре расписаниесе,SearchScreeningEvent,none,False,0.8922,True,False,False,"{'location': 'якындагы', 'movie_type': 'анимация фильмнары', 'object_type': 'сессияләре расписаниесе'}",{}
test_415,Минем This Is Shakira плейлистымна jack white-ны өстә,AddToPlaylist,AddToPlaylist,True,0.9715,False,False,False,"{'reference': 'Минем', 'playlist': 'This Is Shakira', 'artist': 'jack white-ны'}","{'artist': 'Jack White', 'entity_name': 'Jack White', 'music_item': 'music', 'playlist': 'This Is Shakira'}"
test_416,Мин Шри-Ланкада биш кешегә ресторан броньларга телим .,BookRestaurant,none,False,0.9143,True,False,False,"{'location': 'Шри-Ланкада', 'party_size_number': 'биш', 'restaurant_type': 'ресторан'}",{}
test_417,"Зинһар, Episodi di The Blacklist телевизион тапшыруын таб .",SearchCreativeWork,none,False,0.8939,True,False,False,"{'object_name': 'Episodi di The Blacklist', 'object_type': 'телевизион тапшыруын'}",{}
test_418,монда Law Day-нән башлап салкын һава торышы нинди,weather/find,weather/find,True,0.915,False,False,True,"{'location': 'монда', 'datetime': 'Law Day-нән', 'condition_temperature': 'салкын'}","{'location': 'Law Day', 'datetime': 'current', 'condition_description': 'description of current weather condition', 'condition_temperature': 'current temperature', 'weather/attribute': 'smoke, rain  etc.'}"
test_419,Мин ун кешелек өстәленә ресторанда заказ бирергә телим.,BookRestaurant,none,False,0.9175,True,False,False,"{'party_size_number': 'ун', 'restaurant_type': 'ресторанда'}",{}
test_420,Җитмешенче еллардагы Дюк Эллингтоннан берәр нәрсә уйна,PlayMusic,none,False,0.9013,True,False,False,"{'datetime': 'Җитмешенче', 'artist': 'Дюк Эллингтоннан'}",{}
test_421,Cotton Comes to Harlem-ны 2-гә бәялә,RateBook,RateBook,True,0.9523,False,False,False,"{'object_name': 'Cotton Comes to Harlem-ны', 'rating_value': '2-гә'}","{'object_name': 'Cotton Comes to Harlem', 'object_type': 'book', 'rating_unit': 'star', 'rating_value': 5}"
test_422,Җырны минем madden nfl 16 плейлистымна өстә,AddToPlaylist,AddToPlaylist,True,0.9151,False,False,False,"{'reference': 'минем', 'playlist': 'madden nfl 16', 'music_item': 'плейлистымна'}","{'artist': 'New England Patriots', 'entity_name': 'Super Bowl LVI', 'music_item': 'game', 'playlist': 'NFL Games', 'reference': 'last_Super_Bowl'}"
test_423,Toyan-ны минем Epic Gaming плейлистымна өстә.,AddToPlaylist,AddToPlaylist,True,0.8398,False,False,False,"{'artist': 'Toyan-ны', 'reference': 'минем', 'playlist': 'Epic Gaming'}","{'artist': 'Toyan', 'entity_name': ""Toyan's music"", 'music_item': 'song', 'playlist': 'Epic Gaming', 'reference': 'my'}"
test_424,Slacker-да ниндидер яңа Les Vandyke уйнат,PlayMusic,none,False,0.9054,True,False,False,"{'service': 'Slacker-да', 'sort': 'яңа', 'artist': 'Les Vandyke'}",{}
test_425,Three Junes-га 6-дан берге бәялә,RateBook,none,False,0.9197,True,False,False,"{'object_name': 'Three Junes-га', 'best_rating': '6-дан', 'rating_value': 'берге'}",{}
test_426,Nunez пекарнясында тугыз кешегә өстәл заказ ит,BookRestaurant,none,False,0.8727,True,False,False,"{'location': 'Nunez', 'restaurant_type': 'пекарнясында', 'party_size_number': 'тугыз'}",{}
test_427,Бу агымдагы романны 6-дан икеге бәялә .,RateBook,none,False,0.8956,True,False,False,"{'object_select': 'Бу агымдагы', 'object_type': 'романны', 'best_rating': '6-дан', 'rating_value': 'икеге'}",{}
test_428,Ронни Вудның The Happy Blues-ны уйнат .,PlayMusic,PlayMusic,True,0.9189,False,False,True,"{'artist': 'Ронни Вудның', 'album': 'The Happy Blues-ны'}","{'music_item': 'The Happy Blues', 'artist': 'Ronnie Wood', 'playlist': 'My Favourite Playlist', 'service': 'Spotify'}"
test_429,2013 елгы симфонияне уйнат .,PlayMusic,PlayMusic,True,0.832,False,False,False,"{'datetime': '2013 елгы', 'music_item': 'симфонияне'}","{'music_item': '2013 елгы симфония', 'service': 'Spotify', 'playlist': 'My Favorites', 'sort': 'Random'}"
test_430,Jennifer Paull-ның Subconscious Lobotomy-ны уйнат .,PlayMusic,PlayMusic,True,0.9658,False,False,True,"{'artist': 'Jennifer Paull-ның', 'album': 'Subconscious Lobotomy-ны'}","{'music_item': 'Subconscious Lobotomy', 'artist': 'Jennifer Paull'}"
test_431,The Crystal Snare-га 5 йолдыз бир,RateBook,RateBook,True,0.9377,False,False,False,"{'object_name': 'The Crystal Snare-га', 'rating_value': '5', 'rating_unit': 'йолдыз'}","{'object_name': 'The Crystal Snare', 'object_type': 'book', 'rating_unit': 'star', 'rating_value': 5, 'best_rating': '5', 'object_part_of_series_type': 'none', 'object_select': 'this', 'object_type_of_series': 'none'}"
test_432,Бу дәреслеккә нуль йолдыз куй,RateBook,none,False,0.9098,True,False,False,"{'object_select': 'Бу', 'object_type': 'дәреслеккә', 'rating_value': 'нуль', 'rating_unit': 'йолдыз'}",{}
test_433,Агымдагы серияне 4 баллга бәялә,RateBook,none,False,0.8953,True,False,True,"{'object_select': 'Агымдагы', 'object_part_of_series_type': 'серияне', 'rating_value': '4', 'rating_unit': 'баллга'}",{}
test_434,Мин Urbank California-да James D. Conrey House-да өстәл телим,BookRestaurant,none,False,0.9203,True,False,True,"{'location': 'Urbank | California-да', 'restaurant_name': 'James D. Conrey House-да'}",{}
test_435,Babar: King of the Elephants уйнымы,SearchScreeningEvent,none,False,0.9085,True,False,False,{'movie_name': 'Babar: King of the Elephants'},{}
test_436,this is racionais mc's-га җырны өстә,AddToPlaylist,PlayMusic,False,0.8788,False,False,False,"{'playlist': ""this is racionais mc's-га"", 'music_item': 'җырны'}","{'music_item': 'җыр', 'artist': 'Eminem', 'album': 'The Marshall Mathers LP', 'playlist': 'My Favorite Playlist', 'service': 'Spotify', 'sort': 'Alphabetical', 'track': 'Lose Yourself'}"
test_437,Хәзерге эссега 6-дан нуль йолдыз куй,RateBook,none,False,0.9046,True,False,False,"{'object_select': 'Хәзерге', 'object_type': 'эссега', 'best_rating': '6-дан', 'rating_value': 'нуль', 'rating_unit': 'йолдыз'}",{}
test_438,Әйдә Эндрю Хьюиттан берәр нәрсә тыңлыйк .,PlayMusic,none,False,0.9151,True,False,False,{'artist': 'Эндрю Хьюиттан'},{}
test_439,Якында анимация фильмнарын таб,SearchScreeningEvent,SearchCreativeWork,False,0.9529,False,False,False,"{'location': 'Якында', 'movie_type': 'анимация фильмнарын'}","{'object_name': 'фильм', 'object_type': 'фильм'}"
test_440,хәзерге хроникага 6-дан биш балл бир,RateBook,none,False,0.912,True,False,True,"{'object_select': 'хәзерге', 'object_part_of_series_type': 'хроникага', 'best_rating': '6-дан', 'rating_value': 'биш', 'rating_unit': 'балл'}",{}
test_441,Миңа Settha Palace Hotel-да Saint Helena-да 4 кешелек өстәл кирәк,BookRestaurant,BookRestaurant,True,0.9486,False,False,True,"{'restaurant_name': 'Settha Palace Hotel-да', 'location': 'Saint Helena-да', 'party_size_number': '4 кешелек'}","{'restaurant_name': 'Settha Palace Hotel', 'location': 'Saint Helena', 'party_size_description': '4 people', 'party_size_number': '4', 'restaurant_type': 'hotel', 'sort': 'dinner'}"
test_442,Изге Патрик көнендә Вирджинияда һава торышы нинди булыр ?,weather/find,weather/find,True,0.9045,False,False,False,"{'datetime': 'Изге Патрик көнендә', 'location': 'Вирджинияда'}","{'location': 'Вирджиния', 'datetime': 'нынчак'}"
test_443,Миңа Speakeasy Theaters киноның вакыт исемлеге кирәк,SearchScreeningEvent,SearchScreeningEvent,True,0.9286,False,False,False,"{'location': 'Speakeasy Theaters', 'object_type': 'киноның вакыт'}","{'movie_name': 'Speakeasy Theaters', 'datetime': '2022-12-15 19:00', 'location': 'city_name', 'object_type': 'movie'}"
test_444,Meet the Prince телевизион тапшыруын эзлә,SearchCreativeWork,PlayMusic,False,0.9288,False,False,False,"{'object_name': 'Meet the Prince', 'object_type': 'телевизион тапшыруын'}","{'music_item': 'Meet the Prince', 'artist': 'Michael Jackson', 'playlist': 'Favourites', 'service': 'Spotify', 'sort': 'Alphabetical'}"
test_445,"Зинһар, миңа Compulsive Disclosure җырын бир .",SearchCreativeWork,none,False,0.9067,True,False,False,"{'object_name': 'Compulsive Disclosure', 'object_type': 'җырын'}",{}
test_446,Zvooq-та Trance Life-ны уйнат .,PlayMusic,PlayMusic,True,0.9048,False,False,False,"{'service': 'Zvooq-та', 'playlist': 'Trance Life-ны'}","{'music_item': 'Trance Life', 'service': 'Spotify', 'playlist': 'My Favorites', 'sort': 'Alphabetical'}"
test_447,"Зинһар, миңа Serious Awesomeness ! эшен таб.",SearchCreativeWork,none,False,0.9143,True,False,False,{'object_name': 'Serious Awesomeness'},{}
test_448,мин кинотеатрда I Dream of Jeanie-ны карарга телим,SearchScreeningEvent,none,False,0.9101,True,False,True,"{'object_location_type': 'кинотеатрда', 'movie_name': 'I Dream of Jeanie-ны'}",{}
test_449,Пол Маккартни уйнат,PlayMusic,none,False,0.9032,True,False,False,{'artist': 'Пол Маккартни'},{}
test_450,Хәзерге романны 3 йолдызга бәялә,RateBook,RateBook,True,0.9524,False,False,False,"{'object_select': 'Хәзерге', 'object_type': 'романны', 'rating_value': '3', 'rating_unit': 'йолдызга'}","{'object_name': 'роман', 'object_type': 'китап', 'rating_unit': 'йолдыз', 'rating_value': '3', 'object_part_of_series_type': 'том'}"
test_451,Paris - When It Sizzles китабын таба аласызмы ?,SearchCreativeWork,RateBook,False,0.9657,False,False,False,"{'object_name': 'Paris - When It Sizzles', 'object_type': 'китабын'}","{'object_name': 'Paris - When It Sizzles', 'object_type': 'book', 'rating_unit': 'star', 'rating_value': '5'}"
test_452,Филипп Киркоровның җитмешенче еллар пьесасын уйнат,PlayMusic,PlayMusic,True,0.9307,False,False,False,"{'artist': 'Филипп Киркоровның', 'datetime': 'җитмешенче'}","{'artist': 'Филипп Киркоров', 'music_item': 'песня', 'playlist': 'Моя Коллекция'}"
test_453,Киләсе елда мин Пенни янындагы bougatsa ресторанын өч кешегә броньларга телим.,BookRestaurant,BookRestaurant,True,0.9333,False,False,True,"{'datetime': 'Киләсе елда', 'location': 'Пенни | янындагы', 'cuisine': 'bougatsa', 'restaurant_type': 'ресторанын', 'party_size_number': 'өч'}","{'restaurant_name': 'bougatsa', 'party_size_description': '3', 'party_size_number': '3', 'datetime': '2022-10-15 19:00', 'location': 'Penny'}"
test_454,Тенинода яңгырлар булырмы ?,weather/find,none,False,0.0,True,False,True,"{'location': 'Тенинода', 'condition_description': 'яңгырлар'}",{}
test_455,"Зинһар, Three Essays on the Theory of Sexuality шоусын эзлә .",SearchCreativeWork,SearchCreativeWork,True,0.9901,False,False,False,"{'object_name': 'Three Essays on the Theory of Sexuality', 'object_type': 'шоусын'}","{'object_name': 'Three Essays on the Theory of Sexuality', 'object_type': 'book'}"
test_456,Мин Рамонда ашарга телим,BookRestaurant,none,False,0.9059,True,False,False,{'location': 'Рамонда'},{}
test_457,Emo Forever плейлистына boy george трегын өстә.,AddToPlaylist,AddToPlaylist,True,0.9118,False,False,False,"{'playlist': 'Emo Forever', 'artist': 'boy george', 'music_item': 'трегын'}","{'artist': 'Boy George', 'music_item': 'Tracks', 'playlist': 'Emo Forever', 'reference': 'the latest track'}"
test_458,Vimy Ridge-да стейк-хаус заказ итәргә телим .,BookRestaurant,none,False,0.9237,True,False,False,"{'location': 'Vimy Ridge-да', 'restaurant_type': 'стейк-хаус'}",{}
test_459,Without Witness егерме ике  сәгатьтән соң уйнаячакмы,SearchScreeningEvent,none,False,0.8813,True,False,False,"{'movie_name': 'Without Witness', 'datetime': 'егерме ике сәгатьтән соң'}",{}
test_460,9 кешегә урын броньла,BookRestaurant,none,False,0.9113,True,False,False,{'party_size_number': '9'},{}
test_461,бу трекны минем Hands Up плейлистына өстә,AddToPlaylist,AddToPlaylist,True,0.9626,False,False,False,"{'music_item': 'трекны', 'reference': 'минем', 'playlist': 'Hands Up'}","{'music_item': 'Hands Up', 'playlist': 'myPlaylist'}"
test_462,90s Pop Rock Essentials-тан берәр нәрсә уйнат,PlayMusic,SearchCreativeWork,False,0.9628,False,False,False,{'playlist': '90s Pop Rock Essentials-тан'},"{'object_name': '90s Pop Rock Essentials', 'object_type': 'album'}"
test_463,Син миңа Blue Spring трейлерын таба аласыңмы ?,SearchCreativeWork,PlayMusic,False,0.9342,False,False,False,"{'object_name': 'Blue Spring', 'object_type': 'трейлерын'}","{'music_item': 'Blue Spring trailer', 'service': 'YouTube'}"
test_464,36 Children-га 6-дан ике йолдыз куй,RateBook,RateBook,True,0.9654,False,False,False,"{'object_name': '36 Children-га', 'best_rating': '6-дан', 'rating_value': 'ике', 'rating_unit': 'йолдыз'}","{'object_type': 'китап', 'object_name': '36 Children', 'object_part_of_series_type': 'том', 'object_select': 'бу', 'rating_unit': 'йолдыз', 'rating_value': '6-дан ике'}"
test_465,Мин MJR театрында анимацион фильмнарны телим,SearchScreeningEvent,SearchCreativeWork,False,0.9482,False,False,False,"{'location': 'MJR театрында', 'movie_type': 'анимацион фильмнарны'}","{'object_name': 'анимацион фильм', 'object_type': 'фильм'}"
test_466,Sexy as Folk плейлистына башкаручы mike-ны өстә.,AddToPlaylist,AddToPlaylist,True,0.9651,False,False,False,"{'playlist': 'Sexy as Folk', 'music_item': 'башкаручы', 'artist': 'mike-ны'}","{'artist': 'mike', 'playlist': 'Sexy as Folk'}"
test_467,минем this is al green плейлистына Highway Patrolman өстә,AddToPlaylist,PlayMusic,False,0.9418,False,False,False,"{'reference': 'минем', 'playlist': 'this is al green', 'entity_name': 'Highway Patrolman'}","{'artist': 'al', 'music_item': 'Highway Patrolman', 'playlist': 'this is'}"
test_468,Миңа To Lose My Life исемле романны таб …,SearchCreativeWork,RateBook,False,0.9527,False,False,False,"{'object_name': 'To Lose My Life', 'object_type': 'романны'}","{'object_name': 'To Lose My Life', 'object_type': 'roman', 'object_part_of_series_type': 'tom', 'object_select': 'бу', 'rating_unit': 'йолдыз', 'rating_value': '4'}"
test_469,бу альбомны 5-кә бәялә,RateBook,none,False,0.8946,True,False,False,"{'object_select': 'бу', 'object_type': 'альбомны', 'rating_value': '5-кә'}",{}
test_470,Төшке ашта якындагы кинотеатрда Rare Birds күрсәтеләчәк .,SearchScreeningEvent,none,False,0.9445,True,False,True,"{'datetime': 'Төшке ашта', 'location': 'якындагы', 'object_location_type': 'кинотеатрда', 'movie_name': 'Rare Birds'}",{}
test_471,The 8-Week Cholesterol Cure-га 6-дан өчкә бәялә .,RateBook,RateBook,True,0.9568,False,False,False,"{'object_name': 'The 8-Week Cholesterol Cure-га', 'best_rating': '6-дан', 'rating_value': 'өчкә'}","{'object_name': 'The 8-Week Cholesterol Cure', 'object_type': 'book', 'object_part_of_series_type': 'tom', 'object_select': 'this', 'rating_unit': 'stars', 'rating_value': '5'}"
test_472,Martin barre-ны минем punk unplugged плейлистыма өстә.,AddToPlaylist,AddToPlaylist,True,0.9426,False,False,False,"{'artist': 'Martin barre-ны', 'reference': 'минем', 'playlist': 'punk unplugged'}","{'artist': 'Martin Barre', 'entity_name': 'punk unplugged', 'music_item': 'music track', 'playlist': 'my playlist', 'reference': 'this song'}"
test_473,хәзерге романны 6-дан нульгә бәялә,RateBook,none,False,0.9125,True,False,False,"{'object_select': 'хәзерге', 'object_type': 'романны', 'best_rating': '6-дан', 'rating_value': 'нульгә'}",{}
test_474,Минем кинотеатрда The Young Swordsman нинди вакытта барачак ?,SearchScreeningEvent,SearchScreeningEvent,True,0.9669,False,False,True,"{'object_location_type': 'кинотеатрда', 'movie_name': 'The Young Swordsman', 'object_type': 'вакытта'}","{'movie_name': 'The Young Swordsman', 'datetime': 'дата/вакыт'}"
test_475,Тирә-юньдә нинди фильмнар күрсәтеләр,SearchScreeningEvent,SearchCreativeWork,False,0.9227,False,False,False,"{'location': 'Тирә-юньдә', 'movie_type': 'фильмнар'}","{'object_name': 'film', 'object_type': 'film'}"
test_476,Мин North City-дәге Oregon Electric Station броньларга телим .,BookRestaurant,none,False,0.927,True,False,True,"{'location': 'North City-дәге', 'restaurant_name': 'Oregon Electric Station'}",{}
test_477,монда төнге сәгать икедә һава торышы нинди,weather/find,none,False,0.8967,True,False,False,"{'location': 'монда', 'datetime': 'төнге сәгать икедә'}",{}
test_478,Wanda Group-ның фильм кестесін таб .,SearchScreeningEvent,SearchCreativeWork,False,0.9516,False,False,False,"{'location': 'Wanda Group-ның', 'object_type': 'фильм кестесін'}","{'object_name': 'film_name', 'object_type': 'movie'}"
test_479,Самоада Ваурикада нинди һава торышы,weather/find,weather/find,True,0.9153,False,False,False,{'location': 'Самоада | Ваурикада'},"{'location': 'Алматы', 'datetime': '2022-12-15 12:00', 'weather/attribute': 'дымлылык'}"
test_480,Тирә-яктагы фильмнар расписаниесен күрсәт,SearchScreeningEvent,SearchCreativeWork,False,0.9279,False,False,False,"{'location': 'Тирә-яктагы', 'object_type': 'фильмнар расписаниесен'}","{'object_name': 'film', 'object_type': 'film'}"
test_481,Blues britânico уйнат .,PlayMusic,PlayMusic,True,0.7987,False,False,True,{'genre': 'Blues britânico'},"{'music_item': 'Blues britânico', 'service': 'Spotify', 'playlist': 'My Favorites', 'datetime': '2022-10-15T18:00:00', 'sort': 'Random'}"
test_482,AMC Theaters-да No Time to Be Young күрсәтеләме,SearchScreeningEvent,SearchCreativeWork,False,0.9281,False,False,False,"{'location': 'AMC Theaters-да', 'movie_name': 'No Time to Be Young'}","{'object_name': 'No Time to Be Young', 'object_type': 'movie'}"
test_483,"Зинһар, миңа Монти Пайтон Голливудта эзлә һәм таб .",SearchCreativeWork,none,False,0.9033,True,False,False,{'object_name': 'Монти Пайтон Голливудта'},{}
test_484,кичке бишкә монда буран аркасында һава торышы нинди,weather/find,none,False,0.8911,True,False,True,"{'datetime': 'кичке бишкә', 'location': 'монда', 'condition_description': 'буран'}",{}
test_485,Ирландия балалар евровидениеда 2015 минем Jazzy Dinner плейлистына өстә,AddToPlaylist,AddToPlaylist,True,0.941,False,False,False,"{'entity_name': 'Ирландия балалар евровидениеда 2015', 'reference': 'минем', 'playlist': 'Jazzy Dinner'}","{'artist': 'Jazzy Dinner', 'music_item': 'Eurovision Song Contest 2015 performance', 'playlist': 'Jazzy Dinner', 'reference': 'Eurovision 2015 performance'}"
test_486,Indie Hipster-га җырны өстә,AddToPlaylist,PlayMusic,False,0.8362,False,False,False,"{'playlist': 'Indie Hipster-га', 'music_item': 'җырны'}","{'music_item': 'җыр', 'artist': 'Indie Hipster', 'playlist': 'personal_playlist', 'service': 'Spotify'}"
test_487,Син миңа National Anthem of the Ancient Britons телевизион тапшыруын таба аласыңмы ?,SearchCreativeWork,SearchCreativeWork,True,0.9751,False,False,False,"{'object_name': 'National Anthem of the Ancient Britons', 'object_type': 'телевизион тапшыруын'}","{'object_name': 'National Anthem of the Ancient Britons', 'object_type': 'video'}"
test_488,"travelling плейлистына зинһар, бу Дэвид Гаан җырын өстә .",AddToPlaylist,AddToPlaylist,True,0.9533,False,False,False,"{'playlist': 'travelling', 'artist': 'Дэвид Гаан', 'music_item': 'җырын'}","{'artist': 'David Guetta', 'music_item': 'song', 'playlist': 'travelling'}"
test_489,Мин аларны Murcof рәссамнан ишетергә телим,PlayMusic,none,False,0.899,True,False,False,"{'music_item': 'аларны', 'artist': 'Murcof'}",{}
test_490,The Gift: Imagination and the Erotic Life of Property-ны биш йолдызга бәялә,RateBook,none,False,0.9098,True,False,False,"{'object_name': 'The Gift: Imagination and the Erotic Life of Property-ны', 'rating_value': 'биш', 'rating_unit': 'йолдызга'}",{}
test_491,Миңа Baby Blue дип аталган телевизион тапшыруны таб,SearchCreativeWork,PlayMusic,False,0.9101,False,False,False,"{'object_name': 'Baby Blue', 'object_type': 'телевизион тапшыруны'}","{'music_item': 'Baby Blue', 'service': 'YouTube', 'playlist': 'My Playlist', 'datetime': '2022-10-15T18:00:00', 'genre': 'Pop'}"
test_492,The Girl Who Was Plugged In китабын эзлә,SearchCreativeWork,RateBook,False,0.9376,False,False,False,"{'object_name': 'The Girl Who Was Plugged In', 'object_type': 'китабын'}","{'object_name': 'The Girl Who Was Plugged In', 'object_type': 'book', 'rating_unit': 'star', 'rating_value': '4', 'object_part_of_series_type': 'none', 'object_select': 'this', 'best_rating': '5', 'object_type_synonyms': ['novel', 'book']}"
test_493,филлис уордка һәм вероникага 152 көннән соң ресторанда өстәл кирәк,BookRestaurant,none,False,0.8946,True,False,True,"{'party_size_description': 'филлис уордка һәм вероникага', 'datetime': '152 көннән соң', 'restaurant_type': 'ресторанда'}",{}
test_494,5 кешелек танылган ресторанны броньла,BookRestaurant,none,False,0.9175,True,False,False,"{'party_size_number': '5', 'sort': 'танылган', 'restaurant_type': 'ресторанны'}",{}
test_495,"Бруклон янында The Dome, Edinburgh отеленда номерны броньла",BookRestaurant,none,False,0.9009,True,False,True,"{'location': 'Бруклон | янында', 'restaurant_name': 'The Dome, Edinburgh'}",{}
test_496,Бу альбомны Old School Death Metal-га өстә,AddToPlaylist,PlayMusic,False,0.9158,False,False,False,"{'music_item': 'альбомны', 'playlist': 'Old School Death Metal-га'}","{'music_item': 'Old School Death Metal', 'playlist': 'playlist_name', 'service': 'music_service_name'}"
test_497,Jersey Boys телесериалын эзлә,SearchCreativeWork,SearchCreativeWork,True,0.8928,False,False,False,"{'object_name': 'Jersey Boys', 'object_type': 'телесериалын'}","{'object_name': 'Jersey Boys', 'object_type': 'television series'}"
test_498,Алты ай эчендә Танжер янындагы иң яхшы пабта тугыз кешегә өстәл броньла,BookRestaurant,none,False,0.906,True,False,False,"{'datetime': 'Алты ай эчендә', 'location': 'Танжер | янындагы', 'sort': 'иң яхшы', 'restaurant_type': 'пабта', 'party_size_number': 'тугыз'}",{}
test_499,Миңа Harkins Theatres-ында фильмларны күрсәт .,SearchScreeningEvent,SearchCreativeWork,False,0.8658,False,False,False,"{'location': 'Harkins Theatres-ында', 'movie_type': 'фильмларны'}","{'object_name': 'films', 'object_type': 'movie'}"
test_500,аларның кампусында шул ук райондагы чурраскарияга кичәгә заказ бир,BookRestaurant,none,False,0.904,True,False,False,"{'location': 'аларның кампусында | шул ук райондагы', 'restaurant_type': 'чурраскарияга'}",{}
