id,text,true_intent,pred_intent,intent_correct,confidence,weak_by_conf,weak_intent_real,weak_slot_real,true_slots,pred_slots
test_1,барлык хәтерләтүләрне күрсәт,reminder/show_reminders,none,False,0.0,True,False,False,{'reference': 'барлык'},{}
test_2,Миңа свитер кирәкме?,weather/find,SearchScreeningEvent,False,0.8413,False,False,False,{'weather/attribute': 'свитер'},"{'object_name': 'свитер', 'object_type': 'техникаль объект'}"
test_3,Бүген сәгать ун алтыга хәтерләтүне өстә,reminder/set_reminder,alarm/snooze_alarm,False,0.8044,False,False,False,{'datetime': 'Бүген сәгать ун алтыга'},"{'reference': 'Будильнигым', 'recurring_datetime': 'ун алтыга hétärlätne', 'datetime': 'өстәл'}"
test_4,Минем хәтерләтүне бетер,reminder/cancel_reminder,none,False,0.0,True,False,False,{'reference': 'Минем'},{}
test_5,Миңа бензин салырга искә төшер.,reminder/set_reminder,none,False,0.8636,True,False,False,{'reminder/todo': 'бензин салырга'},{}
test_6,Чәршәмбе көнне миңа кул чатыры кирәкме?,weather/find,alarm/set_alarm,False,0.8888,False,False,False,"{'datetime': 'Чәршәмбе', 'weather/attribute': 'кул чатыры'}","{'datetime': 'Чәршәмбе көнне', 'reference': 'кул чатыры'}"
test_7,биш минуттан соң минем будильникны кабатла,alarm/snooze_alarm,alarm/snooze_alarm,True,0.924,False,True,False,"{'datetime': 'биш минуттан', 'reference': 'минем'}","{'reference': 'Минем будильникны', 'recurring_datetime': 'биш минуттан соң'}"
test_8,максның туган көне турында искә төшеруне куй,reminder/set_reminder,alarm/set_alarm,False,0.8419,False,False,False,{'reminder/todo': 'максның туган көне турында искә төшеруне'},"{'datetime': 'максның туган көне', 'reference': 'искә торуне'}"
test_9,Миңа барлык хәтерләтүләрне күрсәт,reminder/show_reminders,SearchScreeningEvent,False,0.8044,False,False,False,{'reference': 'барлык'},"{'object_type': 'барлык шатыр', 'object_name': 'хетерләтү'}"
test_10,Барлык будильникларны күрсәт.,alarm/show_alarms,alarm/show_alarms,True,0.9661,False,False,False,{'reference': 'Барлык'},{}
test_11,Бүген яңгыр явар микән?,weather/find,weather/find,True,0.9137,False,False,False,"{'datetime': 'Бүген', 'weather/attribute': 'яңгыр'}","{'condition_description': 'яңгыр', 'location': 'Бүген'}"
test_12,Будильникны иртәнге 8 куй,alarm/set_alarm,alarm/snooze_alarm,False,0.9485,False,False,False,{'datetime': 'иртәнге 8'},"{'reference': 'Будильникны', 'recurring_datetime': 'иртәнге 8 куй'}"
test_13,Бүген температура нинди?,weather/find,none,False,0.0,True,False,False,"{'datetime': 'Бүген', 'weather/attribute': 'температура'}",{}
test_14,Минем хәтерләтүне күрсәт,reminder/show_reminders,none,False,0.0,True,False,False,{'reference': 'Минем'},{}
test_15,Барлык будильникларны күрсәт,alarm/show_alarms,alarm/show_alarms,True,0.9743,False,False,False,{'reference': 'Барлык'},{}
test_16,Миңа Бен белән Джорджия турында сөйләшергә искә төшер,reminder/set_reminder,SearchScreeningEvent,False,0.8878,False,False,False,{'reminder/todo': 'Бен белән Джорджия турында сөйләшергә'},"{'object_name': 'Бен', 'object_part_of_series_type': 'Джорджия', 'object_type': 'фильм'}"
test_17,Будильникны иртәнге 5 куй,alarm/set_alarm,alarm/snooze_alarm,False,0.9493,False,False,False,{'datetime': 'иртәнге 5'},"{'reference': 'Будильникны', 'recurring_datetime': 'иртәнге 5 куй'}"
test_18,бүген болытлымы,weather/find,none,False,0.0,True,False,False,"{'datetime': 'бүген', 'weather/attribute': 'болытлымы'}",{}
test_19,Бүген бездә ничә дюйм яңгыры явар?,weather/find,none,False,0.0,True,False,False,"{'datetime': 'Бүген', 'weather/attribute': 'дюйм яңгыры'}",{}
test_20,Иртәгә минем апама шалтыратырга искә төшер,reminder/set_reminder,alarm/snooze_alarm,False,0.8797,False,False,False,"{'datetime': 'Иртәгә', 'reminder/todo': 'минем апама шалтыратырга'}","{'reference': 'Минем апама', 'datetime': 'иртәгә'}"
test_21,будильникны туктат,alarm/cancel_alarm,alarm/snooze_alarm,False,0.8653,False,False,False,{},{'reference': 'Будильник'}
test_22,Бу атнада кызу булырмы?,weather/find,none,False,0.0,True,False,False,"{'datetime': 'Бу атнада', 'weather/attribute': 'кызу'}",{}
test_23,Будильникны көндезге 3 куй.,alarm/set_alarm,alarm/snooze_alarm,False,0.9173,False,False,False,{'datetime': 'көндезге 3'},"{'reference': 'Будильникны', 'recurring_datetime': 'куй 3 куй'}"
test_24,бүген кар явармы,weather/find,none,False,0.0,True,False,False,"{'datetime': 'бүген', 'weather/attribute': 'кар'}",{}
test_25,бөтен будильникларны бетер,alarm/cancel_alarm,alarm/snooze_alarm,False,0.9527,False,False,False,{'reference': 'бөтен'},{'reference': 'бөтен будильниклар'}
test_26,Минем хәтерләтүләрне күрсәт,reminder/show_reminders,none,False,0.0,True,False,False,{'reference': 'Минем'},{}
test_27,Будильникка кадәр күпме вакыт калды,alarm/time_left_on_alarm,alarm/time_left_on_alarm,True,0.8832,False,True,False,{},"{'reference': 'Будильникка кадәр', 'datetime': 'китеп калды'}"
test_28,Минем нинди искә төшерүләрем бар?,reminder/show_reminders,SearchScreeningEvent,False,0.8139,False,False,False,{'reference': 'Минем'},"{'object_type': 'искә', 'object_name': 'төширү', 'datetime': 'минем'}"
test_29,Будильникны көн саен иртәнге 8 куй,alarm/set_alarm,alarm/snooze_alarm,False,0.9245,False,False,False,{'recurring_datetime': 'иртәнге 8'},"{'reference': 'Будильник', 'recurring_datetime': 'иртәнге 8 куй'}"
test_30,син миңа будильникларны күрсәтә аласыңмы?,alarm/show_alarms,alarm/show_alarms,True,0.9179,False,False,False,{},{}
test_31,Бүген Диснейуорлдта буран булырмы?,weather/find,SearchScreeningEvent,False,0.9275,False,False,False,"{'datetime': 'Бүген', 'location': 'Диснейуорлдта', 'weather/attribute': 'буран'}","{'movie_name': 'Бүген Диснейуорлд', 'object_type': 'фильм'}"
test_32,бүген кар явырмы,weather/find,none,False,0.0,True,False,False,"{'datetime': 'бүген', 'weather/attribute': 'кар'}",{}
test_33,бөтен будильникларны күрсәт,alarm/show_alarms,alarm/show_alarms,True,0.975,False,False,False,{'reference': 'бөтен'},{}
test_34,Бүген салкынмы?,weather/find,none,False,0.0,True,False,False,"{'datetime': 'Бүген', 'weather/attribute': 'салкынмы'}",{}
test_35,"Зинһар, пәнҗешәмбе иртәсеннән будильникны бетер.",alarm/cancel_alarm,alarm/snooze_alarm,False,0.911,False,False,False,{'datetime': 'пәнҗешәмбе иртәсеннән'},"{'reference': 'пленҗешәмбе иртәсеннән будильникны', 'recurring_datetime': 'бетер'}"
test_36,Бүген яңгыр явырмы?,weather/find,weather/find,True,0.9078,False,False,False,"{'datetime': 'Бүген', 'weather/attribute': 'яңгыр'}","{'condition_description': 'яңгыр явырмы', 'location': 'бүген'}"
test_37,канадада кар явамы,weather/find,none,False,0.0,True,False,False,"{'location': 'канадада', 'weather/attribute': 'кар явамы'}",{}
test_38,Бүген нинди югары температура булачак?,weather/find,none,False,0.0,True,False,False,"{'datetime': 'Бүген', 'weather/attribute': 'югары температура'}",{}
test_39,"Төнлә шулкадәр кар яуса, сәяхәт куркыныч булырмы?",weather/find,none,False,0.0,True,False,False,"{'datetime': 'Төнлә', 'weather/attribute': 'кар яуса'}",{}
test_40,бөтен хәтерләтүләрне күрсәт,reminder/show_reminders,none,False,0.0,True,False,False,{'reference': 'бөтен'},{}
test_41,барлык хәтерләтүләрне бетер,reminder/cancel_reminder,reminder/show_reminders,False,0.6381,False,False,False,{'reference': 'барлык'},{}
test_42,миңа иртәгә куртка кирәкме?,weather/find,none,False,0.0,True,False,False,"{'datetime': 'иртәгә', 'weather/attribute': 'куртка'}",{}
test_43,Будильникка кадәр күпме вакыт калды,alarm/time_left_on_alarm,alarm/time_left_on_alarm,True,0.8832,False,True,False,{},"{'reference': 'Будильникка кадәр', 'datetime': 'китеп калды'}"
test_44,Будильникны туктат,alarm/snooze_alarm,alarm/snooze_alarm,True,0.9272,False,True,False,{},{'reference': 'Будильник'}
test_45,Миңа барлык будильникларны күрсәт,alarm/show_alarms,alarm/show_alarms,True,0.9685,False,False,False,{'reference': 'барлык'},{}
test_46,Йеллоустонда һава торышы нинди?,weather/find,weather/find,True,0.9521,False,False,False,{'location': 'Йеллоустонда'},"{'location': 'Йеллоустондо', 'weather/attribute': 'һава торышы'}"
test_47,Бүген һава торышы нинди?,weather/find,none,False,0.0,True,False,False,{'datetime': 'Бүген'},{}
test_48,Иртәгә Патрикны мәктәптән алырга минем искә төшерүдән алып бетер.,reminder/cancel_reminder,alarm/set_alarm,False,0.8226,False,False,False,"{'datetime': 'Иртәгә', 'reminder/todo': 'Патрикны мәктәптән алырга', 'reference': 'минем'}","{'reference': 'Патрик', 'recurring_datetime': 'иртәгә', 'datetime': 'алырга минем искә төшерүдән', 'sort': 'патрик'}"
test_49,Миңа иртәгә шул ук вакытта табибка язылырга искә төшер,reminder/set_reminder,reminder/set_reminder,True,0.8659,False,False,False,"{'datetime': 'иртәгә шул ук вакытта', 'reminder/todo': 'табибка язылырга'}","{'recurring_datetime': 'шул ук вакытта', 'datetime': 'иртәгә табибка язылырга искә төшер', 'reminder/todo': 'искә төшер'}"
test_50,Миңа аренданы түләргә искә төшер,reminder/set_reminder,reminder/set_reminder,True,0.8097,False,False,False,{'reminder/todo': 'аренданы түләргә'},"{'recurring_datetime': 'аренданы түләргә', 'datetime': 'түшегиз', 'reminder/todo': 'төшер итүче'}"
test_51,яңгыр кайчан бетәчәк?,weather/find,none,False,0.0,True,False,False,{'weather/attribute': 'яңгыр'},{}
test_52,будильникларны бетер,alarm/cancel_alarm,alarm/snooze_alarm,False,0.9294,False,False,False,{},{'reference': 'будильниклар'}
test_53,Сишәмбе көнне миңа Стефанига шалтыратырга искә төшер,reminder/set_reminder,reminder/show_reminders,False,0.9535,False,False,False,"{'datetime': 'Сишәмбе көнне', 'reminder/todo': 'Стефанига шалтыратырга'}","{'datetime': 'Сишәмбе көнне', 'reference': 'Стефанига'}"
test_54,барлык минем уяткыч сәгатьләрне күрсәт,alarm/show_alarms,none,False,0.0,True,False,False,{'reference': 'барлык минем'},{}
test_55,Бүген никадәр эссе булачак?,weather/find,SearchCreativeWork,False,0.853,False,False,False,"{'datetime': 'Бүген', 'weather/attribute': 'эссе'}","{'object_name': 'экзамен', 'object_type': 'экзамен'}"
test_56,будильникны бүген кичке 5 куй,alarm/set_alarm,alarm/set_alarm,True,0.9218,False,False,False,{'datetime': 'бүген кичке 5'},"{'reference': 'будильникны', 'datetime': 'бүген кичке 5 куй'}"
test_57,21-енче августта көндез 3-тә табибка барырга искә төшер,reminder/set_reminder,reminder/set_reminder,True,0.917,False,False,False,"{'datetime': '21-енче августта көндез 3-тә', 'reminder/todo': 'табибка барырга'}","{'recurring_datetime': '21-енче августта көндез 3-тә', 'reminder/todo': 'табибка барырга искә төшер'}"
test_58,көн саен иртәнге сәгать 7-дә дарулар эчәргә турында минем искә төшерүне бетер,reminder/cancel_reminder,alarm/snooze_alarm,False,0.8607,False,False,False,"{'recurring_datetime': 'көн саен иртәнге сәгать 7-дә', 'reminder/todo': 'дарулар эчәргә'}","{'reference': 'көн саен иртәнге', 'recurring_datetime': 'сәгать 7-дә', 'datetime': 'дарулар эчәргә'}"
test_59,киләсе фараз яңгырны кайчан күрсәтә,weather/find,none,False,0.0,True,False,False,{'weather/attribute': 'яңгырны'},{}
test_60,Иртәгә иртә белән минем будильнигым нинди вакытка куелган?,alarm/show_alarms,alarm/show_alarms,True,0.8861,False,False,False,"{'datetime': 'Иртәгә иртә', 'reference': 'минем'}","{'reference': 'Минем будильнигым', 'datetime': 'иртәгә иртә'}"
test_61,бүген кар явармы,weather/find,none,False,0.0,True,False,False,"{'datetime': 'бүген', 'weather/attribute': 'кар'}",{}
test_62,Минем будильнигымны сүндер.,alarm/cancel_alarm,alarm/show_alarms,False,0.9587,False,False,False,{'reference': 'Минем'},{'reference': 'Минем будильнигымны'}
test_63,Барлык будильникларны бетер,alarm/cancel_alarm,alarm/snooze_alarm,False,0.949,False,False,False,{'reference': 'Барлык'},{'reference': 'Барлык будильниклар'}
test_64,миңа продуктларны сатып алырга искә төшер,reminder/set_reminder,reminder/set_reminder,True,0.8956,False,False,False,{'reminder/todo': 'продуктларны сатып алырга'},"{'recurring_datetime': 'миңа продуктларны сатып алырга искә төшер', 'reminder/todo': 'искә төшер'}"
test_65,Миңа иртәнге сәгать 9-да иртәнге аш өчен будильник кирәк,alarm/set_alarm,alarm/set_alarm,True,0.8541,False,False,False,{'datetime': 'иртәнге сәгать 9-да'},"{'reference': 'Иртәнге', 'datetime': '9-да', 'recurring_datetime': 'иртәнге аш'}"
test_66,уен башланганчы бер сәгать алдан Кольтларны карау турында искә төшерүне куй,reminder/set_reminder,reminder/show_reminders,False,0.8884,False,False,False,"{'datetime': 'уен башланганчы бер сәгать алдан', 'reminder/todo': 'Кольтларны карау'}","{'datetime': 'бер сәгать алдан Кольтларны карау', 'reference': 'Кольтларны карау'}"
test_67,барлык будильникларны бетер,alarm/cancel_alarm,alarm/snooze_alarm,False,0.9286,False,False,False,{'reference': 'барлык'},{'reference': 'барлык будильниклар'}
test_68,Бу исемлектән минем өченче искә төшерүне бетер.,reminder/cancel_reminder,reminder/show_reminders,False,0.8633,False,False,False,{'reference': 'минем өченче'},"{'reference': 'Бу исемлектән', 'datetime': 'минем өченче искә төшерүне бетер'}"
test_69,Будильникны иртәнге 6 куй,alarm/set_alarm,alarm/snooze_alarm,False,0.9425,False,False,False,{'datetime': 'иртәнге 6'},"{'reference': 'Будильникны', 'recurring_datetime': 'иртәнге 6 куй'}"
test_70,Бу будильникны хәзердән көндезге 2-гә куй,alarm/cancel_alarm,alarm/snooze_alarm,False,0.8299,False,False,False,"{'reference': 'Бу', 'datetime': 'хәзердән | көндезге 2-гә'}","{'reference': 'Бу будильникны', 'recurring_datetime': 'көрнә', 'datetime': 'көрнә 2-гә'}"
test_71,Кар булырмы?,weather/find,none,False,0.0,True,False,False,{'weather/attribute': 'Кар'},{}
test_72,Миңа аренданы түләргә искә төшер.,reminder/set_reminder,reminder/set_reminder,True,0.8782,False,False,False,{'reminder/todo': 'аренданы түләргә'},"{'recurring_datetime': 'аренданы түләргә', 'reminder/todo': 'төшер'}"
test_73,иртәгә нинди иң түбән температура,weather/find,weather/find,True,0.8913,False,False,False,"{'datetime': 'иртәгә', 'weather/attribute': 'иң түбән'}","{'weather/attribute': 'температура', 'weather/temperatureUnit': 'иртәгә'}"
test_74,Бүген кояшлы булырмы?,weather/find,none,False,0.0,True,False,False,"{'datetime': 'Бүген', 'weather/attribute': 'кояшлы'}",{}
test_75,Бүген минем ничә искә төшерүләрем бар?,reminder/show_reminders,none,False,0.0,True,False,False,{'datetime': 'Бүген'},{}
test_76,Минем иртәгә нинди искә төшерүләрем бар?,reminder/show_reminders,SearchScreeningEvent,False,0.7897,False,False,False,"{'reference': 'Минем', 'datetime': 'иртәгә'}","{'object_name': 'минем иртә', 'object_type': 'искә', 'datetime': 'ндинди'}"
test_77,Минем барлык искә төшерүләремне бетер.,reminder/cancel_reminder,alarm/set_alarm,False,0.8631,False,False,False,{'reference': 'Минем барлык'},"{'datetime': 'минем барлык искә төшерү', 'reference': 'минем барлык искә төшерү'}"
test_78,будильникны иртәнге 6-га куй,alarm/set_alarm,alarm/snooze_alarm,False,0.9173,False,False,False,{'datetime': 'иртәнге 6-га'},"{'reference': 'Будильникны', 'recurring_datetime': 'иртәнге 6-га'}"
test_79,Будильникны 30 минутка куй,alarm/set_alarm,alarm/set_alarm,True,0.9291,False,False,False,{'datetime': '30 минутка'},"{'reference': 'Будильник', 'datetime': '30 минутка'}"
test_80,Будильникны бер сәгать алга куй.,alarm/set_alarm,alarm/snooze_alarm,False,0.9387,False,False,False,{'datetime': 'бер сәгать алга'},"{'reference': 'Будильник', 'datetime': 'бер сәгать'}"
test_81,барлык будильникларны бетер,alarm/cancel_alarm,alarm/snooze_alarm,False,0.9286,False,False,False,{'reference': 'барлык'},{'reference': 'барлык будильниклар'}
test_82,Лос-Анджелеста һава торышы,weather/find,none,False,0.0,True,False,False,{'location': 'Лос - Анджелеста'},{}
test_83,бөтен будильникларны бетер,alarm/cancel_alarm,alarm/snooze_alarm,False,0.9527,False,False,False,{'reference': 'бөтен'},{'reference': 'бөтен будильниклар'}
test_84,Бүген минем ничә искә төшерүләрем бар?,reminder/show_reminders,none,False,0.0,True,False,False,{'datetime': 'Бүген'},{}
test_85,Миңа иртәгә кибеттә кәгазь сөлгеләр сатып алырга искә төшер,reminder/set_reminder,reminder/set_reminder,True,0.8505,False,False,False,"{'datetime': 'иртәгә', 'reminder/todo': 'кибеттә кәгазь сөлгеләр сатып алырга'}","{'recurring_datetime': 'иrappedate', 'datetime': 'кибеттә', 'reminder/todo': 'гегазь сөлгеләр сатып алырга'}"
test_86,Миңа минем барлык искә төшерүләремне күрсәт,reminder/show_reminders,SearchScreeningEvent,False,0.7979,False,False,False,{'reference': 'минем барлык'},"{'movie_name': 'Минем барлык искә', 'object_type': 'төшере'}"
test_87,Будильникны иртәнге 6 куй,alarm/set_alarm,alarm/snooze_alarm,False,0.9425,False,False,False,{'datetime': 'иртәнге 6'},"{'reference': 'Будильникны', 'recurring_datetime': 'иртәнге 6 куй'}"
test_88,иртәгә кар булырмы,weather/find,none,False,0.817,True,False,False,"{'datetime': 'иртәгә', 'weather/attribute': 'кар'}",{}
test_89,иртәгә минем иртәнге будильникны бетер,alarm/cancel_alarm,alarm/snooze_alarm,False,0.8615,False,False,False,"{'datetime': 'иртәгә | иртәнге', 'reference': 'минем'}","{'reference': 'иртәгә минем иртәгә', 'datetime': 'будильникны бетер'}"
test_90,Дүшәмбе көнне төшке ашка будильникны куй.,alarm/set_alarm,alarm/set_alarm,True,0.8884,False,False,False,{'recurring_datetime': 'Дүшәмбе көнне төшке ашка'},"{'datetime': 'Дүшәмбе көнне', 'reference': 'Төрөке ашка будильник'}"
test_91,Бүген никадәр эссе булачак?,weather/find,SearchCreativeWork,False,0.853,False,False,False,"{'datetime': 'Бүген', 'weather/attribute': 'эссе'}","{'object_name': 'экзамен', 'object_type': 'экзамен'}"
test_92,иртәнге будильникларны куерга миңа искә төшер,reminder/set_reminder,alarm/snooze_alarm,False,0.8732,False,False,False,"{'datetime': 'иртәнге', 'reminder/todo': 'будильникларны куерга'}","{'reference': 'Будильнигымны', 'recurring_datetime': 'иртәнге'}"
test_93,бөтен будильникларны бетер,alarm/cancel_alarm,alarm/snooze_alarm,False,0.9527,False,False,False,{'reference': 'бөтен'},{'reference': 'бөтен будильниклар'}
test_94,Минем будильникларымны күрсәт,alarm/show_alarms,alarm/show_alarms,True,0.9293,False,False,False,{'reference': 'Минем'},{}
test_95,будильникны сүндер,alarm/cancel_alarm,none,False,0.0,True,False,False,{},{}
test_96,Бүген температура нинди?,weather/find,none,False,0.0,True,False,False,"{'datetime': 'Бүген', 'weather/attribute': 'температура'}",{}
test_97,будильникны сүндер,alarm/cancel_alarm,none,False,0.0,True,False,False,{},{}
test_98,Барлык будильникларны күрсәт,alarm/show_alarms,alarm/show_alarms,True,0.9743,False,False,False,{'reference': 'Барлык'},{}
test_99,Будильникны 30 минут саен куй,alarm/set_alarm,alarm/set_alarm,True,0.9402,False,False,False,{'recurring_datetime': '30 минут саен'},"{'reference': 'Будильникны', 'datetime': '30 минут саен'}"
test_100,Бүген нинди температура булачак?,weather/find,none,False,0.0,True,False,False,"{'datetime': 'Бүген', 'weather/attribute': 'температура'}",{}
test_101,Бүген кызу булырмы?,weather/find,none,False,0.0,True,False,False,"{'datetime': 'Бүген', 'weather/attribute': 'кызу'}",{}
test_102,Иртәгә яңгыр булырмы?,weather/find,weather/find,True,0.9301,False,False,False,"{'datetime': 'Иртәгә', 'weather/attribute': 'яңгыр'}","{'location': 'Иртәгә', 'weather/attribute': 'яңгыр булырмы'}"
test_103,Киләсе будильникны бетер,alarm/cancel_alarm,alarm/snooze_alarm,False,0.9102,False,False,False,{'reference': 'Киләсе'},"{'reference': 'Будильнигым', 'snooze': 'бетер'}"
test_104,Бүген кибеткә барырга искә төшер,reminder/set_reminder,reminder/set_reminder,True,0.8955,False,False,False,"{'datetime': 'Бүген', 'reminder/todo': 'кибеткә барырга'}","{'recurring_datetime': 'бүген кибеткә барырга', 'reminder/todo': 'төшер'}"
test_105,киләсе атнада минем искә төшерүләрне бетер,reminder/cancel_reminder,alarm/set_alarm,False,0.8833,False,False,False,"{'datetime': 'киләсе атнада', 'reference': 'минем'}","{'datetime': 'киләсе атнада', 'reference': 'минем искә төшерү'}"
test_106,миңа сишәмбе көнне көндезге сәгать 3-тә этне грумерга алып барырга исемә төшер,reminder/set_reminder,reminder/set_reminder,True,0.959,False,False,False,"{'datetime': 'сишәмбе көнне көндезге сәгать 3-тә', 'reminder/todo': 'этне грумерга алып барырга'}","{'recurring_datetime': 'сишәмбе көнне көндезге', 'datetime': 'сәгать 3-тә', 'reminder/todo': 'грумерга алып барырга'}"
test_107,28-енче көнне Дженга годовщинага чәчәкләр сатып алырга исемә төшер.,reminder/set_reminder,reminder/set_reminder,True,0.9321,False,False,False,"{'datetime': '28-енче көнне', 'reminder/todo': 'Дженга годовщинага чәчәкләр сатып алырга'}","{'recurring_datetime': '28-енче көнне', 'reminder/todo': 'Дженга годовщинага чәчәкләр сатып алырга'}"
test_108,Бүген һава торышы нинди?,weather/find,none,False,0.0,True,False,False,{'datetime': 'Бүген'},{}
test_109,Иртәгә табибка язылырга миңа искә төшер.,reminder/set_reminder,none,False,0.0,True,False,False,"{'datetime': 'Иртәгә', 'reminder/todo': 'табибка язылырга'}",{}
test_110,бөтен будильникларны сүндер,alarm/cancel_alarm,alarm/show_alarms,False,0.9394,False,False,False,{'reference': 'бөтен'},{}
test_111,Мин үзем белән дождевикны алыйммы?,weather/find,SearchScreeningEvent,False,0.8549,False,False,False,{'weather/attribute': 'дождевикны'},"{'object_name': 'дождевик', 'object_type': 'механик'}"
test_112,Начар һава торышы фаразы нинди?,weather/find,weather/find,True,0.9397,False,False,False,{'weather/attribute': 'Начар'},"{'weather/attribute': 'фаразы', 'weather/temperatureUnit': 'Цельсий градустан'}"
test_113,киләсе атнада табибка язуым турында искә төшер,reminder/set_reminder,none,False,0.0,True,False,False,"{'datetime': 'киләсе атнада', 'reminder/todo': 'табибка язуым турында'}",{}
test_114,иртәнге 8 кибеткә бару турында искә төшер,reminder/set_reminder,alarm/snooze_alarm,False,0.8991,False,False,False,"{'datetime': 'иртәнге 8', 'reminder/todo': 'кибеткә бару'}","{'reference': 'Будильнигым', 'recurring_datetime': 'иртәнге 8 кибеткә бару'}"
test_115,Химчисткага барырга искә төшерү яса.,reminder/set_reminder,alarm/set_alarm,False,0.8787,False,False,False,{'reminder/todo': 'Химчисткага барырга'},"{'reference': 'Химчисткага барырга искә төшерү яса', 'datetime': 'Искә төшерү яса', 'recurring_datetime': 'Искә төшерү яса'}"
test_116,кайчан салкынрак булачак,weather/find,weather/find,True,0.9285,False,False,False,{'weather/attribute': 'салкынрак'},"{'weather/attribute': 'салкын', 'weather/temperatureUnit': 'Цельсий градустан'}"
test_117,бу атнада яңгыр булырмы,weather/find,weather/find,True,0.932,False,False,False,"{'datetime': 'бу атнада', 'weather/attribute': 'яңгыр'}","{'location': 'бу атнада', 'weather/attribute': 'яңгыр булырмы'}"
test_118,барлык будильникларны бетер,alarm/cancel_alarm,alarm/snooze_alarm,False,0.9286,False,False,False,{'reference': 'барлык'},{'reference': 'барлык будильниклар'}
test_119,будильникларны бетер,alarm/cancel_alarm,alarm/snooze_alarm,False,0.9294,False,False,False,{},{'reference': 'будильниклар'}
test_120,минем будильникларымны күрсәт,alarm/show_alarms,alarm/show_alarms,True,0.9594,False,False,False,{'reference': 'минем'},{}
test_121,Минем будильнигым кайсы вакытка куйган?,alarm/show_alarms,none,False,0.0,True,False,False,{},{}
test_122,Шимбә көнне яңгыр булырмы?,weather/find,weather/find,True,0.9126,False,False,False,"{'datetime': 'Шимбә', 'weather/attribute': 'яңгыр'}","{'datetime': 'Шимビー көнне', 'weather/attribute': 'яңгыр булырмы'}"
test_123,бүген никадәр эссе булачак,weather/find,BookRestaurant,False,0.7681,False,False,False,"{'datetime': 'бүген', 'weather/attribute': 'эссе'}","{'party_size_number': 'бүген', 'cuisine': 'эсе булачак', 'location': 'китаптар эссе булачак'}"
test_124,Барлык будильникларны бетер,alarm/cancel_alarm,alarm/snooze_alarm,False,0.949,False,False,False,{'reference': 'Барлык'},{'reference': 'Барлык будильниклар'}
test_125,Бу ял көннәрендә Тахода һава торышы?,weather/find,weather/find,True,0.9083,False,False,False,"{'datetime': 'Бу ял көннәрендә', 'location': 'Тахода'}","{'datetime': 'Бу ял көннәрендә', 'location': 'Тахода', 'weather/attribute': 'һава торышы'}"
test_126,Миңа бүген пальто кирәкме?,weather/find,SearchScreeningEvent,False,0.8874,False,False,False,"{'datetime': 'бүген', 'weather/attribute': 'пальто'}","{'object_name': 'пальто', 'object_type': 'бүген'}"
test_127,Яңгыр кайчан туктар?,weather/find,weather/find,True,0.9292,False,False,False,{'weather/attribute': 'Яңгыр'},"{'weather/attribute': 'Яңгыр', 'weather/temperatureUnit': 'Цельсий градустан'}"
test_128,Дүшәмбе көнне 16:00 сәгатьтә минем мәктәпкә шалтыратырга хәтерләтү куй,reminder/set_reminder,reminder/set_reminder,True,0.8826,False,False,False,"{'datetime': 'Дүшәмбе көнне 16:00 сәгатьтә', 'reminder/todo': 'минем мәктәпкә шалтыратырга'}","{'recurring_datetime': 'дүшәмбе көнне 16:00', 'datetime': 'шалтыратырга', 'reminder/todo': 'минем स्कूल'}"
test_129,Минем будильнигымны сүндер.,alarm/cancel_alarm,alarm/show_alarms,False,0.9587,False,False,False,{'reference': 'Минем'},{'reference': 'Минем будильнигымны'}
test_130,Бүген кич никадәр салкын булыр?,weather/find,weather/find,True,0.9096,False,False,False,"{'datetime': 'Бүген кич', 'weather/attribute': 'салкын'}","{'condition_description': 'салкын булыр', 'weather/temperatureUnit': 'Цельсий градустан'}"
test_131,Будильникны иртәнге җидегә куй.,alarm/set_alarm,alarm/snooze_alarm,False,0.9233,False,False,False,{'datetime': 'иртәнге җидегә'},"{'reference': 'Будильникны', 'recurring_datetime': 'иртәнге җидегә'}"
test_132,Минем Робны алу турында хәтерләтүемне бетер,reminder/cancel_reminder,BookRestaurant,False,0.8062,False,False,False,"{'reference': 'Минем', 'reminder/todo': 'Робны алу'}","{'datetime': 'минем Робны алу', 'party_size_number': 'сигез', 'sort': 'югары булачакмы', 'cuisine': 'робны', 'location': 'бетер'}"
test_133,Иртәгә сөт сатып алу турында хәтерләтү яса.,reminder/set_reminder,SearchScreeningEvent,False,0.8492,False,False,False,"{'datetime': 'Иртәгә', 'reminder/todo': 'сөт сатып алу'}","{'movie_name': 'Иртәгә сөт сатып алу', 'object_location_type': 'кинотеатрда', 'datetime': 'сотак', 'object_type': 'расписаниесен'}"
test_134,Будильникны иртәнге 6 куй,alarm/set_alarm,alarm/snooze_alarm,False,0.9425,False,False,False,{'datetime': 'иртәнге 6'},"{'reference': 'Будильникны', 'recurring_datetime': 'иртәнге 6 куй'}"
test_135,"көндәлек будильникны, аны бетергәнче, кичке җиде сәгать утыз минутка планлаштыр",alarm/set_alarm,alarm/snooze_alarm,False,0.8717,False,False,False,{'recurring_datetime': 'көндәлек | кичке җиде сәгать утыз минутка'},"{'reference': 'Будильник', 'datetime': 'көндәлек утыз minute', 'recurring_datetime': 'бетергәнче'}"
test_136,миңа торыр өчен будильникны куерга исемә төшер,reminder/set_reminder,alarm/snooze_alarm,False,0.8247,False,False,False,{'reminder/todo': 'торыр өчен будильникны куерга'},"{'reference': 'Будильнигым', 'snooze': 'төшере'}"
test_137,Минем хәтерләтүне бетер,reminder/cancel_reminder,none,False,0.0,True,False,False,{'reference': 'Минем'},{}
test_138,Бүген кар булырмы?,weather/find,none,False,0.0,True,False,False,"{'datetime': 'Бүген', 'weather/attribute': 'кар'}",{}
test_139,Миңа бөтен будильникларны күрсәт,alarm/show_alarms,alarm/show_alarms,True,0.9659,False,False,False,{'reference': 'бөтен'},{}
test_140,бөтен хәтерләтүләрне күрсәт,reminder/show_reminders,none,False,0.0,True,False,False,{'reference': 'бөтен'},{}
test_141,минем будильнигымда күпме вакыт калды,alarm/time_left_on_alarm,none,False,0.0,True,True,False,{'reference': 'минем'},{}
test_142,будильникны 2 сәгатькә куй,alarm/set_alarm,alarm/snooze_alarm,False,0.9004,False,False,False,{'datetime': '2 сәгатькә'},"{'reference': 'будильник', 'recurring_datetime': '2 сәгать'}"
test_143,Эштән соң икмәк сатып алырга исемә төшер,reminder/set_reminder,reminder/set_reminder,True,0.8926,False,False,False,"{'datetime': 'Эштән соң', 'reminder/todo': 'икмәк сатып алырга'}","{'recurring_datetime': 'икмәк сатып алырга', 'datetime': 'эштән соң', 'reminder/todo': 'төшере'}"
test_144,Бүген яңгыр булырмы?,weather/find,weather/find,True,0.9157,False,False,False,"{'datetime': 'Бүген', 'weather/attribute': 'яңгыр'}",{'condition_description': 'яңгыр булырмы'}
test_145,бүгенге һава торышы фаразын укы,weather/find,weather/find,True,0.8783,False,False,False,{'datetime': 'бүгенге'},{'weather/attribute': 'фаразын'}
test_146,Минем будильнигым нинди вакытка куелган?,alarm/show_alarms,alarm/show_alarms,True,0.946,False,False,False,{'reference': 'Минем'},{'reference': 'Минем будильнигым'}
test_147,иртәгә 4 миңа сәүдә үзәгенә барырга исемә төшер,reminder/set_reminder,alarm/set_alarm,False,0.8421,False,False,False,"{'datetime': 'иртәгә 4', 'reminder/todo': 'сәүдә үзәгенә барырга'}","{'reference': 'иртәгә 4 миңа', 'recurring_datetime': 'сәүдә үзәгенә барырга', 'datetime': 'төшер'}"
test_148,бүген кул чатырны үзем белән алыйммы,weather/find,none,False,0.0,True,False,False,"{'datetime': 'бүген', 'weather/attribute': 'кул чатырны'}",{}
test_149,Минем хәтерләтүне күрсәт,reminder/show_reminders,none,False,0.0,True,False,False,{'reference': 'Минем'},{}
test_150,Минем бөтен хәтерләтүләрне күрсәт,reminder/show_reminders,none,False,0.0,True,False,False,{'reference': 'Минем бөтен'},{}
test_151,Дүшәмбе көнне эт ризыгы турында хәтерләтү куй,reminder/set_reminder,alarm/set_alarm,False,0.8452,False,False,False,"{'datetime': 'Дүшәмбе', 'reminder/todo': 'эт ризыгы'}","{'reference': 'Дүшәмбе көнне', 'recurring_datetime': 'эт ризыгы', 'datetime': 'куй'}"
test_152,"Иртәгегә ""Сишәмбе кичендә Балада Саб йога дәресенә язылырга "" хәтерләтүне куй",reminder/set_reminder,reminder/set_reminder,True,0.9204,False,False,False,"{'datetime': 'Иртәгегә', 'reminder/todo': 'Сишәмбе кичендә Балада Саб йога дәресенә язылырга'}","{'recurring_datetime': 'сишәмбе кичендә', 'datetime': 'Балада Саб йога дәресенә язылырга', 'reminder/todo': 'Иртәгегә'}"
test_153,бүгенгегә бөтен искә төшерүләрне бетер,reminder/cancel_reminder,none,False,0.0,True,False,False,"{'datetime': 'бүгенгегә', 'reference': 'бөтен'}",{}
test_154,Бу атнада Нью-Йоркта нинди һава торышы булачак,weather/find,weather/find,True,0.9416,False,False,False,"{'datetime': 'Бу атнада', 'location': 'Нью - Йоркта'}","{'location': 'Нью-Йорк', 'weather/attribute': 'һава торышы'}"
test_155,пәнҗешәмбе көнне көндез 12-дә табибка баруымны исемә төшер,reminder/set_reminder,reminder/set_reminder,True,0.9371,False,False,False,"{'datetime': 'пәнҗешәмбе көнне көндез 12-дә', 'reminder/todo': 'табибка баруымны'}","{'recurring_datetime': 'пәнҗешәмбе көнне көндез 12-дә', 'reminder/todo': 'табибка баруымны исемә төшер'}"
test_156,Будильникны кичке 6:50 куй,alarm/set_alarm,alarm/snooze_alarm,False,0.9299,False,False,False,{'datetime': 'кичке 6:50'},"{'reference': 'Будильник', 'datetime': '6:50'}"
test_157,Бүген кар булырмы?,weather/find,none,False,0.0,True,False,False,"{'datetime': 'Бүген', 'weather/attribute': 'кар'}",{}
test_158,Нинди будильниклар куелган?,alarm/show_alarms,alarm/show_alarms,True,0.8838,False,False,False,{},{'reference': 'Будильниклар'}
test_159,7 октябрьгә искә төшерү будильникны куй,reminder/set_reminder,alarm/set_alarm,False,0.864,False,False,False,{'datetime': '7 октябрьгә'},"{'datetime': '7 октябрь', 'reference': 'төшерү будильник'}"
test_160,бүген кар булырмы?,weather/find,none,False,0.0,True,False,False,"{'datetime': 'бүген', 'weather/attribute': 'кар'}",{}
test_161,будильникны 15 минутка күчер,alarm/snooze_alarm,alarm/snooze_alarm,True,0.9326,False,True,False,{'datetime': '15 минутка'},"{'reference': 'Будильник', 'recurring_datetime': '15 минутка'}"
test_162,Күпме кар булуын фаразлыйлар?,weather/find,none,False,0.0,True,False,False,{'weather/attribute': 'кар'},{}
test_163,урамда эссе ме,weather/find,none,False,0.0,True,False,False,"{'location': 'урамда', 'weather/attribute': 'эссе'}",{}
test_164,Бүген нинди температура булачак?,weather/find,none,False,0.0,True,False,False,"{'datetime': 'Бүген', 'weather/attribute': 'температура'}",{}
test_165,иртәгә Далласта һава торышы нинди булыр,weather/find,weather/find,True,0.9258,False,False,False,"{'datetime': 'иртәгә', 'location': 'Далласта'}","{'location': 'Далласта', 'weather/attribute': 'һава торышы'}"
test_166,бүгенгегә минем бөтен искә төшерүләрне күрсәт,reminder/show_reminders,none,False,0.0,True,False,False,"{'datetime': 'бүгенгегә', 'reference': 'минем бөтен'}",{}
test_167,Атна саен продукт сатып алу турында хәтерләтү куй.,reminder/set_reminder,SearchScreeningEvent,False,0.8183,False,False,False,"{'recurring_datetime': 'Атна саен', 'reminder/todo': 'продукт сатып алу'}","{'object_name': 'атна саен продукт', 'object_type': 'сапатта', 'reference': 'куй'}"
test_168,һава торышы,weather/find,none,False,0.0,True,False,False,{},{}
test_169,Яңгыр көне буе явыр микән?,weather/find,weather/find,True,0.8824,False,False,False,"{'weather/attribute': 'Яңгыр', 'datetime': 'көне буе'}","{'weather/attribute': 'Яңгыр', 'location': 'Көне буе явыр микән'}"
test_170,Иртәгә яңгыр булырмы?,weather/find,weather/find,True,0.9301,False,False,False,"{'datetime': 'Иртәгә', 'weather/attribute': 'яңгыр'}","{'location': 'Иртәгә', 'weather/attribute': 'яңгыр булырмы'}"
test_171,Бүген кич эш хатларына җавап бирергә исемә төшер,reminder/set_reminder,reminder/set_reminder,True,0.809,False,False,False,"{'datetime': 'Бүген кич', 'reminder/todo': 'эш хатларына җавап бирергә'}","{'recurring_datetime': 'бүген кич эш хатларына', 'datetime': 'түшенү', 'reminder/todo': 'төшер'}"
test_172,Будильникларны бетер,alarm/cancel_alarm,alarm/snooze_alarm,False,0.9467,False,False,False,{},{'reference': 'Будильниклар'}
test_173,Минем будильникларны бетер,alarm/cancel_alarm,none,False,0.0,True,False,False,{'reference': 'Минем'},{}
test_174,Мин бүген шортыны кия аламмы?,weather/find,BookRestaurant,False,0.8367,False,False,False,"{'datetime': 'бүген', 'weather/attribute': 'шортыны'}","{'party_size_number': 'бүген шортыны', 'cuisine': 'алма', 'location': 'кия'}"
test_175,Иртәгә яңгыр булырмы?,weather/find,weather/find,True,0.9301,False,False,False,"{'datetime': 'Иртәгә', 'weather/attribute': 'яңгыр'}","{'location': 'Иртәгә', 'weather/attribute': 'яңгыр булырмы'}"
test_176,Будильникны иртәнге 10 куй,alarm/set_alarm,alarm/snooze_alarm,False,0.9499,False,False,False,{'datetime': 'иртәнге 10'},"{'reference': 'Будильникны', 'recurring_datetime': 'иртәнге 10 куй'}"
test_177,бу атнада яңгыр булырмы,weather/find,weather/find,True,0.932,False,False,False,"{'datetime': 'бу атнада', 'weather/attribute': 'яңгыр'}","{'location': 'бу атнада', 'weather/attribute': 'яңгыр булырмы'}"
test_178,бөтен хәтерләтүләрне күрсәт,reminder/show_reminders,none,False,0.0,True,False,False,{'reference': 'бөтен'},{}
test_179,будильникларны бетер,alarm/cancel_alarm,alarm/snooze_alarm,False,0.9294,False,False,False,{},{'reference': 'будильниклар'}
test_180,бөтен будильникларны сүндер,alarm/cancel_alarm,alarm/show_alarms,False,0.9394,False,False,False,{'reference': 'бөтен'},{}
test_181,бөтен будильник настройкаларын күрсәт,alarm/show_alarms,none,False,0.0,True,False,False,{'reference': 'бөтен'},{}
test_182,Будильникны егерме минут саен куй,alarm/set_alarm,alarm/snooze_alarm,False,0.872,False,False,False,{'recurring_datetime': 'егерме минут саен'},"{'reference': 'Будильник', 'snooze_duration': 'егермеминут'}"
test_183,Минем нинди искә төшерүләрем бар?,reminder/show_reminders,SearchScreeningEvent,False,0.8139,False,False,False,{'reference': 'Минем'},"{'object_type': 'искә', 'object_name': 'төширү', 'datetime': 'минем'}"
test_184,иртәгегә будильникны бетер,alarm/cancel_alarm,alarm/snooze_alarm,False,0.9218,False,False,False,{'datetime': 'иртәгегә'},"{'reference': 'Будильнигым', 'snooze': 'бетер'}"
test_185,бүген миңа зонтик кирәкме?,weather/find,SearchScreeningEvent,False,0.8837,False,False,False,"{'datetime': 'бүген', 'weather/attribute': 'зонтик'}","{'object_name': 'зонтик', 'object_type': 'объект'}"
test_186,бүген кар булырмы?,weather/find,none,False,0.0,True,False,False,"{'datetime': 'бүген', 'weather/attribute': 'кар'}",{}
test_187,Бүген кич минем әнигә шалтыратырга искә төшер,reminder/set_reminder,BookRestaurant,False,0.7454,False,False,False,"{'datetime': 'Бүген кич', 'reminder/todo': 'минем әнигә шалтыратырга'}","{'datetime': 'бүген кич', 'party_size_number': 'минем', 'cuisine': 'әнигә', 'sort': 'шалтыратырга', 'location': 'искә төшер'}"
test_188,Бүген яңгыр булырмы?,weather/find,weather/find,True,0.9157,False,False,False,"{'datetime': 'Бүген', 'weather/attribute': 'яңгыр'}",{'condition_description': 'яңгыр булырмы'}
test_189,Шимбә көнне яңгыр булырмы?,weather/find,weather/find,True,0.9126,False,False,False,"{'datetime': 'Шимбә', 'weather/attribute': 'яңгыр'}","{'datetime': 'Шимビー көнне', 'weather/attribute': 'яңгыр булырмы'}"
test_190,Будильникны һәр минут саен 20 минутка куясынмы?,alarm/set_alarm,alarm/set_alarm,True,0.8577,False,False,False,{'recurring_datetime': 'һәр минут саен 20 минутка'},"{'reference': 'Будильник', 'recurring_datetime': 'хәре минут саен 20 минутка куясынмы', 'datetime': 'хәре minute'}"
test_191,Кариб бассейнында тропик давыллар,weather/find,none,False,0.0,True,False,False,"{'location': 'Кариб', 'weather/attribute': 'тропик давыллар'}",{}
test_192,барлык будильникларны бетер,alarm/cancel_alarm,alarm/snooze_alarm,False,0.9286,False,False,False,{'reference': 'барлык'},{'reference': 'барлык будильниклар'}
test_193,Будильникны тугыз минут саен куй,alarm/set_alarm,alarm/snooze_alarm,False,0.9322,False,False,False,{'recurring_datetime': 'тугыз минут саен'},"{'reference': 'Будильник', 'recurring_datetime': 'тугыз минут'}"
test_194,Минем исемлектән соңгы ике хәтерләтүне бетер,reminder/cancel_reminder,alarm/snooze_alarm,False,0.805,False,False,False,{'reference': 'соңгы ике'},"{'reference': 'Минем исемлектән', 'recurring_datetime': 'сон', 'datetime': 'сон'}"
test_195,бүген һава торышы нинди,weather/find,none,False,0.0,True,False,False,{'datetime': 'бүген'},{}
test_196,минем будильнигымны кабыз,alarm/set_alarm,alarm/set_alarm,True,0.9123,False,False,False,{'reference': 'минем'},"{'reference': 'Минем будильнигымны', 'datetime': 'кабыз'}"
test_197,Бүген һаваның дымлылыгы нинди?,weather/find,weather/find,True,0.9474,False,False,False,"{'datetime': 'Бүген', 'weather/attribute': 'һаваның дымлылыгы'}","{'weather/attribute': 'дымлылык', 'weather/temperatureUnit': 'Цельсий градустан'}"
test_198,миңа торыр өчен будильникны куерга исемә төшер,reminder/set_reminder,alarm/snooze_alarm,False,0.8247,False,False,False,{'reminder/todo': 'миңа торыр өчен будильникны куерга'},"{'reference': 'Будильнигым', 'snooze': 'төшере'}"
test_199,Бу ял көннәрендә кар явырмы?,weather/find,weather/find,True,0.8763,False,False,False,"{'datetime': 'Бу ял көннәрендә', 'weather/attribute': 'кар'}","{'datetime': 'Бу ял көннәрендә', 'weather/attribute': 'кар явырмы'}"
test_200,Бүген никадәр эссе булачак?,weather/find,SearchCreativeWork,False,0.853,False,False,False,"{'datetime': 'Бүген', 'weather/attribute': 'эссе'}","{'object_name': 'экзамен', 'object_type': 'экзамен'}"
test_201,Минем будильнигым нинди вакытка куелган,alarm/show_alarms,none,False,0.0,True,False,False,{'reference': 'Минем'},{}
test_202,Бүген һава торышы нинди?,weather/find,none,False,0.0,True,False,False,{'datetime': 'Бүген'},{}
test_203,Иртәгә яңгыр явармы?,weather/find,weather/find,True,0.9379,False,False,False,"{'datetime': 'Иртәгә', 'weather/attribute': 'яңгыр'}","{'location': 'Иртәгә', 'weather/attribute': 'яңгыр явармы'}"
test_204,Сишәмбе көнне иртәнге 5:15 минем будильнигымны бетер,alarm/cancel_alarm,alarm/snooze_alarm,False,0.9074,False,False,False,"{'datetime': 'Сишәмбе көнне иртәнге 5:15', 'reference': 'минем'}","{'reference': 'Будильнигымны', 'recurring_datetime': 'иртәнге 5:15 минем'}"
test_205,бүгенге уен турында искәртүне бетер,reminder/cancel_reminder,reminder/set_reminder,False,0.9128,False,False,False,"{'datetime': 'бүгенге', 'reminder/todo': 'уен'}","{'recurring_datetime': 'бүгенге уен', 'reminder/todo': 'искәртүне бетер'}"
test_206,будильникны иртәнге көндезге 3-ке куй,alarm/set_alarm,alarm/snooze_alarm,False,0.9185,False,False,False,{'datetime': 'көндезге 3-ке'},"{'reference': 'Будильнигым', 'recurring_datetime': 'иртәнге көндезге 3-ке'}"
test_207,шимбә көнне бөтен будильникларны бетер,alarm/cancel_alarm,alarm/snooze_alarm,False,0.8718,False,False,False,"{'datetime': 'шимбә көнне', 'reference': 'бөтен'}",{'reference': 'шимбә көннеputed будильниклар'}
test_208,Миңа Лизаны алу турында искәртү кирәк,reminder/set_reminder,reminder/set_reminder,True,0.8973,False,False,False,{'reminder/todo': 'Лизаны алу'},"{'recurring_datetime': 'Лизаны алу', 'datetime': 'миңа Лизаны алу', 'reminder/todo': 'искәрт'}"
test_209,Бүген нинди югары температура?,weather/find,none,False,0.0,True,False,False,"{'datetime': 'Бүген', 'weather/attribute': 'югары'}",{}
test_210,Бүген Гринстоунда болытлы булырмы?,weather/find,none,False,0.0,True,False,False,"{'datetime': 'Бүген', 'location': 'Гринстоунда', 'weather/attribute': 'болытлы'}",{}
test_211,Соңрак искә төшер,reminder/set_reminder,none,False,0.0,True,False,False,{'datetime': 'Соңрак'},{}
test_212,бүген франциядә нинди һава торышы,weather/find,weather/find,True,0.9306,False,False,False,"{'datetime': 'бүген', 'location': 'франциядә'}","{'location': 'Франция', 'weather/attribute': 'һава торышы'}"
test_213,Шимбә кичәсендә кояшлы булырмы?,weather/find,weather/find,True,0.8712,False,False,False,"{'datetime': 'Шимбә', 'weather/attribute': 'кояшлы'}","{'datetime': 'Шимビー кичәсендә', 'weather/attribute': 'кояшлы булырмы'}"
test_214,Иртәгә яңгыр явармы?,weather/find,weather/find,True,0.9379,False,False,False,"{'datetime': 'Иртәгә', 'weather/attribute': 'яңгыр'}","{'location': 'Иртәгә', 'weather/attribute': 'яңгыр явармы'}"
test_215,Мин бүген шортыны кия аламмы?,weather/find,BookRestaurant,False,0.8367,False,False,False,"{'datetime': 'бүген', 'weather/attribute': 'шортыны'}","{'party_size_number': 'бүген шортыны', 'cuisine': 'алма', 'location': 'кия'}"
test_216,Минем искәртүемне күрсәт,reminder/show_reminders,none,False,0.0,True,False,False,{'reference': 'Минем'},{}
test_217,Сентябрьдә уртача һава торышы нинди,weather/find,weather/find,True,0.9601,False,False,False,{'datetime': 'Сентябрьдә'},"{'datetime': 'Сентябрьда', 'weather/attribute': 'уртача һава торышы'}"
test_218,Бүген салкынмы?,weather/find,none,False,0.0,True,False,False,"{'datetime': 'Бүген', 'weather/attribute': 'салкынмы'}",{}
test_219,Бөтен искәртүләремне бетер,reminder/cancel_reminder,none,False,0.0,True,False,False,{'reference': 'Бөтен'},{}
test_220,монда эссеме?,weather/find,none,False,0.0,True,False,False,{'weather/attribute': 'эссеме'},{}
test_221,Ял көннәрендә көндезге 2 будильнигымны куй,alarm/set_alarm,alarm/set_alarm,True,0.8657,False,False,False,{'recurring_datetime': 'Ял көннәрендә көндезге 2'},"{'reference': 'Ял көннәрендә', 'recurring_datetime': 'куй', 'datetime': 'будильнигымны'}"
test_222,Будильникны иртәнге 2 куй,alarm/set_alarm,alarm/snooze_alarm,False,0.945,False,False,False,{'datetime': 'иртәнге 2'},"{'reference': 'Будильникны', 'recurring_datetime': 'иртәнге 2 куй'}"
test_223,Бүген һаваның дымлылыгы нинди?,weather/find,weather/find,True,0.9474,False,False,False,"{'datetime': 'Бүген', 'weather/attribute': 'һаваның дымлылыгы'}","{'weather/attribute': 'дымлылык', 'weather/temperatureUnit': 'Цельсий градустан'}"
test_224,минем бөтен будильникларымны күрсәт,alarm/show_alarms,none,False,0.0,True,False,False,{'reference': 'минем бөтен'},{}
test_225,Минем бөтен искәртүләремне күрсәт,reminder/show_reminders,none,False,0.0,True,False,False,{'reference': 'Минем бөтен'},{}
test_226,бөтен будильникларымны бетер,alarm/cancel_alarm,alarm/snooze_alarm,False,0.9046,False,False,False,{'reference': 'бөтен'},{'reference': 'бөтен будильникларымны'}
test_227,Давыл минем районыма якынлашамы?,weather/find,SearchScreeningEvent,False,0.8989,False,False,False,"{'weather/attribute': 'Давыл', 'location': 'минем районыма'}","{'movie_name': 'Давыл', 'object_location_type': 'район'}"
test_228,бүген һава торышы нинди,weather/find,none,False,0.0,True,False,False,{'datetime': 'бүген'},{}
test_229,соңгы искәртүемне бетер,reminder/cancel_reminder,reminder/cancel_reminder,True,0.9307,False,False,False,{'reference': 'соңгы'},{'reference': 'соңгы искәртүемне'}
test_230,Будильникка күпме вакыт калды.,alarm/time_left_on_alarm,alarm/show_alarms,False,0.879,False,True,False,{},"{'reference': 'Будильникка', 'datetime': 'китеп калды'}"
test_231,Якшәмбе көнне минем бөтен будильникларымны бетер.,alarm/cancel_alarm,alarm/cancel_alarm,True,0.8945,False,False,False,"{'datetime': 'Якшәмбе көнне', 'reference': 'минем бөтен'}","{'reference': 'минем бөтен будильникларым', 'datetime': 'Якшәмбе көнне'}"
test_232,Бүген нихәтле эссе булачак?,weather/find,SearchCreativeWork,False,0.9152,False,False,False,"{'datetime': 'Бүген', 'weather/attribute': 'эссе'}","{'object_name': 'бүген', 'object_type': 'эссе'}"
test_233,Мин сине иртәгә иртәнге 8:45 яңа будильникны куерга теләр идем,alarm/set_alarm,alarm/set_alarm,True,0.8799,False,False,False,{'datetime': 'иртәгә иртәнге 8:45'},"{'datetime': '8:45 яңа будильник', 'reference': 'мин сине иртәгә'}"
test_234,бөтен будильникларны бетер,alarm/cancel_alarm,alarm/snooze_alarm,False,0.9527,False,False,False,{'reference': 'бөтен'},{'reference': 'бөтен будильниклар'}
test_235,Бүген кар явармы?,weather/find,none,False,0.0,True,False,False,"{'datetime': 'Бүген', 'weather/attribute': 'кар'}",{}
test_236,миңа бозны алырга искә төшер,reminder/set_reminder,none,False,0.0,True,False,False,{'reminder/todo': 'бозны алырга'},{}
test_237,бөтен искәртүләремне күрсәт,reminder/show_reminders,none,False,0.0,True,False,False,{'reference': 'бөтен'},{}
test_238,бөтен будильникларымны күрсәт,alarm/show_alarms,alarm/show_alarms,True,0.9765,False,False,False,{'reference': 'бөтен'},{}
test_239,Сан-Францискода һава торышы нинди?,weather/find,weather/find,True,0.9751,False,False,False,{'location': 'Сан - Францискода'},"{'location': 'Сан-Францискода', 'weather/attribute': 'һава торышы'}"
test_240,Бөтен искәртүләремне бетер,reminder/cancel_reminder,none,False,0.0,True,False,False,{'reference': 'Бөтен'},{}
test_241,Концерт турында искәртүне бетер,reminder/cancel_reminder,reminder/set_reminder,False,0.8784,False,False,False,{'reminder/todo': 'Концерт'},"{'recurring_datetime': 'концерт', 'reminder/todo': 'искәртүне бетер'}"
test_242,Иртәгә иртәнге будильникны бетер,alarm/cancel_alarm,alarm/snooze_alarm,False,0.9141,False,False,False,{'datetime': 'Иртәгә иртәнге'},{'reference': 'Иртәгә иртәнге будильник'}
test_243,бу атнада яңгыр явармы,weather/find,weather/find,True,0.9337,False,False,False,"{'datetime': 'бу атнада', 'weather/attribute': 'яңгыр'}","{'location': 'бу атнада', 'weather/attribute': 'яңгыр явармы'}"
test_244,Гольф уйнау өчен чәршәмбе көнне һава торышы нинди?,weather/find,none,False,0.9188,True,False,False,{'datetime': 'чәршәмбе көнне'},{}
test_245,бөтен будильникларымны күрсәт,alarm/show_alarms,alarm/show_alarms,True,0.9765,False,False,False,{'reference': 'бөтен'},{}
test_246,бөтен иртәгә будильникларны сүндер,alarm/cancel_alarm,alarm/snooze_alarm,False,0.9393,False,False,False,"{'reference': 'бөтен', 'datetime': 'иртәгә'}",{'reference': 'будильниклар'}
test_247,Будильнигымны бүген кичке 5 куй,alarm/set_alarm,alarm/set_alarm,True,0.9471,False,False,False,{'datetime': 'бүген кичке 5'},"{'reference': 'Будильнигымны', 'datetime': 'бүген кичке 5 куй'}"
test_248,будильнигымны иртәге 7-гә куй,alarm/set_alarm,alarm/set_alarm,True,0.9181,False,False,False,{'datetime': 'иртәге 7-гә'},"{'reference': 'Будильнигымны', 'recurring_datetime': 'иртәге 7-гә', 'datetime': 'куй'}"
test_249,Иртәгә кояшлы булырмы?,weather/find,none,False,0.0,True,False,False,"{'datetime': 'Иртәгә', 'weather/attribute': 'кояшлы'}",{}
test_250,бүген нинди эссе булыр,weather/find,SearchCreativeWork,False,0.8787,False,False,False,"{'datetime': 'бүген', 'weather/attribute': 'эссе'}","{'object_name': 'эссе', 'object_type': 'эссе'}"
test_251,Бир ноль йолдызлар Halo: Ghosts of Onyx,RateBook,none,False,0.0,True,False,False,"{'rating_value': 'ноль', 'rating_unit': 'йолдызлар', 'object_name': 'Halo: Ghosts of Onyx'}",{}
test_252,Джой Нило музыкасын кабыз .,PlayMusic,AddToPlaylist,False,0.8366,False,False,False,{'artist': 'Джой Нило'},"{'artist': 'Джой Нило', 'music_item': 'музыкасын кабыз', 'playlist': 'китап', 'service': 'Spotify'}"
test_253,"Зинһар, миңа 20 Hours in America дип аталган видеоуен таб .",SearchCreativeWork,SearchScreeningEvent,False,0.9522,False,False,False,"{'object_name': '20 Hours in America', 'object_type': 'видеоуен'}","{'movie_name': '20 Hours in America', 'object_type': 'видеоуен'}"
test_254,Мин ясаган плейлистымны уйнат,PlayMusic,AddToPlaylist,False,0.8711,False,False,False,{'playlist': 'ясаган'},{'playlist': 'мин ясаган плейлистымны'}
test_255,Термонтта 9 кешегә урын броньла,BookRestaurant,BookRestaurant,True,0.8839,False,False,False,"{'location': 'Термонтта', 'party_size_number': '9 кешегә'}","{'datetime': 'Термонтта 9 кешегә', 'party_size_number': 'кеше саны', 'sort': 'броньла'}"
test_256,Бу көйне Доротиның 80's party плейлистына өстә,AddToPlaylist,AddToPlaylist,True,0.8529,False,False,False,"{'music_item': 'көйне', 'reference': 'Доротиның', 'playlist': ""80's party""}","{'playlist': ""Доротиның 80's party плейлисты"", 'artist': 'Дороти', 'music_item': ""80's party плейлистын өстегү"", 'genre': ""80's party плейлист""}"
test_257,Last FM-да Эдди Винсонның иң яңа көйен кабыз .,PlayMusic,SearchScreeningEvent,False,0.8949,False,False,False,"{'service': 'Last FM-да', 'artist': 'Эдди Винсонның', 'sort': 'иң яңа', 'music_item': 'көйен'}","{'object_name': 'Эдди Винсон', 'object_type': 'башкаручы', 'sort': 'яңа'}"
test_258,Небрасканың һава торышын тикшер .,weather/find,weather/find,True,0.9181,False,False,False,{'location': 'Небрасканың'},"{'location': 'Небрасканың', 'weather/attribute': 'һава торышы'}"
test_259,NC-да хәзер буран бармы ?,weather/find,weather/find,True,0.8557,False,False,True,"{'location': 'NC-да', 'datetime': 'хәзер', 'condition_description': 'буран'}","{'location': 'NC-да', 'datetime': 'гавым', 'weather/attribute': 'буран бармы'}"
test_260,Мин 1998 елгы минионны тыңларга телим .,PlayMusic,SearchScreeningEvent,False,0.8874,False,False,False,"{'datetime': '1998', 'music_item': 'минионны'}","{'movie_name': '1998 елгы минион', 'object_type': 'телим'}"
test_261,Миңа Дипсон театрларында A Yiddish World Remembered өчен вакыт кирәк,SearchScreeningEvent,BookRestaurant,False,0.8241,False,False,False,"{'location': 'Дипсон театрларында', 'movie_name': 'A Yiddish World Remembered', 'object_type': 'вакыт'}","{'datetime': 'Дипсон театрларында', 'party_size_number': 'сигез', 'sort': 'павы', 'cuisine': 'Йидиш', 'location': 'Дипсон театрларында'}"
test_262,Хәзерге дәреслеккә 6-дан 1 балл бир,RateBook,reminder/set_reminder,False,0.9057,False,False,False,"{'object_select': 'Хәзерге', 'object_type': 'дәреслеккә', 'best_rating': '6-дан', 'rating_value': '1'}","{'recurring_datetime': '6-дан 1 балл бир', 'reminder/todo': 'хәзерге дәреслек'}"
test_263,Мэтт Мерфиның көйен Flow Español плейлистына өстә.,AddToPlaylist,AddToPlaylist,True,0.893,False,False,False,"{'artist': 'Мэтт Мерфиның', 'music_item': 'көйен', 'playlist': 'Flow Español'}","{'artist': 'Мэтт Мерфи', 'music_item': 'коезен Flow Español плейлистына', 'playlist': 'Мэтт Мерфи плейлистына'}"
test_264,Мин 3 кешегә 20/05/2025 Техас янындагы судан гастропабын броньларга телим .,BookRestaurant,BookRestaurant,True,0.8779,False,False,True,"{'party_size_number': '3', 'datetime': '20/05/2025', 'location': 'Техас | янындагы', 'cuisine': 'судан', 'restaurant_type': 'гастропабын'}","{'datetime': 'Техас янындагы судан гастропабын броньларга', 'party_size_number': '3 кешегә', 'cuisine': 'Техас янындагы', 'location': 'судан гастропабын'}"
test_265,Син The Approach телесериал таба алмасыңмы,SearchCreativeWork,SearchScreeningEvent,False,0.972,False,False,False,"{'object_name': 'The Approach', 'object_type': 'телесериал'}","{'object_name': 'The Approach', 'object_type': 'телесериал'}"
test_266,Бу хроникага 2 балл бир.,RateBook,RateBook,True,0.8823,False,False,True,"{'object_select': 'Бу', 'object_part_of_series_type': 'хроникага', 'rating_value': '2'}","{'object_name': 'Бу хроникага', 'object_part_of_series_type': '2 балл бир', 'rating_value': '2', 'rating_unit': 'балл'}"
test_267,The American Scene-ка 6-дан 2 йолдыз бир,RateBook,SearchScreeningEvent,False,0.8892,False,False,False,"{'object_name': 'The American Scene-ка', 'best_rating': '6-дан', 'rating_value': '2', 'rating_unit': 'йолдыз'}","{'movie_name': 'The American Scene-ка', 'datetime': '6-дан 2 йолдыз', 'object_type': 'кинотеатрда'}"
test_268,Минем Nação Reggae плейлистына emilie autumn өстә.,AddToPlaylist,AddToPlaylist,True,0.9448,False,False,False,"{'reference': 'Минем', 'playlist': 'Nação Reggae', 'artist': 'emilie autumn'}","{'artist': 'emilie autumn', 'music_item': 'Nação Reggae плейлистына', 'playlist': 'emilie autumn'}"
test_269,Мин Гамбиядәге яһүд ресторанын броньларга телим .,BookRestaurant,BookRestaurant,True,0.9365,False,False,True,"{'location': 'Гамбиядәге', 'cuisine': 'яһүд', 'restaurant_type': 'ресторанын'}","{'cuisine': 'яһүд', 'location': 'Гамбияда', 'party_size_number': 'телим'}"
test_270,Fried chicken restaurant өстәленә заказ бир,BookRestaurant,BookRestaurant,True,0.752,False,False,True,{'restaurant_name': 'Fried chicken restaurant'},"{'restaurant_name': 'Fried chicken restaurant', 'party_size_number': 'өсте', 'sort': 'күрөш', 'cuisine': 'тиек', 'location': 'тиек'}"
test_271,минем House Afterwork плейлистымна we have a theme song өстә,AddToPlaylist,AddToPlaylist,True,0.8798,False,False,False,"{'reference': 'минем', 'playlist': 'House Afterwork', 'entity_name': 'we have a theme song'}","{'artist': 'House Afterwork theme song', 'playlist': 'House Afterwork playout list', 'service': 'House Afterwork playout list'}"
test_272,2026 елның унтугызынчы октябрендә моннан ерак түгел нинди һава торышы булачак ?,weather/find,weather/find,True,0.9079,False,False,False,"{'datetime': '2026 елның унтугызынчы октябрендә', 'location': 'моннан | ерак түгел'}","{'datetime': '2026 елның унтугызынчы октябрендә', 'weather/attribute': 'ниндни һава торышы булачак'}"
test_273,Уолденда һава торышы Россия 26/12/2018,weather/find,weather/find,True,0.941,False,False,False,"{'location': 'Уолденда | Россия', 'datetime': '26/12/2018'}","{'datetime': '26/12/2018', 'location': 'Россия', 'weather/attribute': 'һава торышы'}"
test_274,Мин каенана һәм миңа бер елдан соң Buckner ресторанны броньларга телим .,BookRestaurant,BookRestaurant,True,0.8182,False,False,True,"{'party_size_description': 'каенана һәм миңа', 'datetime': 'бер елдан соң', 'location': 'Buckner', 'restaurant_type': 'ресторанны'}","{'datetime': 'бер елдан соң', 'party_size_number': 'каенана һәм миңа', 'sort': 'Букнер ресторанны', 'cuisine': 'төлөнүче', 'location': 'Броньларга телим'}"
test_275,Бу китапка 1 балл бир,RateBook,RateBook,True,0.9112,False,False,False,"{'object_select': 'Бу', 'object_type': 'китапка', 'rating_value': '1'}","{'object_name': 'китап', 'object_type': 'китап', 'rating_unit': 'балл', 'rating_value': '1'}"
test_276,бу башкаручыны минем spotlight on country 2016 плейлистына өстә,AddToPlaylist,AddToPlaylist,True,0.8259,False,False,False,"{'music_item': 'башкаручыны', 'reference': 'минем', 'playlist': 'spotlight on country 2016'}","{'service': 'spotlight on country', 'playlist': '2016 плейлист', 'track': '2016 плейлистын өстәл саклаган曲', 'artist': 'spotlight on country'}"
test_277,Син Epic Conditions рәсемен таба алмасыңмы ?,SearchCreativeWork,none,False,0.0,True,False,False,"{'object_name': 'Epic Conditions', 'object_type': 'рәсемен'}",{}
test_278,Iheart-та rich sex уйна,PlayMusic,none,False,0.0,True,False,True,"{'service': 'Iheart-та', 'track': 'rich sex'}",{}
test_279,Bartok the Magnificent иртәнге җидедә башланачакмы ?,SearchScreeningEvent,SearchScreeningEvent,True,0.9058,False,False,False,"{'movie_name': 'Bartok the Magnificent', 'datetime': 'иртәнге җидедә'}","{'movie_name': 'Bartok the Magnificent', 'object_location_type': 'җидедә', 'datetime': 'иртәнге'}"
test_280,Zvooq-да берәр нәрсә уйна,PlayMusic,none,False,0.0,True,False,False,{'service': 'Zvooq-да'},{}
test_281,Миңа Крис Найт музыкасын тыңларга бир,PlayMusic,PlayMusic,True,0.9603,False,False,False,{'artist': 'Крис Найт'},"{'artist': 'Крис Найт', 'music_item': 'музыка'}"
test_282,Джилл Собул альбомын кабыз,PlayMusic,none,False,0.0,True,False,True,"{'album': 'Джилл Собул', 'music_item': 'альбомын'}",{}
test_283,The Broken Window дүрт йолдыз бирегез,RateBook,alarm/set_alarm,False,0.83,False,False,False,"{'object_name': 'The Broken Window', 'rating_value': 'дүрт', 'rating_unit': 'йолдыз'}","{'datetime': 'дүшәмбе, сишәмбе,ophengebe көннәрендә', 'recurring_datetime': 'дүшәмбе, сишәмбе,ophengebe көннәрендә', 'reference': 'дүшәмбе, сишәмбе,ophengebe көннәрендә'}"
test_284,Tatra-милли паркында иртәнге 6да һава торышын миңа әйт,weather/find,weather/find,True,0.9083,False,False,False,"{'location': 'Tatra-милли паркында', 'datetime': 'иртәнге 6да'}","{'location': 'Татра-милли паркында', 'datetime': 'иртәнге 6да', 'weather/attribute': 'һава торышын'}"
test_285,"Зинһар, миңа бистродагы өстәлне броньла, анда lorna doone хезмәт итәләр .",BookRestaurant,BookRestaurant,True,0.7655,False,False,True,"{'restaurant_type': 'бистродагы', 'served_dish': 'lorna doone'}","{'cuisine': 'бистродагы', 'party_size_number': 'берок', 'sort': 'өстәлне', 'restaurant_type': 'броньла', 'location': 'лорана дойне эшли', 'object_name': 'бистродагы'}"
test_286,The Mystery of the Tolling Bell сериалны 4 йолдызга бәялә .,RateBook,SearchScreeningEvent,False,0.8454,False,False,True,"{'object_name': 'The Mystery of the Tolling Bell', 'object_part_of_series_type': 'сериалны', 'rating_value': '4', 'rating_unit': 'йолдызга'}","{'movie_name': 'The Mystery of the Tolling Bell', 'object_type': 'серия', 'object_select': '4 belonging to the series', 'sort': '4 belonging to the series'}"
test_287,Музыка уйнау өчен Groove Shark куллан,PlayMusic,AddToPlaylist,False,0.8822,False,False,False,{'service': 'Groove Shark'},"{'service': 'Groove Shark', 'music_item': 'музыка', 'playlist': 'уйнау'}"
test_288,Якындагы кинотеатрда Snowbound күрсәтү графигын тикшер .,SearchScreeningEvent,SearchScreeningEvent,True,0.9355,False,False,True,"{'location': 'Якындагы', 'object_location_type': 'кинотеатрда', 'movie_name': 'Snowbound'}","{'movie_name': 'Snowbound', 'object_location_type': 'кинотеатрда', 'datetime': 'графигын тикшер'}"
test_289,"Зинһар, Zvooq ач",PlayMusic,alarm/set_alarm,False,0.889,False,False,False,{'service': 'Zvooq'},"{'reference': 'Зинһар', 'datetime': 'Звоок ач'}"
test_290,1 кешегә урын Меритта Town of Ramsgate броньла,BookRestaurant,BookRestaurant,True,0.927,False,False,True,"{'party_size_number': '1', 'location': 'Меритта', 'restaurant_name': 'Town of Ramsgate'}","{'datetime': '1 кешегә', 'party_size_number': 'сигез', 'location': 'Меритта Town of Ramsgate'}"
test_291,I Think I Do кичке 7-дә уйныймы ?,SearchScreeningEvent,alarm/snooze_alarm,False,0.8703,False,False,False,"{'movie_name': 'I Think I Do', 'datetime': 'кичке 7-дә'}","{'reference': 'I Think I Do', 'datetime': 'кичке 7-дә'}"
test_292,Custer National Forest кичке җидедә салкынрак булырмы,weather/find,weather/find,True,0.9179,False,False,True,"{'location': 'Custer National Forest', 'datetime': 'кичке җидедә', 'condition_temperature': 'салкынрак'}","{'location': 'Custer National Forest', 'weather/attribute': 'салкынрак булырмы'}"
test_293,Мин Youtube-та берәр нәрсә тыңларга телим,PlayMusic,SearchScreeningEvent,False,0.8269,False,False,False,{'service': 'Youtube-та'},"{'object_name': 'Youtube', 'object_type': 'сайт', 'object_select': 'нэрсәләр'}"
test_294,Difficult Loves уенын эзлә,SearchCreativeWork,SearchCreativeWork,True,0.947,False,False,False,"{'object_name': 'Difficult Loves', 'object_type': 'уенын'}","{'object_name': 'Difficult Loves', 'object_type': 'уен'}"
test_295,Нинди һава торышы 20 февральгә Bothe-Napa Valley дәүләт паркында ?,weather/find,weather/find,True,0.9185,False,False,False,"{'datetime': '20 февральгә', 'location': 'Bothe-Napa Valley дәүләт паркында'}","{'location': 'Bothe-Napa Valley дәүләт паркында', 'datetime': '20 февральга', 'weather/attribute': 'һава торышы'}"
test_296,миңа кинотеатр янындагы The Great Gildersleeve фильмы сессияләре расписаниесен күрсәт,SearchScreeningEvent,SearchScreeningEvent,True,0.9461,False,False,True,"{'object_location_type': 'кинотеатр', 'movie_name': 'The Great Gildersleeve', 'object_type': 'расписаниесен'}","{'movie_name': 'The Great Gildersleeve', 'object_location_type': 'кинотеатр янындагы', 'datetime': 'расписаниесен'}"
test_297,Миңа Гибслендта һава торышын әйт,weather/find,none,False,0.0,True,False,False,{'location': 'Гибслендта'},{}
test_298,Мин күршедәге кино графигын белә аламмы,SearchScreeningEvent,SearchScreeningEvent,True,0.8233,False,False,False,"{'location': 'күршедәге', 'movie_type': 'кино', 'object_type': 'графигын'}","{'object_type': 'кино графигын', 'object_name': 'күршедеги'}"
test_299,Soul Music-ка 0 балл бир .,RateBook,RateBook,True,0.8817,False,False,False,"{'object_name': 'Soul Music-ка', 'rating_value': '0'}","{'object_name': 'Soul Music', 'object_type': 'книга', 'rating_value': '0', 'rating_unit': 'балл'}"
test_300,Сарджентстада татар тавернасында биш кешегә өстәл заказ итегез,BookRestaurant,BookRestaurant,True,0.9178,False,False,True,"{'location': 'Сарджентстада', 'cuisine': 'татар', 'restaurant_type': 'тавернасында', 'party_size_number': 'биш'}","{'datetime': 'сарджентстада татар тавернасында', 'party_size_number': 'биш кешегә', 'sort': 'өстәл', 'restaurant_type': 'таварнас'}"
test_301,All Things Must Pass кабыз,PlayMusic,none,False,0.0,True,False,True,{'track': 'All Things Must Pass'},{}
test_302,Кореяда бер сәгатьтән соң нинди яңгыр фаразы булачак,weather/find,none,False,0.0,True,False,True,"{'location': 'Кореяда', 'datetime': 'бер сәгатьтән соң', 'condition_description': 'яңгыр'}",{}
test_303,Оклахомада South Street Diner-да 4 кешелек урын броньла,BookRestaurant,BookRestaurant,True,0.8856,False,False,True,"{'location': 'Оклахомада', 'restaurant_name': 'South Street Diner-да', 'party_size_number': '4'}","{'datetime': '4 кешелек', 'party_size_number': 'кеше саны', 'cuisine': 'South Street Diner', 'location': 'Оклахомада'}"
test_304,Netflix-тан музыканы уйнат .,PlayMusic,PlayMusic,True,0.9299,False,False,False,{'service': 'Netflix-тан'},"{'service': 'Netflix', 'music_item': 'музыканы'}"
test_305,Мин Shattered Image-не күрергә телим .,SearchScreeningEvent,none,False,0.0,True,False,False,{'movie_name': 'Shattered Image-не'},{}
test_306,The Sound of One Hand Clapping-ны таб,SearchCreativeWork,SearchScreeningEvent,False,0.9419,False,False,False,{'object_name': 'The Sound of One Hand Clapping-ны'},"{'object_name': 'The Sound of One Hand Clapping', 'object_type': 'фильм'}"
test_307,Wolves Within альбомын эзлә,SearchCreativeWork,none,False,0.0,True,False,False,"{'object_name': 'Wolves Within', 'object_type': 'альбомын'}",{}
test_308,берәр кинотеатрда We Are Northern Lights күрсәтеләрмә,SearchScreeningEvent,SearchScreeningEvent,True,0.8942,False,False,True,"{'object_location_type': 'кинотеатрда', 'movie_name': 'We Are Northern Lights'}","{'movie_name': 'We Are Northern Lights', 'object_location_type': 'кинотеатрда', 'datetime': 'күрсәтеләрмә'}"
test_309,"Безнең кечкенә дөнья почмагы, Гилмор кыз музыкасы минем Иң көлкесе әйберләр футболда плейлистыма өстә.",AddToPlaylist,PlayMusic,False,0.882,False,False,False,"{'entity_name': 'Безнең кечкенә дөнья почмагы , Гилмор кыз музыкасы', 'reference': 'минем', 'playlist': 'Иң көлкесе әйберләр футболда'}","{'service': 'футболда плейлистыма', 'music_item': 'Гилмор кыз музыкасы', 'artist': 'минем Иң көлкесе', 'playlist': 'футболда плейлистыма'}"
test_310,Саутфорд Фолс дәүләт паркында эссе һава торышы фаразы нинди,weather/find,weather/find,True,0.9503,False,False,True,"{'location': 'Саутфорд Фолс дәүләт паркында', 'condition_temperature': 'эссе'}","{'location': 'Саутфорд Фолс дәүләт паркында', 'weather/attribute': 'эссе һава торышы фаразы'}"
test_311,"Зинһар, миӊа Гана парковкасы белән пиццерия өстәленә заказ бир .",BookRestaurant,BookRestaurant,True,0.839,False,False,True,"{'location': 'Гана', 'facility': 'парковкасы', 'restaurant_type': 'пиццерия'}","{'datetime': 'миӊа Гана', 'cuisine': 'пиццерия', 'location': 'парк', 'party_size_number': 'кеше саны'}"
test_312,Мин җитмешенче еллар саундтрегын тыңларга телим .,PlayMusic,PlayMusic,True,0.937,False,False,False,"{'datetime': 'җитмешенче', 'music_item': 'саундтрегын'}","{'service': 'телим', 'music_item': 'еллар саундтрегын'}"
test_313,Ике сәгатьтән соң Үзбәкстанда һава торышы,weather/find,weather/find,True,0.921,False,False,False,"{'datetime': 'Ике сәгатьтән соң', 'location': 'Үзбәкстанда'}","{'location': 'Үзбәкстанда', 'datetime': 'Ике сәгатьтен соң', 'weather/attribute': 'һава торышы'}"
test_314,"Зинһар, миңа Journal of the British Astronomical Association фильмын таб .",SearchCreativeWork,SearchScreeningEvent,False,0.9738,False,False,False,"{'object_name': 'Journal of the British Astronomical Association', 'object_type': 'фильмын'}","{'movie_name': 'Journal of the British Astronomical Association', 'object_type': 'фильм'}"
test_315,"Уордвилл-да, Канзас-та 8 кешелек урын броньла",BookRestaurant,BookRestaurant,True,0.9077,False,False,False,"{'location': 'Уордвилл-да | Канзас-та', 'party_size_number': '8'}","{'datetime': 'Уордвилл-да, Канзас-та 8 кешелек', 'location': 'броньла'}"
test_316,Нинди һава торышы моннан ерак булачак ?,weather/find,weather/find,True,0.9164,False,False,False,{'location': 'моннан | ерак'},{'weather/attribute': 'моннан ерак булачак'}
test_317,Ричард Макнамараның яңа җырын Just Smile плейлистыма өстә,AddToPlaylist,PlayMusic,False,0.9139,False,False,False,"{'artist': 'Ричард Макнамараның', 'music_item': 'җырын', 'playlist': 'Just Smile'}","{'album': 'Just Smile плейлистыма', 'artist': 'Ричард Макнамара', 'track': 'яңа җыр'}"
test_318,монда 1 секундтан соң никадәр салкын булыр,weather/find,weather/find,True,0.9061,False,False,True,"{'location': 'монда', 'datetime': '1 секундтан соң', 'condition_temperature': 'салкын'}","{'location': 'Монда 1', 'datetime': 'монда 1 секундтан соң', 'weather/attribute': 'салкын булыр'}"
test_319,With You исемле рәсем эзлә,SearchCreativeWork,AddToPlaylist,False,0.8519,False,False,False,"{'object_name': 'With You', 'object_type': 'рәсем'}","{'artist': 'With You', 'music_item': 'рәсем', 'playlist': 'экзclamation'}"
test_320,Deadly Weapons иҗади эшен таб,SearchCreativeWork,none,False,0.0,True,False,False,{'object_name': 'Deadly Weapons'},{}
test_321,Ноябрьдә Брукнилда һава торышы нинди булыр ?,weather/find,weather/find,True,0.9531,False,False,False,"{'datetime': 'Ноябрьдә', 'location': 'Брукнилда'}","{'datetime': 'Ноябрьдә', 'location': 'Брукнилда', 'weather/attribute': 'һава торышы'}"
test_322,Токмач өчен тавернада өстәл броньла,BookRestaurant,BookRestaurant,True,0.8213,False,False,True,"{'served_dish': 'Токмач', 'restaurant_type': 'тавернада'}","{'datetime': 'Токмач для', 'party_size_number': 'туз', 'sort': 'туз', 'cuisine': 'туз', 'location': 'тавернада', 'restaurant_type': 'туз'}"
test_323,Коста-Рикада нинди һава торышы,weather/find,weather/find,True,0.9589,False,False,False,{'location': 'Коста - Рикада'},"{'location': 'Коста-Рикада', 'weather/attribute': 'һава торышы'}"
test_324,The Two Gladiators уйнымы,SearchScreeningEvent,none,False,0.0,True,False,False,{'movie_name': 'The Two Gladiators'},{}
test_325,Star Theatres-да нинди фильмнар бар .,SearchScreeningEvent,SearchScreeningEvent,True,0.9097,False,False,False,"{'location': 'Star Theatres-да', 'movie_type': 'фильмнар'}","{'object_location_type': 'кинотеатр', 'object_name': 'Star Theatres'}"
test_326,Зинһар миңа Harry Hood сагасын таба аласызмы ?,SearchCreativeWork,SearchScreeningEvent,False,0.9378,False,False,False,"{'object_name': 'Harry Hood', 'object_type': 'сагасын'}","{'movie_name': 'Harry Potter', 'object_type': 'сагасы'}"
test_327,бу көйне минем Sleepify плейлистыма өстә,AddToPlaylist,AddToPlaylist,True,0.8747,False,False,False,"{'music_item': 'көйне', 'reference': 'минем', 'playlist': 'Sleepify'}","{'playlist': 'Sleepify плейлист', 'track': 'бу көйне'}"
test_328,Any Which Way You Can 15 секундтан соң уйнаячакмы,SearchScreeningEvent,reminder/set_reminder,False,0.9515,False,False,False,"{'movie_name': 'Any Which Way You Can', 'datetime': '15 секундтан соң'}","{'recurring_datetime': 'Any Which Way You Can', 'datetime': '15 секундтан соң', 'reminder/todo': 'уйнаячакмы'}"
test_329,E-type музыкасын кабыз .,PlayMusic,SearchScreeningEvent,False,0.7006,False,False,False,{'artist': 'E-type'},"{'object_type': 'музыкаль объект төре: кабыз', 'object_name': 'E-type'}"
test_330,Хәзерге китапка бер йолдыз куй,RateBook,alarm/set_alarm,False,0.8094,False,False,False,"{'object_select': 'Хәзерге', 'object_type': 'китапка', 'rating_value': 'бер'}","{'datetime': 'хәзерге', 'reference': 'китап', 'recurring_datetime': 'яланмаса', 'weather/temperatureUnit': 'куй', 'object_type': 'китап'}"
test_331,Louis Nelson Delisle-ның Another Passenger уйнат .,PlayMusic,SearchScreeningEvent,False,0.9412,False,False,True,"{'artist': 'Louis Nelson Delisle-ның', 'album': 'Another Passenger'}","{'movie_name': 'Another Passenger', 'object_name': 'Louis Nelson Delisle-ның'}"
test_332,Кайда мин кино графигын таба алам,SearchScreeningEvent,none,False,0.0,True,False,False,{'object_type': 'кино графигын'},{}
test_333,Эмерадода Сен-Пьер һәм Микелонда 26 сентябрьгә нинди һава торышы,weather/find,weather/find,True,0.9404,False,False,False,"{'location': 'Эмерадода | Сен - Пьер һәм Микелонда', 'datetime': '26 сентябрьгә'}","{'datetime': '26 сентябрь', 'location': 'Эмерадода Сен-Пьер һәм Микелонда', 'weather/attribute': 'температура'}"
test_334,Ted Peters Famous Smoked Fish-та Окфилд янында 17 секундтансын ашарга барык,BookRestaurant,BookRestaurant,True,0.8076,False,False,True,"{'restaurant_name': 'Ted Peters Famous Smoked Fish-та', 'location': 'Окфилд | янында', 'datetime': '17 секундтансын'}","{'datetime': '17 секундтансын', 'party_size_number': 'ашарга барык', 'sort': 'Тед Питерс Фамоскид Фиш', 'cuisine': 'фиш', 'location': 'Окфилд'}"
test_335,миңа Good Morning Sunshine трейлерын таб,SearchCreativeWork,none,False,0.0,True,False,False,"{'object_name': 'Good Morning Sunshine', 'object_type': 'трейлерын'}",{}
test_336,Мин Нидерланд Антиль утрауларында 3 кешегә сыра ресторанны броньларга телим .,BookRestaurant,BookRestaurant,True,0.9274,False,False,False,"{'location': 'Нидерланд Антиль утрауларында', 'party_size_number': '3', 'restaurant_type': 'сыра ресторанны'}","{'datetime': 'Нидерланд Антиль утрауларында', 'party_size_number': '3 кешегә', 'cuisine': 'сыра ресторан'}"
test_337,бу хәзерге альбомга 0 йолдыз куй,RateBook,reminder/set_reminder,False,0.8698,False,False,False,"{'object_select': 'бу хәзерге', 'object_type': 'альбомга', 'rating_value': '0', 'rating_unit': 'йолдыз'}","{'recurring_datetime': 'бу хәзерге альбомга', 'datetime': '0 йолдыз куй', 'reminder/todo': 'куй'}"
test_338,Монакода Yankee Doodle Coffee Ѕһор-та урын алырга теләр идем,BookRestaurant,SearchScreeningEvent,False,0.8966,False,False,True,"{'location': 'Монакода', 'restaurant_name': 'Yankee Doodle Coffee Ѕһор-та'}","{'object_name': 'Yankee Doodle Coffee', 'object_type': 'Ђһор-та', 'location': 'Монакода'}"
test_339,Political punks плейлистыма башкаручыны өстә.,AddToPlaylist,AddToPlaylist,True,0.8161,False,False,False,"{'playlist': 'Political punks', 'music_item': 'башкаручыны'}","{'artist': 'Political punks', 'playlist': 'плейлистыма', 'service': 'башлоонучы'}"
test_340,Дүрт айдан соң Саванида AK-ында салкынрак булырмы,weather/find,alarm/set_alarm,False,0.907,False,False,True,"{'datetime': 'Дүрт айдан соң', 'location': 'Саванида | AK-ында', 'condition_temperature': 'салкынрак'}","{'datetime': 'Дүрт айдан соң', 'reference': 'Саванида AK-ында', 'recurring_datetime': 'салкынрак булырмы'}"
test_341,минем Crash Course плейлистыма Muzika za decu өстә,AddToPlaylist,AddToPlaylist,True,0.9058,False,False,False,"{'reference': 'минем', 'playlist': 'Crash Course', 'entity_name': 'Muzika za decu'}","{'artist': 'Crash Course', 'music_item': 'плейлист', 'playlist': 'Muzika za decu', 'service': 'Crash Course'}"
test_342,Molecular Oncology сагасын эзли аласынмы ?,SearchCreativeWork,SearchScreeningEvent,False,0.8994,False,False,False,"{'object_name': 'Molecular Oncology', 'object_type': 'сагасын'}","{'object_name': 'Molecular Oncology', 'object_type': 'фильм', 'service': 'Netflix'}"
test_343,Мин алты кешелек ресторанны Вагстаффта AK-да броньларга телим .,BookRestaurant,BookRestaurant,True,0.8735,False,False,False,"{'party_size_number': 'алты', 'restaurant_type': 'ресторанны', 'location': 'Вагстаффта | AK-да'}","{'datetime': 'алты кешелек', 'party_size_number': 'телим', 'cuisine': 'Вагстаффта AK-да', 'location': 'ресторан'}"
test_344,Дэвид Линдлиның симфоник музыкасын уйнат .,PlayMusic,PlayMusic,True,0.9656,False,False,False,"{'artist': 'Дэвид Линдлиның', 'music_item': 'симфоник'}","{'artist': 'Дэвид Линдли', 'music_item': 'симфоник музыка'}"
test_345,"Зинһар, миңа Now We Are Married телесериалын таб .",SearchCreativeWork,SearchScreeningEvent,False,0.9619,False,False,False,"{'object_name': 'Now We Are Married', 'object_type': 'телесериалын'}","{'object_name': 'Now We Are Married', 'object_type': 'телесериал'}"
test_346,Мин Outcast-ны карарга телим .,SearchScreeningEvent,PlayMusic,False,0.8931,False,False,False,{'movie_name': 'Outcast-ны'},"{'artist': 'Outcast', 'music_item': 'нары', 'service': 'телим'}"
test_347,минем This Is Tchaikovsky плейлистыма хәзерге трекны өстә,AddToPlaylist,PlayMusic,False,0.8171,False,False,False,"{'reference': 'минем', 'playlist': 'This Is Tchaikovsky', 'music_item': 'трекны'}","{'album': 'This Is Tchaikovsky', 'service': 'плейлистма', 'track': 'өстець'}"
test_348,Lastfm-да This Is: Miles Davis-ны кабыз .,PlayMusic,none,False,0.0,True,False,False,"{'service': 'Lastfm-да', 'playlist': 'This Is: Miles Davis-ны'}",{}
test_349,Танзаниядә кабымханәдә 5 кешегә иң яхшы өстәлне броньла,BookRestaurant,BookRestaurant,True,0.8576,False,False,False,"{'location': 'Танзаниядә', 'restaurant_type': 'кабымханәдә', 'party_size_number': '5', 'sort': 'иң яхшы'}","{'datetime': 'Танзаниядә кабымханәдә 5 кешегә', 'party_size_number': 'ишиг', 'sort': 'ишиг', 'cuisine': 'тукук', 'location': 'Танзанияда'}"
test_350,Әйдә Vimeo-да яхшы элекке Mohammad Mamle тыңлыйк .,PlayMusic,SearchScreeningEvent,False,0.8263,False,False,False,"{'service': 'Vimeo-да', 'sort': 'элекке', 'artist': 'Mohammad Mamle'}","{'movie_name': 'Мохаммад Мамле', 'object_type': 'фильм', 'object_location_type': 'Vimeo-да', 'datetime': 'яхшы элекке'}"
test_351,Vandemataram Srinivas трегын HipHop Hot 50-гә куй.,AddToPlaylist,SearchScreeningEvent,False,0.9125,False,False,False,"{'artist': 'Vandemataram Srinivas', 'music_item': 'трегын', 'playlist': 'HipHop Hot 50-гә'}","{'object_name': 'Vandemataram Srinivas', 'object_type': 'трегын', 'sort': 'HipHop Hot 50-га'}"
test_352,Миңа Secret South җырын таб .,SearchCreativeWork,SearchScreeningEvent,False,0.943,False,False,False,"{'object_name': 'Secret South', 'object_type': 'җырын'}","{'object_name': 'Secret South', 'object_type': 'фильм'}"
test_353,Zvooq-та туксанынчы еллар җырлары,PlayMusic,weather/find,False,0.9064,False,False,False,"{'service': 'Zvooq-та', 'datetime': 'туксанынчы'}","{'location': 'Zvooq', 'weather/attribute': 'туксанынчы еллар', 'weather/temperatureUnit': 'Цельсий градустан'}"
test_354,кичке биштән башлап Техаста Admire-да һава торышы нинди,weather/find,weather/find,True,0.922,False,False,False,"{'datetime': 'кичке биштән', 'location': 'Техаста | Admire-да'}","{'location': 'Техаста Admire', 'weather/attribute': 'һава торышы'}"
test_355,Last FM-да берәр нәрсә уйнат,PlayMusic,none,False,0.0,True,False,False,{'service': 'Last FM-да'},{}
test_356,Мин якындагы кинотеатрда The Portrait of a Lady карарга телим .,SearchScreeningEvent,SearchScreeningEvent,True,0.9004,False,False,True,"{'location': 'якындагы', 'object_location_type': 'кинотеатрда', 'movie_name': 'The Portrait of a Lady'}","{'movie_name': 'The Portrait of a Lady', 'object_location_type': 'кинотеатрда', 'object_location': 'Мин якындагы'}"
test_357,"Зинһар, миңа Phineas Redux таб .",SearchCreativeWork,SearchScreeningEvent,False,0.9545,False,False,False,{'object_name': 'Phineas Redux'},{'movie_name': 'Phineas Redux'}
test_358,Laundry плейлистына 40 cal көйен өстә.,AddToPlaylist,PlayMusic,False,0.8215,False,False,False,"{'playlist': 'Laundry', 'artist': '40 cal', 'music_item': 'көйен'}","{'album': 'Laundry playout list', 'artist': 'unknown', 'track': '40 cal', 'service': 'unknown', 'playlist': 'unknown playout list'}"
test_359,Itunes-ны ач һәм Ben Burnley Ready To Die-ны уйнат,PlayMusic,SearchScreeningEvent,False,0.713,False,False,True,"{'service': 'Itunes-ны', 'artist': 'Ben Burnley', 'album': 'Ready To Die-ны'}","{'movie_name': 'Ben Burnley Ready To Die', 'object_location_type': 'itunes-да'}"
test_360,5-енче декабрьдә Лихул һәйкәле янында нинди һава торышы булачак ?,weather/find,weather/find,True,0.8771,False,False,False,"{'datetime': '5-енче декабрьдә', 'location': 'Лихул һәйкәле'}","{'datetime': '5-енче декабрьдә', 'location': 'Лихул', 'weather/attribute': 'савак торышы'}"
test_361,Якындагы кинотеатрда Sexy Dance 2 расписаниесен күрсәт,SearchScreeningEvent,SearchScreeningEvent,True,0.9444,False,False,True,"{'location': 'Якындагы', 'object_location_type': 'кинотеатрда', 'movie_name': 'Sexy Dance 2', 'object_type': 'расписаниесен'}","{'movie_name': 'Sexy Dance 2', 'object_location_type': 'кинотеатрда', 'datetime': 'расписаниесен'}"
test_362,Live at the Kings Center дип аталган җырны таб,SearchCreativeWork,SearchScreeningEvent,False,0.857,False,False,False,"{'object_name': 'Live at the Kings Center', 'object_type': 'җырны'}","{'object_name': 'Kings Center', 'object_type': 'кинотеатр', 'datetime': 'жырны таба', 'sort': 'жырны таба'}"
test_363,"Тайонкта , Нью-Джерсида нинди һава торышы",weather/find,weather/find,True,0.9258,False,False,False,{'location': 'Тайонкта | Нью - Джерсида'},"{'location': 'Тайонкта, Нью-Джерси', 'weather/attribute': 'температура'}"
test_364,Мин биш кешелек өстәл Tupelo Honey Cafe-да Нью-Джерсида броньларга телим.,BookRestaurant,BookRestaurant,True,0.8914,False,False,True,"{'party_size_number': 'биш', 'restaurant_name': 'Tupelo Honey Cafe-да', 'location': 'Нью - Джерсида'}","{'datetime': 'биш кешелек өстәл', 'party_size_number': 'биш кешелек', 'cuisine': 'Tupelo Honey', 'location': 'New Jersey', 'restaurant_name': 'Tupelo Honey Cafe'}"
test_365,чәй йорта миӊа һәм минем cеңелләремә урын броньла,BookRestaurant,BookRestaurant,True,0.9019,False,False,True,"{'restaurant_type': 'чәй йорта', 'party_size_description': 'миӊа һәм минем cеңелләремә'}","{'datetime': 'чәй йорта миӊа һәм минем cеңелләремә', 'location': 'броньла'}"
test_366,16 февральдә Нидерландта эссе булачакмы ?,weather/find,weather/find,True,0.9446,False,False,True,"{'datetime': '16 февральдә', 'location': 'Нидерландта', 'condition_temperature': 'эссе'}","{'datetime': '16 февральдә', 'location': 'Нидерландта'}"
test_367,Мин jordan rudess-ны Divertido para niños плейлистына өстәргә телим.,AddToPlaylist,none,False,0.9069,True,False,False,"{'artist': 'jordan rudess-ны', 'playlist': 'Divertido para niños'}",{}
test_368,In the Company of Cheerful Ladies-ка 6-дан нуль куй,RateBook,none,False,0.0,True,False,False,"{'object_name': 'In the Company of Cheerful Ladies-ка', 'best_rating': '6-дан', 'rating_value': 'нуль'}",{}
test_369,Миңа иң яхшы бистрода өстәл броньла,BookRestaurant,BookRestaurant,True,0.8912,False,False,False,"{'sort': 'иң яхшы', 'restaurant_type': 'бистрода'}","{'datetime': 'миңа иң яхшы бистрода өстәл броньла', 'party_size_number': 'сигез'}"
test_370,Хәзерге дәреслеккә 6-дан 1 куй,RateBook,reminder/set_reminder,False,0.9296,False,False,False,"{'object_select': 'Хәзерге', 'object_type': 'дәреслеккә', 'best_rating': '6-дан', 'rating_value': '1'}","{'recurring_datetime': '6-дан 1 куй', 'reminder/todo': 'дәреслек'}"
test_371,кино вакытлары кайчан,SearchScreeningEvent,none,False,0.0,True,False,False,{'object_type': 'кино вакытлары'},{}
test_372,Огайода нинди hава торышы булачак ?,weather/find,weather/find,True,0.9433,False,False,False,{'location': 'Огайода'},"{'location': 'Огайода', 'weather/attribute': 'температура'}"
test_373,Бу артистны Showstopper Being Mary Jane плейлистына өстә,AddToPlaylist,AddToPlaylist,True,0.8934,False,False,False,"{'music_item': 'артистны', 'playlist': 'Showstopper Being Mary Jane'}","{'artist': 'Бу артист', 'playlist': 'Showstopper Being Mary Jane', 'music_item': 'плейлист'}"
test_374,Балаларыма һәм миңа броньла,BookRestaurant,none,False,0.6721,True,False,True,{'party_size_description': 'Балаларыма һәм миңа'},{}
test_375,2035 елның 21 августында Сарыкамыш тыюлыгыда нинди һава торышы булачак ?,weather/find,weather/find,True,0.9344,False,False,False,"{'datetime': '2035 елның 21 августында', 'location': 'Сарыкамыш тыюлыгыда'}","{'datetime': '2035 елның 21 августында', 'location': 'Сарыкамыш тыюлыгыда', 'weather/attribute': 'һава торышы'}"
test_376,Руфь китапка 6-дан биш балл бир .,RateBook,RateBook,True,0.9379,False,False,False,"{'object_name': 'Руфь китапка', 'best_rating': '6-дан', 'rating_value': 'биш', 'rating_unit': 'балл'}","{'object_name': 'Руфь', 'object_part_of_series_type': 'китап', 'rating_value': '6-дан', 'rating_unit': 'балл'}"
test_377,Reminiscences of the Anti-Japanese Guerillas хроникасы 6-дан ноль балл рейтинг лаек.,RateBook,SearchScreeningEvent,False,0.8636,False,False,True,"{'object_name': 'Reminiscences of the Anti-Japanese Guerillas', 'object_part_of_series_type': 'хроникасы', 'best_rating': '6-дан', 'rating_value': 'ноль', 'rating_unit': 'балл'}","{'movie_name': 'Anti-Japanese Guerillas', 'object_type': 'кроникасы', 'object_part_of_series': '6-дан ноль балл', 'object_rating': 'лаек'}"
test_378,Миңа Көньяк Театрларындагы кино графикларын күрсәт,SearchScreeningEvent,SearchScreeningEvent,True,0.8921,False,False,False,"{'location': 'Көньяк Театрларындагы', 'object_type': 'кино графикларын'}","{'object_type': 'кино график', 'object_location_type': 'Көньяк Театрларындагы'}"
test_379,Якындагы кинотеатрда кино графикларын таб,SearchScreeningEvent,SearchScreeningEvent,True,0.6801,False,False,False,"{'location': 'Якындагы кинотеатрда', 'object_type': 'кино графикларын'}","{'object_location_type': 'кинотеатрлар', 'object_type': 'кино графикалары'}"
test_380,Бу альбом Испан ритмнар плейлистына өстә,AddToPlaylist,AddToPlaylist,True,0.8949,False,False,False,"{'music_item': 'альбом', 'playlist': 'Испан ритмнар'}","{'service': 'плейлист', 'artist': 'Испан ритмнар', 'music_item': 'албом'}"
test_381,6 кешегә креол тавернасында Черногориядә броньла,BookRestaurant,BookRestaurant,True,0.9239,False,False,True,"{'party_size_number': '6', 'cuisine': 'креол', 'restaurant_type': 'тавернасында', 'location': 'Черногориядә'}","{'datetime': '6 кешегә', 'location': 'Креол тавернасында Черногориядә', 'party_size_number': 'броньла'}"
test_382,Cathedral сериясенә дүрт йолдыз бир .,RateBook,alarm/set_alarm,False,0.869,False,False,True,"{'object_name': 'Cathedral', 'object_part_of_series_type': 'сериясенә', 'rating_value': 'дүрт', 'rating_unit': 'йолдыз'}","{'reference': 'Cathedral series', 'recurring_datetime': 'дүрт йолдыз', 'datetime': 'бир'}"
test_383,The Famous Flower of Serving-Men минем кичке акустика плейлистымна өстә.,AddToPlaylist,PlayMusic,False,0.923,False,False,False,"{'entity_name': 'The Famous Flower of Serving-Men', 'reference': 'минем', 'playlist': 'кичке акустика'}","{'artist': 'The Famous Flower of Serving-Men', 'music_item': 'минем кичке акустика плейлистымна'}"
test_384,Миңа ArcLight Hollywood кинотеатырында анимацион фильмнарга гына расписаниесене күрсәт,SearchScreeningEvent,SearchScreeningEvent,True,0.906,False,False,False,"{'location': 'ArcLight Hollywood кинотеатырында', 'movie_type': 'анимацион фильмнарга', 'object_type': 'расписаниесене'}","{'movie_name': 'анимацион фильмнар', 'object_location_type': 'кинотеатр', 'object_location': 'ArcLight Hollywood', 'datetime': 'расписаниесен'}"
test_385,"Зинһар, Йолдызлы төн рәсемне таб .",SearchCreativeWork,weather/find,False,0.8959,False,False,False,"{'object_name': 'Йолдызлы төн', 'object_type': 'рәсемне'}","{'object_type': 'рәсем', 'object_name': 'Йолдызлы'}"
test_386,Бу урында 15:19:29 дымлылык нинди булачак ?,weather/find,weather/find,True,0.9487,False,False,True,"{'location': 'Бу урында', 'datetime': '15:19:29', 'condition_description': 'дымлылык'}","{'datetime': '15:19:29', 'weather/attribute': 'дымлылык'}"
test_387,мин JLA Adventures: Trapped In Time-ны карарга телим,SearchScreeningEvent,SearchScreeningEvent,True,0.9385,False,False,False,{'movie_name': 'JLA Adventures: Trapped In Time-ны'},"{'object_name': 'JLA Adventures: Trapped In Time', 'object_type': 'фильм'}"
test_388,This Is Johnny Cash-ка дерек уоткинсныӊ көйен өстә,AddToPlaylist,SearchScreeningEvent,False,0.8858,False,False,False,"{'playlist': 'This Is Johnny Cash-ка', 'artist': 'дерек уоткинсныӊ', 'music_item': 'көйен'}","{'movie_name': 'This Is Johnny Cash', 'datetime': 'өсте', 'object_type': 'фильм'}"
test_389,Fire in the Hole дип аталган иҗади эш таб,SearchCreativeWork,none,False,0.0,True,False,False,{'object_name': 'Fire in the Hole'},{}
test_390,пэтныӊ колледж янында өстәлне броньла,BookRestaurant,BookRestaurant,True,0.9127,False,False,False,{'location': 'пэтныӊ колледж | янында'},"{'datetime': 'пэтныӊ колледж янында', 'party_size_number': 'өстәлне', 'sort': 'броньла'}"
test_391,Patrick Still Lives AMC кинотеатрларында барамы,SearchScreeningEvent,reminder/set_reminder,False,0.7013,False,False,False,"{'movie_name': 'Patrick Still Lives', 'location': 'AMC кинотеатрларында'}","{'recurring_datetime': 'still lives', 'datetime': 'AMC кинотеатрларында барамы', 'reminder/todo': 'Patrick Still'}"
test_392,Мин спа массажын броньларга телим .,BookRestaurant,BookRestaurant,True,0.9223,False,False,True,"{'facility': 'спа', 'restaurant_type': 'массажын'}","{'datetime': 'спа массажын броньларга', 'party_size_number': 'телим'}"
test_393,14 сәгатьтән соң берәр җирдә Кварривиллда өстәл кирәк,BookRestaurant,reminder/set_reminder,False,0.8978,False,False,False,"{'datetime': '14 сәгатьтән соң', 'location': 'Кварривиллда'}","{'recurring_datetime': '14 сәгатьтан соң', 'datetime': 'берәр', 'reminder/todo': 'Кварривиллда өстәл'}"
test_394,Гари Ли Коннерны уйнат,PlayMusic,none,False,0.0,True,False,False,{'artist': 'Гари Ли Коннерны'},{}
test_395,иң якын кинотеатрны кайда Boycott-ны күрсәтәләр күрсәт,SearchScreeningEvent,SearchScreeningEvent,True,0.8616,False,False,True,"{'location': 'иң якын', 'object_location_type': 'кинотеатрны', 'movie_name': 'Boycott-ны'}","{'movie_name': 'Кинотеатр', 'object_location_type': 'кинотеатр', 'object_type': 'Кооператив'}"
test_396,"Зинһар, минем ecstatic плейлистны кабыз.",PlayMusic,AddToPlaylist,False,0.821,False,False,False,{'playlist': 'ecstatic'},"{'artist': 'миним', 'music_item': 'экстазик плейлист', 'playlist': 'миним кабыз'}"
test_397,"Зинһар, The Mad Magician җырын таб .",SearchCreativeWork,SearchScreeningEvent,False,0.9595,False,False,False,"{'object_name': 'The Mad Magician', 'object_type': 'җырын'}","{'object_name': 'The Mad Magician', 'object_type': 'фильм'}"
test_398,Bow Tie Cinemas-ның расписаниесен тикшер .,SearchScreeningEvent,SearchScreeningEvent,True,0.8888,False,False,False,"{'location': 'Bow Tie Cinemas-ның', 'object_type': 'расписаниесен'}","{'movie_name': 'Bow Tie Cinemas-ның', 'object_location_type': 'кинотеатрда', 'datetime': 'расписаниесен'}"
test_399,Миңа Төньяк Мариан утрауларындагы пабта кичәгә 3 кешелек өстәл броньла,BookRestaurant,BookRestaurant,True,0.9231,False,False,False,"{'location': 'Төньяк Мариан утрауларындагы', 'restaurant_type': 'пабта', 'party_size_number': '3'}","{'datetime': 'Төньяк Мариан утрауларындагы пабта', 'party_size_number': '3 кешелек', 'sort': 'өстәл броньла'}"
test_400,Миңа Infinite Indie Folk исемлеккә Rahim Shah-ның әсәрләрен өстәргә кирәк,AddToPlaylist,SearchCreativeWork,False,0.882,False,False,False,"{'playlist': 'Infinite Indie Folk', 'artist': 'Rahim Shah-ның'}","{'object_name': 'Infinite Indie Folk', 'object_type': 'фильм', 'artist': 'Rahim Shah', 'reference': 'асәрләрен'}"
test_401,Минем Te quiero плейлистыма Кече Джерри Каллистны өстә.,AddToPlaylist,AddToPlaylist,True,0.8611,False,False,False,"{'reference': 'Минем', 'playlist': 'Te quiero', 'artist': 'Кече Джерри Каллистны'}","{'artist': 'Кече Джерри', 'music_item': 'Каллистны', 'playlist': 'минимал плейлисти'}"
test_402,Юта янында төнге 3 сәгать тирәсендә никадәр салкынрак булачак ?,weather/find,weather/find,True,0.9492,False,False,True,"{'location': 'Юта | янында', 'datetime': 'төнге 3 сәгать', 'condition_temperature': 'салкынрак'}","{'location': 'Юта', 'datetime': 'төнге 3', 'weather/attribute': 'салкынрак', 'weather/temperatureUnit': 'Цельсий градустан'}"
test_403,Альбомны Hipster Soul плейлистына өстә.,AddToPlaylist,AddToPlaylist,True,0.9137,False,False,False,"{'music_item': 'Альбомны', 'playlist': 'Hipster Soul'}","{'playlist': 'Hipster Soul плейлисты', 'artist': 'Альбомны'}"
test_404,"Мин унөч сәгатьтән соң деликатес ресторанында ашарга телим, анда көнчыгыш европа ризыклары сатыла",BookRestaurant,BookRestaurant,True,0.8737,False,False,True,"{'datetime': 'унөч сәгатьтән соң', 'restaurant_type': 'деликатес ресторанында', 'cuisine': 'көнчыгыш европа'}","{'datetime': 'унөч сәгатьтан соң', 'location': 'деликатес ресторанда', 'cuisine': 'Европа ризыклары'}"
test_405,алтмышынчы еллар саундтрегын кабыз,PlayMusic,none,False,0.0,True,False,False,"{'datetime': 'алтмышынчы еллар', 'music_item': 'саундтрегын'}",{}
test_406,Бу альбомга бер йолдыз бир,RateBook,SearchScreeningEvent,False,0.8611,False,False,False,"{'object_select': 'Бу', 'object_type': 'альбомга', 'rating_value': 'бер', 'rating_unit': 'йолдыз'}","{'object_name': 'албом', 'object_type': 'албом', 'sort': 'йолдыз'}"
test_407,Bryan Macleanның иң олуг музыкасын кабыз .,PlayMusic,SearchCreativeWork,False,0.94,False,False,False,"{'artist': 'Bryan Macleanның', 'sort': 'иң олуг'}","{'object_name': 'Bryan Maclean', 'object_type': 'музыкан'}"
test_408,Nicodemus-та һәм аның тирәсендәге һава торышы нинди,weather/find,weather/find,True,0.9188,False,False,False,{'location': 'Nicodemus-та | аның тирәсендәге'},"{'location': 'Nicodemus-ta', 'weather/attribute': 'һава торышы'}"
test_409,Phinally Phamous дип аталган уен эзлә,SearchCreativeWork,SearchScreeningEvent,False,0.9561,False,False,False,"{'object_name': 'Phinally Phamous', 'object_type': 'уен'}","{'object_name': 'Phinally Phamous', 'object_type': 'уен'}"
test_410,Juneteenth-га 2 балл куй .,RateBook,none,False,0.9241,True,False,False,"{'object_name': 'Juneteenth-га', 'rating_value': '2'}",{}
test_411,Rhialto the Marvellous-га нуль йолдыз бир,RateBook,weather/find,False,0.869,False,False,False,"{'object_name': 'Rhialto the Marvellous-га', 'rating_value': 'нуль', 'rating_unit': 'йолдыз'}","{'location': 'Rhialto the Marvellous', 'weather/attribute': 'нуль', 'weather/temperatureUnit': 'вогала'}"
test_412,Мин Хелена Ирен Михаэльсенның Youtube-та саундтрегын ишетергә телим,PlayMusic,none,False,0.0,True,False,False,"{'artist': 'Мин Хелена Ирен', 'service': 'Youtube-та', 'music_item': 'саундтрегын'}",{}
test_413,5 кешегә 20/01/2023 MH-да өстәл броньла,BookRestaurant,BookRestaurant,True,0.8679,False,False,False,"{'party_size_number': '5', 'datetime': '20/01/2023', 'location': 'MH-да'}","{'datetime': '20/01/2023 MH-да', 'party_size_number': '5 кешегә', 'cuisine': 'берекетле', 'location': 'MH-да'}"
test_414,якындагы анимация фильмнары сессияләре расписаниесе,SearchScreeningEvent,SearchScreeningEvent,True,0.8722,False,False,False,"{'location': 'якындагы', 'movie_type': 'анимация фильмнары', 'object_type': 'сессияләре расписаниесе'}","{'object_type': 'анимация фильм', 'object_name': 'сессияләре'}"
test_415,Минем This Is Shakira плейлистымна jack white-ны өстә,AddToPlaylist,AddToPlaylist,True,0.9106,False,False,False,"{'reference': 'Минем', 'playlist': 'This Is Shakira', 'artist': 'jack white-ны'}","{'artist': 'jack white', 'music_item': 'плейлистымна', 'playlist': 'This Is Shakira'}"
test_416,Мин Шри-Ланкада биш кешегә ресторан броньларга телим .,BookRestaurant,BookRestaurant,True,0.9608,False,False,False,"{'location': 'Шри-Ланкада', 'party_size_number': 'биш', 'restaurant_type': 'ресторан'}","{'party_size_number': 'биш кешегә', 'location': 'Шри-Ланкада'}"
test_417,"Зинһар, Episodi di The Blacklist телевизион тапшыруын таб .",SearchCreativeWork,SearchScreeningEvent,False,0.9597,False,False,False,"{'object_name': 'Episodi di The Blacklist', 'object_type': 'телевизион тапшыруын'}","{'object_name': 'The Blacklist', 'object_type': 'телевизион тапшыруу'}"
test_418,монда Law Day-нән башлап салкын һава торышы нинди,weather/find,weather/find,True,0.8843,False,False,True,"{'location': 'монда', 'datetime': 'Law Day-нән', 'condition_temperature': 'салкын'}","{'datetime': 'Law Day-нән日起с', 'weather/attribute': 'салкын һава торышы'}"
test_419,Мин ун кешелек өстәленә ресторанда заказ бирергә телим.,BookRestaurant,BookRestaurant,True,0.8245,False,False,False,"{'party_size_number': 'ун', 'restaurant_type': 'ресторанда'}","{'datetime': 'ун кешелек өсте', 'party_size_number': 'ун кешелек', 'cuisine': 'туз', 'reference': 'ресторанда'}"
test_420,Җитмешенче еллардагы Дюк Эллингтоннан берәр нәрсә уйна,PlayMusic,SearchScreeningEvent,False,0.9009,False,False,False,"{'datetime': 'Җитмешенче', 'artist': 'Дюк Эллингтоннан'}","{'object_name': 'Дюк Эллингтон', 'object_type': 'фильм'}"
test_421,Cotton Comes to Harlem-ны 2-гә бәялә,RateBook,BookRestaurant,False,0.8724,False,False,False,"{'object_name': 'Cotton Comes to Harlem-ны', 'rating_value': '2-гә'}","{'datetime': '2-гә', 'sort': 'югары булачакмы', 'restaurant_type': 'тиз ашамлыклар', 'cuisine': 'тоньяк һинд', 'location': 'Cotton Comes to Harlem'}"
test_422,Җырны минем madden nfl 16 плейлистымна өстә,AddToPlaylist,AddToPlaylist,True,0.9041,False,False,False,"{'reference': 'минем', 'playlist': 'madden nfl 16', 'music_item': 'плейлистымна'}","{'artist': 'madden nfl 16', 'music_item': 'плейлистымна', 'playlist': 'минем'}"
test_423,Toyan-ны минем Epic Gaming плейлистымна өстә.,AddToPlaylist,AddToPlaylist,True,0.8533,False,False,False,"{'artist': 'Toyan-ны', 'reference': 'минем', 'playlist': 'Epic Gaming'}","{'artist': 'Toyan', 'playlist': 'Epic Gaming плейлистымна', 'track': 'өстәл сакларга'}"
test_424,Slacker-да ниндидер яңа Les Vandyke уйнат,PlayMusic,none,False,0.0,True,False,False,"{'service': 'Slacker-да', 'sort': 'яңа', 'artist': 'Les Vandyke'}",{}
test_425,Three Junes-га 6-дан берге бәялә,RateBook,BookRestaurant,False,0.8739,False,False,False,"{'object_name': 'Three Junes-га', 'best_rating': '6-дан', 'rating_value': 'берге'}","{'datetime': 'Three Junes-га 6-дан берге', 'sort': 'берге', 'cuisine': 'туз', 'location': 'Three Junes'}"
test_426,Nunez пекарнясында тугыз кешегә өстәл заказ ит,BookRestaurant,BookRestaurant,True,0.8884,False,False,False,"{'location': 'Nunez', 'restaurant_type': 'пекарнясында', 'party_size_number': 'тугыз'}","{'datetime': 'нунез пекарнясында тугыз кешегә', 'party_size_number': 'тугыз', 'sort': 'өстәл', 'cuisine': 'нунез'}"
test_427,Бу агымдагы романны 6-дан икеге бәялә .,RateBook,SearchCreativeWork,False,0.8745,False,False,False,"{'object_select': 'Бу агымдагы', 'object_type': 'романны', 'best_rating': '6-дан', 'rating_value': 'икеге'}","{'object_name': 'Бу агымдагы роман', 'object_type': 'роман', 'object_select': '6-дан икеге'}"
test_428,Ронни Вудның The Happy Blues-ны уйнат .,PlayMusic,SearchScreeningEvent,False,0.956,False,False,True,"{'artist': 'Ронни Вудның', 'album': 'The Happy Blues-ны'}","{'movie_name': 'The Happy Blues', 'object_type': 'фильм'}"
test_429,2013 елгы симфонияне уйнат .,PlayMusic,SearchScreeningEvent,False,0.9195,False,False,False,"{'datetime': '2013 елгы', 'music_item': 'симфонияне'}","{'movie_name': '2013 елгы симфония', 'object_type': 'фильм'}"
test_430,Jennifer Paull-ның Subconscious Lobotomy-ны уйнат .,PlayMusic,SearchScreeningEvent,False,0.9256,False,False,True,"{'artist': 'Jennifer Paull-ның', 'album': 'Subconscious Lobotomy-ны'}","{'movie_name': 'Jennifer Paull-ның Subconscious Lobotomy-ны', 'object_type': 'фильм'}"
test_431,The Crystal Snare-га 5 йолдыз бир,RateBook,alarm/set_alarm,False,0.8471,False,False,False,"{'object_name': 'The Crystal Snare-га', 'rating_value': '5', 'rating_unit': 'йолдыз'}","{'reference': 'The Crystal Snare-га', 'recurring_datetime': 'дүшәмбе', 'datetime': 'кызымны футбол дәресенә алып барырга', 'object_type': 'кызымны футбол дәресенә алып барырга'}"
test_432,Бу дәреслеккә нуль йолдыз куй,RateBook,reminder/set_reminder,False,0.9045,False,False,False,"{'object_select': 'Бу', 'object_type': 'дәреслеккә', 'rating_value': 'нуль', 'rating_unit': 'йолдыз'}","{'datetime': 'нуль йолдыз куй', 'reminder/todo': 'кызымны футбол дәресенә алып барырга'}"
test_433,Агымдагы серияне 4 баллга бәялә,RateBook,reminder/todo,False,0.8487,False,False,True,"{'object_select': 'Агымдагы', 'object_part_of_series_type': 'серияне', 'rating_value': '4', 'rating_unit': 'баллга'}","{'recurring_datetime': 'агымдагы серияне 4 баллга', 'reminder/todo': 'бэялә'}"
test_434,Мин Urbank California-да James D. Conrey House-да өстәл телим,BookRestaurant,SearchScreeningEvent,False,0.8665,False,False,True,"{'location': 'Urbank | California-да', 'restaurant_name': 'James D. Conrey House-да'}","{'movie_name': 'James D. Conrey House', 'object_location_type': 'телим', 'location': 'Урбанка, Калифорния'}"
test_435,Babar: King of the Elephants уйнымы,SearchScreeningEvent,BookRestaurant,False,0.8249,False,False,False,{'movie_name': 'Babar: King of the Elephants'},"{'party_size_number': 'бабар', 'sort': 'уйнымы', 'restaurant_type': 'футбол дәресне', 'cuisine': 'бабар'}"
test_436,this is racionais mc's-га җырны өстә,AddToPlaylist,none,False,0.0,True,False,False,"{'playlist': ""this is racionais mc's-га"", 'music_item': 'җырны'}",{}
test_437,Хәзерге эссега 6-дан нуль йолдыз куй,RateBook,alarm/snooze_alarm,False,0.8592,False,False,False,"{'object_select': 'Хәзерге', 'object_type': 'эссега', 'best_rating': '6-дан', 'rating_value': 'нуль', 'rating_unit': 'йолдыз'}","{'reference': 'Хәзерге эссега 6-дан нуль', 'datetime': 'вокруг куй', 'reminder/todo': 'вокруг куй'}"
test_438,Әйдә Эндрю Хьюиттан берәр нәрсә тыңлыйк .,PlayMusic,SearchScreeningEvent,False,0.8922,False,False,False,{'artist': 'Эндрю Хьюиттан'},"{'object_name': 'Эндрю Хьюитт', 'object_type': 'башкаручы'}"
test_439,Якында анимация фильмнарын таб,SearchScreeningEvent,none,False,0.0,True,False,False,"{'location': 'Якында', 'movie_type': 'анимация фильмнарын'}",{}
test_440,хәзерге хроникага 6-дан биш балл бир,RateBook,reminder/set_reminder,False,0.8464,False,False,True,"{'object_select': 'хәзерге', 'object_part_of_series_type': 'хроникага', 'best_rating': '6-дан', 'rating_value': 'биш', 'rating_unit': 'балл'}","{'recurring_datetime': 'хөшерге хроникага 6-дан', 'datetime': 'биш балл', 'reminder/todo': 'бирегез'}"
test_441,Миңа Settha Palace Hotel-да Saint Helena-да 4 кешелек өстәл кирәк,BookRestaurant,BookRestaurant,True,0.8618,False,False,True,"{'restaurant_name': 'Settha Palace Hotel-да', 'location': 'Saint Helena-да', 'party_size_number': '4 кешелек'}","{'datetime': '4 кешелек өстәл', 'party_size_number': 'туз', 'location': 'Settha Palace Hotel-да Saint Helena-да'}"
test_442,Изге Патрик көнендә Вирджинияда һава торышы нинди булыр ?,weather/find,weather/find,True,0.916,False,False,False,"{'datetime': 'Изге Патрик көнендә', 'location': 'Вирджинияда'}","{'location': 'Вирджиния', 'datetime': 'Патрик көнендә', 'weather/attribute': 'һава торышы'}"
test_443,Миңа Speakeasy Theaters киноның вакыт исемлеге кирәк,SearchScreeningEvent,SearchScreeningEvent,True,0.8001,False,False,False,"{'location': 'Speakeasy Theaters', 'object_type': 'киноның вакыт'}","{'movie_name': 'Speakeasy', 'datetime': 'киноның вакыт исемлеге', 'object_type': 'кино'}"
test_444,Meet the Prince телевизион тапшыруын эзлә,SearchCreativeWork,SearchScreeningEvent,False,0.9254,False,False,False,"{'object_name': 'Meet the Prince', 'object_type': 'телевизион тапшыруын'}","{'object_name': 'Meet the Prince', 'object_type': 'телевизион тапшыру'}"
test_445,"Зинһар, миңа Compulsive Disclosure җырын бир .",SearchCreativeWork,none,False,0.0,True,False,False,"{'object_name': 'Compulsive Disclosure', 'object_type': 'җырын'}",{}
test_446,Zvooq-та Trance Life-ны уйнат .,PlayMusic,SearchScreeningEvent,False,0.927,False,False,False,"{'service': 'Zvooq-та', 'playlist': 'Trance Life-ны'}","{'object_name': 'Trance Life', 'object_type': 'фильм', 'service': 'Zvooq'}"
test_447,"Зинһар, миңа Serious Awesomeness ! эшен таб.",SearchCreativeWork,none,False,0.0,True,False,False,{'object_name': 'Serious Awesomeness'},{}
test_448,мин кинотеатрда I Dream of Jeanie-ны карарга телим,SearchScreeningEvent,BookRestaurant,False,0.8402,False,False,True,"{'object_location_type': 'кинотеатрда', 'movie_name': 'I Dream of Jeanie-ны'}","{'datetime': 'мин кинотеатрда', 'party_size_number': 'кызым', 'sort': 'каррга телим', 'restaurant_type': 'кинотеатр', 'cuisine': 'И Dream of Jeanie-ны'}"
test_449,Пол Маккартни уйнат,PlayMusic,none,False,0.0,True,False,False,{'artist': 'Пол Маккартни'},{}
test_450,Хәзерге романны 3 йолдызга бәялә,RateBook,BookRestaurant,False,0.8372,False,False,False,"{'object_select': 'Хәзерге', 'object_type': 'романны', 'rating_value': '3', 'rating_unit': 'йолдызга'}","{'datetime': 'хәзерге романны 3', 'sort': 'бэялә', 'cuisine': 'роман'}"
test_451,Paris - When It Sizzles китабын таба аласызмы ?,SearchCreativeWork,SearchScreeningEvent,False,0.8719,False,False,False,"{'object_name': 'Paris - When It Sizzles', 'object_type': 'китабын'}","{'movie_name': 'Paris - When It Sizzles', 'object_location_type': 'кинотеатрда', 'datetime': 'табарламага'}"
test_452,Филипп Киркоровның җитмешенче еллар пьесасын уйнат,PlayMusic,SearchScreeningEvent,False,0.7987,False,False,False,"{'artist': 'Филипп Киркоровның', 'datetime': 'җитмешенче'}","{'object_name': 'Филипп Киркоровның чыршым', 'object_type': 'пьеса', 'object_select': 'кыршым'}"
test_453,Киләсе елда мин Пенни янындагы bougatsa ресторанын өч кешегә броньларга телим.,BookRestaurant,BookRestaurant,True,0.8897,False,False,True,"{'datetime': 'Киләсе елда', 'location': 'Пенни | янындагы', 'cuisine': 'bougatsa', 'restaurant_type': 'ресторанын', 'party_size_number': 'өч'}","{'datetime': 'Киләсе елда мин Пенни янындагы bougatsa ресторан', 'party_size_number': 'өч кешегә', 'sort': 'бронь'}"
test_454,Тенинода яңгырлар булырмы ?,weather/find,weather/find,True,0.9444,False,False,True,"{'location': 'Тенинода', 'condition_description': 'яңгырлар'}","{'location': 'Тенинода', 'weather/attribute': 'яңгырлар', 'weather/temperatureUnit': 'Цельсий градустан'}"
test_455,"Зинһар, Three Essays on the Theory of Sexuality шоусын эзлә .",SearchCreativeWork,SearchScreeningEvent,False,0.8907,False,False,False,"{'object_name': 'Three Essays on the Theory of Sexuality', 'object_type': 'шоусын'}","{'object_name': 'Three Essays on the Theory of Sexuality', 'object_type': 'книга'}"
test_456,Мин Рамонда ашарга телим,BookRestaurant,none,False,0.0,True,False,False,{'location': 'Рамонда'},{}
test_457,Emo Forever плейлистына boy george трегын өстә.,AddToPlaylist,AddToPlaylist,True,0.9335,False,False,False,"{'playlist': 'Emo Forever', 'artist': 'boy george', 'music_item': 'трегын'}","{'artist': 'boy george', 'music_item': 'трегын', 'playlist': 'Emo Forever плейлист'}"
test_458,Vimy Ridge-да стейк-хаус заказ итәргә телим .,BookRestaurant,BookRestaurant,True,0.9121,False,False,False,"{'location': 'Vimy Ridge-да', 'restaurant_type': 'стейк-хаус'}","{'datetime': 'телим', 'party_size_number': 'телим', 'sort': 'стейк-хаус', 'cuisine': 'стейк', 'location': 'Vimy Ridge-да'}"
test_459,Without Witness егерме ике  сәгатьтән соң уйнаячакмы,SearchScreeningEvent,alarm/snooze_alarm,False,0.7807,False,False,False,"{'movie_name': 'Without Witness', 'datetime': 'егерме ике сәгатьтән соң'}","{'reference': 'Уйнаячакмы', 'datetime': 'сеятье ее', 'recurring_datetime': 'сеятье ее'}"
test_460,9 кешегә урын броньла,BookRestaurant,BookRestaurant,True,0.908,False,False,False,{'party_size_number': '9'},"{'datetime': '9 кешегә', 'party_size_number': 'кеше саны'}"
test_461,бу трекны минем Hands Up плейлистына өстә,AddToPlaylist,AddToPlaylist,True,0.899,False,False,False,"{'music_item': 'трекны', 'reference': 'минем', 'playlist': 'Hands Up'}","{'artist': 'Hands Up', 'music_item': 'трек', 'playlist': 'минем Hands Up плейлист'}"
test_462,90s Pop Rock Essentials-тан берәр нәрсә уйнат,PlayMusic,SearchScreeningEvent,False,0.9476,False,False,False,{'playlist': '90s Pop Rock Essentials-тан'},"{'object_name': '90s Pop Rock Essentials', 'object_type': 'фильм'}"
test_463,Син миңа Blue Spring трейлерын таба аласыңмы ?,SearchCreativeWork,SearchScreeningEvent,False,0.967,False,False,False,"{'object_name': 'Blue Spring', 'object_type': 'трейлерын'}","{'movie_name': 'Blue Spring', 'object_type': 'трейлер'}"
test_464,36 Children-га 6-дан ике йолдыз куй,RateBook,alarm/snooze_alarm,False,0.8336,False,False,False,"{'object_name': '36 Children-га', 'best_rating': '6-дан', 'rating_value': 'ике', 'rating_unit': 'йолдыз'}","{'reference': '36 Children-га 6-дан', 'recurring_datetime': 'икке', 'datetime': 'сез куй', 'reminder/todo': 'куй'}"
test_465,Мин MJR театрында анимацион фильмнарны телим,SearchScreeningEvent,SearchScreeningEvent,True,0.878,False,False,False,"{'location': 'MJR театрында', 'movie_type': 'анимацион фильмнарны'}","{'object_type': 'фильм', 'object_name': 'анимацион фильм', 'location': 'MJR театрында', 'datetime': 'телим'}"
test_466,Sexy as Folk плейлистына башкаручы mike-ны өстә.,AddToPlaylist,AddToPlaylist,True,0.8973,False,False,False,"{'playlist': 'Sexy as Folk', 'music_item': 'башкаручы', 'artist': 'mike-ны'}","{'artist': 'Sexy as Folk', 'music_item': 'плейлист', 'playlist': 'мик'}"
test_467,минем this is al green плейлистына Highway Patrolman өстә,AddToPlaylist,AddToPlaylist,True,0.9117,False,False,False,"{'reference': 'минем', 'playlist': 'this is al green', 'entity_name': 'Highway Patrolman'}","{'artist': 'Highway Patrolman', 'playlist': 'this is al green плейлистына'}"
test_468,Миңа To Lose My Life исемле романны таб …,SearchCreativeWork,SearchCreativeWork,True,0.9771,False,False,False,"{'object_name': 'To Lose My Life', 'object_type': 'романны'}","{'object_name': 'To Lose My Life', 'object_type': 'роман'}"
test_469,бу альбомны 5-кә бәялә,RateBook,SearchScreeningEvent,False,0.858,False,False,False,"{'object_select': 'бу', 'object_type': 'альбомны', 'rating_value': '5-кә'}","{'object_name': 'албом', 'object_type': 'музыкаль объект', 'sort': '5-кә'}"
test_470,Төшке ашта якындагы кинотеатрда Rare Birds күрсәтеләчәк .,SearchScreeningEvent,SearchScreeningEvent,True,0.9299,False,False,True,"{'datetime': 'Төшке ашта', 'location': 'якындагы', 'object_location_type': 'кинотеатрда', 'movie_name': 'Rare Birds'}","{'movie_name': 'Rare Birds', 'object_location_type': 'кинотеатр', 'object_location': 'Төшке ашта якындагы'}"
test_471,The 8-Week Cholesterol Cure-га 6-дан өчкә бәялә .,RateBook,BookRestaurant,False,0.8712,False,False,False,"{'object_name': 'The 8-Week Cholesterol Cure-га', 'best_rating': '6-дан', 'rating_value': 'өчкә'}","{'datetime': '6-дан өчкә', 'sort': 'бәялә', 'restaurant_type': '6-дан өчкә', 'cuisine': '8-Week Cholesterol Cure-га'}"
test_472,Martin barre-ны минем punk unplugged плейлистыма өстә.,AddToPlaylist,AddToPlaylist,True,0.9147,False,False,False,"{'artist': 'Martin barre-ны', 'reference': 'минем', 'playlist': 'punk unplugged'}","{'artist': 'Martin', 'music_item': 'punk unplugged', 'playlist': 'минем punk unplugged плейлист'}"
test_473,хәзерге романны 6-дан нульгә бәялә,RateBook,BookRestaurant,False,0.8775,False,False,False,"{'object_select': 'хәзерге', 'object_type': 'романны', 'best_rating': '6-дан', 'rating_value': 'нульгә'}","{'datetime': 'хәзерге романны 6-дан нульгә', 'sort': 'югары'}"
test_474,Минем кинотеатрда The Young Swordsman нинди вакытта барачак ?,SearchScreeningEvent,SearchScreeningEvent,True,0.9413,False,False,True,"{'object_location_type': 'кинотеатрда', 'movie_name': 'The Young Swordsman', 'object_type': 'вакытта'}","{'movie_name': 'The Young Swordsman', 'object_location_type': 'кинотеатрда', 'datetime': 'барачак'}"
test_475,Тирә-юньдә нинди фильмнар күрсәтеләр,SearchScreeningEvent,SearchScreeningEvent,True,0.9317,False,False,False,"{'location': 'Тирә-юньдә', 'movie_type': 'фильмнар'}","{'datetime': 'Тирә-юнь', 'object_type': 'фильм'}"
test_476,Мин North City-дәге Oregon Electric Station броньларга телим .,BookRestaurant,BookRestaurant,True,0.9155,False,False,True,"{'location': 'North City-дәге', 'restaurant_name': 'Oregon Electric Station'}","{'datetime': 'North City-дәге Oregon Electric Station броньларга', 'party_size_number': 'телим'}"
test_477,монда төнге сәгать икедә һава торышы нинди,weather/find,weather/find,True,0.8386,False,False,False,"{'location': 'монда', 'datetime': 'төнге сәгать икедә'}","{'weather/attribute': 'сөйлү', 'weather/temperatureUnit': 'Цельсий градустан'}"
test_478,Wanda Group-ның фильм кестесін таб .,SearchScreeningEvent,SearchScreeningEvent,True,0.9617,False,False,False,"{'location': 'Wanda Group-ның', 'object_type': 'фильм кестесін'}","{'movie_name': 'Wanda Group', 'object_type': 'фильм'}"
test_479,Самоада Ваурикада нинди һава торышы,weather/find,weather/find,True,0.9448,False,False,False,{'location': 'Самоада | Ваурикада'},"{'location': 'Самоада Ваурикада', 'weather/attribute': 'температура'}"
test_480,Тирә-яктагы фильмнар расписаниесен күрсәт,SearchScreeningEvent,SearchScreeningEvent,True,0.931,False,False,False,"{'location': 'Тирә-яктагы', 'object_type': 'фильмнар расписаниесен'}","{'object_type': 'фильм', 'object_name': 'тирә-яктагы'}"
test_481,Blues britânico уйнат .,PlayMusic,SearchScreeningEvent,False,0.9007,False,False,True,{'genre': 'Blues britânico'},"{'object_type': 'фильм', 'object_name': 'Blues Britânico', 'object_location_type': 'кинотеатрда'}"
test_482,AMC Theaters-да No Time to Be Young күрсәтеләме,SearchScreeningEvent,SearchScreeningEvent,True,0.9463,False,False,False,"{'location': 'AMC Theaters-да', 'movie_name': 'No Time to Be Young'}","{'movie_name': 'No Time to Be Young', 'object_location_type': 'кинотеатрда', 'object_location': 'AMC Theaters'}"
test_483,"Зинһар, миңа Монти Пайтон Голливудта эзлә һәм таб .",SearchCreativeWork,SearchScreeningEvent,False,0.8561,False,False,False,{'object_name': 'Монти Пайтон Голливудта'},"{'movie_name': 'Монти Пайтон', 'object_location_type': 'Голливудта', 'object_location': 'эсклать'}"
test_484,кичке бишкә монда буран аркасында һава торышы нинди,weather/find,weather/find,True,0.8858,False,False,True,"{'datetime': 'кичке бишкә', 'location': 'монда', 'condition_description': 'буран'}","{'location': 'бишкә монда', 'weather/attribute': 'һава торышы'}"
test_485,Ирландия балалар евровидениеда 2015 минем Jazzy Dinner плейлистына өстә,AddToPlaylist,AddToPlaylist,True,0.9097,False,False,False,"{'entity_name': 'Ирландия балалар евровидениеда 2015', 'reference': 'минем', 'playlist': 'Jazzy Dinner'}","{'artist': 'Jazzy Dinner', 'music_item': 'playlist', 'playlist': 'Ирландия балалар евровидениеда 2015 плейлист'}"
test_486,Indie Hipster-га җырны өстә,AddToPlaylist,PlayMusic,False,0.8861,False,False,False,"{'playlist': 'Indie Hipster-га', 'music_item': 'җырны'}","{'artist': 'Indie Hipster', 'music_item': 'җыр', 'service': 'плейлист'}"
test_487,Син миңа National Anthem of the Ancient Britons телевизион тапшыруын таба аласыңмы ?,SearchCreativeWork,SearchScreeningEvent,False,0.9487,False,False,False,"{'object_name': 'National Anthem of the Ancient Britons', 'object_type': 'телевизион тапшыруын'}","{'movie_name': 'National Anthem of the Ancient Britons', 'object_type': 'телевизион тапшыруын'}"
test_488,"travelling плейлистына зинһар, бу Дэвид Гаан җырын өстә .",AddToPlaylist,AddToPlaylist,True,0.9368,False,False,False,"{'playlist': 'travelling', 'artist': 'Дэвид Гаан', 'music_item': 'җырын'}","{'artist': 'Дэвид Гаан', 'music_item': 'җырын', 'playlist': 'travelling плейлист'}"
test_489,Мин аларны Murcof рәссамнан ишетергә телим,PlayMusic,none,False,0.0,True,False,False,"{'music_item': 'аларны', 'artist': 'Murcof'}",{}
test_490,The Gift: Imagination and the Erotic Life of Property-ны биш йолдызга бәялә,RateBook,AddToPlaylist,False,0.8704,False,False,False,"{'object_name': 'The Gift: Imagination and the Erotic Life of Property-ны', 'rating_value': 'биш', 'rating_unit': 'йолдызга'}","{'artist': 'The Gift', 'music_item': 'Imagination and the Erotic Life of Property-ны', 'service': 'BJOY', 'playlist': 'BJOY Playlists', 'sort': 'BJOY Playlists'}"
test_491,Миңа Baby Blue дип аталган телевизион тапшыруны таб,SearchCreativeWork,SearchScreeningEvent,False,0.9256,False,False,False,"{'object_name': 'Baby Blue', 'object_type': 'телевизион тапшыруны'}","{'object_name': 'Baby Blue', 'object_type': 'телевизион тапшыруны'}"
test_492,The Girl Who Was Plugged In китабын эзлә,SearchCreativeWork,none,False,0.0,True,False,False,"{'object_name': 'The Girl Who Was Plugged In', 'object_type': 'китабын'}",{}
test_493,филлис уордка һәм вероникага 152 көннән соң ресторанда өстәл кирәк,BookRestaurant,BookRestaurant,True,0.9322,False,False,True,"{'party_size_description': 'филлис уордка һәм вероникага', 'datetime': '152 көннән соң', 'restaurant_type': 'ресторанда'}","{'datetime': 'филлис уордка һәм вероникага 152 көннән соң', 'location': 'ресторанда', 'sort': 'өстәл'}"
test_494,5 кешелек танылган ресторанны броньла,BookRestaurant,BookRestaurant,True,0.8764,False,False,False,"{'party_size_number': '5', 'sort': 'танылган', 'restaurant_type': 'ресторанны'}","{'datetime': '5 кешелек танылган ресторан', 'party_size_number': 'кеше саны'}"
test_495,"Бруклон янында The Dome, Edinburgh отеленда номерны броньла",BookRestaurant,BookRestaurant,True,0.758,False,False,True,"{'location': 'Бруклон | янында', 'restaurant_name': 'The Dome, Edinburgh'}","{'datetime': 'отеленда номерны броньла', 'location': 'The Dome, Edinburgh'}"
test_496,Бу альбомны Old School Death Metal-га өстә,AddToPlaylist,SearchScreeningEvent,False,0.9006,False,False,False,"{'music_item': 'альбомны', 'playlist': 'Old School Death Metal-га'}","{'object_name': 'албом', 'object_type': 'Old School Death Metal'}"
test_497,Jersey Boys телесериалын эзлә,SearchCreativeWork,SearchScreeningEvent,False,0.9497,False,False,False,"{'object_name': 'Jersey Boys', 'object_type': 'телесериалын'}","{'object_name': 'Jersey Boys', 'object_type': 'телесериал'}"
test_498,Алты ай эчендә Танжер янындагы иң яхшы пабта тугыз кешегә өстәл броньла,BookRestaurant,BookRestaurant,True,0.8526,False,False,False,"{'datetime': 'Алты ай эчендә', 'location': 'Танжер | янындагы', 'sort': 'иң яхшы', 'restaurant_type': 'пабта', 'party_size_number': 'тугыз'}","{'datetime': 'Алты ай эчендә', 'party_size_number': 'икки', 'sort': 'инх яхшы', 'cuisine': 'паб', 'location': 'Танжер янындагы', 'restaurant_type': 'паб'}"
test_499,Миңа Harkins Theatres-ында фильмларны күрсәт .,SearchScreeningEvent,SearchScreeningEvent,True,0.8756,False,False,False,"{'location': 'Harkins Theatres-ында', 'movie_type': 'фильмларны'}","{'object_type': 'фильмлар', 'object_location_type': 'фильмлар күрсәтү', 'object_location': 'Harkins Theatres-ында'}"
test_500,аларның кампусында шул ук райондагы чурраскарияга кичәгә заказ бир,BookRestaurant,SearchScreeningEvent,False,0.8429,False,False,False,"{'location': 'аларның кампусында | шул ук райондагы', 'restaurant_type': 'чурраскарияга'}","{'object_name': 'чурраскария', 'object_type': 'чурраскария', 'object_location_type': 'улуттук кампус', 'object_location': 'шул ук район'}"
