id,text,true_intent,pred_intent,intent_correct,confidence,weak_by_conf,weak_intent_real,weak_slot_real,true_slots,pred_slots
test_1,барлык хәтерләтүләрне күрсәт,reminder/show_reminders,none,False,0.0,True,False,False,{'reference': 'барлык'},{}
test_2,Миңа свитер кирәкме?,weather/find,none,False,0.0,True,False,False,{'weather/attribute': 'свитер'},{}
test_3,Бүген сәгать ун алтыга хәтерләтүне өстә,reminder/set_reminder,none,False,0.0,True,False,False,{'datetime': 'Бүген сәгать ун алтыга'},{}
test_4,Минем хәтерләтүне бетер,reminder/cancel_reminder,none,False,0.0,True,False,False,{'reference': 'Минем'},{}
test_5,Миңа бензин салырга искә төшер.,reminder/set_reminder,RateBook,False,0.8326,False,False,False,{'reminder/todo': 'бензин салырга'},"{'object_name': 'benzine', 'object_type': 'fuel', 'rating_value': '1', 'rating_unit': 'star'}"
test_6,Чәршәмбе көнне миңа кул чатыры кирәкме?,weather/find,BookRestaurant,False,0.8393,False,False,False,"{'datetime': 'Чәршәмбе', 'weather/attribute': 'кул чатыры'}","{'datetime': 'Чәршәмбе көнне', 'party_size_number': 'сигез', 'sort': 'югарыबेяләнген', 'restaurant_type': 'тиз ашамлыклар', 'cuisine': 'төньяк һинд', 'location': 'Moores Mill-дан | ерак жок'}"
test_7,биш минуттан соң минем будильникны кабатла,alarm/snooze_alarm,alarm/set_alarm,False,0.9463,False,True,False,"{'datetime': 'биш минуттан', 'reference': 'минем'}","{'datetime': 'биш минуттан соң', 'reference': 'минем будильник'}"
test_8,максның туган көне турында искә төшеруне куй,reminder/set_reminder,none,False,0.0,True,False,False,{'reminder/todo': 'максның туган көне турында искә төшеруне'},{}
test_9,Миңа барлык хәтерләтүләрне күрсәт,reminder/show_reminders,none,False,0.0,True,False,False,{'reference': 'барлык'},{}
test_10,Барлык будильникларны күрсәт.,alarm/show_alarms,none,False,0.0,True,False,False,{'reference': 'Барлык'},{}
test_11,Бүген яңгыр явар микән?,weather/find,none,False,0.0,True,False,False,"{'datetime': 'Бүген', 'weather/attribute': 'яңгыр'}",{}
test_12,Будильникны иртәнге 8 куй,alarm/set_alarm,alarm/set_alarm,True,0.8743,False,False,False,{'datetime': 'иртәнге 8'},"{'datetime': '8 куй', 'reference': 'будильник'}"
test_13,Бүген температура нинди?,weather/find,none,False,0.0,True,False,False,"{'datetime': 'Бүген', 'weather/attribute': 'температура'}",{}
test_14,Минем хәтерләтүне күрсәт,reminder/show_reminders,none,False,0.0,True,False,False,{'reference': 'Минем'},{}
test_15,Барлык будильникларны күрсәт,alarm/show_alarms,alarm/set_alarm,False,0.7104,False,False,False,{'reference': 'Барлык'},"{'datetime': 'туздан өч йөз утыз өч көннән соң', 'reference': 'Moores Mill-дан | ерак жок'}"
test_16,Миңа Бен белән Джорджия турында сөйләшергә искә төшер,reminder/set_reminder,none,False,0.0,True,False,False,{'reminder/todo': 'Бен белән Джорджия турында сөйләшергә'},{}
test_17,Будильникны иртәнге 5 куй,alarm/set_alarm,alarm/set_alarm,True,0.903,False,False,False,{'datetime': 'иртәнге 5'},"{'datetime': 'иртәнге 5 куй', 'reference': 'будильник'}"
test_18,бүген болытлымы,weather/find,BookRestaurant,False,0.8162,False,False,False,"{'datetime': 'бүген', 'weather/attribute': 'болытлымы'}","{'datetime': 'хаһердан өч йөз утыз өч көннән соң', 'party_size_number': 'сигез', 'sort': 'югары бэйләнү', 'restaurant_type': 'тиз ашамлыклар', 'cuisine': 'төньяк һинд', 'location': 'Moores Mill-дан | ерак жок'}"
test_19,Бүген бездә ничә дюйм яңгыры явар?,weather/find,none,False,0.0,True,False,False,"{'datetime': 'Бүген', 'weather/attribute': 'дюйм яңгыры'}",{}
test_20,Иртәгә минем апама шалтыратырга искә төшер,reminder/set_reminder,none,False,0.0,True,False,False,"{'datetime': 'Иртәгә', 'reminder/todo': 'минем апама шалтыратырга'}",{}
test_21,будильникны туктат,alarm/cancel_alarm,none,False,0.5847,True,False,False,{},{}
test_22,Бу атнада кызу булырмы?,weather/find,none,False,0.0,True,False,False,"{'datetime': 'Бу атнада', 'weather/attribute': 'кызу'}",{}
test_23,Будильникны көндезге 3 куй.,alarm/set_alarm,alarm/set_alarm,True,0.8483,False,False,False,{'datetime': 'көндезге 3'},"{'datetime': 'куй 3', 'recurring_datetime': 'куй 3', 'reference': 'будильник'}"
test_24,бүген кар явармы,weather/find,none,False,0.0,True,False,False,"{'datetime': 'бүген', 'weather/attribute': 'кар'}",{}
test_25,бөтен будильникларны бетер,alarm/cancel_alarm,alarm/set_alarm,False,0.878,False,False,False,{'reference': 'бөтен'},"{'datetime': 'бөтен будильникларны бетер', 'reference': 'конкрет будильникка күрсәтү'}"
test_26,Минем хәтерләтүләрне күрсәт,reminder/show_reminders,none,False,0.0,True,False,False,{'reference': 'Минем'},{}
test_27,Будильникка кадәр күпме вакыт калды,alarm/time_left_on_alarm,alarm/time_left_on_alarm,True,0.9469,False,True,False,{},{'reference': 'будильникка'}
test_28,Минем нинди искә төшерүләрем бар?,reminder/show_reminders,none,False,0.0,True,False,False,{'reference': 'Минем'},{}
test_29,Будильникны көн саен иртәнге 8 куй,alarm/set_alarm,alarm/set_alarm,True,0.8978,False,False,False,{'recurring_datetime': 'иртәнге 8'},"{'datetime': '8 куй', 'reference': 'будильник'}"
test_30,син миңа будильникларны күрсәтә аласыңмы?,alarm/show_alarms,alarm/set_alarm,False,0.779,False,False,False,{},"{'datetime': 'яңа даталар', 'recurring_datetime': 'кабатлау расписаниесе', 'reference': 'конкрет будильникка күрсәтү', 'reminder/todo': 'нэрсез эшләргә керүми'}"
test_31,Бүген Диснейуорлдта буран булырмы?,weather/find,none,False,0.0,True,False,False,"{'datetime': 'Бүген', 'location': 'Диснейуорлдта', 'weather/attribute': 'буран'}",{}
test_32,бүген кар явырмы,weather/find,none,False,0.0,True,False,False,"{'datetime': 'бүген', 'weather/attribute': 'кар'}",{}
test_33,бөтен будильникларны күрсәт,alarm/show_alarms,alarm/show_alarms,True,0.8976,False,False,False,{'reference': 'бөтен'},"{'datetime': 'дата/вакыт', 'reference': 'конкрет будильникка күрсәтү'}"
test_34,Бүген салкынмы?,weather/find,none,False,0.0,True,False,False,"{'datetime': 'Бүген', 'weather/attribute': 'салкынмы'}",{}
test_35,"Зинһар, пәнҗешәмбе иртәсеннән будильникны бетер.",alarm/cancel_alarm,none,False,0.0,True,False,False,{'datetime': 'пәнҗешәмбе иртәсеннән'},{}
test_36,Бүген яңгыр явырмы?,weather/find,none,False,0.0,True,False,False,"{'datetime': 'Бүген', 'weather/attribute': 'яңгыр'}",{}
test_37,канадада кар явамы,weather/find,SearchCreativeWork,False,0.9295,False,False,False,"{'location': 'канадада', 'weather/attribute': 'кар явамы'}","{'object_name': 'кар явамы', 'object_type': 'фильм'}"
test_38,Бүген нинди югары температура булачак?,weather/find,none,False,0.0,True,False,False,"{'datetime': 'Бүген', 'weather/attribute': 'югары температура'}",{}
test_39,"Төнлә шулкадәр кар яуса, сәяхәт куркыныч булырмы?",weather/find,none,False,0.7382,True,False,False,"{'datetime': 'Төнлә', 'weather/attribute': 'кар яуса'}",{}
test_40,бөтен хәтерләтүләрне күрсәт,reminder/show_reminders,none,False,0.0,True,False,False,{'reference': 'бөтен'},{}
test_41,барлык хәтерләтүләрне бетер,reminder/cancel_reminder,none,False,0.0,True,False,False,{'reference': 'барлык'},{}
test_42,миңа иртәгә куртка кирәкме?,weather/find,none,False,0.0,True,False,False,"{'datetime': 'иртәгә', 'weather/attribute': 'куртка'}",{}
test_43,Будильникка кадәр күпме вакыт калды,alarm/time_left_on_alarm,alarm/time_left_on_alarm,True,0.9469,False,True,False,{},{'reference': 'будильникка'}
test_44,Будильникны туктат,alarm/snooze_alarm,alarm/set_alarm,False,0.8571,False,True,False,{},"{'datetime': 'туктат', 'reference': 'конкрет будильникка күрсәтү'}"
test_45,Миңа барлык будильникларны күрсәт,alarm/show_alarms,alarm/set_alarm,False,0.7972,False,False,False,{'reference': 'барлык'},"{'datetime': 'берекешле даталар', 'reference': 'берекешле будильниклар'}"
test_46,Йеллоустонда һава торышы нинди?,weather/find,none,False,0.0,True,False,False,{'location': 'Йеллоустонда'},{}
test_47,Бүген һава торышы нинди?,weather/find,none,False,0.0,True,False,False,{'datetime': 'Бүген'},{}
test_48,Иртәгә Патрикны мәктәптән алырга минем искә төшерүдән алып бетер.,reminder/cancel_reminder,BookRestaurant,False,0.8727,False,False,False,"{'datetime': 'Иртәгә', 'reminder/todo': 'Патрикны мәктәптән алырга', 'reference': 'минем'}","{'datetime': 'минем искә төшерүдан алырга', 'party_size_number': 'минем', 'sort': 'югары бетер', 'cuisine': 'тиз ашамлыклар', 'location': 'Moores Mill-дан'}"
test_49,Миңа иртәгә шул ук вакытта табибка язылырга искә төшер,reminder/set_reminder,none,False,0.0,True,False,False,"{'datetime': 'иртәгә шул ук вакытта', 'reminder/todo': 'табибка язылырга'}",{}
test_50,Миңа аренданы түләргә искә төшер,reminder/set_reminder,none,False,0.6523,True,False,False,{'reminder/todo': 'аренданы түләргә'},{}
test_51,яңгыр кайчан бетәчәк?,weather/find,none,False,0.0,True,False,False,{'weather/attribute': 'яңгыр'},{}
test_52,будильникларны бетер,alarm/cancel_alarm,alarm/set_alarm,False,0.8412,False,False,False,{},"{'datetime': 'туздан өч йөз утыз өч көннән соң', 'reference': 'Moores Mill-дан | ерак жок'}"
test_53,Сишәмбе көнне миңа Стефанига шалтыратырга искә төшер,reminder/set_reminder,BookRestaurant,False,0.8954,False,False,False,"{'datetime': 'Сишәмбе көнне', 'reminder/todo': 'Стефанига шалтыратырга'}","{'datetime': 'Сишәмбе көнне', 'party_size_number': 'сигез', 'sort': 'югары бете', 'restaurant_type': 'тиз ашамлыклар', 'cuisine': 'төньяк һинд', 'location': 'Moores Mill-дан'}"
test_54,барлык минем уяткыч сәгатьләрне күрсәт,alarm/show_alarms,none,False,0.0,True,False,False,{'reference': 'барлык минем'},{}
test_55,Бүген никадәр эссе булачак?,weather/find,none,False,0.0,True,False,False,"{'datetime': 'Бүген', 'weather/attribute': 'эссе'}",{}
test_56,будильникны бүген кичке 5 куй,alarm/set_alarm,alarm/set_alarm,True,0.8269,False,False,False,{'datetime': 'бүген кичке 5'},"{'datetime': 'кыйыкан куй', 'recurring_datetime': 'кыйыкан куй', 'reference': 'будильник', 'reminder/todo': 'кыйыкан куй'}"
test_57,21-енче августта көндез 3-тә табибка барырга искә төшер,reminder/set_reminder,BookRestaurant,False,0.8994,False,False,False,"{'datetime': '21-енче августта көндез 3-тә', 'reminder/todo': 'табибка барырга'}","{'datetime': '21-енче августта', 'party_size_number': '3', 'sort': 'табибка барырга искә төшер', 'cuisine': 'төньяк һинд', 'location': 'Moores Mill-дан'}"
test_58,көн саен иртәнге сәгать 7-дә дарулар эчәргә турында минем искә төшерүне бетер,reminder/cancel_reminder,BookRestaurant,False,0.8633,False,False,False,"{'recurring_datetime': 'көн саен иртәнге сәгать 7-дә', 'reminder/todo': 'дарулар эчәргә'}","{'datetime': 'көн саен иртәнге', 'party_size_number': 'сигез', 'sort': 'югары бетер', 'cuisine': 'төньяк һинд', 'location': 'Moores Mill-дан | ерак түгел'}"
test_59,киләсе фараз яңгырны кайчан күрсәтә,weather/find,none,False,0.0,True,False,False,{'weather/attribute': 'яңгырны'},{}
test_60,Иртәгә иртә белән минем будильнигым нинди вакытка куелган?,alarm/show_alarms,alarm/show_alarms,True,0.8981,False,False,False,"{'datetime': 'Иртәгә иртә', 'reference': 'минем'}",{'reference': 'минем будильнигым'}
test_61,бүген кар явармы,weather/find,none,False,0.0,True,False,False,"{'datetime': 'бүген', 'weather/attribute': 'кар'}",{}
test_62,Минем будильнигымны сүндер.,alarm/cancel_alarm,alarm/set_alarm,False,0.8809,False,False,False,{'reference': 'Минем'},"{'datetime': 'минем будильнигым', 'reference': 'минем будильнигым'}"
test_63,Барлык будильникларны бетер,alarm/cancel_alarm,alarm/set_alarm,False,0.8453,False,False,False,{'reference': 'Барлык'},"{'datetime': 'туздан өч йөз утыз өч көннән соң', 'reference': 'Moores Mill-дан | ерак жок'}"
test_64,миңа продуктларны сатып алырга искә төшер,reminder/set_reminder,BookRestaurant,False,0.8248,False,False,False,{'reminder/todo': 'продуктларны сатып алырга'},"{'datetime': 'хаалатын', 'party_size_number': 'сигез', 'sort': 'югары бете', 'restaurant_type': 'туз ашамлыклар', 'cuisine': 'төньяк һинд', 'location': 'Moores Mill-дан | ерак жок'}"
test_65,Миңа иртәнге сәгать 9-да иртәнге аш өчен будильник кирәк,alarm/set_alarm,alarm/set_alarm,True,0.8071,False,False,False,{'datetime': 'иртәнге сәгать 9-да'},"{'datetime': '9-да ирт', 'reference': 'будильник', 'reminder/todo': 'аш дляessen'}"
test_66,уен башланганчы бер сәгать алдан Кольтларны карау турында искә төшерүне куй,reminder/set_reminder,SearchCreativeWork,False,0.9101,False,False,False,"{'datetime': 'уен башланганчы бер сәгать алдан', 'reminder/todo': 'Кольтларны карау'}","{'object_name': 'Кольтларны', 'object_type': 'уен'}"
test_67,барлык будильникларны бетер,alarm/cancel_alarm,alarm/set_alarm,False,0.8423,False,False,False,{'reference': 'барлык'},"{'datetime': 'туздан өч йөз утыз өч көннән соң', 'reference': 'Moores Mill-дан | ерак жок'}"
test_68,Бу исемлектән минем өченче искә төшерүне бетер.,reminder/cancel_reminder,none,False,0.0,True,False,False,{'reference': 'минем өченче'},{}
test_69,Будильникны иртәнге 6 куй,alarm/set_alarm,alarm/set_alarm,True,0.8847,False,False,False,{'datetime': 'иртәнге 6'},"{'datetime': '6 куй', 'reference': 'будильник'}"
test_70,Бу будильникны хәзердән көндезге 2-гә куй,alarm/cancel_alarm,alarm/set_alarm,False,0.8789,False,False,False,"{'reference': 'Бу', 'datetime': 'хәзердән | көндезге 2-гә'}","{'datetime': 'көндезге 2-гә куй', 'reference': 'Бу будильник'}"
test_71,Кар булырмы?,weather/find,none,False,0.0,True,False,False,{'weather/attribute': 'Кар'},{}
test_72,Миңа аренданы түләргә искә төшер.,reminder/set_reminder,BookRestaurant,False,0.8237,False,False,False,{'reminder/todo': 'аренданы түләргә'},"{'datetime': 'тудага аренданы түпкере', 'party_size_number': 'сигез', 'sort': 'югары бете', 'restaurant_type': 'тиз ашамлыклар', 'cuisine': 'төньяк һинд', 'location': 'Moores Mill-дан'}"
test_73,иртәгә нинди иң түбән температура,weather/find,weather/find,True,0.8032,False,False,False,"{'datetime': 'иртәгә', 'weather/attribute': 'иң түбән'}","{'condition_temperature': 'ихин түбән температура', 'location': 'иртә'}"
test_74,Бүген кояшлы булырмы?,weather/find,none,False,0.0,True,False,False,"{'datetime': 'Бүген', 'weather/attribute': 'кояшлы'}",{}
test_75,Бүген минем ничә искә төшерүләрем бар?,reminder/show_reminders,none,False,0.0,True,False,False,{'datetime': 'Бүген'},{}
test_76,Минем иртәгә нинди искә төшерүләрем бар?,reminder/show_reminders,none,False,0.0,True,False,False,"{'reference': 'Минем', 'datetime': 'иртәгә'}",{}
test_77,Минем барлык искә төшерүләремне бетер.,reminder/cancel_reminder,none,False,0.0,True,False,False,{'reference': 'Минем барлык'},{}
test_78,будильникны иртәнге 6-га куй,alarm/set_alarm,alarm/set_alarm,True,0.9022,False,False,False,{'datetime': 'иртәнге 6-га'},"{'datetime': '6-га куй', 'reference': 'будильник'}"
test_79,Будильникны 30 минутка куй,alarm/set_alarm,alarm/set_alarm,True,0.9177,False,False,False,{'datetime': '30 минутка'},"{'datetime': '30 минутка', 'reference': 'будильник'}"
test_80,Будильникны бер сәгать алга куй.,alarm/set_alarm,alarm/set_alarm,True,0.9135,False,False,False,{'datetime': 'бер сәгать алга'},"{'datetime': 'бер сәгать', 'reference': 'будильник'}"
test_81,барлык будильникларны бетер,alarm/cancel_alarm,alarm/set_alarm,False,0.8423,False,False,False,{'reference': 'барлык'},"{'datetime': 'туздан өч йөз утыз өч көннән соң', 'reference': 'Moores Mill-дан | ерак жок'}"
test_82,Лос-Анджелеста һава торышы,weather/find,weather/find,True,0.92,False,False,False,{'location': 'Лос - Анджелеста'},{'location': 'Лос-Анджелес'}
test_83,бөтен будильникларны бетер,alarm/cancel_alarm,alarm/set_alarm,False,0.878,False,False,False,{'reference': 'бөтен'},"{'datetime': 'бөтен будильникларны бетер', 'reference': 'конкрет будильникка күрсәтү'}"
test_84,Бүген минем ничә искә төшерүләрем бар?,reminder/show_reminders,none,False,0.0,True,False,False,{'datetime': 'Бүген'},{}
test_85,Миңа иртәгә кибеттә кәгазь сөлгеләр сатып алырга искә төшер,reminder/set_reminder,BookRestaurant,False,0.8531,False,False,False,"{'datetime': 'иртәгә', 'reminder/todo': 'кибеттә кәгазь сөлгеләр сатып алырга'}","{'datetime': 'иртә', 'party_size_number': 'кибеттә', 'sort': 'кегазь', 'cuisine': 'кегазь', 'location': 'сөлгеләр'}"
test_86,Миңа минем барлык искә төшерүләремне күрсәт,reminder/show_reminders,none,False,0.0,True,False,False,{'reference': 'минем барлык'},{}
test_87,Будильникны иртәнге 6 куй,alarm/set_alarm,alarm/set_alarm,True,0.8847,False,False,False,{'datetime': 'иртәнге 6'},"{'datetime': '6 куй', 'reference': 'будильник'}"
test_88,иртәгә кар булырмы,weather/find,none,False,0.0,True,False,False,"{'datetime': 'иртәгә', 'weather/attribute': 'кар'}",{}
test_89,иртәгә минем иртәнге будильникны бетер,alarm/cancel_alarm,alarm/set_alarm,False,0.811,False,False,False,"{'datetime': 'иртәгә | иртәнге', 'reference': 'минем'}","{'datetime': 'минем иртә', 'reference': 'минем иртәне күрсәтү', 'recurring_datetime': 'минем иртәне күрсәтү'}"
test_90,Дүшәмбе көнне төшке ашка будильникны куй.,alarm/set_alarm,alarm/set_alarm,True,0.8494,False,False,False,{'recurring_datetime': 'Дүшәмбе көнне төшке ашка'},"{'datetime': 'Дүшәмбе көнне', 'reference': 'Төрәле будильник'}"
test_91,Бүген никадәр эссе булачак?,weather/find,none,False,0.0,True,False,False,"{'datetime': 'Бүген', 'weather/attribute': 'эссе'}",{}
test_92,иртәнге будильникларны куерга миңа искә төшер,reminder/set_reminder,alarm/set_alarm,False,0.7907,False,False,False,"{'datetime': 'иртәнге', 'reminder/todo': 'будильникларны куерга'}","{'datetime': 'сигез дан', 'reference': 'Moores Mill-дан | ерак жок', 'recurring_datetime': 'кабатлау расписаниесе'}"
test_93,бөтен будильникларны бетер,alarm/cancel_alarm,alarm/set_alarm,False,0.878,False,False,False,{'reference': 'бөтен'},"{'datetime': 'бөтен будильникларны бетер', 'reference': 'конкрет будильникка күрсәтү'}"
test_94,Минем будильникларымны күрсәт,alarm/show_alarms,none,False,0.0,True,False,False,{'reference': 'Минем'},{}
test_95,будильникны сүндер,alarm/cancel_alarm,none,False,0.0,True,False,False,{},{}
test_96,Бүген температура нинди?,weather/find,none,False,0.0,True,False,False,"{'datetime': 'Бүген', 'weather/attribute': 'температура'}",{}
test_97,будильникны сүндер,alarm/cancel_alarm,none,False,0.0,True,False,False,{},{}
test_98,Барлык будильникларны күрсәт,alarm/show_alarms,alarm/set_alarm,False,0.7104,False,False,False,{'reference': 'Барлык'},"{'datetime': 'туздан өч йөз утыз өч көннән соң', 'reference': 'Moores Mill-дан | ерак жок'}"
test_99,Будильникны 30 минут саен куй,alarm/set_alarm,alarm/set_alarm,True,0.9417,False,False,False,{'recurring_datetime': '30 минут саен'},"{'datetime': '30 минут саен', 'reference': 'будильник'}"
test_100,Бүген нинди температура булачак?,weather/find,none,False,0.0,True,False,False,"{'datetime': 'Бүген', 'weather/attribute': 'температура'}",{}
test_101,Бүген кызу булырмы?,weather/find,none,False,0.0,True,False,False,"{'datetime': 'Бүген', 'weather/attribute': 'кызу'}",{}
test_102,Иртәгә яңгыр булырмы?,weather/find,weather/find,True,0.9215,False,False,False,"{'datetime': 'Иртәгә', 'weather/attribute': 'яңгыр'}","{'condition_description': 'яңгыр', 'location': 'Moores Mill-дан'}"
test_103,Киләсе будильникны бетер,alarm/cancel_alarm,alarm/set_alarm,False,0.8043,False,False,False,{'reference': 'Киләсе'},"{'datetime': 'яңа дат', 'recurring_datetime': 'яңа дат', 'reference': 'будильник', 'reminder/todo': 'яңа дат'}"
test_104,Бүген кибеткә барырга искә төшер,reminder/set_reminder,none,False,0.0,True,False,False,"{'datetime': 'Бүген', 'reminder/todo': 'кибеткә барырга'}",{}
test_105,киләсе атнада минем искә төшерүләрне бетер,reminder/cancel_reminder,BookRestaurant,False,0.8553,False,False,False,"{'datetime': 'киләсе атнада', 'reference': 'минем'}","{'datetime': 'туздан өч йөз утыз өч көннән соң', 'party_size_number': 'сигез', 'sort': 'югары бетер', 'cuisine': 'изә', 'location': 'Moores Mill-дан | ерак жок'}"
test_106,миңа сишәмбе көнне көндезге сәгать 3-тә этне грумерга алып барырга исемә төшер,reminder/set_reminder,BookRestaurant,False,0.8749,False,False,False,"{'datetime': 'сишәмбе көнне көндезге сәгать 3-тә', 'reminder/todo': 'этне грумерга алып барырга'}","{'datetime': 'сишәмбе көнне көндезге', 'party_size_number': '3-тә', 'sort': 'төшер', 'restaurant_type': 'грумерга', 'location': 'Moores Mill-дан'}"
test_107,28-енче көнне Дженга годовщинага чәчәкләр сатып алырга исемә төшер.,reminder/set_reminder,BookRestaurant,False,0.8142,False,False,False,"{'datetime': '28-енче көнне', 'reminder/todo': 'Дженга годовщинага чәчәкләр сатып алырга'}","{'datetime': '28-енче көнне', 'party_size_number': 'чәчәкләр', 'cuisine': 'сон', 'location': 'Төңьяк һинд', 'restaurant_type': 'Тиз ашамлыклар'}"
test_108,Бүген һава торышы нинди?,weather/find,none,False,0.0,True,False,False,{'datetime': 'Бүген'},{}
test_109,Иртәгә табибка язылырга миңа искә төшер.,reminder/set_reminder,none,False,0.7051,True,False,False,"{'datetime': 'Иртәгә', 'reminder/todo': 'табибка язылырга'}",{}
test_110,бөтен будильникларны сүндер,alarm/cancel_alarm,alarm/set_alarm,False,0.8839,False,False,False,{'reference': 'бөтен'},"{'datetime': 'бөтен будильникларны сүндер', 'reference': 'конкрет будильникка күрсәтү'}"
test_111,Мин үзем белән дождевикны алыйммы?,weather/find,BookRestaurant,False,0.7335,False,False,False,{'weather/attribute': 'дождевикны'},"{'datetime': 'хаалиятта', 'party_size_number': 'башка', 'sort': 'югары бете', 'cuisine': 'танзимат', 'location': 'Moores Mill-дан | ерак жок'}"
test_112,Начар һава торышы фаразы нинди?,weather/find,weather/find,True,0.9033,False,False,False,{'weather/attribute': 'Начар'},"{'condition_description': 'начар һава торышы', 'location': 'Moores Mill-дан'}"
test_113,киләсе атнада табибка язуым турында искә төшер,reminder/set_reminder,none,False,0.0,True,False,False,"{'datetime': 'киләсе атнада', 'reminder/todo': 'табибка язуым турында'}",{}
test_114,иртәнге 8 кибеткә бару турында искә төшер,reminder/set_reminder,none,False,0.711,True,False,False,"{'datetime': 'иртәнге 8', 'reminder/todo': 'кибеткә бару'}",{}
test_115,Химчисткага барырга искә төшерү яса.,reminder/set_reminder,none,False,0.0,True,False,False,{'reminder/todo': 'Химчисткага барырга'},{}
test_116,кайчан салкынрак булачак,weather/find,none,False,0.0,True,False,False,{'weather/attribute': 'салкынрак'},{}
test_117,бу атнада яңгыр булырмы,weather/find,none,False,0.6571,True,False,False,"{'datetime': 'бу атнада', 'weather/attribute': 'яңгыр'}",{}
test_118,барлык будильникларны бетер,alarm/cancel_alarm,alarm/set_alarm,False,0.8423,False,False,False,{'reference': 'барлык'},"{'datetime': 'туздан өч йөз утыз өч көннән соң', 'reference': 'Moores Mill-дан | ерак жок'}"
test_119,будильникларны бетер,alarm/cancel_alarm,alarm/set_alarm,False,0.8412,False,False,False,{},"{'datetime': 'туздан өч йөз утыз өч көннән соң', 'reference': 'Moores Mill-дан | ерак жок'}"
test_120,минем будильникларымны күрсәт,alarm/show_alarms,none,False,0.0,True,False,False,{'reference': 'минем'},{}
test_121,Минем будильнигым кайсы вакытка куйган?,alarm/show_alarms,none,False,0.0,True,False,False,{},{}
test_122,Шимбә көнне яңгыр булырмы?,weather/find,weather/find,True,0.8738,False,False,False,"{'datetime': 'Шимбә', 'weather/attribute': 'яңгыр'}","{'datetime': 'Шимбә көнне', 'location': 'яңгыр'}"
test_123,бүген никадәр эссе булачак,weather/find,none,False,0.0,True,False,False,"{'datetime': 'бүген', 'weather/attribute': 'эссе'}",{}
test_124,Барлык будильникларны бетер,alarm/cancel_alarm,alarm/set_alarm,False,0.8453,False,False,False,{'reference': 'Барлык'},"{'datetime': 'туздан өч йөз утыз өч көннән соң', 'reference': 'Moores Mill-дан | ерак жок'}"
test_125,Бу ял көннәрендә Тахода һава торышы?,weather/find,none,False,0.0,True,False,False,"{'datetime': 'Бу ял көннәрендә', 'location': 'Тахода'}",{}
test_126,Миңа бүген пальто кирәкме?,weather/find,none,False,0.0,True,False,False,"{'datetime': 'бүген', 'weather/attribute': 'пальто'}",{}
test_127,Яңгыр кайчан туктар?,weather/find,none,False,0.0,True,False,False,{'weather/attribute': 'Яңгыр'},{}
test_128,Дүшәмбе көнне 16:00 сәгатьтә минем мәктәпкә шалтыратырга хәтерләтү куй,reminder/set_reminder,BookRestaurant,False,0.8501,False,False,False,"{'datetime': 'Дүшәмбе көнне 16:00 сәгатьтә', 'reminder/todo': 'минем мәктәпкә шалтыратырга'}","{'datetime': 'Дүшәмбе көнне 16:00', 'party_size_number': 'минем', 'cuisine': 'төньяк һинд', 'location': 'көрәле', 'restaurant_type': 'көрәле'}"
test_129,Минем будильнигымны сүндер.,alarm/cancel_alarm,alarm/set_alarm,False,0.8809,False,False,False,{'reference': 'Минем'},"{'datetime': 'минем будильнигым', 'reference': 'минем будильнигым'}"
test_130,Бүген кич никадәр салкын булыр?,weather/find,weather/find,True,0.8965,False,False,False,"{'datetime': 'Бүген кич', 'weather/attribute': 'салкын'}","{'condition_description': 'салкын', 'location': 'Moores Mill-дан'}"
test_131,Будильникны иртәнге җидегә куй.,alarm/set_alarm,alarm/set_alarm,True,0.8905,False,False,False,{'datetime': 'иртәнге җидегә'},"{'datetime': 'иртәнге', 'reference': 'будильник'}"
test_132,Минем Робны алу турында хәтерләтүемне бетер,reminder/cancel_reminder,none,False,0.0,True,False,False,"{'reference': 'Минем', 'reminder/todo': 'Робны алу'}",{}
test_133,Иртәгә сөт сатып алу турында хәтерләтү яса.,reminder/set_reminder,none,False,0.0,True,False,False,"{'datetime': 'Иртәгә', 'reminder/todo': 'сөт сатып алу'}",{}
test_134,Будильникны иртәнге 6 куй,alarm/set_alarm,alarm/set_alarm,True,0.8847,False,False,False,{'datetime': 'иртәнге 6'},"{'datetime': '6 куй', 'reference': 'будильник'}"
test_135,"көндәлек будильникны, аны бетергәнче, кичке җиде сәгать утыз минутка планлаштыр",alarm/set_alarm,alarm/set_alarm,True,0.8483,False,False,False,{'recurring_datetime': 'көндәлек | кичке җиде сәгать утыз минутка'},"{'datetime': 'көндәлек будильникны', 'recurring_datetime': 'бетергәнче, кичке җиде'}"
test_136,миңа торыр өчен будильникны куерга исемә төшер,reminder/set_reminder,alarm/set_alarm,False,0.7917,False,False,False,{'reminder/todo': 'торыр өчен будильникны куерга'},"{'datetime': 'сигез', 'reference': 'Moores Mill-дан | ерак түгел', 'recurring_datetime': 'кабатлау расписаниесе', 'reminder/todo': 'нарысә эшләргә керүне'}"
test_137,Минем хәтерләтүне бетер,reminder/cancel_reminder,none,False,0.0,True,False,False,{'reference': 'Минем'},{}
test_138,Бүген кар булырмы?,weather/find,none,False,0.0,True,False,False,"{'datetime': 'Бүген', 'weather/attribute': 'кар'}",{}
test_139,Миңа бөтен будильникларны күрсәт,alarm/show_alarms,alarm/set_alarm,False,0.8089,False,False,False,{'reference': 'бөтен'},"{'datetime': 'бүден', 'reference': 'конкрет будильникка күрсәтү', 'recurring_datetime': 'кабатлау расписаниесе'}"
test_140,бөтен хәтерләтүләрне күрсәт,reminder/show_reminders,none,False,0.0,True,False,False,{'reference': 'бөтен'},{}
test_141,минем будильнигымда күпме вакыт калды,alarm/time_left_on_alarm,alarm/set_alarm,False,0.8,False,True,False,{'reference': 'минем'},"{'datetime': 'көпме вакыт', 'reference': 'будильниг'}"
test_142,будильникны 2 сәгатькә куй,alarm/set_alarm,alarm/set_alarm,True,0.8328,False,False,False,{'datetime': '2 сәгатькә'},"{'datetime': '2 сессия', 'reference': 'будильник', 'recurring_datetime': '2 сессия'}"
test_143,Эштән соң икмәк сатып алырга исемә төшер,reminder/set_reminder,BookRestaurant,False,0.8314,False,False,False,"{'datetime': 'Эштән соң', 'reminder/todo': 'икмәк сатып алырга'}","{'datetime': 'сеокта', 'party_size_number': 'сигез', 'sort': 'югары бэйл', 'cuisine': 'төньяк һинд', 'location': 'Moores Mill-дан | ерак жок', 'restaurant_type': 'тиз ашамлыклар'}"
test_144,Бүген яңгыр булырмы?,weather/find,none,False,0.0,True,False,False,"{'datetime': 'Бүген', 'weather/attribute': 'яңгыр'}",{}
test_145,бүгенге һава торышы фаразын укы,weather/find,none,False,0.0,True,False,False,{'datetime': 'бүгенге'},{}
test_146,Минем будильнигым нинди вакытка куелган?,alarm/show_alarms,none,False,0.0,True,False,False,{'reference': 'Минем'},{}
test_147,иртәгә 4 миңа сәүдә үзәгенә барырга исемә төшер,reminder/set_reminder,none,False,0.0,True,False,False,"{'datetime': 'иртәгә 4', 'reminder/todo': 'сәүдә үзәгенә барырга'}",{}
test_148,бүген кул чатырны үзем белән алыйммы,weather/find,none,False,0.0,True,False,False,"{'datetime': 'бүген', 'weather/attribute': 'кул чатырны'}",{}
test_149,Минем хәтерләтүне күрсәт,reminder/show_reminders,none,False,0.0,True,False,False,{'reference': 'Минем'},{}
test_150,Минем бөтен хәтерләтүләрне күрсәт,reminder/show_reminders,none,False,0.0,True,False,False,{'reference': 'Минем бөтен'},{}
test_151,Дүшәмбе көнне эт ризыгы турында хәтерләтү куй,reminder/set_reminder,none,False,0.0,True,False,False,"{'datetime': 'Дүшәмбе', 'reminder/todo': 'эт ризыгы'}",{}
test_152,"Иртәгегә ""Сишәмбе кичендә Балада Саб йога дәресенә язылырга "" хәтерләтүне куй",reminder/set_reminder,none,False,0.0,True,False,False,"{'datetime': 'Иртәгегә', 'reminder/todo': 'Сишәмбе кичендә Балада Саб йога дәресенә язылырга'}",{}
test_153,бүгенгегә бөтен искә төшерүләрне бетер,reminder/cancel_reminder,none,False,0.0,True,False,False,"{'datetime': 'бүгенгегә', 'reference': 'бөтен'}",{}
test_154,Бу атнада Нью-Йоркта нинди һава торышы булачак,weather/find,none,False,0.0,True,False,False,"{'datetime': 'Бу атнада', 'location': 'Нью - Йоркта'}",{}
test_155,пәнҗешәмбе көнне көндез 12-дә табибка баруымны исемә төшер,reminder/set_reminder,none,False,0.0,True,False,False,"{'datetime': 'пәнҗешәмбе көнне көндез 12-дә', 'reminder/todo': 'табибка баруымны'}",{}
test_156,Будильникны кичке 6:50 куй,alarm/set_alarm,alarm/set_alarm,True,0.9027,False,False,False,{'datetime': 'кичке 6:50'},"{'datetime': '6:50', 'reference': 'будильник', 'reminder/todo': 'кичектерү'}"
test_157,Бүген кар булырмы?,weather/find,none,False,0.0,True,False,False,"{'datetime': 'Бүген', 'weather/attribute': 'кар'}",{}
test_158,Нинди будильниклар куелган?,alarm/show_alarms,none,False,0.0,True,False,False,{},{}
test_159,7 октябрьгә искә төшерү будильникны куй,reminder/set_reminder,alarm/set_alarm,False,0.8285,False,False,False,{'datetime': '7 октябрьгә'},"{'datetime': '7 октябрь', 'recurring_datetime': 'токтама', 'reference': 'исә төшерү будильник', 'reminder/todo': 'токтама'}"
test_160,бүген кар булырмы?,weather/find,none,False,0.0,True,False,False,"{'datetime': 'бүген', 'weather/attribute': 'кар'}",{}
test_161,будильникны 15 минутка күчер,alarm/snooze_alarm,alarm/set_alarm,False,0.8903,False,True,False,{'datetime': '15 минутка'},"{'datetime': '15 минутка', 'reference': 'будильник'}"
test_162,Күпме кар булуын фаразлыйлар?,weather/find,none,False,0.0,True,False,False,{'weather/attribute': 'кар'},{}
test_163,урамда эссе ме,weather/find,none,False,0.7113,True,False,False,"{'location': 'урамда', 'weather/attribute': 'эссе'}",{}
test_164,Бүген нинди температура булачак?,weather/find,none,False,0.0,True,False,False,"{'datetime': 'Бүген', 'weather/attribute': 'температура'}",{}
test_165,иртәгә Далласта һава торышы нинди булыр,weather/find,weather/find,True,0.6762,False,False,False,"{'datetime': 'иртәгә', 'location': 'Далласта'}",{'location': 'Далласта'}
test_166,бүгенгегә минем бөтен искә төшерүләрне күрсәт,reminder/show_reminders,none,False,0.0,True,False,False,"{'datetime': 'бүгенгегә', 'reference': 'минем бөтен'}",{}
test_167,Атна саен продукт сатып алу турында хәтерләтү куй.,reminder/set_reminder,AddToPlaylist,False,0.7814,False,False,False,"{'recurring_datetime': 'Атна саен', 'reminder/todo': 'продукт сатып алу'}","{'artist': 'атна саен', 'music_item': 'продукт', 'playlist': 'сапат алмашуучуларга', 'service': 'музыкаль сервис', 'sort': 'сапат алмашуучуларга'}"
test_168,һава торышы,weather/find,weather/find,True,0.623,False,False,False,{},{'location': 'тулакан урын'}
test_169,Яңгыр көне буе явыр микән?,weather/find,none,False,0.0,True,False,False,"{'weather/attribute': 'Яңгыр', 'datetime': 'көне буе'}",{}
test_170,Иртәгә яңгыр булырмы?,weather/find,weather/find,True,0.9215,False,False,False,"{'datetime': 'Иртәгә', 'weather/attribute': 'яңгыр'}","{'condition_description': 'яңгыр', 'location': 'Moores Mill-дан'}"
test_171,Бүген кич эш хатларына җавап бирергә исемә төшер,reminder/set_reminder,none,False,0.0,True,False,False,"{'datetime': 'Бүген кич', 'reminder/todo': 'эш хатларына җавап бирергә'}",{}
test_172,Будильникларны бетер,alarm/cancel_alarm,alarm/set_alarm,False,0.8357,False,False,False,{},"{'datetime': 'туздан өч йөз утыз өч көннән соң', 'reference': 'Moores Mill-дан | ерак жок'}"
test_173,Минем будильникларны бетер,alarm/cancel_alarm,alarm/snooze_alarm,False,0.9246,False,False,False,{'reference': 'Минем'},{'reference': 'будильниклар'}
test_174,Мин бүген шортыны кия аламмы?,weather/find,none,False,0.0,True,False,False,"{'datetime': 'бүген', 'weather/attribute': 'шортыны'}",{}
test_175,Иртәгә яңгыр булырмы?,weather/find,weather/find,True,0.9215,False,False,False,"{'datetime': 'Иртәгә', 'weather/attribute': 'яңгыр'}","{'condition_description': 'яңгыр', 'location': 'Moores Mill-дан'}"
test_176,Будильникны иртәнге 10 куй,alarm/set_alarm,alarm/set_alarm,True,0.9073,False,False,False,{'datetime': 'иртәнге 10'},"{'datetime': 'иртәнге 10 куй', 'reference': 'будильник'}"
test_177,бу атнада яңгыр булырмы,weather/find,none,False,0.6571,True,False,False,"{'datetime': 'бу атнада', 'weather/attribute': 'яңгыр'}",{}
test_178,бөтен хәтерләтүләрне күрсәт,reminder/show_reminders,none,False,0.0,True,False,False,{'reference': 'бөтен'},{}
test_179,будильникларны бетер,alarm/cancel_alarm,alarm/set_alarm,False,0.8412,False,False,False,{},"{'datetime': 'туздан өч йөз утыз өч көннән соң', 'reference': 'Moores Mill-дан | ерак жок'}"
test_180,бөтен будильникларны сүндер,alarm/cancel_alarm,alarm/set_alarm,False,0.8839,False,False,False,{'reference': 'бөтен'},"{'datetime': 'бөтен будильникларны сүндер', 'reference': 'конкрет будильникка күрсәтү'}"
test_181,бөтен будильник настройкаларын күрсәт,alarm/show_alarms,alarm/set_alarm,False,0.8124,False,False,False,{'reference': 'бөтен'},"{'datetime': 'бөтен будильник дата/вакыты', 'recurring_datetime': 'кабатлау расписаниесе', 'reference': 'конкрет будильникка күрсәтү', 'reminder/todo': 'нэрс belgege: нурук'}"
test_182,Будильникны егерме минут саен куй,alarm/set_alarm,alarm/set_alarm,True,0.886,False,False,False,{'recurring_datetime': 'егерме минут саен'},"{'datetime': 'егерме минут', 'reference': 'будильник'}"
test_183,Минем нинди искә төшерүләрем бар?,reminder/show_reminders,none,False,0.0,True,False,False,{'reference': 'Минем'},{}
test_184,иртәгегә будильникны бетер,alarm/cancel_alarm,alarm/set_alarm,False,0.8962,False,False,False,{'datetime': 'иртәгегә'},"{'datetime': 'иртәгегә', 'reference': 'будильник'}"
test_185,бүген миңа зонтик кирәкме?,weather/find,none,False,0.0,True,False,False,"{'datetime': 'бүген', 'weather/attribute': 'зонтик'}",{}
test_186,бүген кар булырмы?,weather/find,none,False,0.0,True,False,False,"{'datetime': 'бүген', 'weather/attribute': 'кар'}",{}
test_187,Бүген кич минем әнигә шалтыратырга искә төшер,reminder/set_reminder,none,False,0.0,True,False,False,"{'datetime': 'Бүген кич', 'reminder/todo': 'минем әнигә шалтыратырга'}",{}
test_188,Бүген яңгыр булырмы?,weather/find,none,False,0.0,True,False,False,"{'datetime': 'Бүген', 'weather/attribute': 'яңгыр'}",{}
test_189,Шимбә көнне яңгыр булырмы?,weather/find,weather/find,True,0.8738,False,False,False,"{'datetime': 'Шимбә', 'weather/attribute': 'яңгыр'}","{'datetime': 'Шимбә көнне', 'location': 'яңгыр'}"
test_190,Будильникны һәр минут саен 20 минутка куясынмы?,alarm/set_alarm,SetAlarm,False,0.8101,False,False,False,{'recurring_datetime': 'һәр минут саен 20 минутка'},"{'datetime': 'хака саен 20 минутка', 'reference': 'будильник'}"
test_191,Кариб бассейнында тропик давыллар,weather/find,SearchCreativeWork,False,0.9341,False,False,False,"{'location': 'Кариб', 'weather/attribute': 'тропик давыллар'}","{'object_name': 'кариб бассейнында тропик давыллар', 'object_type': 'давыл'}"
test_192,барлык будильникларны бетер,alarm/cancel_alarm,alarm/set_alarm,False,0.8423,False,False,False,{'reference': 'барлык'},"{'datetime': 'туздан өч йөз утыз өч көннән соң', 'reference': 'Moores Mill-дан | ерак жок'}"
test_193,Будильникны тугыз минут саен куй,alarm/set_alarm,alarm/set_alarm,True,0.9333,False,False,False,{'recurring_datetime': 'тугыз минут саен'},"{'datetime': 'тугыз минут саен', 'reference': 'будильник'}"
test_194,Минем исемлектән соңгы ике хәтерләтүне бетер,reminder/cancel_reminder,none,False,0.0,True,False,False,{'reference': 'соңгы ике'},{}
test_195,бүген һава торышы нинди,weather/find,none,False,0.0,True,False,False,{'datetime': 'бүген'},{}
test_196,минем будильнигымны кабыз,alarm/set_alarm,none,False,0.0,True,False,False,{'reference': 'минем'},{}
test_197,Бүген һаваның дымлылыгы нинди?,weather/find,weather/find,True,0.8963,False,False,False,"{'datetime': 'Бүген', 'weather/attribute': 'һаваның дымлылыгы'}","{'condition_description': 'дымлылык', 'location': 'Moores Mill-дан'}"
test_198,миңа торыр өчен будильникны куерга исемә төшер,reminder/set_reminder,alarm/set_alarm,False,0.7917,False,False,False,{'reminder/todo': 'миңа торыр өчен будильникны куерга'},"{'datetime': 'сигез', 'reference': 'Moores Mill-дан | ерак түгел', 'recurring_datetime': 'кабатлау расписаниесе', 'reminder/todo': 'нарысә эшләргә керүне'}"
test_199,Бу ял көннәрендә кар явырмы?,weather/find,none,False,0.0,True,False,False,"{'datetime': 'Бу ял көннәрендә', 'weather/attribute': 'кар'}",{}
test_200,Бүген никадәр эссе булачак?,weather/find,none,False,0.0,True,False,False,"{'datetime': 'Бүген', 'weather/attribute': 'эссе'}",{}
test_201,Минем будильнигым нинди вакытка куелган,alarm/show_alarms,none,False,0.0,True,False,False,{'reference': 'Минем'},{}
test_202,Бүген һава торышы нинди?,weather/find,none,False,0.0,True,False,False,{'datetime': 'Бүген'},{}
test_203,Иртәгә яңгыр явармы?,weather/find,weather/find,True,0.8529,False,False,False,"{'datetime': 'Иртәгә', 'weather/attribute': 'яңгыр'}","{'condition_description': 'яңгыр', 'location': 'Моорс Милл-дан'}"
test_204,Сишәмбе көнне иртәнге 5:15 минем будильнигымны бетер,alarm/cancel_alarm,alarm/set_alarm,False,0.9185,False,False,False,"{'datetime': 'Сишәмбе көнне иртәнге 5:15', 'reference': 'минем'}","{'datetime': 'Сишәмбе көнне иртәнге 5:15 минем', 'reference': 'будильнигым'}"
test_205,бүгенге уен турында искәртүне бетер,reminder/cancel_reminder,reminder/set_reminder,False,0.8306,False,False,False,"{'datetime': 'бүгенге', 'reminder/todo': 'уен'}","{'datetime': 'туз көннән соң', 'reminder/todo': 'уен', 'reference': 'Moores Mill-дан | ерак жок'}"
test_206,будильникны иртәнге көндезге 3-ке куй,alarm/set_alarm,alarm/set_alarm,True,0.8973,False,False,False,{'datetime': 'көндезге 3-ке'},"{'datetime': '3-ке куй', 'reference': 'будильник'}"
test_207,шимбә көнне бөтен будильникларны бетер,alarm/cancel_alarm,alarm/set_alarm,False,0.7976,False,False,False,"{'datetime': 'шимбә көнне', 'reference': 'бөтен'}","{'datetime': 'шымбә көнне', 'reference': 'бетер', 'reminder/todo': 'бетер'}"
test_208,Миңа Лизаны алу турында искәртү кирәк,reminder/set_reminder,reminder/set_reminder,True,0.8346,False,False,False,{'reminder/todo': 'Лизаны алу'},"{'datetime': 'Лизаны алу', 'reminder/todo': 'искәртү', 'reference': 'Лизаны алу'}"
test_209,Бүген нинди югары температура?,weather/find,none,False,0.6535,False,False,False,"{'datetime': 'Бүген', 'weather/attribute': 'югары'}",{}
test_210,Бүген Гринстоунда болытлы булырмы?,weather/find,none,False,0.0,True,False,False,"{'datetime': 'Бүген', 'location': 'Гринстоунда', 'weather/attribute': 'болытлы'}",{}
test_211,Соңрак искә төшер,reminder/set_reminder,none,False,0.0,True,False,False,{'datetime': 'Соңрак'},{}
test_212,бүген франциядә нинди һава торышы,weather/find,none,False,0.0,True,False,False,"{'datetime': 'бүген', 'location': 'франциядә'}",{}
test_213,Шимбә кичәсендә кояшлы булырмы?,weather/find,none,False,0.0,True,False,False,"{'datetime': 'Шимбә', 'weather/attribute': 'кояшлы'}",{}
test_214,Иртәгә яңгыр явармы?,weather/find,weather/find,True,0.8529,False,False,False,"{'datetime': 'Иртәгә', 'weather/attribute': 'яңгыр'}","{'condition_description': 'яңгыр', 'location': 'Моорс Милл-дан'}"
test_215,Мин бүген шортыны кия аламмы?,weather/find,none,False,0.0,True,False,False,"{'datetime': 'бүген', 'weather/attribute': 'шортыны'}",{}
test_216,Минем искәртүемне күрсәт,reminder/show_reminders,none,False,0.0,True,False,False,{'reference': 'Минем'},{}
test_217,Сентябрьдә уртача һава торышы нинди,weather/find,weather/find,True,0.9221,False,False,False,{'datetime': 'Сентябрьдә'},"{'datetime': 'уртача Сентябрь', 'location': 'уртача'}"
test_218,Бүген салкынмы?,weather/find,none,False,0.0,True,False,False,"{'datetime': 'Бүген', 'weather/attribute': 'салкынмы'}",{}
test_219,Бөтен искәртүләремне бетер,reminder/cancel_reminder,none,False,0.0,True,False,False,{'reference': 'Бөтен'},{}
test_220,монда эссеме?,weather/find,none,False,0.0,True,False,False,{'weather/attribute': 'эссеме'},{}
test_221,Ял көннәрендә көндезге 2 будильнигымны куй,alarm/set_alarm,alarm/set_alarm,True,0.7466,False,False,False,{'recurring_datetime': 'Ял көннәрендә көндезге 2'},"{'datetime': 'яланын кутуу', 'reference': 'будильнигым 1 & 2', 'reminder/todo': 'куй'}"
test_222,Будильникны иртәнге 2 куй,alarm/set_alarm,alarm/set_alarm,True,0.8252,False,False,False,{'datetime': 'иртәнге 2'},"{'datetime': 'иранын 2 куй', 'reference': 'будильник'}"
test_223,Бүген һаваның дымлылыгы нинди?,weather/find,weather/find,True,0.8963,False,False,False,"{'datetime': 'Бүген', 'weather/attribute': 'һаваның дымлылыгы'}","{'condition_description': 'дымлылык', 'location': 'Moores Mill-дан'}"
test_224,минем бөтен будильникларымны күрсәт,alarm/show_alarms,none,False,0.0,True,False,False,{'reference': 'минем бөтен'},{}
test_225,Минем бөтен искәртүләремне күрсәт,reminder/show_reminders,none,False,0.0,True,False,False,{'reference': 'Минем бөтен'},{}
test_226,бөтен будильникларымны бетер,alarm/cancel_alarm,alarm/set_alarm,False,0.8749,False,False,False,{'reference': 'бөтен'},"{'datetime': 'бөтен будильникларымны бетер', 'reference': 'конкрет будильникка күрсәтү'}"
test_227,Давыл минем районыма якынлашамы?,weather/find,none,False,0.0,True,False,False,"{'weather/attribute': 'Давыл', 'location': 'минем районыма'}",{}
test_228,бүген һава торышы нинди,weather/find,none,False,0.0,True,False,False,{'datetime': 'бүген'},{}
test_229,соңгы искәртүемне бетер,reminder/cancel_reminder,reminder/set_reminder,False,0.8946,False,False,False,{'reference': 'соңгы'},"{'datetime': 'соңгы искәртүемне', 'reminder/todo': 'бетерү'}"
test_230,Будильникка күпме вакыт калды.,alarm/time_left_on_alarm,alarm/show_alarms,False,0.8714,False,True,False,{},{'reference': 'конкрет будильникка күрсәтү'}
test_231,Якшәмбе көнне минем бөтен будильникларымны бетер.,alarm/cancel_alarm,alarm/snooze_alarm,False,0.893,False,False,False,"{'datetime': 'Якшәмбе көнне', 'reference': 'минем бөтен'}",{'reference': 'минем будильник'}
test_232,Бүген нихәтле эссе булачак?,weather/find,none,False,0.0,True,False,False,"{'datetime': 'Бүген', 'weather/attribute': 'эссе'}",{}
test_233,Мин сине иртәгә иртәнге 8:45 яңа будильникны куерга теләр идем,alarm/set_alarm,alarm/set_alarm,True,0.9365,False,False,False,{'datetime': 'иртәгә иртәнге 8:45'},"{'datetime': '8:45', 'reference': 'яңа будильник'}"
test_234,бөтен будильникларны бетер,alarm/cancel_alarm,alarm/set_alarm,False,0.878,False,False,False,{'reference': 'бөтен'},"{'datetime': 'бөтен будильникларны бетер', 'reference': 'конкрет будильникка күрсәтү'}"
test_235,Бүген кар явармы?,weather/find,none,False,0.0,True,False,False,"{'datetime': 'Бүген', 'weather/attribute': 'кар'}",{}
test_236,миңа бозны алырга искә төшер,reminder/set_reminder,none,False,0.0,True,False,False,{'reminder/todo': 'бозны алырга'},{}
test_237,бөтен искәртүләремне күрсәт,reminder/show_reminders,none,False,0.0,True,False,False,{'reference': 'бөтен'},{}
test_238,бөтен будильникларымны күрсәт,alarm/show_alarms,alarm/show_alarms,True,0.8962,False,False,False,{'reference': 'бөтен'},"{'datetime': 'дата/вакыт', 'reference': 'конкрет будильникка күрсәтү'}"
test_239,Сан-Францискода һава торышы нинди?,weather/find,none,False,0.0,True,False,False,{'location': 'Сан - Францискода'},{}
test_240,Бөтен искәртүләремне бетер,reminder/cancel_reminder,none,False,0.0,True,False,False,{'reference': 'Бөтен'},{}
test_241,Концерт турында искәртүне бетер,reminder/cancel_reminder,SetReminder,False,0.87,False,False,False,{'reminder/todo': 'Концерт'},"{'datetime': 'сигез йөз утыз өч көннән соң', 'reminder/todo': 'концерт искәртүне бетер', 'reference': 'концерт'}"
test_242,Иртәгә иртәнге будильникны бетер,alarm/cancel_alarm,alarm/set_alarm,False,0.8736,False,False,False,{'datetime': 'Иртәгә иртәнге'},"{'datetime': 'иртәгә иртәнге', 'reference': 'будильник'}"
test_243,бу атнада яңгыр явармы,weather/find,none,False,0.0,True,False,False,"{'datetime': 'бу атнада', 'weather/attribute': 'яңгыр'}",{}
test_244,Гольф уйнау өчен чәршәмбе көнне һава торышы нинди?,weather/find,weather/find,True,0.7802,False,False,False,{'datetime': 'чәршәмбе көнне'},"{'datetime': 'гуне', 'location': 'гуне', 'weather/attribute': 'гавра торышы'}"
test_245,бөтен будильникларымны күрсәт,alarm/show_alarms,alarm/show_alarms,True,0.8962,False,False,False,{'reference': 'бөтен'},"{'datetime': 'дата/вакыт', 'reference': 'конкрет будильникка күрсәтү'}"
test_246,бөтен иртәгә будильникларны сүндер,alarm/cancel_alarm,alarm/set_alarm,False,0.9172,False,False,False,"{'reference': 'бөтен', 'datetime': 'иртәгә'}","{'datetime': 'бөтен иртә', 'reference': 'будильниклар'}"
test_247,Будильнигымны бүген кичке 5 куй,alarm/set_alarm,alarm/set_alarm,True,0.9095,False,False,False,{'datetime': 'бүген кичке 5'},"{'datetime': 'бүген кичке 5 куй', 'reference': 'будильнигым'}"
test_248,будильнигымны иртәге 7-гә куй,alarm/set_alarm,alarm/set_alarm,True,0.9034,False,False,False,{'datetime': 'иртәге 7-гә'},"{'datetime': '7-гә куй', 'reference': 'будильнигым'}"
test_249,Иртәгә кояшлы булырмы?,weather/find,none,False,0.0,True,False,False,"{'datetime': 'Иртәгә', 'weather/attribute': 'кояшлы'}",{}
test_250,бүген нинди эссе булыр,weather/find,none,False,0.0,True,False,False,"{'datetime': 'бүген', 'weather/attribute': 'эссе'}",{}
test_251,Бир ноль йолдызлар Halo: Ghosts of Onyx,RateBook,none,False,0.0,True,False,False,"{'rating_value': 'ноль', 'rating_unit': 'йолдызлар', 'object_name': 'Halo: Ghosts of Onyx'}",{}
test_252,Джой Нило музыкасын кабыз .,PlayMusic,none,False,0.0,True,False,False,{'artist': 'Джой Нило'},{}
test_253,"Зинһар, миңа 20 Hours in America дип аталган видеоуен таб .",SearchCreativeWork,none,False,0.0,True,False,False,"{'object_name': '20 Hours in America', 'object_type': 'видеоуен'}",{}
test_254,Мин ясаган плейлистымны уйнат,PlayMusic,none,False,0.0,True,False,False,{'playlist': 'ясаган'},{}
test_255,Термонтта 9 кешегә урын броньла,BookRestaurant,BookRestaurant,True,0.9103,False,False,False,"{'location': 'Термонтта', 'party_size_number': '9 кешегә'}","{'datetime': '9 кешегә', 'party_size_number': 'сигез', 'sort': 'югарыबेяләнген', 'restaurant_type': 'тиз ашамлыклар', 'cuisine': 'төньяк һинд', 'location': 'Moores Mill-дан | ерак жок'}"
test_256,Бу көйне Доротиның 80's party плейлистына өстә,AddToPlaylist,none,False,0.0,True,False,False,"{'music_item': 'көйне', 'reference': 'Доротиның', 'playlist': ""80's party""}",{}
test_257,Last FM-да Эдди Винсонның иң яңа көйен кабыз .,PlayMusic,SearchCreativeWork,False,0.8774,False,False,False,"{'service': 'Last FM-да', 'artist': 'Эдди Винсонның', 'sort': 'иң яңа', 'music_item': 'көйен'}","{'object_name': 'Эдди Винсон', 'object_type': 'музыкан', 'music_item': 'икән яңа көйен кабыз'}"
test_258,Небрасканың һава торышын тикшер .,weather/find,none,False,0.0,True,False,False,{'location': 'Небрасканың'},{}
test_259,NC-да хәзер буран бармы ?,weather/find,none,False,0.0,True,False,True,"{'location': 'NC-да', 'datetime': 'хәзер', 'condition_description': 'буран'}",{}
test_260,Мин 1998 елгы минионны тыңларга телим .,PlayMusic,none,False,0.0,True,False,False,"{'datetime': '1998', 'music_item': 'минионны'}",{}
test_261,Миңа Дипсон театрларында A Yiddish World Remembered өчен вакыт кирәк,SearchScreeningEvent,BookRestaurant,False,0.8716,False,False,False,"{'location': 'Дипсон театрларында', 'movie_name': 'A Yiddish World Remembered', 'object_type': 'вакыт'}","{'datetime': 'хакамickle', 'party_size_number': 'миңа', 'sort': 'Дипсон театрларында', 'restaurant_type': 'тиз ашамлыклар', 'cuisine': 'Йiddish', 'location': 'Дипсон театрларында'}"
test_262,Хәзерге дәреслеккә 6-дан 1 балл бир,RateBook,RateBook,True,0.8631,False,False,False,"{'object_select': 'Хәзерге', 'object_type': 'дәреслеккә', 'best_rating': '6-дан', 'rating_value': '1'}","{'object_name': 'дәреслек', 'object_type': 'кеше', 'rating_value': '1 балл', 'rating_unit': 'балл'}"
test_263,Мэтт Мерфиның көйен Flow Español плейлистына өстә.,AddToPlaylist,AddToPlaylist,True,0.8204,False,False,False,"{'artist': 'Мэтт Мерфиның', 'music_item': 'көйен', 'playlist': 'Flow Español'}","{'artist': 'MATT MERFIE', 'music_item': 'Flow Español playout', 'playlist': 'playlist name not provided'}"
test_264,Мин 3 кешегә 20/05/2025 Техас янындагы судан гастропабын броньларга телим .,BookRestaurant,BookRestaurant,True,0.8907,False,False,True,"{'party_size_number': '3', 'datetime': '20/05/2025', 'location': 'Техас | янындагы', 'cuisine': 'судан', 'restaurant_type': 'гастропабын'}","{'datetime': '20/05/2025', 'party_size_number': '3', 'cuisine': 'Техас янындагы', 'restaurant_type': 'гастропаб', 'location': 'Техас'}"
test_265,Син The Approach телесериал таба алмасыңмы,SearchCreativeWork,SearchCreativeWork,True,0.953,False,False,False,"{'object_name': 'The Approach', 'object_type': 'телесериал'}","{'object_name': 'The Approach', 'object_type': 'television series'}"
test_266,Бу хроникага 2 балл бир.,RateBook,BookRestaurant,False,0.729,False,False,True,"{'object_select': 'Бу', 'object_part_of_series_type': 'хроникага', 'rating_value': '2'}","{'datetime': 'хага', 'party_size_number': 'сигез', 'sort': 'югары', 'cuisine': 'төньяк һинд', 'location': 'Moores Mill-дан | ерак жок'}"
test_267,The American Scene-ка 6-дан 2 йолдыз бир,RateBook,none,False,0.0,True,False,False,"{'object_name': 'The American Scene-ка', 'best_rating': '6-дан', 'rating_value': '2', 'rating_unit': 'йолдыз'}",{}
test_268,Минем Nação Reggae плейлистына emilie autumn өстә.,AddToPlaylist,AddToPlaylist,True,0.848,False,False,False,"{'reference': 'Минем', 'playlist': 'Nação Reggae', 'artist': 'emilie autumn'}","{'artist': 'emilie autumn', 'music_item': 'Nação Reggae плейлистына', 'playlist': 'emilie autumn плейлисты', 'sort': 'топлакан'}"
test_269,Мин Гамбиядәге яһүд ресторанын броньларга телим .,BookRestaurant,BookRestaurant,True,0.6893,False,False,True,"{'location': 'Гамбиядәге', 'cuisine': 'яһүд', 'restaurant_type': 'ресторанын'}","{'datetime': 'телемакта', 'cuisine': 'яһүд', 'location': 'Гамбияда', 'party_size_number': 'сигез'}"
test_270,Fried chicken restaurant өстәленә заказ бир,BookRestaurant,AddToPlaylist,False,0.8273,False,False,True,{'restaurant_name': 'Fried chicken restaurant'},"{'artist': 'Fried chicken restaurant', 'service': 'Ordering', 'track': 'Order Fried Chicken'}"
test_271,минем House Afterwork плейлистымна we have a theme song өстә,AddToPlaylist,AddToPlaylist,True,0.8975,False,False,False,"{'reference': 'минем', 'playlist': 'House Afterwork', 'entity_name': 'we have a theme song'}","{'artist': 'House Afterwork', 'music_item': 'theme song', 'playlist': 'House Afterwork playout list', 'service': 'House Afterwork playout list'}"
test_272,2026 елның унтугызынчы октябрендә моннан ерак түгел нинди һава торышы булачак ?,weather/find,none,False,0.0,True,False,False,"{'datetime': '2026 елның унтугызынчы октябрендә', 'location': 'моннан | ерак түгел'}",{}
test_273,Уолденда һава торышы Россия 26/12/2018,weather/find,weather/find,True,0.9439,False,False,False,"{'location': 'Уолденда | Россия', 'datetime': '26/12/2018'}","{'datetime': '26/12/2018', 'location': 'Россия'}"
test_274,Мин каенана һәм миңа бер елдан соң Buckner ресторанны броньларга телим .,BookRestaurant,BookRestaurant,True,0.8677,False,False,True,"{'party_size_description': 'каенана һәм миңа', 'datetime': 'бер елдан соң', 'location': 'Buckner', 'restaurant_type': 'ресторанны'}","{'datetime': 'бер елдан соң', 'party_size_number': 'каенана һәм миңа', 'restaurant_name': 'Buckner ресторан', 'cuisine': 'төньяк һинд'}"
test_275,Бу китапка 1 балл бир,RateBook,RateBook,True,0.8956,False,False,False,"{'object_select': 'Бу', 'object_type': 'китапка', 'rating_value': '1'}","{'object_name': 'китап', 'rating_value': '1', 'rating_unit': 'бал'}"
test_276,бу башкаручыны минем spotlight on country 2016 плейлистына өстә,AddToPlaylist,AddToPlaylist,True,0.8424,False,False,False,"{'music_item': 'башкаручыны', 'reference': 'минем', 'playlist': 'spotlight on country 2016'}","{'artist': 'spotlight on country', 'service': '2016 playout', 'track': 'track name not provided', 'playlist': 'playlist name not provided'}"
test_277,Син Epic Conditions рәсемен таба алмасыңмы ?,SearchCreativeWork,none,False,0.0,True,False,False,"{'object_name': 'Epic Conditions', 'object_type': 'рәсемен'}",{}
test_278,Iheart-та rich sex уйна,PlayMusic,none,False,0.0,True,False,True,"{'service': 'Iheart-та', 'track': 'rich sex'}",{}
test_279,Bartok the Magnificent иртәнге җидедә башланачакмы ?,SearchScreeningEvent,SearchCreativeWork,False,0.9512,False,False,False,"{'movie_name': 'Bartok the Magnificent', 'datetime': 'иртәнге җидедә'}","{'object_name': 'Bartok the Magnificent', 'object_type': 'фильм'}"
test_280,Zvooq-да берәр нәрсә уйна,PlayMusic,none,False,0.0,True,False,False,{'service': 'Zvooq-да'},{}
test_281,Миңа Крис Найт музыкасын тыңларга бир,PlayMusic,AddToPlaylist,False,0.9523,False,False,False,{'artist': 'Крис Найт'},"{'artist': 'Крис Найт', 'music_item': 'музыка'}"
test_282,Джилл Собул альбомын кабыз,PlayMusic,none,False,0.0,True,False,True,"{'album': 'Джилл Собул', 'music_item': 'альбомын'}",{}
test_283,The Broken Window дүрт йолдыз бирегез,RateBook,none,False,0.6368,True,False,False,"{'object_name': 'The Broken Window', 'rating_value': 'дүрт', 'rating_unit': 'йолдыз'}",{}
test_284,Tatra-милли паркында иртәнге 6да һава торышын миңа әйт,weather/find,SearchCreativeWork,False,0.8763,False,False,False,"{'location': 'Tatra-милли паркында', 'datetime': 'иртәнге 6да'}","{'object_name': 'Tatra-milly park', 'object_type': 'park', 'weather/attribute': 'hurricane'}"
test_285,"Зинһар, миңа бистродагы өстәлне броньла, анда lorna doone хезмәт итәләр .",BookRestaurant,BookRestaurant,True,0.7753,False,False,True,"{'restaurant_type': 'бистродагы', 'served_dish': 'lorna doone'}","{'datetime': 'хаалындан өч йөз утыз өч көннән соң', 'party_size_number': 'сигез', 'sort': 'югары бөрт', 'restaurant_name': 'бистродагы', 'cuisine': 'лорана дөонен', 'location': 'бистродагы ресторан Moores Mill-дан | ерак жок'}"
test_286,The Mystery of the Tolling Bell сериалны 4 йолдызга бәялә .,RateBook,SearchCreativeWork,False,0.951,False,False,True,"{'object_name': 'The Mystery of the Tolling Bell', 'object_part_of_series_type': 'сериалны', 'rating_value': '4', 'rating_unit': 'йолдызга'}","{'object_name': 'The Mystery of the Tolling Bell', 'object_type': 'серия'}"
test_287,Музыка уйнау өчен Groove Shark куллан,PlayMusic,AddToPlaylist,False,0.8698,False,False,False,{'service': 'Groove Shark'},"{'artist': 'Groove Shark', 'music_item': 'музыка', 'playlist': 'уйнау', 'service': ' Groove Shark'}"
test_288,Якындагы кинотеатрда Snowbound күрсәтү графигын тикшер .,SearchScreeningEvent,SearchCreativeWork,False,0.9767,False,False,True,"{'location': 'Якындагы', 'object_location_type': 'кинотеатрда', 'movie_name': 'Snowbound'}","{'object_name': 'Snowbound', 'object_type': 'фильм'}"
test_289,"Зинһар, Zvooq ач",PlayMusic,none,False,0.0,True,False,False,{'service': 'Zvooq'},{}
test_290,1 кешегә урын Меритта Town of Ramsgate броньла,BookRestaurant,BookRestaurant,True,0.8942,False,False,True,"{'party_size_number': '1', 'location': 'Меритта', 'restaurant_name': 'Town of Ramsgate'}","{'datetime': '1 кешегә', 'party_size_number': '1 кешегә', 'restaurant_type': 'тиз ашамлыклар', 'location': 'Меритта Town of Ramsgate'}"
test_291,I Think I Do кичке 7-дә уйныймы ?,SearchScreeningEvent,none,False,0.0,True,False,False,"{'movie_name': 'I Think I Do', 'datetime': 'кичке 7-дә'}",{}
test_292,Custer National Forest кичке җидедә салкынрак булырмы,weather/find,SearchCreativeWork,False,0.8775,False,False,True,"{'location': 'Custer National Forest', 'datetime': 'кичке җидедә', 'condition_temperature': 'салкынрак'}","{'object_name': 'Custer National Forest', 'object_type': 'кечке җидедә салкынрак'}"
test_293,Мин Youtube-та берәр нәрсә тыңларга телим,PlayMusic,none,False,0.0,True,False,False,{'service': 'Youtube-та'},{}
test_294,Difficult Loves уенын эзлә,SearchCreativeWork,SearchCreativeWork,True,0.9384,False,False,False,"{'object_name': 'Difficult Loves', 'object_type': 'уенын'}","{'object_name': 'Difficult Loves уены', 'object_type': 'уен'}"
test_295,Нинди һава торышы 20 февральгә Bothe-Napa Valley дәүләт паркында ?,weather/find,weather/find,True,0.8968,False,False,False,"{'datetime': '20 февральгә', 'location': 'Bothe-Napa Valley дәүләт паркында'}","{'datetime': '20 февраль', 'location': 'Bothe-Napa Valley|\nДәүләт парк', 'weather/attribute': 'һава торышы'}"
test_296,миңа кинотеатр янындагы The Great Gildersleeve фильмы сессияләре расписаниесен күрсәт,SearchScreeningEvent,SearchCreativeWork,False,0.9724,False,False,True,"{'object_location_type': 'кинотеатр', 'movie_name': 'The Great Gildersleeve', 'object_type': 'расписаниесен'}","{'object_name': 'The Great Gildersleeve', 'object_type': 'фильм'}"
test_297,Миңа Гибслендта һава торышын әйт,weather/find,none,False,0.0,True,False,False,{'location': 'Гибслендта'},{}
test_298,Мин күршедәге кино графигын белә аламмы,SearchScreeningEvent,none,False,0.0,True,False,False,"{'location': 'күршедәге', 'movie_type': 'кино', 'object_type': 'графигын'}",{}
test_299,Soul Music-ка 0 балл бир .,RateBook,BookRestaurant,False,0.7981,False,False,False,"{'object_name': 'Soul Music-ка', 'rating_value': '0'}","{'datetime': 'сеялда', 'party_size_number': '0', 'sort': 'югары бее', 'restaurant_type': 'Soul Music', 'location': 'Moores Mill-дан | ерак жок'}"
test_300,Сарджентстада татар тавернасында биш кешегә өстәл заказ итегез,BookRestaurant,BookRestaurant,True,0.8705,False,False,True,"{'location': 'Сарджентстада', 'cuisine': 'татар', 'restaurant_type': 'тавернасында', 'party_size_number': 'биш'}","{'datetime': 'биш кешегә өстәл', 'party_size_number': 'биш кешегә', 'restaurant_type': 'татар тавернасын', 'location': 'татар тавернасында'}"
test_301,All Things Must Pass кабыз,PlayMusic,none,False,0.0,True,False,True,{'track': 'All Things Must Pass'},{}
test_302,Кореяда бер сәгатьтән соң нинди яңгыр фаразы булачак,weather/find,none,False,0.0,True,False,True,"{'location': 'Кореяда', 'datetime': 'бер сәгатьтән соң', 'condition_description': 'яңгыр'}",{}
test_303,Оклахомада South Street Diner-да 4 кешелек урын броньла,BookRestaurant,BookRestaurant,True,0.8677,False,False,True,"{'location': 'Оклахомада', 'restaurant_name': 'South Street Diner-да', 'party_size_number': '4'}","{'datetime': 'сигез', 'party_size_number': '4', 'restaurant_name': 'South Street Diner', 'location': 'Оклахомада', 'service': 'South Street Diner-да'}"
test_304,Netflix-тан музыканы уйнат .,PlayMusic,SearchCreativeWork,False,0.9187,False,False,False,{'service': 'Netflix-тан'},"{'object_name': 'Netflix-тан музыканы', 'object_type': 'музыкаль объект'}"
test_305,Мин Shattered Image-не күрергә телим .,SearchScreeningEvent,none,False,0.0,True,False,False,{'movie_name': 'Shattered Image-не'},{}
test_306,The Sound of One Hand Clapping-ны таб,SearchCreativeWork,none,False,0.0,True,False,False,{'object_name': 'The Sound of One Hand Clapping-ны'},{}
test_307,Wolves Within альбомын эзлә,SearchCreativeWork,BookAlbum,False,0.7155,False,False,False,"{'object_name': 'Wolves Within', 'object_type': 'альбомын'}","{'album_name': 'Wolves Within', 'artist': 'unknown artist', 'service': 'Spotify', 'genre': 'unknown genre', 'track': 'unknown track', 'playlist': 'unknown playlist', 'sort': 'unknown sort', 'reference': 'unknown reference'}"
test_308,берәр кинотеатрда We Are Northern Lights күрсәтеләрмә,SearchScreeningEvent,SearchCreativeWork,False,0.9706,False,False,True,"{'object_location_type': 'кинотеатрда', 'movie_name': 'We Are Northern Lights'}","{'object_name': 'We Are Northern Lights', 'object_type': 'фильм'}"
test_309,"Безнең кечкенә дөнья почмагы, Гилмор кыз музыкасы минем Иң көлкесе әйберләр футболда плейлистыма өстә.",AddToPlaylist,SearchCreativeWork,False,0.8594,False,False,False,"{'entity_name': 'Безнең кечкенә дөнья почмагы , Гилмор кыз музыкасы', 'reference': 'минем', 'playlist': 'Иң көлкесе әйберләр футболда'}","{'object_name': 'Иң', 'object_type': 'футбол', 'service': 'плейлистыма', 'sort': 'футболда плейлистыма'}"
test_310,Саутфорд Фолс дәүләт паркында эссе һава торышы фаразы нинди,weather/find,weather/find,True,0.8857,False,False,True,"{'location': 'Саутфорд Фолс дәүләт паркында', 'condition_temperature': 'эссе'}","{'location': 'Southford Falls State Park', 'weather/attribute': 'эске һава торышы фаразы'}"
test_311,"Зинһар, миӊа Гана парковкасы белән пиццерия өстәленә заказ бир .",BookRestaurant,AddToPlaylist,False,0.8194,False,False,True,"{'location': 'Гана', 'facility': 'парковкасы', 'restaurant_type': 'пиццерия'}","{'artist': 'Ghana parks', 'music_item': 'pizza', 'service': 'pizzeria', 'sort': 'order', 'playlist': 'custom playlist'}"
test_312,Мин җитмешенче еллар саундтрегын тыңларга телим .,PlayMusic,none,False,0.0,True,False,False,"{'datetime': 'җитмешенче', 'music_item': 'саундтрегын'}",{}
test_313,Ике сәгатьтән соң Үзбәкстанда һава торышы,weather/find,weather/find,True,0.9488,False,False,False,"{'datetime': 'Ике сәгатьтән соң', 'location': 'Үзбәкстанда'}","{'location': 'Үзбәкстан', 'weather/attribute': 'һава торышы'}"
test_314,"Зинһар, миңа Journal of the British Astronomical Association фильмын таб .",SearchCreativeWork,none,False,0.0,True,False,False,"{'object_name': 'Journal of the British Astronomical Association', 'object_type': 'фильмын'}",{}
test_315,"Уордвилл-да, Канзас-та 8 кешелек урын броньла",BookRestaurant,BookRestaurant,True,0.8421,False,False,False,"{'location': 'Уордвилл-да | Канзас-та', 'party_size_number': '8'}","{'datetime': 'хаалем', 'party_size_number': '8', 'location': 'Уордвилл-да, Канзас', 'restaurant_type': 'ресторан'}"
test_316,Нинди һава торышы моннан ерак булачак ?,weather/find,weather/find,True,0.8584,False,False,False,{'location': 'моннан | ерак'},"{'condition_description': 'сигез', 'location': 'Moores Mill-дан'}"
test_317,Ричард Макнамараның яңа җырын Just Smile плейлистыма өстә,AddToPlaylist,AddToPlaylist,True,0.9277,False,False,False,"{'artist': 'Ричард Макнамараның', 'music_item': 'җырын', 'playlist': 'Just Smile'}","{'artist': 'Ричард Макнамара', 'music_item': 'Just Smile', 'playlist': 'плейлистыма'}"
test_318,монда 1 секундтан соң никадәр салкын булыр,weather/find,PlayMusic,False,0.8875,False,False,True,"{'location': 'монда', 'datetime': '1 секундтан соң', 'condition_temperature': 'салкын'}","{'datetime': 'монда 1 секундтан соң', 'genre': 'салкын', 'track': 'никадәр'}"
test_319,With You исемле рәсем эзлә,SearchCreativeWork,BookRestaurant,False,0.8396,False,False,False,"{'object_name': 'With You', 'object_type': 'рәсем'}","{'datetime': 'хаалатын', 'party_size_number': 'сигез', 'sort': 'югары бэяләнү', 'restaurant_type': 'тиз ашамлыклар', 'cuisine': 'төньяк һинд', 'location': 'Moores Mill-дан | ерак жок'}"
test_320,Deadly Weapons иҗади эшен таб,SearchCreativeWork,none,False,0.0,True,False,False,{'object_name': 'Deadly Weapons'},{}
test_321,Ноябрьдә Брукнилда һава торышы нинди булыр ?,weather/find,none,False,0.0,True,False,False,"{'datetime': 'Ноябрьдә', 'location': 'Брукнилда'}",{}
test_322,Токмач өчен тавернада өстәл броньла,BookRestaurant,BookRestaurant,True,0.8112,False,False,True,"{'served_dish': 'Токмач', 'restaurant_type': 'тавернада'}","{'datetime': 'хакка', 'party_size_number': 'сигез', 'sort': 'югары берак', 'restaurant_type': 'таверна', 'location': 'хакка'}"
test_323,Коста-Рикада нинди һава торышы,weather/find,weather/find,True,0.9357,False,False,False,{'location': 'Коста - Рикада'},{'location': 'Коста-Рикада'}
test_324,The Two Gladiators уйнымы,SearchScreeningEvent,none,False,0.0,True,False,False,{'movie_name': 'The Two Gladiators'},{}
test_325,Star Theatres-да нинди фильмнар бар .,SearchScreeningEvent,SearchCreativeWork,False,0.9171,False,False,False,"{'location': 'Star Theatres-да', 'movie_type': 'фильмнар'}","{'object_name': 'Star Theatres', 'object_type': 'фильм'}"
test_326,Зинһар миңа Harry Hood сагасын таба аласызмы ?,SearchCreativeWork,none,False,0.0,True,False,False,"{'object_name': 'Harry Hood', 'object_type': 'сагасын'}",{}
test_327,бу көйне минем Sleepify плейлистыма өстә,AddToPlaylist,none,False,0.0,True,False,False,"{'music_item': 'көйне', 'reference': 'минем', 'playlist': 'Sleepify'}",{}
test_328,Any Which Way You Can 15 секундтан соң уйнаячакмы,SearchScreeningEvent,AddToPlaylist,False,0.9205,False,False,False,"{'movie_name': 'Any Which Way You Can', 'datetime': '15 секундтан соң'}","{'artist': 'Any Which Way You Can', 'datetime': '15 секундтан соң', 'sort': 'уйнаячакмы'}"
test_329,E-type музыкасын кабыз .,PlayMusic,PlayMusic,True,0.8302,False,False,False,{'artist': 'E-type'},"{'artist': 'kabız', 'music_item': 'E-type music', 'service': 'kabız'}"
test_330,Хәзерге китапка бер йолдыз куй,RateBook,AddToPlaylist,False,0.828,False,False,False,"{'object_select': 'Хәзерге', 'object_type': 'китапка', 'rating_value': 'бер'}","{'artist': 'булма', 'music_item': 'китап', 'service': 'булма', 'sort': 'булма', 'playlist': 'булма'}"
test_331,Louis Nelson Delisle-ның Another Passenger уйнат .,PlayMusic,BookRestaurant,False,0.862,False,False,True,"{'artist': 'Louis Nelson Delisle-ның', 'album': 'Another Passenger'}","{'datetime': 'хаалындан өч йөз утыз өч көннән соң', 'party_size_number': 'сигез', 'sort': 'югары-Bahn', 'restaurant_type': 'тиз ашамлыклар', 'cuisine': 'торик', 'location': 'Louis Nelson Delisle-ның Another Passenger-дан'}"
test_332,Кайда мин кино графигын таба алам,SearchScreeningEvent,none,False,0.0,True,False,False,{'object_type': 'кино графигын'},{}
test_333,Эмерадода Сен-Пьер һәм Микелонда 26 сентябрьгә нинди һава торышы,weather/find,none,False,0.0,True,False,False,"{'location': 'Эмерадода | Сен - Пьер һәм Микелонда', 'datetime': '26 сентябрьгә'}",{}
test_334,Ted Peters Famous Smoked Fish-та Окфилд янында 17 секундтансын ашарга барык,BookRestaurant,none,False,0.0,True,False,True,"{'restaurant_name': 'Ted Peters Famous Smoked Fish-та', 'location': 'Окфилд | янында', 'datetime': '17 секундтансын'}",{}
test_335,миңа Good Morning Sunshine трейлерын таб,SearchCreativeWork,none,False,0.0,True,False,False,"{'object_name': 'Good Morning Sunshine', 'object_type': 'трейлерын'}",{}
test_336,Мин Нидерланд Антиль утрауларында 3 кешегә сыра ресторанны броньларга телим .,BookRestaurant,BookRestaurant,True,0.8995,False,False,False,"{'location': 'Нидерланд Антиль утрауларында', 'party_size_number': '3', 'restaurant_type': 'сыра ресторанны'}","{'datetime': 'Урауларында 3 кешегә сыра ресторанны броньларга телим', 'cuisine': 'Нидерланд Антиль', 'location': 'Ураулар'}"
test_337,бу хәзерге альбомга 0 йолдыз куй,RateBook,AddToPlaylist,False,0.7924,False,False,False,"{'object_select': 'бу хәзерге', 'object_type': 'альбомга', 'rating_value': '0', 'rating_unit': 'йолдыз'}","{'artist': '0 belonging to album', 'music_item': '0 belonging to album', 'playlist': 'current playlist name', 'sort': 'None specified'}"
test_338,Монакода Yankee Doodle Coffee Ѕһор-та урын алырга теләр идем,BookRestaurant,BookRestaurant,True,0.8651,False,False,True,"{'location': 'Монакода', 'restaurant_name': 'Yankee Doodle Coffee Ѕһор-та'}","{'datetime': 'Монакода Yankee Doodle Coffee Ѕһор-та', 'party_size_number': 'сигез', 'sort': 'югары-Bahn', 'restaurant_type': 'ресторан', 'cuisine': 'Монакода Ѕһор-та', 'location': 'Монакода Yankee Doodle Coffee Ѕһор-та'}"
test_339,Political punks плейлистыма башкаручыны өстә.,AddToPlaylist,AddToPlaylist,True,0.7987,False,False,False,"{'playlist': 'Political punks', 'music_item': 'башкаручыны'}","{'artist': 'Political Punks', 'playlist': 'плейлистыма', 'service': 'билгелеген сервис'}"
test_340,Дүрт айдан соң Саванида AK-ында салкынрак булырмы,weather/find,BookRestaurant,False,0.9007,False,False,True,"{'datetime': 'Дүрт айдан соң', 'location': 'Саванида | AK-ында', 'condition_temperature': 'салкынрак'}","{'datetime': 'дүрт айдан соң', 'cuisine': 'салкынрак', 'restaurant_type': 'АК-ында', 'location': 'Саванида'}"
test_341,минем Crash Course плейлистыма Muzika za decu өстә,AddToPlaylist,AddToPlaylist,True,0.8201,False,False,False,"{'reference': 'минем', 'playlist': 'Crash Course', 'entity_name': 'Muzika za decu'}","{'artist': 'Crash Course', 'music_item': 'playlist', 'playlist': 'playlist', 'service': 'Crash Course', 'sort': 'playlist order', 'track': 'playlist item'}"
test_342,Molecular Oncology сагасын эзли аласынмы ?,SearchCreativeWork,none,False,0.0,True,False,False,"{'object_name': 'Molecular Oncology', 'object_type': 'сагасын'}",{}
test_343,Мин алты кешелек ресторанны Вагстаффта AK-да броньларга телим .,BookRestaurant,BookRestaurant,True,0.8779,False,False,False,"{'party_size_number': 'алты', 'restaurant_type': 'ресторанны', 'location': 'Вагстаффта | AK-да'}","{'datetime': 'алты кешелек ресторанны Вагстаффта AK-да броньларга телим', 'party_size_number': 'алты кешелек', 'cuisine': 'тез ашамлыклар', 'location': 'Вагстаффта AK-да'}"
test_344,Дэвид Линдлиның симфоник музыкасын уйнат .,PlayMusic,SearchCreativeWork,False,0.942,False,False,False,"{'artist': 'Дэвид Линдлиның', 'music_item': 'симфоник'}","{'object_name': 'Дэвид Линдли', 'object_type': 'музыкант'}"
test_345,"Зинһар, миңа Now We Are Married телесериалын таб .",SearchCreativeWork,none,False,0.0,True,False,False,"{'object_name': 'Now We Are Married', 'object_type': 'телесериалын'}",{}
test_346,Мин Outcast-ны карарга телим .,SearchScreeningEvent,none,False,0.0,True,False,False,{'movie_name': 'Outcast-ны'},{}
test_347,минем This Is Tchaikovsky плейлистыма хәзерге трекны өстә,AddToPlaylist,AddToPlaylist,True,0.848,False,False,False,"{'reference': 'минем', 'playlist': 'This Is Tchaikovsky', 'music_item': 'трекны'}","{'artist': 'Tchaikovsky', 'music_item': 'This Is Tchaikovsky', 'playlist': 'плейлистима'}"
test_348,Lastfm-да This Is: Miles Davis-ны кабыз .,PlayMusic,none,False,0.0,True,False,False,"{'service': 'Lastfm-да', 'playlist': 'This Is: Miles Davis-ны'}",{}
test_349,Танзаниядә кабымханәдә 5 кешегә иң яхшы өстәлне броньла,BookRestaurant,BookRestaurant,True,0.8094,False,False,False,"{'location': 'Танзаниядә', 'restaurant_type': 'кабымханәдә', 'party_size_number': '5', 'sort': 'иң яхшы'}","{'datetime': 'хаалият', 'party_size_number': '5', 'sort': 'яхьшы', 'cuisine': 'танзаниядә', 'restaurant_type': 'тез ашамлыклар'}"
test_350,Әйдә Vimeo-да яхшы элекке Mohammad Mamle тыңлыйк .,PlayMusic,none,False,0.0,True,False,False,"{'service': 'Vimeo-да', 'sort': 'элекке', 'artist': 'Mohammad Mamle'}",{}
test_351,Vandemataram Srinivas трегын HipHop Hot 50-гә куй.,AddToPlaylist,none,False,0.0,True,False,False,"{'artist': 'Vandemataram Srinivas', 'music_item': 'трегын', 'playlist': 'HipHop Hot 50-гә'}",{}
test_352,Миңа Secret South җырын таб .,SearchCreativeWork,SearchCreativeWork,True,0.9644,False,False,False,"{'object_name': 'Secret South', 'object_type': 'җырын'}","{'object_name': 'Secret South', 'object_type': 'фильм'}"
test_353,Zvooq-та туксанынчы еллар җырлары,PlayMusic,SearchCreativeWork,False,0.8612,False,False,False,"{'service': 'Zvooq-та', 'datetime': 'туксанынчы'}","{'object_name': 'Zvooq-ta tuqsa', 'object_type': 'el'}"
test_354,кичке биштән башлап Техаста Admire-да һава торышы нинди,weather/find,weather/find,True,0.9079,False,False,False,"{'datetime': 'кичке биштән', 'location': 'Техаста | Admire-да'}","{'location': 'Techast Admire-da', 'weather/attribute': 'һава торышы'}"
test_355,Last FM-да берәр нәрсә уйнат,PlayMusic,none,False,0.0,True,False,False,{'service': 'Last FM-да'},{}
test_356,Мин якындагы кинотеатрда The Portrait of a Lady карарга телим .,SearchScreeningEvent,SearchCreativeWork,False,0.9823,False,False,True,"{'location': 'якындагы', 'object_location_type': 'кинотеатрда', 'movie_name': 'The Portrait of a Lady'}","{'object_name': 'The Portrait of a Lady', 'object_type': 'фильм'}"
test_357,"Зинһар, миңа Phineas Redux таб .",SearchCreativeWork,none,False,0.0,True,False,False,{'object_name': 'Phineas Redux'},{}
test_358,Laundry плейлистына 40 cal көйен өстә.,AddToPlaylist,AddToPlaylist,True,0.8278,False,False,False,"{'playlist': 'Laundry', 'artist': '40 cal', 'music_item': 'көйен'}","{'artist': 'Laundry', 'music_item': '40 cal коомплект', 'playlist': '40 cal коомплект плейлист'}"
test_359,Itunes-ны ач һәм Ben Burnley Ready To Die-ны уйнат,PlayMusic,none,False,0.0,True,False,True,"{'service': 'Itunes-ны', 'artist': 'Ben Burnley', 'album': 'Ready To Die-ны'}",{}
test_360,5-енче декабрьдә Лихул һәйкәле янында нинди һава торышы булачак ?,weather/find,none,False,0.0,True,False,False,"{'datetime': '5-енче декабрьдә', 'location': 'Лихул һәйкәле'}",{}
test_361,Якындагы кинотеатрда Sexy Dance 2 расписаниесен күрсәт,SearchScreeningEvent,SearchCreativeWork,False,0.9826,False,False,True,"{'location': 'Якындагы', 'object_location_type': 'кинотеатрда', 'movie_name': 'Sexy Dance 2', 'object_type': 'расписаниесен'}","{'object_name': 'Sexy Dance 2', 'object_type': 'фильм'}"
test_362,Live at the Kings Center дип аталган җырны таб,SearchCreativeWork,SearchCreativeWork,True,0.8848,False,False,False,"{'object_name': 'Live at the Kings Center', 'object_type': 'җырны'}","{'object_name': 'Kings Center', 'object_type': 'җыр', 'service': 'live'}"
test_363,"Тайонкта , Нью-Джерсида нинди һава торышы",weather/find,none,False,0.0,True,False,False,{'location': 'Тайонкта | Нью - Джерсида'},{}
test_364,Мин биш кешелек өстәл Tupelo Honey Cafe-да Нью-Джерсида броньларга телим.,BookRestaurant,BookRestaurant,True,0.89,False,False,True,"{'party_size_number': 'биш', 'restaurant_name': 'Tupelo Honey Cafe-да', 'location': 'Нью - Джерсида'}","{'datetime': 'биш кешелек өстәл Tupelo Honey Cafe-да Нью-Джерсида броньларга', 'restaurant_name': 'Tupelo Honey Cafe', 'location': 'New Jersey'}"
test_365,чәй йорта миӊа һәм минем cеңелләремә урын броньла,BookRestaurant,BookRestaurant,True,0.8413,False,False,True,"{'restaurant_type': 'чәй йорта', 'party_size_description': 'миӊа һәм минем cеңелләремә'}","{'datetime': 'чәй йорта миӊа һәм минем cеңелләремә', 'party_size_number': 'сигез', 'sort': 'югары-Bahn', 'cuisine': 'ценелләремә', 'location': 'броньла'}"
test_366,16 февральдә Нидерландта эссе булачакмы ?,weather/find,none,False,0.0,True,False,True,"{'datetime': '16 февральдә', 'location': 'Нидерландта', 'condition_temperature': 'эссе'}",{}
test_367,Мин jordan rudess-ны Divertido para niños плейлистына өстәргә телим.,AddToPlaylist,none,False,0.0,True,False,False,"{'artist': 'jordan rudess-ны', 'playlist': 'Divertido para niños'}",{}
test_368,In the Company of Cheerful Ladies-ка 6-дан нуль куй,RateBook,none,False,0.0,True,False,False,"{'object_name': 'In the Company of Cheerful Ladies-ка', 'best_rating': '6-дан', 'rating_value': 'нуль'}",{}
test_369,Миңа иң яхшы бистрода өстәл броньла,BookRestaurant,BookRestaurant,True,0.8168,False,False,False,"{'sort': 'иң яхшы', 'restaurant_type': 'бистрода'}","{'datetime': 'миңа эң яхшы бистрода өстәл броньла', 'party_size_number': 'миңа', 'sort': 'миңа', 'restaurant_type': 'тиз ашамлыклар'}"
test_370,Хәзерге дәреслеккә 6-дан 1 куй,RateBook,BookRestaurant,False,0.9089,False,False,False,"{'object_select': 'Хәзерге', 'object_type': 'дәреслеккә', 'best_rating': '6-дан', 'rating_value': '1'}","{'datetime': '6-дан 1 куй', 'party_size_number': '6-дан 1 куй', 'sort': 'югары-Bahn', 'restaurant_type': 'тиз ашамлыклар', 'cuisine': 'төньяк һинд', 'location': 'Moores Mill-дан | ерак жок'}"
test_371,кино вакытлары кайчан,SearchScreeningEvent,none,False,0.0,True,False,False,{'object_type': 'кино вакытлары'},{}
test_372,Огайода нинди hава торышы булачак ?,weather/find,none,False,0.0,True,False,False,{'location': 'Огайода'},{}
test_373,Бу артистны Showstopper Being Mary Jane плейлистына өстә,AddToPlaylist,AddToPlaylist,True,0.662,False,False,False,"{'music_item': 'артистны', 'playlist': 'Showstopper Being Mary Jane'}",{'artist': 'Showstopper Being Mary Jane'}
test_374,Балаларыма һәм миңа броньла,BookRestaurant,none,False,0.0,True,False,True,{'party_size_description': 'Балаларыма һәм миңа'},{}
test_375,2035 елның 21 августында Сарыкамыш тыюлыгыда нинди һава торышы булачак ?,weather/find,none,False,0.0,True,False,False,"{'datetime': '2035 елның 21 августында', 'location': 'Сарыкамыш тыюлыгыда'}",{}
test_376,Руфь китапка 6-дан биш балл бир .,RateBook,RateBook,True,0.9388,False,False,False,"{'object_name': 'Руфь китапка', 'best_rating': '6-дан', 'rating_value': 'биш', 'rating_unit': 'балл'}","{'object_name': 'Руфь', 'object_type': 'китап', 'rating_value': '6', 'rating_unit': 'балл'}"
test_377,Reminiscences of the Anti-Japanese Guerillas хроникасы 6-дан ноль балл рейтинг лаек.,RateBook,SearchCreativeWork,False,0.8849,False,False,True,"{'object_name': 'Reminiscences of the Anti-Japanese Guerillas', 'object_part_of_series_type': 'хроникасы', 'best_rating': '6-дан', 'rating_value': 'ноль', 'rating_unit': 'балл'}","{'object_name': 'Anti-Japanese Guerillas', 'object_type': 'кроника', 'object_part_of_series_type': '6-дан ноль балл рейтинг'}"
test_378,Миңа Көньяк Театрларындагы кино графикларын күрсәт,SearchScreeningEvent,SearchCreativeWork,False,0.8792,False,False,False,"{'location': 'Көньяк Театрларындагы', 'object_type': 'кино графикларын'}","{'object_name': 'Көньяк Театрларындагы кино графикалары', 'object_type': 'фильмлар'}"
test_379,Якындагы кинотеатрда кино графикларын таб,SearchScreeningEvent,SearchCreativeWork,False,0.9053,False,False,False,"{'location': 'Якындагы кинотеатрда', 'object_type': 'кино графикларын'}","{'object_name': 'кинотеатр', 'object_type': 'кинотеатр'}"
test_380,Бу альбом Испан ритмнар плейлистына өстә,AddToPlaylist,AddToPlaylist,True,0.9285,False,False,False,"{'music_item': 'альбом', 'playlist': 'Испан ритмнар'}","{'artist': 'Испан ритмнар', 'music_item': 'альбом', 'playlist': 'плейлист'}"
test_381,6 кешегә креол тавернасында Черногориядә броньла,BookRestaurant,BookRestaurant,True,0.8932,False,False,True,"{'party_size_number': '6', 'cuisine': 'креол', 'restaurant_type': 'тавернасында', 'location': 'Черногориядә'}","{'datetime': '6 кешегә', 'party_size_number': 'креол тавернасында', 'cuisine': 'Черногория', 'location': 'таверна', 'restaurant_type': 'креол'}"
test_382,Cathedral сериясенә дүрт йолдыз бир .,RateBook,SearchCreativeWork,False,0.8511,False,False,True,"{'object_name': 'Cathedral', 'object_part_of_series_type': 'сериясенә', 'rating_value': 'дүрт', 'rating_unit': 'йолдыз'}","{'object_name': 'Cathedral', 'object_type': 'serie', 'object_select': 'директ', 'object_location_type': 'йолдыз'}"
test_383,The Famous Flower of Serving-Men минем кичке акустика плейлистымна өстә.,AddToPlaylist,AddToPlaylist,True,0.8724,False,False,False,"{'entity_name': 'The Famous Flower of Serving-Men', 'reference': 'минем', 'playlist': 'кичке акустика'}","{'artist': 'The Famous Flower of Serving-Men', 'music_item': 'кустик плейлист', 'playlist': 'кустик плейлист'}"
test_384,Миңа ArcLight Hollywood кинотеатырында анимацион фильмнарга гына расписаниесене күрсәт,SearchScreeningEvent,SearchCreativeWork,False,0.8824,False,False,False,"{'location': 'ArcLight Hollywood кинотеатырында', 'movie_type': 'анимацион фильмнарга', 'object_type': 'расписаниесене'}","{'object_name': 'анимацион фильмнар', 'object_type': 'кинотеатыр', 'service': 'гына расписаниесе'}"
test_385,"Зинһар, Йолдызлы төн рәсемне таб .",SearchCreativeWork,SearchCreativeWork,True,0.8955,False,False,False,"{'object_name': 'Йолдызлы төн', 'object_type': 'рәсемне'}","{'object_name': 'төн', 'object_type': 'рәсем'}"
test_386,Бу урында 15:19:29 дымлылык нинди булачак ?,weather/find,none,False,0.0,True,False,True,"{'location': 'Бу урында', 'datetime': '15:19:29', 'condition_description': 'дымлылык'}",{}
test_387,мин JLA Adventures: Trapped In Time-ны карарга телим,SearchScreeningEvent,none,False,0.0,True,False,False,{'movie_name': 'JLA Adventures: Trapped In Time-ны'},{}
test_388,This Is Johnny Cash-ка дерек уоткинсныӊ көйен өстә,AddToPlaylist,SearchCreativeWork,False,0.9157,False,False,False,"{'playlist': 'This Is Johnny Cash-ка', 'artist': 'дерек уоткинсныӊ', 'music_item': 'көйен'}","{'object_name': 'Johnny Cash', 'object_type': 'музыкан'}"
test_389,Fire in the Hole дип аталган иҗади эш таб,SearchCreativeWork,none,False,0.0,True,False,False,{'object_name': 'Fire in the Hole'},{}
test_390,пэтныӊ колледж янында өстәлне броньла,BookRestaurant,BookRestaurant,True,0.8864,False,False,False,{'location': 'пэтныӊ колледж | янында'},"{'datetime': 'колледж янында', 'party_size_number': 'пэтныӊ', 'sort': 'өстәлне', 'restaurant_type': 'тиз ашамлыклар', 'cuisine': 'төньяк һинд', 'location': 'Moores Mill-дан'}"
test_391,Patrick Still Lives AMC кинотеатрларында барамы,SearchScreeningEvent,BookRestaurant,False,0.799,False,False,False,"{'movie_name': 'Patrick Still Lives', 'location': 'AMC кинотеатрларында'}","{'datetime': 'хаалият', 'party_size_number': 'барамы', 'restaurant_type': 'ресторан', 'cuisine': 'атамак', 'location': 'Patrick Still Lives AMC кинотеатрларында'}"
test_392,Мин спа массажын броньларга телим .,BookRestaurant,BookRestaurant,True,0.8262,False,False,True,"{'facility': 'спа', 'restaurant_type': 'массажын'}","{'datetime': 'спа массажын броньларга телим', 'cuisine': 'спа массажын', 'location': 'туз телим'}"
test_393,14 сәгатьтән соң берәр җирдә Кварривиллда өстәл кирәк,BookRestaurant,BookRestaurant,True,0.8935,False,False,False,"{'datetime': '14 сәгатьтән соң', 'location': 'Кварривиллда'}","{'datetime': '14 сәгатьтан соң', 'location': 'Кварривилл', 'party_size_number': 'берәр', 'sort': 'өстәл', 'restaurant_type': 'тиз ашамлыклар'}"
test_394,Гари Ли Коннерны уйнат,PlayMusic,none,False,0.0,True,False,False,{'artist': 'Гари Ли Коннерны'},{}
test_395,иң якын кинотеатрны кайда Boycott-ны күрсәтәләр күрсәт,SearchScreeningEvent,SearchCreativeWork,False,0.9232,False,False,True,"{'location': 'иң якын', 'object_location_type': 'кинотеатрны', 'movie_name': 'Boycott-ны'}","{'object_name': 'кинотеатр', 'object_type': 'кинотеатр'}"
test_396,"Зинһар, минем ecstatic плейлистны кабыз.",PlayMusic,none,False,0.0,True,False,False,{'playlist': 'ecstatic'},{}
test_397,"Зинһар, The Mad Magician җырын таб .",SearchCreativeWork,none,False,0.0,True,False,False,"{'object_name': 'The Mad Magician', 'object_type': 'җырын'}",{}
test_398,Bow Tie Cinemas-ның расписаниесен тикшер .,SearchScreeningEvent,SearchScreeningEvent,True,0.6535,False,False,False,"{'location': 'Bow Tie Cinemas-ның', 'object_type': 'расписаниесен'}","{'datetime': 'хәрби', 'location': 'Bow Tie Cinemas', 'object_name': 'плэйлист'}"
test_399,Миңа Төньяк Мариан утрауларындагы пабта кичәгә 3 кешелек өстәл броньла,BookRestaurant,BookRestaurant,True,0.8461,False,False,False,"{'location': 'Төньяк Мариан утрауларындагы', 'restaurant_type': 'пабта', 'party_size_number': '3'}","{'datetime': 'Төньяк Мариан утрауларындагы пабта | 3 кешелек өстәл броньла', 'party_size_number': 'сигез', 'sort': 'югары бөрнек', 'cuisine': 'Төньяк Мариан', 'location': 'Төньяк Мариан утрауларындагы пабта'}"
test_400,Миңа Infinite Indie Folk исемлеккә Rahim Shah-ның әсәрләрен өстәргә кирәк,AddToPlaylist,SearchCreativeWork,False,0.9009,False,False,False,"{'playlist': 'Infinite Indie Folk', 'artist': 'Rahim Shah-ның'}","{'object_name': 'Infinite Indie Folk', 'object_type': 'эшәр', 'reference': 'Rahim Shah'}"
test_401,Минем Te quiero плейлистыма Кече Джерри Каллистны өстә.,AddToPlaylist,AddToPlaylist,True,0.8445,False,False,False,"{'reference': 'Минем', 'playlist': 'Te quiero', 'artist': 'Кече Джерри Каллистны'}","{'artist': 'Кече Джерри Каллист', 'playlist': 'минимем плейлисти', 'music_item': 'минимем трек'}"
test_402,Юта янында төнге 3 сәгать тирәсендә никадәр салкынрак булачак ?,weather/find,none,False,0.0,True,False,True,"{'location': 'Юта | янында', 'datetime': 'төнге 3 сәгать', 'condition_temperature': 'салкынрак'}",{}
test_403,Альбомны Hipster Soul плейлистына өстә.,AddToPlaylist,AddToPlaylist,True,0.761,False,False,False,"{'music_item': 'Альбомны', 'playlist': 'Hipster Soul'}","{'artist': 'Hipster Soul', 'playlist': 'Альбомны плейлист'}"
test_404,"Мин унөч сәгатьтән соң деликатес ресторанында ашарга телим, анда көнчыгыш европа ризыклары сатыла",BookRestaurant,BookRestaurant,True,0.8656,False,False,True,"{'datetime': 'унөч сәгатьтән соң', 'restaurant_type': 'деликатес ресторанында', 'cuisine': 'көнчыгыш европа'}","{'datetime': 'унөч сати', 'party_size_number': 'сигез', 'sort': 'деликатес', 'cuisine': 'туз ашамлыклар', 'location': 'Европа ризыклары сатыла'}"
test_405,алтмышынчы еллар саундтрегын кабыз,PlayMusic,none,False,0.0,True,False,False,"{'datetime': 'алтмышынчы еллар', 'music_item': 'саундтрегын'}",{}
test_406,Бу альбомга бер йолдыз бир,RateBook,none,False,0.0,True,False,False,"{'object_select': 'Бу', 'object_type': 'альбомга', 'rating_value': 'бер', 'rating_unit': 'йолдыз'}",{}
test_407,Bryan Macleanның иң олуг музыкасын кабыз .,PlayMusic,none,False,0.0,True,False,False,"{'artist': 'Bryan Macleanның', 'sort': 'иң олуг'}",{}
test_408,Nicodemus-та һәм аның тирәсендәге һава торышы нинди,weather/find,none,False,0.0,True,False,False,{'location': 'Nicodemus-та | аның тирәсендәге'},{}
test_409,Phinally Phamous дип аталган уен эзлә,SearchCreativeWork,SearchCreativeWork,True,0.9834,False,False,False,"{'object_name': 'Phinally Phamous', 'object_type': 'уен'}","{'object_name': 'Phinally Famous', 'object_type': 'уен'}"
test_410,Juneteenth-га 2 балл куй .,RateBook,BookRestaurant,False,0.8988,False,False,False,"{'object_name': 'Juneteenth-га', 'rating_value': '2'}","{'datetime': 'Juneteenth-га 2 балл куй', 'party_size_number': 'сигез', 'sort': 'югары-Bahn', 'restaurant_type': 'тиз ашамлыклар', 'cuisine': 'төньяк һинд', 'location': 'Moores Mill-дан | ерак жок'}"
test_411,Rhialto the Marvellous-га нуль йолдыз бир,RateBook,BookRestaurant,False,0.9276,False,False,False,"{'object_name': 'Rhialto the Marvellous-га', 'rating_value': 'нуль', 'rating_unit': 'йолдыз'}","{'datetime': 'нуль', 'party_size_number': 'нуль', 'sort': 'нуль', 'restaurant_type': 'нуль', 'cuisine': 'нуль', 'location': 'нуль'}"
test_412,Мин Хелена Ирен Михаэльсенның Youtube-та саундтрегын ишетергә телим,PlayMusic,none,False,0.0,True,False,False,"{'artist': 'Мин Хелена Ирен', 'service': 'Youtube-та', 'music_item': 'саундтрегын'}",{}
test_413,5 кешегә 20/01/2023 MH-да өстәл броньла,BookRestaurant,BookRestaurant,True,0.9444,False,False,False,"{'party_size_number': '5', 'datetime': '20/01/2023', 'location': 'MH-да'}","{'datetime': '20/01/2023', 'party_size_number': '5', 'location': 'MH-да', 'restaurant_type': 'тиз ашамлыклар'}"
test_414,якындагы анимация фильмнары сессияләре расписаниесе,SearchScreeningEvent,SearchCreativeWork,False,0.8775,False,False,False,"{'location': 'якындагы', 'movie_type': 'анимация фильмнары', 'object_type': 'сессияләре расписаниесе'}","{'object_name': 'анимация фильм', 'object_type': 'сессия'}"
test_415,Минем This Is Shakira плейлистымна jack white-ны өстә,AddToPlaylist,AddToPlaylist,True,0.8961,False,False,False,"{'reference': 'Минем', 'playlist': 'This Is Shakira', 'artist': 'jack white-ны'}","{'artist': 'Shakira', 'music_item': 'jack white', 'playlist': 'My playlist'}"
test_416,Мин Шри-Ланкада биш кешегә ресторан броньларга телим .,BookRestaurant,BookRestaurant,True,0.7708,False,False,False,"{'location': 'Шри-Ланкада', 'party_size_number': 'биш', 'restaurant_type': 'ресторан'}","{'datetime': 'биш кешегә бронь', 'party_size_number': 'биш кешегә', 'cuisine': 'ширан', 'location': 'Шри-Ланка'}"
test_417,"Зинһар, Episodi di The Blacklist телевизион тапшыруын таб .",SearchCreativeWork,none,False,0.0,True,False,False,"{'object_name': 'Episodi di The Blacklist', 'object_type': 'телевизион тапшыруын'}",{}
test_418,монда Law Day-нән башлап салкын һава торышы нинди,weather/find,weather/find,True,0.8605,False,False,True,"{'location': 'монда', 'datetime': 'Law Day-нән', 'condition_temperature': 'салкын'}","{'datetime': 'Law Day-нән日起с', 'location': 'Moores Mill-дан', 'weather/attribute': 'салкын'}"
test_419,Мин ун кешелек өстәленә ресторанда заказ бирергә телим.,BookRestaurant,AddToPlaylist,False,0.8236,False,False,False,"{'party_size_number': 'ун', 'restaurant_type': 'ресторанда'}","{'artist': 'мин', 'service': 'ресторан', 'track': 'заказ бирергә телим'}"
test_420,Җитмешенче еллардагы Дюк Эллингтоннан берәр нәрсә уйна,PlayMusic,none,False,0.0,True,False,False,"{'datetime': 'Җитмешенче', 'artist': 'Дюк Эллингтоннан'}",{}
test_421,Cotton Comes to Harlem-ны 2-гә бәялә,RateBook,none,False,0.0,True,False,False,"{'object_name': 'Cotton Comes to Harlem-ны', 'rating_value': '2-гә'}",{}
test_422,Җырны минем madden nfl 16 плейлистымна өстә,AddToPlaylist,AddToPlaylist,True,0.6875,False,False,False,"{'reference': 'минем', 'playlist': 'madden nfl 16', 'music_item': 'плейлистымна'}","{'entity_name': 'madden nfl 16', 'playlist': 'PlaylistName'}"
test_423,Toyan-ны минем Epic Gaming плейлистымна өстә.,AddToPlaylist,AddToPlaylist,True,0.9004,False,False,False,"{'artist': 'Toyan-ны', 'reference': 'минем', 'playlist': 'Epic Gaming'}","{'artist': 'Toyan', 'music_item': 'Epic Gaming playout list', 'playlist': 'Epic Gaming playout list'}"
test_424,Slacker-да ниндидер яңа Les Vandyke уйнат,PlayMusic,SearchCreativeWork,False,0.9473,False,False,False,"{'service': 'Slacker-да', 'sort': 'яңа', 'artist': 'Les Vandyke'}","{'object_name': 'Les Vandyke', 'object_type': 'фильм'}"
test_425,Three Junes-га 6-дан берге бәялә,RateBook,BookRestaurant,False,0.9133,False,False,False,"{'object_name': 'Three Junes-га', 'best_rating': '6-дан', 'rating_value': 'берге'}","{'datetime': 'Three Junes-га 6-дан берге', 'party_size_number': 'сигез', 'sort': 'югары-Bahn', 'restaurant_type': 'тиз ашамлыклар', 'cuisine': 'төньяк һинд', 'location': 'Moores Mill-дан | ерак түгел'}"
test_426,Nunez пекарнясында тугыз кешегә өстәл заказ ит,BookRestaurant,AddToPlaylist,False,0.9042,False,False,False,"{'location': 'Nunez', 'restaurant_type': 'пекарнясында', 'party_size_number': 'тугыз'}","{'artist': 'Nunez', 'service': 'пекарня', 'track': 'тугыз кешегә өстәл заказ'}"
test_427,Бу агымдагы романны 6-дан икеге бәялә .,RateBook,BookRestaurant,False,0.8803,False,False,False,"{'object_select': 'Бу агымдагы', 'object_type': 'романны', 'best_rating': '6-дан', 'rating_value': 'икеге'}","{'datetime': 'сеок', 'party_size_number': '6', 'sort': 'икеге', 'restaurant_type': 'тиз ашамлыклар', 'cuisine': 'төньяк һинд', 'location': 'Moores Mill-дан | ерак түгел'}"
test_428,Ронни Вудның The Happy Blues-ны уйнат .,PlayMusic,none,False,0.0,True,False,True,"{'artist': 'Ронни Вудның', 'album': 'The Happy Blues-ны'}",{}
test_429,2013 елгы симфонияне уйнат .,PlayMusic,SearchCreativeWork,False,0.9359,False,False,False,"{'datetime': '2013 елгы', 'music_item': 'симфонияне'}","{'object_name': '2013 елгы симфония', 'object_type': 'фильм'}"
test_430,Jennifer Paull-ның Subconscious Lobotomy-ны уйнат .,PlayMusic,none,False,0.0,True,False,True,"{'artist': 'Jennifer Paull-ның', 'album': 'Subconscious Lobotomy-ны'}",{}
test_431,The Crystal Snare-га 5 йолдыз бир,RateBook,SearchCreativeWork,False,0.9279,False,False,False,"{'object_name': 'The Crystal Snare-га', 'rating_value': '5', 'rating_unit': 'йолдыз'}","{'object_name': 'The Crystal Snare', 'object_type': 'фильм'}"
test_432,Бу дәреслеккә нуль йолдыз куй,RateBook,BookRestaurant,False,0.8689,False,False,False,"{'object_select': 'Бу', 'object_type': 'дәреслеккә', 'rating_value': 'нуль', 'rating_unit': 'йолдыз'}","{'datetime': 'нуль йолдыз', 'party_size_number': 'нуль', 'sort': 'югары бэяләнү', 'restaurant_type': 'тиз ашамлыклар', 'cuisine': 'төньяк һинд', 'location': 'Moores Mill-дан | ерак жок'}"
test_433,Агымдагы серияне 4 баллга бәялә,RateBook,BookRestaurant,False,0.8882,False,False,True,"{'object_select': 'Агымдагы', 'object_part_of_series_type': 'серияне', 'rating_value': '4', 'rating_unit': 'баллга'}","{'datetime': 'хага', 'party_size_number': 'сигез', 'sort': 'югары бэйл', 'restaurant_type': 'тиз ашамлыклар', 'cuisine': 'төньяк һинд', 'location': 'Moores Mill-дан | ерак түгел', 'rating_value': '4', 'rating_unit': 'балл'}"
test_434,Мин Urbank California-да James D. Conrey House-да өстәл телим,BookRestaurant,none,False,0.0,True,False,True,"{'location': 'Urbank | California-да', 'restaurant_name': 'James D. Conrey House-да'}",{}
test_435,Babar: King of the Elephants уйнымы,SearchScreeningEvent,none,False,0.0,True,False,False,{'movie_name': 'Babar: King of the Elephants'},{}
test_436,this is racionais mc's-га җырны өстә,AddToPlaylist,none,False,0.0,True,False,False,"{'playlist': ""this is racionais mc's-га"", 'music_item': 'җырны'}",{}
test_437,Хәзерге эссега 6-дан нуль йолдыз куй,RateBook,none,False,0.0,True,False,False,"{'object_select': 'Хәзерге', 'object_type': 'эссега', 'best_rating': '6-дан', 'rating_value': 'нуль', 'rating_unit': 'йолдыз'}",{}
test_438,Әйдә Эндрю Хьюиттан берәр нәрсә тыңлыйк .,PlayMusic,none,False,0.0,True,False,False,{'artist': 'Эндрю Хьюиттан'},{}
test_439,Якында анимация фильмнарын таб,SearchScreeningEvent,none,False,0.0,True,False,False,"{'location': 'Якында', 'movie_type': 'анимация фильмнарын'}",{}
test_440,хәзерге хроникага 6-дан биш балл бир,RateBook,BookRestaurant,False,0.915,False,False,True,"{'object_select': 'хәзерге', 'object_part_of_series_type': 'хроникага', 'best_rating': '6-дан', 'rating_value': 'биш', 'rating_unit': 'балл'}","{'datetime': 'хроникага 6-дан биш балл бир', 'party_size_number': 'сигез', 'sort': 'югарыबेяләнген', 'restaurant_type': 'тиз ашамлыклар', 'cuisine': 'төньяк һинд', 'location': 'Moores Mill-дан | ерак жок'}"
test_441,Миңа Settha Palace Hotel-да Saint Helena-да 4 кешелек өстәл кирәк,BookRestaurant,BookRestaurant,True,0.8865,False,False,True,"{'restaurant_name': 'Settha Palace Hotel-да', 'location': 'Saint Helena-да', 'party_size_number': '4 кешелек'}","{'datetime': '4 кешелек өстәл', 'party_size_number': '1', 'sort': 'Settha Palace Hotel-да Saint Helena-да', 'location': 'Settha Palace Hotel-да Saint Helena-да'}"
test_442,Изге Патрик көнендә Вирджинияда һава торышы нинди булыр ?,weather/find,none,False,0.0,True,False,False,"{'datetime': 'Изге Патрик көнендә', 'location': 'Вирджинияда'}",{}
test_443,Миңа Speakeasy Theaters киноның вакыт исемлеге кирәк,SearchScreeningEvent,BookRestaurant,False,0.8424,False,False,False,"{'location': 'Speakeasy Theaters', 'object_type': 'киноның вакыт'}","{'datetime': 'хакка', 'party_size_number': 'сигез', 'sort': 'югарыबेяләнген', 'restaurant_type': 'тиз ашамлыклар', 'cuisine': 'төньяк һинд', 'location': 'Speakeasy Theaters', 'reference': 'киноның вакыт исемлеге'}"
test_444,Meet the Prince телевизион тапшыруын эзлә,SearchCreativeWork,SearchCreativeWork,True,0.9569,False,False,False,"{'object_name': 'Meet the Prince', 'object_type': 'телевизион тапшыруын'}","{'object_name': 'Meet the Prince', 'object_type': 'телевизион тапшыру'}"
test_445,"Зинһар, миңа Compulsive Disclosure җырын бир .",SearchCreativeWork,none,False,0.0,True,False,False,"{'object_name': 'Compulsive Disclosure', 'object_type': 'җырын'}",{}
test_446,Zvooq-та Trance Life-ны уйнат .,PlayMusic,SearchCreativeWork,False,0.9603,False,False,False,"{'service': 'Zvooq-та', 'playlist': 'Trance Life-ны'}","{'object_name': 'Trance Life', 'object_type': 'фильм'}"
test_447,"Зинһар, миңа Serious Awesomeness ! эшен таб.",SearchCreativeWork,none,False,0.0,True,False,False,{'object_name': 'Serious Awesomeness'},{}
test_448,мин кинотеатрда I Dream of Jeanie-ны карарга телим,SearchScreeningEvent,SearchCreativeWork,False,0.9776,False,False,True,"{'object_location_type': 'кинотеатрда', 'movie_name': 'I Dream of Jeanie-ны'}","{'object_name': 'I Dream of Jeanie', 'object_type': 'фильм'}"
test_449,Пол Маккартни уйнат,PlayMusic,none,False,0.0,True,False,False,{'artist': 'Пол Маккартни'},{}
test_450,Хәзерге романны 3 йолдызга бәялә,RateBook,BookRestaurant,False,0.8598,False,False,False,"{'object_select': 'Хәзерге', 'object_type': 'романны', 'rating_value': '3', 'rating_unit': 'йолдызга'}","{'datetime': 'хәзерге романны 3 йолдызга', 'cuisine': 'ронан', 'restaurant_type': 'тиз ашамлыклар'}"
test_451,Paris - When It Sizzles китабын таба аласызмы ?,SearchCreativeWork,SearchCreativeWork,True,0.9506,False,False,False,"{'object_name': 'Paris - When It Sizzles', 'object_type': 'китабын'}","{'object_name': 'Paris - When It Sizzles', 'object_type': 'китаб'}"
test_452,Филипп Киркоровның җитмешенче еллар пьесасын уйнат,PlayMusic,none,False,0.0,True,False,False,"{'artist': 'Филипп Киркоровның', 'datetime': 'җитмешенче'}",{}
test_453,Киләсе елда мин Пенни янындагы bougatsa ресторанын өч кешегә броньларга телим.,BookRestaurant,BookRestaurant,True,0.8543,False,False,True,"{'datetime': 'Киләсе елда', 'location': 'Пенни | янындагы', 'cuisine': 'bougatsa', 'restaurant_type': 'ресторанын', 'party_size_number': 'өч'}","{'datetime': 'елда мин Пенни янындагы bougatsa ресторанын өч кешегә броньларга', 'cuisine': 'бугатса', 'location': 'Пенни янындагы'}"
test_454,Тенинода яңгырлар булырмы ?,weather/find,weather/find,True,0.9245,False,False,True,"{'location': 'Тенинода', 'condition_description': 'яңгырлар'}","{'condition_description': 'яңгырлар', 'location': 'Тенинода'}"
test_455,"Зинһар, Three Essays on the Theory of Sexuality шоусын эзлә .",SearchCreativeWork,none,False,0.0,True,False,False,"{'object_name': 'Three Essays on the Theory of Sexuality', 'object_type': 'шоусын'}",{}
test_456,Мин Рамонда ашарга телим,BookRestaurant,none,False,0.0,True,False,False,{'location': 'Рамонда'},{}
test_457,Emo Forever плейлистына boy george трегын өстә.,AddToPlaylist,AddToPlaylist,True,0.8854,False,False,False,"{'playlist': 'Emo Forever', 'artist': 'boy george', 'music_item': 'трегын'}","{'artist': 'boy george', 'music_item': 'trgyn', 'playlist': 'Emo Forever playoutlist'}"
test_458,Vimy Ridge-да стейк-хаус заказ итәргә телим .,BookRestaurant,BookRestaurant,True,0.9202,False,False,False,"{'location': 'Vimy Ridge-да', 'restaurant_type': 'стейк-хаус'}","{'datetime': 'стейк-хаус заказ итәргә телим', 'location': 'Vimy Ridge-да', 'restaurant_type': 'стейк-хаус'}"
test_459,Without Witness егерме ике  сәгатьтән соң уйнаячакмы,SearchScreeningEvent,BookRestaurant,False,0.7484,False,False,False,"{'movie_name': 'Without Witness', 'datetime': 'егерме ике сәгатьтән соң'}","{'datetime': 'сәгатьтен соң', 'party_size_number': 'икә', 'sort': 'уйнаячакмы', 'cuisine': 'без шегерле', 'location': 'Moores Mill-дан | ерак жок'}"
test_460,9 кешегә урын броньла,BookRestaurant,BookRestaurant,True,0.9233,False,False,False,{'party_size_number': '9'},"{'datetime': '9 кешегә', 'party_size_number': 'сигез', 'sort': 'югарыबेяләнген', 'restaurant_type': 'тиз ашамлыклар', 'cuisine': 'төньяк һинд', 'location': 'Moores Mill-дан | ерак жок'}"
test_461,бу трекны минем Hands Up плейлистына өстә,AddToPlaylist,none,False,0.9523,True,False,False,"{'music_item': 'трекны', 'reference': 'минем', 'playlist': 'Hands Up'}",{}
test_462,90s Pop Rock Essentials-тан берәр нәрсә уйнат,PlayMusic,SearchCreativeWork,False,0.9369,False,False,False,{'playlist': '90s Pop Rock Essentials-тан'},"{'object_name': '90s Pop Rock Essentials', 'object_type': 'creative work'}"
test_463,Син миңа Blue Spring трейлерын таба аласыңмы ?,SearchCreativeWork,SearchCreativeWork,True,0.9357,False,False,False,"{'object_name': 'Blue Spring', 'object_type': 'трейлерын'}","{'object_name': 'Blue Spring trailer', 'object_type': 'film trailer'}"
test_464,36 Children-га 6-дан ике йолдыз куй,RateBook,none,False,0.0,True,False,False,"{'object_name': '36 Children-га', 'best_rating': '6-дан', 'rating_value': 'ике', 'rating_unit': 'йолдыз'}",{}
test_465,Мин MJR театрында анимацион фильмнарны телим,SearchScreeningEvent,SearchCreativeWork,False,0.9244,False,False,False,"{'location': 'MJR театрында', 'movie_type': 'анимацион фильмнарны'}","{'object_name': 'MJR театрында анимацион фильмнарны телим', 'object_type': 'фильм'}"
test_466,Sexy as Folk плейлистына башкаручы mike-ны өстә.,AddToPlaylist,AddToPlaylist,True,0.8553,False,False,False,"{'playlist': 'Sexy as Folk', 'music_item': 'башкаручы', 'artist': 'mike-ны'}","{'artist': 'Sexy as Folk', 'music_item': 'playlist', 'playlist': ""Mike's playout list""}"
test_467,минем this is al green плейлистына Highway Patrolman өстә,AddToPlaylist,AddToPlaylist,True,0.9146,False,False,False,"{'reference': 'минем', 'playlist': 'this is al green', 'entity_name': 'Highway Patrolman'}","{'artist': 'Highway Patrolman', 'playlist': 'al green плейлисты'}"
test_468,Миңа To Lose My Life исемле романны таб …,SearchCreativeWork,none,False,0.0,True,False,False,"{'object_name': 'To Lose My Life', 'object_type': 'романны'}",{}
test_469,бу альбомны 5-кә бәялә,RateBook,BookRestaurant,False,0.8647,False,False,False,"{'object_select': 'бу', 'object_type': 'альбомны', 'rating_value': '5-кә'}","{'datetime': 'хаһердан өч йөз утыз өч көннән соң', 'party_size_number': 'сигез', 'sort': 'югары', 'restaurant_type': 'тиз ашамлыклар', 'cuisine': 'төньяк һинд', 'location': 'Moores Mill-дан | ерак түгел', 'service': '5-кә бэйлэмнә'}"
test_470,Төшке ашта якындагы кинотеатрда Rare Birds күрсәтеләчәк .,SearchScreeningEvent,SearchCreativeWork,False,0.9402,False,False,True,"{'datetime': 'Төшке ашта', 'location': 'якындагы', 'object_location_type': 'кинотеатрда', 'movie_name': 'Rare Birds'}","{'object_name': 'Rare Birds', 'object_type': 'фильм'}"
test_471,The 8-Week Cholesterol Cure-га 6-дан өчкә бәялә .,RateBook,BookRestaurant,False,0.8911,False,False,False,"{'object_name': 'The 8-Week Cholesterol Cure-га', 'best_rating': '6-дан', 'rating_value': 'өчкә'}","{'datetime': '6-дан өчкә', 'party_size_number': '6', 'sort': '6-дан өчкә', 'restaurant_type': 'тиз ашамлыклар', 'cuisine': 'өң', 'location': 'Moores Mill-дан'}"
test_472,Martin barre-ны минем punk unplugged плейлистыма өстә.,AddToPlaylist,AddToPlaylist,True,0.9272,False,False,False,"{'artist': 'Martin barre-ны', 'reference': 'минем', 'playlist': 'punk unplugged'}","{'artist': 'Martin', 'music_item': 'punk unplugged', 'playlist': 'минем плейлист'}"
test_473,хәзерге романны 6-дан нульгә бәялә,RateBook,BookRestaurant,False,0.8354,False,False,False,"{'object_select': 'хәзерге', 'object_type': 'романны', 'best_rating': '6-дан', 'rating_value': 'нульгә'}","{'datetime': 'нгү', 'party_size_number': '6', 'sort': 'югары', 'cuisine': 'танак', 'restaurant_type': 'тиз ашамлыклар', 'location': 'Moores Mill-дан | ерак түгел'}"
test_474,Минем кинотеатрда The Young Swordsman нинди вакытта барачак ?,SearchScreeningEvent,SearchCreativeWork,False,0.9664,False,False,True,"{'object_location_type': 'кинотеатрда', 'movie_name': 'The Young Swordsman', 'object_type': 'вакытта'}","{'object_name': 'The Young Swordsman', 'object_type': 'фильм'}"
test_475,Тирә-юньдә нинди фильмнар күрсәтеләр,SearchScreeningEvent,SearchCreativeWork,False,0.9121,False,False,False,"{'location': 'Тирә-юньдә', 'movie_type': 'фильмнар'}","{'object_name': 'фильм', 'object_type': 'фильм'}"
test_476,Мин North City-дәге Oregon Electric Station броньларга телим .,BookRestaurant,BookRestaurant,True,0.7574,False,False,True,"{'location': 'North City-дәге', 'restaurant_name': 'Oregon Electric Station'}","{'datetime': 'North City-дәге Oregon Electric Station броньларга телим', 'location': 'North City-дәге Oregon Electric Station'}"
test_477,монда төнге сәгать икедә һава торышы нинди,weather/find,weather/find,True,0.907,False,False,False,"{'location': 'монда', 'datetime': 'төнге сәгать икедә'}","{'location': 'Монда', 'weather/attribute': 'һава торышы'}"
test_478,Wanda Group-ның фильм кестесін таб .,SearchScreeningEvent,none,False,0.0,True,False,False,"{'location': 'Wanda Group-ның', 'object_type': 'фильм кестесін'}",{}
test_479,Самоада Ваурикада нинди һава торышы,weather/find,weather/find,True,0.9103,False,False,False,{'location': 'Самоада | Ваурикада'},{'location': 'Waikato'}
test_480,Тирә-яктагы фильмнар расписаниесен күрсәт,SearchScreeningEvent,SearchCreativeWork,False,0.9515,False,False,False,"{'location': 'Тирә-яктагы', 'object_type': 'фильмнар расписаниесен'}","{'object_name': 'тирә-яктагы фильм', 'object_type': 'фильм'}"
test_481,Blues britânico уйнат .,PlayMusic,SearchCreativeWork,False,0.9212,False,False,True,{'genre': 'Blues britânico'},"{'object_name': 'Blues britânico', 'object_type': 'музыкаль объект төре'}"
test_482,AMC Theaters-да No Time to Be Young күрсәтеләме,SearchScreeningEvent,SearchCreativeWork,False,0.9689,False,False,False,"{'location': 'AMC Theaters-да', 'movie_name': 'No Time to Be Young'}","{'object_name': 'No Time to Be Young', 'object_type': 'фильм'}"
test_483,"Зинһар, миңа Монти Пайтон Голливудта эзлә һәм таб .",SearchCreativeWork,none,False,0.0,True,False,False,{'object_name': 'Монти Пайтон Голливудта'},{}
test_484,кичке бишкә монда буран аркасында һава торышы нинди,weather/find,weather/find,True,0.843,False,False,True,"{'datetime': 'кичке бишкә', 'location': 'монда', 'condition_description': 'буран'}","{'condition_description': 'аркасында', 'location': 'Монда'}"
test_485,Ирландия балалар евровидениеда 2015 минем Jazzy Dinner плейлистына өстә,AddToPlaylist,none,False,0.0,True,False,False,"{'entity_name': 'Ирландия балалар евровидениеда 2015', 'reference': 'минем', 'playlist': 'Jazzy Dinner'}",{}
test_486,Indie Hipster-га җырны өстә,AddToPlaylist,SearchCreativeWork,False,0.8917,False,False,False,"{'playlist': 'Indie Hipster-га', 'music_item': 'җырны'}","{'object_name': 'Indie Hipster', 'object_type': 'музыкаль объект төре: җыр'}"
test_487,Син миңа National Anthem of the Ancient Britons телевизион тапшыруын таба аласыңмы ?,SearchCreativeWork,SearchCreativeWork,True,0.9679,False,False,False,"{'object_name': 'National Anthem of the Ancient Britons', 'object_type': 'телевизион тапшыруын'}","{'object_name': 'National Anthem of the Ancient Britons', 'object_type': 'фильм'}"
test_488,"travelling плейлистына зинһар, бу Дэвид Гаан җырын өстә .",AddToPlaylist,AddToPlaylist,True,0.9492,False,False,False,"{'playlist': 'travelling', 'artist': 'Дэвид Гаан', 'music_item': 'җырын'}","{'artist': 'Дэвид Гаан', 'music_item': 'җыр', 'playlist': 'travelling плейлист'}"
test_489,Мин аларны Murcof рәссамнан ишетергә телим,PlayMusic,none,False,0.0,True,False,False,"{'music_item': 'аларны', 'artist': 'Murcof'}",{}
test_490,The Gift: Imagination and the Erotic Life of Property-ны биш йолдызга бәялә,RateBook,BookSearch,False,0.8498,False,False,False,"{'object_name': 'The Gift: Imagination and the Erotic Life of Property-ны', 'rating_value': 'биш', 'rating_unit': 'йолдызга'}","{'object_name': 'The Gift: Imagination and the Erotic Life of Property-ны', 'object_type': 'йогъ', 'service': 'йогъ'}"
test_491,Миңа Baby Blue дип аталган телевизион тапшыруны таб,SearchCreativeWork,none,False,0.0,True,False,False,"{'object_name': 'Baby Blue', 'object_type': 'телевизион тапшыруны'}",{}
test_492,The Girl Who Was Plugged In китабын эзлә,SearchCreativeWork,none,False,0.0,True,False,False,"{'object_name': 'The Girl Who Was Plugged In', 'object_type': 'китабын'}",{}
test_493,филлис уордка һәм вероникага 152 көннән соң ресторанда өстәл кирәк,BookRestaurant,BookRestaurant,True,0.933,False,False,True,"{'party_size_description': 'филлис уордка һәм вероникага', 'datetime': '152 көннән соң', 'restaurant_type': 'ресторанда'}","{'datetime': '152 көннән соң', 'cuisine': 'филлис уордка һәм вероникага', 'location': 'ресторанда'}"
test_494,5 кешелек танылган ресторанны броньла,BookRestaurant,BookRestaurant,True,0.8422,False,False,False,"{'party_size_number': '5', 'sort': 'танылган', 'restaurant_type': 'ресторанны'}","{'datetime': 'кешелек танылган', 'party_size_number': '5', 'sort': 'кешелек танылган', 'restaurant_type': 'танылган ресторан', 'location': 'кешелек танылган ресторан'}"
test_495,"Бруклон янында The Dome, Edinburgh отеленда номерны броньла",BookRestaurant,BookRestaurant,True,0.8196,False,False,True,"{'location': 'Бруклон | янында', 'restaurant_name': 'The Dome, Edinburgh'}","{'datetime': 'бронилган', 'party_size_number': 'сигез', 'sort': 'отеленда номерны броньла', 'restaurant_type': 'The Dome, Edinburgh', 'service': 'отеленда', 'location': 'The Dome, Edinburgh'}"
test_496,Бу альбомны Old School Death Metal-га өстә,AddToPlaylist,BookRestaurant,False,0.8885,False,False,False,"{'music_item': 'альбомны', 'playlist': 'Old School Death Metal-га'}","{'datetime': 'хага', 'party_size_number': 'сигез', 'sort': 'югары бэяләнген', 'restaurant_type': 'тиз ашамлыклар', 'cuisine': 'Old School Death Metal', 'location': 'Moores Mill-дан | ерак жок'}"
test_497,Jersey Boys телесериалын эзлә,SearchCreativeWork,none,False,0.0,True,False,False,"{'object_name': 'Jersey Boys', 'object_type': 'телесериалын'}",{}
test_498,Алты ай эчендә Танжер янындагы иң яхшы пабта тугыз кешегә өстәл броньла,BookRestaurant,BookRestaurant,True,0.8594,False,False,False,"{'datetime': 'Алты ай эчендә', 'location': 'Танжер | янындагы', 'sort': 'иң яхшы', 'restaurant_type': 'пабта', 'party_size_number': 'тугыз'}","{'datetime': 'алты ай', 'party_size_number': 'икки', 'sort': 'яңы', 'restaurant_type': 'паб', 'cuisine': 'Танжер', 'location': 'Танжер янындагы'}"
test_499,Миңа Harkins Theatres-ында фильмларны күрсәт .,SearchScreeningEvent,SearchCreativeWork,False,0.9242,False,False,False,"{'location': 'Harkins Theatres-ында', 'movie_type': 'фильмларны'}","{'object_name': 'film', 'object_type': 'фильм', 'location': 'Harkins Theatres'}"
test_500,аларның кампусында шул ук райондагы чурраскарияга кичәгә заказ бир,BookRestaurant,BookRestaurant,True,0.7706,False,False,False,"{'location': 'аларның кампусында | шул ук райондагы', 'restaurant_type': 'чурраскарияга'}","{'datetime': 'хаалиятта', 'party_size_number': 'аларлар', 'sort': 'югары бете', 'restaurant_type': 'чурраскария', 'location': 'кампус'}"
