id,text,true_intent,pred_intent,intent_correct,confidence,weak_by_conf,weak_intent_real,weak_slot_real,true_slots,pred_slots
test_1,барлык хәтерләтүләрне күрсәт,reminder/show_reminders,Bar Chart,False,0.7747,False,False,False,{'reference': 'барлык'},{'bar chart': 'Bar Chart - барлык кешенин графикка карап чыгуу'}
test_2,Миңа свитер кирәкме?,weather/find,BookRestaurant,False,0.6038,False,False,False,{'weather/attribute': 'свитер'},"{'cuisine': 'свитер', 'datetime': '2023-04-15T19:00:00Z'}"
test_3,Бүген сәгать ун алтыга хәтерләтүне өстә,reminder/set_reminder,AddToPlaylist,False,0.7768,False,False,False,{'datetime': 'Бүген сәгать ун алтыга'},"{'artist': 'Ун Алты', 'music_item': 'Сәгать', 'playlist': 'Ун Алты Сәгать Плейлисті', 'sort': 'дата/вакыты', 'genre': 'Сәгать', 'service': 'Ун Алты Плейлисті', 'track': 'Ун Алты Сәгать Плейлисті Төрегезере'}"
test_4,Минем хәтерләтүне бетер,reminder/cancel_reminder,none,False,0.0,True,False,False,{'reference': 'Минем'},{}
test_5,Миңа бензин салырга искә төшер.,reminder/set_reminder,Benzin salarğa iske toshir,False,0.7473,False,False,False,{'reminder/todo': 'бензин салырга'},{}
test_6,Чәршәмбе көнне миңа кул чатыры кирәкме?,weather/find,none,False,0.0,True,False,False,"{'datetime': 'Чәршәмбе', 'weather/attribute': 'кул чатыры'}",{}
test_7,биш минуттан соң минем будильникны кабатла,alarm/snooze_alarm,alarm/set_alarm,False,0.9093,False,True,False,"{'datetime': 'биш минуттан', 'reference': 'минем'}","{'datetime': 'биш минуттан соң', 'reference': 'минем будильник'}"
test_8,максның туган көне турында искә төшеруне куй,reminder/set_reminder,book_restaurant,False,0.9374,False,False,False,{'reminder/todo': 'максның туган көне турында искә төшеруне'},"{'cuisine': 'text', 'datetime': 'text', 'location': 'text', 'party_size_description': 'text', 'party_size_number': 'text', 'restaurant_name': 'text', 'restaurant_type': 'text'}"
test_9,Миңа барлык хәтерләтүләрне күрсәт,reminder/show_reminders,none,False,0.0,True,False,False,{'reference': 'барлык'},{}
test_10,Барлык будильникларны күрсәт.,alarm/show_alarms,none,False,0.7762,True,False,False,{'reference': 'Барлык'},{}
test_11,Бүген яңгыр явар микән?,weather/find,none,False,0.6674,True,False,False,"{'datetime': 'Бүген', 'weather/attribute': 'яңгыр'}",{}
test_12,Будильникны иртәнге 8 куй,alarm/set_alarm,none,False,0.758,False,False,False,{'datetime': 'иртәнге 8'},{}
test_13,Бүген температура нинди?,weather/find,weather/find,True,0.6514,False,False,False,"{'datetime': 'Бүген', 'weather/attribute': 'температура'}",{'location': 'city name'}
test_14,Минем хәтерләтүне күрсәт,reminder/show_reminders,AddToPlaylist,False,0.7528,False,False,False,{'reference': 'Минем'},"{'artist': 'Минем', 'music_item': 'феномен', 'playlist': 'Минем Fenomen'}"
test_15,Барлык будильникларны күрсәт,alarm/show_alarms,none,False,0.82,True,False,False,{'reference': 'Барлык'},{}
test_16,Миңа Бен белән Джорджия турында сөйләшергә искә төшер,reminder/set_reminder,BookRestaurant,False,0.6577,False,False,False,{'reminder/todo': 'Бен белән Джорджия турында сөйләшергә'},"{'cuisine': 'Southern', 'datetime': '2023-11-01T19:00:00Z', 'location': 'Georgia', 'party_size': '4', 'restaurant_name': 'Georgia Southern Cuisine', 'restaurant_type': 'Southern Cuisine Restaurant'}"
test_17,Будильникны иртәнге 5 куй,alarm/set_alarm,alarm/set_alarm,True,0.6586,False,False,False,{'datetime': 'иртәнге 5'},"{'datetime': '5 minutes from now', 'reference': 'specific alarm'}"
test_18,бүген болытлымы,weather/find,BookRestaurant,False,0.8687,False,False,False,"{'datetime': 'бүген', 'weather/attribute': 'болытлымы'}","{'cuisine': 'Italian', 'datetime': '2023-11-01T19:00:00Z', 'facility': 'private room', 'party_size_description': 'couple', 'party_size_number': '2', 'restaurant_name': 'La Bella Trattoria', 'restaurant_type': 'Italian restaurant', 'served_dish': 'pasta carbonara', 'sort': 'price'}"
test_19,Бүген бездә ничә дюйм яңгыры явар?,weather/find,none,False,0.0,True,False,False,"{'datetime': 'Бүген', 'weather/attribute': 'дюйм яңгыры'}",{}
test_20,Иртәгә минем апама шалтыратырга искә төшер,reminder/set_reminder,SetAlarm,False,0.8704,False,False,False,"{'datetime': 'Иртәгә', 'reminder/todo': 'минем апама шалтыратырга'}",{'datetime': '2023-04-05T08:00:00Z'}
test_21,будильникны туктат,alarm/cancel_alarm,none,False,0.6757,False,False,False,{},{}
test_22,Бу атнада кызу булырмы?,weather/find,none,False,0.0,True,False,False,"{'datetime': 'Бу атнада', 'weather/attribute': 'кызу'}",{}
test_23,Будильникны көндезге 3 куй.,alarm/set_alarm,none,False,0.7982,True,False,False,{'datetime': 'көндезге 3'},{}
test_24,бүген кар явармы,weather/find,BookRestaurant,False,0.625,False,False,False,"{'datetime': 'бүген', 'weather/attribute': 'кар'}",{}
test_25,бөтен будильникларны бетер,alarm/cancel_alarm,alarm/snooze_alarm,False,0.6461,False,False,False,{'reference': 'бөтен'},{}
test_26,Минем хәтерләтүләрне күрсәт,reminder/show_reminders,none,False,0.0,True,False,False,{'reference': 'Минем'},{}
test_27,Будильникка кадәр күпме вакыт калды,alarm/time_left_on_alarm,alarm/time_left_on_alarm,True,0.8948,False,True,False,{},{'reference': 'будильникка күрсәтү'}
test_28,Минем нинди искә төшерүләрем бар?,reminder/show_reminders,set_alarm,False,0.7434,False,False,False,{'reference': 'Минем'},"{'datetime': 'минем нинди', 'reference': 'яңа будильник', 'reminder': 'нарыс'}"
test_29,Будильникны көн саен иртәнге 8 куй,alarm/set_alarm,set_alarm,False,0.879,False,False,False,{'recurring_datetime': 'иртәнге 8'},"{'datetime': '8:00', 'reference': 'будильник', 'recurring_datetime': 'daily'}"
test_30,син миңа будильникларны күрсәтә аласыңмы?,alarm/show_alarms,none,False,0.0,True,False,False,{},{}
test_31,Бүген Диснейуорлдта буран булырмы?,weather/find,none,False,0.0,True,False,False,"{'datetime': 'Бүген', 'location': 'Диснейуорлдта', 'weather/attribute': 'буран'}",{}
test_32,бүген кар явырмы,weather/find,BookRestaurant,False,0.8019,False,False,False,"{'datetime': 'бүген', 'weather/attribute': 'кар'}","{'cuisine': 'Italian', 'datetime': '2023-11-01T19:00:00Z', 'facility': 'private room', 'party_size_description': '2 people', 'party_size_number': '2', 'restaurant_name': 'La Bella Trattoria', 'restaurant_type': 'Italian restaurant', 'served_dish': 'pizza', 'sort': 'price'}"
test_33,бөтен будильникларны күрсәт,alarm/show_alarms,BookRestaurant,False,0.8844,False,False,False,{'reference': 'бөтен'},"{'cuisine': 'text', 'datetime': 'text', 'facility': 'text', 'location': 'text', 'party_size_description': 'text', 'party_size_number': 'text', 'restaurant_name': 'text', 'restaurant_type': 'text', 'served_dish': 'text', 'sort': 'text'}"
test_34,Бүген салкынмы?,weather/find,none,False,0.0,True,False,False,"{'datetime': 'Бүген', 'weather/attribute': 'салкынмы'}",{}
test_35,"Зинһар, пәнҗешәмбе иртәсеннән будильникны бетер.",alarm/cancel_alarm,none,False,0.0,True,False,False,{'datetime': 'пәнҗешәмбе иртәсеннән'},{}
test_36,Бүген яңгыр явырмы?,weather/find,none,False,0.0,True,False,False,"{'datetime': 'Бүген', 'weather/attribute': 'яңгыр'}",{}
test_37,канадада кар явамы,weather/find,BookRestaurant,False,0.8397,False,False,False,"{'location': 'канадада', 'weather/attribute': 'кар явамы'}","{'cuisine': 'Canadian cuisine', 'datetime': 'today', 'location': 'Canada', 'party_size_description': 'group of friends', 'party_size_number': '5', 'restaurant_name': 'restaurant name', 'restaurant_type': 'cafe', 'served_dish': 'appetizer', 'sort': 'rating'}"
test_38,Бүген нинди югары температура булачак?,weather/find,none,False,0.6024,True,False,False,"{'datetime': 'Бүген', 'weather/attribute': 'югары температура'}",{}
test_39,"Төнлә шулкадәр кар яуса, сәяхәт куркыныч булырмы?",weather/find,none,False,0.0,True,False,False,"{'datetime': 'Төнлә', 'weather/attribute': 'кар яуса'}",{}
test_40,бөтен хәтерләтүләрне күрсәт,reminder/show_reminders,none,False,0.0,True,False,False,{'reference': 'бөтен'},{}
test_41,барлык хәтерләтүләрне бетер,reminder/cancel_reminder,...,False,0.8064,False,False,False,{'reference': 'барлык'},{'slot_name': 'textтан алынган кыйммәт'}
test_42,миңа иртәгә куртка кирәкме?,weather/find,BookRestaurant,False,0.6773,False,False,False,"{'datetime': 'иртәгә', 'weather/attribute': 'куртка'}",{'datetime': 'миңа иртәгә куртка керекме?'}
test_43,Будильникка кадәр күпме вакыт калды,alarm/time_left_on_alarm,alarm/time_left_on_alarm,True,0.8948,False,True,False,{},{'reference': 'будильникка күрсәтү'}
test_44,Будильникны туктат,alarm/snooze_alarm,none,False,0.0,True,True,False,{},{}
test_45,Миңа барлык будильникларны күрсәт,alarm/show_alarms,none,False,0.7942,True,False,False,{'reference': 'барлык'},{}
test_46,Йеллоустонда һава торышы нинди?,weather/find,weather/find,True,0.6785,False,False,False,{'location': 'Йеллоустонда'},{'location': 'Yellowstone'}
test_47,Бүген һава торышы нинди?,weather/find,BookRestaurant,False,0.833,False,False,False,{'datetime': 'Бүген'},"{'cuisine': 'Italian', 'datetime': '2023-04-15T19:00:00Z', 'location': 'Downtown', 'party_size_description': '2 adults', 'party_size_number': '2', 'restaurant_name': 'La Bella Trattoria', 'restaurant_type': 'Italian restaurant', 'served_dish': 'Pasta Carbonara', 'sort': 'price'}"
test_48,Иртәгә Патрикны мәктәптән алырга минем искә төшерүдән алып бетер.,reminder/cancel_reminder,BookRestaurant,False,0.7816,False,False,False,"{'datetime': 'Иртәгә', 'reminder/todo': 'Патрикны мәктәптән алырга', 'reference': 'минем'}","{'cuisine': 'Патрикны округу', 'datetime': 'Иртәгә', 'location': 'Мекен', 'party_size_description': 'Патрикны округу', 'party_size_number': 'Төркем', 'restaurant_name': 'Мекен', 'restaurant_type': 'Ресторан', 'served_dish': 'Искә', 'sort': 'Искә'}"
test_49,Миңа иртәгә шул ук вакытта табибка язылырга искә төшер,reminder/set_reminder,none,False,0.0,True,False,False,"{'datetime': 'иртәгә шул ук вакытта', 'reminder/todo': 'табибка язылырга'}",{}
test_50,Миңа аренданы түләргә искә төшер,reminder/set_reminder,rent_apartment,False,0.6885,False,False,False,{'reminder/todo': 'аренданы түләргә'},"{'location': 'city name', 'property_type': 'apartment', 'tenancy_type': 'long-term lease', 'budget': 'budget range'}"
test_51,яңгыр кайчан бетәчәк?,weather/find,weather/find,True,0.6362,False,False,False,{'weather/attribute': 'яңгыр'},"{'condition_description': 'яңгыр', 'condition_temperature': 'бетәчәк'}"
test_52,будильникларны бетер,alarm/cancel_alarm,none,False,0.7185,True,False,False,{},{}
test_53,Сишәмбе көнне миңа Стефанига шалтыратырга искә төшер,reminder/set_reminder,BookRestaurant,False,0.8631,False,False,False,"{'datetime': 'Сишәмбе көнне', 'reminder/todo': 'Стефанига шалтыратырга'}","{'cuisine': 'Italian', 'datetime': '2023-04-09T19:00:00Z', 'location': ""Stefanie's restaurant"", 'party_size': '2', 'restaurant_name': ""Stefanie's restaurant"", 'restaurant_type': 'café', 'sort': 'popular'}"
test_54,барлык минем уяткыч сәгатьләрне күрсәт,alarm/show_alarms,none,False,0.9227,True,False,False,{'reference': 'барлык минем'},{}
test_55,Бүген никадәр эссе булачак?,weather/find,SearchCreativeWork,False,0.6305,False,False,False,"{'datetime': 'Бүген', 'weather/attribute': 'эссе'}","{'object_name': 'essay', 'object_type': 'creative work'}"
test_56,будильникны бүген кичке 5 куй,alarm/set_alarm,none,False,0.787,True,False,False,{'datetime': 'бүген кичке 5'},{}
test_57,21-енче августта көндез 3-тә табибка барырга искә төшер,reminder/set_reminder,AddToPlaylist,False,0.8972,False,False,False,"{'datetime': '21-енче августта көндез 3-тә', 'reminder/todo': 'табибка барырга'}","{'artist': '21-енче августта көндез 3-тә табибка барырга искә төшер', 'music_item': '21-енче августта көндез 3-тә табибка барырга искә төшер', 'playlist': '21-енче августта көндез 3-тә табибка барырга искә төшер', 'service': 'Spotify', 'sort': 'Release Date'}"
test_58,көн саен иртәнге сәгать 7-дә дарулар эчәргә турында минем искә төшерүне бетер,reminder/cancel_reminder,AddToPlaylist,False,0.8234,False,False,False,"{'recurring_datetime': 'көн саен иртәнге сәгать 7-дә', 'reminder/todo': 'дарулар эчәргә'}","{'artist': '7-дә дарулар', 'music_item': 'көн саен иртәнге', 'playlist': 'my playlist'}"
test_59,киләсе фараз яңгырны кайчан күрсәтә,weather/find,weather/find,True,0.7971,False,False,False,{'weather/attribute': 'яңгырны'},{'condition_description': 'яңгыр'}
test_60,Иртәгә иртә белән минем будильнигым нинди вакытка куелган?,alarm/show_alarms,none,False,0.884,True,False,False,"{'datetime': 'Иртәгә иртә', 'reference': 'минем'}",{}
test_61,бүген кар явармы,weather/find,BookRestaurant,False,0.625,False,False,False,"{'datetime': 'бүген', 'weather/attribute': 'кар'}",{}
test_62,Минем будильнигымны сүндер.,alarm/cancel_alarm,alarm/cancel_alarm,True,0.9113,False,False,False,{'reference': 'Минем'},{'reference': 'минем будильнигым'}
test_63,Барлык будильникларны бетер,alarm/cancel_alarm,alarm/snooze_alarm,False,0.8651,False,False,False,{'reference': 'Барлык'},{}
test_64,миңа продуктларны сатып алырга искә төшер,reminder/set_reminder,none,False,0.8997,True,False,False,{'reminder/todo': 'продуктларны сатып алырга'},{}
test_65,Миңа иртәнге сәгать 9-да иртәнге аш өчен будильник кирәк,alarm/set_alarm,none,False,0.8827,True,False,False,{'datetime': 'иртәнге сәгать 9-да'},{}
test_66,уен башланганчы бер сәгать алдан Кольтларны карау турында искә төшерүне куй,reminder/set_reminder,SearchCreativeWork,False,0.8789,False,False,False,"{'datetime': 'уен башланганчы бер сәгать алдан', 'reminder/todo': 'Кольтларны карау'}","{'object_name': 'Кольтлар', 'object_type': 'фильм', 'sort': 'release_date'}"
test_67,барлык будильникларны бетер,alarm/cancel_alarm,alarm/snooze_alarm,False,0.8585,False,False,False,{'reference': 'барлык'},{}
test_68,Бу исемлектән минем өченче искә төшерүне бетер.,reminder/cancel_reminder,none,False,0.0,True,False,False,{'reference': 'минем өченче'},{}
test_69,Будильникны иртәнге 6 куй,alarm/set_alarm,none,False,0.8502,False,False,False,{'datetime': 'иртәнге 6'},{}
test_70,Бу будильникны хәзердән көндезге 2-гә куй,alarm/cancel_alarm,none,False,0.8466,True,False,False,"{'reference': 'Бу', 'datetime': 'хәзердән | көндезге 2-гә'}",{}
test_71,Кар булырмы?,weather/find,none,False,0.0,True,False,False,{'weather/attribute': 'Кар'},{}
test_72,Миңа аренданы түләргә искә төшер.,reminder/set_reminder,rent_apartment,False,0.7712,False,False,False,{'reminder/todo': 'аренданы түләргә'},"{'location': 'city name', 'move_in_date': 'desired move-in date', 'move_out_date': 'desired move-out date', 'pet_friendly': 'yes/no', 'number_of_guests': 'number of guests', 'budget': 'monthly budget'}"
test_73,иртәгә нинди иң түбән температура,weather/find,find_weather,False,0.7074,False,False,False,"{'datetime': 'иртәгә', 'weather/attribute': 'иң түбән'}",{'temperature_condition': 'irrestable'}
test_74,Бүген кояшлы булырмы?,weather/find,none,False,0.0,True,False,False,"{'datetime': 'Бүген', 'weather/attribute': 'кояшлы'}",{}
test_75,Бүген минем ничә искә төшерүләрем бар?,reminder/show_reminders,none,False,0.0,True,False,False,{'datetime': 'Бүген'},{}
test_76,Минем иртәгә нинди искә төшерүләрем бар?,reminder/show_reminders,AddToPlaylist,False,0.7536,False,False,False,"{'reference': 'Минем', 'datetime': 'иртәгә'}","{'artist': 'минем', 'music_item': 'иртәгә', 'playlist': 'минем иртәгә искә төшерү', 'service': 'минем иртәгә', 'sort': 'дегишле'}"
test_77,Минем барлык искә төшерүләремне бетер.,reminder/cancel_reminder,book_table,False,0.887,False,False,False,{'reference': 'Минем барлык'},"{'party_size_description': '3 friends', 'datetime': '2023-11-01T19:00:00Z', 'location': 'restaurant'}"
test_78,будильникны иртәнге 6-га куй,alarm/set_alarm,set_alarm,False,0.7632,False,False,False,{'datetime': 'иртәнге 6-га'},"{'datetime': '6 hours from now', 'reference': 'specific alarm'}"
test_79,Будильникны 30 минутка куй,alarm/set_alarm,set_alarm,False,0.7252,False,False,False,{'datetime': '30 минутка'},"{'datetime': '30 minutes from now', 'reference': 'specific alarm'}"
test_80,Будильникны бер сәгать алга куй.,alarm/set_alarm,none,False,0.7766,True,False,False,{'datetime': 'бер сәгать алга'},{}
test_81,барлык будильникларны бетер,alarm/cancel_alarm,alarm/snooze_alarm,False,0.8585,False,False,False,{'reference': 'барлык'},{}
test_82,Лос-Анджелеста һава торышы,weather/find,weather/find,True,0.9304,False,False,False,{'location': 'Лос - Анджелеста'},{'location': 'Los Angeles'}
test_83,бөтен будильникларны бетер,alarm/cancel_alarm,alarm/snooze_alarm,False,0.6461,False,False,False,{'reference': 'бөтен'},{}
test_84,Бүген минем ничә искә төшерүләрем бар?,reminder/show_reminders,none,False,0.0,True,False,False,{'datetime': 'Бүген'},{}
test_85,Миңа иртәгә кибеттә кәгазь сөлгеләр сатып алырга искә төшер,reminder/set_reminder,BookRestaurant,False,0.807,False,False,False,"{'datetime': 'иртәгә', 'reminder/todo': 'кибеттә кәгазь сөлгеләр сатып алырга'}","{'cuisine': 'Кегазь', 'datetime': 'Иртәгә', 'party_size_description': 'Төркем', 'party_size_number': 'Төркем', 'restaurant_name': 'Сөлгеләр', 'restaurant_type': 'Ресторан'}"
test_86,Миңа минем барлык искә төшерүләремне күрсәт,reminder/show_reminders,none,False,0.0,True,False,False,{'reference': 'минем барлык'},{}
test_87,Будильникны иртәнге 6 куй,alarm/set_alarm,none,False,0.8502,False,False,False,{'datetime': 'иртәнге 6'},{}
test_88,иртәгә кар булырмы,weather/find,none,False,0.8237,True,False,False,"{'datetime': 'иртәгә', 'weather/attribute': 'кар'}",{}
test_89,иртәгә минем иртәнге будильникны бетер,alarm/cancel_alarm,alarm/snooze_alarm,False,0.8134,False,False,False,"{'datetime': 'иртәгә | иртәнге', 'reference': 'минем'}",{'reference': 'минем иртәгә'}
test_90,Дүшәмбе көнне төшке ашка будильникны куй.,alarm/set_alarm,none,False,0.7287,True,False,False,{'recurring_datetime': 'Дүшәмбе көнне төшке ашка'},{}
test_91,Бүген никадәр эссе булачак?,weather/find,SearchCreativeWork,False,0.6305,False,False,False,"{'datetime': 'Бүген', 'weather/attribute': 'эссе'}","{'object_name': 'essay', 'object_type': 'creative work'}"
test_92,иртәнге будильникларны куерга миңа искә төшер,reminder/set_reminder,set_alarm,False,0.7435,False,False,False,"{'datetime': 'иртәнге', 'reminder/todo': 'будильникларны куерга'}","{'datetime': 'яңа даталар', 'reference': 'конкрет будильникка күрсәтү', 'recurring_datetime': 'кабатлау расписаниесе', 'reminder': 'нэрсез эшләргә керүне', 'snooze': 'будильникны кичектерү'}"
test_93,бөтен будильникларны бетер,alarm/cancel_alarm,alarm/snooze_alarm,False,0.6461,False,False,False,{'reference': 'бөтен'},{}
test_94,Минем будильникларымны күрсәт,alarm/show_alarms,set_alarm,False,0.7907,False,False,False,{'reference': 'Минем'},"{'datetime': 'минем будильникларымны күрсәт', 'reference': 'конкрет будильникка күрсәтү'}"
test_95,будильникны сүндер,alarm/cancel_alarm,alarm/set_alarm,False,0.8172,False,False,False,{},"{'datetime': 'будильник дата/вакыты', 'reference': 'будильник төренә күрсәтү'}"
test_96,Бүген температура нинди?,weather/find,weather/find,True,0.6514,False,False,False,"{'datetime': 'Бүген', 'weather/attribute': 'температура'}",{'location': 'city name'}
test_97,будильникны сүндер,alarm/cancel_alarm,alarm/set_alarm,False,0.8172,False,False,False,{},"{'datetime': 'будильник дата/вакыты', 'reference': 'будильник төренә күрсәтү'}"
test_98,Барлык будильникларны күрсәт,alarm/show_alarms,none,False,0.82,True,False,False,{'reference': 'Барлык'},{}
test_99,Будильникны 30 минут саен куй,alarm/set_alarm,set_alarm,False,0.7594,False,False,False,{'recurring_datetime': '30 минут саен'},"{'datetime': '30 minutes from now', 'reference': 'specific alarm'}"
test_100,Бүген нинди температура булачак?,weather/find,none,False,0.5943,True,False,False,"{'datetime': 'Бүген', 'weather/attribute': 'температура'}",{}
test_101,Бүген кызу булырмы?,weather/find,none,False,0.0,True,False,False,"{'datetime': 'Бүген', 'weather/attribute': 'кызу'}",{}
test_102,Иртәгә яңгыр булырмы?,weather/find,none,False,0.0,True,False,False,"{'datetime': 'Иртәгә', 'weather/attribute': 'яңгыр'}",{}
test_103,Киләсе будильникны бетер,alarm/cancel_alarm,cancel_alarm,False,0.8765,False,False,False,{'reference': 'Киләсе'},{'reference': 'будильник'}
test_104,Бүген кибеткә барырга искә төшер,reminder/set_reminder,BookRestaurant,False,0.8988,False,False,False,"{'datetime': 'Бүген', 'reminder/todo': 'кибеткә барырга'}","{'cuisine': 'text', 'datetime': 'text', 'location': 'text', 'party_size_description': 'text', 'party_size_number': 'text', 'restaurant_name': 'text', 'restaurant_type': 'text'}"
test_105,киләсе атнада минем искә төшерүләрне бетер,reminder/cancel_reminder,none,False,0.0,True,False,False,"{'datetime': 'киләсе атнада', 'reference': 'минем'}",{}
test_106,миңа сишәмбе көнне көндезге сәгать 3-тә этне грумерга алып барырга исемә төшер,reminder/set_reminder,AddToPlaylist,False,0.7008,False,False,False,"{'datetime': 'сишәмбе көнне көндезге сәгать 3-тә', 'reminder/todo': 'этне грумерга алып барырга'}","{'artist': 'Сишамбе', 'music_item': '3-тә этне', 'playlist': 'Грумерга', 'reference': 'Сәгать 3-тә'}"
test_107,28-енче көнне Дженга годовщинага чәчәкләр сатып алырга исемә төшер.,reminder/set_reminder,BookRestaurant,False,0.7598,False,False,False,"{'datetime': '28-енче көнне', 'reminder/todo': 'Дженга годовщинага чәчәкләр сатып алырга'}","{'cuisine': 'Italian', 'datetime': '28-енче көнне', 'party_size_description': 'Дженга годовщинага чәчәкләр сакта', 'restaurant_name': 'Төркем куәле', 'restaurant_type': 'Ресторан', 'served_dish': 'Дженга годовщинада чәчәкләр сакта', 'sort': 'дата/вакыт'}"
test_108,Бүген һава торышы нинди?,weather/find,BookRestaurant,False,0.833,False,False,False,{'datetime': 'Бүген'},"{'cuisine': 'Italian', 'datetime': '2023-04-15T19:00:00Z', 'location': 'Downtown', 'party_size_description': '2 adults', 'party_size_number': '2', 'restaurant_name': 'La Bella Trattoria', 'restaurant_type': 'Italian restaurant', 'served_dish': 'Pasta Carbonara', 'sort': 'price'}"
test_109,Иртәгә табибка язылырга миңа искә төшер.,reminder/set_reminder,none,False,0.0,True,False,False,"{'datetime': 'Иртәгә', 'reminder/todo': 'табибка язылырга'}",{}
test_110,бөтен будильникларны сүндер,alarm/cancel_alarm,none,False,0.0,True,False,False,{'reference': 'бөтен'},{}
test_111,Мин үзем белән дождевикны алыйммы?,weather/find,none,False,0.0,True,False,False,{'weather/attribute': 'дождевикны'},{}
test_112,Начар һава торышы фаразы нинди?,weather/find,none,False,0.6533,True,False,False,{'weather/attribute': 'Начар'},{}
test_113,киләсе атнада табибка язуым турында искә төшер,reminder/set_reminder,none,False,0.0,True,False,False,"{'datetime': 'киләсе атнада', 'reminder/todo': 'табибка язуым турында'}",{}
test_114,иртәнге 8 кибеткә бару турында искә төшер,reminder/set_reminder,none,False,0.0,True,False,False,"{'datetime': 'иртәнге 8', 'reminder/todo': 'кибеткә бару'}",{}
test_115,Химчисткага барырга искә төшерү яса.,reminder/set_reminder,BookRestaurant,False,0.8356,False,False,False,{'reminder/todo': 'Химчисткага барырга'},"{'cuisine': 'Химчистка', 'datetime': 'түсүнбөлү', 'location': 'Химчистка', 'party_size_description': 'кеше саны', 'party_size_number': 'кеше саны', 'restaurant_name': 'Химчистка', 'restaurant_type': 'ресторан', 'served_dish': 'Химчистка', 'sort': 'сайлау/тәртипләү критерие'}"
test_116,кайчан салкынрак булачак,weather/find,none,False,0.808,True,False,False,{'weather/attribute': 'салкынрак'},{}
test_117,бу атнада яңгыр булырмы,weather/find,weather/find,True,0.9005,False,False,False,"{'datetime': 'бу атнада', 'weather/attribute': 'яңгыр'}",{'condition_description': 'яңгыр'}
test_118,барлык будильникларны бетер,alarm/cancel_alarm,alarm/snooze_alarm,False,0.8585,False,False,False,{'reference': 'барлык'},{}
test_119,будильникларны бетер,alarm/cancel_alarm,none,False,0.7185,True,False,False,{},{}
test_120,минем будильникларымны күрсәт,alarm/show_alarms,set_alarm,False,0.603,False,False,False,{'reference': 'минем'},"{'datetime': 'minute', 'reference': 'minute'}"
test_121,Минем будильнигым кайсы вакытка куйган?,alarm/show_alarms,alarm/show_alarms,True,0.9116,False,False,False,{},{'reference': 'минем будильнигым'}
test_122,Шимбә көнне яңгыр булырмы?,weather/find,weather/find,True,0.7451,False,False,False,"{'datetime': 'Шимбә', 'weather/attribute': 'яңгыр'}","{'datetime': 'Шимбә', 'location': 'урын', 'condition_description': 'яңгыр'}"
test_123,бүген никадәр эссе булачак,weather/find,BookEssays,False,0.5998,False,False,False,"{'datetime': 'бүген', 'weather/attribute': 'эссе'}",{'essays': 'essays text'}
test_124,Барлык будильникларны бетер,alarm/cancel_alarm,alarm/snooze_alarm,False,0.8651,False,False,False,{'reference': 'Барлык'},{}
test_125,Бу ял көннәрендә Тахода һава торышы?,weather/find,BookRestaurant,False,0.8651,False,False,False,"{'datetime': 'Бу ял көннәрендә', 'location': 'Тахода'}","{'cuisine': 'text', 'datetime': 'text', 'facility': 'text', 'location': 'text', 'party_size_description': 'text', 'party_size_number': 'text', 'restaurant_name': 'text', 'restaurant_type': 'text'}"
test_126,Миңа бүген пальто кирәкме?,weather/find,BookRestaurant,False,0.8467,False,False,False,"{'datetime': 'бүген', 'weather/attribute': 'пальто'}","{'cuisine': 'fusion', 'datetime': 'evening', 'party_size_description': 'couple', 'party_size_number': '2', 'restaurant_name': 'fusion restaurant', 'restaurant_type': 'fusion restaurant'}"
test_127,Яңгыр кайчан туктар?,weather/find,weather/find,True,0.701,False,False,False,{'weather/attribute': 'Яңгыр'},{'condition_description': 'Янгыр'}
test_128,Дүшәмбе көнне 16:00 сәгатьтә минем мәктәпкә шалтыратырга хәтерләтү куй,reminder/set_reminder,AddToPlaylist,False,0.8047,False,False,False,"{'datetime': 'Дүшәмбе көнне 16:00 сәгатьтә', 'reminder/todo': 'минем мәктәпкә шалтыратырга'}","{'artist': 'Дүшәмбе', 'music_item': 'Дүшәмбе көнне 16:00', 'playlist': 'Мекке шалтыраты', 'service': 'Spotify', 'sort': 'Release Date'}"
test_129,Минем будильнигымны сүндер.,alarm/cancel_alarm,alarm/cancel_alarm,True,0.9113,False,False,False,{'reference': 'Минем'},{'reference': 'минем будильнигым'}
test_130,Бүген кич никадәр салкын булыр?,weather/find,none,False,0.0,True,False,False,"{'datetime': 'Бүген кич', 'weather/attribute': 'салкын'}",{}
test_131,Будильникны иртәнге җидегә куй.,alarm/set_alarm,none,False,0.7601,True,False,False,{'datetime': 'иртәнге җидегә'},{}
test_132,Минем Робны алу турында хәтерләтүемне бетер,reminder/cancel_reminder,none,False,0.8007,True,False,False,"{'reference': 'Минем', 'reminder/todo': 'Робны алу'}",{}
test_133,Иртәгә сөт сатып алу турында хәтерләтү яса.,reminder/set_reminder,none,False,0.0,True,False,False,"{'datetime': 'Иртәгә', 'reminder/todo': 'сөт сатып алу'}",{}
test_134,Будильникны иртәнге 6 куй,alarm/set_alarm,none,False,0.8502,False,False,False,{'datetime': 'иртәнге 6'},{}
test_135,"көндәлек будильникны, аны бетергәнче, кичке җиде сәгать утыз минутка планлаштыр",alarm/set_alarm,alarm/snooze_alarm,False,0.8824,False,False,False,{'recurring_datetime': 'көндәлек | кичке җиде сәгать утыз минутка'},"{'reference': 'будильник', 'snooze_duration': '5 minutes'}"
test_136,миңа торыр өчен будильникны куерга исемә төшер,reminder/set_reminder,none,False,0.0,True,False,False,{'reminder/todo': 'торыр өчен будильникны куерга'},{}
test_137,Минем хәтерләтүне бетер,reminder/cancel_reminder,none,False,0.0,True,False,False,{'reference': 'Минем'},{}
test_138,Бүген кар булырмы?,weather/find,AddToPlaylist,False,0.6793,False,False,False,"{'datetime': 'Бүген', 'weather/attribute': 'кар'}","{'artist': 'Daft Punk', 'music_item': 'One More Day', 'playlist': 'Chill Vibes'}"
test_139,Миңа бөтен будильникларны күрсәт,alarm/show_alarms,alarm/show_alarms,True,0.94,False,False,False,{'reference': 'бөтен'},{}
test_140,бөтен хәтерләтүләрне күрсәт,reminder/show_reminders,none,False,0.0,True,False,False,{'reference': 'бөтен'},{}
test_141,минем будильнигымда күпме вакыт калды,alarm/time_left_on_alarm,none,False,0.5947,True,True,False,{'reference': 'минем'},{}
test_142,будильникны 2 сәгатькә куй,alarm/set_alarm,none,False,0.8301,True,False,False,{'datetime': '2 сәгатькә'},{}
test_143,Эштән соң икмәк сатып алырга исемә төшер,reminder/set_reminder,BookRestaurant,False,0.937,False,False,False,"{'datetime': 'Эштән соң', 'reminder/todo': 'икмәк сатып алырга'}","{'cuisine': 'text from the text', 'datetime': 'text from the text', 'location': 'text from the text', 'party_size_description': 'text from the text', 'party_size_number': 'text from the text', 'restaurant_name': 'text from the text', 'restaurant_type': 'text from the text'}"
test_144,Бүген яңгыр булырмы?,weather/find,none,False,0.0,True,False,False,"{'datetime': 'Бүген', 'weather/attribute': 'яңгыр'}",{}
test_145,бүгенге һава торышы фаразын укы,weather/find,weather/find,True,0.7714,False,False,False,{'datetime': 'бүгенге'},"{'location': 'city name or specific location', 'datetime': ""specific date and time or 'now' for current weather conditions""}"
test_146,Минем будильнигым нинди вакытка куелган?,alarm/show_alarms,alarm/show_alarms,True,0.8913,False,False,False,{'reference': 'Минем'},{'reference': 'минем будильнигым'}
test_147,иртәгә 4 миңа сәүдә үзәгенә барырга исемә төшер,reminder/set_reminder,none,False,0.0,True,False,False,"{'datetime': 'иртәгә 4', 'reminder/todo': 'сәүдә үзәгенә барырга'}",{}
test_148,бүген кул чатырны үзем белән алыйммы,weather/find,BookRestaurant,False,0.8489,False,False,False,"{'datetime': 'бүген', 'weather/attribute': 'кул чатырны'}","{'cuisine': 'Italian', 'datetime': '2023-11-01T19:00:00Z', 'facility': 'private room', 'location': 'downtown', 'party_size_description': 'couple', 'party_size_number': '2', 'restaurant_name': 'La Bella Vita', 'restaurant_type': 'Italian restaurant', 'served_dish': 'pizza', 'sort': 'price'}"
test_149,Минем хәтерләтүне күрсәт,reminder/show_reminders,AddToPlaylist,False,0.7528,False,False,False,{'reference': 'Минем'},"{'artist': 'Минем', 'music_item': 'феномен', 'playlist': 'Минем Fenomen'}"
test_150,Минем бөтен хәтерләтүләрне күрсәт,reminder/show_reminders,none,False,0.0,True,False,False,{'reference': 'Минем бөтен'},{}
test_151,Дүшәмбе көнне эт ризыгы турында хәтерләтү куй,reminder/set_reminder,none,False,0.0,True,False,False,"{'datetime': 'Дүшәмбе', 'reminder/todo': 'эт ризыгы'}",{}
test_152,"Иртәгегә ""Сишәмбе кичендә Балада Саб йога дәресенә язылырга "" хәтерләтүне куй",reminder/set_reminder,none,False,0.0,True,False,False,"{'datetime': 'Иртәгегә', 'reminder/todo': 'Сишәмбе кичендә Балада Саб йога дәресенә язылырга'}",{}
test_153,бүгенгегә бөтен искә төшерүләрне бетер,reminder/cancel_reminder,none,False,0.0,True,False,False,"{'datetime': 'бүгенгегә', 'reference': 'бөтен'}",{}
test_154,Бу атнада Нью-Йоркта нинди һава торышы булачак,weather/find,weather/find,True,0.9288,False,False,False,"{'datetime': 'Бу атнада', 'location': 'Нью - Йоркта'}",{'location': 'New York'}
test_155,пәнҗешәмбе көнне көндез 12-дә табибка баруымны исемә төшер,reminder/set_reminder,none,False,0.0,True,False,False,"{'datetime': 'пәнҗешәмбе көнне көндез 12-дә', 'reminder/todo': 'табибка баруымны'}",{}
test_156,Будильникны кичке 6:50 куй,alarm/set_alarm,snooze_alarm,False,0.9115,False,False,False,{'datetime': 'кичке 6:50'},"{'reference': 'будильник', 'time_left_on_alarm': '6:50'}"
test_157,Бүген кар булырмы?,weather/find,AddToPlaylist,False,0.6793,False,False,False,"{'datetime': 'Бүген', 'weather/attribute': 'кар'}","{'artist': 'Daft Punk', 'music_item': 'One More Day', 'playlist': 'Chill Vibes'}"
test_158,Нинди будильниклар куелган?,alarm/show_alarms,none,False,0.0,True,False,False,{},{}
test_159,7 октябрьгә искә төшерү будильникны куй,reminder/set_reminder,set_alarm,False,0.7854,False,False,False,{'datetime': '7 октябрьгә'},"{'datetime': '7 октября', 'reference': 'топшырылган будильник'}"
test_160,бүген кар булырмы?,weather/find,AddToPlaylist,False,0.7065,False,False,False,"{'datetime': 'бүген', 'weather/attribute': 'кар'}","{'artist': 'башкаручы', 'music_item': 'музыкаль объект төре', 'playlist': 'плейлист исеме'}"
test_161,будильникны 15 минутка күчер,alarm/snooze_alarm,modify_alarm,False,0.838,False,True,False,{'datetime': '15 минутка'},"{'reference': 'будильник', 'datetime': '15 minutes from now', 'recurring_datetime': 'none', 'reminder/todo': 'none'}"
test_162,Күпме кар булуын фаразлыйлар?,weather/find,none,False,0.0,True,False,False,{'weather/attribute': 'кар'},{}
test_163,урамда эссе ме,weather/find,SearchCreativeWork,False,0.7406,False,False,False,"{'location': 'урамда', 'weather/attribute': 'эссе'}","{'object_name': 'эссе', 'object_type': 'эссе'}"
test_164,Бүген нинди температура булачак?,weather/find,none,False,0.5943,True,False,False,"{'datetime': 'Бүген', 'weather/attribute': 'температура'}",{}
test_165,иртәгә Далласта һава торышы нинди булыр,weather/find,weather/find,True,0.9419,False,False,False,"{'datetime': 'иртәгә', 'location': 'Далласта'}",{'location': 'Dallas'}
test_166,бүгенгегә минем бөтен искә төшерүләрне күрсәт,reminder/show_reminders,none,False,0.0,True,False,False,"{'datetime': 'бүгенгегә', 'reference': 'минем бөтен'}",{}
test_167,Атна саен продукт сатып алу турында хәтерләтү куй.,reminder/set_reminder,BookRestaurant,False,0.8909,False,False,False,"{'recurring_datetime': 'Атна саен', 'reminder/todo': 'продукт сатып алу'}","{'cuisine': 'Italian', 'datetime': '2023-11-25T19:00:00Z', 'facility': 'private room', 'party_size_description': '2 people', 'party_size_number': '2', 'restaurant_name': 'La Bella Trattoria', 'restaurant_type': 'Italian restaurant'}"
test_168,һава торышы,weather/find,none,False,0.0,True,False,False,{},{}
test_169,Яңгыр көне буе явыр микән?,weather/find,none,False,0.6418,True,False,False,"{'weather/attribute': 'Яңгыр', 'datetime': 'көне буе'}",{}
test_170,Иртәгә яңгыр булырмы?,weather/find,none,False,0.0,True,False,False,"{'datetime': 'Иртәгә', 'weather/attribute': 'яңгыр'}",{}
test_171,Бүген кич эш хатларына җавап бирергә исемә төшер,reminder/set_reminder,...,False,0.6367,False,False,False,"{'datetime': 'Бүген кич', 'reminder/todo': 'эш хатларына җавап бирергә'}",{}
test_172,Будильникларны бетер,alarm/cancel_alarm,none,False,0.7879,True,False,False,{},{}
test_173,Минем будильникларны бетер,alarm/cancel_alarm,alarm/cancel_alarm,True,0.8488,False,False,False,{'reference': 'Минем'},{'reference': 'минем будильниклар'}
test_174,Мин бүген шортыны кия аламмы?,weather/find,none,False,0.8019,True,False,False,"{'datetime': 'бүген', 'weather/attribute': 'шортыны'}",{}
test_175,Иртәгә яңгыр булырмы?,weather/find,none,False,0.0,True,False,False,"{'datetime': 'Иртәгә', 'weather/attribute': 'яңгыр'}",{}
test_176,Будильникны иртәнге 10 куй,alarm/set_alarm,none,False,0.7909,False,False,False,{'datetime': 'иртәнге 10'},{}
test_177,бу атнада яңгыр булырмы,weather/find,weather/find,True,0.9005,False,False,False,"{'datetime': 'бу атнада', 'weather/attribute': 'яңгыр'}",{'condition_description': 'яңгыр'}
test_178,бөтен хәтерләтүләрне күрсәт,reminder/show_reminders,none,False,0.0,True,False,False,{'reference': 'бөтен'},{}
test_179,будильникларны бетер,alarm/cancel_alarm,none,False,0.7185,True,False,False,{},{}
test_180,бөтен будильникларны сүндер,alarm/cancel_alarm,none,False,0.0,True,False,False,{'reference': 'бөтен'},{}
test_181,бөтен будильник настройкаларын күрсәт,alarm/show_alarms,none,False,0.7828,True,False,False,{'reference': 'бөтен'},{}
test_182,Будильникны егерме минут саен куй,alarm/set_alarm,set_alarm,False,0.8248,False,False,False,{'recurring_datetime': 'егерме минут саен'},"{'datetime': 'будильник саен', 'reference': 'конкрет будильникка'}"
test_183,Минем нинди искә төшерүләрем бар?,reminder/show_reminders,set_alarm,False,0.7434,False,False,False,{'reference': 'Минем'},"{'datetime': 'минем нинди', 'reference': 'яңа будильник', 'reminder': 'нарыс'}"
test_184,иртәгегә будильникны бетер,alarm/cancel_alarm,alarm/snooze_alarm,False,0.8287,False,False,False,{'datetime': 'иртәгегә'},{}
test_185,бүген миңа зонтик кирәкме?,weather/find,none,False,0.0,True,False,False,"{'datetime': 'бүген', 'weather/attribute': 'зонтик'}",{}
test_186,бүген кар булырмы?,weather/find,AddToPlaylist,False,0.7065,False,False,False,"{'datetime': 'бүген', 'weather/attribute': 'кар'}","{'artist': 'башкаручы', 'music_item': 'музыкаль объект төре', 'playlist': 'плейлист исеме'}"
test_187,Бүген кич минем әнигә шалтыратырга искә төшер,reminder/set_reminder,set_alarm,False,0.8828,False,False,False,"{'datetime': 'Бүген кич', 'reminder/todo': 'минем әнигә шалтыратырга'}",{'datetime': '2023-04-01T09:00:00Z'}
test_188,Бүген яңгыр булырмы?,weather/find,none,False,0.0,True,False,False,"{'datetime': 'Бүген', 'weather/attribute': 'яңгыр'}",{}
test_189,Шимбә көнне яңгыр булырмы?,weather/find,weather/find,True,0.7451,False,False,False,"{'datetime': 'Шимбә', 'weather/attribute': 'яңгыр'}","{'datetime': 'Шимбә', 'location': 'урын', 'condition_description': 'яңгыр'}"
test_190,Будильникны һәр минут саен 20 минутка куясынмы?,alarm/set_alarm,alarm/set_alarm,True,0.8756,False,False,False,{'recurring_datetime': 'һәр минут саен 20 минутка'},"{'datetime': '20:00:00', 'reference': 'будильник', 'recurring_datetime': '00:00:00'}"
test_191,Кариб бассейнында тропик давыллар,weather/find,weather/find,True,0.8222,False,False,False,"{'location': 'Кариб', 'weather/attribute': 'тропик давыллар'}","{'location': 'Кариб бассейн', 'weather/climate': 'тропик давыллар'}"
test_192,барлык будильникларны бетер,alarm/cancel_alarm,alarm/snooze_alarm,False,0.8585,False,False,False,{'reference': 'барлык'},{}
test_193,Будильникны тугыз минут саен куй,alarm/set_alarm,set_alarm,False,0.7644,False,False,False,{'recurring_datetime': 'тугыз минут саен'},"{'datetime': 'будильник саен', 'reference': 'будильник', 'reminder/todo': 'тогуз минут'}"
test_194,Минем исемлектән соңгы ике хәтерләтүне бетер,reminder/cancel_reminder,none,False,0.0,True,False,False,{'reference': 'соңгы ике'},{}
test_195,бүген һава торышы нинди,weather/find,none,False,0.0,True,False,False,{'datetime': 'бүген'},{}
test_196,минем будильнигымны кабыз,alarm/set_alarm,none,False,0.5731,True,False,False,{'reference': 'минем'},{}
test_197,Бүген һаваның дымлылыгы нинди?,weather/find,weather/find,True,0.8967,False,False,False,"{'datetime': 'Бүген', 'weather/attribute': 'һаваның дымлылыгы'}",{'condition_description': 'дымлылык'}
test_198,миңа торыр өчен будильникны куерга исемә төшер,reminder/set_reminder,none,False,0.0,True,False,False,{'reminder/todo': 'миңа торыр өчен будильникны куерга'},{}
test_199,Бу ял көннәрендә кар явырмы?,weather/find,none,False,0.0,True,False,False,"{'datetime': 'Бу ял көннәрендә', 'weather/attribute': 'кар'}",{}
test_200,Бүген никадәр эссе булачак?,weather/find,SearchCreativeWork,False,0.6305,False,False,False,"{'datetime': 'Бүген', 'weather/attribute': 'эссе'}","{'object_name': 'essay', 'object_type': 'creative work'}"
test_201,Минем будильнигым нинди вакытка куелган,alarm/show_alarms,none,False,0.8852,True,False,False,{'reference': 'Минем'},{}
test_202,Бүген һава торышы нинди?,weather/find,BookRestaurant,False,0.833,False,False,False,{'datetime': 'Бүген'},"{'cuisine': 'Italian', 'datetime': '2023-04-15T19:00:00Z', 'location': 'Downtown', 'party_size_description': '2 adults', 'party_size_number': '2', 'restaurant_name': 'La Bella Trattoria', 'restaurant_type': 'Italian restaurant', 'served_dish': 'Pasta Carbonara', 'sort': 'price'}"
test_203,Иртәгә яңгыр явармы?,weather/find,none,False,0.0,True,False,False,"{'datetime': 'Иртәгә', 'weather/attribute': 'яңгыр'}",{}
test_204,Сишәмбе көнне иртәнге 5:15 минем будильнигымны бетер,alarm/cancel_alarm,set_alarm,False,0.8635,False,False,False,"{'datetime': 'Сишәмбе көнне иртәнге 5:15', 'reference': 'минем'}","{'datetime': '5:15', 'reference': 'Сишәмбе көнне иртәнге 5:15 минем будильнигым', 'reminder/todo': 'Сишәмбе көнне иртәнге 5:15 минем будильнигымны бетерү'}"
test_205,бүгенге уен турында искәртүне бетер,reminder/cancel_reminder,set_reminder,False,0.8725,False,False,False,"{'datetime': 'бүгенге', 'reminder/todo': 'уен'}","{'datetime': 'дата/вакыт', 'reminder/todo': 'искәртүне бетерү'}"
test_206,будильникны иртәнге көндезге 3-ке куй,alarm/set_alarm,alarm/set_alarm,True,0.8412,False,False,False,{'datetime': 'көндезге 3-ке'},"{'datetime': '3-ке куй', 'reference': 'будильникны иртәнге'}"
test_207,шимбә көнне бөтен будильникларны бетер,alarm/cancel_alarm,reminder/snooze_reminder,False,0.7593,False,False,False,"{'datetime': 'шимбә көнне', 'reference': 'бөтен'}","{'datetime': 'дата/вакыт', 'reference': 'конкрет будильникка күрсәтү'}"
test_208,Миңа Лизаны алу турында искәртү кирәк,reminder/set_reminder,AddToPlaylist,False,0.8429,False,False,False,{'reminder/todo': 'Лизаны алу'},"{'artist': 'Lizzy Bogan', 'music_item': 'Lizzy Bogan', 'playlist': 'My Playlist'}"
test_209,Бүген нинди югары температура?,weather/find,none,False,0.7342,True,False,False,"{'datetime': 'Бүген', 'weather/attribute': 'югары'}",{}
test_210,Бүген Гринстоунда болытлы булырмы?,weather/find,none,False,0.0,True,False,False,"{'datetime': 'Бүген', 'location': 'Гринстоунда', 'weather/attribute': 'болытлы'}",{}
test_211,Соңрак искә төшер,reminder/set_reminder,BookRestaurant,False,0.7383,False,False,False,{'datetime': 'Соңрак'},{'datetime': '15:00'}
test_212,бүген франциядә нинди һава торышы,weather/find,none,False,0.0,True,False,False,"{'datetime': 'бүген', 'location': 'франциядә'}",{}
test_213,Шимбә кичәсендә кояшлы булырмы?,weather/find,none,False,0.0,True,False,False,"{'datetime': 'Шимбә', 'weather/attribute': 'кояшлы'}",{}
test_214,Иртәгә яңгыр явармы?,weather/find,none,False,0.0,True,False,False,"{'datetime': 'Иртәгә', 'weather/attribute': 'яңгыр'}",{}
test_215,Мин бүген шортыны кия аламмы?,weather/find,none,False,0.8019,True,False,False,"{'datetime': 'бүген', 'weather/attribute': 'шортыны'}",{}
test_216,Минем искәртүемне күрсәт,reminder/show_reminders,set_reminder,False,0.6552,False,False,False,{'reference': 'Минем'},"{'datetime': 'next Wednesday at 3 PM', 'reference': 'dentist appointment'}"
test_217,Сентябрьдә уртача һава торышы нинди,weather/find,weather/find,True,0.9056,False,False,False,{'datetime': 'Сентябрьдә'},"{'datetime': 'Сентябрь', 'location': 'уртача', 'condition_description': 'уртача һава торышы'}"
test_218,Бүген салкынмы?,weather/find,none,False,0.0,True,False,False,"{'datetime': 'Бүген', 'weather/attribute': 'салкынмы'}",{}
test_219,Бөтен искәртүләремне бетер,reminder/cancel_reminder,none,False,0.0,True,False,False,{'reference': 'Бөтен'},{}
test_220,монда эссеме?,weather/find,none,False,0.0,True,False,False,{'weather/attribute': 'эссеме'},{}
test_221,Ял көннәрендә көндезге 2 будильнигымны куй,alarm/set_alarm,set_alarm,False,0.8213,False,False,False,{'recurring_datetime': 'Ял көннәрендә көндезге 2'},"{'datetime': 'яланын дини', 'reference': 'будильник2', 'recurring_datetime': 'яланын дини'}"
test_222,Будильникны иртәнге 2 куй,alarm/set_alarm,none,False,0.8337,False,False,False,{'datetime': 'иртәнге 2'},{}
test_223,Бүген һаваның дымлылыгы нинди?,weather/find,weather/find,True,0.8967,False,False,False,"{'datetime': 'Бүген', 'weather/attribute': 'һаваның дымлылыгы'}",{'condition_description': 'дымлылык'}
test_224,минем бөтен будильникларымны күрсәт,alarm/show_alarms,set_alarm,False,0.6217,False,False,False,{'reference': 'минем бөтен'},"{'datetime': '2023-04-05T08:00:00Z', 'reference': 'my alarm'}"
test_225,Минем бөтен искәртүләремне күрсәт,reminder/show_reminders,none,False,0.0,True,False,False,{'reference': 'Минем бөтен'},{}
test_226,бөтен будильникларымны бетер,alarm/cancel_alarm,none,False,0.0,True,False,False,{'reference': 'бөтен'},{}
test_227,Давыл минем районыма якынлашамы?,weather/find,none,False,0.0,True,False,False,"{'weather/attribute': 'Давыл', 'location': 'минем районыма'}",{}
test_228,бүген һава торышы нинди,weather/find,none,False,0.0,True,False,False,{'datetime': 'бүген'},{}
test_229,соңгы искәртүемне бетер,reminder/cancel_reminder,SetReminder,False,0.818,False,False,False,{'reference': 'соңгы'},"{'datetime': 'соңгы', 'reference': 'конкрет искәртүга'}"
test_230,Будильникка күпме вакыт калды.,alarm/time_left_on_alarm,alarm/time_left_on_alarm,True,0.8856,False,True,False,{},{'reference': 'будильникка күрсәтү'}
test_231,Якшәмбе көнне минем бөтен будильникларымны бетер.,alarm/cancel_alarm,alarm/cancel_alarm,True,0.8739,False,False,False,"{'datetime': 'Якшәмбе көнне', 'reference': 'минем бөтен'}",{'reference': 'Якшәмбе көнне минем Будильник'}
test_232,Бүген нихәтле эссе булачак?,weather/find,none,False,0.0,True,False,False,"{'datetime': 'Бүген', 'weather/attribute': 'эссе'}",{}
test_233,Мин сине иртәгә иртәнге 8:45 яңа будильникны куерга теләр идем,alarm/set_alarm,none,False,0.8693,True,False,False,{'datetime': 'иртәгә иртәнге 8:45'},{}
test_234,бөтен будильникларны бетер,alarm/cancel_alarm,alarm/snooze_alarm,False,0.6461,False,False,False,{'reference': 'бөтен'},{}
test_235,Бүген кар явармы?,weather/find,none,False,0.0,True,False,False,"{'datetime': 'Бүген', 'weather/attribute': 'кар'}",{}
test_236,миңа бозны алырга искә төшер,reminder/set_reminder,none,False,0.7785,True,False,False,{'reminder/todo': 'бозны алырга'},{}
test_237,бөтен искәртүләремне күрсәт,reminder/show_reminders,none,False,0.0,True,False,False,{'reference': 'бөтен'},{}
test_238,бөтен будильникларымны күрсәт,alarm/show_alarms,none,False,0.0,True,False,False,{'reference': 'бөтен'},{}
test_239,Сан-Францискода һава торышы нинди?,weather/find,weather/find,True,0.964,False,False,False,{'location': 'Сан - Францискода'},{'location': 'San Francisco'}
test_240,Бөтен искәртүләремне бетер,reminder/cancel_reminder,none,False,0.0,True,False,False,{'reference': 'Бөтен'},{}
test_241,Концерт турында искәртүне бетер,reminder/cancel_reminder,set_reminder,False,0.9015,False,False,False,{'reminder/todo': 'Концерт'},"{'datetime': '2023-04-15T19:00:00Z', 'reminder/todo': 'Концерт искәртүне бетерү.'}"
test_242,Иртәгә иртәнге будильникны бетер,alarm/cancel_alarm,cancel_alarm,False,0.8314,False,False,False,{'datetime': 'Иртәгә иртәнге'},{'reference': 'будильникка күрсәтү'}
test_243,бу атнада яңгыр явармы,weather/find,none,False,0.0,True,False,False,"{'datetime': 'бу атнада', 'weather/attribute': 'яңгыр'}",{}
test_244,Гольф уйнау өчен чәршәмбе көнне һава торышы нинди?,weather/find,weather/find,True,0.7889,False,False,False,{'datetime': 'чәршәмбе көнне'},"{'datetime': 'буды', 'location': 'урын', 'condition_description': 'яңгыр'}"
test_245,бөтен будильникларымны күрсәт,alarm/show_alarms,none,False,0.0,True,False,False,{'reference': 'бөтен'},{}
test_246,бөтен иртәгә будильникларны сүндер,alarm/cancel_alarm,none,False,0.0,True,False,False,"{'reference': 'бөтен', 'datetime': 'иртәгә'}",{}
test_247,Будильнигымны бүген кичке 5 куй,alarm/set_alarm,none,False,0.8275,True,False,False,{'datetime': 'бүген кичке 5'},{}
test_248,будильнигымны иртәге 7-гә куй,alarm/set_alarm,alarm/set_alarm,True,0.8203,False,False,False,{'datetime': 'иртәге 7-гә'},"{'datetime': '7-гә куй', 'reference': 'будильник'}"
test_249,Иртәгә кояшлы булырмы?,weather/find,none,False,0.0,True,False,False,"{'datetime': 'Иртәгә', 'weather/attribute': 'кояшлы'}",{}
test_250,бүген нинди эссе булыр,weather/find,SearchCreativeWork,False,0.6269,False,False,False,"{'datetime': 'бүген', 'weather/attribute': 'эссе'}",{'object_name': 'essay'}
test_251,Бир ноль йолдызлар Halo: Ghosts of Onyx,RateBook,none,False,0.8609,True,False,False,"{'rating_value': 'ноль', 'rating_unit': 'йолдызлар', 'object_name': 'Halo: Ghosts of Onyx'}",{}
test_252,Джой Нило музыкасын кабыз .,PlayMusic,AddToPlaylist,False,0.69,False,False,False,{'artist': 'Джой Нило'},"{'artist': 'Joy Nilo', 'music_item': 'song', 'playlist': 'playlist_name'}"
test_253,"Зинһар, миңа 20 Hours in America дип аталган видеоуен таб .",SearchCreativeWork,none,False,0.0,True,False,False,"{'object_name': '20 Hours in America', 'object_type': 'видеоуен'}",{}
test_254,Мин ясаган плейлистымны уйнат,PlayMusic,AddToPlaylist,False,0.9019,False,False,False,{'playlist': 'ясаган'},{'playlist': 'мин ясаган плейлистым'}
test_255,Термонтта 9 кешегә урын броньла,BookRestaurant,BookRestaurant,True,0.8425,False,False,False,"{'location': 'Термонтта', 'party_size_number': '9 кешегә'}","{'datetime': '9:00', 'cuisine': 'Taco', 'party_size': '2', 'location': 'Taco Bell', 'restaurant_name': 'Taco Bell', 'restaurant_type': 'Fast Food'}"
test_256,Бу көйне Доротиның 80's party плейлистына өстә,AddToPlaylist,AddToPlaylist,True,0.8391,False,False,False,"{'music_item': 'көйне', 'reference': 'Доротиның', 'playlist': ""80's party""}","{'artist': 'DOROTHY', 'playlist': ""80's party playout"", 'music_item': 'song', 'genre': 'pop music', 'service': 'Spotify', 'sort': 'new releases'}"
test_257,Last FM-да Эдди Винсонның иң яңа көйен кабыз .,PlayMusic,none,False,0.0,True,False,False,"{'service': 'Last FM-да', 'artist': 'Эдди Винсонның', 'sort': 'иң яңа', 'music_item': 'көйен'}",{}
test_258,Небрасканың һава торышын тикшер .,weather/find,weather/find,True,0.9527,False,False,False,{'location': 'Небрасканың'},{'location': 'Nebraska'}
test_259,NC-да хәзер буран бармы ?,weather/find,none,False,0.0,True,False,True,"{'location': 'NC-да', 'datetime': 'хәзер', 'condition_description': 'буран'}",{}
test_260,Мин 1998 елгы минионны тыңларга телим .,PlayMusic,listen_to_radio,False,0.8472,False,False,False,"{'datetime': '1998', 'music_item': 'минионны'}","{'datetime': '1998', 'object_name': 'mini-on', 'object_type': 'radio'}"
test_261,Миңа Дипсон театрларында A Yiddish World Remembered өчен вакыт кирәк,SearchScreeningEvent,BookRestaurant,False,0.8711,False,False,False,"{'location': 'Дипсон театрларында', 'movie_name': 'A Yiddish World Remembered', 'object_type': 'вакыт'}","{'cuisine': 'Yiddish theater performances', 'datetime': 'specific date and time', 'location': 'Dypson theaters', 'party_size_description': 'group interested in Yiddish theater', 'party_size_number': 'number of people in the group', 'restaurant_name': 'Dypson theaters', 'restaurant_type': 'theater', 'served_dish': 'cultural experience', 'sort': 'cultural experience'}"
test_262,Хәзерге дәреслеккә 6-дан 1 балл бир,RateBook,AddToPlaylist,False,0.8304,False,False,False,"{'object_select': 'Хәзерге', 'object_type': 'дәреслеккә', 'best_rating': '6-дан', 'rating_value': '1'}","{'artist': 'Хәзерге Дәреслек', 'music_item': 'Бал', 'playlist': 'Хәзерге Дәреслек Плейлист', 'service': 'Spotify', 'sort': 'new releases'}"
test_263,Мэтт Мерфиның көйен Flow Español плейлистына өстә.,AddToPlaylist,AddToPlaylist,True,0.9116,False,False,False,"{'artist': 'Мэтт Мерфиның', 'music_item': 'көйен', 'playlist': 'Flow Español'}","{'artist': 'MATT MERFIE', 'playlist': 'Flow Español'}"
test_264,Мин 3 кешегә 20/05/2025 Техас янындагы судан гастропабын броньларга телим .,BookRestaurant,BookRestaurant,True,0.8675,False,False,True,"{'party_size_number': '3', 'datetime': '20/05/2025', 'location': 'Техас | янындагы', 'cuisine': 'судан', 'restaurant_type': 'гастропабын'}","{'cuisine': 'Texan', 'datetime': '2025-05-20T00:00:00Z', 'location': 'Texas restaurant', 'party_size': '4', 'restaurant_name': 'Gastropub', 'restaurant_type': 'Gastropub'}"
test_265,Син The Approach телесериал таба алмасыңмы,SearchCreativeWork,BookRestaurant,False,0.8373,False,False,False,"{'object_name': 'The Approach', 'object_type': 'телесериал'}","{'cuisine': 'The Approach TV series', 'datetime': 'today', 'location': 'online streaming service'}"
test_266,Бу хроникага 2 балл бир.,RateBook,BookRestaurant,False,0.7877,False,False,True,"{'object_select': 'Бу', 'object_part_of_series_type': 'хроникага', 'rating_value': '2'}","{'cuisine': 'Italian', 'datetime': '2023-04-15T19:00:00Z', 'facility': 'private room', 'location': 'Downtown', 'party_size_description': '2 people', 'party_size_number': '2', 'restaurant_name': 'La Bella Trattoria', 'restaurant_type': 'Italian restaurant', 'served_dish': 'Pasta Carbonara', 'sort': 'price'}"
test_267,The American Scene-ка 6-дан 2 йолдыз бир,RateBook,none,False,0.0,True,False,False,"{'object_name': 'The American Scene-ка', 'best_rating': '6-дан', 'rating_value': '2', 'rating_unit': 'йолдыз'}",{}
test_268,Минем Nação Reggae плейлистына emilie autumn өстә.,AddToPlaylist,AddToPlaylist,True,0.8701,False,False,False,"{'reference': 'Минем', 'playlist': 'Nação Reggae', 'artist': 'emilie autumn'}","{'artist': 'emilie autumn', 'playlist': 'Nação Reggae playout', 'music_item': 'emilie autumn song', 'service': 'Spotify', 'sort': 'Release date'}"
test_269,Мин Гамбиядәге яһүд ресторанын броньларга телим .,BookRestaurant,none,False,0.0,True,False,True,"{'location': 'Гамбиядәге', 'cuisine': 'яһүд', 'restaurant_type': 'ресторанын'}",{}
test_270,Fried chicken restaurant өстәленә заказ бир,BookRestaurant,BookRestaurant,True,0.9154,False,False,True,{'restaurant_name': 'Fried chicken restaurant'},"{'cuisine': 'fried chicken', 'party_size_description': '1 person', 'party_size_number': '1'}"
test_271,минем House Afterwork плейлистымна we have a theme song өстә,AddToPlaylist,AddToPlaylist,True,0.9108,False,False,False,"{'reference': 'минем', 'playlist': 'House Afterwork', 'entity_name': 'we have a theme song'}","{'artist': 'Theme Song Artist', 'music_item': 'Theme Song', 'playlist': 'House Afterwork'}"
test_272,2026 елның унтугызынчы октябрендә моннан ерак түгел нинди һава торышы булачак ?,weather/find,weather/find,True,0.8853,False,False,False,"{'datetime': '2026 елның унтугызынчы октябрендә', 'location': 'моннан | ерак түгел'}","{'datetime': '2026-10-16', 'location': 'unidentified location'}"
test_273,Уолденда һава торышы Россия 26/12/2018,weather/find,weather/find,True,0.9191,False,False,False,"{'location': 'Уолденда | Россия', 'datetime': '26/12/2018'}","{'location': 'Уолденда', 'datetime': '26/12/2018', 'condition_description': 'Russia'}"
test_274,Мин каенана һәм миңа бер елдан соң Buckner ресторанны броньларга телим .,BookRestaurant,none,False,0.6767,True,False,True,"{'party_size_description': 'каенана һәм миңа', 'datetime': 'бер елдан соң', 'location': 'Buckner', 'restaurant_type': 'ресторанны'}",{}
test_275,Бу китапка 1 балл бир,RateBook,RateBook,True,0.8463,False,False,False,"{'object_select': 'Бу', 'object_type': 'китапка', 'rating_value': '1'}",{'rating_value': '1'}
test_276,бу башкаручыны минем spotlight on country 2016 плейлистына өстә,AddToPlaylist,AddToPlaylist,True,0.8859,False,False,False,"{'music_item': 'башкаручыны', 'reference': 'минем', 'playlist': 'spotlight on country 2016'}","{'artist': 'Spotlight on Country', 'music_item': '2016', 'playlist': '2016'}"
test_277,Син Epic Conditions рәсемен таба алмасыңмы ?,SearchCreativeWork,none,False,0.0,True,False,False,"{'object_name': 'Epic Conditions', 'object_type': 'рәсемен'}",{}
test_278,Iheart-та rich sex уйна,PlayMusic,BookRestaurant,False,0.7073,False,False,True,"{'service': 'Iheart-та', 'track': 'rich sex'}","{'cuisine': 'rich', 'datetime': 'evening', 'location': 'high-end restaurant'}"
test_279,Bartok the Magnificent иртәнге җидедә башланачакмы ?,SearchScreeningEvent,none,False,0.0,True,False,False,"{'movie_name': 'Bartok the Magnificent', 'datetime': 'иртәнге җидедә'}",{}
test_280,Zvooq-да берәр нәрсә уйна,PlayMusic,none,False,0.0,True,False,False,{'service': 'Zvooq-да'},{}
test_281,Миңа Крис Найт музыкасын тыңларга бир,PlayMusic,AddToPlaylist,False,0.8614,False,False,False,{'artist': 'Крис Найт'},"{'artist': 'Chris Knight', 'music_item': 'music item', 'playlist': 'playlist name'}"
test_282,Джилл Собул альбомын кабыз,PlayMusic,none,False,0.0,True,False,True,"{'album': 'Джилл Собул', 'music_item': 'альбомын'}",{}
test_283,The Broken Window дүрт йолдыз бирегез,RateBook,BookRestaurant,False,0.9433,False,False,False,"{'object_name': 'The Broken Window', 'rating_value': 'дүрт', 'rating_unit': 'йолдыз'}","{'cuisine': 'билим', 'datetime': 'билим', 'facility': 'билим', 'location': 'билим', 'party_size_description': 'билим', 'party_size_number': 'билим', 'restaurant_name': 'билим', 'restaurant_type': 'билим', 'served_dish': 'билим', 'sort': 'билим'}"
test_284,Tatra-милли паркында иртәнге 6да һава торышын миңа әйт,weather/find,weather/find,True,0.8965,False,False,False,"{'location': 'Tatra-милли паркында', 'datetime': 'иртәнге 6да'}","{'location': 'Tatra-milly park', 'datetime': 'today'}"
test_285,"Зинһар, миңа бистродагы өстәлне броньла, анда lorna doone хезмәт итәләр .",BookRestaurant,none,False,0.6739,True,False,True,"{'restaurant_type': 'бистродагы', 'served_dish': 'lorna doone'}",{}
test_286,The Mystery of the Tolling Bell сериалны 4 йолдызга бәялә .,RateBook,SearchScreeningEvent,False,0.8621,False,False,True,"{'object_name': 'The Mystery of the Tolling Bell', 'object_part_of_series_type': 'сериалны', 'rating_value': '4', 'rating_unit': 'йолдызга'}","{'datetime': '4', 'location': 'unknown', 'movie_name': 'The Mystery of the Tolling Bell', 'object_type': 'serie', 'sort': 'unknown'}"
test_287,Музыка уйнау өчен Groove Shark куллан,PlayMusic,PlayMusic,True,0.8879,False,False,False,{'service': 'Groove Shark'},"{'artist': 'textтан алынган кыйммәт', 'music_item': 'textтан алынган кыйммәт', 'playlist': 'textтан алынган кыйммәт'}"
test_288,Якындагы кинотеатрда Snowbound күрсәтү графигын тикшер .,SearchScreeningEvent,SearchCreativeWork,False,0.9474,False,False,True,"{'location': 'Якындагы', 'object_location_type': 'кинотеатрда', 'movie_name': 'Snowbound'}","{'object_name': 'Snowbound', 'object_type': 'film'}"
test_289,"Зинһар, Zvooq ач",PlayMusic,none,False,0.0,True,False,False,{'service': 'Zvooq'},{}
test_290,1 кешегә урын Меритта Town of Ramsgate броньла,BookRestaurant,BookRestaurant,True,0.9196,False,False,True,"{'party_size_number': '1', 'location': 'Меритта', 'restaurant_name': 'Town of Ramsgate'}","{'cuisine': 'unknown', 'datetime': '2023-04-01T19:00:00Z', 'facility': 'unknown', 'location': 'Ramsgate', 'party_size_description': 'unknown', 'party_size_number': 'unknown', 'restaurant_name': 'Mersey Town', 'restaurant_type': 'unknown', 'served_dish': 'unknown', 'sort': 'unknown'}"
test_291,I Think I Do кичке 7-дә уйныймы ?,SearchScreeningEvent,none,False,0.0,True,False,False,"{'movie_name': 'I Think I Do', 'datetime': 'кичке 7-дә'}",{}
test_292,Custer National Forest кичке җидедә салкынрак булырмы,weather/find,BookRestaurant,False,0.8919,False,False,True,"{'location': 'Custer National Forest', 'datetime': 'кичке җидедә', 'condition_temperature': 'салкынрак'}","{'cuisine': 'salmon', 'datetime': 'today', 'location': 'Custer National Forest'}"
test_293,Мин Youtube-та берәр нәрсә тыңларга телим,PlayMusic,SearchScreeningEvent,False,0.8302,False,False,False,{'service': 'Youtube-та'},"{'object_name': 'Berär neçese', 'object_type': 'Video', 'service': 'YouTube'}"
test_294,Difficult Loves уенын эзлә,SearchCreativeWork,SearchCreativeWork,True,0.719,False,False,False,"{'object_name': 'Difficult Loves', 'object_type': 'уенын'}",{'object_name': 'Difficult Loves'}
test_295,Нинди һава торышы 20 февральгә Bothe-Napa Valley дәүләт паркында ?,weather/find,weather/find,True,0.8888,False,False,False,"{'datetime': '20 февральгә', 'location': 'Bothe-Napa Valley дәүләт паркында'}",{'location': 'Bothe-Napa Valley Staatspark'}
test_296,миңа кинотеатр янындагы The Great Gildersleeve фильмы сессияләре расписаниесен күрсәт,SearchScreeningEvent,SearchScreeningEvent,True,0.8091,False,False,True,"{'object_location_type': 'кинотеатр', 'movie_name': 'The Great Gildersleeve', 'object_type': 'расписаниесен'}","{'object_name': 'The Great Gildersleeve', 'object_type': 'film', 'datetime': 'upcoming screening dates', 'location': 'cinema location name'}"
test_297,Миңа Гибслендта һава торышын әйт,weather/find,SearchCreativeWork,False,0.7456,False,False,False,{'location': 'Гибслендта'},{'object_name': 'Гибсленд'}
test_298,Мин күршедәге кино графигын белә аламмы,SearchScreeningEvent,none,False,0.7533,True,False,False,"{'location': 'күршедәге', 'movie_type': 'кино', 'object_type': 'графигын'}",{}
test_299,Soul Music-ка 0 балл бир .,RateBook,Soul Music,False,0.88,False,False,False,"{'object_name': 'Soul Music-ка', 'rating_value': '0'}",{}
test_300,Сарджентстада татар тавернасында биш кешегә өстәл заказ итегез,BookRestaurant,BookRestaurant,True,0.8926,False,False,True,"{'location': 'Сарджентстада', 'cuisine': 'татар', 'restaurant_type': 'тавернасында', 'party_size_number': 'биш'}","{'cuisine': 'Tatar', 'datetime': 'now', 'party_size': '2', 'restaurant_name': 'Tatar Tavern', 'restaurant_type': 'Tavern'}"
test_301,All Things Must Pass кабыз,PlayMusic,none,False,0.0,True,False,True,{'track': 'All Things Must Pass'},{}
test_302,Кореяда бер сәгатьтән соң нинди яңгыр фаразы булачак,weather/find,weather/find,True,0.8405,False,False,True,"{'location': 'Кореяда', 'datetime': 'бер сәгатьтән соң', 'condition_description': 'яңгыр'}","{'condition_description': 'яңгыр', 'datetime': 'бер сағаттан соң', 'location': 'Корея'}"
test_303,Оклахомада South Street Diner-да 4 кешелек урын броньла,BookRestaurant,none,False,0.0,True,False,True,"{'location': 'Оклахомада', 'restaurant_name': 'South Street Diner-да', 'party_size_number': '4'}",{}
test_304,Netflix-тан музыканы уйнат .,PlayMusic,SearchCreativeWork,False,0.9132,False,False,False,{'service': 'Netflix-тан'},"{'object_name': 'Netflix', 'object_type': 'streaming service'}"
test_305,Мин Shattered Image-не күрергә телим .,SearchScreeningEvent,none,False,0.0,True,False,False,{'movie_name': 'Shattered Image-не'},{}
test_306,The Sound of One Hand Clapping-ны таб,SearchCreativeWork,SearchCreativeWork,True,0.6828,False,False,False,{'object_name': 'The Sound of One Hand Clapping-ны'},"{'object_name': 'Sound of One Hand Clapping', 'object_type': 'soundtrack'}"
test_307,Wolves Within альбомын эзлә,SearchCreativeWork,SearchCreativeWork,True,0.9418,False,False,False,"{'object_name': 'Wolves Within', 'object_type': 'альбомын'}","{'object_name': 'Wolves Within album', 'object_type': 'album'}"
test_308,берәр кинотеатрда We Are Northern Lights күрсәтеләрмә,SearchScreeningEvent,SearchScreeningEvent,True,0.8572,False,False,True,"{'object_location_type': 'кинотеатрда', 'movie_name': 'We Are Northern Lights'}","{'location': 'Northern Lights Cinema', 'datetime': 'today', 'movie_name': 'We Are Northern Lights'}"
test_309,"Безнең кечкенә дөнья почмагы, Гилмор кыз музыкасы минем Иң көлкесе әйберләр футболда плейлистыма өстә.",AddToPlaylist,SearchCreativeWork,False,0.807,False,False,False,"{'entity_name': 'Безнең кечкенә дөнья почмагы , Гилмор кыз музыкасы', 'reference': 'минем', 'playlist': 'Иң көлкесе әйберләр футболда'}","{'object_name': 'Иң', 'object_type': 'футбол'}"
test_310,Саутфорд Фолс дәүләт паркында эссе һава торышы фаразы нинди,weather/find,weather/find,True,0.8637,False,False,True,"{'location': 'Саутфорд Фолс дәүләт паркында', 'condition_temperature': 'эссе'}","{'location': 'Саутфорд Фолс дәүләт паркында', 'attribute': 'weather/condition_description'}"
test_311,"Зинһар, миӊа Гана парковкасы белән пиццерия өстәленә заказ бир .",BookRestaurant,AddToPlaylist,False,0.8318,False,False,True,"{'location': 'Гана', 'facility': 'парковкасы', 'restaurant_type': 'пиццерия'}","{'artist': 'Ghana Parks Pizza', 'music_item': 'Pizza Order', 'playlist': 'My Playlist'}"
test_312,Мин җитмешенче еллар саундтрегын тыңларга телим .,PlayMusic,PlayMusic,True,0.8585,False,False,False,"{'datetime': 'җитмешенче', 'music_item': 'саундтрегын'}","{'artist': 'Elton John', 'music_item': 'Greatest Hits'}"
test_313,Ике сәгатьтән соң Үзбәкстанда һава торышы,weather/find,weather/find,True,0.926,False,False,False,"{'datetime': 'Ике сәгатьтән соң', 'location': 'Үзбәкстанда'}","{'location': 'Үзбәкстан', 'attribute': 'weather'}"
test_314,"Зинһар, миңа Journal of the British Astronomical Association фильмын таб .",SearchCreativeWork,none,False,0.0,True,False,False,"{'object_name': 'Journal of the British Astronomical Association', 'object_type': 'фильмын'}",{}
test_315,"Уордвилл-да, Канзас-та 8 кешелек урын броньла",BookRestaurant,none,False,0.8847,True,False,False,"{'location': 'Уордвилл-да | Канзас-та', 'party_size_number': '8'}",{}
test_316,Нинди һава торышы моннан ерак булачак ?,weather/find,none,False,0.0,True,False,False,{'location': 'моннан | ерак'},{}
test_317,Ричард Макнамараның яңа җырын Just Smile плейлистыма өстә,AddToPlaylist,AddToPlaylist,True,0.9015,False,False,False,"{'artist': 'Ричард Макнамараның', 'music_item': 'җырын', 'playlist': 'Just Smile'}","{'artist': 'Richard MacNamara', 'music_item': 'Just Smile', 'playlist': 'Just Smile Playlist'}"
test_318,монда 1 секундтан соң никадәр салкын булыр,weather/find,weather/find,True,0.8626,False,False,True,"{'location': 'монда', 'datetime': '1 секундтан соң', 'condition_temperature': 'салкын'}","{'location': 'Монда', 'condition_description': 'салкын', 'datetime': '1 секундтан соң'}"
test_319,With You исемле рәсем эзлә,SearchCreativeWork,none,False,0.8676,True,False,False,"{'object_name': 'With You', 'object_type': 'рәсем'}",{}
test_320,Deadly Weapons иҗади эшен таб,SearchCreativeWork,SearchCreativeWork,True,0.7802,False,False,False,{'object_name': 'Deadly Weapons'},"{'object_name': 'Deadly Weapons', 'object_type': 'эштә'}"
test_321,Ноябрьдә Брукнилда һава торышы нинди булыр ?,weather/find,weather/find,True,0.8932,False,False,False,"{'datetime': 'Ноябрьдә', 'location': 'Брукнилда'}","{'datetime': 'Ноябрь', 'location': 'Бруклин', 'weather/attribute': 'һава торышы'}"
test_322,Токмач өчен тавернада өстәл броньла,BookRestaurant,none,False,0.8488,True,False,True,"{'served_dish': 'Токмач', 'restaurant_type': 'тавернада'}",{}
test_323,Коста-Рикада нинди һава торышы,weather/find,weather/find,True,0.6359,False,False,False,{'location': 'Коста - Рикада'},{'location': 'Коста-Рика'}
test_324,The Two Gladiators уйнымы,SearchScreeningEvent,none,False,0.5992,True,False,False,{'movie_name': 'The Two Gladiators'},{}
test_325,Star Theatres-да нинди фильмнар бар .,SearchScreeningEvent,BookRestaurant,False,0.9084,False,False,False,"{'location': 'Star Theatres-да', 'movie_type': 'фильмнар'}","{'cuisine': 'film genre', 'datetime': 'current date/time', 'location': 'Star Theatres'}"
test_326,Зинһар миңа Harry Hood сагасын таба аласызмы ?,SearchCreativeWork,none,False,0.0,True,False,False,"{'object_name': 'Harry Hood', 'object_type': 'сагасын'}",{}
test_327,бу көйне минем Sleepify плейлистыма өстә,AddToPlaylist,AddToPlaylist,True,0.6818,False,False,False,"{'music_item': 'көйне', 'reference': 'минем', 'playlist': 'Sleepify'}",{'playlist': 'Sleepify playout list'}
test_328,Any Which Way You Can 15 секундтан соң уйнаячакмы,SearchScreeningEvent,Any Which Way You Can,False,0.7325,False,False,False,"{'movie_name': 'Any Which Way You Can', 'datetime': '15 секундтан соң'}",{'datetime': '15 seconds later'}
test_329,E-type музыкасын кабыз .,PlayMusic,SearchCreativeWork,False,0.7037,False,False,False,{'artist': 'E-type'},{'music_item': 'cabız'}
test_330,Хәзерге китапка бер йолдыз куй,RateBook,AddToPlaylist,False,0.6694,False,False,False,"{'object_select': 'Хәзерге', 'object_type': 'китапка', 'rating_value': 'бер'}","{'artist': 'башкаручы', 'music_item': 'китап', 'service': 'булын', 'sort': 'сайлау', 'playlist': 'плейлист', 'track': 'китап'}"
test_331,Louis Nelson Delisle-ның Another Passenger уйнат .,PlayMusic,SearchScreeningEvent,False,0.6564,False,False,True,"{'artist': 'Louis Nelson Delisle-ның', 'album': 'Another Passenger'}",{'object_name': 'Another Passenger'}
test_332,Кайда мин кино графигын таба алам,SearchScreeningEvent,none,False,0.0,True,False,False,{'object_type': 'кино графигын'},{}
test_333,Эмерадода Сен-Пьер һәм Микелонда 26 сентябрьгә нинди һава торышы,weather/find,weather/find,True,0.8697,False,False,False,"{'location': 'Эмерадода | Сен - Пьер һәм Микелонда', 'datetime': '26 сентябрьгә'}","{'datetime': '26 сентябрь', 'location': 'Сен-Пьер и Микелон', 'condition_description': 'current weather conditions'}"
test_334,Ted Peters Famous Smoked Fish-та Окфилд янында 17 секундтансын ашарга барык,BookRestaurant,none,False,0.0,True,False,True,"{'restaurant_name': 'Ted Peters Famous Smoked Fish-та', 'location': 'Окфилд | янында', 'datetime': '17 секундтансын'}",{}
test_335,миңа Good Morning Sunshine трейлерын таб,SearchCreativeWork,none,False,0.0,True,False,False,"{'object_name': 'Good Morning Sunshine', 'object_type': 'трейлерын'}",{}
test_336,Мин Нидерланд Антиль утрауларында 3 кешегә сыра ресторанны броньларга телим .,BookRestaurant,BookRestaurant,True,0.8498,False,False,False,"{'location': 'Нидерланд Антиль утрауларында', 'party_size_number': '3', 'restaurant_type': 'сыра ресторанны'}","{'cuisine': 'Dutch Antillean', 'datetime': 'tomorrow morning', 'party_size': '3', 'restaurant_name': 'a restaurant', 'restaurant_type': 'restaurant', 'location': 'Antilles'}"
test_337,бу хәзерге альбомга 0 йолдыз куй,RateBook,AddToPlaylist,False,0.7839,False,False,False,"{'object_select': 'бу хәзерге', 'object_type': 'альбомга', 'rating_value': '0', 'rating_unit': 'йолдыз'}","{'artist': 'башкаручы', 'music_item': 'альбом', 'service': 'плейлист', 'sort': 'сайлау критерие', 'track': 'трек исеме', 'album_name': 'бүген альбом', 'album_sort': 'түснүктү', 'album_value': '0', 'album_unit': 'яңгыр'}"
test_338,Монакода Yankee Doodle Coffee Ѕһор-та урын алырга теләр идем,BookRestaurant,BookRestaurant,True,0.9156,False,False,True,"{'location': 'Монакода', 'restaurant_name': 'Yankee Doodle Coffee Ѕһор-та'}","{'cuisine': 'Yankee Doodle Coffee', 'datetime': 'now', 'location': 'Monaco'}"
test_339,Political punks плейлистыма башкаручыны өстә.,AddToPlaylist,AddToPlaylist,True,0.8768,False,False,False,"{'playlist': 'Political punks', 'music_item': 'башкаручыны'}","{'artist': 'Political Punks', 'playlist': 'PlayList Name'}"
test_340,Дүрт айдан соң Саванида AK-ында салкынрак булырмы,weather/find,AddToPlaylist,False,0.8567,False,False,True,"{'datetime': 'Дүрт айдан соң', 'location': 'Саванида | AK-ында', 'condition_temperature': 'салкынрак'}","{'artist': 'Savan', 'music_item': 'AK-98', 'genre': 'rock', 'service': 'Spotify'}"
test_341,минем Crash Course плейлистыма Muzika za decu өстә,AddToPlaylist,none,False,0.7525,True,False,False,"{'reference': 'минем', 'playlist': 'Crash Course', 'entity_name': 'Muzika za decu'}",{}
test_342,Molecular Oncology сагасын эзли аласынмы ?,SearchCreativeWork,SearchCreativeWork,True,0.7226,False,False,False,"{'object_name': 'Molecular Oncology', 'object_type': 'сагасын'}",{'object_name': 'Molecular Oncology'}
test_343,Мин алты кешелек ресторанны Вагстаффта AK-да броньларга телим .,BookRestaurant,none,False,0.0,True,False,False,"{'party_size_number': 'алты', 'restaurant_type': 'ресторанны', 'location': 'Вагстаффта | AK-да'}",{}
test_344,Дэвид Линдлиның симфоник музыкасын уйнат .,PlayMusic,SearchCreativeWork,False,0.8932,False,False,False,"{'artist': 'Дэвид Линдлиның', 'music_item': 'симфоник'}","{'object_name': 'Дэвид Линдли', 'object_type': 'музыкант'}"
test_345,"Зинһар, миңа Now We Are Married телесериалын таб .",SearchCreativeWork,none,False,0.0,True,False,False,"{'object_name': 'Now We Are Married', 'object_type': 'телесериалын'}",{}
test_346,Мин Outcast-ны карарга телим .,SearchScreeningEvent,none,False,0.9324,True,False,False,{'movie_name': 'Outcast-ны'},{}
test_347,минем This Is Tchaikovsky плейлистыма хәзерге трекны өстә,AddToPlaylist,AddToPlaylist,True,0.9353,False,False,False,"{'reference': 'минем', 'playlist': 'This Is Tchaikovsky', 'music_item': 'трекны'}","{'artist': 'Tchaikovsky', 'music_item': 'This Is Tchaikovsky'}"
test_348,Lastfm-да This Is: Miles Davis-ны кабыз .,PlayMusic,SearchCreativeWork,False,0.8526,False,False,False,"{'service': 'Lastfm-да', 'playlist': 'This Is: Miles Davis-ны'}","{'album': 'This Is: Miles Davis', 'artist': 'Miles Davis'}"
test_349,Танзаниядә кабымханәдә 5 кешегә иң яхшы өстәлне броньла,BookRestaurant,BookRestaurant,True,0.8483,False,False,False,"{'location': 'Танзаниядә', 'restaurant_type': 'кабымханәдә', 'party_size_number': '5', 'sort': 'иң яхшы'}","{'cuisine': 'Tanzanian cuisine', 'datetime': '2023-11-05T19:00:00Z', 'party_size': '5', 'restaurant_name': 'cAbumhan', 'restaurant_type': 'cAbumhan restaurant'}"
test_350,Әйдә Vimeo-да яхшы элекке Mohammad Mamle тыңлыйк .,PlayMusic,none,False,0.0,True,False,False,"{'service': 'Vimeo-да', 'sort': 'элекке', 'artist': 'Mohammad Mamle'}",{}
test_351,Vandemataram Srinivas трегын HipHop Hot 50-гә куй.,AddToPlaylist,none,False,0.0,True,False,False,"{'artist': 'Vandemataram Srinivas', 'music_item': 'трегын', 'playlist': 'HipHop Hot 50-гә'}",{}
test_352,Миңа Secret South җырын таб .,SearchCreativeWork,SearchCreativeWork,True,0.8913,False,False,False,"{'object_name': 'Secret South', 'object_type': 'җырын'}","{'object_name': 'Secret South', 'object_type': 'music_item', 'genre': 'country'}"
test_353,Zvooq-та туксанынчы еллар җырлары,PlayMusic,none,False,0.7746,False,False,False,"{'service': 'Zvooq-та', 'datetime': 'туксанынчы'}",{}
test_354,кичке биштән башлап Техаста Admire-да һава торышы нинди,weather/find,none,False,0.0,True,False,False,"{'datetime': 'кичке биштән', 'location': 'Техаста | Admire-да'}",{}
test_355,Last FM-да берәр нәрсә уйнат,PlayMusic,none,False,0.0,True,False,False,{'service': 'Last FM-да'},{}
test_356,Мин якындагы кинотеатрда The Portrait of a Lady карарга телим .,SearchScreeningEvent,none,False,0.7728,True,False,True,"{'location': 'якындагы', 'object_location_type': 'кинотеатрда', 'movie_name': 'The Portrait of a Lady'}",{}
test_357,"Зинһар, миңа Phineas Redux таб .",SearchCreativeWork,none,False,0.0,True,False,False,{'object_name': 'Phineas Redux'},{}
test_358,Laundry плейлистына 40 cal көйен өстә.,AddToPlaylist,AddToPlaylist,True,0.7298,False,False,False,"{'playlist': 'Laundry', 'artist': '40 cal', 'music_item': 'көйен'}","{'artist': '40 cal', 'music_item': 'көйен өстү', 'playlist': 'Laundry'}"
test_359,Itunes-ны ач һәм Ben Burnley Ready To Die-ны уйнат,PlayMusic,none,False,0.0,True,False,True,"{'service': 'Itunes-ны', 'artist': 'Ben Burnley', 'album': 'Ready To Die-ны'}",{}
test_360,5-енче декабрьдә Лихул һәйкәле янында нинди һава торышы булачак ?,weather/find,weather/find,True,0.92,False,False,False,"{'datetime': '5-енче декабрьдә', 'location': 'Лихул һәйкәле'}","{'datetime': '5-енче декабрь', 'location': 'Лихул', 'weather/attribute': 'һава торышы'}"
test_361,Якындагы кинотеатрда Sexy Dance 2 расписаниесен күрсәт,SearchScreeningEvent,none,False,0.0,True,False,True,"{'location': 'Якындагы', 'object_location_type': 'кинотеатрда', 'movie_name': 'Sexy Dance 2', 'object_type': 'расписаниесен'}",{}
test_362,Live at the Kings Center дип аталган җырны таб,SearchCreativeWork,BookRestaurant,False,0.8596,False,False,False,"{'object_name': 'Live at the Kings Center', 'object_type': 'җырны'}","{'cuisine': 'live at the Kings Center', 'datetime': 'today', 'location': 'Kings Center', 'party_size_description': '1-2', 'party_size_number': '2', 'restaurant_name': 'Kings Center', 'restaurant_type': 'live performance', 'served_dish': 'food and drinks', 'sort': 'food and drinks'}"
test_363,"Тайонкта , Нью-Джерсида нинди һава торышы",weather/find,FindWeather,False,0.7943,False,False,False,{'location': 'Тайонкта | Нью - Джерсида'},{'location': 'New Jersey'}
test_364,Мин биш кешелек өстәл Tupelo Honey Cafe-да Нью-Джерсида броньларга телим.,BookRestaurant,BookRestaurant,True,0.886,False,False,True,"{'party_size_number': 'биш', 'restaurant_name': 'Tupelo Honey Cafe-да', 'location': 'Нью - Джерсида'}","{'cuisine': 'Tupelo Honey Cafe', 'datetime': 'today', 'location': 'New Jersey'}"
test_365,чәй йорта миӊа һәм минем cеңелләремә урын броньла,BookRestaurant,BookRestaurant,True,0.8861,False,False,True,"{'restaurant_type': 'чәй йорта', 'party_size_description': 'миӊа һәм минем cеңелләремә'}","{'cuisine': 'чәй', 'datetime': 'минем', 'party_size_description': 'минем', 'party_size_number': 'минем', 'restaurant_name': 'минем', 'restaurant_type': 'минем', 'served_dish': 'минем'}"
test_366,16 февральдә Нидерландта эссе булачакмы ?,weather/find,none,False,0.0,True,False,True,"{'datetime': '16 февральдә', 'location': 'Нидерландта', 'condition_temperature': 'эссе'}",{}
test_367,Мин jordan rudess-ны Divertido para niños плейлистына өстәргә телим.,AddToPlaylist,none,False,0.0,True,False,False,"{'artist': 'jordan rudess-ны', 'playlist': 'Divertido para niños'}",{}
test_368,In the Company of Cheerful Ladies-ка 6-дан нуль куй,RateBook,none,False,0.0,True,False,False,"{'object_name': 'In the Company of Cheerful Ladies-ка', 'best_rating': '6-дан', 'rating_value': 'нуль'}",{}
test_369,Миңа иң яхшы бистрода өстәл броньла,BookRestaurant,BookRestaurant,True,0.875,False,False,False,"{'sort': 'иң яхшы', 'restaurant_type': 'бистрода'}","{'cuisine': 'Italian', 'datetime': '2023-04-15T19:00:00Z', 'location': 'Downtown', 'party_size': '2', 'restaurant_name': 'La Bella Trattoria', 'restaurant_type': 'Italian Restaurant'}"
test_370,Хәзерге дәреслеккә 6-дан 1 куй,RateBook,SetAlarm,False,0.8097,False,False,False,"{'object_select': 'Хәзерге', 'object_type': 'дәреслеккә', 'best_rating': '6-дан', 'rating_value': '1'}","{'datetime': '6-дан 1 куй', 'reference': 'Хәзерге дәреслек', 'reminder': 'Хәзерге дәреслек'}"
test_371,кино вакытлары кайчан,SearchScreeningEvent,none,False,0.0,True,False,False,{'object_type': 'кино вакытлары'},{}
test_372,Огайода нинди hава торышы булачак ?,weather/find,weather/find,True,0.5642,False,False,False,{'location': 'Огайода'},{'location': 'Ohio'}
test_373,Бу артистны Showstopper Being Mary Jane плейлистына өстә,AddToPlaylist,none,False,0.0,True,False,False,"{'music_item': 'артистны', 'playlist': 'Showstopper Being Mary Jane'}",{}
test_374,Балаларыма һәм миңа броньла,BookRestaurant,none,False,0.0,True,False,True,{'party_size_description': 'Балаларыма һәм миңа'},{}
test_375,2035 елның 21 августында Сарыкамыш тыюлыгыда нинди һава торышы булачак ?,weather/find,weather/find,True,0.9468,False,False,False,"{'datetime': '2035 елның 21 августында', 'location': 'Сарыкамыш тыюлыгыда'}","{'datetime': '2035-08-21', 'location': 'Сарыкамыш'}"
test_376,Руфь китапка 6-дан биш балл бир .,RateBook,none,False,0.6213,True,False,False,"{'object_name': 'Руфь китапка', 'best_rating': '6-дан', 'rating_value': 'биш', 'rating_unit': 'балл'}",{}
test_377,Reminiscences of the Anti-Japanese Guerillas хроникасы 6-дан ноль балл рейтинг лаек.,RateBook,none,False,0.0,True,False,True,"{'object_name': 'Reminiscences of the Anti-Japanese Guerillas', 'object_part_of_series_type': 'хроникасы', 'best_rating': '6-дан', 'rating_value': 'ноль', 'rating_unit': 'балл'}",{}
test_378,Миңа Көньяк Театрларындагы кино графикларын күрсәт,SearchScreeningEvent,none,False,0.0,True,False,False,"{'location': 'Көньяк Театрларындагы', 'object_type': 'кино графикларын'}",{}
test_379,Якындагы кинотеатрда кино графикларын таб,SearchScreeningEvent,SearchScreeningEvent,True,0.8744,False,False,False,"{'location': 'Якындагы кинотеатрда', 'object_type': 'кино графикларын'}","{'location': 'movie theater', 'datetime': 'today', 'object_type': 'movie'}"
test_380,Бу альбом Испан ритмнар плейлистына өстә,AddToPlaylist,AddToPlaylist,True,0.9049,False,False,False,"{'music_item': 'альбом', 'playlist': 'Испан ритмнар'}","{'artist': 'Испан ритмнар', 'playlist': 'плейлист'}"
test_381,6 кешегә креол тавернасында Черногориядә броньла,BookRestaurant,BookRestaurant,True,0.9117,False,False,True,"{'party_size_number': '6', 'cuisine': 'креол', 'restaurant_type': 'тавернасында', 'location': 'Черногориядә'}","{'cuisine': 'cuisine', 'datetime': 'datetime', 'location': 'location', 'party_size': 'party_size_description', 'restaurant_name': 'restaurant_name', 'restaurant_type': 'restaurant_type'}"
test_382,Cathedral сериясенә дүрт йолдыз бир .,RateBook,SearchCreativeWork,False,0.8789,False,False,True,"{'object_name': 'Cathedral', 'object_part_of_series_type': 'сериясенә', 'rating_value': 'дүрт', 'rating_unit': 'йолдыз'}","{'object_name': 'seriya', 'object_type': 'cathedral', 'sort': 'yoldyz'}"
test_383,The Famous Flower of Serving-Men минем кичке акустика плейлистымна өстә.,AddToPlaylist,none,False,0.0,True,False,False,"{'entity_name': 'The Famous Flower of Serving-Men', 'reference': 'минем', 'playlist': 'кичке акустика'}",{}
test_384,Миңа ArcLight Hollywood кинотеатырында анимацион фильмнарга гына расписаниесене күрсәт,SearchScreeningEvent,SearchCreativeWork,False,0.8562,False,False,False,"{'location': 'ArcLight Hollywood кинотеатырында', 'movie_type': 'анимацион фильмнарга', 'object_type': 'расписаниесене'}","{'object_name': 'animation movie', 'object_type': 'movie genre'}"
test_385,"Зинһар, Йолдызлы төн рәсемне таб .",SearchCreativeWork,none,False,0.6195,True,False,False,"{'object_name': 'Йолдызлы төн', 'object_type': 'рәсемне'}",{}
test_386,Бу урында 15:19:29 дымлылык нинди булачак ?,weather/find,weather/find,True,0.8952,False,False,True,"{'location': 'Бу урында', 'datetime': '15:19:29', 'condition_description': 'дымлылык'}","{'condition_description': 'дымлылык', 'datetime': '15:19:29', 'location': 'unknown location'}"
test_387,мин JLA Adventures: Trapped In Time-ны карарга телим,SearchScreeningEvent,none,False,0.5786,True,False,False,{'movie_name': 'JLA Adventures: Trapped In Time-ны'},{}
test_388,This Is Johnny Cash-ка дерек уоткинсныӊ көйен өстә,AddToPlaylist,SearchCreativeWork,False,0.9107,False,False,False,"{'playlist': 'This Is Johnny Cash-ка', 'artist': 'дерек уоткинсныӊ', 'music_item': 'көйен'}","{'object_name': 'Johnny Cash', 'object_type': 'musician', 'music_item': 'song', 'genre': 'country'}"
test_389,Fire in the Hole дип аталган иҗади эш таб,SearchCreativeWork,none,False,0.0,True,False,False,{'object_name': 'Fire in the Hole'},{}
test_390,пэтныӊ колледж янында өстәлне броньла,BookRestaurant,none,False,0.0,True,False,False,{'location': 'пэтныӊ колледж | янында'},{}
test_391,Patrick Still Lives AMC кинотеатрларында барамы,SearchScreeningEvent,BookRestaurant,False,0.6356,False,False,False,"{'movie_name': 'Patrick Still Lives', 'location': 'AMC кинотеатрларында'}",{}
test_392,Мин спа массажын броньларга телим .,BookRestaurant,none,False,0.0,True,False,True,"{'facility': 'спа', 'restaurant_type': 'массажын'}",{}
test_393,14 сәгатьтән соң берәр җирдә Кварривиллда өстәл кирәк,BookRestaurant,SearchCreativeWork,False,0.8494,False,False,False,"{'datetime': '14 сәгатьтән соң', 'location': 'Кварривиллда'}","{'object_name': 'Кварривилл', 'object_type': 'фильм', 'datetime': '14 сәгатьтан соң', 'location': 'берәр җирда'}"
test_394,Гари Ли Коннерны уйнат,PlayMusic,none,False,0.0,True,False,False,{'artist': 'Гари Ли Коннерны'},{}
test_395,иң якын кинотеатрны кайда Boycott-ны күрсәтәләр күрсәт,SearchScreeningEvent,BookTicket,False,0.8249,False,False,True,"{'location': 'иң якын', 'object_location_type': 'кинотеатрны', 'movie_name': 'Boycott-ны'}","{'location': 'boycott', 'service': 'cinema'}"
test_396,"Зинһар, минем ecstatic плейлистны кабыз.",PlayMusic,none,False,0.7304,True,False,False,{'playlist': 'ecstatic'},{}
test_397,"Зинһар, The Mad Magician җырын таб .",SearchCreativeWork,SearchCreativeWork,True,0.7859,False,False,False,"{'object_name': 'The Mad Magician', 'object_type': 'җырын'}",{'object_name': 'The Mad Magician'}
test_398,Bow Tie Cinemas-ның расписаниесен тикшер .,SearchScreeningEvent,SearchScreeningEvent,True,0.8653,False,False,False,"{'location': 'Bow Tie Cinemas-ның', 'object_type': 'расписаниесен'}","{'location': 'Bow Tie Cinemas', 'datetime': 'current_date_time'}"
test_399,Миңа Төньяк Мариан утрауларындагы пабта кичәгә 3 кешелек өстәл броньла,BookRestaurant,BookRestaurant,True,0.884,False,False,False,"{'location': 'Төньяк Мариан утрауларындагы', 'restaurant_type': 'пабта', 'party_size_number': '3'}","{'cuisine': 'Төньяк Мариан', 'datetime': 'утра', 'party_size_description': '3 кешелек', 'party_size_number': '3'}"
test_400,Миңа Infinite Indie Folk исемлеккә Rahim Shah-ның әсәрләрен өстәргә кирәк,AddToPlaylist,BookRestaurant,False,0.8444,False,False,False,"{'playlist': 'Infinite Indie Folk', 'artist': 'Rahim Shah-ның'}","{'cuisine': 'Infinite Indie Folk', 'datetime': '2023-11-01T19:00:00Z', 'location': ""Rahim Shah's restaurant"", 'party_size_description': 'a small group', 'party_size_number': '5', 'restaurant_name': 'Infinite Indie Folk', 'restaurant_type': 'restaurant'}"
test_401,Минем Te quiero плейлистыма Кече Джерри Каллистны өстә.,AddToPlaylist,none,False,0.849,True,False,False,"{'reference': 'Минем', 'playlist': 'Te quiero', 'artist': 'Кече Джерри Каллистны'}",{}
test_402,Юта янында төнге 3 сәгать тирәсендә никадәр салкынрак булачак ?,weather/find,weather/find,True,0.8463,False,False,True,"{'location': 'Юта | янында', 'datetime': 'төнге 3 сәгать', 'condition_temperature': 'салкынрак'}","{'datetime': '3 April 2023', 'location': 'Utah', 'condition_description': 'salty breeze'}"
test_403,Альбомны Hipster Soul плейлистына өстә.,AddToPlaylist,AddToPlaylist,True,0.8834,False,False,False,"{'music_item': 'Альбомны', 'playlist': 'Hipster Soul'}","{'artist': 'Hipster Soul', 'playlist': 'Hipster Soul плейлисты', 'music_item': 'альбом', 'sort': 'None'}"
test_404,"Мин унөч сәгатьтән соң деликатес ресторанында ашарга телим, анда көнчыгыш европа ризыклары сатыла",BookRestaurant,BookRestaurant,True,0.8864,False,False,True,"{'datetime': 'унөч сәгатьтән соң', 'restaurant_type': 'деликатес ресторанында', 'cuisine': 'көнчыгыш европа'}","{'cuisine': 'delicatessen', 'datetime': 'soon', 'location': 'Europe', 'party_size_description': 'couple', 'restaurant_name': 'delicatessen restaurant', 'restaurant_type': 'delicatessen restaurant'}"
test_405,алтмышынчы еллар саундтрегын кабыз,PlayMusic,SearchCreativeWork,False,0.8299,False,False,False,"{'datetime': 'алтмышынчы еллар', 'music_item': 'саундтрегын'}","{'object_name': 'altmishynchy elars soundtrack', 'object_type': 'music item'}"
test_406,Бу альбомга бер йолдыз бир,RateBook,AddToPlaylist,False,0.8113,False,False,False,"{'object_select': 'Бу', 'object_type': 'альбомга', 'rating_value': 'бер', 'rating_unit': 'йолдыз'}","{'artist': 'album_name', 'music_item': 'бер йолдыз', 'playlist': 'album_playlist_name'}"
test_407,Bryan Macleanның иң олуг музыкасын кабыз .,PlayMusic,SearchCreativeWork,False,0.9485,False,False,False,"{'artist': 'Bryan Macleanның', 'sort': 'иң олуг'}","{'object_name': 'Bryan Maclean', 'object_type': 'musician'}"
test_408,Nicodemus-та һәм аның тирәсендәге һава торышы нинди,weather/find,weather/find,True,0.8047,False,False,False,{'location': 'Nicodemus-та | аның тирәсендәге'},{'condition_description': 'Nicodemus-ta weather conditions'}
test_409,Phinally Phamous дип аталган уен эзлә,SearchCreativeWork,none,False,0.7381,True,False,False,"{'object_name': 'Phinally Phamous', 'object_type': 'уен'}",{}
test_410,Juneteenth-га 2 балл куй .,RateBook,none,False,0.8588,True,False,False,"{'object_name': 'Juneteenth-га', 'rating_value': '2'}",{}
test_411,Rhialto the Marvellous-га нуль йолдыз бир,RateBook,SearchCreativeWork,False,0.9323,False,False,False,"{'object_name': 'Rhialto the Marvellous-га', 'rating_value': 'нуль', 'rating_unit': 'йолдыз'}","{'object_name': 'Rhialto the Marvellous', 'object_type': 'musician'}"
test_412,Мин Хелена Ирен Михаэльсенның Youtube-та саундтрегын ишетергә телим,PlayMusic,none,False,0.0,True,False,False,"{'artist': 'Мин Хелена Ирен', 'service': 'Youtube-та', 'music_item': 'саундтрегын'}",{}
test_413,5 кешегә 20/01/2023 MH-да өстәл броньла,BookRestaurant,BookRestaurant,True,0.9011,False,False,False,"{'party_size_number': '5', 'datetime': '20/01/2023', 'location': 'MH-да'}","{'cuisine': 'MH-да өстәл броньла', 'datetime': '5 кешегә 20/01/2023', 'location': 'MH-да', 'party_size_description': '5 кешегә', 'party_size_number': '5'}"
test_414,якындагы анимация фильмнары сессияләре расписаниесе,SearchScreeningEvent,SearchCreativeWork,False,0.7247,False,False,False,"{'location': 'якындагы', 'movie_type': 'анимация фильмнары', 'object_type': 'сессияләре расписаниесе'}","{'object_name': 'сессия', 'object_type': 'animated movie'}"
test_415,Минем This Is Shakira плейлистымна jack white-ны өстә,AddToPlaylist,AddToPlaylist,True,0.8502,False,False,False,"{'reference': 'Минем', 'playlist': 'This Is Shakira', 'artist': 'jack white-ны'}","{'artist': 'Shakira', 'music_item': 'Jack White'}"
test_416,Мин Шри-Ланкада биш кешегә ресторан броньларга телим .,BookRestaurant,BookRestaurant,True,0.9075,False,False,False,"{'location': 'Шри-Ланкада', 'party_size_number': 'биш', 'restaurant_type': 'ресторан'}","{'cuisine': 'food_type', 'datetime': 'date_time', 'location': 'city', 'party_size_description': 'party_size_description', 'party_size_number': 'party_size_number', 'restaurant_name': 'restaurant_name', 'restaurant_type': 'restaurant_type', 'served_dish': 'served_dish', 'sort': 'sort_criteria'}"
test_417,"Зинһар, Episodi di The Blacklist телевизион тапшыруын таб .",SearchCreativeWork,none,False,0.0,True,False,False,"{'object_name': 'Episodi di The Blacklist', 'object_type': 'телевизион тапшыруын'}",{}
test_418,монда Law Day-нән башлап салкын һава торышы нинди,weather/find,weather/find,True,0.8362,False,False,True,"{'location': 'монда', 'datetime': 'Law Day-нән', 'condition_temperature': 'салкын'}","{'datetime': 'Law Day onward', 'location': 'Montana', 'condition_description': 'sleet'}"
test_419,Мин ун кешелек өстәленә ресторанда заказ бирергә телим.,BookRestaurant,BookRestaurant,True,0.9416,False,False,False,"{'party_size_number': 'ун', 'restaurant_type': 'ресторанда'}","{'cuisine': 'text', 'datetime': 'text', 'facility': 'text', 'location': 'text', 'party_size_description': 'text', 'party_size_number': 'text', 'restaurant_name': 'text', 'restaurant_type': 'text'}"
test_420,Җитмешенче еллардагы Дюк Эллингтоннан берәр нәрсә уйна,PlayMusic,BookRestaurant,False,0.8603,False,False,False,"{'datetime': 'Җитмешенче', 'artist': 'Дюк Эллингтоннан'}","{'cuisine': 'Duke Ellington concert', 'datetime': 'date and time', 'location': 'city and restaurant name', 'party_size_description': 'party size description', 'party_size_number': 'number of people', 'restaurant_name': 'restaurant name', 'restaurant_type': 'restaurant type'}"
test_421,Cotton Comes to Harlem-ны 2-гә бәялә,RateBook,none,False,0.6503,True,False,False,"{'object_name': 'Cotton Comes to Harlem-ны', 'rating_value': '2-гә'}",{}
test_422,Җырны минем madden nfl 16 плейлистымна өстә,AddToPlaylist,AddToPlaylist,True,0.7029,False,False,False,"{'reference': 'минем', 'playlist': 'madden nfl 16', 'music_item': 'плейлистымна'}","{'artist': 'madden nfl 16', 'music_item': 'playlist', 'playlist': 'playlist_name'}"
test_423,Toyan-ны минем Epic Gaming плейлистымна өстә.,AddToPlaylist,AddToPlaylist,True,0.743,False,False,False,"{'artist': 'Toyan-ны', 'reference': 'минем', 'playlist': 'Epic Gaming'}","{'artist': 'Epic Gaming', 'playlist': 'Epic Gaming Playlist'}"
test_424,Slacker-да ниндидер яңа Les Vandyke уйнат,PlayMusic,none,False,0.0,True,False,False,"{'service': 'Slacker-да', 'sort': 'яңа', 'artist': 'Les Vandyke'}",{}
test_425,Three Junes-га 6-дан берге бәялә,RateBook,none,False,0.8014,True,False,False,"{'object_name': 'Three Junes-га', 'best_rating': '6-дан', 'rating_value': 'берге'}",{}
test_426,Nunez пекарнясында тугыз кешегә өстәл заказ ит,BookRestaurant,OrderFood,False,0.8445,False,False,False,"{'location': 'Nunez', 'restaurant_type': 'пекарнясында', 'party_size_number': 'тугыз'}","{'cuisine': 'Nunez', 'datetime': 'today', 'party_size': '2', 'restaurant_name': 'Nunez Pizzeria', 'service': 'Delivery'}"
test_427,Бу агымдагы романны 6-дан икеге бәялә .,RateBook,BookRestaurant,False,0.8062,False,False,False,"{'object_select': 'Бу агымдагы', 'object_type': 'романны', 'best_rating': '6-дан', 'rating_value': 'икеге'}","{'cuisine': 'роман', 'datetime': '6-дан икеге', 'party_size_description': '6-дан икеге', 'party_size_number': '6', 'restaurant_name': 'бүткүл', 'restaurant_type': 'роман', 'served_dish': 'бүткүл', 'sort': 'икеге батыс'}"
test_428,Ронни Вудның The Happy Blues-ны уйнат .,PlayMusic,SearchCreativeWork,False,0.9234,False,False,True,"{'artist': 'Ронни Вудның', 'album': 'The Happy Blues-ны'}","{'object_name': 'The Happy Blues', 'object_type': 'фильм', 'artist': 'Ронни Вуд'}"
test_429,2013 елгы симфонияне уйнат .,PlayMusic,none,False,0.849,True,False,False,"{'datetime': '2013 елгы', 'music_item': 'симфонияне'}",{}
test_430,Jennifer Paull-ның Subconscious Lobotomy-ны уйнат .,PlayMusic,SearchCreativeWork,False,0.5827,False,False,True,"{'artist': 'Jennifer Paull-ның', 'album': 'Subconscious Lobotomy-ны'}","{'object_name': 'Jennifer Paull', 'object_type': 'author'}"
test_431,The Crystal Snare-га 5 йолдыз бир,RateBook,SearchCreativeWork,False,0.9113,False,False,False,"{'object_name': 'The Crystal Snare-га', 'rating_value': '5', 'rating_unit': 'йолдыз'}","{'object_name': 'Crystal Snare', 'object_type': 'album'}"
test_432,Бу дәреслеккә нуль йолдыз куй,RateBook,PlayMusic,False,0.7544,False,False,False,"{'object_select': 'Бу', 'object_type': 'дәреслеккә', 'rating_value': 'нуль', 'rating_unit': 'йолдыз'}","{'service': 'Spotify', 'track': '0:00 - 0:03', 'playlist': 'None', 'sort': 'Release Date'}"
test_433,Агымдагы серияне 4 баллга бәялә,RateBook,RateBook,True,0.9014,False,False,True,"{'object_select': 'Агымдагы', 'object_part_of_series_type': 'серияне', 'rating_value': '4', 'rating_unit': 'баллга'}","{'object_name': 'серия', 'object_part_of_series_type': 'серия', 'rating_value': '4', 'rating_unit': 'балл'}"
test_434,Мин Urbank California-да James D. Conrey House-да өстәл телим,BookRestaurant,none,False,0.6995,True,False,True,"{'location': 'Urbank | California-да', 'restaurant_name': 'James D. Conrey House-да'}",{}
test_435,Babar: King of the Elephants уйнымы,SearchScreeningEvent,none,False,0.0,True,False,False,{'movie_name': 'Babar: King of the Elephants'},{}
test_436,this is racionais mc's-га җырны өстә,AddToPlaylist,none,False,0.7982,True,False,False,"{'playlist': ""this is racionais mc's-га"", 'music_item': 'җырны'}",{}
test_437,Хәзерге эссега 6-дан нуль йолдыз куй,RateBook,none,False,0.747,True,False,False,"{'object_select': 'Хәзерге', 'object_type': 'эссега', 'best_rating': '6-дан', 'rating_value': 'нуль', 'rating_unit': 'йолдыз'}",{}
test_438,Әйдә Эндрю Хьюиттан берәр нәрсә тыңлыйк .,PlayMusic,none,False,0.0,True,False,False,{'artist': 'Эндрю Хьюиттан'},{}
test_439,Якында анимация фильмнарын таб,SearchScreeningEvent,SearchCreativeWork,False,0.7128,False,False,False,"{'location': 'Якында', 'movie_type': 'анимация фильмнарын'}","{'object_name': 'film', 'object_type': 'movie'}"
test_440,хәзерге хроникага 6-дан биш балл бир,RateBook,RateBook,True,0.8608,False,False,True,"{'object_select': 'хәзерге', 'object_part_of_series_type': 'хроникага', 'best_rating': '6-дан', 'rating_value': 'биш', 'rating_unit': 'балл'}","{'best_rating': '6', 'object_name': 'хроника', 'object_type': 'мемориал', 'object_select': 'хроника', 'rating_unit': 'балл', 'rating_value': '6'}"
test_441,Миңа Settha Palace Hotel-да Saint Helena-да 4 кешелек өстәл кирәк,BookRestaurant,BookRestaurant,True,0.8843,False,False,True,"{'restaurant_name': 'Settha Palace Hotel-да', 'location': 'Saint Helena-да', 'party_size_number': '4 кешелек'}","{'cuisine': 'Saint Helena cuisine', 'datetime': '4 days', 'facility': 'Settha Palace Hotel', 'location': 'Saint Helena'}"
test_442,Изге Патрик көнендә Вирджинияда һава торышы нинди булыр ?,weather/find,weather/find,True,0.9404,False,False,False,"{'datetime': 'Изге Патрик көнендә', 'location': 'Вирджинияда'}",{'location': 'Virginia'}
test_443,Миңа Speakeasy Theaters киноның вакыт исемлеге кирәк,SearchScreeningEvent,none,False,0.0,True,False,False,"{'location': 'Speakeasy Theaters', 'object_type': 'киноның вакыт'}",{}
test_444,Meet the Prince телевизион тапшыруын эзлә,SearchCreativeWork,BookRestaurant,False,0.8656,False,False,False,"{'object_name': 'Meet the Prince', 'object_type': 'телевизион тапшыруын'}","{'cuisine': 'traditional cuisine', 'datetime': 'tomorrow evening', 'facility': 'private dining room', 'location': 'central location', 'party_size_description': 'couple', 'party_size_number': '2', 'restaurant_name': ""Prince's Royal Banquet"", 'restaurant_type': 'royal banquet hall', 'served_dish': 'royal feast', 'sort': 'best dining experience'}"
test_445,"Зинһар, миңа Compulsive Disclosure җырын бир .",SearchCreativeWork,none,False,0.0,True,False,False,"{'object_name': 'Compulsive Disclosure', 'object_type': 'җырын'}",{}
test_446,Zvooq-та Trance Life-ны уйнат .,PlayMusic,SearchCreativeWork,False,0.8981,False,False,False,"{'service': 'Zvooq-та', 'playlist': 'Trance Life-ны'}","{'object_name': 'Trance Life', 'object_type': 'song', 'service': 'Zvooq'}"
test_447,"Зинһар, миңа Serious Awesomeness ! эшен таб.",SearchCreativeWork,SearchEpicQuest,False,0.655,False,False,False,{'object_name': 'Serious Awesomeness'},"{'quest_type': 'Epic Quest', 'object_of_interest': 'Ultimate Donut'}"
test_448,мин кинотеатрда I Dream of Jeanie-ны карарга телим,SearchScreeningEvent,none,False,0.0,True,False,True,"{'object_location_type': 'кинотеатрда', 'movie_name': 'I Dream of Jeanie-ны'}",{}
test_449,Пол Маккартни уйнат,PlayMusic,none,False,0.82,True,False,False,{'artist': 'Пол Маккартни'},{}
test_450,Хәзерге романны 3 йолдызга бәялә,RateBook,SearchCreativeWork,False,0.8881,False,False,False,"{'object_select': 'Хәзерге', 'object_type': 'романны', 'rating_value': '3', 'rating_unit': 'йолдызга'}","{'object_name': 'роман', 'object_type': 'китап', 'sort': 'popularity'}"
test_451,Paris - When It Sizzles китабын таба аласызмы ?,SearchCreativeWork,BookRestaurant,False,0.6664,False,False,False,"{'object_name': 'Paris - When It Sizzles', 'object_type': 'китабын'}","{'cuisine': 'Paris when it sizzles', 'datetime': 'today', 'location': 'Paris'}"
test_452,Филипп Киркоровның җитмешенче еллар пьесасын уйнат,PlayMusic,none,False,0.0,True,False,False,"{'artist': 'Филипп Киркоровның', 'datetime': 'җитмешенче'}",{}
test_453,Киләсе елда мин Пенни янындагы bougatsa ресторанын өч кешегә броньларга телим.,BookRestaurant,BookRestaurant,True,0.8666,False,False,True,"{'datetime': 'Киләсе елда', 'location': 'Пенни | янындагы', 'cuisine': 'bougatsa', 'restaurant_type': 'ресторанын', 'party_size_number': 'өч'}","{'cuisine': 'bougatsa', 'datetime': 'today', 'party_size': '2', 'restaurant_name': ""Penni's Bougatsa Restaurant"", 'restaurant_type': 'brogassad restaurant'}"
test_454,Тенинода яңгырлар булырмы ?,weather/find,weather/find,True,0.8826,False,False,True,"{'location': 'Тенинода', 'condition_description': 'яңгырлар'}",{'condition_description': 'яңгыр'}
test_455,"Зинһар, Three Essays on the Theory of Sexuality шоусын эзлә .",SearchCreativeWork,none,False,0.0,True,False,False,"{'object_name': 'Three Essays on the Theory of Sexuality', 'object_type': 'шоусын'}",{}
test_456,Мин Рамонда ашарга телим,BookRestaurant,book_flight,False,0.8553,False,False,False,{'location': 'Рамонда'},"{'destination': 'Рамонда ашар', 'purpose_of_call': 'телим'}"
test_457,Emo Forever плейлистына boy george трегын өстә.,AddToPlaylist,none,False,0.0,True,False,False,"{'playlist': 'Emo Forever', 'artist': 'boy george', 'music_item': 'трегын'}",{}
test_458,Vimy Ridge-да стейк-хаус заказ итәргә телим .,BookRestaurant,OrderSteakHouse,False,0.8783,False,False,False,"{'location': 'Vimy Ridge-да', 'restaurant_type': 'стейк-хаус'}",{'location': 'Vimy Ridge'}
test_459,Without Witness егерме ике  сәгатьтән соң уйнаячакмы,SearchScreeningEvent,WithoutWitness,False,0.8643,False,False,False,"{'movie_name': 'Without Witness', 'datetime': 'егерме ике сәгатьтән соң'}",{'time': 'two hours later'}
test_460,9 кешегә урын броньла,BookRestaurant,BookRestaurant,True,0.9088,False,False,False,{'party_size_number': '9'},"{'datetime': '9:00', 'location': 'restaurant', 'party_size_description': 'party size description', 'party_size_number': 'party size number', 'restaurant_name': 'restaurant name', 'restaurant_type': 'restaurant type', 'served_dish': 'served dish', 'sort': 'sort criteria'}"
test_461,бу трекны минем Hands Up плейлистына өстә,AddToPlaylist,AddToPlaylist,True,0.9044,False,False,False,"{'music_item': 'трекны', 'reference': 'минем', 'playlist': 'Hands Up'}","{'artist': 'Major Lazer', 'music_item': 'Hands Up', 'playlist': 'my Hands Up playlist'}"
test_462,90s Pop Rock Essentials-тан берәр нәрсә уйнат,PlayMusic,SearchCreativeWork,False,0.931,False,False,False,{'playlist': '90s Pop Rock Essentials-тан'},"{'object_name': '90s Pop Rock Essentials', 'object_type': 'album'}"
test_463,Син миңа Blue Spring трейлерын таба аласыңмы ?,SearchCreativeWork,none,False,0.0,True,False,False,"{'object_name': 'Blue Spring', 'object_type': 'трейлерын'}",{}
test_464,36 Children-га 6-дан ике йолдыз куй,RateBook,none,False,0.9211,True,False,False,"{'object_name': '36 Children-га', 'best_rating': '6-дан', 'rating_value': 'ике', 'rating_unit': 'йолдыз'}",{}
test_465,Мин MJR театрында анимацион фильмнарны телим,SearchScreeningEvent,SearchCreativeWork,False,0.8765,False,False,False,"{'location': 'MJR театрында', 'movie_type': 'анимацион фильмнарны'}","{'object_name': 'MJR theatre', 'object_type': 'theatre'}"
test_466,Sexy as Folk плейлистына башкаручы mike-ны өстә.,AddToPlaylist,AddToPlaylist,True,0.9501,False,False,False,"{'playlist': 'Sexy as Folk', 'music_item': 'башкаручы', 'artist': 'mike-ны'}","{'artist': 'Mike', 'playlist': 'Sexy as Folk'}"
test_467,минем this is al green плейлистына Highway Patrolman өстә,AddToPlaylist,AddToPlaylist,True,0.9178,False,False,False,"{'reference': 'минем', 'playlist': 'this is al green', 'entity_name': 'Highway Patrolman'}","{'artist': 'Highway Patrolman', 'playlist': 'al green'}"
test_468,Миңа To Lose My Life исемле романны таб …,SearchCreativeWork,none,False,0.0,True,False,False,"{'object_name': 'To Lose My Life', 'object_type': 'романны'}",{}
test_469,бу альбомны 5-кә бәялә,RateBook,AddToPlaylist,False,0.8462,False,False,False,"{'object_select': 'бу', 'object_type': 'альбомны', 'rating_value': '5-кә'}","{'artist': '5', 'music_item': 'album', 'playlist': 'name'}"
test_470,Төшке ашта якындагы кинотеатрда Rare Birds күрсәтеләчәк .,SearchScreeningEvent,SearchScreeningEvent,True,0.6792,False,False,True,"{'datetime': 'Төшке ашта', 'location': 'якындагы', 'object_location_type': 'кинотеатрда', 'movie_name': 'Rare Birds'}","{'object_name': 'Rare Birds', 'object_type': 'film', 'location': 'Rare Birds cinema theater', 'datetime': ""today's date and time""}"
test_471,The 8-Week Cholesterol Cure-га 6-дан өчкә бәялә .,RateBook,none,False,0.0,True,False,False,"{'object_name': 'The 8-Week Cholesterol Cure-га', 'best_rating': '6-дан', 'rating_value': 'өчкә'}",{}
test_472,Martin barre-ны минем punk unplugged плейлистыма өстә.,AddToPlaylist,AddToPlaylist,True,0.9366,False,False,False,"{'artist': 'Martin barre-ны', 'reference': 'минем', 'playlist': 'punk unplugged'}","{'artist': 'Martin', 'music_item': 'punk unplugged', 'playlist': 'my punk unplugged playlist'}"
test_473,хәзерге романны 6-дан нульгә бәялә,RateBook,SearchCreativeWork,False,0.8141,False,False,False,"{'object_select': 'хәзерге', 'object_type': 'романны', 'best_rating': '6-дан', 'rating_value': 'нульгә'}","{'object_name': 'шахергене роман', 'object_type': 'роман'}"
test_474,Минем кинотеатрда The Young Swordsman нинди вакытта барачак ?,SearchScreeningEvent,BookRestaurant,False,0.8501,False,False,True,"{'object_location_type': 'кинотеатрда', 'movie_name': 'The Young Swordsman', 'object_type': 'вакытта'}","{'cuisine': 'The Young Swordsman', 'datetime': 'ныгы', 'location': 'кинотеатр', 'party_size_description': 'барачак', 'party_size_number': '1'}"
test_475,Тирә-юньдә нинди фильмнар күрсәтеләр,SearchScreeningEvent,SearchScreeningEvent,True,0.6937,False,False,False,"{'location': 'Тирә-юньдә', 'movie_type': 'фильмнар'}","{'object_name': 'film name', 'object_type': 'film type'}"
test_476,Мин North City-дәге Oregon Electric Station броньларга телим .,BookRestaurant,none,False,0.7073,True,False,True,"{'location': 'North City-дәге', 'restaurant_name': 'Oregon Electric Station'}",{}
test_477,монда төнге сәгать икедә һава торышы нинди,weather/find,weather/find,True,0.5989,False,False,False,"{'location': 'монда', 'datetime': 'төнге сәгать икедә'}",{'location': 'Монда'}
test_478,Wanda Group-ның фильм кестесін таб .,SearchScreeningEvent,none,False,0.0,True,False,False,"{'location': 'Wanda Group-ның', 'object_type': 'фильм кестесін'}",{}
test_479,Самоада Ваурикада нинди һава торышы,weather/find,weather/find,True,0.8965,False,False,False,{'location': 'Самоада | Ваурикада'},{'location': 'Waikato'}
test_480,Тирә-яктагы фильмнар расписаниесен күрсәт,SearchScreeningEvent,SearchScreeningEvent,True,0.9436,False,False,False,"{'location': 'Тирә-яктагы', 'object_type': 'фильмнар расписаниесен'}","{'datetime': 'дата/вакыт', 'location': 'урын', 'movie_name': 'фильм исеме', 'movie_type': 'фильм төре', 'object_location_type': 'күрсәтү урыны төре', 'object_type': 'объект төре'}"
test_481,Blues britânico уйнат .,PlayMusic,SearchMusic,False,0.8794,False,False,True,{'genre': 'Blues britânico'},{'genre': 'Blues Britânico'}
test_482,AMC Theaters-да No Time to Be Young күрсәтеләме,SearchScreeningEvent,none,False,0.7211,True,False,False,"{'location': 'AMC Theaters-да', 'movie_name': 'No Time to Be Young'}",{}
test_483,"Зинһар, миңа Монти Пайтон Голливудта эзлә һәм таб .",SearchCreativeWork,BookRestaurant,False,0.8478,False,False,False,{'object_name': 'Монти Пайтон Голливудта'},"{'cuisine': 'British cuisine', 'datetime': '2023-11-23T19:00:00Z', 'facility': 'Hollywood, CA', 'party_size_description': 'A group of friends', 'party_size_number': '5', 'restaurant_name': ""Monty Python's Grill"", 'restaurant_type': 'Grill', 'served_dish': 'British BBQ', 'sort': 'Best British BBQ'}"
test_484,кичке бишкә монда буран аркасында һава торышы нинди,weather/find,none,False,0.0,True,False,True,"{'datetime': 'кичке бишкә', 'location': 'монда', 'condition_description': 'буран'}",{}
test_485,Ирландия балалар евровидениеда 2015 минем Jazzy Dinner плейлистына өстә,AddToPlaylist,AddToPlaylist,True,0.8357,False,False,False,"{'entity_name': 'Ирландия балалар евровидениеда 2015', 'reference': 'минем', 'playlist': 'Jazzy Dinner'}","{'artist': 'Jazzy Dinner', 'music_item': 'Irlandia Ballar Evrovideena 2015 plaeist', 'playlist': 'Jazzy Dinner plaeist'}"
test_486,Indie Hipster-га җырны өстә,AddToPlaylist,PlayMusic,False,0.8944,False,False,False,"{'playlist': 'Indie Hipster-га', 'music_item': 'җырны'}","{'artist': 'Indie Hipster', 'music_item': 'song', 'playlist': 'None'}"
test_487,Син миңа National Anthem of the Ancient Britons телевизион тапшыруын таба аласыңмы ?,SearchCreativeWork,none,False,0.0,True,False,False,"{'object_name': 'National Anthem of the Ancient Britons', 'object_type': 'телевизион тапшыруын'}",{}
test_488,"travelling плейлистына зинһар, бу Дэвид Гаан җырын өстә .",AddToPlaylist,none,False,0.952,True,False,False,"{'playlist': 'travelling', 'artist': 'Дэвид Гаан', 'music_item': 'җырын'}",{}
test_489,Мин аларны Murcof рәссамнан ишетергә телим,PlayMusic,none,False,0.0,True,False,False,"{'music_item': 'аларны', 'artist': 'Murcof'}",{}
test_490,The Gift: Imagination and the Erotic Life of Property-ны биш йолдызга бәялә,RateBook,none,False,0.0,True,False,False,"{'object_name': 'The Gift: Imagination and the Erotic Life of Property-ны', 'rating_value': 'биш', 'rating_unit': 'йолдызга'}",{}
test_491,Миңа Baby Blue дип аталган телевизион тапшыруны таб,SearchCreativeWork,none,False,0.0,True,False,False,"{'object_name': 'Baby Blue', 'object_type': 'телевизион тапшыруны'}",{}
test_492,The Girl Who Was Plugged In китабын эзлә,SearchCreativeWork,Book,False,0.8552,False,False,False,"{'object_name': 'The Girl Who Was Plugged In', 'object_type': 'китабын'}","{'book_name': 'The Girl Who Was Plugged In', 'book_type': 'роман'}"
test_493,филлис уордка һәм вероникага 152 көннән соң ресторанда өстәл кирәк,BookRestaurant,BookRestaurant,True,0.9132,False,False,True,"{'party_size_description': 'филлис уордка һәм вероникага', 'datetime': '152 көннән соң', 'restaurant_type': 'ресторанда'}","{'cuisine': 'filipino', 'datetime': '152 days from now', 'location': 'restaurant', 'party_size_description': '2', 'party_size_number': '2', 'restaurant_name': '', 'restaurant_type': '', 'served_dish': '', 'sort': ''}"
test_494,5 кешелек танылган ресторанны броньла,BookRestaurant,BookRestaurant,True,0.8553,False,False,False,"{'party_size_number': '5', 'sort': 'танылган', 'restaurant_type': 'ресторанны'}","{'cuisine': '5 кешелек танылган ресторан', 'datetime': 'танышты', 'party_size_description': 'кеше саны', 'party_size_number': '5', 'restaurant_name': 'танышты', 'restaurant_type': 'ресторан', 'served_dish': 'танышты', 'sort': 'танышты'}"
test_495,"Бруклон янында The Dome, Edinburgh отеленда номерны броньла",BookRestaurant,none,False,0.0,True,False,True,"{'location': 'Бруклон | янында', 'restaurant_name': 'The Dome, Edinburgh'}",{}
test_496,Бу альбомны Old School Death Metal-га өстә,AddToPlaylist,SearchCreativeWork,False,0.9142,False,False,False,"{'music_item': 'альбомны', 'playlist': 'Old School Death Metal-га'}","{'object_name': 'Old School Death Metal album', 'object_type': 'album'}"
test_497,Jersey Boys телесериалын эзлә,SearchCreativeWork,SearchTelevisionSeries,False,0.7036,False,False,False,"{'object_name': 'Jersey Boys', 'object_type': 'телесериалын'}",{'Jersey Boys': 'television series'}
test_498,Алты ай эчендә Танжер янындагы иң яхшы пабта тугыз кешегә өстәл броньла,BookRestaurant,BookRestaurant,True,0.854,False,False,False,"{'datetime': 'Алты ай эчендә', 'location': 'Танжер | янындагы', 'sort': 'иң яхшы', 'restaurant_type': 'пабта', 'party_size_number': 'тугыз'}","{'cuisine': 'Tajine', 'datetime': '2023-11-01T19:00:00Z', 'location': 'Tanger, Morocco', 'party_size': '2', 'restaurant_name': 'The Best Pub in Tanger', 'restaurant_type': 'Pub'}"
test_499,Миңа Harkins Theatres-ында фильмларны күрсәт .,SearchScreeningEvent,none,False,0.6549,True,False,False,"{'location': 'Harkins Theatres-ында', 'movie_type': 'фильмларны'}",{}
test_500,аларның кампусында шул ук райондагы чурраскарияга кичәгә заказ бир,BookRestaurant,BookRestaurant,True,0.8981,False,False,False,"{'location': 'аларның кампусында | шул ук райондагы', 'restaurant_type': 'чурраскарияга'}","{'cuisine': 'campus district cuisine', 'datetime': 'desired date and time', 'location': 'campus district restaurant location', 'party_size_description': 'party size description', 'party_size_number': 'number of people', 'restaurant_name': 'restaurant name', 'restaurant_type': 'restaurant type', 'served_dish': 'served dish', 'sort': 'sort criteria'}"
