id,text,true_intent,pred_intent,intent_correct,confidence,weak_by_conf,weak_intent_real,weak_slot_real,true_slots,pred_slots
test_500,"забронируй вечеринку в их кампусе, в том же районе, что и чурраскария",BookRestaurant,BookRestaurant,True,0.8874,False,False,False,"{'location': 'их кампусе, | их кампусе, | в том же районе,', 'restaurant_type': 'чурраскария'}","{'datetime': 'вечеринку', 'party_size_description': None, 'facility': None, 'location': 'их кампусе | том же районе', 'restaurant_type': None, 'served_dish': None, 'sort': None}"
test_499,Покажи мне фильмы в Харкинс Фитерс .,SearchScreeningEvent,SearchScreeningEvent,True,0.8893,False,False,False,"{'movie_type': 'фильмы', 'location': 'Харкинс Фитерс'}","{'object_location_type': 'Харкинс Фитерс', 'movie_type': None, 'movie_name': None, 'datetime': None, 'location': None}"
test_498,Забронируй столик на девять персон в лучшем пабе около Танжера через шесть месяцев,BookRestaurant,BookRestaurant,True,0.9428,False,False,False,"{'party_size_number': 'девять', 'sort': 'лучшем | лучшем', 'restaurant_type': 'пабе | пабе', 'location': 'около | около | Танжера | Танжера', 'datetime': 'через шесть месяцев'}","{'party_size_number': 'девять', 'sort': 'лучшем', 'restaurant_type': 'паб', 'location': 'около Танжера', 'datetime': 'через шесть месяцев'}"
test_497,Найди ТВ сериал Парни из Джерси,SearchCreativeWork,SearchCreativeWork,True,0.9712,False,False,False,"{'object_type': 'ТВ сериал | ТВ сериал', 'object_name': 'Парни из Джерси'}","{'object_name': 'Парни из Джерси', 'object_type': 'ТВ сериал'}"
test_496,Добавь этот альбом к Old School Death Metal,AddToPlaylist,AddToPlaylist,True,0.9281,False,False,False,"{'music_item': 'альбом', 'playlist': 'Old School Death Metal'}","{'playlist': 'Old School Death Metal', 'entity_name': 'этот альбом'}"
test_495,"Забронируй номер в The Dome, в Эдинбурге, недалеко от Бруклона",BookRestaurant,BookRestaurant,True,0.9303,False,False,True,"{'restaurant_name': 'The Dome, в Эдинбурге', 'location': 'недалеко | Бруклона'}","{'restaurant_name': 'The Dome', 'location': 'недалеко от | недалеко от | Бруклона'}"
test_494,Забронируй популярный ресторан на 5 персон,BookRestaurant,BookRestaurant,True,0.9524,False,False,False,"{'sort': 'популярный | популярный', 'restaurant_type': 'ресторан', 'party_size_number': '5'}","{'party_size_number': '5', 'sort': 'популярный'}"
test_493,филлис уорд и веронике нужен столик в ресторане через 152 дня,BookRestaurant,BookRestaurant,True,0.932,False,False,True,"{'party_size_description': 'филлис уорд и веронике', 'restaurant_type': 'ресторане | ресторане', 'datetime': 'через 152 дня'}","{'datetime': 'через 152 дня', 'party_size_number': 'два', 'restaurant_name': 'филлис уорд и веронике'}"
test_492,найди книгу The Girl Who Was Plugged In,SearchCreativeWork,SearchCreativeWork,True,0.9803,False,False,False,"{'object_type': 'книгу | книгу', 'object_name': 'The Girl Who Was Plugged In'}","{'object_name': 'The Girl Who Was Plugged In', 'object_type': 'книга'}"
test_491,Найди мне ТВ шоу под названием Baby Blue,SearchCreativeWork,SearchCreativeWork,True,0.9766,False,False,False,"{'object_type': 'ТВ шоу', 'object_name': 'Baby Blue'}","{'object_name': 'Baby Blue', 'object_type': 'ТВ шоу'}"
test_490,поставь The Gift: Imagination and the Erotic Life of Property пять звезд,RateBook,RateBook,True,0.9519,False,False,False,"{'object_name': 'The Gift: Imagination and the Erotic Life of Property | The Gift: Imagination and the Erotic Life of Property', 'rating_value': 'пять | пять', 'rating_unit': 'звезд'}","{'object_name': 'The Gift: Imagination and the Erotic Life of Property', 'rating_value': 'пять', 'rating_unit': 'звезд'}"
test_489,Я хочу послушать их от артиста Murcof,PlayMusic,PlayMusic,True,0.9281,False,False,False,"{'music_item': 'их', 'artist': 'Murcof'}","{'artist': 'Murcof', 'music_item': 'их'}"
test_488,"В travelling плейлист, пожалуйста, добавь эту песню Дэвида Гаана .",AddToPlaylist,AddToPlaylist,True,0.9516,False,False,False,"{'playlist': 'travelling', 'music_item': 'песню | песню', 'artist': 'Дэвида Гаана'}","{'playlist': 'travelling', 'music_item': 'песня', 'artist': 'Дэвида Гаана', 'reference': 'эту'}"
test_487,Можешь найти мне the National Anthem of the Ancient Britons ТВ шоу ?,SearchCreativeWork,SearchCreativeWork,True,0.9631,False,False,False,"{'object_name': 'National Anthem of the Ancient Britons | National Anthem of the Ancient Britons', 'object_type': 'ТВ шоу'}","{'object_name': 'the National Anthem of the Ancient Britons', 'object_type': 'ТВ шоу'}"
test_486,Добавь песню в Indie Hipster,AddToPlaylist,AddToPlaylist,True,0.9423,False,False,False,"{'music_item': 'песню', 'playlist': 'Indie Hipster'}","{'music_item': 'песня', 'playlist': 'Indie Hipster'}"
test_485,добавь ирландию на детском евровидении 2015 в мой Jazzy Dinner плейлист,AddToPlaylist,AddToPlaylist,True,0.892,False,False,False,"{'entity_name': 'ирландию на детском евровидении 2015', 'reference': 'мой | мой', 'playlist': 'Jazzy Dinner'}","{'playlist': 'Jazzy Dinner', 'music_item': 'детском евровидении', 'entity_name': 'ирландия', 'object_type': '2015'}"
test_484,какой прогноз погоды здесь в связи с метелью на пять часов вечера,weather/find,weather/find,True,0.9304,False,False,True,"{'location': 'здесь', 'condition_description': 'метелью', 'datetime': 'пять часов вечера'}","{'condition_description': 'метель', 'datetime': 'на пять часов вечера', 'location': 'здесь'}"
test_483,"Пожалуйста, найди мне Monty Python Live в Голливуд-боул .",SearchCreativeWork,SearchCreativeWork,True,0.9508,False,False,False,{'object_name': 'Monty Python Live в Голливуд - боул'},"{'object_name': 'Monty Python Live', 'object_type': 'в Голливуд-боул'}"
test_482,Показывают ли No Time to Be Young в AMC Theaters,SearchScreeningEvent,SearchScreeningEvent,True,0.9547,False,False,False,"{'movie_name': 'No Time to Be Young', 'location': 'AMC Theaters'}","{'movie_name': 'No Time to Be Young', 'object_location_type': 'AMC Theaters'}"
test_481,Сыграй любой блюз британский .,PlayMusic,PlayMusic,True,0.9256,False,False,True,{'genre': 'блюз британский'},"{'music_item': 'блюз', 'genre': 'британский'}"
test_480,Покажи расписание фильмов в округе,SearchScreeningEvent,SearchScreeningEvent,True,0.9222,False,False,False,"{'object_type': 'расписание фильмов | расписание фильмов', 'location': 'в округе'}","{'object_type': 'расписание', 'location': 'округе'}"
test_479,какой прогноз для Ваурики в Самоа,weather/find,weather/find,True,0.9491,False,False,False,{'location': 'Ваурики | Самоа'},"{'condition_description': None, 'condition_temperature': None, 'datetime': None, 'location': 'Ваурики', 'weather/attribute': None}"
test_478,Найди расписание фильмов для Wanda Group .,SearchScreeningEvent,SearchScreeningEvent,True,0.8984,False,False,False,"{'object_type': 'расписание фильмов', 'location': 'Wanda Group'}","{'object_type': 'расписание', 'movie_name': 'Wanda Group', 'location': None, 'object_location_type': None}"
test_477,какая погода здесь на два утра,weather/find,weather/find,True,0.9254,False,False,False,"{'location': 'здесь', 'datetime': 'два утра'}","{'datetime': 'два утра', 'location': 'здесь'}"
test_476,Я хочу забронировать Oregon Electric Station в North City .,BookRestaurant,BookRestaurant,True,0.969,False,False,True,"{'restaurant_name': 'Oregon Electric Station', 'location': 'North City'}","{'restaurant_name': 'Oregon Electric Station', 'location': 'North City'}"
test_475,Какие фильмы показывают в округе,SearchScreeningEvent,SearchScreeningEvent,True,0.9651,False,False,False,"{'movie_type': 'фильмы', 'location': 'в округе'}","{'datetime': None, 'location': 'округе', 'movie_name': None, 'movie_type': None, 'object_location_type': None, 'object_type': None}"
test_474,В какое время будет показ The Young Swordsman в моем кинотеатре ?,SearchScreeningEvent,SearchScreeningEvent,True,0.936,False,False,True,"{'object_type': 'время', 'movie_name': 'The Young Swordsman', 'object_location_type': 'кинотеатре'}","{'movie_name': 'The Young Swordsman', 'object_location_type': 'моем | моем', 'object_type': 'показ'}"
test_473,оцени текущий роман на ноль из 6,RateBook,RateBook,True,0.9196,False,False,False,"{'object_select': 'текущий | текущий', 'object_type': 'роман', 'rating_value': 'ноль', 'best_rating': '6'}","{'object_type': 'роман', 'rating_unit': 'из 6', 'rating_value': 'ноль'}"
test_472,Добавь мартина барра в мой punk unplugged плейлист.,AddToPlaylist,AddToPlaylist,True,0.8929,False,False,False,"{'artist': 'мартина барра', 'reference': 'мой | мой', 'playlist': 'punk unplugged'}","{'playlist': 'punk unplugged', 'music_item': 'мартина барра', 'artist': 'мартина барра'}"
test_471,Оцени The 8-Week Cholesterol Cure на три из 6 .,RateBook,RateBook,True,0.9168,False,False,False,"{'object_name': 'The 8-Week Cholesterol Cure', 'rating_value': 'три', 'best_rating': '6'}","{'object_name': 'The 8-Week Cholesterol Cure', 'object_type': 'книга', 'rating_value': 'три', 'best_rating': 'шесть', 'rating_unit': 'из'}"
test_470,Показывают ли Редкие птицы в ближайшем кинотеатре в обед .,SearchScreeningEvent,SearchScreeningEvent,True,0.9276,False,False,True,"{'movie_name': 'Редкие птицы', 'location': 'ближайшем | ближайшем', 'object_location_type': 'кинотеатре', 'datetime': 'обед'}","{'object_name': 'Редкие птицы', 'location': 'ближайшем | ближайшем', 'datetime': 'в обед'}"
test_469,оцени этот альбом на 5 баллов,RateBook,RateBook,True,0.9221,False,False,False,"{'object_select': 'этот | этот', 'object_type': 'альбом', 'rating_value': '5'}","{'best_rating': '5', 'object_name': 'альбом', 'object_type': 'альбом'}"
test_468,Найди мне роман с названием To Lose My Life …,SearchCreativeWork,SearchCreativeWork,True,0.9681,False,False,False,"{'object_type': 'роман', 'object_name': 'To Lose My Life'}","{'object_name': 'To Lose My Life …', 'object_type': 'роман'}"
test_467,добавь Highway Patrolman в мой плейлист this is al green,AddToPlaylist,AddToPlaylist,True,0.9433,False,False,False,"{'entity_name': 'Highway Patrolman', 'reference': 'мой', 'playlist': 'this is al green'}","{'playlist': 'this is al green', 'music_item': 'песня', 'artist': 'Highway Patrolman'}"
test_466,Добавь artist от mike в Sexy as Folk плейлист.,AddToPlaylist,AddToPlaylist,True,0.9251,False,False,False,"{'music_item': 'artist', 'artist': 'mike', 'playlist': 'Sexy as Folk'}","{'playlist': 'Sexy as Folk', 'music_item': 'artist', 'artist': 'mike'}"
test_465,Я хочу анимационные фильмы в MJR Theatres,SearchScreeningEvent,SearchScreeningEvent,True,0.9058,False,False,False,"{'movie_type': 'анимационные фильмы', 'location': 'MJR Theatres'}","{'object_type': 'анимационные фильмы', 'location': 'MJR Theatres'}"
test_464,Дай две звезды из 6 для 36 Children,RateBook,RateBook,True,0.9221,False,False,False,"{'rating_value': 'две | две', 'rating_unit': 'звезды', 'best_rating': '6', 'object_name': '36 Children'}","{'object_name': '36 Children', 'rating_value': 'две', 'best_rating': 'шесть', 'object_type': 'книга'}"
test_463,Можешь найти мне трейлер Синей весны ?,SearchCreativeWork,SearchCreativeWork,True,0.9703,False,False,False,"{'object_type': 'трейлер | трейлер', 'object_name': 'Синей весны'}","{'object_name': 'Синей весны', 'object_type': 'трейлер'}"
test_462,Включи что-нибудь из 90s Pop Rock Essentials,PlayMusic,PlayMusic,True,0.9456,False,False,False,{'playlist': '90s Pop Rock Essentials'},{'playlist': '90s Pop Rock Essentials'}
test_461,добавь этот трек в мой Hands Up плейлист,AddToPlaylist,AddToPlaylist,True,0.9185,False,False,False,"{'music_item': 'трек', 'reference': 'мой | мой', 'playlist': 'Hands Up'}","{'music_item': 'трек', 'playlist': 'Hands Up', 'entity_name': 'этот | этот'}"
test_460,Забронируй место для 9,BookRestaurant,BookRestaurant,True,0.9414,False,False,False,{'party_size_number': '9'},{'party_size_number': '9'}
test_459,Будет ли Без свидетелей показываться двадцать два часа спустя,SearchScreeningEvent,SearchScreeningEvent,True,0.9636,False,False,False,"{'movie_name': 'Без свидетелей', 'datetime': 'двадцать два часа спустя'}","{'movie_name': 'Без свидетелей', 'datetime': 'двадцать два часа спустя'}"
test_458,Я хочу забронировать стейк-хаус на хребте Вими .,BookRestaurant,BookRestaurant,True,0.9557,False,False,False,"{'restaurant_type': 'стейк-хаус', 'location': 'хребте Вими'}","{'restaurant_type': 'стейк-хаус', 'location': 'хребте Вими'}"
test_457,Добавь песню boy george в Emo Forever плейлист.,AddToPlaylist,AddToPlaylist,True,0.9378,False,False,False,"{'music_item': 'песню | песню', 'artist': 'boy george', 'playlist': 'Emo Forever'}","{'music_item': 'песня', 'playlist': 'Emo Forever', 'artist': 'boy george'}"
test_456,Я хочу поесть в Ramona,BookRestaurant,BookRestaurant,True,0.9621,False,False,False,{'location': 'Ramona'},{'restaurant_name': 'Ramona'}
test_455,"Пожалуйста, найди Three Essays on the Theory of Sexuality шоу .",SearchCreativeWork,SearchCreativeWork,True,0.98,False,False,False,"{'object_name': 'Three Essays on the Theory of Sexuality | Three Essays on the Theory of Sexuality', 'object_type': 'шоу'}","{'object_name': 'Three Essays on the Theory of Sexuality', 'object_type': 'шоу'}"
test_454,Будет ли дождь в Тенино ?,weather/find,weather/find,True,0.9462,False,False,True,"{'condition_description': 'дождь', 'location': 'Тенино'}","{'condition_description': 'дождь', 'location': 'Тенино'}"
test_453,Я хочу забронировать bougatsa restaurant в следующем году около Penn на троих персон.,BookRestaurant,BookRestaurant,True,0.931,False,False,True,"{'cuisine': 'bougatsa | bougatsa', 'restaurant_type': 'restaurant', 'datetime': 'следующем году | следующем году', 'location': 'около | около | Penn', 'party_size_number': 'троих'}","{'restaurant_name': 'bougatsa restaurant', 'datetime': 'следующем году', 'party_size_number': 'троих', 'location': 'около Penn'}"
test_452,сыграй что-то семидесятое от Филиппа Киркорова,PlayMusic,PlayMusic,True,0.9457,False,False,False,"{'datetime': 'семидесятое', 'artist': 'Филиппа Киркорова'}","{'artist': 'Филипп Киркоров', 'music_item': 'что-то семидесятое'}"
test_451,"Можешь найти книгу Париж, когда там жара ?",SearchCreativeWork,SearchCreativeWork,True,0.971,False,False,False,"{'object_type': 'книгу | книгу', 'object_name': 'Париж, когда там жара'}","{'object_name': 'Париж, когда там жара', 'object_type': 'книга'}"
test_450,Оцени текущий роман на 3 звезды,RateBook,RateBook,True,0.9457,False,False,False,"{'object_select': 'текущий | текущий', 'object_type': 'роман', 'rating_value': '3 | 3', 'rating_unit': 'звезды'}","{'object_type': 'роман', 'object_name': 'текущий', 'rating_unit': 'звезды', 'rating_value': '3'}"
test_449,Включи Пола Маккартни,PlayMusic,PlayMusic,True,0.9501,False,False,False,{'artist': 'Пола Маккартни'},{'artist': 'Пола Маккартни'}
test_448,я хочу увидеть Я мечтаю о Джинни в кинотеатре,SearchScreeningEvent,SearchScreeningEvent,True,0.9172,False,False,True,"{'movie_name': 'Я мечтаю о Джинни', 'object_location_type': 'кинотеатре'}","{'object_name': 'Я мечтаю о Джинни', 'object_type': 'фильм', 'location': 'кинотеатре'}"
test_447,"Пожалуйста, найди мне работу Serious Awesomeness !.",SearchCreativeWork,SearchCreativeWork,True,0.9513,False,False,False,{'object_name': 'Serious Awesomeness'},"{'object_name': 'Serious Awesomeness !', 'object_type': 'работа'}"
test_446,Включи Trance Life в Zvooq .,PlayMusic,PlayMusic,True,0.9393,False,False,False,"{'playlist': 'Trance Life', 'service': 'Zvooq'}","{'music_item': 'Trance Life', 'service': 'Zvooq'}"
test_445,"Пожалуйста, найди мне Compulsive Disclosure песню .",SearchCreativeWork,SearchCreativeWork,True,0.97,False,False,False,"{'object_name': 'Compulsive Disclosure | Compulsive Disclosure', 'object_type': 'песню'}","{'object_name': 'Compulsive Disclosure', 'object_type': 'песня'}"
test_444,Найди ТВ шоу Meet the Prince,SearchCreativeWork,SearchCreativeWork,True,0.9791,False,False,False,"{'object_type': 'ТВ шоу | ТВ шоу', 'object_name': 'Meet the Prince'}","{'object_name': 'Meet the Prince', 'object_type': 'ТВ шоу'}"
test_443,Мне нужен список Speakeasy Theaters с показом фильмов,SearchScreeningEvent,SearchCreativeWork,False,0.9442,False,False,False,"{'location': 'Speakeasy Theaters', 'object_type': 'фильмов'}","{'object_name': 'Speakeasy Theaters', 'object_type': 'фильмов'}"
test_442,Какая погода будет в Вирджинии на День святого Патрика ?,weather/find,weather/find,True,0.9453,False,False,False,"{'location': 'Вирджинии', 'datetime': 'День святого Патрика'}","{'condition_description': None, 'condition_temperature': None, 'datetime': 'День святого Патрика', 'location': 'Вирджинии'}"
test_441,Мне нужен столик на 4 в Saint Helena в Settha Palace Hotel,BookRestaurant,BookRestaurant,True,0.9564,False,False,True,"{'party_size_number': '4', 'location': 'Saint Helena', 'restaurant_name': 'Settha Palace Hotel'}","{'party_size_number': '4', 'location': 'Saint Helena', 'restaurant_name': 'Settha Palace Hotel'}"
test_440,дай текущей летописи пять из 6 очков,RateBook,RateBook,True,0.9104,False,False,True,"{'object_select': 'текущей | текущей', 'object_part_of_series_type': 'летописи | летописи', 'rating_value': 'пять', 'best_rating': '6 | 6', 'rating_unit': 'очков'}","{'object_name': 'текущей летописи', 'rating_value': 'пять', 'best_rating': '6', 'object_type': 'летописи'}"
test_439,Найди анимационные фильмы рядом,SearchScreeningEvent,SearchCreativeWork,False,0.9564,False,False,False,"{'movie_type': 'анимационные фильмы | анимационные фильмы', 'location': 'рядом'}","{'object_type': 'анимационные фильмы', 'object_location_type': 'рядом'}"
test_438,Давай послушаем что-то от Andrew Hewitt .,PlayMusic,PlayMusic,True,0.9555,False,False,False,{'artist': 'Andrew Hewitt'},{'artist': 'Andrew Hewitt'}
test_437,оцени текущее эссе на ноль из 6 звезд,RateBook,RateBook,True,0.9302,False,False,False,"{'object_select': 'текущее | текущее', 'object_type': 'эссе', 'rating_value': 'ноль', 'best_rating': '6 | 6', 'rating_unit': 'звезд'}","{'object_type': 'эссе', 'rating_unit': 'звезд', 'rating_value': 'ноль', 'best_rating': '6'}"
test_436,Добавь песню в this is racionais mc's,AddToPlaylist,AddToPlaylist,True,0.9402,False,False,False,"{'music_item': 'песню', 'playlist': ""this is racionais mc's""}","{'playlist': ""this is racionais mc's"", 'music_item': 'песня', 'artist': ""mc's""}"
test_435,Показывают ли Babar: King of the Elephants,SearchScreeningEvent,SearchScreeningEvent,True,0.9148,False,False,False,{'movie_name': 'Babar: King of the Elephants'},"{'object_name': 'Babar: King of the Elephants', 'object_type': 'фильмы'}"
test_434,Я хочу столик в James D. Conrey House в Urbank California,BookRestaurant,BookRestaurant,True,0.9691,False,False,True,"{'restaurant_name': 'James D. Conrey House', 'location': 'Urbank | Urbank | California'}","{'restaurant_name': 'James D. Conrey House', 'location': 'Urbank California'}"
test_433,Оцени текущую серию на 4 очка,RateBook,RateBook,True,0.9014,False,False,True,"{'object_select': 'текущую | текущую', 'object_part_of_series_type': 'серию', 'rating_value': '4 | 4', 'rating_unit': 'очка'}","{'object_type': 'текущая', 'rating_value': '4', 'rating_unit': 'очка'}"
test_432,Дай ноль звезд этому учебнику,RateBook,RateBook,True,0.9043,False,False,False,"{'rating_value': 'ноль | ноль', 'rating_unit': 'звезд | звезд', 'object_select': 'этому | этому', 'object_type': 'учебнику'}","{'object_name': 'этому учебнику', 'rating_value': 'ноль', 'rating_unit': 'звезд'}"
test_431,Дай The Crystal Snare 5 звезд,RateBook,RateBook,True,0.954,False,False,False,"{'object_name': 'The Crystal Snare | The Crystal Snare', 'rating_value': '5 | 5', 'rating_unit': 'звезд'}","{'object_name': 'The Crystal Snare', 'rating_value': '5', 'rating_unit': 'звезд'}"
test_430,Включи Subconscious Lobotomy от Дженнифер Полл .,PlayMusic,PlayMusic,True,0.949,False,False,True,"{'album': 'Subconscious Lobotomy', 'artist': 'Дженнифер Полл'}","{'music_item': 'песня', 'artist': 'Дженнифер Полл', 'entity_name': 'Subconscious Lobotomy'}"
test_103,Отмени следующий будильник,alarm/cancel_alarm,alarm/cancel_alarm,True,0.9542,False,False,False,{'reference': 'следующий'},{'reference': 'следующий'}
test_104,Напомни мне сходить в продуктовый магазин сегодня,reminder/set_reminder,reminder/set_reminder,True,0.9633,False,False,False,"{'reminder/todo': 'сходить в продуктовый магазин | сходить в продуктовый магазин', 'datetime': 'сегодня'}","{'datetime': 'сегодня', 'reminder/todo': 'сходить в продуктовый магазин'}"
test_105,отмени мои напоминания на следующую неделю,reminder/cancel_reminder,reminder/cancel_reminder,True,0.8887,False,False,False,"{'reference': 'мои', 'datetime': 'следующую неделю'}","{'datetime': 'следующую неделю', 'reminder/todo': ' '}"
test_106,напомни мне отвести собаку к грумеру во вторник в 3 часа,reminder/set_reminder,reminder/set_reminder,True,0.9467,False,False,False,"{'reminder/todo': 'отвести собаку к грумеру', 'datetime': 'вторник в 3 часа'}","{'datetime': 'во вторник в 3 часа', 'recurring_datetime': None, 'reminder/todo': 'отвести собаку к грумеру'}"
test_107,Напомни мне забрать цветы для Джен на нашу годовщину на 28-е.,reminder/set_reminder,reminder/set_reminder,True,0.956,False,False,False,"{'reminder/todo': 'забрать цветы для Джен на нашу годовщину', 'datetime': '28-е'}","{'datetime': '28-е', 'reminder/todo': 'забрать цветы для Джен на нашу годовщину'}"
test_109,Напомни мне записаться к доктору завтра.,reminder/set_reminder,reminder/set_reminder,True,0.9727,False,False,False,"{'reminder/todo': 'записаться к доктору | записаться к доктору', 'datetime': 'завтра'}","{'datetime': 'завтра', 'reminder/todo': 'записаться к доктору'}"
test_111,Нужно ли взять дождевик?,weather/find,weather/find,True,0.9565,False,False,False,{'weather/attribute': 'дождевик'},{'condition_description': 'дождевик'}
test_150,Покажи все мои напоминания,reminder/show_reminders,reminder/show_reminders,True,0.9573,False,False,False,{'reference': 'все мои'},{}
test_247,Установи будильник на 5 вечера сегодня,alarm/set_alarm,alarm/set_alarm,True,0.944,False,False,False,{'datetime': '5 вечера сегодня'},{'datetime': '5 вечера | сегодня'}
test_248,установи будильник на 7 завтра,alarm/set_alarm,alarm/set_alarm,True,0.9588,False,False,False,{'datetime': '7 завтра'},{'datetime': '7 завтра'}
test_253,"Пожалуйста, найди мне видеоигру под названием 20 Hours in America .",SearchCreativeWork,SearchCreativeWork,True,0.9714,False,False,False,"{'object_type': 'видеоигру', 'object_name': '20 Hours in America'}","{'object_name': '20 Hours in America', 'object_type': 'видеоигру'}"
test_257,Включи новую музыку на Last Fm от Eddie Vinson .,PlayMusic,PlayMusic,True,0.92,False,False,False,"{'sort': 'новую | новую', 'music_item': 'музыку', 'service': 'Last Fm', 'artist': 'Eddie Vinson'}","{'service': 'Last Fm', 'artist': 'Eddie Vinson', 'music_item': 'новая'}"
test_258,Проверь прогноз погоды в Небраске .,weather/find,weather/find,True,0.9074,False,False,False,{'location': 'Небраске'},{'location': 'Небраска'}
test_259,Есть ли гроза сейчас в ЮК ?,weather/find,weather/find,True,0.9609,False,False,True,"{'condition_description': 'гроза | гроза', 'datetime': 'сейчас', 'location': 'ЮК'}","{'condition_description': 'гроза', 'location': 'ЮК'}"
test_264,Я хочу забронировать сунданский гастропаб где-то в Техасе на 3 персоны на 5/20/2025 .,BookRestaurant,BookRestaurant,True,0.9352,False,False,True,"{'cuisine': 'сунданский | сунданский', 'restaurant_type': 'гастропаб | гастропаб', 'location': 'где-то | Техасе', 'party_size_number': '3', 'datetime': '5/20/2025'}","{'restaurant_type': 'сунданский гастропаб', 'location': 'Техас', 'party_size_number': '3', 'datetime': '5/20/2025'}"
test_269,Я хочу забронировать еврейский ресторан в Гамбии .,BookRestaurant,BookRestaurant,True,0.9451,False,False,True,"{'cuisine': 'еврейский | еврейский', 'restaurant_type': 'ресторан', 'location': 'Гамбии'}","{'restaurant_type': 'еврейский', 'location': 'Гамбии'}"
test_273,"Погода в Уолден, Россия на 12/26/2018",weather/find,weather/find,True,0.9515,False,False,False,"{'location': 'Уолден, | Уолден, | Россия', 'datetime': '12/26/2018'}","{'condition_description': None, 'condition_temperature': None, 'datetime': '12/26/2018', 'location': 'Уолден', 'weather/attribute': None}"
test_274,Я хочу забронировать ресторан для моего тестя и себя в Банкере через год .,BookRestaurant,BookRestaurant,True,0.9155,False,False,True,"{'restaurant_type': 'ресторан', 'party_size_description': 'моего тестя и себя', 'location': 'Банкере | Банкере', 'datetime': 'через год'}","{'restaurant_type': None, 'cuisine': None, 'datetime': 'через год', 'party_size_number': 'два', 'location': 'Банкере'}"
test_285,"Пожалуйста, забронируй мне столик в бистро, где подают lorna doone .",BookRestaurant,BookRestaurant,True,0.9552,False,False,True,"{'restaurant_type': 'бистро,', 'served_dish': 'lorna doone'}","{'restaurant_type': 'бистро', 'served_dish': 'lorna doone'}"
test_286,Оцени The Mystery of the Tolling Bell серию 4 звездами .,RateBook,RateBook,True,0.9287,False,False,True,"{'object_name': 'The Mystery of the Tolling Bell | The Mystery of the Tolling Bell', 'object_part_of_series_type': 'серию | серию', 'rating_value': '4 | 4', 'rating_unit': 'звездами'}","{'object_name': 'The Mystery of the Tolling Bell', 'rating_value': '4', 'object_type': 'серия'}"
test_288,Проверь расписание для Snowbound в ближайшем кинотеатре .,SearchScreeningEvent,SearchScreeningEvent,True,0.9677,False,False,True,"{'movie_name': 'Snowbound', 'location': 'ближайшем | ближайшем', 'object_location_type': 'кинотеатре'}","{'object_type': 'расписание', 'movie_name': 'Snowbound', 'location': 'ближайшем | ближайшем', 'object_location_type': 'кинотеатре | кинотеатре'}"
test_291,Будет I Think I Do показываться в 7 вечера ?,SearchScreeningEvent,SearchScreeningEvent,True,0.9643,False,False,False,"{'movie_name': 'I Think I Do', 'datetime': '7 вечера'}","{'movie_name': 'I Think I Do', 'datetime': '7 вечера'}"
test_295,"Какой прогноз погоды для государственного парка Боте-Напа-Вэлли рядом на февраль, 20 ?",weather/find,weather/find,True,0.9439,False,False,False,"{'location': 'государственного парка Боте-Напа-Вэлли | государственного парка Боте-Напа-Вэлли | рядом', 'datetime': 'февраль, 20'}","{'condition_description': None, 'condition_temperature': None, 'datetime': 'февраль 20', 'location': 'государственный парк Боте-Напа-Вэлли'}"
test_299,Оцени Soul Music на 0 .,RateBook,RateBook,True,0.884,False,False,False,"{'object_name': 'Soul Music', 'rating_value': '0'}","{'object_name': 'Soul Music', 'object_type': 'музыка', 'rating_value': '0'}"
test_301,Включи All Things Must Pass .,PlayMusic,PlayMusic,True,0.9205,False,False,True,{'track': 'All Things Must Pass'},{'music_item': 'All Things Must Pass'}
test_304,Включи музыку на Netflix .,PlayMusic,PlayMusic,True,0.8962,False,False,False,{'service': 'Netflix'},{'service': 'Netflix'}
test_305,Я хочу увидеть Shattered Image .,SearchScreeningEvent,SearchCreativeWork,False,0.9632,False,False,False,{'movie_name': 'Shattered Image'},"{'object_name': 'Shattered Image', 'object_type': None}"
test_310,какой прогноз для жаркой погоды в государственном парке Саутфорд-Фоллс,weather/find,weather/find,True,0.9481,False,False,True,"{'condition_temperature': 'жаркой', 'location': 'государственном парке Саутфорд-Фоллс'}","{'condition_description': 'жаркой', 'location': 'государственном парке Саутфорд-Фоллс'}"
test_311,"Пожалуйста, забронируй мне столик в пиццерии с парковкой в Гане .",BookRestaurant,BookRestaurant,True,0.9521,False,False,True,"{'restaurant_type': 'пиццерии', 'facility': 'парковкой', 'location': 'Гане'}","{'restaurant_type': 'пиццерии', 'facility': 'парковкой', 'location': 'Гане'}"
test_312,Я хочу услышать семидесятые саундтреки .,PlayMusic,PlayMusic,True,0.926,False,False,False,"{'datetime': 'семидесятые | семидесятые', 'music_item': 'саундтреки'}","{'music_item': 'саундтреки', 'genre': 'семидесятые'}"
test_313,Погода через два часа в Узбекистане,weather/find,weather/find,True,0.9538,False,False,False,"{'datetime': 'через два часа', 'location': 'Узбекистане'}","{'datetime': 'через два часа', 'location': 'Узбекистане'}"
test_314,"Пожалуйста, найди мне Journal of the British Astronomical Association фильм .",SearchCreativeWork,SearchCreativeWork,True,0.9754,False,False,False,"{'object_name': 'Journal of the British Astronomical Association | Journal of the British Astronomical Association', 'object_type': 'фильм'}","{'object_name': 'Journal of the British Astronomical Association', 'object_type': 'фильм'}"
test_315,"Забронируй столик на 8 человек в Уордвилле, Канзас",BookRestaurant,BookRestaurant,True,0.9429,False,False,False,"{'party_size_number': '8', 'location': 'Уордвилле | Канзасе'}","{'party_size_number': '8', 'location': 'Уордвилле , Канзас'}"
test_316,Какой будет погода далеко отсюда ?,weather/find,weather/find,True,0.9446,False,False,False,{'location': 'далеко | далеко | отсюда'},"{'condition_description': None, 'condition_temperature': None, 'datetime': None, 'location': 'далеко отсюда'}"
test_321,Какой будет погода в ноябре в Брукниле ?,weather/find,weather/find,True,0.9397,False,False,False,"{'datetime': 'ноябре', 'location': 'Бруклине'}","{'condition_description': None, 'condition_temperature': None, 'datetime': 'ноябре', 'location': 'Брукниле'}"
test_325,какие фильмы в Star Theatres .,SearchScreeningEvent,SearchScreeningEvent,True,0.9465,False,False,False,"{'movie_type': 'фильмы', 'location': 'Star Theatres'}","{'object_type': 'фильмы', 'location': 'Star Theatres'}"
test_330,Дай одну звезду текущей книге,RateBook,RateBook,True,0.913,False,False,False,"{'rating_value': 'одну', 'object_select': 'текущей | текущей', 'object_type': 'книге'}","{'object_type': 'текущей', 'rating_value': 'одна', 'rating_unit': 'звезды'}"
test_345,"Пожалуйста, найди мне ТВ сериал , Now We Are Married .",SearchCreativeWork,SearchCreativeWork,True,0.9661,False,False,False,"{'object_type': 'ТВ сериал', 'object_name': 'Now We Are Married'}","{'object_name': 'Now We Are Married', 'object_type': 'ТВ сериал'}"
test_356,Я хочу увидеть The Portrait of a Lady в ближайшем кинотеатре .,SearchScreeningEvent,SearchScreeningEvent,True,0.9434,False,False,True,"{'movie_name': 'The Portrait of a Lady', 'location': 'ближайшем | ближайшем', 'object_location_type': 'кинотеатре'}","{'object_name': 'The Portrait of a Lady', 'object_type': 'фильм', 'location': 'ближайшем | ближайшем', 'object_location_type': 'кинотеатре | кинотеатре'}"
test_357,"Пожалуйста, найди мне Phineas Redux .",SearchCreativeWork,SearchCreativeWork,True,0.9618,False,False,False,{'object_name': 'Phineas Redux'},"{'object_name': 'Phineas Redux', 'object_type': None}"
test_360,Какой будет погода в Памятнике Лихуле в декабре 5-го ?,weather/find,weather/find,True,0.9306,False,False,False,"{'location': 'Памятнике Лихуле', 'datetime': 'декабре 5-го'}","{'condition_description': None, 'condition_temperature': None, 'datetime': 'декабря 5-го', 'location': 'Памятнике Лихуле'}"
test_363,"Какая погода в Тионеке , Нью-Джерси",weather/find,weather/find,True,0.9175,False,False,False,{'location': 'Тионеке | Нью-Джерси'},"{'location': 'Тионеке , Нью-Джерси'}"
test_365,забронируй место для моих племянниц и меня в чайном доме,BookRestaurant,BookRestaurant,True,0.9193,False,False,True,"{'party_size_description': 'моих племянниц и меня', 'restaurant_type': 'чайном доме'}","{'party_size_number': 'моих племянниц и меня', 'restaurant_type': 'чайном доме'}"
test_366,Будет ли жарко в Нидерландах в феврале 16-го ?,weather/find,weather/find,True,0.9361,False,False,True,"{'condition_temperature': 'жарко', 'location': 'Нидерландах', 'datetime': 'феврале 16-го'}","{'condition_description': 'жарко', 'datetime': 'февраль 16-го', 'location': 'Нидерландах'}"
test_367,Я хочу добавить jordan rudess в Divertido para niños плейлист.,AddToPlaylist,AddToPlaylist,True,0.9479,False,False,False,"{'artist': 'jordan rudess', 'playlist': 'Divertido para niños'}","{'artist': 'jordan rudess', 'entity_name': 'Divertido para niños', 'playlist': 'Divertido para niños', 'music_item': None}"
test_369,Забронируй мне столик в лучшем бистро,BookRestaurant,BookRestaurant,True,0.9406,False,False,False,"{'sort': 'лучшем | лучшем', 'restaurant_type': 'бистро'}","{'sort': 'лучшем', 'restaurant_type': 'бистро'}"
test_372,Какой будет погода в Огайо ?,weather/find,weather/find,True,0.9313,False,False,False,{'location': 'Огайо'},{'location': 'Огайо'}
test_374,Забронируй столик для моих малышей и меня,BookRestaurant,BookRestaurant,True,0.9197,False,False,True,{'party_size_description': 'моих малышей и меня'},{'party_size_description': 'моих малышей и меня'}
test_392,Я хочу забронировать массаж в спа .,BookRestaurant,BookRestaurant,True,0.9455,False,False,True,"{'restaurant_type': 'массаж', 'facility': 'спа'}",{'restaurant_type': 'спа'}
test_417,"Пожалуйста, найди телевизионное шоу , Episodi di The Blacklist .",SearchCreativeWork,SearchCreativeWork,True,0.9754,False,False,False,"{'object_type': 'телевизионное шоу', 'object_name': 'Episodi di The Blacklist'}","{'object_name': 'Episodi di The Blacklist', 'object_type': 'телевизионное шоу'}"
test_418,"какой прогноз для холодной погоды, начиная с Дня закона здесь",weather/find,weather/find,True,0.9299,False,False,True,"{'condition_temperature': 'холодной', 'datetime': 'Дня закона | Дня закона', 'location': 'здесь'}","{'condition_description': 'холодная', 'datetime': 'начиная с Дня закона', 'location': 'здесь'}"
test_419,Я хочу забронировать ресторан на десять человек.,BookRestaurant,BookRestaurant,True,0.9551,False,False,False,"{'restaurant_type': 'ресторан', 'party_size_number': 'десять'}",{'party_size_number': 'десять'}
test_420,Включи что-то от Duke Ellington из семидесятых,PlayMusic,PlayMusic,True,0.9232,False,False,False,"{'artist': 'Duke Ellington', 'datetime': 'семидесятых'}","{'artist': 'Duke Ellington', 'datetime': 'семидесятых', 'music_item': 'что-то'}"
test_421,Оцени Cotton Comes to Harlem на 2,RateBook,RateBook,True,0.9283,False,False,False,"{'object_name': 'Cotton Comes to Harlem', 'rating_value': '2'}","{'object_name': 'Cotton Comes to Harlem', 'rating_unit': '2'}"
test_422,Добавь песню в мой плейлист madden nfl 16,AddToPlaylist,AddToPlaylist,True,0.946,False,False,False,"{'music_item': 'песню', 'reference': 'мой', 'playlist': 'madden nfl 16'}","{'music_item': 'песня', 'playlist': 'madden nfl 16'}"
test_423,Добавь Toyan в мой Epic Gaming плейлист.,AddToPlaylist,AddToPlaylist,True,0.911,False,False,False,"{'artist': 'Toyan', 'reference': 'мой | мой', 'playlist': 'Epic Gaming'}","{'playlist': 'Epic Gaming', 'music_item': 'Toy', 'entity_name': 'Toyan'}"
test_424,включи что-то новое от Les Vandyke на Slacker,PlayMusic,PlayMusic,True,0.9456,False,False,False,"{'sort': 'новое', 'artist': 'Les Vandyke', 'service': 'Slacker'}","{'service': 'Slacker', 'music_item': 'что-то новое', 'artist': 'Les Vandyke'}"
test_425,оцени Three Junes одним баллом из 6,RateBook,RateBook,True,0.9399,False,False,False,"{'object_name': 'Three Junes | Three Junes', 'rating_value': 'одним', 'best_rating': '6'}","{'object_name': 'Three Junes', 'rating_unit': 'баллом', 'rating_value': 'один'}"
test_426,Забронируй столик на девять людей в пекарне в Нуньес,BookRestaurant,BookRestaurant,True,0.9494,False,False,False,"{'party_size_number': 'девять', 'restaurant_type': 'пекарне', 'location': 'Нуньес'}","{'party_size_number': 'девять', 'restaurant_type': 'пекарне', 'location': 'Нуньес'}"
test_427,Оцени этот текущий роман двумя баллами из 6 .,RateBook,RateBook,True,0.8886,False,False,False,"{'object_select': 'этот текущий | этот текущий', 'object_type': 'роман | роман', 'rating_value': 'двумя', 'best_rating': '6'}","{'object_type': 'роман', 'object_name': 'этот | этот', 'rating_unit': 'из 6', 'rating_value': 'два'}"
test_428,Включи The Happy Blues от Ronnie Wood .,PlayMusic,PlayMusic,True,0.9584,False,False,True,"{'album': 'The Happy Blues', 'artist': 'Ronnie Wood'}","{'music_item': 'песня', 'artist': 'Ronnie Wood', 'entity_name': 'The Happy Blues'}"
test_429,Включи симфонию из 2013 .,PlayMusic,PlayMusic,True,0.9089,False,False,False,"{'music_item': 'симфонию', 'datetime': '2013'}","{'music_item': 'симфония', 'datetime': '2013'}"
,Забронируй мне столик в лучшем кафе.,BookRestaurant,BookRestaurant,True,0.939,False,False,False,"{'sort': 'лучшем | лучшем', 'restaurant_type': 'кафе'}","{'sort': 'лучшем', 'restaurant_type': 'кафе'}"
,Оцени текущий учебник на 1 из 6.,RateBook,RateBook,True,0.9053,False,False,False,"{'object_select': 'текущий | текущий', 'object_type': 'учебник', 'rating_value': '1', 'best_rating': '6'}","{'object_type': 'учебник', 'rating_unit': '1 из 6', 'object_name': 'текущий'}"
,В какое время показывают фильм,SearchScreeningEvent,SearchScreeningEvent,True,0.9331,False,False,False,{'object_type': 'время показывают фильм'},{'movie_name': 'фильм'}
,Какая погода будет в Огайо?,weather/find,weather/find,True,0.9273,False,False,False,{'location': 'Огайо'},{'location': 'Огайо'}
,Добавь этого исполнителя в Showstopper Being Mary Jane.,AddToPlaylist,AddToPlaylist,True,0.9215,False,False,False,"{'music_item': 'исполнителя', 'playlist': 'Showstopper Being Mary Jane'}","{'entity_name': 'этого исполнителя', 'playlist': 'Showstopper Being Mary Jane', 'music_item': None, 'reference': None, 'artist': None}"
,Забронируй столик для меня и моих детей.,BookRestaurant,BookRestaurant,True,0.9355,False,False,True,{'party_size_description': 'меня и моих детей'},{'party_size_description': 'меня и моих детей'}
test_375,"Какая погода будет в заповеднике Сарыгамыш 21 августа, 2035 ?",weather/find,weather/find,True,0.9464,False,False,False,"{'location': 'заповеднике Сарыгамыш', 'datetime': '21 августа, 2035'}","{'condition_description': None, 'condition_temperature': None, 'datetime': '21 августа 2035', 'location': 'заповеднике Сарыгамыш'}"
test_376,Оцени Ruth пять баллов из 6 .,RateBook,RateBook,True,0.9231,False,False,False,"{'object_name': 'Ruth | Ruth', 'rating_value': 'пять | пять', 'rating_unit': 'баллов', 'best_rating': '6'}","{'object_name': 'Ruth', 'rating_value': 'пять', 'best_rating': 'шесть', 'object_type': None, 'rating_unit': None}"
test_377,Reminiscences of the Anti-Japanese Guerillas chronicle заслуживает ноль баллов из 6.,RateBook,RateBook,True,0.9321,False,False,True,"{'object_name': 'Reminiscences of the Anti-Japanese Guerillas | Reminiscences of the Anti-Japanese Guerillas', 'object_part_of_series_type': 'chronicle', 'rating_value': 'ноль | ноль', 'rating_unit': 'баллов', 'best_rating': '6.'}","{'object_name': 'Reminiscences of the Anti-Japanese Guerillas chronicle', 'rating_value': 'ноль', 'best_rating': '6', 'object_type': 'хроника'}"
test_378,Покажи мне расписание сеансов в южных кинотеатрах,SearchScreeningEvent,SearchScreeningEvent,True,0.8764,False,False,False,"{'object_type': 'расписание сеансов', 'location': 'южных кинотеатрах'}",{'object_location_type': 'южных кинотеатрах'}
test_379,Найди расписание фильмов рядом,SearchScreeningEvent,SearchScreeningEvent,True,0.9294,False,False,False,"{'object_type': 'расписание фильмов | расписание фильмов', 'location': 'рядом'}",{'object_location_type': 'рядом'}
test_380,Добавь этот альбом в плейлист Spanish Beat,AddToPlaylist,AddToPlaylist,True,0.9235,False,False,False,"{'music_item': 'альбом', 'playlist': 'Spanish Beat'}","{'playlist': 'Spanish Beat', 'entity_name': 'этот | этот', 'music_item': 'альбом'}"
test_381,Забронируй столик на 6 человек в креольской таверне в Черногории,BookRestaurant,BookRestaurant,True,0.9301,False,False,True,"{'party_size_number': '6', 'cuisine': 'креольской | креольской', 'restaurant_type': 'таверне', 'location': 'Черногории'}","{'party_size_number': '6', 'restaurant_type': 'креольской таверны', 'location': 'Черногории'}"
test_382,Поставь сериалу Catedral 4 звезды .,RateBook,RateBook,True,0.9431,False,False,True,"{'object_part_of_series_type': 'сериалу | сериалу', 'object_name': 'Catedral | Catedral', 'rating_value': '4 | 4', 'rating_unit': 'звезды'}","{'object_name': 'Catedral', 'object_type': 'сериал', 'rating_value': '4', 'rating_unit': 'звезды'}"
test_383,Добавь The Famous Flower of Serving-Men в мой вечерний акустический плейлист.,AddToPlaylist,AddToPlaylist,True,0.9097,False,False,False,"{'entity_name': 'The Famous Flower of Serving-Men', 'reference': 'мой | мой', 'playlist': 'вечерний акустический'}","{'entity_name': 'The Famous Flower of Serving-Men', 'playlist': 'вечерний акустический', 'music_item': 'музыкальный объект'}"
test_384,Покажи мне расписание ArcLight Hollywood только для анимационных фильмов,SearchScreeningEvent,SearchScreeningEvent,True,0.9274,False,False,False,"{'object_type': 'расписание | расписание', 'location': 'ArcLight Hollywood', 'movie_type': 'анимационных фильмов'}","{'object_type': 'расписание', 'location': 'ArcLight Hollywood', 'movie_type': 'анимационных'}"
test_385,"Пожалуйста, найди картину под названием This Is the Night .",SearchCreativeWork,SearchCreativeWork,True,0.9586,False,False,False,"{'object_type': 'картину', 'object_name': 'This Is the Night'}","{'object_name': 'This Is the Night', 'object_type': 'картины'}"
test_386,Какова будет влажность в данном месте в 15:19:29 ?,weather/find,weather/find,True,0.9569,False,False,True,"{'condition_description': 'влажность', 'location': 'данном месте', 'datetime': '15:19:29'}","{'weather/attribute': 'влажность', 'datetime': '15 : 19 : 29'}"
test_387,я хочу посмотреть JLA Adventures: Trapped In Time,SearchScreeningEvent,SearchCreativeWork,False,0.9376,False,False,False,{'movie_name': 'JLA Adventures: Trapped In Time'},"{'object_name': 'JLA Adventures: Trapped In Time', 'object_type': 'фильмы'}"
test_388,Добавь мелодию Дерека Уоткинса в This Is Johnny Cash,AddToPlaylist,AddToPlaylist,True,0.9302,False,False,False,"{'music_item': 'мелодию | мелодию', 'artist': 'Дерека Уоткинса', 'playlist': 'This Is Johnny Cash'}","{'music_item': 'мелодию', 'playlist': 'This Is Johnny Cash', 'artist': 'Дерек Уоткинс'}"
test_389,Найди творческую работу под названием Fire in the Hole,SearchCreativeWork,SearchCreativeWork,True,0.966,False,False,False,{'object_name': 'Fire in the Hole'},"{'object_name': 'Fire in the Hole', 'object_type': None}"
test_390,забронируй столик возле колледжа Пэта,BookRestaurant,BookRestaurant,True,0.9202,False,False,False,{'location': 'возле | возле | колледжа Пэта'},{'location': 'возле колледжа Пэта'}
test_391,Идет ли Patrick Still Lives в кинотеатрах AMC,SearchScreeningEvent,SearchScreeningEvent,True,0.9379,False,False,False,"{'movie_name': 'Patrick Still Lives', 'location': 'кинотеатрах AMC'}","{'movie_name': 'Patrick Still Lives', 'object_location_type': 'кинотеатрах', 'object_type': 'расписание', 'location': 'AMC'}"
test_393,нужен столик где-нибудь в Кворривилле через 14 часов,BookRestaurant,BookRestaurant,True,0.9489,False,False,False,"{'location': 'Кворривилле | Кворривилле', 'datetime': 'через 14 часов'}","{'datetime': 'через 14 часов', 'location': 'Кворривилле'}"
test_394,включи Гэри Ли Коннера,PlayMusic,PlayMusic,True,0.9401,False,False,False,{'artist': 'Гэри Ли Коннера'},{'artist': 'Гэри Ли Коннера'}
test_395,"покажи ближайший кинотеатр, где показывают Boycott",SearchScreeningEvent,SearchScreeningEvent,True,0.9084,False,False,True,"{'location': 'ближайший | ближайший', 'object_location_type': 'кинотеатр', 'movie_name': 'Boycott'}","{'object_name': 'Boycott', 'object_type': 'фильмы', 'location': 'ближайшем'}"
test_396,"Пожалуйста, включи мой ecstatic плейлист.",PlayMusic,PlayMusic,True,0.9531,False,False,False,{'playlist': 'ecstatic'},{'playlist': 'ecstatic'}
test_397,"Пожалуйста, найди песню The Mad Magician .",SearchCreativeWork,PlayMusic,False,0.9517,False,False,False,"{'object_type': 'песню | песню', 'object_name': 'The Mad Magician'}","{'music_item': 'песня', 'artist': 'The Mad Magician'}"
test_398,Проверь расписание кинотеатров Bow Tie Cinemas .,SearchScreeningEvent,SearchScreeningEvent,True,0.9379,False,False,False,"{'object_type': 'расписание', 'location': 'Bow Tie Cinemas'}","{'object_type': 'расписание', 'movie_name': None, 'location': 'Bow Tie Cinemas', 'object_location_type': None, 'datetime': None}"
test_399,Забронируй мне столик на вечеринку из 3 человек в пабе на Северных Марианских островах,BookRestaurant,BookRestaurant,True,0.9364,False,False,False,"{'party_size_number': '3', 'restaurant_type': 'пабе', 'location': 'Северных Марианских островах'}","{'party_size_number': '3', 'restaurant_type': 'паб', 'location': 'Северных Марианских островах'}"
test_400,Мне нужно добавить в текущий список Infinite Indie Folk произведения Рахим Шаха,AddToPlaylist,AddToPlaylist,True,0.9258,False,False,False,"{'reference': 'текущий', 'playlist': 'Infinite Indie Folk', 'artist': 'Рахим Шаха'}","{'music_item': 'произведения', 'playlist': 'текущий список', 'entity_name': 'Рахим Шаха', 'reference': 'текущий'}"
test_401,Добавь Джерри Каллиста-младшего в мой плейлист Te quiero.,AddToPlaylist,AddToPlaylist,True,0.9291,False,False,False,"{'artist': 'Джерри Каллиста - младшего', 'reference': 'мой', 'playlist': 'Te quiero.'}","{'artist': 'Джерри Каллиста-младшего', 'playlist': 'Te quiero', 'music_item': None, 'entity_name': None, 'reference': None}"
test_402,Насколько холоднее будет недалеко от Юты около 3 часов утра?,weather/find,weather/find,True,0.9403,False,False,True,"{'condition_temperature': 'холоднее', 'location': 'недалеко | Юты', 'datetime': '3 часов утра'}","{'condition_description': 'холоднее', 'datetime': 'около 3 часов утра', 'location': 'недалеко от | недалеко от | Юты'}"
test_403,Добавь альбом в плейлист Hipster Soul.,AddToPlaylist,AddToPlaylist,True,0.9544,False,False,False,"{'music_item': 'альбом', 'playlist': 'Hipster Soul.'}","{'playlist': 'Hipster Soul', 'music_item': 'альбом'}"
test_404,Через тринадцать часов я хочу отведать деликатесы восточноевропейской кухни,BookRestaurant,BookRestaurant,True,0.9326,False,False,True,"{'datetime': 'Через тринадцать часов', 'restaurant_type': 'деликатесы | деликатесы', 'cuisine': 'восточноевропейской'}","{'datetime': 'через тринадцать часов', 'cuisine': 'восточноевропейской'}"
test_405,включи саундтрек шестидесятых,PlayMusic,PlayMusic,True,0.9336,False,False,False,"{'music_item': 'саундтрек | саундтрек', 'datetime': 'шестидесятых'}","{'music_item': 'саундтрек', 'genre': 'шестидесятых'}"
test_406,Поставь этому альбому одну звезду,RateBook,RateBook,True,0.9102,False,False,False,"{'object_select': 'этому | этому', 'object_type': 'альбому | альбому', 'rating_value': 'одну | одну', 'rating_unit': 'звезду'}","{'object_name': 'этому альбому', 'rating_value': 'одна', 'rating_unit': 'звезду'}"
test_407,Включи лучшую музыку Брайана Маклина .,PlayMusic,PlayMusic,True,0.9149,False,False,False,"{'sort': 'лучшую', 'artist': 'Брайана Маклина'}","{'artist': 'Брайан Маклин', 'music_item': 'лучшую'}"
test_408,какой прогноз погоды в Никодиме и окрестностях,weather/find,weather/find,True,0.9402,False,False,False,{'location': 'Никодиме | окрестностях'},"{'condition_description': None, 'condition_temperature': None, 'datetime': None, 'location': 'Никодиме и окрестностях'}"
test_409,Найди игру под названием Phinally Phamous,SearchCreativeWork,SearchCreativeWork,True,0.9759,False,False,False,"{'object_type': 'игру', 'object_name': 'Phinally Phamous'}","{'object_name': 'Phinally Phamous', 'object_type': 'игра'}"
test_410,Поставь оценку 2 Juneteenth .,RateBook,RateBook,True,0.9244,False,False,False,"{'rating_value': '2 | 2', 'object_name': 'Juneteenth'}","{'object_name': '2 Juneteenth', 'object_type': 'книга'}"
test_411,Поставь ноль звезд Rhialto the Marvellous,RateBook,RateBook,True,0.8999,False,False,False,"{'rating_value': 'ноль | ноль', 'rating_unit': 'звезд | звезд', 'object_name': 'Rhialto the Marvellous'}","{'object_name': 'Rhialto the Marvellous', 'object_type': 'книга'}"
test_412,Я хочу послушать саундтрек на Ютубе от Helena Iren Michaelsen,PlayMusic,PlayMusic,True,0.9543,False,False,False,"{'music_item': 'саундтрек', 'service': 'Ютубе', 'artist': 'Helena Iren Michaelsen'}","{'service': 'Ютубе', 'music_item': 'саундтрек', 'artist': 'Helena Iren Michaelsen'}"
test_413,забронируй столик на 1/20/2023 на 5 человек в MH,BookRestaurant,BookRestaurant,True,0.9575,False,False,False,"{'datetime': '1/20/2023', 'party_size_number': '5', 'location': 'MH'}","{'datetime': '1/20/2023', 'party_size_number': '5', 'restaurant_name': 'MH'}"
test_414,расписание сеансов анимационных фильмов рядом,SearchScreeningEvent,SearchScreeningEvent,True,0.9604,False,False,False,"{'object_type': 'расписание сеансов | расписание сеансов', 'movie_type': 'анимационных фильмов | анимационных фильмов', 'location': 'рядом'}","{'object_type': 'расписание', 'movie_type': 'анимационных фильмов', 'location': 'рядом'}"
test_415,Добавь jack white в мой плейлист This Is Shakira,AddToPlaylist,AddToPlaylist,True,0.89,False,False,False,"{'artist': 'jack white', 'reference': 'мой', 'playlist': 'This Is Shakira'}","{'playlist': 'This Is Shakira', 'music_item': 'jack white', 'artist': 'jack white'}"
test_416,Я хочу забронировать ресторан на пять человек на Шри-Ланке .,BookRestaurant,BookRestaurant,True,0.9512,False,False,False,"{'restaurant_type': 'ресторан', 'party_size_number': 'пять', 'location': 'Шри - Ланке'}","{'party_size_number': 'пять', 'location': 'Шри-Ланка'}"
test_481,Включи британский блюз .,PlayMusic,PlayMusic,True,0.9253,False,False,True,{'genre': 'британский блюз'},"{'music_item': 'блюз', 'sort': 'британский'}"
test_162,Сколько снега прогнозируется?,weather/find,weather/find,True,0.9199,False,False,False,{'weather/attribute': 'снега'},{'condition_description': 'снега'}
test_163,на улице жарко,weather/find,weather/find,True,0.9353,False,False,False,"{'location': 'улице | улице', 'weather/attribute': 'жарко'}",{'condition_description': 'жарко'}
test_164,Какая температура будет сегодня?,weather/find,weather/find,True,0.9418,False,False,False,"{'weather/attribute': 'температура', 'datetime': 'сегодня'}","{'weather/attribute': 'температура', 'datetime': 'сегодня'}"
test_165,какая погода будет завтра в Далласе,weather/find,weather/find,True,0.9476,False,False,False,"{'datetime': 'завтра', 'location': 'Далласе'}","{'datetime': 'завтра', 'location': 'Даллас'}"
test_166,Покажи мне все текущие напоминания на сегодня,reminder/show_reminders,reminder/show_reminders,True,0.925,False,False,False,"{'reference': 'все текущие', 'datetime': 'сегодня'}",{'datetime': 'на сегодня'}
test_167,Установи еженедельное напоминание о покупках.,reminder/set_reminder,reminder/set_reminder,True,0.9352,False,False,False,"{'recurring_datetime': 'еженедельное', 'reminder/todo': 'покупках'}","{'datetime': None, 'recurring_datetime': 'еженедельное', 'reminder/todo': 'покупках'}"
test_168,погода,weather/find,weather/find,True,0.9414,False,False,False,{},{}
test_169,Будет ли идти весь день дождь?,weather/find,weather/find,True,0.9425,False,False,False,"{'datetime': 'весь день | весь день', 'weather/attribute': 'дождь'}","{'condition_description': 'дождь', 'datetime': 'всё день'}"
test_170,завтра будет дождь,weather/find,weather/find,True,0.9587,False,False,False,"{'datetime': 'завтра', 'weather/attribute': 'дождь'}","{'condition_description': 'дождь', 'datetime': 'завтра'}"
test_171,Напомни мне ответить на рабочие письма сегодня вечером,reminder/set_reminder,reminder/set_reminder,True,0.9579,False,False,False,"{'reminder/todo': 'ответить на рабочие письма | ответить на рабочие письма', 'datetime': 'сегодня вечером'}","{'datetime': 'сегодня вечером', 'reminder/todo': 'ответить на рабочие письма'}"
test_172,Удали будильники,alarm/cancel_alarm,alarm/cancel_alarm,True,0.9034,False,False,False,{},{'reference': 'мой | мой'}
test_173,Отмени текущие будильники,alarm/cancel_alarm,alarm/cancel_alarm,True,0.9576,False,False,False,{'reference': 'текущие'},{'reference': 'текущие'}
test_215,Могу ли я надеть сегодня шорты?,weather/find,weather/find,True,0.914,False,False,False,"{'datetime': 'сегодня | сегодня', 'weather/attribute': 'шорты'}",{'condition_description': 'шорты'}
test_203,Завтра будет дождь?,weather/find,weather/find,True,0.9679,False,False,False,"{'datetime': 'Завтра', 'weather/attribute': 'дождь'}","{'condition_description': 'дождь', 'datetime': 'завтра'}"
test_176,Установи будильник на 10 утра,alarm/set_alarm,alarm/set_alarm,True,0.9652,False,False,False,{'datetime': '10 утра'},{'datetime': '10 утра'}
test_177,Будет ли на этой недели дождь?,weather/find,weather/find,True,0.9454,False,False,False,"{'weather/attribute': 'дождь', 'datetime': 'этой недели'}","{'condition_description': 'дождь', 'datetime': 'на этой неделе'}"
test_237,покажи все напоминания,reminder/show_reminders,reminder/show_reminders,True,0.9608,False,False,False,{'reference': 'все'},{}
test_179,отмени будильники,alarm/cancel_alarm,alarm/cancel_alarm,True,0.9333,False,False,False,{},{'reference': 'будильники'}
test_180,отключи все будильники,alarm/cancel_alarm,alarm/cancel_alarm,True,0.9592,False,False,False,{'reference': 'все'},{'reference': 'все'}
test_181,покажи все предустановленные будильники,alarm/show_alarms,alarm/show_alarms,True,0.924,False,False,False,{'reference': 'все'},{'reference': 'все'}
test_182,Установи будильник на каждую минуту в течение 20 минут.,alarm/set_alarm,alarm/set_alarm,True,0.9242,False,False,False,{'recurring_datetime': 'каждую минуту в течение 20 минут'},"{'datetime': 'каждую минуту', 'recurring_datetime': '20 минут', 'reminder/todo': None}"
test_183,Какие у меня напоминания?,reminder/show_reminders,reminder/show_reminders,True,0.9509,False,False,False,{'reference': 'меня'},{}
test_184,отмени будильник на завтра,alarm/cancel_alarm,alarm/cancel_alarm,True,0.9073,False,False,False,{'datetime': 'завтра'},"{'datetime': 'на завтра', 'reference': 'будильник'}"
test_185,мне нужен зонт сегодня?,weather/find,weather/find,True,0.9312,False,False,False,"{'weather/attribute': 'зонт | зонт', 'datetime': 'сегодня'}","{'condition_description': 'нужен зонт', 'datetime': 'сегодня'}"
test_186,сегодня будет снег?,weather/find,weather/find,True,0.9705,False,False,False,"{'datetime': 'сегодня', 'weather/attribute': 'снег'}","{'condition_description': 'снег', 'datetime': 'сегодня'}"
test_187,Напомни мне позвонить маме сегодня вечером,reminder/set_reminder,reminder/set_reminder,True,0.9584,False,False,False,"{'reminder/todo': 'позвонить маме | позвонить маме', 'datetime': 'сегодня вечером'}","{'datetime': 'сегодня вечером', 'reminder/todo': 'позвонить маме'}"
test_188,сегодня будет дождь,weather/find,weather/find,True,0.9535,False,False,False,"{'datetime': 'сегодня', 'weather/attribute': 'дождь'}","{'condition_description': 'дождь', 'datetime': 'сегодня'}"
test_189,В субботу будет дождь?,weather/find,weather/find,True,0.9513,False,False,False,"{'datetime': 'субботу', 'weather/attribute': 'дождь'}","{'condition_description': 'дождь', 'datetime': 'суббота'}"
test_190,Будете ли вы ставить будильник каждую минуту в течение 20 минут?,alarm/set_alarm,alarm/set_alarm,True,0.8979,False,False,False,{'recurring_datetime': 'каждую минуту в течение 20 минут'},"{'datetime': 'каждую минуту', 'recurring_datetime': '20 минут', 'reminder/todo': None}"
test_191,Тропические штормы в Карибском море,weather/find,weather/find,True,0.9467,False,False,False,"{'weather/attribute': 'Тропические штормы', 'location': 'Карибском море'}","{'condition_description': 'тропические штормы', 'location': 'Карибском море'}"
test_234,отмени все будильники,alarm/cancel_alarm,alarm/cancel_alarm,True,0.9605,False,False,False,{'reference': 'все'},{'reference': 'все'}
test_193,Установи будильник на каждые девять минут.,alarm/set_alarm,alarm/set_alarm,True,0.9318,False,False,False,{'recurring_datetime': 'каждые девять минут'},{'recurring_datetime': 'каждые девять минут'}
test_194,Удали два последних напоминания в моем списке,reminder/cancel_reminder,reminder/cancel_reminder,True,0.8911,False,False,False,{'reference': 'два последних'},{'reference': 'два последних | два последних'}
test_195,какая сегодня погода,weather/find,weather/find,True,0.9317,False,False,False,{'datetime': 'сегодня'},"{'condition_description': 'какая', 'datetime': 'сегодня'}"
test_196,включи текущий будильник,alarm/set_alarm,alarm/snooze_alarm,False,0.9413,False,False,False,{'reference': 'текущий'},{'reference': 'текущий'}
test_223,Какая сегодня влажность?,weather/find,weather/find,True,0.9273,False,False,False,"{'datetime': 'сегодня | сегодня', 'weather/attribute': 'влажность'}",{'weather/attribute': 'влажность'}
test_198,напомни мне установить будильник для подъема,reminder/set_reminder,alarm/set_alarm,False,0.8911,False,False,False,{'reminder/todo': 'установить будильник для подъема'},"{'reference': 'мой | мой', 'reminder/todo': 'для подъема'}"
test_199,Будет ли в эти выходные снег?,weather/find,weather/find,True,0.9617,False,False,False,"{'datetime': 'эти выходные | эти выходные', 'weather/attribute': 'снег'}","{'condition_description': 'снег', 'datetime': 'эти выходные'}"
test_232,Насколько жарко будет сегодня?,weather/find,weather/find,True,0.9484,False,False,False,"{'weather/attribute': 'жарко', 'datetime': 'сегодня'}","{'condition_description': 'жарко', 'datetime': 'сегодня'}"
test_201,На какое время установлен текущий будильник,alarm/show_alarms,alarm/time_left_on_alarm,False,0.9518,False,False,False,{'reference': 'текущий'},{'reference': 'текущий'}
test_202,Какая сегодня погода?,weather/find,weather/find,True,0.9189,False,False,False,{'datetime': 'сегодня'},"{'condition_description': 'какая', 'datetime': 'сегодня'}"
test_203,Завтра будет дождь?,weather/find,weather/find,True,0.9679,False,False,False,"{'datetime': 'Завтра', 'weather/attribute': 'дождь'}","{'condition_description': 'дождь', 'datetime': 'завтра'}"
test_204,Отмени текущий будильник на 5:15 утра во вторник,alarm/cancel_alarm,alarm/cancel_alarm,True,0.9404,False,False,False,"{'reference': 'текущий', 'datetime': '5:15 утра во вторник'}","{'datetime': '5 : 15 утра', 'reference': 'текущий | текущий'}"
test_205,отмени напоминание о сегодняшней вечерней игре,reminder/cancel_reminder,reminder/cancel_reminder,True,0.9417,False,False,False,"{'datetime': 'сегодняшней | сегодняшней | вечерней | вечерней', 'reminder/todo': 'игре'}","{'datetime': 'сегодняшней', 'reminder/todo': 'вечерней игре'}"
test_206,Поставь будильник на 3 ночи,alarm/set_alarm,alarm/set_alarm,True,0.9416,False,False,False,{'datetime': '3 ночи'},{'datetime': '3 ночи'}
test_207,отмени все будильники на субботу,alarm/cancel_alarm,alarm/cancel_alarm,True,0.9357,False,False,False,"{'reference': 'все', 'datetime': 'субботу'}","{'datetime': 'субботу', 'reference': 'все'}"
test_208,"мне нужно напоминание, чтобы забрать Лизу",reminder/set_reminder,reminder/set_reminder,True,0.9728,False,False,False,{'reminder/todo': 'забрать Лизу'},"{'datetime': None, 'recurring_datetime': None, 'reminder/todo': 'забрать Лизу'}"
test_209,Какой сегодня максимум?,weather/find,weather/find,True,0.9519,False,False,False,"{'datetime': 'сегодня | сегодня', 'weather/attribute': 'максимум'}",{'condition_description': 'максимум'}
test_210,Будет ли сегодня облачно в Гриндстоуне?,weather/find,weather/find,True,0.9572,False,False,False,"{'datetime': 'сегодня | сегодня', 'weather/attribute': 'облачно', 'location': 'Гриндстоуне'}","{'condition_description': 'облачно', 'datetime': 'сегодня', 'location': 'Гриндстоуне'}"
test_211,Напомни мне позже,reminder/set_reminder,reminder/set_reminder,True,0.9225,False,False,False,{'datetime': 'позже'},{'reminder/todo': 'напомни мне позже'}
test_212,какая сегодня погода во Франции,weather/find,weather/find,True,0.9377,False,False,False,"{'location': 'Франции | Франции', 'datetime': 'сегодня'}","{'condition_description': None, 'condition_temperature': None, 'datetime': 'сегодня', 'location': 'Франция'}"
test_213,Будет ли солнечно на вечеринке в субботу,weather/find,weather/find,True,0.863,False,False,False,"{'weather/attribute': 'солнечно', 'datetime': 'субботу'}","{'condition_description': 'солнечно', 'datetime': 'вечеринка | субботу'}"
test_214,завтра пойдет дождь?,weather/find,weather/find,True,0.9453,False,False,False,"{'datetime': 'завтра', 'weather/attribute': 'дождь'}","{'condition_description': 'пойдет дождь', 'datetime': 'завтра'}"
test_215,Могу ли я надеть сегодня шорты?,weather/find,weather/find,True,0.914,False,False,False,"{'datetime': 'сегодня | сегодня', 'weather/attribute': 'шорты'}",{'condition_description': 'шорты'}
test_216,Покажи текущее напоминание,reminder/show_reminders,reminder/show_reminders,True,0.9436,False,False,False,{'reference': 'текущее'},{}
test_217,какой средний прогноз на сентябрь,weather/find,weather/find,True,0.9158,False,False,False,{'datetime': 'сентябрь'},"{'condition_description': 'средний прогноз', 'datetime': 'сентябрь'}"
test_218,Сегодня холодно?,weather/find,weather/find,True,0.9562,False,False,False,"{'datetime': 'Сегодня | Сегодня', 'weather/attribute': 'холодно'}","{'condition_description': 'холодно', 'datetime': 'сегодня'}"
test_240,Отмени все напоминания,reminder/cancel_reminder,reminder/cancel_reminder,True,0.9182,False,False,False,{'reference': 'все'},{'reminder/todo': 'все'}
test_220,жарко?,weather/find,weather/find,True,0.9499,False,False,False,{'weather/attribute': 'жарко'},{'condition_description': 'жарко'}
test_221,Поставь будильник на выходные в 2 часа дня,alarm/set_alarm,alarm/set_alarm,True,0.9485,False,False,False,{'recurring_datetime': 'выходные в 2 часа дня'},"{'datetime': '2 часа дня', 'recurring_datetime': 'выходные'}"
test_222,Поставь будильник на 2 утра,alarm/set_alarm,alarm/set_alarm,True,0.9411,False,False,False,{'datetime': '2 утра'},{'datetime': '2 утра'}
test_223,Какая сегодня влажность?,weather/find,weather/find,True,0.9273,False,False,False,"{'datetime': 'сегодня | сегодня', 'weather/attribute': 'влажность'}",{'weather/attribute': 'влажность'}
test_224,покажи все текущие будильники,alarm/show_alarms,alarm/show_alarms,True,0.9235,False,False,False,{'reference': 'все текущие'},{'reference': 'все'}
test_225,Покажи мне все текущие напоминания,reminder/show_reminders,reminder/show_reminders,True,0.9573,False,False,False,{'reference': 'все текущие'},{}
test_234,отмени все будильники,alarm/cancel_alarm,alarm/cancel_alarm,True,0.9605,False,False,False,{'reference': 'все'},{'reference': 'все'}
test_227,Надвигается ли гроза в моем районе?,weather/find,weather/find,True,0.9446,False,False,False,"{'weather/attribute': 'гроза', 'location': 'моем районе'}","{'condition_description': 'гроза', 'location': 'моем районе'}"
test_195,какая сегодня погода,weather/find,weather/find,True,0.9317,False,False,False,{'datetime': 'сегодня'},"{'condition_description': 'какая', 'datetime': 'сегодня'}"
test_229,удали последнее напоминание,reminder/cancel_reminder,reminder/cancel_reminder,True,0.9275,False,False,False,{'reference': 'последнее'},{'reference': 'последнее'}
test_230,Сколько времени осталость до будильника.,alarm/time_left_on_alarm,alarm/time_left_on_alarm,True,0.9296,False,True,False,{},{'reference': 'будильник'}
test_231,Отмени все текущие будильники на воскресенье.,alarm/cancel_alarm,alarm/cancel_alarm,True,0.9349,False,False,False,"{'reference': 'все текущие', 'datetime': 'воскресенье'}","{'datetime': 'воскресенье', 'reference': 'все текущие'}"
test_232,Насколько жарко будет сегодня?,weather/find,weather/find,True,0.9484,False,False,False,"{'weather/attribute': 'жарко', 'datetime': 'сегодня'}","{'condition_description': 'жарко', 'datetime': 'сегодня'}"
test_233,"Я бы хотел, чтобы ты создал новый будильник на завтрашнее утро в 8:45",alarm/set_alarm,alarm/set_alarm,True,0.943,False,False,False,{'datetime': 'завтрашнее утро в 8:45'},{'datetime': '8 : 45'}
test_234,отмени все будильники,alarm/cancel_alarm,alarm/cancel_alarm,True,0.9605,False,False,False,{'reference': 'все'},{'reference': 'все'}
test_235,Пойдет ли снег сегодня?,weather/find,weather/find,True,0.9587,False,False,False,"{'weather/attribute': 'снег | снег', 'datetime': 'сегодня'}","{'condition_description': 'снег', 'datetime': 'сегодня'}"
test_236,напомни мне купить лед,reminder/set_reminder,reminder/set_reminder,True,0.9679,False,False,False,{'reminder/todo': 'купить лед'},"{'datetime': None, 'recurring_datetime': None, 'reminder/todo': 'купить лед'}"
test_237,покажи все напоминания,reminder/show_reminders,reminder/show_reminders,True,0.9608,False,False,False,{'reference': 'все'},{}
test_245,покажи все будильники,alarm/show_alarms,alarm/show_alarms,True,0.9306,False,False,False,{'reference': 'все'},{'reference': 'все'}
test_239,Какая погода в Сан-Франциско?,weather/find,weather/find,True,0.9409,False,False,False,{'location': 'Сан - Франциско'},"{'condition_description': None, 'condition_temperature': None, 'datetime': None, 'location': 'Сан-Франциско'}"
test_240,Отмени все напоминания,reminder/cancel_reminder,reminder/cancel_reminder,True,0.9182,False,False,False,{'reference': 'все'},{'reminder/todo': 'все'}
test_241,Отмени напоминание о концерте,reminder/cancel_reminder,reminder/cancel_reminder,True,0.9177,False,False,False,{'reminder/todo': 'концерте'},"{'reference': 'концерта', 'reminder/todo': 'концерта'}"
test_242,Отмени будильник на завтрашнее утро,alarm/cancel_alarm,alarm/cancel_alarm,True,0.9126,False,False,False,{'datetime': 'завтрашнее утро'},"{'datetime': 'завтрашнее утро', 'reference': 'мой | мой'}"
test_243,будет ли дождь на этой недели,weather/find,weather/find,True,0.9568,False,False,False,"{'weather/attribute': 'дождь', 'datetime': 'этой недели'}","{'condition_description': 'дождь', 'datetime': 'на этой неделе'}"
test_244,Какая погода будет в среду для игры в гольф,weather/find,weather/find,True,0.8985,False,False,False,{'datetime': 'среду'},"{'condition_description': 'игра в гольф', 'datetime': 'среду'}"
test_245,покажи все будильники,alarm/show_alarms,alarm/show_alarms,True,0.9306,False,False,False,{'reference': 'все'},{'reference': 'все'}
test_246,отключи все будильники на завтра,alarm/cancel_alarm,alarm/cancel_alarm,True,0.9354,False,False,False,"{'reference': 'все', 'datetime': 'завтра'}","{'datetime': 'на завтра', 'reference': 'все'}"
test_56,Установи будильник на 5 часов вечера сегодня,alarm/set_alarm,alarm/set_alarm,True,0.951,False,False,False,{'datetime': '5 часов вечера сегодня'},{'datetime': '5 часов вечера | сегодня'}
,поставь будильник на 7 утра на завтра,alarm/set_alarm,alarm/set_alarm,True,0.9413,False,False,False,{'datetime': '7 утра на завтра'},"{'datetime': '7 утра', 'recurring_datetime': 'на завтра'}"
test_249,Завтра будет солнечно?,weather/find,weather/find,True,0.9728,False,False,False,"{'datetime': 'Завтра', 'weather/attribute': 'солнечно'}","{'condition_description': 'солнечно', 'datetime': 'завтра'}"
test_250,насколько жарко будет сегодня,weather/find,weather/find,True,0.9489,False,False,False,"{'weather/attribute': 'жарко', 'datetime': 'сегодня'}","{'condition_description': 'жарко', 'datetime': 'сегодня'}"
test_251,Поставь ноль звезд игре Halo: Призраки Оникса,RateBook,RateBook,True,0.9419,False,False,False,"{'rating_value': 'ноль | ноль', 'rating_unit': 'звезд', 'object_name': 'Halo: Призраки Оникса'}","{'object_name': 'Halo: Призраки Оникса', 'object_type': 'игра', 'best_rating': 'ноль', 'rating_unit': 'звезд', 'rating_value': 'ноль'}"
,Включи музыку Джой Нило.,PlayMusic,PlayMusic,True,0.9383,False,False,False,{'artist': 'Джой Нило'},{'artist': 'Джой Нило'}
,"Пожалуйста, найди мне видеоигру под названием 20 часов в Америке.",SearchCreativeWork,SearchCreativeWork,True,0.9751,False,False,False,"{'object_type': 'видеоигру', 'object_name': '20 часов в Америке'}","{'object_name': '20 часов в Америке', 'object_type': 'видеоигру'}"
test_254,Включи мой изобретательный плейлист,PlayMusic,PlayMusic,True,0.9044,False,False,False,{'playlist': 'изобретательный'},{'playlist': 'изобретательный'}
test_255,Забронируй место на 9 в Термонте,BookRestaurant,BookRestaurant,True,0.9346,False,False,False,"{'party_size_number': '9', 'location': 'Термонте'}","{'restaurant_name': '9', 'location': 'Термонте'}"
test_256,Добавь эту мелодию в плейлист вечеринок 80-х для Дорти,AddToPlaylist,AddToPlaylist,True,0.9226,False,False,False,"{'music_item': 'мелодию', 'playlist': 'вечеринок 80-х', 'reference': 'Дорти'}","{'music_item': 'мелодию', 'playlist': 'вечеринок 80-х', 'entity_name': 'Дорти'}"
,Включи новейшую мелодию Эдди Винсона на Last Fm.,PlayMusic,PlayMusic,True,0.9389,False,False,False,"{'sort': 'новейшую | новейшую', 'music_item': 'мелодию | мелодию', 'artist': 'Эдди Винсона', 'service': 'Last Fm'}","{'music_item': 'мелодию', 'artist': 'Эдди Винсона', 'service': 'Last Fm'}"
,Проверь прогноз для Небраски.,weather/find,weather/find,True,0.9074,False,False,False,{'location': 'Небраски'},{'location': 'Небраски'}
,В Северной Каролине сейчас шторм?,weather/find,weather/find,True,0.9505,False,False,True,"{'location': 'Северной Каролине | Северной Каролине', 'datetime': 'сейчас | сейчас', 'condition_description': 'шторм'}","{'condition_description': 'шторм', 'location': 'Северной Каролине'}"
,Я хочу послушать миньон 1988 года.,PlayMusic,PlayMusic,True,0.9274,False,False,False,"{'music_item': 'миньон | миньон', 'datetime': '1998 года'}","{'music_item': 'миньон', 'datetime': '1988 года'}"
test_261,Мне нужно время спектакля A Yiddish World Remembered в театрах Дипсон,SearchScreeningEvent,SearchScreeningEvent,True,0.9428,False,False,False,"{'object_type': 'время', 'movie_name': 'A Yiddish World Remembered', 'location': 'театрах Дипсон'}","{'object_name': 'A Yiddish World Remembered', 'object_type': 'спектакль', 'location': 'театрах Дипсон'}"
test_262,Поставь текущему учебнику 1 из 6,RateBook,RateBook,True,0.9328,False,False,False,"{'object_select': 'текущему | текущему', 'object_type': 'учебнику | учебнику', 'rating_value': '1', 'best_rating': '6'}","{'object_type': 'учебник', 'rating_value': '1', 'best_rating': '6', 'object_name': 'текущему'}"
test_263,Добавь мелодию Мэтта Мерфи в плейлист  Flow Español.,AddToPlaylist,AddToPlaylist,True,0.9316,False,False,False,"{'music_item': 'мелодию | мелодию', 'artist': 'Мэтта Мерфи', 'playlist': 'Flow Español.'}","{'music_item': 'мелодию', 'playlist': 'Flow Español', 'artist': 'Мэтта Мерфи'}"
,Я хочу забронировать суданский гастропаб поблизости в Техасе для 3 человек на 5/20/2025.,BookRestaurant,BookRestaurant,True,0.9291,False,False,True,"{'cuisine': 'суданский | суданский', 'restaurant_type': 'гастропаб | гастропаб', 'location': 'поблизости | Техасе', 'party_size_number': '3', 'datetime': '5/20/2025'}","{'restaurant_type': 'суданский гастропаб', 'location': 'поблизости | поблизости', 'party_size_number': '3', 'datetime': '5/20/2025'}"
test_265,Не мог бы ты найти телесериал The Approach,SearchCreativeWork,SearchCreativeWork,True,0.9788,False,False,False,"{'object_type': 'телесериал | телесериал', 'object_name': 'The Approach'}","{'object_name': 'The Approach', 'object_type': 'телесериал'}"
test_266,Поставь этой хронике 2 балла.,RateBook,RateBook,True,0.9352,False,False,True,"{'object_select': 'этой | этой', 'object_part_of_series_type': 'хронике | хронике', 'rating_value': '2'}","{'object_name': 'этой хронике', 'rating_value': '2', 'rating_unit': 'балла'}"
test_267,Поставь The American Scene 2  из 6 звезд,RateBook,RateBook,True,0.9375,False,False,False,"{'object_name': 'The American Scene | The American Scene', 'rating_value': '2', 'best_rating': '6 | 6', 'rating_unit': 'звезд'}","{'object_name': 'The American Scene 2', 'object_type': None, 'best_rating': '6', 'rating_unit': 'звезд', 'rating_value': '2'}"
test_268,Добавь Эмили Отем в мой плейлист Nação Reggae.,AddToPlaylist,AddToPlaylist,True,0.9345,False,False,False,"{'artist': 'Эмили Отем', 'reference': 'мой', 'playlist': 'Nação Reggae'}","{'playlist': 'Nação Reggae', 'artist': 'Эмили Отем', 'music_item': None}"
test_269,Я хочу забронировать еврейский ресторан в Гамбии .,BookRestaurant,BookRestaurant,True,0.9451,False,False,True,"{'cuisine': 'еврейский | еврейский', 'restaurant_type': 'ресторан', 'location': 'Гамбии'}","{'restaurant_type': 'еврейский', 'location': 'Гамбии'}"
test_270,забронируй столик в ресторане Fried chicken,BookRestaurant,BookRestaurant,True,0.9472,False,False,True,{'restaurant_name': 'ресторане Fried chicken'},{'restaurant_name': 'Fried chicken'}
test_271,добавь we have a theme song для моего плейлиста House Afterwork,AddToPlaylist,AddToPlaylist,True,0.9291,False,False,False,"{'entity_name': 'we have a theme song', 'reference': 'моего', 'playlist': 'House Afterwork'}","{'playlist': 'House Afterwork', 'music_item': 'песня', 'entity_name': 'we have a theme song'}"
test_272,Какая погода будет недалеко отсюда девятнадцатого октября 2026 года?,weather/find,weather/find,True,0.944,False,False,False,"{'location': 'недалеко отсюда | недалеко отсюда', 'datetime': 'девятнадцатого октября 2026 года'}","{'datetime': 'девятнадцатого октября 2026 года', 'location': 'недалеко отсюда'}"
,Погода в Урюпинске Россия на 12/26/2018,weather/find,weather/find,True,0.9448,False,False,False,"{'location': 'Урюпинске | Урюпинске | Россия', 'datetime': '12/26/2018'}","{'condition_description': None, 'condition_temperature': None, 'datetime': '12/26/2018', 'location': 'Урюпинске Россия'}"
,Я хочу забронировать ресторан для моего тестя и меня в Бакнере через год.,BookRestaurant,BookRestaurant,True,0.912,False,False,True,"{'restaurant_type': 'ресторан', 'party_size_description': 'моего тестя и меня', 'location': 'Бакнере | Бакнере', 'datetime': 'через год'}","{'restaurant_type': None, 'cuisine': None, 'datetime': 'через год', 'party_size_number': 'два', 'location': 'Бакнере'}"
test_275,Оцени эту книгу на 1,RateBook,RateBook,True,0.8736,False,False,False,"{'object_select': 'эту | эту', 'object_type': 'книгу', 'rating_value': '1'}","{'object_name': 'эту', 'rating_unit': '1', 'rating_value': '1'}"
test_276,добавь этого исполнителя в мой плейлист spotlight on country 2016,AddToPlaylist,AddToPlaylist,True,0.8986,False,False,False,"{'music_item': 'исполнителя', 'reference': 'мой', 'playlist': 'spotlight on country 2016'}","{'playlist': 'spotlight on country 2016', 'music_item': 'исполнителя', 'entity_name': 'это'}"
test_277,Не мог бы ты найти фотографию Epic Conditions?,SearchCreativeWork,SearchCreativeWork,True,0.951,False,False,False,"{'object_type': 'фотографию | фотографию', 'object_name': 'Epic Conditions'}","{'object_name': 'Epic Conditions', 'object_type': 'фотографию'}"
test_278,Включи rich sex на Iheart,PlayMusic,PlayMusic,True,0.9332,False,False,True,"{'track': 'rich sex', 'service': 'Iheart'}","{'service': 'Iheart', 'music_item': 'rich sex'}"
test_279,Играет ли Барток Великолепный в семь утра?,SearchScreeningEvent,SearchScreeningEvent,True,0.9442,False,False,False,"{'movie_name': 'Барток Великолепный', 'datetime': 'семь утра'}","{'movie_name': 'Барток Великолепный', 'datetime': 'семь утра'}"
test_280,Включи что-нибудь на Zvooq,PlayMusic,PlayMusic,True,0.9606,False,False,False,{'service': 'Zvooq'},{'service': 'Zvooq'}
test_281,Позволь мне послушать музыку Криса Найта,PlayMusic,PlayMusic,True,0.9511,False,False,False,{'artist': 'Криса Найта'},{'artist': 'Крис Найт'}
test_282,включи альбом Джилл Собул,PlayMusic,PlayMusic,True,0.9462,False,False,True,"{'music_item': 'альбом | альбом', 'album': 'Джилл Собул'}","{'artist': 'Джилл Собул', 'music_item': 'альбом'}"
test_283,Поставь четыре звезды The Broken Window,RateBook,RateBook,True,0.9612,False,False,False,"{'rating_value': 'четыре | четыре', 'rating_unit': 'звезды | звезды', 'object_name': 'The Broken Window'}","{'object_name': 'The Broken Window', 'rating_value': 'четыре', 'rating_unit': 'звезды'}"
test_284,Расскажи мне прогноз на 6 утра в Татра-Национальном парке,weather/find,weather/find,True,0.9395,False,False,False,"{'datetime': '6 утра', 'location': 'Татра - Национальном парке'}","{'datetime': '6 утра', 'location': 'Татра-Национальном парке'}"
,"Пожалуйста, забронируй мне стол в кафе, где подают домашнее печенье.",BookRestaurant,BookRestaurant,True,0.9421,False,False,True,"{'restaurant_type': 'кафе', 'served_dish': 'домашнее печенье'}","{'cuisine': 'домашнее печенье', 'restaurant_type': 'кафе'}"
,Оцени серию The Mystery of the Tolling Bell на 4 звезды.,RateBook,RateBook,True,0.9278,False,False,True,"{'object_part_of_series_type': 'серию | серию', 'object_name': 'The Mystery of the Tolling Bell', 'rating_value': '4 | 4', 'rating_unit': 'звезды'}","{'object_type': 'сериал', 'object_name': 'The Mystery of the Tolling Bell', 'best_rating': '4', 'rating_unit': 'звезды', 'rating_value': '4'}"
test_287,Используй Groove Shark для воспроизведения музыки,PlayMusic,PlayMusic,True,0.9582,False,False,False,{'service': 'Groove Shark'},{'service': 'Groove Shark'}
,Проверь расписание сеансов Snowbound в ближайшем кинотеатре.,SearchScreeningEvent,SearchScreeningEvent,True,0.9515,False,False,True,"{'movie_name': 'Snowbound', 'location': 'ближайшем | ближайшем', 'object_location_type': 'кинотеатре'}","{'movie_name': 'Snowbound', 'location': 'ближайшем | ближайшем', 'object_location_type': 'кинотеатре | кинотеатре'}"
test_289,Пожалуйста открой Zvooq,PlayMusic,PlayMusic,True,0.8942,False,False,False,{'service': 'Zvooq'},{'service': 'Zvooq'}
test_290,забронируй место на 1 человека в Town of Ramsgate in Merit,BookRestaurant,BookRestaurant,True,0.948,False,False,True,"{'party_size_number': '1', 'restaurant_name': 'Town of Ramsgate', 'location': 'Merit'}","{'restaurant_name': 'Town of Ramsgate in Merit', 'party_size_number': '1'}"
,Будет ли Теория большого взрыва идти в 7 вечера?,SearchScreeningEvent,SearchScreeningEvent,True,0.9648,False,False,False,"{'movie_name': 'Теория большого взрыва', 'datetime': '7 вечера'}","{'movie_name': 'Теория большого взрыва', 'datetime': '7 вечера'}"
,станет ли прохладнее в Кастерском национальном лесу в семь вечера,weather/find,weather/find,True,0.9518,False,False,True,"{'condition_temperature': 'прохладнее', 'location': 'Кастерском национальном лесу', 'datetime': 'семь вечера'}","{'condition_description': 'прохладнее', 'datetime': 'семь вечера', 'location': 'Кастерском национальном лесу'}"
test_293,Я хочу послушать что-нибудь на Ютубе.,PlayMusic,PlayMusic,True,0.9114,False,False,False,{'service': 'Ютубе'},{'service': 'Ютубе'}
test_294,Найди игру Difficult Loves,SearchCreativeWork,SearchCreativeWork,True,0.9717,False,False,False,"{'object_type': 'игру | игру', 'object_name': 'Difficult Loves'}","{'object_name': 'Difficult Loves', 'object_type': 'игра'}"
,Какой прогноз погоды на 20 февраля в Bothe-Napa Valley State Park?,weather/find,weather/find,True,0.951,False,False,False,"{'datetime': '20 февраля', 'location': 'Bothe-Napa Valley State Park'}","{'datetime': '20 февраля', 'location': 'Bothe-Napa Valley State Park'}"
test_296,покажи мне расписание фильма The Great Gildersleeve возле кинотеатра,SearchScreeningEvent,SearchScreeningEvent,True,0.9396,False,False,True,"{'object_type': 'расписание', 'movie_name': 'The Great Gildersleeve', 'object_location_type': 'кинотеатра'}","{'movie_name': 'The Great Gildersleeve', 'object_location_type': 'кинотеатра'}"
test_297,Расскажи мне о прогнозе погоды в Гибсленде,weather/find,weather/find,True,0.9147,False,False,False,{'location': 'Гибсленде'},{'location': 'Гибсленде'}
test_298,Могу ли я узнать время сеансов в кинотеатрах по соседству?,SearchScreeningEvent,SearchScreeningEvent,True,0.9014,False,False,False,"{'object_type': 'время сеансов', 'movie_type': 'кинотеатрах | кинотеатрах', 'location': 'по соседству'}","{'object_type': 'время сеансов', 'location': 'по соседству'}"
test_299,Оцени Soul Music на 0 .,RateBook,RateBook,True,0.884,False,False,False,"{'object_name': 'Soul Music', 'rating_value': '0'}","{'object_name': 'Soul Music', 'object_type': 'музыка', 'rating_value': '0'}"
test_300,Забронируй столик на пять человек в татарской таверне в Сарджентсе,BookRestaurant,BookRestaurant,True,0.9407,False,False,True,"{'party_size_number': 'пять', 'cuisine': 'татарской | татарской', 'restaurant_type': 'таверне', 'location': 'Сарджентсе'}","{'party_size_number': 'пять', 'restaurant_type': 'татарской таверне', 'location': 'Сарджентсе'}"
,Включи All Things Must Pass,PlayMusic,PlayMusic,True,0.9203,False,False,True,{'track': 'All Things Must Pass'},"{'music_item': 'альбом', 'playlist': 'All Things Must Pass'}"
test_302,Какой прогноз дождя в Южной Корее через час,weather/find,weather/find,True,0.9565,False,False,True,"{'condition_description': 'дождя', 'location': 'Южной Корее', 'datetime': 'час'}","{'condition_description': 'дождя', 'datetime': 'через час', 'location': 'Южная Корея'}"
test_303,Забронируй место на 4 персоны в Оклахоме в South Street Diner,BookRestaurant,BookRestaurant,True,0.9344,False,False,True,"{'party_size_number': '4', 'location': 'Оклахоме', 'restaurant_name': 'South Street Diner'}","{'party_size_number': '4', 'location': 'Оклахоме', 'restaurant_name': 'South Street Diner'}"
,Включи музыку с Нетфликса.,PlayMusic,PlayMusic,True,0.9267,False,False,False,{'service': 'Нетфликса'},{'service': 'Нетфликса'}
,Я хочу увидеть Shattered Image,SearchScreeningEvent,SearchCreativeWork,False,0.961,False,False,False,{'movie_name': 'Shattered Image'},"{'object_name': 'Shattered Image', 'object_type': None}"
test_306,Найди The Sound of One Hand Clapping,SearchCreativeWork,SearchCreativeWork,True,0.9711,False,False,False,{'object_name': 'The Sound of One Hand Clapping'},"{'object_name': 'The Sound of One Hand Clapping', 'object_type': None}"
test_307,Найди альбом Wolves Within,SearchCreativeWork,SearchCreativeWork,True,0.9637,False,False,False,"{'object_type': 'альбом | альбом', 'object_name': 'Wolves Within'}","{'object_name': 'Wolves Within', 'object_type': 'альбом'}"
test_308,в каком кинотеатре идет We Are Northern Lights,SearchScreeningEvent,SearchScreeningEvent,True,0.9115,False,False,True,"{'object_location_type': 'кинотеатре', 'movie_name': 'We Are Northern Lights'}","{'object_name': 'We Are Northern Lights', 'object_type': 'кинотеатре'}"
test_309,Добавь our little corner of the world music from gilmore girls в мой плейлист The Funny Thing About Football Is.,AddToPlaylist,AddToPlaylist,True,0.9478,False,False,False,"{'entity_name': 'our little corner of the world music from gilmore girls', 'reference': 'мой', 'playlist': 'The Funny Thing About Football Is'}","{'playlist': 'The Funny Thing About Football Is', 'music_item': 'music', 'artist': 'gilmore girls', 'entity_name': 'our little corner of the world'}"
test_317,Добавь новейшую песню Richard McNamara в плейлист Just Smile,AddToPlaylist,AddToPlaylist,True,0.9409,False,False,False,"{'music_item': 'песню | песню', 'artist': 'Richard McNamara', 'playlist': 'Just Smile'}","{'music_item': 'песня', 'playlist': 'Just Smile', 'artist': 'Richard McNamara', 'reference': 'новейшую'}"
test_318,насколько здесь будет холодно через секунду,weather/find,weather/find,True,0.9343,False,False,True,"{'location': 'здесь', 'condition_temperature': 'холодно | холодно', 'datetime': 'через секунду'}","{'condition_description': 'холодно', 'datetime': 'через секунду'}"
test_319,Найди картинку с названием With You,SearchCreativeWork,SearchCreativeWork,True,0.9753,False,False,False,"{'object_type': 'картинку', 'object_name': 'With You'}","{'object_name': 'With You', 'object_type': 'картинку'}"
test_320,Найди творческую работу Deadly Weapons,SearchCreativeWork,SearchCreativeWork,True,0.9305,False,False,False,{'object_name': 'Deadly Weapons'},"{'object_name': 'Deadly Weapons', 'object_type': 'творческую работу'}"
,Какая погода будет в ноябре в Брукниле?,weather/find,weather/find,True,0.9331,False,False,False,"{'datetime': 'ноябре', 'location': 'Брукниле'}","{'condition_description': None, 'condition_temperature': None, 'datetime': 'ноябрь', 'location': 'Брукниле'}"
test_322,Забронируй столик в кафе на лапшу,BookRestaurant,BookRestaurant,True,0.943,False,False,True,"{'restaurant_type': 'кафе', 'served_dish': 'лапшу'}","{'restaurant_type': 'кафе', 'cuisine': 'лапшу'}"
test_323,какой прогноз на Коста-Рике,weather/find,weather/find,True,0.943,False,False,False,{'location': 'Коста - Рике'},"{'condition_description': None, 'condition_temperature': None, 'datetime': None, 'location': 'Коста-Рике'}"
test_324,Играет The Two Gladiators,SearchScreeningEvent,PlayMusic,False,0.9085,False,False,False,{'movie_name': 'The Two Gladiators'},"{'music_item': 'играет', 'artist': 'The Two Gladiators'}"
test_325,какие фильмы в Star Theatres .,SearchScreeningEvent,SearchScreeningEvent,True,0.9465,False,False,False,"{'movie_type': 'фильмы', 'location': 'Star Theatres'}","{'object_type': 'фильмы', 'location': 'Star Theatres'}"
test_326,Можешь пожалуйста найти мне сагу Harry Hood ?,SearchCreativeWork,SearchCreativeWork,True,0.95,False,False,False,"{'object_type': 'сагу | сагу', 'object_name': 'Harry Hood'}","{'object_name': 'Harry Hood', 'object_type': 'сага'}"
test_327,добавь эту мелодию в мой плейлист Sleepify,AddToPlaylist,AddToPlaylist,True,0.9005,False,False,False,"{'music_item': 'мелодию', 'reference': 'мой', 'playlist': 'Sleepify'}","{'music_item': 'мелодию', 'playlist': 'Sleepify', 'entity_name': 'эта'}"
test_328,Заиграет ли Any Which Way You Can через 15 секунд,SearchScreeningEvent,PlayMusic,False,0.9224,False,False,False,"{'movie_name': 'Any Which Way You Can | Any Which Way You Can', 'datetime': 'через 15 секунд'}","{'music_item': 'песня', 'track': 'Any Which Way You Can', 'datetime': 'через 15 секунд'}"
test_329,Включи музыку с E-type .,PlayMusic,PlayMusic,True,0.9355,False,False,False,{'artist': 'E-type'},{'artist': 'E-type'}
,Поставь одну звезду текущей книге,RateBook,RateBook,True,0.9109,False,False,False,"{'rating_value': 'одну', 'object_select': 'текущей | текущей', 'object_type': 'книге'}","{'object_type': 'текущей', 'rating_value': 'одна', 'rating_unit': 'звезды'}"
test_331,Включи Another Passenger от Louis Nelson Delisle .,PlayMusic,PlayMusic,True,0.9446,False,False,True,"{'album': 'Another Passenger', 'artist': 'Louis Nelson Delisle'}","{'music_item': 'песня', 'artist': 'Louis Nelson Delisle', 'entity_name': 'Another Passenger'}"
test_332,Где я могу найти расписание фильмов,SearchScreeningEvent,SearchScreeningEvent,True,0.9259,False,False,False,{'object_type': 'расписание фильмов'},"{'object_type': 'расписание', 'movie_name': 'фильмов'}"
test_333,какой прогноз на сентябрь 26 в Эмерадо Сен-Пьер и Микелон,weather/find,weather/find,True,0.9554,False,False,False,"{'datetime': 'сентябрь 26', 'location': 'Эмерадо Сен - Пьер и Микелон'}","{'datetime': 'сентябрь 26', 'location': 'Эмерадо Сен-Пьер и Микелон'}"
test_334,Давайте поедим рядом с Оукфилдом через пару минут в Ted Peters Famous Smoked Fish,BookRestaurant,BookRestaurant,True,0.9462,False,False,True,"{'location': 'рядом с | рядом с | Оукфилдом | Оукфилдом', 'datetime': 'через пару минут', 'restaurant_name': 'Ted Peters Famous Smoked Fish'}","{'datetime': 'через пару минут', 'location': 'рядом с | рядом с | Оукфилдом', 'restaurant_name': 'Ted Peters Famous Smoked Fish'}"
test_335,найди мне трейлер Good Morning Sunshine,SearchCreativeWork,SearchCreativeWork,True,0.9738,False,False,False,"{'object_type': 'трейлер | трейлер', 'object_name': 'Good Morning Sunshine'}","{'object_name': 'Good Morning Sunshine', 'object_type': 'трейлер'}"
test_336,Я хочу забронировать пивную на 3 человек на Нидерландских Антильских островах .,BookRestaurant,BookRestaurant,True,0.9509,False,False,False,"{'restaurant_type': 'пивную', 'party_size_number': '3', 'location': 'Нидерландских Антильских островах'}","{'party_size_number': '3', 'restaurant_type': 'пивную', 'location': 'Нидерландских Антильских островах'}"
test_337,оцени этот текущий альбом на 0 звезд,RateBook,RateBook,True,0.9255,False,False,False,"{'object_select': 'этот текущий | этот текущий', 'object_type': 'альбом', 'rating_value': '0 | 0', 'rating_unit': 'звезд'}","{'object_name': 'текущий', 'object_type': 'альбом', 'rating_value': '0', 'rating_unit': 'звезд'}"
test_338,Хотели бы забронировать место в Монако в кофейне Yankee Doodle Coffee Shop,BookRestaurant,BookRestaurant,True,0.9547,False,False,True,"{'location': 'Монако', 'restaurant_name': 'Yankee Doodle Coffee Shop'}","{'restaurant_name': 'Yankee Doodle Coffee Shop', 'location': 'Монако'}"
test_339,Добавь исполнителя в плейлист political punks.,AddToPlaylist,AddToPlaylist,True,0.9196,False,False,False,"{'music_item': 'исполнителя', 'playlist': 'political punks.'}","{'playlist': 'political punks', 'music_item': 'исполнителя'}"
test_340,Будет ли холоднее через четыре месяца в Сувани AK,weather/find,weather/find,True,0.9463,False,False,True,"{'condition_temperature': 'холоднее | холоднее', 'datetime': 'через четыре месяца', 'location': 'Сувани | Сувани | AK'}","{'condition_description': 'холоднее', 'datetime': 'через четыре месяца', 'location': 'Сувани AK'}"
test_341,добавь  Muzika za decu в мой плейлист Crash Course,AddToPlaylist,AddToPlaylist,True,0.9321,False,False,False,"{'entity_name': 'Muzika za decu', 'reference': 'мой', 'playlist': 'Crash Course'}","{'playlist': 'Crash Course', 'music_item': 'Muzika za decu', 'entity_name': 'Muzika za decu'}"
test_342,Можешь поискать сагу Molecular Oncology ?,SearchCreativeWork,SearchCreativeWork,True,0.9468,False,False,False,"{'object_type': 'сагу | сагу', 'object_name': 'Molecular Oncology'}","{'object_name': 'сага Molecular Oncology', 'object_type': 'сага'}"
test_343,Я хочу забронировать ресторан на шесть человек в Вагстаффе AK .,BookRestaurant,BookRestaurant,True,0.9489,False,False,False,"{'restaurant_type': 'ресторан', 'party_size_number': 'шесть', 'location': 'Вагстаффе | Вагстаффе | AK'}","{'party_size_number': 'шесть', 'location': 'Вагстаффе AK'}"
test_344,Включи симфоническую музыку Дэвида Линдли .,PlayMusic,PlayMusic,True,0.9222,False,False,False,"{'music_item': 'симфоническую', 'artist': 'Дэвида Линдли'}","{'artist': 'Дэвида Линдли', 'music_item': 'симфоническая'}"
,"Пожалуйста, найди мне телесериал Now We Are Married .",SearchCreativeWork,SearchCreativeWork,True,0.9753,False,False,False,"{'object_type': 'телесериал | телесериал', 'object_name': 'Now We Are Married'}","{'object_name': 'Now We Are Married', 'object_type': 'телесериал'}"
test_346,Я хочу посмотреть Outcast .,SearchScreeningEvent,SearchCreativeWork,False,0.9534,False,False,False,{'movie_name': 'Outcast'},"{'object_name': 'Outcast', 'object_type': None}"
test_347,добавь текущий трек в мой плейлист This Is Tchaikovsky,AddToPlaylist,AddToPlaylist,True,0.9423,False,False,False,"{'music_item': 'трек', 'reference': 'мой', 'playlist': 'This Is Tchaikovsky'}","{'music_item': 'текущий трек', 'playlist': 'This Is Tchaikovsky', 'reference': 'текущий'}"
test_348,Включи This Is: Miles Davis на Lastfm .,PlayMusic,PlayMusic,True,0.9066,False,False,False,"{'playlist': 'This Is: Miles Davis', 'service': 'Lastfm'}","{'music_item': 'песня', 'artist': 'This Is: Miles Davis', 'service': 'Lastfm'}"
test_349,забронируй лучший столик в Танзании на 5 человек в кафе,BookRestaurant,BookRestaurant,True,0.9443,False,False,False,"{'sort': 'лучший', 'location': 'Танзании', 'party_size_number': '5', 'restaurant_type': 'кафе'}","{'party_size_number': '5', 'restaurant_type': 'кафе', 'location': 'Танзания', 'sort': 'лучший'}"
test_350,Давайте послушаем старого доброго Mohammad Mamlе на Vimeo .,PlayMusic,PlayMusic,True,0.9184,False,False,False,"{'sort': 'старого | старого | доброго | доброго', 'artist': 'Mohammad Mamle', 'service': 'Vimeo'}","{'music_item': 'старый доброго', 'artist': 'Mohammad Mamlе', 'service': 'Vimeo'}"
test_351,Помести трек Vandemataram Srinivas в HipHop Hot 50 .,AddToPlaylist,AddToPlaylist,True,0.9447,False,False,False,"{'music_item': 'трек | трек', 'artist': 'Vandemataram Srinivas', 'playlist': 'HipHop Hot 50'}","{'music_item': 'трек', 'playlist': 'HipHop Hot 50', 'entity_name': 'Vandemataram Srinivas'}"
test_352,Найди мне песню Secret South .,SearchCreativeWork,PlayMusic,False,0.9405,False,False,False,"{'object_type': 'песню | песню', 'object_name': 'Secret South'}","{'music_item': 'песня', 'artist': 'Secret South'}"
test_353,песни девяностых на Zvooq,PlayMusic,PlayMusic,True,0.9172,False,False,False,"{'datetime': 'девяностых', 'service': 'Zvooq'}","{'music_item': 'песни', 'datetime': None, 'genre': 'девяностых', 'service': 'Zvooq'}"
test_354,"какой прогноз погоды в Admire в Техасе, начиная с пяти вечера",weather/find,weather/find,True,0.9341,False,False,False,"{'location': 'Admire | Техасе', 'datetime': 'пяти | пяти | вечера'}","{'condition_description': None, 'condition_temperature': None, 'datetime': 'начиная с пяти вечера', 'location': 'Admire в Техасе'}"
test_355,Включи что-нибудь на Last Fm,PlayMusic,PlayMusic,True,0.914,False,False,False,{'service': 'Last Fm'},"{'service': 'Last Fm', 'music_item': 'что-нибудь'}"
,Я хочу посмотреть The Portrait of a Lady в ближайшем кинотеатре.,SearchScreeningEvent,SearchScreeningEvent,True,0.9434,False,False,True,"{'movie_name': 'The Portrait of a Lady', 'location': 'ближайшем | ближайшем', 'object_location_type': 'кинотеатре'}","{'object_name': 'The Portrait of a Lady', 'object_type': 'фильм', 'location': 'ближайшем | ближайшем', 'object_location_type': 'кинотеатре | кинотеатре'}"
,Пожалуйста найди мне Phineas Redux.,SearchCreativeWork,SearchCreativeWork,True,0.9599,False,False,False,{'object_name': 'Phineas Redux'},"{'object_name': 'Phineas Redux', 'object_type': None}"
test_358,Добавь мелодию 40 cal в плейлист laundry.,AddToPlaylist,AddToPlaylist,True,0.9276,False,False,False,"{'music_item': 'мелодию | мелодию', 'artist': '40 cal', 'playlist': 'laundry'}","{'music_item': 'мелодию', 'playlist': 'laundry', 'artist': '40 cal'}"
,Открой itunes и включи Ben Burnley Ready To Die.,PlayMusic,PlayMusic,True,0.9434,False,False,True,"{'service': 'itunes', 'artist': 'Ben Burnley | Ben Burnley', 'album': 'Ready To Die'}","{'music_item': 'песня', 'artist': 'Ben Burnley', 'entity_name': 'Ready To Die'}"
,Какая погода будет около Памятника Лихула 5 декабря?,weather/find,weather/find,True,0.9486,False,False,False,"{'location': 'Памятника Лихула | Памятника Лихула', 'datetime': '5 декабря'}","{'condition_description': None, 'condition_temperature': None, 'datetime': '5 декабря', 'location': 'Памятника Лихула'}"
,Покажи расписание Sexy Dance 2 в ближайшем кинотеатре.,SearchScreeningEvent,SearchScreeningEvent,True,0.9581,False,False,True,"{'object_type': 'расписание | расписание', 'movie_name': 'Sexy Dance 2', 'location': 'ближайшем | ближайшем', 'object_location_type': 'кинотеатре'}","{'object_name': 'Sexy Dance 2', 'object_type': 'расписание', 'location': 'ближайшем | ближайшем', 'object_location_type': 'кинотеатре | кинотеатре'}"
,Найди песню с названием Live at the Kings Center.,SearchCreativeWork,PlayMusic,False,0.943,False,False,False,"{'object_type': 'песню', 'object_name': 'Live at the Kings Center'}","{'music_item': 'песня', 'entity_name': 'Live at the Kings Center'}"
,"Какая погода в Тайонеке, Нью-Джерси?",weather/find,weather/find,True,0.9419,False,False,False,{'location': 'Тайонеке | Нью | Нью | - Джерси'},"{'condition_description': None, 'condition_temperature': None, 'datetime': None, 'location': 'Тайонеке, Нью-Джерси'}"
test_364,Я хочу забронировать Tupelo Honey Cafe в Нью-Джерси для пяти человек.,BookRestaurant,BookRestaurant,True,0.9656,False,False,True,"{'restaurant_name': 'Tupelo Honey Cafe', 'location': 'Нью | Нью | - Джерси', 'party_size_number': 'пяти'}","{'restaurant_name': 'Tupelo Honey Cafe', 'location': 'Нью-Джерси', 'party_size_number': 'пять'}"
,Забронируй место для меня и моих племянниц в чайном домике.,BookRestaurant,BookRestaurant,True,0.896,False,False,True,"{'party_size_description': 'меня и моих племянниц', 'restaurant_type': 'чайном домике'}","{'party_size_number': 'я и мои племянницы', 'restaurant_type': 'чайном домике'}"
,Будет ли жарко в Нидерландах 16 февраля?,weather/find,weather/find,True,0.962,False,False,True,"{'condition_temperature': 'жарко', 'location': 'Нидерландах | Нидерландах', 'datetime': '16 февраля'}","{'condition_description': 'жарко', 'datetime': '16 февраля', 'location': 'Нидерландах'}"
,Я хотел бы добавить Jordan Rudess в плейлист Divertido para niños.,AddToPlaylist,AddToPlaylist,True,0.9386,False,False,False,"{'artist': 'Jordan Rudess', 'playlist': 'Divertido para niños'}","{'artist': 'Jordan Rudess', 'playlist': 'Divertido para niños', 'music_item': None, 'entity_name': None, 'reference': None}"
,Оцени In the Company of Cheerful Ladies на ноль из 6.,RateBook,RateBook,True,0.9165,False,False,False,"{'object_name': 'In the Company of Cheerful Ladies', 'rating_value': 'ноль', 'best_rating': '6'}","{'object_name': 'In the Company of Cheerful Ladies', 'best_rating': '6', 'rating_value': '0', 'object_type': 'книга'}"
test_112,Что такое суровый прогноз погода?,weather/find,weather/find,True,0.8826,False,False,False,{'weather/attribute': 'суровый'},"{'condition_description': 'суровый', 'weather/attribute': 'прогноз'}"
test_113,напомни мне о визите к врачу на следующей недели,reminder/set_reminder,reminder/show_reminders,False,0.9244,False,False,False,"{'reminder/todo': 'визите к врачу | визите к врачу', 'datetime': 'на следующей недели'}","{'datetime': 'на следующей недели', 'reminder/todo': 'визит к врачу'}"
test_114,поставь напоминание о походе в магазин в 8 утра,reminder/set_reminder,reminder/set_reminder,True,0.9558,False,False,False,"{'reminder/todo': 'походе в магазин', 'datetime': '8 утра'}","{'datetime': '8 утра', 'reminder/todo': 'поход в магазин'}"
test_115,Поставь напоминание о сдачи вещей в химчистку,reminder/set_reminder,reminder/set_reminder,True,0.9604,False,False,False,{'reminder/todo': 'сдачи вещей в химчистку'},"{'datetime': None, 'recurring_datetime': None, 'reminder/todo': 'сдачи вещей в химчистку'}"
test_116,когда похоладает?,weather/find,weather/find,True,0.9164,False,False,False,{'weather/attribute': 'похоладает'},{'condition_description': 'похоладает'}
test_243,будет ли дождь на этой недели,weather/find,weather/find,True,0.9568,False,False,False,"{'weather/attribute': 'дождь', 'datetime': 'этой недели'}","{'condition_description': 'дождь', 'datetime': 'на этой неделе'}"
test_118,удали все будильники,alarm/cancel_alarm,alarm/cancel_alarm,True,0.9522,False,False,False,{'reference': 'все'},{'reference': 'все'}
test_179,отмени будильники,alarm/cancel_alarm,alarm/cancel_alarm,True,0.9333,False,False,False,{},{'reference': 'будильники'}
test_120,покажи мне текущие будильники,alarm/show_alarms,alarm/show_alarms,True,0.9471,False,False,False,{'reference': 'текущие'},{'reference': 'текущие'}
test_121,На какое время у меня установлен будильник?,alarm/show_alarms,alarm/show_alarms,True,0.9395,False,False,False,{},{'reference': 'мой | мой'}
test_189,В субботу пойдет дождь?,weather/find,weather/find,True,0.9313,False,False,False,{'datetime': 'субботу'},"{'condition_description': 'пойдет дождь', 'datetime': 'суббота'}"
test_123,насколько жарко сегодня будет,weather/find,weather/find,True,0.9469,False,False,False,"{'weather/attribute': 'жарко | жарко', 'datetime': 'сегодня'}","{'condition_description': 'жарко', 'datetime': 'сегодня'}"
test_124,Сбрось все будильники,alarm/cancel_alarm,alarm/cancel_alarm,True,0.9564,False,False,False,{'reference': 'все'},{'reference': 'все'}
test_125,Погода в Тахо в эти выходных?,weather/find,weather/find,True,0.9388,False,False,False,"{'location': 'Тахо', 'datetime': 'эти выходные'}","{'datetime': 'эти выходные', 'location': 'Тахо'}"
test_126,Понадобится ли курта сегодня?,weather/find,SearchCreativeWork,False,0.8645,False,False,False,"{'weather/attribute': 'куртка | куртка', 'datetime': 'сегодня'}","{'object_name': 'курта', 'object_type': ' '}"
test_127,Когда дождь закончится?,weather/find,weather/find,True,0.9228,False,False,False,{'weather/attribute': 'дождь'},"{'condition_description': 'дождь', 'weather/attribute': 'когда закончится'}"
test_128,Поставь напоминание позвонить в школу в понедельник в 4 часа дня,reminder/set_reminder,reminder/set_reminder,True,0.9358,False,False,False,"{'reminder/todo': 'позвонить в школу', 'datetime': 'понедельник в 4 часа дня'}","{'datetime': 'понедельник в 4 часа дня', 'reminder/todo': 'позвонить в школу'}"
test_129,Выключи текущий будильник.,alarm/cancel_alarm,alarm/cancel_alarm,True,0.9614,False,False,False,{'reference': 'текущий'},{'reference': 'текущий'}
test_130,Насколько холодно будет сегодня вечером?,weather/find,weather/find,True,0.937,False,False,False,"{'weather/attribute': 'холодно', 'datetime': 'сегодня вечером'}","{'condition_description': 'холодно', 'datetime': 'сегодня вечером'}"
,поставь будильник на 7 утра на завтра,alarm/set_alarm,alarm/set_alarm,True,0.9413,False,False,False,{'datetime': '7 утра на завтра'},"{'datetime': '7 утра', 'recurring_datetime': 'на завтра'}"
test_132,"Отмени текущее напоминание о том, чтобы забрать Роба",reminder/cancel_reminder,reminder/cancel_reminder,True,0.9512,False,False,False,"{'reference': 'текущее', 'reminder/todo': 'забрать Роба'}","{'reference': 'текущее | текущее', 'reminder/todo': 'забрать Роба'}"
test_133,Создай напоминание на завтра о покупке молока,reminder/set_reminder,reminder/set_reminder,True,0.9411,False,False,False,"{'datetime': 'завтра', 'reminder/todo': 'покупке молока'}","{'datetime': 'завтра', 'reminder/todo': 'покупка молока'}"
test_134,поставь будильник на 6 вечера,alarm/set_alarm,alarm/set_alarm,True,0.9633,False,False,False,{'datetime': '6 вечера'},{'datetime': '6 вечера'}
test_135,запланируй ежедневный будильник на 7:30 вечера до удаления,alarm/set_alarm,alarm/set_alarm,True,0.9425,False,False,False,{'recurring_datetime': 'ежедневный | 7:30 вечера'},"{'reference': 'мой | мой', 'recurring_datetime': 'ежедневный', 'datetime': '7 : 30 вечера'}"
test_198,напомни мне поставить будильник для подъема,reminder/set_reminder,reminder/set_reminder,True,0.9487,False,False,False,{'reminder/todo': 'поставить будильник для подъема'},"{'datetime': None, 'recurring_datetime': None, 'reminder/todo': 'поставить будильник для подъема'}"
test_137,Отмени текущее напоминание,reminder/cancel_reminder,reminder/cancel_reminder,True,0.9518,False,False,False,{'reference': 'текущее'},{'reference': 'текущее'}
test_235,Сегодня пойдет снег?,weather/find,weather/find,True,0.9292,False,False,False,"{'datetime': 'Сегодня', 'weather/attribute': 'снег'}","{'condition_description': 'пойдет снег', 'datetime': 'сегодня'}"
test_139,Покажи мне все будильники,alarm/show_alarms,alarm/show_alarms,True,0.9378,False,False,False,{'reference': 'все'},{'reference': 'все'}
test_237,покажи все напоминания,reminder/show_reminders,reminder/show_reminders,True,0.9608,False,False,False,{'reference': 'все'},{}
test_141,сколько времени осталось до текущего будильника,alarm/time_left_on_alarm,alarm/time_left_on_alarm,True,0.9315,False,True,False,{'reference': 'текущего'},{'reference': 'текущий'}
test_142,поставь будильник на 2 часа,alarm/set_alarm,alarm/set_alarm,True,0.9625,False,False,False,{'datetime': '2 часа'},{'datetime': '2 часа'}
test_143,Напомни мне купить хлеб после работы,reminder/set_reminder,reminder/set_reminder,True,0.9497,False,False,False,"{'reminder/todo': 'купить хлеб | купить хлеб', 'datetime': 'после работы'}","{'datetime': 'после работы', 'reminder/todo': 'купить хлеб'}"
test_144,Сегодня будет дождь?,weather/find,weather/find,True,0.9413,False,False,False,"{'datetime': 'Сегодня', 'weather/attribute': 'дождь'}","{'condition_description': 'дождь', 'datetime': 'Сегодня'}"
test_145,прочитай прогноз погоды на сегодня,weather/find,weather/find,True,0.9296,False,False,False,{'datetime': 'сегодня'},{'datetime': 'на сегодня'}
test_146,На какое время установлен текущий будильник?,alarm/show_alarms,alarm/time_left_on_alarm,False,0.9569,False,False,False,{'reference': 'текущий'},{'reference': 'текущий'}
test_147,завтра в 4 напомни мне сходить в торговый центр,reminder/set_reminder,reminder/set_reminder,True,0.963,False,False,False,"{'datetime': 'завтра в 4', 'reminder/todo': 'сходить в торговый центр'}","{'datetime': 'завтра в 4', 'reminder/todo': 'сходить в торговый центр'}"
test_148,сегодня мне понадобится зонт,weather/find,weather/find,True,0.9259,False,False,False,"{'datetime': 'сегодня', 'weather/attribute': 'зонт'}",{'condition_description': 'понадобится зонт'}
test_216,Покажи текущее напоминание,reminder/show_reminders,reminder/show_reminders,True,0.9436,False,False,False,{'reference': 'текущее'},{}
test_237,покажи все напоминания,reminder/show_reminders,reminder/show_reminders,True,0.9608,False,False,False,{'reference': 'все'},{}
test_151,Установи напоминание покормить собаку в понедельник.,reminder/set_reminder,reminder/set_reminder,True,0.9575,False,False,False,"{'reminder/todo': 'покормить собаку', 'datetime': 'понедельник'}","{'datetime': 'понедельник', 'reminder/todo': 'покормить собаку'}"
test_152,"Поставь напоминание ""Класс саб-йоги во вторник вечером в Bala"" на завтра",reminder/set_reminder,reminder/set_reminder,True,0.957,False,False,False,"{'reminder/todo': 'Класс саб-йоги во вторник вечером в Bala', 'datetime': 'завтра'}","{'datetime': 'завтра', 'reminder/todo': 'Класс саб-йоги во вторник вечером в Bala'}"
test_153,Отмени все напоминания на сегодня,reminder/cancel_reminder,reminder/cancel_reminder,True,0.902,False,False,False,"{'reference': 'все', 'datetime': 'сегодня'}","{'datetime': 'на сегодня', 'reminder/todo': None}"
test_154,Какая погода будет в Нью Йорке на этой недели,weather/find,weather/find,True,0.9256,False,False,False,"{'location': 'Нью Йорке', 'datetime': 'этой недели'}","{'datetime': 'на этой неделе', 'location': 'Нью Йорк'}"
test_155,напомни мне о визите к доктору в четверг в 12 часов дня,reminder/set_reminder,reminder/set_reminder,True,0.9481,False,False,False,"{'reminder/todo': 'визите к доктору', 'datetime': 'четверг в 12 часов дня'}","{'datetime': 'четверг в 12 часов дня', 'reminder/todo': 'визит к доктору'}"
test_156,Установи будильник на 6:50 вечера,alarm/set_alarm,alarm/set_alarm,True,0.951,False,False,False,{'datetime': '6:50 вечера'},{'datetime': '6 : 50 вечера'}
test_235,Пойдет ли снег сегодня?,weather/find,weather/find,True,0.9587,False,False,False,"{'weather/attribute': 'снег | снег', 'datetime': 'сегодня'}","{'condition_description': 'снег', 'datetime': 'сегодня'}"
test_158,Какие будильники установлены?,alarm/show_alarms,alarm/show_alarms,True,0.9417,False,False,False,{},"{'datetime': None, 'reference': None}"
test_159,Установи напоминание на 7 октября,reminder/set_reminder,reminder/set_reminder,True,0.9446,False,False,False,{'datetime': '7 октября'},"{'datetime': '7 октября', 'reminder/todo': None}"
test_160,Будет ли сегодня снег?,weather/find,weather/find,True,0.9711,False,False,False,"{'datetime': 'сегодня | сегодня', 'weather/attribute': 'снег'}","{'condition_description': 'снег', 'datetime': 'сегодня'}"
test_161,отложи будильник на 15 минут,alarm/snooze_alarm,alarm/snooze_alarm,True,0.9323,False,True,False,{'datetime': '15 минут'},{'reference': 'будильник'}
test_237,покажи все напоминания,reminder/show_reminders,reminder/show_reminders,True,0.9608,False,False,False,{'reference': 'все'},{}
test_2,Нужен ли мне свитер?,weather/find,weather/find,True,0.8746,False,False,False,{'weather/attribute': 'свитер'},{'condition_description': 'свитер'}
test_3,Добавь напоминание на сегодня на 4 часа дня,reminder/set_reminder,reminder/set_reminder,True,0.8829,False,False,False,{'datetime': 'сегодня на 4 часа дня'},"{'datetime': 'на сегодня', 'reminder/todo': 'на сегодня'}"
test_137,Отмени текущее напоминание,reminder/cancel_reminder,reminder/cancel_reminder,True,0.9518,False,False,False,{'reference': 'текущее'},{'reference': 'текущее'}
test_5,Напомни мне заправиться.,reminder/set_reminder,reminder/set_reminder,True,0.9677,False,False,False,{'reminder/todo': 'заправиться'},"{'datetime': None, 'recurring_datetime': None, 'reminder/todo': 'заправиться'}"
test_6,Нужен ли мне зонт в среду?,weather/find,weather/find,True,0.933,False,False,False,"{'weather/attribute': 'зонт', 'datetime': 'среду'}","{'condition_description': 'нужен ли мне зонт', 'datetime': 'среду'}"
test_7,отложи будильники на 5 минут,alarm/snooze_alarm,alarm/snooze_alarm,True,0.9429,False,True,False,{'datetime': '5 минут'},{'reference': 'будильники'}
test_8,поставь напоминание о дне рождения Макса,reminder/set_reminder,reminder/set_reminder,True,0.9638,False,False,False,{'reminder/todo': 'напоминание о дне рождения Макса'},"{'datetime': None, 'recurring_datetime': None, 'reminder/todo': 'день рождения Макса'}"
test_237,покажи все напоминания,reminder/show_reminders,reminder/show_reminders,True,0.9608,False,False,False,{'reference': 'все'},{}
test_10,Покажи все будильники.,alarm/show_alarms,alarm/show_alarms,True,0.9139,False,False,False,{'reference': 'все'},{'reference': 'все'}
test_144,Сегодня будет дождь?,weather/find,weather/find,True,0.9413,False,False,False,"{'datetime': 'Сегодня', 'weather/attribute': 'дождь'}","{'condition_description': 'дождь', 'datetime': 'Сегодня'}"
test_12,Поставь будильник на 8 утра,alarm/set_alarm,alarm/set_alarm,True,0.9478,False,False,False,{'datetime': '8 утра'},{'datetime': '8 утра'}
test_96,Какая сегодня температура?,weather/find,weather/find,True,0.9035,False,False,False,"{'datetime': 'сегодня | сегодня', 'weather/attribute': 'температура'}",{'condition_temperature': 'температура'}
test_216,Покажи текущее напоминание,reminder/show_reminders,reminder/show_reminders,True,0.9436,False,False,False,{'reference': 'текущее'},{}
test_245,покажи все будильники,alarm/show_alarms,alarm/show_alarms,True,0.9306,False,False,False,{'reference': 'все'},{'reference': 'все'}
test_16,Напомни мне поговорить с Беном о Джорджии,reminder/set_reminder,reminder/set_reminder,True,0.9744,False,False,False,{'reminder/todo': 'поговорить с Беном о Джорджии'},"{'datetime': None, 'recurring_datetime': None, 'reminder/todo': 'поговорить с Беном о Джорджии'}"
test_17,Поставь будильник на 5 утра,alarm/set_alarm,alarm/set_alarm,True,0.9617,False,False,False,{'datetime': '5 утра'},{'datetime': '5 утра'}
test_18,сегодня пасмурно,weather/find,weather/find,True,0.9561,False,False,False,"{'datetime': 'сегодня | сегодня', 'weather/attribute': 'пасмурно'}",{'condition_description': 'пасмурно'}
test_19,Сколько дюймов дождя выпадет сегодня?,weather/find,weather/find,True,0.9226,False,False,False,"{'weather/attribute': 'дюймов дождя', 'datetime': 'сегодня'}","{'condition_description': 'дождя', 'weather/attribute': 'дюймов'}"
test_20,Напомни мне позвонить сестре завтра,reminder/set_reminder,reminder/set_reminder,True,0.96,False,False,False,"{'reminder/todo': 'позвонить сестре | позвонить сестре', 'datetime': 'завтра'}","{'datetime': 'завтра', 'reminder/todo': 'позвонить сестре'}"
test_21,выключи будильник,alarm/cancel_alarm,alarm/cancel_alarm,True,0.9466,False,False,False,{},{'reference': 'будильник'}
test_22,Будет ли жарко на этой неделе?,weather/find,weather/find,True,0.946,False,False,False,"{'weather/attribute': 'жарко', 'datetime': 'этой неделе'}","{'condition_description': 'жарко', 'datetime': 'на этой неделе'}"
test_23,Поставь будильник на 3 часа дня,alarm/set_alarm,alarm/set_alarm,True,0.9491,False,False,False,{'datetime': '3 часа дня'},{'datetime': '3 часа дня'}
test_61,сегодня будет снег,weather/find,weather/find,True,0.9303,False,False,False,"{'datetime': 'сегодня', 'weather/attribute': 'снег'}",{'condition_description': 'снег'}
test_118,удали все будильники,alarm/cancel_alarm,alarm/cancel_alarm,True,0.9522,False,False,False,{'reference': 'все'},{'reference': 'все'}
test_26,Покажи мне все напоминания,reminder/show_reminders,reminder/show_reminders,True,0.9578,False,False,False,{'reference': 'все'},{}
test_230,Сколько времени осталость до будильника.,alarm/time_left_on_alarm,alarm/time_left_on_alarm,True,0.9296,False,True,False,{},{'reference': 'будильник'}
test_183,Какие у меня напоминания?,reminder/show_reminders,reminder/show_reminders,True,0.9509,False,False,False,{'reference': 'меня'},{}
test_29,Поставь ежедневный будильник на 8 утра,alarm/set_alarm,alarm/set_alarm,True,0.9474,False,False,False,{'recurring_datetime': 'ежедневный | 8 утра'},"{'reference': 'ежедневный', 'datetime': '8 утра'}"
test_30,можешь показать мне будильники?,alarm/show_alarms,alarm/show_alarms,True,0.924,False,False,False,{},{'reference': ' '}
test_31,В мире Диснея сегодня ожидаются бури?,weather/find,weather/find,True,0.9456,False,False,False,"{'location': 'В мире Диснея | В мире Диснея', 'datetime': 'сегодня', 'weather/attribute': 'бури'}","{'condition_description': 'бури', 'datetime': 'сегодня', 'location': 'мир Диснея'}"
test_61,сегодня будет снег,weather/find,weather/find,True,0.9303,False,False,False,"{'datetime': 'сегодня', 'weather/attribute': 'снег'}",{'condition_description': 'снег'}
test_245,покажи все будильники,alarm/show_alarms,alarm/show_alarms,True,0.9306,False,False,False,{'reference': 'все'},{'reference': 'все'}
test_218,Сегодня холодно?,weather/find,weather/find,True,0.9562,False,False,False,"{'datetime': 'Сегодня | Сегодня', 'weather/attribute': 'холодно'}","{'condition_description': 'холодно', 'datetime': 'сегодня'}"
test_35,Пожалуйста отмени будильник на утро четверга.,alarm/cancel_alarm,alarm/cancel_alarm,True,0.8982,False,False,False,{'datetime': 'утро четверга'},"{'datetime': 'утро четверга', 'reference': 'на | на'}"
test_144,Сегодня будет дождь?,weather/find,weather/find,True,0.9413,False,False,False,"{'datetime': 'Сегодня', 'weather/attribute': 'дождь'}","{'condition_description': 'дождь', 'datetime': 'Сегодня'}"
test_37,в Канаде идет снег,weather/find,weather/find,True,0.9668,False,False,False,"{'location': 'Канаде', 'weather/attribute': 'снег'}","{'condition_description': 'снег', 'location': 'Канада'}"
test_38,Какой максимум будет сегодня?,weather/find,weather/find,True,0.9155,False,False,False,"{'weather/attribute': 'максимум', 'datetime': 'сегодня'}",{'weather/attribute': 'максимум'}
test_39,"Выпадет ли сегодня вечером достаточно снега, чтобы сделать поездки опасными?",weather/find,weather/find,True,0.8932,False,False,False,"{'datetime': 'сегодня вечером', 'weather/attribute': 'снега'}","{'condition_description': 'снега', 'datetime': 'сегодня вечером', 'weather/attribute': 'достаточно снега', 'condition_temperature': 'опасными'}"
test_237,покажи все напоминания,reminder/show_reminders,reminder/show_reminders,True,0.9608,False,False,False,{'reference': 'все'},{}
test_41,удали все напоминания,reminder/cancel_reminder,reminder/cancel_reminder,True,0.9117,False,False,False,{'reference': 'все'},{'reminder/todo': 'все'}
test_42,понадобится лм мне завтра куртка?,weather/find,weather/find,True,0.8833,False,False,False,"{'datetime': 'завтра | завтра', 'weather/attribute': 'куртка'}","{'condition_description': 'понадобится лм мне завтра', 'datetime': 'завтра'}"
test_43,Сколько времени осталось до будильника,alarm/time_left_on_alarm,alarm/time_left_on_alarm,True,0.9311,False,True,False,{},{'reference': 'будильник'}
test_44,Останови будильник,alarm/snooze_alarm,alarm/cancel_alarm,False,0.9293,False,True,False,{},{'reference': 'мой | мой'}
test_139,Покажи мне все будильники,alarm/show_alarms,alarm/show_alarms,True,0.9378,False,False,False,{'reference': 'все'},{'reference': 'все'}
test_46,Какая погода в Йеллоустоуне?,weather/find,weather/find,True,0.9532,False,False,False,{'location': 'Йеллоустоуне'},"{'condition_description': None, 'condition_temperature': None, 'datetime': None, 'location': 'Йеллоустоун'}"
test_202,Какая сегодня погода?,weather/find,weather/find,True,0.9189,False,False,False,{'datetime': 'сегодня'},"{'condition_description': 'какая', 'datetime': 'сегодня'}"
test_48,"Удали текущее напоминание о том, что завтра нужно забрать Патрика из школы.",reminder/cancel_reminder,reminder/cancel_reminder,True,0.9477,False,False,False,"{'reference': 'текущее', 'datetime': 'завтра', 'reminder/todo': 'забрать Патрика из школы'}","{'datetime': 'завтра', 'reminder/todo': 'забрать Патрика из школы'}"
test_49,"Напомни мне завта в это же время, записаться на прием к врачу",reminder/set_reminder,reminder/set_reminder,True,0.9626,False,False,False,"{'datetime': 'завтра в это же время', 'reminder/todo': 'записаться на прием к врачу'}","{'datetime': 'завтра', 'reminder/todo': 'записаться на прием к врачу'}"
test_50,Напомни мне отказаться от аренды,reminder/set_reminder,reminder/set_reminder,True,0.9707,False,False,False,{'reminder/todo': 'отказаться от аренды'},"{'datetime': None, 'recurring_datetime': None, 'reminder/todo': 'отказаться от аренды'}"
test_51,когда закончится дождь?,weather/find,weather/find,True,0.9296,False,False,False,{'weather/attribute': 'дождь'},{'condition_description': 'дождь'}
test_179,отмени будильники,alarm/cancel_alarm,alarm/cancel_alarm,True,0.9333,False,False,False,{},{'reference': 'будильники'}
test_53,Напомни мне позвонить Стефани во вторник,reminder/set_reminder,reminder/set_reminder,True,0.9541,False,False,False,"{'reminder/todo': 'позвонить Стефани', 'datetime': 'вторник'}","{'datetime': 'во вторник', 'reminder/todo': 'позвонить Стефани'}"
test_224,покажи все текущие будильники,alarm/show_alarms,alarm/show_alarms,True,0.9235,False,False,False,{'reference': 'все текущие'},{'reference': 'все'}
test_232,Насколько жарко сегодня будет?,weather/find,weather/find,True,0.9456,False,False,False,"{'weather/attribute': 'жарко | жарко', 'datetime': 'сегодня'}","{'condition_description': 'жарко', 'datetime': 'сегодня'}"
test_56,Установи будильник на 5 часов вечера сегодня,alarm/set_alarm,alarm/set_alarm,True,0.951,False,False,False,{'datetime': '5 часов вечера сегодня'},{'datetime': '5 часов вечера | сегодня'}
test_57,напомни мне сходить к врачу 21 августа в 3 часа дня,reminder/set_reminder,reminder/set_reminder,True,0.9549,False,False,False,"{'reminder/todo': 'сходить к врачу | сходить к врачу', 'datetime': '21 августа в 3 часа дня'}","{'datetime': '21 августа в 3 часа дня', 'reminder/todo': 'сходить к врачу'}"
test_58,отмени текущее повторяющееся напоминание о приеме лекарств ежедневно в 7 утра,reminder/cancel_reminder,reminder/cancel_reminder,True,0.9086,False,False,False,"{'reminder/todo': 'приеме лекарств | приеме лекарств', 'recurring_datetime': 'ежедневно в 7 утра'}","{'datetime': '7 утра', 'reminder/todo': 'приема лекарств', 'reference': 'текущее | текущее | повторяющееся'}"
test_59,когда по прогнозу будет дождь,weather/find,weather/find,True,0.9598,False,False,False,{'weather/attribute': 'дождь'},{'condition_description': 'дождь'}
test_60,На какое время установлен текущий будильник на завтрашнее утро?,alarm/show_alarms,alarm/show_alarms,True,0.9408,False,False,False,"{'reference': 'текущий', 'datetime': 'завтрашнее утро'}","{'datetime': 'завтрашнее утро', 'reference': 'текущий'}"
test_61,сегодня будет снег,weather/find,weather/find,True,0.9303,False,False,False,"{'datetime': 'сегодня', 'weather/attribute': 'снег'}",{'condition_description': 'снег'}
test_129,Выключи текущий будильник.,alarm/cancel_alarm,alarm/cancel_alarm,True,0.9614,False,False,False,{'reference': 'текущий'},{'reference': 'текущий'}
test_234,отмени все будильники,alarm/cancel_alarm,alarm/cancel_alarm,True,0.9605,False,False,False,{'reference': 'все'},{'reference': 'все'}
test_64,напомни мне купить продукты,reminder/set_reminder,reminder/set_reminder,True,0.9593,False,False,False,{'reminder/todo': 'купить продукты'},"{'datetime': None, 'recurring_datetime': None, 'reminder/todo': 'купить продукты'}"
test_65,Мне нужен будильник на 9 утра для завтрака,alarm/set_alarm,alarm/set_alarm,True,0.9304,False,False,False,{'datetime': '9 утра'},"{'datetime': '9 утра', 'reminder/todo': 'завтрак'}"
test_66,установи напоминание о просмотре Колтс за час до начала игры,reminder/set_reminder,reminder/set_reminder,True,0.9188,False,False,False,"{'reminder/todo': 'просмотре Колтс | просмотре Колтс', 'datetime': 'за час до начала игры'}","{'datetime': 'за час до начала игры', 'reminder/todo': 'просмотр Колтс'}"
test_234,отмени все будильники,alarm/cancel_alarm,alarm/cancel_alarm,True,0.9605,False,False,False,{'reference': 'все'},{'reference': 'все'}
test_68,Отмени текущее третье напоминание в этом списке,reminder/cancel_reminder,reminder/cancel_reminder,True,0.9048,False,False,False,{'reference': 'текущее третье'},{'reference': 'текущее третье'}
test_87,установи будильник на 6 утра,alarm/set_alarm,alarm/set_alarm,True,0.963,False,False,False,{'datetime': '6 утра'},{'datetime': '6 утра'}
test_70,Сейчас сбрось этот будильник и установи на 2 часа дня,alarm/cancel_alarm,none,False,0.9173,True,False,False,"{'datetime': 'Сейчас | 2 часа дня', 'reference': 'этот'}",{}
test_71,Пойдет ли снег?,weather/find,weather/find,True,0.9482,False,False,False,{'weather/attribute': 'снег'},{'condition_description': 'снег'}
test_72,Напомни мне заплатить арендную плату.,reminder/set_reminder,reminder/set_reminder,True,0.9693,False,False,False,{'reminder/todo': 'заплатить арендную плату'},"{'datetime': None, 'recurring_datetime': None, 'reminder/todo': 'заплатить арендную плату'}"
test_73,какой минимум на завтра,weather/find,weather/find,True,0.9316,False,False,False,"{'weather/attribute': 'минимум', 'datetime': 'завтра'}","{'condition_description': 'какой минимум', 'datetime': 'на завтра'}"
test_74,cегодня будет солнечно?,weather/find,weather/find,True,0.9721,False,False,False,"{'datetime': 'сегодня', 'weather/attribute': 'солнечно'}","{'condition_description': 'солнечно', 'datetime': 'сегодня'}"
test_84,Сколько у меня напоминаний на сегодня?,reminder/show_reminders,reminder/show_reminders,True,0.9098,False,False,False,{'datetime': 'сегодня'},{'datetime': 'на сегодня'}
test_76,Какие у меня напоминание на завтра?,reminder/show_reminders,reminder/show_reminders,True,0.9355,False,False,False,"{'reference': 'меня', 'datetime': 'завтра'}",{'datetime': 'завтра'}
test_77,Отмени все текущие напоминания.,reminder/cancel_reminder,reminder/cancel_reminder,True,0.8902,False,False,False,{'reference': 'все текущие'},{'reference': 'все текущие'}
test_78,установи будильник на 6 утра на завтра,alarm/set_alarm,alarm/set_alarm,True,0.9491,False,False,False,{'datetime': '6 утра на завтра'},"{'datetime': '6 утра', 'recurring_datetime': 'на завтра'}"
test_79,Установи будильник на 30 минут,alarm/set_alarm,alarm/set_alarm,True,0.9578,False,False,False,{'datetime': '30 минут'},{'datetime': '30 минут'}
test_80,Установи будильник на час вперед,alarm/set_alarm,alarm/modify_alarm,False,0.9485,False,False,False,{'datetime': 'час вперед'},{'datetime': 'час вперед'}
test_234,отмени все будильники,alarm/cancel_alarm,alarm/cancel_alarm,True,0.9605,False,False,False,{'reference': 'все'},{'reference': 'все'}
test_82,прогноз погоды в Лос Анджелесе,weather/find,weather/find,True,0.9259,False,False,False,{'location': 'Лос Анджелесе'},{'location': 'Лос Анджелесе'}
test_234,отмени все будильники,alarm/cancel_alarm,alarm/cancel_alarm,True,0.9605,False,False,False,{'reference': 'все'},{'reference': 'все'}
test_84,Сколько у меня напоминаний на сегодня?,reminder/show_reminders,reminder/show_reminders,True,0.9098,False,False,False,{'datetime': 'сегодня'},{'datetime': 'на сегодня'}
test_85,Напомни мне купить бумажные полотенца в магазине завтра,reminder/set_reminder,reminder/set_reminder,True,0.953,False,False,False,"{'reminder/todo': 'купить бумажные полотенца в магазине | купить бумажные полотенца в магазине', 'datetime': 'завтра'}","{'datetime': 'завтра', 'reminder/todo': 'купить бумажные полотенца в магазине'}"
test_225,Покажи мне все текущие напоминания,reminder/show_reminders,reminder/show_reminders,True,0.9573,False,False,False,{'reference': 'все текущие'},{}
test_87,поставь будильник на 6 утра,alarm/set_alarm,alarm/set_alarm,True,0.9625,False,False,False,{'datetime': '6 утра'},{'datetime': '6 утра'}
test_88,завтра будет снег,weather/find,weather/find,True,0.9518,False,False,False,"{'datetime': 'завтра', 'weather/attribute': 'снег'}","{'condition_description': 'снег', 'datetime': 'завтра'}"
test_89,удали текущий будильник на завтрашнее утро,alarm/cancel_alarm,alarm/cancel_alarm,True,0.9483,False,False,False,"{'reference': 'текущий', 'datetime': 'завтрашнее утро'}","{'datetime': 'завтрашнее утро', 'reference': 'текущий'}"
test_90,Установи будильник на полдень только по пондельникам.,alarm/set_alarm,alarm/set_alarm,True,0.9237,False,False,False,{'recurring_datetime': 'полдень только по понедельникам'},"{'datetime': 'полдень', 'recurring_datetime': 'понедельникам'}"
test_232,Насколько жарко будет сегодня?,weather/find,weather/find,True,0.9484,False,False,False,"{'weather/attribute': 'жарко', 'datetime': 'сегодня'}","{'condition_description': 'жарко', 'datetime': 'сегодня'}"
test_92,напомни мне установить будильники на утром,reminder/set_reminder,alarm/set_alarm,False,0.899,False,False,False,"{'reminder/todo': 'установить будильники', 'datetime': 'утро'}","{'datetime': 'утро', 'reminder/todo': 'установить будильники'}"
test_118,удали все будильники,alarm/cancel_alarm,alarm/cancel_alarm,True,0.9522,False,False,False,{'reference': 'все'},{'reference': 'все'}
test_245,покажи все будильники,alarm/show_alarms,alarm/show_alarms,True,0.9306,False,False,False,{'reference': 'все'},{'reference': 'все'}
test_97,отключи будильник,alarm/cancel_alarm,alarm/cancel_alarm,True,0.9452,False,False,False,{},{'reference': 'будильник'}
test_96,Какая температура сегодня?,weather/find,weather/find,True,0.9203,False,False,False,"{'weather/attribute': 'температура | температура', 'datetime': 'сегодня'}","{'condition_temperature': 'температура', 'datetime': 'сегодня'}"
test_245,покажи все будильники,alarm/show_alarms,alarm/show_alarms,True,0.9306,False,False,False,{'reference': 'все'},{'reference': 'все'}
test_99,установи будильник на каждые 30 минут,alarm/set_alarm,alarm/set_alarm,True,0.9275,False,False,False,{'recurring_datetime': 'каждые 30 минут'},"{'datetime': 'каждые 30 минут', 'recurring_datetime': 'каждые 30 минут'}"
test_164,Какая температура будет сегодня?,weather/find,weather/find,True,0.9418,False,False,False,"{'weather/attribute': 'температура', 'datetime': 'сегодня'}","{'weather/attribute': 'температура', 'datetime': 'сегодня'}"
test_101,будет ли жарко сегодня?,weather/find,weather/find,True,0.966,False,False,False,"{'weather/attribute': 'жарко | жарко', 'datetime': 'сегодня'}","{'condition_description': 'жарко', 'datetime': 'сегодня'}"
test_214,завтра пойдет дождь?,weather/find,weather/find,True,0.9453,False,False,False,"{'datetime': 'завтра', 'weather/attribute': 'дождь'}","{'condition_description': 'пойдет дождь', 'datetime': 'завтра'}"
