id,text,true_intent,pred_intent,intent_correct,confidence,weak_by_conf,weak_intent_real,weak_slot_real,true_slots,pred_slots
test_1,барлык хәтерләтүләрне күрсәт,reminder/show_reminders,reminder/show_reminders,True,0.9511,False,False,False,{'reference': 'барлык'},{}
test_2,Миңа свитер кирәкме?,weather/find,weather/find,True,0.9015,False,False,False,{'weather/attribute': 'свитер'},"{'location': None, 'datetime': None, 'weather/attribute': 'свитер кирәкме'}"
test_3,Бүген сәгать ун алтыга хәтерләтүне өстә,reminder/set_reminder,reminder/set_reminder,True,0.9163,False,False,False,{'datetime': 'Бүген сәгать ун алтыга'},"{'datetime': 'сәгать ун алты', 'reminder/todo': None}"
test_4,Минем хәтерләтүне бетер,reminder/cancel_reminder,reminder/cancel_reminder,True,0.9446,False,False,False,{'reference': 'Минем'},"{'datetime': None, 'reference': None, 'reminder/todo': None}"
test_5,Миңа бензин салырга искә төшер.,reminder/set_reminder,reminder/set_reminder,True,0.9658,False,False,False,{'reminder/todo': 'бензин салырга'},"{'datetime': None, 'recurring_datetime': None, 'reminder/todo': 'бензин салырга'}"
test_6,Чәршәмбе көнне миңа кул чатыры кирәкме?,weather/find,alarm/set_alarm,False,0.9298,False,False,False,"{'datetime': 'Чәршәмбе', 'weather/attribute': 'кул чатыры'}","{'datetime': 'Чәршәмбе көнне', 'reminder/todo': 'кул чатыры'}"
test_7,биш минуттан соң минем будильникны кабатла,alarm/snooze_alarm,alarm/snooze_alarm,True,0.9227,False,True,False,"{'datetime': 'биш минуттан', 'reference': 'минем'}",{'reference': 'минем будильникны'}
test_8,максның туган көне турында искә төшеруне куй,reminder/set_reminder,reminder/set_reminder,True,0.9471,False,False,False,{'reminder/todo': 'максның туган көне турында искә төшеруне'},"{'datetime': None, 'recurring_datetime': None, 'reminder/todo': 'максның туган көне турында искә төшеру'}"
test_9,Миңа барлык хәтерләтүләрне күрсәт,reminder/show_reminders,reminder/show_reminders,True,0.9546,False,False,False,{'reference': 'барлык'},{}
test_10,Барлык будильникларны күрсәт.,alarm/show_alarms,alarm/show_alarms,True,0.9468,False,False,False,{'reference': 'Барлык'},{}
test_11,Бүген яңгыр явар микән?,weather/find,weather/find,True,0.9644,False,False,False,"{'datetime': 'Бүген', 'weather/attribute': 'яңгыр'}","{'location': None, 'datetime': 'бүген', 'condition_description': 'яңгыр'}"
test_12,Будильникны иртәнге 8 куй,alarm/set_alarm,alarm/set_alarm,True,0.9174,False,False,False,{'datetime': 'иртәнге 8'},"{'datetime': 'иртәнге 8', 'reference': None}"
test_13,Бүген температура нинди?,weather/find,weather/find,True,0.9686,False,False,False,"{'datetime': 'Бүген', 'weather/attribute': 'температура'}","{'location': None, 'datetime': 'бүген', 'weather/attribute': 'температура'}"
test_14,Минем хәтерләтүне күрсәт,reminder/show_reminders,reminder/show_reminders,True,0.922,False,False,False,{'reference': 'Минем'},{}
test_15,Барлык будильникларны күрсәт,alarm/show_alarms,alarm/show_alarms,True,0.9441,False,False,False,{'reference': 'Барлык'},{}
test_16,Миңа Бен белән Джорджия турында сөйләшергә искә төшер,reminder/set_reminder,SearchCreativeWork,False,0.9224,False,False,False,{'reminder/todo': 'Бен белән Джорджия турында сөйләшергә'},"{'object_name': 'Бен', 'object_type': 'Джорджия'}"
test_17,Будильникны иртәнге 5 куй,alarm/set_alarm,alarm/set_alarm,True,0.9308,False,False,False,{'datetime': 'иртәнге 5'},"{'datetime': 'иртәнге 5', 'reference': None}"
test_18,бүген болытлымы,weather/find,weather/find,True,0.9438,False,False,False,"{'datetime': 'бүген', 'weather/attribute': 'болытлымы'}","{'location': None, 'datetime': 'бүген', 'weather/attribute': 'болытлы'}"
test_19,Бүген бездә ничә дюйм яңгыры явар?,weather/find,weather/find,True,0.9477,False,False,False,"{'datetime': 'Бүген', 'weather/attribute': 'дюйм яңгыры'}","{'location': 'без', 'datetime': 'бүген', 'condition_description': 'яңгыр', 'weather/attribute': 'дюйм'}"
test_20,Иртәгә минем апама шалтыратырга искә төшер,reminder/set_reminder,reminder/set_reminder,True,0.9048,False,False,False,"{'datetime': 'Иртәгә', 'reminder/todo': 'минем апама шалтыратырга'}","{'datetime': 'ирте', 'reminder/todo': 'минем апама шалтыратырга'}"
test_21,будильникны туктат,alarm/cancel_alarm,alarm/cancel_alarm,True,0.9369,False,False,False,{},{'reference': 'будильник'}
test_22,Бу атнада кызу булырмы?,weather/find,weather/find,True,0.9692,False,False,False,"{'datetime': 'Бу атнада', 'weather/attribute': 'кызу'}","{'location': None, 'datetime': 'бу атнада', 'weather/attribute': 'кызу'}"
test_23,Будильникны көндезге 3 куй.,alarm/set_alarm,alarm/set_alarm,True,0.9271,False,False,False,{'datetime': 'көндезге 3'},"{'datetime': 'күндезге 3', 'recurring_datetime': None, 'reference': None, 'reminder/todo': None}"
test_24,бүген кар явармы,weather/find,weather/find,True,0.9338,False,False,False,"{'datetime': 'бүген', 'weather/attribute': 'кар'}","{'location': None, 'datetime': 'бүген', 'weather/attribute': 'кар'}"
test_25,бөтен будильникларны бетер,alarm/cancel_alarm,alarm/cancel_alarm,True,0.9312,False,False,False,{'reference': 'бөтен'},{'reference': 'бөтен'}
test_26,Минем хәтерләтүләрне күрсәт,reminder/show_reminders,reminder/show_reminders,True,0.9536,False,False,False,{'reference': 'Минем'},{}
test_27,Будильникка кадәр күпме вакыт калды,alarm/time_left_on_alarm,alarm/time_left_on_alarm,True,0.9291,False,True,False,{},{'reference': 'будильникка'}
test_28,Минем нинди искә төшерүләрем бар?,reminder/show_reminders,reminder/show_reminders,True,0.9584,False,False,False,{'reference': 'Минем'},{}
test_29,Будильникны көн саен иртәнге 8 куй,alarm/set_alarm,alarm/set_alarm,True,0.9396,False,False,False,{'recurring_datetime': 'иртәнге 8'},"{'datetime': 'кун саен иртәнге 8', 'recurring_datetime': 'кун саен', 'reference': None, 'reminder/todo': None}"
test_30,син миңа будильникларны күрсәтә аласыңмы?,alarm/show_alarms,alarm/show_alarms,True,0.9563,False,False,False,{},{}
test_31,Бүген Диснейуорлдта буран булырмы?,weather/find,weather/find,True,0.9728,False,False,False,"{'datetime': 'Бүген', 'location': 'Диснейуорлдта', 'weather/attribute': 'буран'}","{'location': 'Диснейуорлд', 'datetime': 'бүген', 'condition_description': 'буран'}"
test_32,бүген кар явырмы,weather/find,weather/find,True,0.9337,False,False,False,"{'datetime': 'бүген', 'weather/attribute': 'кар'}","{'location': None, 'datetime': 'бүген', 'weather/attribute': 'кар явырмы'}"
test_33,бөтен будильникларны күрсәт,alarm/show_alarms,alarm/show_alarms,True,0.9499,False,False,False,{'reference': 'бөтен'},{}
test_34,Бүген салкынмы?,weather/find,weather/find,True,0.9462,False,False,False,"{'datetime': 'Бүген', 'weather/attribute': 'салкынмы'}","{'datetime': 'бүген', 'condition_description': 'салкын'}"
test_35,"Зинһар, пәнҗешәмбе иртәсеннән будильникны бетер.",alarm/cancel_alarm,alarm/cancel_alarm,True,0.9427,False,False,False,{'datetime': 'пәнҗешәмбе иртәсеннән'},"{'datetime': 'пәнҗешәмбе иртә', 'reference': 'Зинһар'}"
test_36,Бүген яңгыр явырмы?,weather/find,weather/find,True,0.9533,False,False,False,"{'datetime': 'Бүген', 'weather/attribute': 'яңгыр'}","{'location': None, 'datetime': 'бүген', 'condition_description': 'яңгыр'}"
test_37,канадада кар явамы,weather/find,weather/find,True,0.9389,False,False,False,"{'location': 'канадада', 'weather/attribute': 'кар явамы'}","{'location': 'канадада', 'weather/attribute': 'кар явамы'}"
test_38,Бүген нинди югары температура булачак?,weather/find,weather/find,True,0.9666,False,False,False,"{'datetime': 'Бүген', 'weather/attribute': 'югары температура'}","{'location': None, 'datetime': 'бүген', 'weather/attribute': 'югары температура'}"
test_39,"Төнлә шулкадәр кар яуса, сәяхәт куркыныч булырмы?",weather/find,weather/find,True,0.8922,False,False,False,"{'datetime': 'Төнлә', 'weather/attribute': 'кар яуса'}","{'location': 'Төн', 'weather/attribute': 'кар', 'condition_description': 'шулкадәр'}"
test_40,бөтен хәтерләтүләрне күрсәт,reminder/show_reminders,reminder/show_reminders,True,0.9543,False,False,False,{'reference': 'бөтен'},{}
test_41,барлык хәтерләтүләрне бетер,reminder/cancel_reminder,reminder/cancel_reminder,True,0.9317,False,False,False,{'reference': 'барлык'},{}
test_42,миңа иртәгә куртка кирәкме?,weather/find,weather/find,True,0.8891,False,False,False,"{'datetime': 'иртәгә', 'weather/attribute': 'куртка'}","{'location': None, 'datetime': 'ирте', 'weather/attribute': 'куртка кирәкме'}"
test_43,Будильникка кадәр күпме вакыт калды,alarm/time_left_on_alarm,alarm/time_left_on_alarm,True,0.9291,False,True,False,{},{'reference': 'будильникка'}
test_44,Будильникны туктат,alarm/snooze_alarm,alarm/cancel_alarm,False,0.9285,False,True,False,{},{'reference': 'будильник'}
test_45,Миңа барлык будильникларны күрсәт,alarm/show_alarms,alarm/show_alarms,True,0.9398,False,False,False,{'reference': 'барлык'},{}
test_46,Йеллоустонда һава торышы нинди?,weather/find,weather/find,True,0.9049,False,False,False,{'location': 'Йеллоустонда'},"{'location': 'Йеллоустонда', 'datetime': 'хәзер'}"
test_47,Бүген һава торышы нинди?,weather/find,weather/find,True,0.9512,False,False,False,{'datetime': 'Бүген'},"{'location': None, 'datetime': 'бүген', 'weather/attribute': None, 'weather/temperatureUnit': None}"
test_48,Иртәгә Патрикны мәктәптән алырга минем искә төшерүдән алып бетер.,reminder/cancel_reminder,reminder/set_reminder,False,0.946,False,False,False,"{'datetime': 'Иртәгә', 'reminder/todo': 'Патрикны мәктәптән алырга', 'reference': 'минем'}","{'datetime': 'иртә', 'recurring_datetime': None, 'reminder/todo': 'Патрикны мәктәптән алырга'}"
test_49,Миңа иртәгә шул ук вакытта табибка язылырга искә төшер,reminder/set_reminder,reminder/set_reminder,True,0.9246,False,False,False,"{'datetime': 'иртәгә шул ук вакытта', 'reminder/todo': 'табибка язылырга'}","{'datetime': 'ирәгә', 'recurring_datetime': None, 'reminder/todo': 'табибка язылырга'}"
test_50,Миңа аренданы түләргә искә төшер,reminder/set_reminder,reminder/set_reminder,True,0.9601,False,False,False,{'reminder/todo': 'аренданы түләргә'},"{'datetime': None, 'recurring_datetime': None, 'reminder/todo': 'аренданы түләргә'}"
test_51,яңгыр кайчан бетәчәк?,weather/find,weather/find,True,0.9614,False,False,False,{'weather/attribute': 'яңгыр'},"{'condition_description': 'яңгыр', 'datetime': 'кайчан бетәчәк'}"
test_52,будильникларны бетер,alarm/cancel_alarm,alarm/cancel_alarm,True,0.92,False,False,False,{},{'reference': 'будильниклар'}
test_53,Сишәмбе көнне миңа Стефанига шалтыратырга искә төшер,reminder/set_reminder,reminder/set_reminder,True,0.9507,False,False,False,"{'datetime': 'Сишәмбе көнне', 'reminder/todo': 'Стефанига шалтыратырга'}","{'datetime': 'Сишәмбе көнне', 'reminder/todo': 'Стефанига шалтыратырга'}"
test_54,барлык минем уяткыч сәгатьләрне күрсәт,alarm/show_alarms,alarm/show_alarms,True,0.924,False,False,False,{'reference': 'барлык минем'},{}
test_55,Бүген никадәр эссе булачак?,weather/find,weather/find,True,0.9555,False,False,False,"{'datetime': 'Бүген', 'weather/attribute': 'эссе'}","{'location': None, 'datetime': 'бүген', 'weather/attribute': 'эссе'}"
test_56,будильникны бүген кичке 5 куй,alarm/set_alarm,alarm/set_alarm,True,0.9418,False,False,False,{'datetime': 'бүген кичке 5'},"{'datetime': 'бүген кичке 5', 'reference': None, 'reminder/todo': None}"
test_57,21-енче августта көндез 3-тә табибка барырга искә төшер,reminder/set_reminder,reminder/set_reminder,True,0.9559,False,False,False,"{'datetime': '21-енче августта көндез 3-тә', 'reminder/todo': 'табибка барырга'}","{'datetime': '21-енче августта', 'reminder/todo': 'күндез 3-тә табибка барырга'}"
test_58,көн саен иртәнге сәгать 7-дә дарулар эчәргә турында минем искә төшерүне бетер,reminder/cancel_reminder,reminder/cancel_reminder,True,0.9541,False,False,False,"{'recurring_datetime': 'көн саен иртәнге сәгать 7-дә', 'reminder/todo': 'дарулар эчәргә'}","{'datetime': 'көн саен иртәнге сәгать 7', 'reminder/todo': 'дарулар эчәргә'}"
test_59,киләсе фараз яңгырны кайчан күрсәтә,weather/find,weather/find,True,0.9645,False,False,False,{'weather/attribute': 'яңгырны'},"{'location': None, 'datetime': 'киләсе фараз', 'condition_description': 'яңгыр'}"
test_60,Иртәгә иртә белән минем будильнигым нинди вакытка куелган?,alarm/show_alarms,alarm/time_left_on_alarm,False,0.9408,False,False,False,"{'datetime': 'Иртәгә иртә', 'reference': 'минем'}",{'reference': 'минем будильник'}
test_61,бүген кар явармы,weather/find,weather/find,True,0.9338,False,False,False,"{'datetime': 'бүген', 'weather/attribute': 'кар'}","{'location': None, 'datetime': 'бүген', 'weather/attribute': 'кар'}"
test_62,Минем будильнигымны сүндер.,alarm/cancel_alarm,alarm/cancel_alarm,True,0.9335,False,False,False,{'reference': 'Минем'},{'reference': 'минем будильнигым'}
test_63,Барлык будильникларны бетер,alarm/cancel_alarm,alarm/cancel_alarm,True,0.9383,False,False,False,{'reference': 'Барлык'},{'reference': 'барлык'}
test_64,миңа продуктларны сатып алырга искә төшер,reminder/set_reminder,AddToPlaylist,False,0.902,False,False,False,{'reminder/todo': 'продуктларны сатып алырга'},"{'music_item': 'продуктлар', 'playlist': 'искә төшер'}"
test_65,Миңа иртәнге сәгать 9-да иртәнге аш өчен будильник кирәк,alarm/set_alarm,alarm/set_alarm,True,0.9317,False,False,False,{'datetime': 'иртәнге сәгать 9-да'},"{'datetime': '9', 'recurring_datetime': None, 'reference': None, 'reminder/todo': 'иртәнге аш'}"
test_66,уен башланганчы бер сәгать алдан Кольтларны карау турында искә төшерүне куй,reminder/set_reminder,reminder/set_reminder,True,0.94,False,False,False,"{'datetime': 'уен башланганчы бер сәгать алдан', 'reminder/todo': 'Кольтларны карау'}","{'datetime': 'бер сәгать алдан', 'recurring_datetime': None, 'reminder/todo': 'Кольтларны карау турында искә төшерү'}"
test_67,барлык будильникларны бетер,alarm/cancel_alarm,alarm/cancel_alarm,True,0.9417,False,False,False,{'reference': 'барлык'},{'reference': 'барлык'}
test_68,Бу исемлектән минем өченче искә төшерүне бетер.,reminder/cancel_reminder,reminder/cancel_reminder,True,0.9441,False,False,False,{'reference': 'минем өченче'},"{'datetime': None, 'reference': 'минем өченче', 'reminder/todo': None}"
test_69,Будильникны иртәнге 6 куй,alarm/set_alarm,alarm/set_alarm,True,0.9228,False,False,False,{'datetime': 'иртәнге 6'},"{'datetime': 'иртәнге 6', 'reference': None}"
test_70,Бу будильникны хәзердән көндезге 2-гә куй,alarm/cancel_alarm,alarm/set_alarm,False,0.8892,False,False,False,"{'reference': 'Бу', 'datetime': 'хәзердән | көндезге 2-гә'}","{'datetime': 'хәзердән көндезге 2', 'recurring_datetime': 'кабатлау расписаниесе', 'reference': 'будильник төренә күрсәтү'}"
test_71,Кар булырмы?,weather/find,weather/find,True,0.9718,False,False,False,{'weather/attribute': 'Кар'},"{'location': 'ПалоАльто тирәсендә', 'datetime': 'бу атнабызда', 'condition_description': 'Кар'}"
test_72,Миңа аренданы түләргә искә төшер.,reminder/set_reminder,reminder/set_reminder,True,0.9612,False,False,False,{'reminder/todo': 'аренданы түләргә'},"{'datetime': None, 'recurring_datetime': None, 'reminder/todo': 'аренданы түләргә'}"
test_73,иртәгә нинди иң түбән температура,weather/find,weather/find,True,0.9364,False,False,False,"{'datetime': 'иртәгә', 'weather/attribute': 'иң түбән'}","{'location': None, 'datetime': 'иртә', 'weather/attribute': 'температура', 'weather/temperatureUnit': None}"
test_74,Бүген кояшлы булырмы?,weather/find,weather/find,True,0.9596,False,False,False,"{'datetime': 'Бүген', 'weather/attribute': 'кояшлы'}","{'location': None, 'datetime': 'бүген', 'condition_description': 'кояшлы'}"
test_75,Бүген минем ничә искә төшерүләрем бар?,reminder/show_reminders,reminder/show_reminders,True,0.9246,False,False,False,{'datetime': 'Бүген'},"{'datetime': 'бүген', 'reminder/todo': None}"
test_76,Минем иртәгә нинди искә төшерүләрем бар?,reminder/show_reminders,reminder/show_reminders,True,0.93,False,False,False,"{'reference': 'Минем', 'datetime': 'иртәгә'}","{'datetime': 'ирәгә', 'reminder/todo': None}"
test_77,Минем барлык искә төшерүләремне бетер.,reminder/cancel_reminder,reminder/cancel_reminder,True,0.9256,False,False,False,{'reference': 'Минем барлык'},"{'datetime': None, 'reminder/todo': 'барлык искә төшерүләрем'}"
test_78,будильникны иртәнге 6-га куй,alarm/set_alarm,alarm/set_alarm,True,0.9484,False,False,False,{'datetime': 'иртәнге 6-га'},"{'datetime': 'иртәнге 6', 'reference': None}"
test_79,Будильникны 30 минутка куй,alarm/set_alarm,alarm/set_alarm,True,0.9285,False,False,False,{'datetime': '30 минутка'},{'datetime': '30 минутка'}
test_80,Будильникны бер сәгать алга куй.,alarm/set_alarm,alarm/set_alarm,True,0.9435,False,False,False,{'datetime': 'бер сәгать алга'},{'datetime': 'бер сәгать алга'}
test_81,барлык будильникларны бетер,alarm/cancel_alarm,alarm/cancel_alarm,True,0.9417,False,False,False,{'reference': 'барлык'},{'reference': 'барлык'}
test_82,Лос-Анджелеста һава торышы,weather/find,weather/find,True,0.9052,False,False,False,{'location': 'Лос - Анджелеста'},"{'location': 'Лос-Анджелес', 'datetime': 'хәзер'}"
test_83,бөтен будильникларны бетер,alarm/cancel_alarm,alarm/cancel_alarm,True,0.9312,False,False,False,{'reference': 'бөтен'},{'reference': 'бөтен'}
test_84,Бүген минем ничә искә төшерүләрем бар?,reminder/show_reminders,reminder/show_reminders,True,0.9246,False,False,False,{'datetime': 'Бүген'},"{'datetime': 'бүген', 'reminder/todo': None}"
test_85,Миңа иртәгә кибеттә кәгазь сөлгеләр сатып алырга искә төшер,reminder/set_reminder,reminder/set_reminder,True,0.9491,False,False,False,"{'datetime': 'иртәгә', 'reminder/todo': 'кибеттә кәгазь сөлгеләр сатып алырга'}","{'datetime': 'ирте', 'reminder/todo': 'кәгазь сөлгеләр сатып алырга'}"
test_86,Миңа минем барлык искә төшерүләремне күрсәт,reminder/show_reminders,reminder/show_reminders,True,0.9543,False,False,False,{'reference': 'минем барлык'},{}
test_87,Будильникны иртәнге 6 куй,alarm/set_alarm,alarm/set_alarm,True,0.9228,False,False,False,{'datetime': 'иртәнге 6'},"{'datetime': 'иртәнге 6', 'reference': None}"
test_88,иртәгә кар булырмы,weather/find,weather/find,True,0.943,False,False,False,"{'datetime': 'иртәгә', 'weather/attribute': 'кар'}","{'location': None, 'datetime': 'иртә', 'condition_description': 'кар'}"
test_89,иртәгә минем иртәнге будильникны бетер,alarm/cancel_alarm,alarm/cancel_alarm,True,0.9498,False,False,False,"{'datetime': 'иртәгә | иртәнге', 'reference': 'минем'}",{'reference': 'минем иртәнге будильник'}
test_90,Дүшәмбе көнне төшке ашка будильникны куй.,alarm/set_alarm,alarm/set_alarm,True,0.9374,False,False,False,{'recurring_datetime': 'Дүшәмбе көнне төшке ашка'},"{'datetime': 'Дүшәмбе көнне төшке', 'reference': None, 'reminder/todo': 'Дүшәмбе көнне төшке ашка'}"
test_91,Бүген никадәр эссе булачак?,weather/find,weather/find,True,0.9555,False,False,False,"{'datetime': 'Бүген', 'weather/attribute': 'эссе'}","{'location': None, 'datetime': 'бүген', 'weather/attribute': 'эссе'}"
test_92,иртәнге будильникларны куерга миңа искә төшер,reminder/set_reminder,alarm/set_alarm,False,0.9472,False,False,False,"{'datetime': 'иртәнге', 'reminder/todo': 'будильникларны куерга'}","{'datetime': 'иртәнге', 'recurring_datetime': None, 'reference': None, 'reminder/todo': 'будильникларны куерга'}"
test_93,бөтен будильникларны бетер,alarm/cancel_alarm,alarm/cancel_alarm,True,0.9312,False,False,False,{'reference': 'бөтен'},{'reference': 'бөтен'}
test_94,Минем будильникларымны күрсәт,alarm/show_alarms,alarm/show_alarms,True,0.9468,False,False,False,{'reference': 'Минем'},{}
test_95,будильникны сүндер,alarm/cancel_alarm,alarm/cancel_alarm,True,0.923,False,False,False,{},{'reference': 'будильник'}
test_96,Бүген температура нинди?,weather/find,weather/find,True,0.9686,False,False,False,"{'datetime': 'Бүген', 'weather/attribute': 'температура'}","{'location': None, 'datetime': 'бүген', 'weather/attribute': 'температура'}"
test_97,будильникны сүндер,alarm/cancel_alarm,alarm/cancel_alarm,True,0.923,False,False,False,{},{'reference': 'будильник'}
test_98,Барлык будильникларны күрсәт,alarm/show_alarms,alarm/show_alarms,True,0.9441,False,False,False,{'reference': 'Барлык'},{}
test_99,Будильникны 30 минут саен куй,alarm/set_alarm,alarm/set_alarm,True,0.9462,False,False,False,{'recurring_datetime': '30 минут саен'},"{'datetime': '30 минут', 'recurring_datetime': None, 'reference': None, 'reminder/todo': None}"
test_100,Бүген нинди температура булачак?,weather/find,weather/find,True,0.9718,False,False,False,"{'datetime': 'Бүген', 'weather/attribute': 'температура'}","{'location': None, 'datetime': 'бүген', 'weather/attribute': 'температура'}"
test_101,Бүген кызу булырмы?,weather/find,weather/find,True,0.9597,False,False,False,"{'datetime': 'Бүген', 'weather/attribute': 'кызу'}","{'location': None, 'datetime': 'бүген', 'weather/attribute': 'кызу'}"
test_102,Иртәгә яңгыр булырмы?,weather/find,weather/find,True,0.9261,False,False,False,"{'datetime': 'Иртәгә', 'weather/attribute': 'яңгыр'}","{'location': None, 'datetime': 'ирте', 'condition_description': 'яңгыр'}"
test_103,Киләсе будильникны бетер,alarm/cancel_alarm,alarm/cancel_alarm,True,0.9356,False,False,False,{'reference': 'Киләсе'},"{'datetime': 'Киләсе', 'reference': None}"
test_104,Бүген кибеткә барырга искә төшер,reminder/set_reminder,BookRestaurant,False,0.9372,False,False,False,"{'datetime': 'Бүген', 'reminder/todo': 'кибеткә барырга'}","{'datetime': 'бүген', 'facility': 'кибеткә', 'location': None, 'party_size_description': None, 'party_size_number': None, 'restaurant_name': None, 'restaurant_type': None, 'served_dish': None, 'sort': None}"
test_105,киләсе атнада минем искә төшерүләрне бетер,reminder/cancel_reminder,reminder/cancel_reminder,True,0.9516,False,False,False,"{'datetime': 'киләсе атнада', 'reference': 'минем'}","{'datetime': 'киләсе атнада', 'reminder/todo': 'минем искә төшерүләр'}"
test_106,миңа сишәмбе көнне көндезге сәгать 3-тә этне грумерга алып барырга исемә төшер,reminder/set_reminder,BookRestaurant,False,0.8644,False,False,False,"{'datetime': 'сишәмбе көнне көндезге сәгать 3-тә', 'reminder/todo': 'этне грумерга алып барырга'}","{'datetime': 'сишәмбе көнне', 'facility': 'этно', 'party_size_description': '1', 'party_size_number': '1'}"
test_107,28-енче көнне Дженга годовщинага чәчәкләр сатып алырга исемә төшер.,reminder/set_reminder,reminder/set_reminder,True,0.9629,False,False,False,"{'datetime': '28-енче көнне', 'reminder/todo': 'Дженга годовщинага чәчәкләр сатып алырга'}","{'datetime': '28-енче көн', 'reminder/todo': 'Дженга годовщинага чәчәкләр сатып алырга'}"
test_108,Бүген һава торышы нинди?,weather/find,weather/find,True,0.9512,False,False,False,{'datetime': 'Бүген'},"{'location': None, 'datetime': 'бүген', 'weather/attribute': None, 'weather/temperatureUnit': None}"
test_109,Иртәгә табибка язылырга миңа искә төшер.,reminder/set_reminder,reminder/set_reminder,True,0.9118,False,False,False,"{'datetime': 'Иртәгә', 'reminder/todo': 'табибка язылырга'}","{'datetime': 'ирте', 'reminder/todo': 'табибка язылырга'}"
test_110,бөтен будильникларны сүндер,alarm/cancel_alarm,alarm/cancel_alarm,True,0.9403,False,False,False,{'reference': 'бөтен'},{'reference': 'бөтен'}
test_111,Мин үзем белән дождевикны алыйммы?,weather/find,weather/find,True,0.9319,False,False,False,{'weather/attribute': 'дождевикны'},"{'location': None, 'datetime': None, 'weather/attribute': 'дождевик'}"
test_112,Начар һава торышы фаразы нинди?,weather/find,weather/find,True,0.9391,False,False,False,{'weather/attribute': 'Начар'},{'condition_description': 'Начар һава торышы'}
test_113,киләсе атнада табибка язуым турында искә төшер,reminder/set_reminder,reminder/set_reminder,True,0.9662,False,False,False,"{'datetime': 'киләсе атнада', 'reminder/todo': 'табибка язуым турында'}","{'datetime': 'киләсе атнада', 'reminder/todo': 'табибка язу'}"
test_114,иртәнге 8 кибеткә бару турында искә төшер,reminder/set_reminder,reminder/set_reminder,True,0.9268,False,False,False,"{'datetime': 'иртәнге 8', 'reminder/todo': 'кибеткә бару'}","{'datetime': 'иртәнге 8 кибеткә', 'reminder/todo': 'бару турында искә төшер'}"
test_115,Химчисткага барырга искә төшерү яса.,reminder/set_reminder,reminder/set_reminder,True,0.9588,False,False,False,{'reminder/todo': 'Химчисткага барырга'},"{'datetime': None, 'recurring_datetime': None, 'reminder/todo': 'Химчисткага барырга искә төшерү яса'}"
test_116,кайчан салкынрак булачак,weather/find,weather/find,True,0.9361,False,False,False,{'weather/attribute': 'салкынрак'},"{'location': 'ПалоАльто тирәсендә', 'datetime': 'кайчан', 'condition_description': 'салкынрак'}"
test_117,бу атнада яңгыр булырмы,weather/find,weather/find,True,0.9517,False,False,False,"{'datetime': 'бу атнада', 'weather/attribute': 'яңгыр'}","{'location': None, 'datetime': 'бу атнада', 'weather/attribute': 'яңгыр'}"
test_118,барлык будильникларны бетер,alarm/cancel_alarm,alarm/cancel_alarm,True,0.9417,False,False,False,{'reference': 'барлык'},{'reference': 'барлык'}
test_119,будильникларны бетер,alarm/cancel_alarm,alarm/cancel_alarm,True,0.92,False,False,False,{},{'reference': 'будильниклар'}
test_120,минем будильникларымны күрсәт,alarm/show_alarms,alarm/show_alarms,True,0.9467,False,False,False,{'reference': 'минем'},{}
test_121,Минем будильнигым кайсы вакытка куйган?,alarm/show_alarms,alarm/show_alarms,True,0.9524,False,False,False,{},"{'datetime': None, 'reference': None}"
test_122,Шимбә көнне яңгыр булырмы?,weather/find,weather/find,True,0.9626,False,False,False,"{'datetime': 'Шимбә', 'weather/attribute': 'яңгыр'}","{'datetime': 'Шимбә көнне', 'condition_description': 'яңгыр'}"
test_123,бүген никадәр эссе булачак,weather/find,weather/find,True,0.9543,False,False,False,"{'datetime': 'бүген', 'weather/attribute': 'эссе'}","{'location': None, 'datetime': 'бүген', 'weather/attribute': 'эссе'}"
test_124,Барлык будильникларны бетер,alarm/cancel_alarm,alarm/cancel_alarm,True,0.9383,False,False,False,{'reference': 'Барлык'},{'reference': 'барлык'}
test_125,Бу ял көннәрендә Тахода һава торышы?,weather/find,weather/find,True,0.961,False,False,False,"{'datetime': 'Бу ял көннәрендә', 'location': 'Тахода'}","{'location': 'Тахода', 'datetime': 'бу ял көннәрендә'}"
test_126,Миңа бүген пальто кирәкме?,weather/find,weather/find,True,0.9488,False,False,False,"{'datetime': 'бүген', 'weather/attribute': 'пальто'}","{'location': None, 'datetime': 'бүген', 'weather/attribute': 'пальто кирәкме'}"
test_127,Яңгыр кайчан туктар?,weather/find,weather/find,True,0.9315,False,False,False,{'weather/attribute': 'Яңгыр'},"{'condition_description': 'яңгыр', 'datetime': 'кайчан'}"
test_128,Дүшәмбе көнне 16:00 сәгатьтә минем мәктәпкә шалтыратырга хәтерләтү куй,reminder/set_reminder,reminder/set_reminder,True,0.8287,False,False,False,"{'datetime': 'Дүшәмбе көнне 16:00 сәгатьтә', 'reminder/todo': 'минем мәктәпкә шалтыратырга'}","{'datetime': 'Дүшәмбе көнне 16:00 сәгатьтә', 'reminder/todo': 'шәхсәндәшлек', 'recurring_datetime': 'кабатлау расписаниесе'}"
test_129,Минем будильнигымны сүндер.,alarm/cancel_alarm,alarm/cancel_alarm,True,0.9335,False,False,False,{'reference': 'Минем'},{'reference': 'минем будильнигым'}
test_130,Бүген кич никадәр салкын булыр?,weather/find,weather/find,True,0.9418,False,False,False,"{'datetime': 'Бүген кич', 'weather/attribute': 'салкын'}","{'location': None, 'datetime': 'бүген кич', 'weather/attribute': 'салкын'}"
test_131,Будильникны иртәнге җидегә куй.,alarm/set_alarm,alarm/set_alarm,True,0.9458,False,False,False,{'datetime': 'иртәнге җидегә'},"{'datetime': 'иртәнге җиде', 'reference': None}"
test_132,Минем Робны алу турында хәтерләтүемне бетер,reminder/cancel_reminder,reminder/cancel_reminder,True,0.8954,False,False,False,"{'reference': 'Минем', 'reminder/todo': 'Робны алу'}","{'datetime': None, 'reference': 'Минем Робны алу', 'reminder/todo': 'хәтерләтү'}"
test_133,Иртәгә сөт сатып алу турында хәтерләтү яса.,reminder/set_reminder,reminder/set_reminder,True,0.915,False,False,False,"{'datetime': 'Иртәгә', 'reminder/todo': 'сөт сатып алу'}","{'datetime': 'иртеге', 'reminder/todo': 'сөт сатып алу'}"
test_134,Будильникны иртәнге 6 куй,alarm/set_alarm,alarm/set_alarm,True,0.9228,False,False,False,{'datetime': 'иртәнге 6'},"{'datetime': 'иртәнге 6', 'reference': None}"
test_135,"көндәлек будильникны, аны бетергәнче, кичке җиде сәгать утыз минутка планлаштыр",alarm/set_alarm,alarm/set_alarm,True,0.9251,False,False,False,{'recurring_datetime': 'көндәлек | кичке җиде сәгать утыз минутка'},"{'datetime': 'көндәлек', 'recurring_datetime': 'кичке җиде сәгать утыз минут', 'reference': None, 'reminder/todo': None}"
test_136,миңа торыр өчен будильникны куерга исемә төшер,reminder/set_reminder,alarm/set_alarm,False,0.932,False,False,False,{'reminder/todo': 'торыр өчен будильникны куерга'},"{'datetime': None, 'recurring_datetime': None, 'reference': None, 'reminder/todo': 'торыр өчен будильник'}"
test_137,Минем хәтерләтүне бетер,reminder/cancel_reminder,reminder/cancel_reminder,True,0.9446,False,False,False,{'reference': 'Минем'},"{'datetime': None, 'reference': None, 'reminder/todo': None}"
test_138,Бүген кар булырмы?,weather/find,weather/find,True,0.9593,False,False,False,"{'datetime': 'Бүген', 'weather/attribute': 'кар'}","{'location': None, 'datetime': 'бүген', 'condition_description': 'кар'}"
test_139,Миңа бөтен будильникларны күрсәт,alarm/show_alarms,alarm/show_alarms,True,0.9424,False,False,False,{'reference': 'бөтен'},{}
test_140,бөтен хәтерләтүләрне күрсәт,reminder/show_reminders,reminder/show_reminders,True,0.9543,False,False,False,{'reference': 'бөтен'},{}
test_141,минем будильнигымда күпме вакыт калды,alarm/time_left_on_alarm,alarm/time_left_on_alarm,True,0.9605,False,True,False,{'reference': 'минем'},{'reference': 'минем будильнигым'}
test_142,будильникны 2 сәгатькә куй,alarm/set_alarm,alarm/set_alarm,True,0.919,False,False,False,{'datetime': '2 сәгатькә'},"{'datetime': '2 сәгатькә', 'reference': None}"
test_143,Эштән соң икмәк сатып алырга исемә төшер,reminder/set_reminder,BookRestaurant,False,0.8981,False,False,False,"{'datetime': 'Эштән соң', 'reminder/todo': 'икмәк сатып алырга'}","{'restaurant_name': 'икмәк сатып алырга', 'datetime': 'Эштән соң'}"
test_144,Бүген яңгыр булырмы?,weather/find,weather/find,True,0.9626,False,False,False,"{'datetime': 'Бүген', 'weather/attribute': 'яңгыр'}","{'location': None, 'datetime': 'бүген', 'condition_description': 'яңгыр'}"
test_145,бүгенге һава торышы фаразын укы,weather/find,weather/find,True,0.9445,False,False,False,{'datetime': 'бүгенге'},"{'location': None, 'datetime': 'бүген', 'weather/attribute': None, 'weather/temperatureUnit': None}"
test_146,Минем будильнигым нинди вакытка куелган?,alarm/show_alarms,alarm/show_alarms,True,0.941,False,False,False,{'reference': 'Минем'},"{'datetime': None, 'reference': None}"
test_147,иртәгә 4 миңа сәүдә үзәгенә барырга исемә төшер,reminder/set_reminder,BookRestaurant,False,0.955,False,False,False,"{'datetime': 'иртәгә 4', 'reminder/todo': 'сәүдә үзәгенә барырга'}","{'datetime': 'иртә', 'facility': 'сәүдә үзәге', 'location': None, 'party_size_description': None, 'party_size_number': None, 'restaurant_name': None, 'restaurant_type': None, 'served_dish': None, 'sort': None}"
test_148,бүген кул чатырны үзем белән алыйммы,weather/find,BookRestaurant,False,0.92,False,False,False,"{'datetime': 'бүген', 'weather/attribute': 'кул чатырны'}","{'datetime': 'бүген', 'facility': 'кул чатыр', 'party_size_description': 'үзем белән'}"
test_149,Минем хәтерләтүне күрсәт,reminder/show_reminders,reminder/show_reminders,True,0.922,False,False,False,{'reference': 'Минем'},{}
test_150,Минем бөтен хәтерләтүләрне күрсәт,reminder/show_reminders,reminder/show_reminders,True,0.9547,False,False,False,{'reference': 'Минем бөтен'},{}
test_151,Дүшәмбе көнне эт ризыгы турында хәтерләтү куй,reminder/set_reminder,reminder/set_reminder,True,0.9401,False,False,False,"{'datetime': 'Дүшәмбе', 'reminder/todo': 'эт ризыгы'}","{'datetime': 'Дүшәмбе көнне', 'reminder/todo': 'эт ризыгы'}"
test_152,"Иртәгегә ""Сишәмбе кичендә Балада Саб йога дәресенә язылырга "" хәтерләтүне куй",reminder/set_reminder,reminder/set_reminder,True,0.9541,False,False,False,"{'datetime': 'Иртәгегә', 'reminder/todo': 'Сишәмбе кичендә Балада Саб йога дәресенә язылырга'}","{'datetime': 'Сишәмбе кичендә', 'recurring_datetime': None, 'reminder/todo': 'Балада Саб йога дәресенә язылырга'}"
test_153,бүгенгегә бөтен искә төшерүләрне бетер,reminder/cancel_reminder,reminder/cancel_reminder,True,0.946,False,False,False,"{'datetime': 'бүгенгегә', 'reference': 'бөтен'}","{'datetime': 'бүгенгегә', 'reminder/todo': 'бөтен искә төшерүләр'}"
test_154,Бу атнада Нью-Йоркта нинди һава торышы булачак,weather/find,weather/find,True,0.9425,False,False,False,"{'datetime': 'Бу атнада', 'location': 'Нью - Йоркта'}","{'location': 'Нью-Йорк', 'datetime': 'бу атнада'}"
test_155,пәнҗешәмбе көнне көндез 12-дә табибка баруымны исемә төшер,reminder/set_reminder,alarm/set_alarm,False,0.9059,False,False,False,"{'datetime': 'пәнҗешәмбе көнне көндез 12-дә', 'reminder/todo': 'табибка баруымны'}","{'datetime': 'пәнҗешәмбе көнне', 'recurring_datetime': '12', 'reference': None, 'reminder/todo': 'табибка бару'}"
test_156,Будильникны кичке 6:50 куй,alarm/set_alarm,alarm/set_alarm,True,0.9522,False,False,False,{'datetime': 'кичке 6:50'},"{'datetime': '6:50', 'recurring_datetime': None, 'reference': None, 'reminder/todo': None}"
test_157,Бүген кар булырмы?,weather/find,weather/find,True,0.9593,False,False,False,"{'datetime': 'Бүген', 'weather/attribute': 'кар'}","{'location': None, 'datetime': 'бүген', 'condition_description': 'кар'}"
test_158,Нинди будильниклар куелган?,alarm/show_alarms,alarm/show_alarms,True,0.9368,False,False,False,{},{}
test_159,7 октябрьгә искә төшерү будильникны куй,reminder/set_reminder,alarm/set_alarm,False,0.9389,False,False,False,{'datetime': '7 октябрьгә'},"{'datetime': '7 октябрь', 'recurring_datetime': None, 'reference': None, 'reminder/todo': 'искә төшерү'}"
test_160,бүген кар булырмы?,weather/find,weather/find,True,0.9636,False,False,False,"{'datetime': 'бүген', 'weather/attribute': 'кар'}","{'location': None, 'datetime': 'бүген', 'condition_description': 'кар'}"
test_161,будильникны 15 минутка күчер,alarm/snooze_alarm,alarm/snooze_alarm,True,0.9285,False,True,False,{'datetime': '15 минутка'},{'reference': 'будильник'}
test_162,Күпме кар булуын фаразлыйлар?,weather/find,weather/find,True,0.9622,False,False,False,{'weather/attribute': 'кар'},"{'location': 'ПалоАльто тирәсендә', 'datetime': 'бу атнабызда', 'weather/attribute': 'кар булу'}"
test_163,урамда эссе ме,weather/find,weather/find,True,0.943,False,False,False,"{'location': 'урамда', 'weather/attribute': 'эссе'}","{'location': 'урамда', 'weather/attribute': 'эссе'}"
test_164,Бүген нинди температура булачак?,weather/find,weather/find,True,0.9718,False,False,False,"{'datetime': 'Бүген', 'weather/attribute': 'температура'}","{'location': None, 'datetime': 'бүген', 'weather/attribute': 'температура'}"
test_165,иртәгә Далласта һава торышы нинди булыр,weather/find,weather/find,True,0.9388,False,False,False,"{'datetime': 'иртәгә', 'location': 'Далласта'}","{'location': 'Далласта', 'datetime': 'иртәгә', 'condition_description': None, 'condition_temperature': None}"
test_166,бүгенгегә минем бөтен искә төшерүләрне күрсәт,reminder/show_reminders,reminder/show_reminders,True,0.9164,False,False,False,"{'datetime': 'бүгенгегә', 'reference': 'минем бөтен'}","{'datetime': 'бүгенгегә', 'reminder/todo': 'минем бөтен искә төшерүләр'}"
test_167,Атна саен продукт сатып алу турында хәтерләтү куй.,reminder/set_reminder,reminder/set_reminder,True,0.9494,False,False,False,"{'recurring_datetime': 'Атна саен', 'reminder/todo': 'продукт сатып алу'}","{'datetime': 'Атна саен', 'recurring_datetime': None, 'reminder/todo': 'продукт сатып алу'}"
test_168,һава торышы,weather/find,weather/find,True,0.9131,False,False,False,{},"{'location': None, 'datetime': None, 'weather/attribute': None, 'weather/temperatureUnit': None}"
test_169,Яңгыр көне буе явыр микән?,weather/find,weather/find,True,0.9166,False,False,False,"{'weather/attribute': 'Яңгыр', 'datetime': 'көне буе'}","{'location': None, 'datetime': 'бу көне', 'condition_description': 'яңгыр', 'weather/attribute': 'явыр'}"
test_170,Иртәгә яңгыр булырмы?,weather/find,weather/find,True,0.9261,False,False,False,"{'datetime': 'Иртәгә', 'weather/attribute': 'яңгыр'}","{'location': None, 'datetime': 'ирте', 'condition_description': 'яңгыр'}"
test_171,Бүген кич эш хатларына җавап бирергә исемә төшер,reminder/set_reminder,reminder/set_reminder,True,0.9443,False,False,False,"{'datetime': 'Бүген кич', 'reminder/todo': 'эш хатларына җавап бирергә'}","{'datetime': 'бүген кич', 'reminder/todo': 'эш хатларына җавап бирергә'}"
test_172,Будильникларны бетер,alarm/cancel_alarm,alarm/cancel_alarm,True,0.9068,False,False,False,{},{'reference': 'будильниклар'}
test_173,Минем будильникларны бетер,alarm/cancel_alarm,alarm/cancel_alarm,True,0.9246,False,False,False,{'reference': 'Минем'},{'reference': 'минем'}
test_174,Мин бүген шортыны кия аламмы?,weather/find,SearchCreativeWork,False,0.8901,False,False,False,"{'datetime': 'бүген', 'weather/attribute': 'шортыны'}",{'object_type': 'шорты'}
test_175,Иртәгә яңгыр булырмы?,weather/find,weather/find,True,0.9261,False,False,False,"{'datetime': 'Иртәгә', 'weather/attribute': 'яңгыр'}","{'location': None, 'datetime': 'ирте', 'condition_description': 'яңгыр'}"
test_176,Будильникны иртәнге 10 куй,alarm/set_alarm,alarm/set_alarm,True,0.924,False,False,False,{'datetime': 'иртәнге 10'},"{'datetime': 'иртәнге 10', 'reference': None}"
test_177,бу атнада яңгыр булырмы,weather/find,weather/find,True,0.9517,False,False,False,"{'datetime': 'бу атнада', 'weather/attribute': 'яңгыр'}","{'location': None, 'datetime': 'бу атнада', 'weather/attribute': 'яңгыр'}"
test_178,бөтен хәтерләтүләрне күрсәт,reminder/show_reminders,reminder/show_reminders,True,0.9543,False,False,False,{'reference': 'бөтен'},{}
test_179,будильникларны бетер,alarm/cancel_alarm,alarm/cancel_alarm,True,0.92,False,False,False,{},{'reference': 'будильниклар'}
test_180,бөтен будильникларны сүндер,alarm/cancel_alarm,alarm/cancel_alarm,True,0.9403,False,False,False,{'reference': 'бөтен'},{'reference': 'бөтен'}
test_181,бөтен будильник настройкаларын күрсәт,alarm/show_alarms,alarm/show_alarms,True,0.9559,False,False,False,{'reference': 'бөтен'},{}
test_182,Будильникны егерме минут саен куй,alarm/set_alarm,alarm/set_alarm,True,0.9389,False,False,False,{'recurring_datetime': 'егерме минут саен'},"{'datetime': 'егерме минут', 'recurring_datetime': None, 'reference': None, 'reminder/todo': None}"
test_183,Минем нинди искә төшерүләрем бар?,reminder/show_reminders,reminder/show_reminders,True,0.9584,False,False,False,{'reference': 'Минем'},{}
test_184,иртәгегә будильникны бетер,alarm/cancel_alarm,alarm/cancel_alarm,True,0.9133,False,False,False,{'datetime': 'иртәгегә'},"{'datetime': 'иртәге', 'reference': None}"
test_185,бүген миңа зонтик кирәкме?,weather/find,weather/find,True,0.9337,False,False,False,"{'datetime': 'бүген', 'weather/attribute': 'зонтик'}","{'location': None, 'datetime': 'бүген', 'condition_description': 'зонтик кирәкме'}"
test_186,бүген кар булырмы?,weather/find,weather/find,True,0.9636,False,False,False,"{'datetime': 'бүген', 'weather/attribute': 'кар'}","{'location': None, 'datetime': 'бүген', 'condition_description': 'кар'}"
test_187,Бүген кич минем әнигә шалтыратырга искә төшер,reminder/set_reminder,reminder/set_reminder,True,0.9208,False,False,False,"{'datetime': 'Бүген кич', 'reminder/todo': 'минем әнигә шалтыратырга'}","{'datetime': 'бүген кич', 'reminder/todo': 'шалтыратырга искә төшер'}"
test_188,Бүген яңгыр булырмы?,weather/find,weather/find,True,0.9626,False,False,False,"{'datetime': 'Бүген', 'weather/attribute': 'яңгыр'}","{'location': None, 'datetime': 'бүген', 'condition_description': 'яңгыр'}"
test_189,Шимбә көнне яңгыр булырмы?,weather/find,weather/find,True,0.9626,False,False,False,"{'datetime': 'Шимбә', 'weather/attribute': 'яңгыр'}","{'datetime': 'Шимбә көнне', 'condition_description': 'яңгыр'}"
test_190,Будильникны һәр минут саен 20 минутка куясынмы?,alarm/set_alarm,alarm/set_alarm,True,0.9267,False,False,False,{'recurring_datetime': 'һәр минут саен 20 минутка'},"{'datetime': 'һәр минут саен', 'recurring_datetime': '20 минутка'}"
test_191,Кариб бассейнында тропик давыллар,weather/find,SearchCreativeWork,False,0.9339,False,False,False,"{'location': 'Кариб', 'weather/attribute': 'тропик давыллар'}","{'object_name': 'тропик давыллар', 'object_type': 'фильм'}"
test_192,барлык будильникларны бетер,alarm/cancel_alarm,alarm/cancel_alarm,True,0.9417,False,False,False,{'reference': 'барлык'},{'reference': 'барлык'}
test_193,Будильникны тугыз минут саен куй,alarm/set_alarm,alarm/set_alarm,True,0.9263,False,False,False,{'recurring_datetime': 'тугыз минут саен'},"{'datetime': 'тугыз минут', 'reference': None, 'reminder/todo': None}"
test_194,Минем исемлектән соңгы ике хәтерләтүне бетер,reminder/cancel_reminder,reminder/cancel_reminder,True,0.9148,False,False,False,{'reference': 'соңгы ике'},"{'datetime': None, 'reference': 'соңгы ике'}"
test_195,бүген һава торышы нинди,weather/find,weather/find,True,0.9491,False,False,False,{'datetime': 'бүген'},"{'location': None, 'datetime': 'бүген', 'weather/attribute': None, 'weather/temperatureUnit': None}"
test_196,минем будильнигымны кабыз,alarm/set_alarm,alarm/cancel_alarm,False,0.938,False,False,False,{'reference': 'минем'},{'reference': 'минем'}
test_197,Бүген һаваның дымлылыгы нинди?,weather/find,weather/find,True,0.9562,False,False,False,"{'datetime': 'Бүген', 'weather/attribute': 'һаваның дымлылыгы'}","{'location': None, 'datetime': 'бүген', 'weather/attribute': 'дымлылык'}"
test_198,миңа торыр өчен будильникны куерга исемә төшер,reminder/set_reminder,alarm/set_alarm,False,0.932,False,False,False,{'reminder/todo': 'миңа торыр өчен будильникны куерга'},"{'datetime': None, 'recurring_datetime': None, 'reference': None, 'reminder/todo': 'торыр өчен будильник'}"
test_199,Бу ял көннәрендә кар явырмы?,weather/find,weather/find,True,0.9484,False,False,False,"{'datetime': 'Бу ял көннәрендә', 'weather/attribute': 'кар'}","{'location': None, 'datetime': 'Бу ял көннәрендә', 'condition_description': 'кар явырмы'}"
test_200,Бүген никадәр эссе булачак?,weather/find,weather/find,True,0.9555,False,False,False,"{'datetime': 'Бүген', 'weather/attribute': 'эссе'}","{'location': None, 'datetime': 'бүген', 'weather/attribute': 'эссе'}"
test_201,Минем будильнигым нинди вакытка куелган,alarm/show_alarms,alarm/show_alarms,True,0.9048,False,False,False,{'reference': 'Минем'},{'reference': 'минем будильнигым'}
test_202,Бүген һава торышы нинди?,weather/find,weather/find,True,0.9512,False,False,False,{'datetime': 'Бүген'},"{'location': None, 'datetime': 'бүген', 'weather/attribute': None, 'weather/temperatureUnit': None}"
test_203,Иртәгә яңгыр явармы?,weather/find,weather/find,True,0.9155,False,False,False,"{'datetime': 'Иртәгә', 'weather/attribute': 'яңгыр'}","{'location': None, 'datetime': 'ирте', 'condition_description': 'яңгыр'}"
test_204,Сишәмбе көнне иртәнге 5:15 минем будильнигымны бетер,alarm/cancel_alarm,alarm/cancel_alarm,True,0.9441,False,False,False,"{'datetime': 'Сишәмбе көнне иртәнге 5:15', 'reference': 'минем'}","{'datetime': 'Сишәмбе көнне иртәнге 5:15', 'reference': 'минем будильник'}"
test_205,бүгенге уен турында искәртүне бетер,reminder/cancel_reminder,reminder/cancel_reminder,True,0.9476,False,False,False,"{'datetime': 'бүгенге', 'reminder/todo': 'уен'}","{'datetime': 'бүген', 'reminder/todo': 'уен турында'}"
test_206,будильникны иртәнге көндезге 3-ке куй,alarm/set_alarm,alarm/set_alarm,True,0.9183,False,False,False,{'datetime': 'көндезге 3-ке'},"{'datetime': 'иртәнге көндезге 3-ке', 'recurring_datetime': 'кабатлау расписаниесе', 'reference': None, 'reminder/todo': None}"
test_207,шимбә көнне бөтен будильникларны бетер,alarm/cancel_alarm,alarm/cancel_alarm,True,0.9564,False,False,False,"{'datetime': 'шимбә көнне', 'reference': 'бөтен'}","{'datetime': 'шимбә көнне', 'reference': 'бөтен будильниклар'}"
test_208,Миңа Лизаны алу турында искәртү кирәк,reminder/set_reminder,reminder/set_reminder,True,0.9635,False,False,False,{'reminder/todo': 'Лизаны алу'},"{'datetime': None, 'recurring_datetime': None, 'reminder/todo': 'Лизаны алу'}"
test_209,Бүген нинди югары температура?,weather/find,weather/find,True,0.9632,False,False,False,"{'datetime': 'Бүген', 'weather/attribute': 'югары'}","{'location': None, 'datetime': 'бүген', 'weather/attribute': 'югары температура'}"
test_210,Бүген Гринстоунда болытлы булырмы?,weather/find,weather/find,True,0.9728,False,False,False,"{'datetime': 'Бүген', 'location': 'Гринстоунда', 'weather/attribute': 'болытлы'}","{'location': 'Гринстоун', 'datetime': 'бүген', 'condition_description': 'болытлы'}"
test_211,Соңрак искә төшер,reminder/set_reminder,reminder/set_reminder,True,0.9297,False,False,False,{'datetime': 'Соңрак'},"{'datetime': 'соңрак', 'reminder/todo': 'искә төшер'}"
test_212,бүген франциядә нинди һава торышы,weather/find,weather/find,True,0.9408,False,False,False,"{'datetime': 'бүген', 'location': 'франциядә'}","{'location': 'Франция', 'datetime': 'бүген', 'condition_description': None, 'condition_temperature': None}"
test_213,Шимбә кичәсендә кояшлы булырмы?,weather/find,weather/find,True,0.9547,False,False,False,"{'datetime': 'Шимбә', 'weather/attribute': 'кояшлы'}","{'datetime': 'Шимбә кичәсендә', 'weather/attribute': 'кояшлы'}"
test_214,Иртәгә яңгыр явармы?,weather/find,weather/find,True,0.9155,False,False,False,"{'datetime': 'Иртәгә', 'weather/attribute': 'яңгыр'}","{'location': None, 'datetime': 'ирте', 'condition_description': 'яңгыр'}"
test_215,Мин бүген шортыны кия аламмы?,weather/find,SearchCreativeWork,False,0.8901,False,False,False,"{'datetime': 'бүген', 'weather/attribute': 'шортыны'}",{'object_type': 'шорты'}
test_216,Минем искәртүемне күрсәт,reminder/show_reminders,reminder/show_reminders,True,0.9399,False,False,False,{'reference': 'Минем'},{}
test_217,Сентябрьдә уртача һава торышы нинди,weather/find,weather/find,True,0.9638,False,False,False,{'datetime': 'Сентябрьдә'},"{'location': None, 'datetime': 'Сентябрь', 'weather/attribute': 'уртача һава торышы'}"
test_218,Бүген салкынмы?,weather/find,weather/find,True,0.9462,False,False,False,"{'datetime': 'Бүген', 'weather/attribute': 'салкынмы'}","{'datetime': 'бүген', 'condition_description': 'салкын'}"
test_219,Бөтен искәртүләремне бетер,reminder/cancel_reminder,reminder/cancel_reminder,True,0.9264,False,False,False,{'reference': 'Бөтен'},{}
test_220,монда эссеме?,weather/find,weather/find,True,0.9351,False,False,False,{'weather/attribute': 'эссеме'},"{'location': 'монда', 'weather/attribute': 'эссеме'}"
test_221,Ял көннәрендә көндезге 2 будильнигымны куй,alarm/set_alarm,alarm/set_alarm,True,0.9215,False,False,False,{'recurring_datetime': 'Ял көннәрендә көндезге 2'},"{'datetime': 'Ял көннәрендә', 'recurring_datetime': 'күндез', 'reference': '2', 'reminder/todo': 'будильник'}"
test_222,Будильникны иртәнге 2 куй,alarm/set_alarm,alarm/set_alarm,True,0.9307,False,False,False,{'datetime': 'иртәнге 2'},"{'datetime': 'иртәнге 2', 'reference': None}"
test_223,Бүген һаваның дымлылыгы нинди?,weather/find,weather/find,True,0.9562,False,False,False,"{'datetime': 'Бүген', 'weather/attribute': 'һаваның дымлылыгы'}","{'location': None, 'datetime': 'бүген', 'weather/attribute': 'дымлылык'}"
test_224,минем бөтен будильникларымны күрсәт,alarm/show_alarms,alarm/show_alarms,True,0.9418,False,False,False,{'reference': 'минем бөтен'},{}
test_225,Минем бөтен искәртүләремне күрсәт,reminder/show_reminders,reminder/show_reminders,True,0.9537,False,False,False,{'reference': 'Минем бөтен'},{}
test_226,бөтен будильникларымны бетер,alarm/cancel_alarm,alarm/cancel_alarm,True,0.9382,False,False,False,{'reference': 'бөтен'},{'reference': 'бөтен'}
test_227,Давыл минем районыма якынлашамы?,weather/find,SearchCreativeWork,False,0.9307,False,False,False,"{'weather/attribute': 'Давыл', 'location': 'минем районыма'}","{'object_name': 'Давыл', 'object_type': 'фильм'}"
test_228,бүген һава торышы нинди,weather/find,weather/find,True,0.9491,False,False,False,{'datetime': 'бүген'},"{'location': None, 'datetime': 'бүген', 'weather/attribute': None, 'weather/temperatureUnit': None}"
test_229,соңгы искәртүемне бетер,reminder/cancel_reminder,reminder/cancel_reminder,True,0.9356,False,False,False,{'reference': 'соңгы'},"{'datetime': None, 'reference': None, 'reminder/todo': None}"
test_230,Будильникка күпме вакыт калды.,alarm/time_left_on_alarm,alarm/time_left_on_alarm,True,0.9468,False,True,False,{},{'reference': 'будильникка'}
test_231,Якшәмбе көнне минем бөтен будильникларымны бетер.,alarm/cancel_alarm,alarm/cancel_alarm,True,0.9495,False,False,False,"{'datetime': 'Якшәмбе көнне', 'reference': 'минем бөтен'}","{'datetime': 'Якшәмбе көнне', 'reference': 'минем бөтен будильникларым'}"
test_232,Бүген нихәтле эссе булачак?,weather/find,weather/find,True,0.9479,False,False,False,"{'datetime': 'Бүген', 'weather/attribute': 'эссе'}","{'location': None, 'datetime': 'бүген', 'weather/attribute': 'нихәтле эссе'}"
test_233,Мин сине иртәгә иртәнге 8:45 яңа будильникны куерга теләр идем,alarm/set_alarm,alarm/set_alarm,True,0.9424,False,False,False,{'datetime': 'иртәгә иртәнге 8:45'},"{'datetime': 'ирәгә иртәнге 8:45', 'recurring_datetime': None, 'reference': None, 'reminder/todo': None}"
test_234,бөтен будильникларны бетер,alarm/cancel_alarm,alarm/cancel_alarm,True,0.9312,False,False,False,{'reference': 'бөтен'},{'reference': 'бөтен'}
test_235,Бүген кар явармы?,weather/find,weather/find,True,0.9461,False,False,False,"{'datetime': 'Бүген', 'weather/attribute': 'кар'}","{'location': None, 'datetime': 'бүген', 'condition_description': 'кар'}"
test_236,миңа бозны алырга искә төшер,reminder/set_reminder,reminder/set_reminder,True,0.9664,False,False,False,{'reminder/todo': 'бозны алырга'},"{'datetime': None, 'recurring_datetime': None, 'reminder/todo': 'бозны алырга'}"
test_237,бөтен искәртүләремне күрсәт,reminder/show_reminders,reminder/show_reminders,True,0.9571,False,False,False,{'reference': 'бөтен'},{}
test_238,бөтен будильникларымны күрсәт,alarm/show_alarms,alarm/show_alarms,True,0.945,False,False,False,{'reference': 'бөтен'},{}
test_239,Сан-Францискода һава торышы нинди?,weather/find,weather/find,True,0.912,False,False,False,{'location': 'Сан - Францискода'},"{'location': 'Сан-Франциско', 'datetime': 'хәзер'}"
test_240,Бөтен искәртүләремне бетер,reminder/cancel_reminder,reminder/cancel_reminder,True,0.9264,False,False,False,{'reference': 'Бөтен'},{}
test_241,Концерт турында искәртүне бетер,reminder/cancel_reminder,reminder/cancel_reminder,True,0.941,False,False,False,{'reminder/todo': 'Концерт'},"{'datetime': None, 'reminder/todo': 'Концерт турында искәртү'}"
test_242,Иртәгә иртәнге будильникны бетер,alarm/cancel_alarm,alarm/cancel_alarm,True,0.9178,False,False,False,{'datetime': 'Иртәгә иртәнге'},{'reference': 'иртәгә иртәнге'}
test_243,бу атнада яңгыр явармы,weather/find,weather/find,True,0.9537,False,False,False,"{'datetime': 'бу атнада', 'weather/attribute': 'яңгыр'}","{'location': None, 'datetime': 'бу атнада', 'condition_description': 'яңгыр'}"
test_244,Гольф уйнау өчен чәршәмбе көнне һава торышы нинди?,weather/find,weather/find,True,0.94,False,False,False,{'datetime': 'чәршәмбе көнне'},"{'location': None, 'datetime': 'чәршәмбе көнне', 'weather/attribute': 'гольф уйнау'}"
test_245,бөтен будильникларымны күрсәт,alarm/show_alarms,alarm/show_alarms,True,0.945,False,False,False,{'reference': 'бөтен'},{}
test_246,бөтен иртәгә будильникларны сүндер,alarm/cancel_alarm,alarm/cancel_alarm,True,0.9273,False,False,False,"{'reference': 'бөтен', 'datetime': 'иртәгә'}","{'datetime': 'бөтен иртәгә', 'reference': 'бөтен'}"
test_247,Будильнигымны бүген кичке 5 куй,alarm/set_alarm,alarm/set_alarm,True,0.9537,False,False,False,{'datetime': 'бүген кичке 5'},"{'datetime': 'бүген кичке 5', 'reference': None, 'reminder/todo': None}"
test_248,будильнигымны иртәге 7-гә куй,alarm/set_alarm,alarm/set_alarm,True,0.9223,False,False,False,{'datetime': 'иртәге 7-гә'},"{'datetime': '7', 'reference': None, 'reminder/todo': None}"
test_249,Иртәгә кояшлы булырмы?,weather/find,weather/find,True,0.9324,False,False,False,"{'datetime': 'Иртәгә', 'weather/attribute': 'кояшлы'}","{'location': None, 'datetime': 'ирте', 'weather/attribute': 'кояшлы'}"
test_250,бүген нинди эссе булыр,weather/find,weather/find,True,0.952,False,False,False,"{'datetime': 'бүген', 'weather/attribute': 'эссе'}","{'location': None, 'datetime': 'бүген', 'weather/attribute': 'эссе'}"
test_251,Бир ноль йолдызлар Halo: Ghosts of Onyx,RateBook,RateBook,True,0.9577,False,False,False,"{'rating_value': 'ноль', 'rating_unit': 'йолдызлар', 'object_name': 'Halo: Ghosts of Onyx'}","{'object_name': 'Halo: Ghosts of Onyx', 'rating_value': 'ноль', 'rating_unit': 'йолдызлар', 'object_type': 'игра'}"
test_252,Джой Нило музыкасын кабыз .,PlayMusic,PlayMusic,True,0.9523,False,False,False,{'artist': 'Джой Нило'},"{'music_item': 'музыка', 'artist': 'Джой Нило'}"
test_253,"Зинһар, миңа 20 Hours in America дип аталган видеоуен таб .",SearchCreativeWork,SearchCreativeWork,True,0.9678,False,False,False,"{'object_name': '20 Hours in America', 'object_type': 'видеоуен'}","{'object_name': '20 Hours in America', 'object_type': 'видеоуен'}"
test_254,Мин ясаган плейлистымны уйнат,PlayMusic,PlayMusic,True,0.9144,False,False,False,{'playlist': 'ясаган'},{'playlist': 'Мин ясаган плейлистым'}
test_255,Термонтта 9 кешегә урын броньла,BookRestaurant,BookRestaurant,True,0.9465,False,False,False,"{'location': 'Термонтта', 'party_size_number': '9 кешегә'}","{'restaurant_name': 'Термонт', 'party_size_number': '9', 'party_size_description': '9 кеше'}"
test_256,Бу көйне Доротиның 80's party плейлистына өстә,AddToPlaylist,AddToPlaylist,True,0.9367,False,False,False,"{'music_item': 'көйне', 'reference': 'Доротиның', 'playlist': ""80's party""}","{'playlist': ""Доротиның 80's party плейлисты"", 'music_item': 'Бу көй', 'reference': 'хәзергене'}"
test_257,Last FM-да Эдди Винсонның иң яңа көйен кабыз .,PlayMusic,PlayMusic,True,0.9504,False,False,False,"{'service': 'Last FM-да', 'artist': 'Эдди Винсонның', 'sort': 'иң яңа', 'music_item': 'көйен'}","{'music_item': 'көй', 'artist': 'Эдди Винсон', 'service': 'Last FM'}"
test_258,Небрасканың һава торышын тикшер .,weather/find,weather/find,True,0.9542,False,False,False,{'location': 'Небрасканың'},{'location': 'Небраска'}
test_259,NC-да хәзер буран бармы ?,weather/find,weather/find,True,0.9374,False,False,True,"{'location': 'NC-да', 'datetime': 'хәзер', 'condition_description': 'буран'}","{'location': 'NC', 'datetime': 'хәзер'}"
test_260,Мин 1998 елгы минионны тыңларга телим .,PlayMusic,PlayMusic,True,0.9268,False,False,False,"{'datetime': '1998', 'music_item': 'минионны'}","{'music_item': 'минион', 'datetime': None, 'artist': None, 'album': None, 'track': '1998', 'playlist': None, 'service': None, 'sort': None, 'genre': None}"
test_261,Миңа Дипсон театрларында A Yiddish World Remembered өчен вакыт кирәк,SearchScreeningEvent,SearchScreeningEvent,True,0.9289,False,False,False,"{'location': 'Дипсон театрларында', 'movie_name': 'A Yiddish World Remembered', 'object_type': 'вакыт'}","{'location': 'Дипсон театрлары', 'object_type': 'фильм', 'movie_name': 'A Yiddish World Remembered'}"
test_262,Хәзерге дәреслеккә 6-дан 1 балл бир,RateBook,RateBook,True,0.9386,False,False,False,"{'object_select': 'Хәзерге', 'object_type': 'дәреслеккә', 'best_rating': '6-дан', 'rating_value': '1'}","{'object_name': 'Хәзерге дәреслеккә', 'rating_value': '6', 'rating_unit': 'балл'}"
test_263,Мэтт Мерфиның көйен Flow Español плейлистына өстә.,AddToPlaylist,AddToPlaylist,True,0.914,False,False,False,"{'artist': 'Мэтт Мерфиның', 'music_item': 'көйен', 'playlist': 'Flow Español'}","{'artist': 'Мэтт Мерфи', 'music_item': 'көй', 'playlist': 'Flow Español', 'reference': ' Flow Español'}"
test_264,Мин 3 кешегә 20/05/2025 Техас янындагы судан гастропабын броньларга телим .,BookRestaurant,BookRestaurant,True,0.9509,False,False,True,"{'party_size_number': '3', 'datetime': '20/05/2025', 'location': 'Техас | янындагы', 'cuisine': 'судан', 'restaurant_type': 'гастропабын'}","{'cuisine': 'судан гастропабы', 'datetime': '20/05/2025', 'location': 'Техас янында', 'party_size_description': '3 кеше', 'party_size_number': '3', 'restaurant_type': 'судан гастропабы'}"
test_265,Син The Approach телесериал таба алмасыңмы,SearchCreativeWork,SearchCreativeWork,True,0.9687,False,False,False,"{'object_name': 'The Approach', 'object_type': 'телесериал'}","{'object_name': 'The Approach', 'object_type': 'телесериал'}"
test_266,Бу хроникага 2 балл бир.,RateBook,RateBook,True,0.9524,False,False,True,"{'object_select': 'Бу', 'object_part_of_series_type': 'хроникага', 'rating_value': '2'}","{'object_name': 'Хроника', 'rating_value': '2', 'rating_unit': 'балл'}"
test_267,The American Scene-ка 6-дан 2 йолдыз бир,RateBook,RateBook,True,0.9294,False,False,False,"{'object_name': 'The American Scene-ка', 'best_rating': '6-дан', 'rating_value': '2', 'rating_unit': 'йолдыз'}","{'object_name': 'The American Scene', 'rating_value': '2', 'rating_unit': 'йолдыз', 'object_type': None}"
test_268,Минем Nação Reggae плейлистына emilie autumn өстә.,AddToPlaylist,AddToPlaylist,True,0.9324,False,False,False,"{'reference': 'Минем', 'playlist': 'Nação Reggae', 'artist': 'emilie autumn'}","{'playlist': 'Минем Nação Reggae плейлисты', 'music_item': 'җыр', 'artist': 'emilie autumn', 'reference': 'хәзергене'}"
test_269,Мин Гамбиядәге яһүд ресторанын броньларга телим .,BookRestaurant,BookRestaurant,True,0.9659,False,False,True,"{'location': 'Гамбиядәге', 'cuisine': 'яһүд', 'restaurant_type': 'ресторанын'}","{'location': 'Гамбия', 'restaurant_name': None, 'cuisine': 'яһүд', 'datetime': None, 'facility': None, 'party_size_description': None, 'party_size_number': None, 'restaurant_type': None, 'served_dish': None, 'sort': None}"
test_270,Fried chicken restaurant өстәленә заказ бир,BookRestaurant,BookRestaurant,True,0.9131,False,False,True,{'restaurant_name': 'Fried chicken restaurant'},"{'cuisine': 'Fried chicken', 'restaurant_type': 'restaurant'}"
test_271,минем House Afterwork плейлистымна we have a theme song өстә,AddToPlaylist,AddToPlaylist,True,0.9568,False,False,False,"{'reference': 'минем', 'playlist': 'House Afterwork', 'entity_name': 'we have a theme song'}","{'playlist': 'House Afterwork', 'music_item': 'theme song', 'reference': 'we have a theme song'}"
test_272,2026 елның унтугызынчы октябрендә моннан ерак түгел нинди һава торышы булачак ?,weather/find,weather/find,True,0.9472,False,False,False,"{'datetime': '2026 елның унтугызынчы октябрендә', 'location': 'моннан | ерак түгел'}","{'location': 'моннан ерак түгел', 'datetime': '2026 елның унтугызынчы октябрендә', 'condition_description': None, 'condition_temperature': None}"
test_273,Уолденда һава торышы Россия 26/12/2018,weather/find,weather/find,True,0.9716,False,False,False,"{'location': 'Уолденда | Россия', 'datetime': '26/12/2018'}","{'location': 'Уолден', 'datetime': '26/12/2018'}"
test_274,Мин каенана һәм миңа бер елдан соң Buckner ресторанны броньларга телим .,BookRestaurant,BookRestaurant,True,0.9857,False,False,True,"{'party_size_description': 'каенана һәм миңа', 'datetime': 'бер елдан соң', 'location': 'Buckner', 'restaurant_type': 'ресторанны'}","{'cuisine': None, 'datetime': 'бер елдан соң', 'facility': None, 'location': 'каенана', 'party_size_description': None, 'party_size_number': None, 'restaurant_name': 'Buckner', 'restaurant_type': None, 'served_dish': None, 'sort': None}"
test_275,Бу китапка 1 балл бир,RateBook,RateBook,True,0.9374,False,False,False,"{'object_select': 'Бу', 'object_type': 'китапка', 'rating_value': '1'}","{'object_name': 'бу китапка', 'rating_value': '1', 'rating_unit': 'балл'}"
test_276,бу башкаручыны минем spotlight on country 2016 плейлистына өстә,AddToPlaylist,AddToPlaylist,True,0.914,False,False,False,"{'music_item': 'башкаручыны', 'reference': 'минем', 'playlist': 'spotlight on country 2016'}","{'artist': 'бу башкаручы', 'music_item': 'spotlight on country 2016', 'playlist': 'минем spotlight on country 2016 плейлистына', 'reference': None}"
test_277,Син Epic Conditions рәсемен таба алмасыңмы ?,SearchCreativeWork,SearchCreativeWork,True,0.9405,False,False,False,"{'object_name': 'Epic Conditions', 'object_type': 'рәсемен'}","{'object_name': 'Epic Conditions', 'object_type': 'рәсем'}"
test_278,Iheart-та rich sex уйна,PlayMusic,PlayMusic,True,0.9588,False,False,True,"{'service': 'Iheart-та', 'track': 'rich sex'}","{'music_item': 'rich sex', 'service': 'Iheart'}"
test_279,Bartok the Magnificent иртәнге җидедә башланачакмы ?,SearchScreeningEvent,SearchScreeningEvent,True,0.9272,False,False,False,"{'movie_name': 'Bartok the Magnificent', 'datetime': 'иртәнге җидедә'}","{'movie_name': 'Bartok the Magnificent', 'datetime': 'иртеңге җидедә'}"
test_280,Zvooq-да берәр нәрсә уйна,PlayMusic,PlayMusic,True,0.953,False,False,False,{'service': 'Zvooq-да'},"{'music_item': 'берәр нәрсә', 'service': 'Zvooq'}"
test_281,Миңа Крис Найт музыкасын тыңларга бир,PlayMusic,PlayMusic,True,0.9302,False,False,False,{'artist': 'Крис Найт'},"{'artist': 'Крис Найт', 'music_item': 'музыка'}"
test_282,Джилл Собул альбомын кабыз,PlayMusic,PlayMusic,True,0.957,False,False,True,"{'album': 'Джилл Собул', 'music_item': 'альбомын'}","{'music_item': 'альбом', 'artist': 'Джилл Собул'}"
test_283,The Broken Window дүрт йолдыз бирегез,RateBook,RateBook,True,0.9715,False,False,False,"{'object_name': 'The Broken Window', 'rating_value': 'дүрт', 'rating_unit': 'йолдыз'}","{'object_name': 'The Broken Window', 'rating_value': '4', 'rating_unit': 'йолдыз'}"
test_284,Tatra-милли паркында иртәнге 6да һава торышын миңа әйт,weather/find,weather/find,True,0.9373,False,False,False,"{'location': 'Tatra-милли паркында', 'datetime': 'иртәнге 6да'}","{'location': 'Tatra-милли паркында', 'datetime': 'ирәнге 6'}"
test_285,"Зинһар, миңа бистродагы өстәлне броньла, анда lorna doone хезмәт итәләр .",BookRestaurant,BookRestaurant,True,0.914,False,False,True,"{'restaurant_type': 'бистродагы', 'served_dish': 'lorna doone'}","{'restaurant_name': 'бистрода', 'facility': 'lona doone хезмәт итәләр', 'party_size_description': None, 'party_size_number': None}"
test_286,The Mystery of the Tolling Bell сериалны 4 йолдызга бәялә .,RateBook,RateBook,True,0.9796,False,False,True,"{'object_name': 'The Mystery of the Tolling Bell', 'object_part_of_series_type': 'сериалны', 'rating_value': '4', 'rating_unit': 'йолдызга'}","{'object_name': 'The Mystery of the Tolling Bell', 'object_type': 'сериал', 'rating_value': '4', 'rating_unit': 'йолдыз'}"
test_287,Музыка уйнау өчен Groove Shark куллан,PlayMusic,PlayMusic,True,0.9431,False,False,False,{'service': 'Groove Shark'},"{'service': 'Groove Shark', 'music_item': 'музыка'}"
test_288,Якындагы кинотеатрда Snowbound күрсәтү графигын тикшер .,SearchScreeningEvent,SearchScreeningEvent,True,0.9467,False,False,True,"{'location': 'Якындагы', 'object_location_type': 'кинотеатрда', 'movie_name': 'Snowbound'}","{'location': 'Якындагы кинотеатр', 'movie_name': 'Snowbound'}"
test_289,"Зинһар, Zvooq ач",PlayMusic,SearchCreativeWork,False,0.9365,False,False,False,{'service': 'Zvooq'},"{'object_name': 'Зинһар', 'object_type': 'ач'}"
test_290,1 кешегә урын Меритта Town of Ramsgate броньла,BookRestaurant,BookRestaurant,True,0.9483,False,False,True,"{'party_size_number': '1', 'location': 'Меритта', 'restaurant_name': 'Town of Ramsgate'}","{'restaurant_name': 'Town of Ramsgate', 'party_size_description': '1 кеше', 'party_size_number': '1', 'location': None}"
test_291,I Think I Do кичке 7-дә уйныймы ?,SearchScreeningEvent,SearchScreeningEvent,True,0.9635,False,False,False,"{'movie_name': 'I Think I Do', 'datetime': 'кичке 7-дә'}","{'movie_name': 'I Think I Do', 'datetime': 'кичке 7-дә', 'object_location_type': None, 'object_type': None}"
test_292,Custer National Forest кичке җидедә салкынрак булырмы,weather/find,weather/find,True,0.9591,False,False,True,"{'location': 'Custer National Forest', 'datetime': 'кичке җидедә', 'condition_temperature': 'салкынрак'}","{'location': 'Custer National Forest', 'datetime': 'кичке җиде', 'condition_description': 'салкынрак'}"
test_293,Мин Youtube-та берәр нәрсә тыңларга телим,PlayMusic,PlayMusic,True,0.9593,False,False,False,{'service': 'Youtube-та'},"{'music_item': 'берәр нәрсә', 'service': 'Youtube'}"
test_294,Difficult Loves уенын эзлә,SearchCreativeWork,SearchCreativeWork,True,0.9652,False,False,False,"{'object_name': 'Difficult Loves', 'object_type': 'уенын'}","{'object_name': 'Difficult Loves', 'object_type': 'уен'}"
test_295,Нинди һава торышы 20 февральгә Bothe-Napa Valley дәүләт паркында ?,weather/find,weather/find,True,0.9722,False,False,False,"{'datetime': '20 февральгә', 'location': 'Bothe-Napa Valley дәүләт паркында'}","{'location': 'Bothe-Napa Valley дәүләт паркы', 'datetime': '20 февраль'}"
test_296,миңа кинотеатр янындагы The Great Gildersleeve фильмы сессияләре расписаниесен күрсәт,SearchScreeningEvent,SearchScreeningEvent,True,0.9455,False,False,True,"{'object_location_type': 'кинотеатр', 'movie_name': 'The Great Gildersleeve', 'object_type': 'расписаниесен'}","{'movie_name': 'The Great Gildersleeve', 'location': 'кинотеатр янында'}"
test_297,Миңа Гибслендта һава торышын әйт,weather/find,weather/find,True,0.9468,False,False,False,{'location': 'Гибслендта'},"{'location': 'Гибсленд', 'datetime': None, 'weather/attribute': None, 'weather/temperatureUnit': None}"
test_298,Мин күршедәге кино графигын белә аламмы,SearchScreeningEvent,SearchScreeningEvent,True,0.9201,False,False,False,"{'location': 'күршедәге', 'movie_type': 'кино', 'object_type': 'графигын'}",{'location': 'күршедә'}
test_299,Soul Music-ка 0 балл бир .,RateBook,RateBook,True,0.9526,False,False,False,"{'object_name': 'Soul Music-ка', 'rating_value': '0'}","{'object_name': 'Soul Music', 'rating_value': '0', 'rating_unit': 'балл'}"
test_300,Сарджентстада татар тавернасында биш кешегә өстәл заказ итегез,BookRestaurant,BookRestaurant,True,0.9288,False,False,True,"{'location': 'Сарджентстада', 'cuisine': 'татар', 'restaurant_type': 'тавернасында', 'party_size_number': 'биш'}","{'cuisine': 'татар таверна', 'location': 'Сарджентстада', 'party_size_description': 'биш кеше', 'party_size_number': '5', 'restaurant_name': None, 'restaurant_type': None}"
test_301,All Things Must Pass кабыз,PlayMusic,SearchCreativeWork,False,0.9661,False,False,True,{'track': 'All Things Must Pass'},"{'object_name': 'All Things Must Pass', 'object_type': 'кабыз'}"
test_302,Кореяда бер сәгатьтән соң нинди яңгыр фаразы булачак,weather/find,weather/find,True,0.9699,False,False,True,"{'location': 'Кореяда', 'datetime': 'бер сәгатьтән соң', 'condition_description': 'яңгыр'}","{'location': 'Корея', 'datetime': 'бер сәгатьтән соң', 'condition_description': 'яңгыр'}"
test_303,Оклахомада South Street Diner-да 4 кешелек урын броньла,BookRestaurant,BookRestaurant,True,0.9391,False,False,True,"{'location': 'Оклахомада', 'restaurant_name': 'South Street Diner-да', 'party_size_number': '4'}","{'location': 'Оклахомада', 'restaurant_name': 'South Street Diner', 'party_size_number': '4', 'party_size_description': '4 кешелек'}"
test_304,Netflix-тан музыканы уйнат .,PlayMusic,PlayMusic,True,0.9455,False,False,False,{'service': 'Netflix-тан'},{'service': 'Netflix'}
test_305,Мин Shattered Image-не күрергә телим .,SearchScreeningEvent,SearchCreativeWork,False,0.9701,False,False,False,{'movie_name': 'Shattered Image-не'},"{'object_name': 'Shattered Image', 'object_type': None}"
test_306,The Sound of One Hand Clapping-ны таб,SearchCreativeWork,SearchCreativeWork,True,0.9675,False,False,False,{'object_name': 'The Sound of One Hand Clapping-ны'},"{'object_name': 'The Sound of One Hand Clapping', 'object_type': None}"
test_307,Wolves Within альбомын эзлә,SearchCreativeWork,SearchCreativeWork,True,0.9612,False,False,False,"{'object_name': 'Wolves Within', 'object_type': 'альбомын'}","{'object_name': 'Wolves Within', 'object_type': 'альбом'}"
test_308,берәр кинотеатрда We Are Northern Lights күрсәтеләрмә,SearchScreeningEvent,SearchScreeningEvent,True,0.9346,False,False,True,"{'object_location_type': 'кинотеатрда', 'movie_name': 'We Are Northern Lights'}","{'movie_name': 'We Are Northern Lights', 'location': 'берәр'}"
test_309,"Безнең кечкенә дөнья почмагы, Гилмор кыз музыкасы минем Иң көлкесе әйберләр футболда плейлистыма өстә.",AddToPlaylist,AddToPlaylist,True,0.9527,False,False,False,"{'entity_name': 'Безнең кечкенә дөнья почмагы , Гилмор кыз музыкасы', 'reference': 'минем', 'playlist': 'Иң көлкесе әйберләр футболда'}","{'playlist': 'Иң көлкесе әйберләр футболда', 'music_item': 'музыка', 'artist': 'Безнең кечкенә дөнья почмагы, Гилмор кыз'}"
test_310,Саутфорд Фолс дәүләт паркында эссе һава торышы фаразы нинди,weather/find,weather/find,True,0.9552,False,False,True,"{'location': 'Саутфорд Фолс дәүләт паркында', 'condition_temperature': 'эссе'}","{'location': 'Саутфорд Фолс дәүләт паркы', 'condition_description': 'эссе һава торышы'}"
test_311,"Зинһар, миӊа Гана парковкасы белән пиццерия өстәленә заказ бир .",BookRestaurant,BookRestaurant,True,0.9499,False,False,True,"{'location': 'Гана', 'facility': 'парковкасы', 'restaurant_type': 'пиццерия'}","{'cuisine': 'пиццерия', 'facility': 'парковка', 'location': 'Гана'}"
test_312,Мин җитмешенче еллар саундтрегын тыңларга телим .,PlayMusic,PlayMusic,True,0.9323,False,False,False,"{'datetime': 'җитмешенче', 'music_item': 'саундтрегын'}","{'music_item': 'саундтрег', 'object_name': 'җитмешенче еллар'}"
test_313,Ике сәгатьтән соң Үзбәкстанда һава торышы,weather/find,weather/find,True,0.9599,False,False,False,"{'datetime': 'Ике сәгатьтән соң', 'location': 'Үзбәкстанда'}","{'location': 'Үзбәкстан', 'datetime': 'ике сәгатьтән соң'}"
test_314,"Зинһар, миңа Journal of the British Astronomical Association фильмын таб .",SearchCreativeWork,SearchCreativeWork,True,0.971,False,False,False,"{'object_name': 'Journal of the British Astronomical Association', 'object_type': 'фильмын'}","{'object_name': 'Journal of the British Astronomical Association', 'object_type': 'фильм'}"
test_315,"Уордвилл-да, Канзас-та 8 кешелек урын броньла",BookRestaurant,BookRestaurant,True,0.9533,False,False,False,"{'location': 'Уордвилл-да | Канзас-та', 'party_size_number': '8'}","{'location': 'Уордвилл-да', 'party_size_description': '8 кешелек', 'party_size_number': '8'}"
test_316,Нинди һава торышы моннан ерак булачак ?,weather/find,weather/find,True,0.9361,False,False,False,{'location': 'моннан | ерак'},"{'location': 'моннан ерак', 'weather/attribute': 'һава торышы'}"
test_317,Ричард Макнамараның яңа җырын Just Smile плейлистыма өстә,AddToPlaylist,AddToPlaylist,True,0.9487,False,False,False,"{'artist': 'Ричард Макнамараның', 'music_item': 'җырын', 'playlist': 'Just Smile'}","{'artist': 'Ричард Макнамара', 'music_item': 'җыр', 'playlist': 'Just Smile', 'entity_name': 'Just Smile'}"
test_318,монда 1 секундтан соң никадәр салкын булыр,weather/find,weather/find,True,0.9384,False,False,True,"{'location': 'монда', 'datetime': '1 секундтан соң', 'condition_temperature': 'салкын'}","{'location': 'монда', 'datetime': '1 секундтан соң', 'condition_description': 'салкын'}"
test_319,With You исемле рәсем эзлә,SearchCreativeWork,SearchCreativeWork,True,0.9685,False,False,False,"{'object_name': 'With You', 'object_type': 'рәсем'}","{'object_name': 'With You', 'object_type': 'рәсем'}"
test_320,Deadly Weapons иҗади эшен таб,SearchCreativeWork,SearchCreativeWork,True,0.9502,False,False,False,{'object_name': 'Deadly Weapons'},"{'object_name': 'Deadly Weapons', 'object_type': 'иҗади эш'}"
test_321,Ноябрьдә Брукнилда һава торышы нинди булыр ?,weather/find,weather/find,True,0.9453,False,False,False,"{'datetime': 'Ноябрьдә', 'location': 'Брукнилда'}","{'location': 'Брукнил', 'datetime': 'Ноябрь'}"
test_322,Токмач өчен тавернада өстәл броньла,BookRestaurant,BookRestaurant,True,0.936,False,False,True,"{'served_dish': 'Токмач', 'restaurant_type': 'тавернада'}","{'restaurant_type': 'таверна', 'datetime': 'Токмач', 'party_size_description': None, 'party_size_number': None, 'restaurant_name': None, 'cuisine': None, 'facility': None, 'sort': None}"
test_323,Коста-Рикада нинди һава торышы,weather/find,weather/find,True,0.946,False,False,False,{'location': 'Коста - Рикада'},"{'location': 'Коста-Рика', 'weather/attribute': 'һава торышы'}"
test_324,The Two Gladiators уйнымы,SearchScreeningEvent,SearchCreativeWork,False,0.9429,False,False,False,{'movie_name': 'The Two Gladiators'},"{'object_name': 'The Two Gladiators', 'object_type': 'уйын'}"
test_325,Star Theatres-да нинди фильмнар бар .,SearchScreeningEvent,SearchScreeningEvent,True,0.8941,False,False,False,"{'location': 'Star Theatres-да', 'movie_type': 'фильмнар'}","{'object_location_type': 'театры', 'location': 'Star Theatres', 'movie_type': None}"
test_326,Зинһар миңа Harry Hood сагасын таба аласызмы ?,SearchCreativeWork,SearchCreativeWork,True,0.9491,False,False,False,"{'object_name': 'Harry Hood', 'object_type': 'сагасын'}","{'object_name': 'Harry Hood', 'object_type': 'сага'}"
test_327,бу көйне минем Sleepify плейлистыма өстә,AddToPlaylist,AddToPlaylist,True,0.9314,False,False,False,"{'music_item': 'көйне', 'reference': 'минем', 'playlist': 'Sleepify'}","{'music_item': 'бу көй', 'playlist': 'Sleepify', 'reference': 'минем'}"
test_328,Any Which Way You Can 15 секундтан соң уйнаячакмы,SearchScreeningEvent,PlayMusic,False,0.9697,False,False,False,"{'movie_name': 'Any Which Way You Can', 'datetime': '15 секундтан соң'}","{'music_item': 'Any Which Way You Can', 'datetime': '15 секундтан соң'}"
test_329,E-type музыкасын кабыз .,PlayMusic,PlayMusic,True,0.8931,False,False,False,{'artist': 'E-type'},"{'music_item': 'E-type', 'genre': 'музыка'}"
test_330,Хәзерге китапка бер йолдыз куй,RateBook,RateBook,True,0.9338,False,False,False,"{'object_select': 'Хәзерге', 'object_type': 'китапка', 'rating_value': 'бер'}","{'object_type': 'китап', 'rating_unit': 'йолдыз', 'rating_value': '1'}"
test_331,Louis Nelson Delisle-ның Another Passenger уйнат .,PlayMusic,PlayMusic,True,0.9486,False,False,True,"{'artist': 'Louis Nelson Delisle-ның', 'album': 'Another Passenger'}","{'music_item': 'җыр', 'artist': 'Louis Nelson Delisle', 'entity_name': 'Another Passenger'}"
test_332,Кайда мин кино графигын таба алам,SearchScreeningEvent,SearchScreeningEvent,True,0.8795,False,False,False,{'object_type': 'кино графигын'},{'location': None}
test_333,Эмерадода Сен-Пьер һәм Микелонда 26 сентябрьгә нинди һава торышы,weather/find,weather/find,True,0.956,False,False,False,"{'location': 'Эмерадода | Сен - Пьер һәм Микелонда', 'datetime': '26 сентябрьгә'}","{'location': 'Эмерадода Сен-Пьер һәм Микелонда', 'datetime': '26 сентябрь'}"
test_334,Ted Peters Famous Smoked Fish-та Окфилд янында 17 секундтансын ашарга барык,BookRestaurant,BookRestaurant,True,0.9464,False,False,True,"{'restaurant_name': 'Ted Peters Famous Smoked Fish-та', 'location': 'Окфилд | янында', 'datetime': '17 секундтансын'}","{'restaurant_name': 'Ted Peters Famous Smoked Fish', 'location': 'Окфилд янында', 'datetime': '17 секундтансын', 'party_size_description': 'ашарга'}"
test_335,миңа Good Morning Sunshine трейлерын таб,SearchCreativeWork,SearchCreativeWork,True,0.9427,False,False,False,"{'object_name': 'Good Morning Sunshine', 'object_type': 'трейлерын'}","{'object_name': 'Good Morning Sunshine', 'object_type': 'трейлер'}"
test_336,Мин Нидерланд Антиль утрауларында 3 кешегә сыра ресторанны броньларга телим .,BookRestaurant,BookRestaurant,True,0.9778,False,False,False,"{'location': 'Нидерланд Антиль утрауларында', 'party_size_number': '3', 'restaurant_type': 'сыра ресторанны'}","{'cuisine': 'сыра', 'datetime': None, 'facility': None, 'location': 'Нидерланд Антиль утраулары', 'party_size_description': '3 кеше', 'party_size_number': '3', 'restaurant_name': None, 'restaurant_type': None, 'served_dish': None, 'sort': None}"
test_337,бу хәзерге альбомга 0 йолдыз куй,RateBook,RateBook,True,0.9525,False,False,False,"{'object_select': 'бу хәзерге', 'object_type': 'альбомга', 'rating_value': '0', 'rating_unit': 'йолдыз'}","{'object_name': 'бу хәзерге альбом', 'object_type': 'альбом', 'rating_unit': 'йолдыз', 'rating_value': '0'}"
test_338,Монакода Yankee Doodle Coffee Ѕһор-та урын алырга теләр идем,BookRestaurant,BookRestaurant,True,0.9562,False,False,True,"{'location': 'Монакода', 'restaurant_name': 'Yankee Doodle Coffee Ѕһор-та'}","{'restaurant_name': 'Yankee Doodle Coffee Ѕһор', 'location': 'Монако', 'party_size_description': None, 'party_size_number': None, 'cuisine': None, 'datetime': None, 'facility': None, 'restaurant_type': None, 'served_dish': None, 'sort': None}"
test_339,Political punks плейлистыма башкаручыны өстә.,AddToPlaylist,AddToPlaylist,True,0.9087,False,False,False,"{'playlist': 'Political punks', 'music_item': 'башкаручыны'}","{'playlist': 'Political punks', 'artist': 'башкаручыны'}"
test_340,Дүрт айдан соң Саванида AK-ында салкынрак булырмы,weather/find,weather/find,True,0.9344,False,False,True,"{'datetime': 'Дүрт айдан соң', 'location': 'Саванида | AK-ында', 'condition_temperature': 'салкынрак'}","{'location': 'Саванида AK-ында', 'datetime': 'Дүрт айдан соң', 'condition_description': 'салкынрак'}"
test_341,минем Crash Course плейлистыма Muzika za decu өстә,AddToPlaylist,AddToPlaylist,True,0.9545,False,False,False,"{'reference': 'минем', 'playlist': 'Crash Course', 'entity_name': 'Muzika za decu'}","{'playlist': 'минем Crash Course плейлисты', 'music_item': 'Muzika za decu', 'reference': None}"
test_342,Molecular Oncology сагасын эзли аласынмы ?,SearchCreativeWork,SearchCreativeWork,True,0.9537,False,False,False,"{'object_name': 'Molecular Oncology', 'object_type': 'сагасын'}","{'object_name': 'Molecular Oncology', 'object_type': 'сага'}"
test_343,Мин алты кешелек ресторанны Вагстаффта AK-да броньларга телим .,BookRestaurant,BookRestaurant,True,0.9445,False,False,False,"{'party_size_number': 'алты', 'restaurant_type': 'ресторанны', 'location': 'Вагстаффта | AK-да'}","{'restaurant_type': 'ресторан', 'location': 'Вагстаффта', 'party_size_description': 'алты кешелек', 'party_size_number': '6'}"
test_344,Дэвид Линдлиның симфоник музыкасын уйнат .,PlayMusic,PlayMusic,True,0.9711,False,False,False,"{'artist': 'Дэвид Линдлиның', 'music_item': 'симфоник'}","{'artist': 'Дэвид Линдли', 'music_item': 'симфоник музыка'}"
test_345,"Зинһар, миңа Now We Are Married телесериалын таб .",SearchCreativeWork,SearchCreativeWork,True,0.9692,False,False,False,"{'object_name': 'Now We Are Married', 'object_type': 'телесериалын'}","{'object_name': 'Now We Are Married', 'object_type': 'телесериал'}"
test_346,Мин Outcast-ны карарга телим .,SearchScreeningEvent,SearchCreativeWork,False,0.959,False,False,False,{'movie_name': 'Outcast-ны'},"{'object_name': 'Outcast', 'object_type': None}"
test_347,минем This Is Tchaikovsky плейлистыма хәзерге трекны өстә,AddToPlaylist,AddToPlaylist,True,0.9523,False,False,False,"{'reference': 'минем', 'playlist': 'This Is Tchaikovsky', 'music_item': 'трекны'}","{'playlist': 'This Is Tchaikovsky', 'music_item': 'хәзерге трек', 'reference': 'хәзергене'}"
test_348,Lastfm-да This Is: Miles Davis-ны кабыз .,PlayMusic,AddToPlaylist,False,0.9427,False,False,False,"{'service': 'Lastfm-да', 'playlist': 'This Is: Miles Davis-ны'}","{'music_item': 'This Is: Miles Davis', 'playlist': 'Lastfm'}"
test_349,Танзаниядә кабымханәдә 5 кешегә иң яхшы өстәлне броньла,BookRestaurant,BookRestaurant,True,0.9724,False,False,False,"{'location': 'Танзаниядә', 'restaurant_type': 'кабымханәдә', 'party_size_number': '5', 'sort': 'иң яхшы'}","{'cuisine': None, 'datetime': None, 'facility': None, 'location': 'Танзания', 'party_size_description': '5 кеше', 'party_size_number': '5', 'restaurant_name': None, 'restaurant_type': None, 'served_dish': None, 'sort': None}"
test_350,Әйдә Vimeo-да яхшы элекке Mohammad Mamle тыңлыйк .,PlayMusic,PlayMusic,True,0.9513,False,False,False,"{'service': 'Vimeo-да', 'sort': 'элекке', 'artist': 'Mohammad Mamle'}","{'music_item': 'элекке', 'artist': 'Mohammad Mamle', 'service': 'Vimeo'}"
test_351,Vandemataram Srinivas трегын HipHop Hot 50-гә куй.,AddToPlaylist,AddToPlaylist,True,0.9255,False,False,False,"{'artist': 'Vandemataram Srinivas', 'music_item': 'трегын', 'playlist': 'HipHop Hot 50-гә'}","{'artist': 'Vandemataram Srinivas', 'entity_name': 'трег', 'music_item': 'музыкальный объект', 'playlist': 'HipHop Hot 50', 'reference': 'хәзергене'}"
test_352,Миңа Secret South җырын таб .,SearchCreativeWork,PlayMusic,False,0.9043,False,False,False,"{'object_name': 'Secret South', 'object_type': 'җырын'}","{'music_item': 'җыр', 'artist': 'Secret South', 'reference': 'миңа'}"
test_353,Zvooq-та туксанынчы еллар җырлары,PlayMusic,PlayMusic,True,0.9091,False,False,False,"{'service': 'Zvooq-та', 'datetime': 'туксанынчы'}","{'music_item': 'җыр', 'artist': 'Zvooq', 'service': 'туксанынчы еллар'}"
test_354,кичке биштән башлап Техаста Admire-да һава торышы нинди,weather/find,weather/find,True,0.9483,False,False,False,"{'datetime': 'кичке биштән', 'location': 'Техаста | Admire-да'}","{'location': 'Техаста Admire', 'datetime': 'кичке биштән башлап'}"
test_355,Last FM-да берәр нәрсә уйнат,PlayMusic,PlayMusic,True,0.954,False,False,False,{'service': 'Last FM-да'},"{'music_item': 'берәр нәрсә', 'service': 'Last FM'}"
test_356,Мин якындагы кинотеатрда The Portrait of a Lady карарга телим .,SearchScreeningEvent,SearchScreeningEvent,True,0.9324,False,False,True,"{'location': 'якындагы', 'object_location_type': 'кинотеатрда', 'movie_name': 'The Portrait of a Lady'}","{'movie_name': 'The Portrait of a Lady', 'location': 'якындагы кинотеатр'}"
test_357,"Зинһар, миңа Phineas Redux таб .",SearchCreativeWork,SearchCreativeWork,True,0.9588,False,False,False,{'object_name': 'Phineas Redux'},"{'object_name': 'Phineas Redux', 'object_type': 'таб'}"
test_358,Laundry плейлистына 40 cal көйен өстә.,AddToPlaylist,AddToPlaylist,True,0.9281,False,False,False,"{'playlist': 'Laundry', 'artist': '40 cal', 'music_item': 'көйен'}","{'playlist': 'Laundry', 'music_item': '40 cal', 'reference': 'көйен'}"
test_359,Itunes-ны ач һәм Ben Burnley Ready To Die-ны уйнат,PlayMusic,PlayMusic,True,0.9355,False,False,True,"{'service': 'Itunes-ны', 'artist': 'Ben Burnley', 'album': 'Ready To Die-ны'}","{'service': 'Itunes', 'music_item': 'җыр', 'track': 'Ben Burnley Ready To Die'}"
test_360,5-енче декабрьдә Лихул һәйкәле янында нинди һава торышы булачак ?,weather/find,weather/find,True,0.9592,False,False,False,"{'datetime': '5-енче декабрьдә', 'location': 'Лихул һәйкәле'}","{'location': 'Лихул һәйкәле янында', 'datetime': '5-енче декабрьдә', 'condition_description': None, 'condition_temperature': None, 'weather/attribute': None}"
test_361,Якындагы кинотеатрда Sexy Dance 2 расписаниесен күрсәт,SearchScreeningEvent,SearchScreeningEvent,True,0.9278,False,False,True,"{'location': 'Якындагы', 'object_location_type': 'кинотеатрда', 'movie_name': 'Sexy Dance 2', 'object_type': 'расписаниесен'}","{'movie_name': 'Sexy Dance 2', 'location': 'Якындагы кинотеатрда'}"
test_362,Live at the Kings Center дип аталган җырны таб,SearchCreativeWork,SearchCreativeWork,True,0.9647,False,False,False,"{'object_name': 'Live at the Kings Center', 'object_type': 'җырны'}","{'object_name': 'Live at the Kings Center', 'object_type': 'җыр'}"
test_363,"Тайонкта , Нью-Джерсида нинди һава торышы",weather/find,weather/find,True,0.8861,False,False,False,{'location': 'Тайонкта | Нью - Джерсида'},"{'location': 'Тайонкта', 'datetime': 'нә', 'weather/attribute': 'һава торышы'}"
test_364,Мин биш кешелек өстәл Tupelo Honey Cafe-да Нью-Джерсида броньларга телим.,BookRestaurant,BookRestaurant,True,0.9859,False,False,True,"{'party_size_number': 'биш', 'restaurant_name': 'Tupelo Honey Cafe-да', 'location': 'Нью - Джерсида'}","{'cuisine': None, 'datetime': None, 'facility': None, 'location': 'Нью-Джерси', 'party_size_description': 'биш кешелек', 'party_size_number': '5', 'restaurant_name': 'Tupelo Honey Cafe', 'restaurant_type': None, 'served_dish': None, 'sort': None}"
test_365,чәй йорта миӊа һәм минем cеңелләремә урын броньла,BookRestaurant,BookRestaurant,True,0.9682,False,False,True,"{'restaurant_type': 'чәй йорта', 'party_size_description': 'миӊа һәм минем cеңелләремә'}","{'cuisine': 'чәй', 'datetime': None, 'facility': None, 'location': None, 'party_size_description': 'миӊа һәм минем cеңелләремә', 'party_size_number': None, 'restaurant_name': None, 'restaurant_type': None, 'served_dish': None, 'sort': None}"
test_366,16 февральдә Нидерландта эссе булачакмы ?,weather/find,weather/find,True,0.9463,False,False,True,"{'datetime': '16 февральдә', 'location': 'Нидерландта', 'condition_temperature': 'эссе'}","{'location': 'Нидерланд', 'datetime': '16 февраль'}"
test_367,Мин jordan rudess-ны Divertido para niños плейлистына өстәргә телим.,AddToPlaylist,AddToPlaylist,True,0.9107,False,False,False,"{'artist': 'jordan rudess-ны', 'playlist': 'Divertido para niños'}","{'artist': 'jordan rudess', 'entity_name': 'Divertido para niños', 'music_item': 'музыка', 'playlist': 'Divertido para niños', 'reference': 'моны'}"
test_368,In the Company of Cheerful Ladies-ка 6-дан нуль куй,RateBook,RateBook,True,0.9195,False,False,False,"{'object_name': 'In the Company of Cheerful Ladies-ка', 'best_rating': '6-дан', 'rating_value': 'нуль'}","{'object_name': 'In the Company of Cheerful Ladies', 'rating_value': '6', 'object_type': 'китап'}"
test_369,Миңа иң яхшы бистрода өстәл броньла,BookRestaurant,BookRestaurant,True,0.9759,False,False,False,"{'sort': 'иң яхшы', 'restaurant_type': 'бистрода'}","{'cuisine': None, 'datetime': None, 'facility': None, 'location': None, 'party_size_description': None, 'party_size_number': None, 'restaurant_name': None, 'restaurant_type': 'бистро', 'served_dish': None, 'sort': None}"
test_370,Хәзерге дәреслеккә 6-дан 1 куй,RateBook,RateBook,True,0.9091,False,False,False,"{'object_select': 'Хәзерге', 'object_type': 'дәреслеккә', 'best_rating': '6-дан', 'rating_value': '1'}","{'object_name': 'Хәзерге дәреслеккә', 'object_type': 'книга', 'rating_value': '6', 'rating_unit': 'куй'}"
test_371,кино вакытлары кайчан,SearchScreeningEvent,SearchScreeningEvent,True,0.9689,False,False,False,{'object_type': 'кино вакытлары'},"{'datetime': 'кайчан', 'location': None, 'movie_name': None, 'movie_type': None, 'object_location_type': None, 'object_type': None}"
test_372,Огайода нинди hава торышы булачак ?,weather/find,weather/find,True,0.9414,False,False,False,{'location': 'Огайода'},"{'location': 'Огайо', 'datetime': None, 'weather/attribute': None}"
test_373,Бу артистны Showstopper Being Mary Jane плейлистына өстә,AddToPlaylist,AddToPlaylist,True,0.924,False,False,False,"{'music_item': 'артистны', 'playlist': 'Showstopper Being Mary Jane'}","{'artist': 'Showstopper', 'playlist': 'Being Mary Jane', 'music_item': None, 'reference': None}"
test_374,Балаларыма һәм миңа броньла,BookRestaurant,BookRestaurant,True,0.9177,False,False,True,{'party_size_description': 'Балаларыма һәм миңа'},"{'party_size_description': 'Балаларыма һәм миңа', 'restaurant_type': None}"
test_375,2035 елның 21 августында Сарыкамыш тыюлыгыда нинди һава торышы булачак ?,weather/find,weather/find,True,0.9597,False,False,False,"{'datetime': '2035 елның 21 августында', 'location': 'Сарыкамыш тыюлыгыда'}","{'location': 'Сарыкамыш тыюлыгы', 'datetime': '2035 елның 21 августында', 'condition_description': None, 'condition_temperature': None}"
test_376,Руфь китапка 6-дан биш балл бир .,RateBook,RateBook,True,0.974,False,False,False,"{'object_name': 'Руфь китапка', 'best_rating': '6-дан', 'rating_value': 'биш', 'rating_unit': 'балл'}","{'object_name': 'Руфь', 'object_type': 'китап', 'rating_value': '6', 'rating_unit': 'балл'}"
test_377,Reminiscences of the Anti-Japanese Guerillas хроникасы 6-дан ноль балл рейтинг лаек.,RateBook,RateBook,True,0.9503,False,False,True,"{'object_name': 'Reminiscences of the Anti-Japanese Guerillas', 'object_part_of_series_type': 'хроникасы', 'best_rating': '6-дан', 'rating_value': 'ноль', 'rating_unit': 'балл'}","{'object_name': 'Reminiscences of the Anti-Japanese Guerillas хроникасы', 'rating_value': '6', 'rating_unit': 'ноль балл', 'object_type': 'хроника'}"
test_378,Миңа Көньяк Театрларындагы кино графикларын күрсәт,SearchScreeningEvent,SearchScreeningEvent,True,0.9754,False,False,False,"{'location': 'Көньяк Театрларындагы', 'object_type': 'кино графикларын'}","{'location': 'Көньяк Театрлары', 'datetime': None, 'movie_name': None, 'movie_type': None, 'object_location_type': None, 'object_type': None}"
test_379,Якындагы кинотеатрда кино графикларын таб,SearchScreeningEvent,SearchScreeningEvent,True,0.9591,False,False,False,"{'location': 'Якындагы кинотеатрда', 'object_type': 'кино графикларын'}","{'location': 'Якындагы кинотеатр', 'datetime': None, 'movie_name': None, 'movie_type': None, 'object_location_type': None, 'object_type': None}"
test_380,Бу альбом Испан ритмнар плейлистына өстә,AddToPlaylist,AddToPlaylist,True,0.9324,False,False,False,"{'music_item': 'альбом', 'playlist': 'Испан ритмнар'}","{'playlist': 'Испан ритмнар плейлисты', 'music_item': 'альбом', 'entity_name': 'бу альбом'}"
test_381,6 кешегә креол тавернасында Черногориядә броньла,BookRestaurant,BookRestaurant,True,0.9671,False,False,True,"{'party_size_number': '6', 'cuisine': 'креол', 'restaurant_type': 'тавернасында', 'location': 'Черногориядә'}","{'cuisine': 'креол', 'facility': None, 'location': 'Черногория', 'party_size_description': '6 кеше', 'party_size_number': '6', 'restaurant_name': None, 'restaurant_type': 'таверна'}"
test_382,Cathedral сериясенә дүрт йолдыз бир .,RateBook,RateBook,True,0.9602,False,False,True,"{'object_name': 'Cathedral', 'object_part_of_series_type': 'сериясенә', 'rating_value': 'дүрт', 'rating_unit': 'йолдыз'}","{'object_name': 'Cathedral', 'object_type': 'серия', 'rating_value': '4', 'rating_unit': 'йолдыз'}"
test_383,The Famous Flower of Serving-Men минем кичке акустика плейлистымна өстә.,AddToPlaylist,AddToPlaylist,True,0.9434,False,False,False,"{'entity_name': 'The Famous Flower of Serving-Men', 'reference': 'минем', 'playlist': 'кичке акустика'}","{'playlist': 'минем кичке акустика плейлистым', 'music_item': 'The Famous Flower of Serving-Men', 'entity_name': 'The Famous Flower of Serving-Men', 'reference': 'моны'}"
test_384,Миңа ArcLight Hollywood кинотеатырында анимацион фильмнарга гына расписаниесене күрсәт,SearchScreeningEvent,SearchScreeningEvent,True,0.9181,False,False,False,"{'location': 'ArcLight Hollywood кинотеатырында', 'movie_type': 'анимацион фильмнарга', 'object_type': 'расписаниесене'}","{'location': 'ArcLight Hollywood', 'movie_type': 'анимацион фильмнарга'}"
test_385,"Зинһар, Йолдызлы төн рәсемне таб .",SearchCreativeWork,SearchCreativeWork,True,0.9536,False,False,False,"{'object_name': 'Йолдызлы төн', 'object_type': 'рәсемне'}","{'object_name': 'Зинһар, Йолдызлы төн', 'object_type': 'рәсем'}"
test_386,Бу урында 15:19:29 дымлылык нинди булачак ?,weather/find,weather/find,True,0.9579,False,False,True,"{'location': 'Бу урында', 'datetime': '15:19:29', 'condition_description': 'дымлылык'}","{'location': 'бу урында', 'datetime': '15:19:29', 'weather/attribute': 'дымлылык'}"
test_387,мин JLA Adventures: Trapped In Time-ны карарга телим,SearchScreeningEvent,SearchScreeningEvent,True,0.9362,False,False,False,{'movie_name': 'JLA Adventures: Trapped In Time-ны'},{'movie_name': 'JLA Adventures: Trapped In Time'}
test_388,This Is Johnny Cash-ка дерек уоткинсныӊ көйен өстә,AddToPlaylist,AddToPlaylist,True,0.8898,False,False,False,"{'playlist': 'This Is Johnny Cash-ка', 'artist': 'дерек уоткинсныӊ', 'music_item': 'көйен'}","{'artist': 'Johnny Cash', 'entity_name': 'This Is Johnny Cash', 'music_item': 'дерект уоткинсныӊ көй', 'playlist': None, 'reference': None}"
test_389,Fire in the Hole дип аталган иҗади эш таб,SearchCreativeWork,SearchCreativeWork,True,0.9647,False,False,False,{'object_name': 'Fire in the Hole'},"{'object_name': 'Fire in the Hole', 'object_type': None}"
test_390,пэтныӊ колледж янында өстәлне броньла,BookRestaurant,BookRestaurant,True,0.9651,False,False,False,{'location': 'пэтныӊ колледж | янында'},"{'location': 'пэтныӊ колледж янында', 'party_size_description': None, 'party_size_number': None, 'restaurant_name': None, 'restaurant_type': None, 'cuisine': None, 'datetime': None, 'facility': None, 'sort': None}"
test_391,Patrick Still Lives AMC кинотеатрларында барамы,SearchScreeningEvent,SearchScreeningEvent,True,0.9507,False,False,False,"{'movie_name': 'Patrick Still Lives', 'location': 'AMC кинотеатрларында'}","{'movie_name': 'Patrick Still Lives', 'object_location_type': 'кинотеатр', 'location': 'AMC'}"
test_392,Мин спа массажын броньларга телим .,BookRestaurant,BookRestaurant,True,0.9207,False,False,True,"{'facility': 'спа', 'restaurant_type': 'массажын'}","{'cuisine': 'спа массаж', 'party_size_description': '1'}"
test_393,14 сәгатьтән соң берәр җирдә Кварривиллда өстәл кирәк,BookRestaurant,BookRestaurant,True,0.9485,False,False,False,"{'datetime': '14 сәгатьтән соң', 'location': 'Кварривиллда'}","{'datetime': '14 сәгатьтән соң', 'location': 'Кварривилл', 'party_size_description': 'берәр', 'party_size_number': '1'}"
test_394,Гари Ли Коннерны уйнат,PlayMusic,PlayMusic,True,0.9581,False,False,False,{'artist': 'Гари Ли Коннерны'},{'artist': 'Гари Ли Коннер'}
test_395,иң якын кинотеатрны кайда Boycott-ны күрсәтәләр күрсәт,SearchScreeningEvent,SearchScreeningEvent,True,0.939,False,False,True,"{'location': 'иң якын', 'object_location_type': 'кинотеатрны', 'movie_name': 'Boycott-ны'}","{'movie_name': 'Boycott', 'location': None}"
test_396,"Зинһар, минем ecstatic плейлистны кабыз.",PlayMusic,AddToPlaylist,False,0.9313,False,False,False,{'playlist': 'ecstatic'},"{'playlist': 'ecstatic', 'music_item': 'кабыз'}"
test_397,"Зинһар, The Mad Magician җырын таб .",SearchCreativeWork,PlayMusic,False,0.9554,False,False,False,"{'object_name': 'The Mad Magician', 'object_type': 'җырын'}","{'music_item': 'җыр', 'artist': 'Зинһар', 'entity_name': 'The Mad Magician'}"
test_398,Bow Tie Cinemas-ның расписаниесен тикшер .,SearchScreeningEvent,SearchScreeningEvent,True,0.9272,False,False,False,"{'location': 'Bow Tie Cinemas-ның', 'object_type': 'расписаниесен'}","{'object_location_type': 'кинотеатр', 'movie_name': None, 'movie_type': None, 'datetime': None, 'location': 'Bow Tie Cinemas'}"
test_399,Миңа Төньяк Мариан утрауларындагы пабта кичәгә 3 кешелек өстәл броньла,BookRestaurant,BookRestaurant,True,0.9638,False,False,False,"{'location': 'Төньяк Мариан утрауларындагы', 'restaurant_type': 'пабта', 'party_size_number': '3'}","{'cuisine': None, 'datetime': None, 'facility': None, 'location': 'Төньяк Мариан утрауларындагы паб', 'party_size_description': '3 кешелек', 'party_size_number': '3', 'restaurant_name': None, 'restaurant_type': None, 'served_dish': None, 'sort': None}"
test_400,Миңа Infinite Indie Folk исемлеккә Rahim Shah-ның әсәрләрен өстәргә кирәк,AddToPlaylist,AddToPlaylist,True,0.9205,False,False,False,"{'playlist': 'Infinite Indie Folk', 'artist': 'Rahim Shah-ның'}","{'playlist': 'Infinite Indie Folk', 'music_item': 'музыка', 'artist': 'Rahim Shah', 'reference': 'хәзергене'}"
test_401,Минем Te quiero плейлистыма Кече Джерри Каллистны өстә.,AddToPlaylist,AddToPlaylist,True,0.9466,False,False,False,"{'reference': 'Минем', 'playlist': 'Te quiero', 'artist': 'Кече Джерри Каллистны'}","{'playlist': 'Te quiero', 'music_item': 'җыр', 'artist': 'Кече Джерри Каллист', 'reference': None}"
test_402,Юта янында төнге 3 сәгать тирәсендә никадәр салкынрак булачак ?,weather/find,weather/find,True,0.9562,False,False,True,"{'location': 'Юта | янында', 'datetime': 'төнге 3 сәгать', 'condition_temperature': 'салкынрак'}","{'location': 'Юта янында', 'datetime': 'төнге 3 сәгать тирәсендә', 'condition_description': 'салкынрак'}"
test_403,Альбомны Hipster Soul плейлистына өстә.,AddToPlaylist,AddToPlaylist,True,0.9307,False,False,False,"{'music_item': 'Альбомны', 'playlist': 'Hipster Soul'}","{'playlist': 'Hipster Soul', 'music_item': 'альбом', 'entity_name': 'Альбом'}"
test_404,"Мин унөч сәгатьтән соң деликатес ресторанында ашарга телим, анда көнчыгыш европа ризыклары сатыла",BookRestaurant,BookRestaurant,True,0.9676,False,False,True,"{'datetime': 'унөч сәгатьтән соң', 'restaurant_type': 'деликатес ресторанында', 'cuisine': 'көнчыгыш европа'}","{'datetime': 'унөч сәгатьтән соң', 'cuisine': 'көнчыгыш европа ризыклары', 'facility': None, 'location': None, 'party_size_description': None, 'party_size_number': None, 'restaurant_name': 'деликатес рестораны', 'restaurant_type': None, 'served_dish': None, 'sort': None}"
test_405,алтмышынчы еллар саундтрегын кабыз,PlayMusic,PlayMusic,True,0.9419,False,False,False,"{'datetime': 'алтмышынчы еллар', 'music_item': 'саундтрегын'}","{'music_item': 'саундтрег', 'object_name': 'алтмышынчы еллар'}"
test_406,Бу альбомга бер йолдыз бир,RateBook,RateBook,True,0.9274,False,False,False,"{'object_select': 'Бу', 'object_type': 'альбомга', 'rating_value': 'бер', 'rating_unit': 'йолдыз'}","{'object_name': 'бу альбом', 'rating_value': '1', 'rating_unit': 'йолдыз'}"
test_407,Bryan Macleanның иң олуг музыкасын кабыз .,PlayMusic,PlayMusic,True,0.9257,False,False,False,"{'artist': 'Bryan Macleanның', 'sort': 'иң олуг'}","{'artist': 'Bryan Maclean', 'music_item': 'иң олуг музыкасы'}"
test_408,Nicodemus-та һәм аның тирәсендәге һава торышы нинди,weather/find,weather/find,True,0.9528,False,False,False,{'location': 'Nicodemus-та | аның тирәсендәге'},"{'location': 'Nicodemus', 'weather/attribute': 'һава торышы'}"
test_409,Phinally Phamous дип аталган уен эзлә,SearchCreativeWork,SearchCreativeWork,True,0.9692,False,False,False,"{'object_name': 'Phinally Phamous', 'object_type': 'уен'}","{'object_name': 'Phinally Phamous', 'object_type': 'уен'}"
test_410,Juneteenth-га 2 балл куй .,RateBook,RateBook,True,0.9238,False,False,False,"{'object_name': 'Juneteenth-га', 'rating_value': '2'}","{'object_name': 'Juneteenth', 'rating_value': '2', 'object_type': 'китап'}"
test_411,Rhialto the Marvellous-га нуль йолдыз бир,RateBook,RateBook,True,0.9706,False,False,False,"{'object_name': 'Rhialto the Marvellous-га', 'rating_value': 'нуль', 'rating_unit': 'йолдыз'}","{'object_name': 'Rhialto the Marvellous', 'rating_value': '0', 'rating_unit': 'йолдыз'}"
test_412,Мин Хелена Ирен Михаэльсенның Youtube-та саундтрегын ишетергә телим,PlayMusic,PlayMusic,True,0.9557,False,False,False,"{'artist': 'Мин Хелена Ирен', 'service': 'Youtube-та', 'music_item': 'саундтрегын'}","{'artist': 'Хелена Ирен Михаэльс', 'music_item': 'саундтрег', 'service': 'Youtube'}"
test_413,5 кешегә 20/01/2023 MH-да өстәл броньла,BookRestaurant,BookRestaurant,True,0.9575,False,False,False,"{'party_size_number': '5', 'datetime': '20/01/2023', 'location': 'MH-да'}","{'datetime': '20/01/2023', 'facility': 'MH', 'party_size_description': '5 кеше', 'party_size_number': '5', 'restaurant_name': None, 'restaurant_type': None}"
test_414,якындагы анимация фильмнары сессияләре расписаниесе,SearchScreeningEvent,SearchScreeningEvent,True,0.9394,False,False,False,"{'location': 'якындагы', 'movie_type': 'анимация фильмнары', 'object_type': 'сессияләре расписаниесе'}","{'location': 'якындагы', 'datetime': None, 'movie_type': 'анимация', 'object_location_type': None, 'object_type': 'фильм'}"
test_415,Минем This Is Shakira плейлистымна jack white-ны өстә,AddToPlaylist,AddToPlaylist,True,0.9449,False,False,False,"{'reference': 'Минем', 'playlist': 'This Is Shakira', 'artist': 'jack white-ны'}","{'playlist': 'This Is Shakira', 'music_item': 'җыр', 'artist': 'jack white', 'reference': 'моны'}"
test_416,Мин Шри-Ланкада биш кешегә ресторан броньларга телим .,BookRestaurant,BookRestaurant,True,0.9634,False,False,False,"{'location': 'Шри-Ланкада', 'party_size_number': 'биш', 'restaurant_type': 'ресторан'}","{'party_size_description': 'биш кеше', 'party_size_number': '5', 'location': 'Шри-Ланка'}"
test_417,"Зинһар, Episodi di The Blacklist телевизион тапшыруын таб .",SearchCreativeWork,SearchCreativeWork,True,0.9766,False,False,False,"{'object_name': 'Episodi di The Blacklist', 'object_type': 'телевизион тапшыруын'}","{'object_name': 'Episodi di The Blacklist', 'object_type': 'телевизион тапшыру'}"
test_418,монда Law Day-нән башлап салкын һава торышы нинди,weather/find,weather/find,True,0.9472,False,False,True,"{'location': 'монда', 'datetime': 'Law Day-нән', 'condition_temperature': 'салкын'}","{'location': 'монда', 'datetime': 'Law Day-нән башлап', 'condition_description': 'салкын'}"
test_419,Мин ун кешелек өстәленә ресторанда заказ бирергә телим.,BookRestaurant,BookRestaurant,True,0.9492,False,False,False,"{'party_size_number': 'ун', 'restaurant_type': 'ресторанда'}","{'party_size_description': 'ун кешелек', 'party_size_number': '10', 'restaurant_type': None, 'cuisine': None, 'datetime': None, 'facility': None, 'location': None, 'restaurant_name': None, 'served_dish': None, 'sort': None}"
test_420,Җитмешенче еллардагы Дюк Эллингтоннан берәр нәрсә уйна,PlayMusic,PlayMusic,True,0.9459,False,False,False,"{'datetime': 'Җитмешенче', 'artist': 'Дюк Эллингтоннан'}","{'artist': 'Дюк Эллингтон', 'music_item': 'берәр нәрсә'}"
test_421,Cotton Comes to Harlem-ны 2-гә бәялә,RateBook,RateBook,True,0.9427,False,False,False,"{'object_name': 'Cotton Comes to Harlem-ны', 'rating_value': '2-гә'}","{'object_name': 'Cotton Comes to Harlem', 'rating_value': '2', 'object_type': 'китап'}"
test_422,Җырны минем madden nfl 16 плейлистымна өстә,AddToPlaylist,AddToPlaylist,True,0.9358,False,False,False,"{'reference': 'минем', 'playlist': 'madden nfl 16', 'music_item': 'плейлистымна'}","{'playlist': 'madden nfl 16', 'music_item': 'җыр', 'reference': 'минем'}"
test_423,Toyan-ны минем Epic Gaming плейлистымна өстә.,AddToPlaylist,AddToPlaylist,True,0.9249,False,False,False,"{'artist': 'Toyan-ны', 'reference': 'минем', 'playlist': 'Epic Gaming'}","{'artist': 'Toyan', 'playlist': 'Epic Gaming', 'music_item': None, 'reference': None}"
test_424,Slacker-да ниндидер яңа Les Vandyke уйнат,PlayMusic,PlayMusic,True,0.9458,False,False,False,"{'service': 'Slacker-да', 'sort': 'яңа', 'artist': 'Les Vandyke'}","{'service': 'Slacker', 'music_item': 'җыр', 'artist': 'Les Vandyke'}"
test_425,Three Junes-га 6-дан берге бәялә,RateBook,RateBook,True,0.9289,False,False,False,"{'object_name': 'Three Junes-га', 'best_rating': '6-дан', 'rating_value': 'берге'}","{'object_name': 'Three Junes', 'rating_value': '6', 'object_type': 'restaurant'}"
test_426,Nunez пекарнясында тугыз кешегә өстәл заказ ит,BookRestaurant,BookRestaurant,True,0.9496,False,False,False,"{'location': 'Nunez', 'restaurant_type': 'пекарнясында', 'party_size_number': 'тугыз'}","{'restaurant_name': 'Nunez пекарнясында', 'party_size_number': '9', 'party_size_description': 'тугыз кеше'}"
test_427,Бу агымдагы романны 6-дан икеге бәялә .,RateBook,RateBook,True,0.9045,False,False,False,"{'object_select': 'Бу агымдагы', 'object_type': 'романны', 'best_rating': '6-дан', 'rating_value': 'икеге'}","{'object_name': 'Бу агымдагы роман', 'rating_value': '6', 'rating_unit': 'ике'}"
test_428,Ронни Вудның The Happy Blues-ны уйнат .,PlayMusic,PlayMusic,True,0.9681,False,False,True,"{'artist': 'Ронни Вудның', 'album': 'The Happy Blues-ны'}","{'artist': 'Ронни Вуд', 'music_item': 'The Happy Blues'}"
test_429,2013 елгы симфонияне уйнат .,PlayMusic,PlayMusic,True,0.9071,False,False,False,"{'datetime': '2013 елгы', 'music_item': 'симфонияне'}","{'music_item': 'симфония', 'datetime': None, 'track': '2013 елгы'}"
test_430,Jennifer Paull-ның Subconscious Lobotomy-ны уйнат .,PlayMusic,PlayMusic,True,0.9663,False,False,True,"{'artist': 'Jennifer Paull-ның', 'album': 'Subconscious Lobotomy-ны'}","{'artist': 'Jennifer Paull', 'music_item': 'Subconscious Lobotomy'}"
test_431,The Crystal Snare-га 5 йолдыз бир,RateBook,RateBook,True,0.9806,False,False,False,"{'object_name': 'The Crystal Snare-га', 'rating_value': '5', 'rating_unit': 'йолдыз'}","{'object_name': 'The Crystal Snare', 'rating_value': '5', 'rating_unit': 'йолдыз'}"
test_432,Бу дәреслеккә нуль йолдыз куй,RateBook,RateBook,True,0.934,False,False,False,"{'object_select': 'Бу', 'object_type': 'дәреслеккә', 'rating_value': 'нуль', 'rating_unit': 'йолдыз'}","{'object_name': 'Бу дәреслеккә', 'rating_value': 'нуль', 'rating_unit': 'йолдыз'}"
test_433,Агымдагы серияне 4 баллга бәялә,RateBook,RateBook,True,0.9426,False,False,True,"{'object_select': 'Агымдагы', 'object_part_of_series_type': 'серияне', 'rating_value': '4', 'rating_unit': 'баллга'}","{'object_name': 'Агымдагы серия', 'object_type': 'сериал', 'rating_value': '4', 'rating_unit': 'балл'}"
test_434,Мин Urbank California-да James D. Conrey House-да өстәл телим,BookRestaurant,BookRestaurant,True,0.9061,False,False,True,"{'location': 'Urbank | California-да', 'restaurant_name': 'James D. Conrey House-да'}","{'restaurant_name': 'James D. Conrey House', 'location': 'Urbank California', 'party_size_description': '1'}"
test_435,Babar: King of the Elephants уйнымы,SearchScreeningEvent,SearchCreativeWork,False,0.9472,False,False,False,{'movie_name': 'Babar: King of the Elephants'},"{'object_name': 'Babar: King of the Elephants', 'object_type': 'уйын'}"
test_436,this is racionais mc's-га җырны өстә,AddToPlaylist,AddToPlaylist,True,0.9073,False,False,False,"{'playlist': ""this is racionais mc's-га"", 'music_item': 'җырны'}","{'playlist': ""racionals mc's"", 'music_item': 'җыр', 'artist': ""mc's"", 'reference': 'this'}"
test_437,Хәзерге эссега 6-дан нуль йолдыз куй,RateBook,RateBook,True,0.941,False,False,False,"{'object_select': 'Хәзерге', 'object_type': 'эссега', 'best_rating': '6-дан', 'rating_value': 'нуль', 'rating_unit': 'йолдыз'}","{'object_type': 'эссе', 'rating_value': '6', 'rating_unit': 'йолдыз'}"
test_438,Әйдә Эндрю Хьюиттан берәр нәрсә тыңлыйк .,PlayMusic,PlayMusic,True,0.9538,False,False,False,{'artist': 'Эндрю Хьюиттан'},"{'artist': 'Эндрю Хьюитт', 'music_item': 'берәр нәрсә'}"
test_439,Якында анимация фильмнарын таб,SearchScreeningEvent,SearchCreativeWork,False,0.9072,False,False,False,"{'location': 'Якында', 'movie_type': 'анимация фильмнарын'}",{'object_type': 'анимация фильмнары'}
test_440,хәзерге хроникага 6-дан биш балл бир,RateBook,RateBook,True,0.9506,False,False,True,"{'object_select': 'хәзерге', 'object_part_of_series_type': 'хроникага', 'best_rating': '6-дан', 'rating_value': 'биш', 'rating_unit': 'балл'}","{'object_name': 'хәзерге хроника', 'rating_value': '6', 'rating_unit': 'балл', 'object_type': 'хроника'}"
test_441,Миңа Settha Palace Hotel-да Saint Helena-да 4 кешелек өстәл кирәк,BookRestaurant,BookRestaurant,True,0.9715,False,False,True,"{'restaurant_name': 'Settha Palace Hotel-да', 'location': 'Saint Helena-да', 'party_size_number': '4 кешелек'}","{'restaurant_name': 'Settha Palace Hotel', 'location': 'Saint Helena', 'party_size_description': '4 кешелек', 'party_size_number': '4'}"
test_442,Изге Патрик көнендә Вирджинияда һава торышы нинди булыр ?,weather/find,weather/find,True,0.9372,False,False,False,"{'datetime': 'Изге Патрик көнендә', 'location': 'Вирджинияда'}","{'location': 'Вирджиния', 'datetime': 'Изге Патрик көнне'}"
test_443,Миңа Speakeasy Theaters киноның вакыт исемлеге кирәк,SearchScreeningEvent,SearchScreeningEvent,True,0.9132,False,False,False,"{'location': 'Speakeasy Theaters', 'object_type': 'киноның вакыт'}","{'movie_name': 'Speakeasy Theaters', 'object_location_type': 'кино', 'object_type': 'фильм'}"
test_444,Meet the Prince телевизион тапшыруын эзлә,SearchCreativeWork,SearchScreeningEvent,False,0.9458,False,False,False,"{'object_name': 'Meet the Prince', 'object_type': 'телевизион тапшыруын'}","{'movie_name': 'Meet the Prince', 'object_type': 'телевизион тапшыру'}"
test_445,"Зинһар, миңа Compulsive Disclosure җырын бир .",SearchCreativeWork,PlayMusic,False,0.9468,False,False,False,"{'object_name': 'Compulsive Disclosure', 'object_type': 'җырын'}","{'music_item': 'җыр', 'artist': 'Зинһар', 'track': 'Compulsive Disclosure'}"
test_446,Zvooq-та Trance Life-ны уйнат .,PlayMusic,PlayMusic,True,0.943,False,False,False,"{'service': 'Zvooq-та', 'playlist': 'Trance Life-ны'}","{'service': 'Zvooq', 'music_item': 'Trance Life'}"
test_447,"Зинһар, миңа Serious Awesomeness ! эшен таб.",SearchCreativeWork,SearchCreativeWork,True,0.9652,False,False,False,{'object_name': 'Serious Awesomeness'},"{'object_name': 'Serious Awesomeness !', 'object_type': None}"
test_448,мин кинотеатрда I Dream of Jeanie-ны карарга телим,SearchScreeningEvent,SearchScreeningEvent,True,0.9521,False,False,True,"{'object_location_type': 'кинотеатрда', 'movie_name': 'I Dream of Jeanie-ны'}","{'movie_name': 'I Dream of Jeanie', 'object_location_type': 'кинотеатр'}"
test_449,Пол Маккартни уйнат,PlayMusic,PlayMusic,True,0.9588,False,False,False,{'artist': 'Пол Маккартни'},{'artist': 'Пол Маккартни'}
test_450,Хәзерге романны 3 йолдызга бәялә,RateBook,RateBook,True,0.9553,False,False,False,"{'object_select': 'Хәзерге', 'object_type': 'романны', 'rating_value': '3', 'rating_unit': 'йолдызга'}","{'object_type': 'роман', 'object_name': 'Хәзерге роман', 'rating_unit': 'йолдыз', 'rating_value': '3'}"
test_451,Paris - When It Sizzles китабын таба аласызмы ?,SearchCreativeWork,SearchCreativeWork,True,0.9694,False,False,False,"{'object_name': 'Paris - When It Sizzles', 'object_type': 'китабын'}","{'object_name': 'Paris - When It Sizzles', 'object_type': 'китап'}"
test_452,Филипп Киркоровның җитмешенче еллар пьесасын уйнат,PlayMusic,PlayMusic,True,0.9677,False,False,False,"{'artist': 'Филипп Киркоровның', 'datetime': 'җитмешенче'}","{'artist': 'Филипп Киркоров', 'music_item': 'җитмешенче еллар пьесасы'}"
test_453,Киләсе елда мин Пенни янындагы bougatsa ресторанын өч кешегә броньларга телим.,BookRestaurant,BookRestaurant,True,0.9194,False,False,True,"{'datetime': 'Киләсе елда', 'location': 'Пенни | янындагы', 'cuisine': 'bougatsa', 'restaurant_type': 'ресторанын', 'party_size_number': 'өч'}","{'restaurant_name': 'bougetsа', 'location': 'Пенни янында', 'party_size_number': '3', 'datetime': 'Киләсе елда'}"
test_454,Тенинода яңгырлар булырмы ?,weather/find,weather/find,True,0.9389,False,False,True,"{'location': 'Тенинода', 'condition_description': 'яңгырлар'}","{'location': 'Тенино', 'weather/attribute': 'яңгыр'}"
test_455,"Зинһар, Three Essays on the Theory of Sexuality шоусын эзлә .",SearchCreativeWork,SearchCreativeWork,True,0.9579,False,False,False,"{'object_name': 'Three Essays on the Theory of Sexuality', 'object_type': 'шоусын'}","{'object_name': 'Three Essays on the Theory of Sexuality', 'object_type': 'шоу'}"
test_456,Мин Рамонда ашарга телим,BookRestaurant,BookRestaurant,True,0.9408,False,False,False,{'location': 'Рамонда'},{'restaurant_name': 'Рамонда'}
test_457,Emo Forever плейлистына boy george трегын өстә.,AddToPlaylist,AddToPlaylist,True,0.9347,False,False,False,"{'playlist': 'Emo Forever', 'artist': 'boy george', 'music_item': 'трегын'}","{'playlist': 'Emo Forever', 'music_item': 'трег', 'artist': 'boy george', 'reference': 'хәзергене'}"
test_458,Vimy Ridge-да стейк-хаус заказ итәргә телим .,BookRestaurant,BookRestaurant,True,0.934,False,False,False,"{'location': 'Vimy Ridge-да', 'restaurant_type': 'стейк-хаус'}","{'restaurant_name': 'Vimy Ridge', 'cuisine': 'стейк-хаус'}"
test_459,Without Witness егерме ике  сәгатьтән соң уйнаячакмы,SearchScreeningEvent,SearchScreeningEvent,True,0.9605,False,False,False,"{'movie_name': 'Without Witness', 'datetime': 'егерме ике сәгатьтән соң'}","{'movie_name': 'Without Witness', 'datetime': 'егерме ике сәгатьтән соң'}"
test_460,9 кешегә урын броньла,BookRestaurant,BookRestaurant,True,0.9662,False,False,False,{'party_size_number': '9'},"{'party_size_number': '9', 'party_size_description': '9 кеше'}"
test_461,бу трекны минем Hands Up плейлистына өстә,AddToPlaylist,AddToPlaylist,True,0.9443,False,False,False,"{'music_item': 'трекны', 'reference': 'минем', 'playlist': 'Hands Up'}","{'music_item': 'трек', 'playlist': 'Hands Up', 'reference': 'бу'}"
test_462,90s Pop Rock Essentials-тан берәр нәрсә уйнат,PlayMusic,PlayMusic,True,0.9626,False,False,False,{'playlist': '90s Pop Rock Essentials-тан'},"{'music_item': 'берәр нәрсә', 'playlist': '90s Pop Rock Essentials'}"
test_463,Син миңа Blue Spring трейлерын таба аласыңмы ?,SearchCreativeWork,SearchCreativeWork,True,0.9483,False,False,False,"{'object_name': 'Blue Spring', 'object_type': 'трейлерын'}","{'object_name': 'Blue Spring', 'object_type': 'трейлеры'}"
test_464,36 Children-га 6-дан ике йолдыз куй,RateBook,RateBook,True,0.9129,False,False,False,"{'object_name': '36 Children-га', 'best_rating': '6-дан', 'rating_value': 'ике', 'rating_unit': 'йолдыз'}","{'object_name': '36 Children', 'object_type': 'фильм', 'rating_value': '6', 'rating_unit': 'йолдыз', 'object_select': 'ике'}"
test_465,Мин MJR театрында анимацион фильмнарны телим,SearchScreeningEvent,SearchScreeningEvent,True,0.929,False,False,False,"{'location': 'MJR театрында', 'movie_type': 'анимацион фильмнарны'}","{'location': 'MJR театры', 'movie_type': 'анимацион фильмнар'}"
test_466,Sexy as Folk плейлистына башкаручы mike-ны өстә.,AddToPlaylist,AddToPlaylist,True,0.94,False,False,False,"{'playlist': 'Sexy as Folk', 'music_item': 'башкаручы', 'artist': 'mike-ны'}","{'playlist': 'Sexy as Folk', 'music_item': 'башкаручы', 'artist': 'mike', 'reference': None}"
test_467,минем this is al green плейлистына Highway Patrolman өстә,AddToPlaylist,AddToPlaylist,True,0.9477,False,False,False,"{'reference': 'минем', 'playlist': 'this is al green', 'entity_name': 'Highway Patrolman'}","{'playlist': 'this is al green', 'music_item': 'Highway Patrolman', 'reference': 'минем'}"
test_468,Миңа To Lose My Life исемле романны таб …,SearchCreativeWork,SearchCreativeWork,True,0.9749,False,False,False,"{'object_name': 'To Lose My Life', 'object_type': 'романны'}","{'object_name': 'To Lose My Life', 'object_type': 'роман'}"
test_469,бу альбомны 5-кә бәялә,RateBook,RateBook,True,0.9418,False,False,False,"{'object_select': 'бу', 'object_type': 'альбомны', 'rating_value': '5-кә'}","{'object_name': 'бу альбом', 'rating_value': '5', 'rating_unit': 'кә'}"
test_470,Төшке ашта якындагы кинотеатрда Rare Birds күрсәтеләчәк .,SearchScreeningEvent,SearchScreeningEvent,True,0.9404,False,False,True,"{'datetime': 'Төшке ашта', 'location': 'якындагы', 'object_location_type': 'кинотеатрда', 'movie_name': 'Rare Birds'}","{'location': 'Төшке', 'movie_name': 'Rare Birds'}"
test_471,The 8-Week Cholesterol Cure-га 6-дан өчкә бәялә .,RateBook,RateBook,True,0.958,False,False,False,"{'object_name': 'The 8-Week Cholesterol Cure-га', 'best_rating': '6-дан', 'rating_value': 'өчкә'}","{'object_name': 'The 8-Week Cholesterol Cure', 'rating_value': '6', 'rating_unit': '3'}"
test_472,Martin barre-ны минем punk unplugged плейлистыма өстә.,AddToPlaylist,AddToPlaylist,True,0.9101,False,False,False,"{'artist': 'Martin barre-ны', 'reference': 'минем', 'playlist': 'punk unplugged'}","{'artist': 'Martin barre', 'music_item': 'punk unplugged', 'playlist': 'минем', 'reference': 'хәзергене'}"
test_473,хәзерге романны 6-дан нульгә бәялә,RateBook,RateBook,True,0.9382,False,False,False,"{'object_select': 'хәзерге', 'object_type': 'романны', 'best_rating': '6-дан', 'rating_value': 'нульгә'}","{'object_name': 'хәзерге роман', 'rating_value': '6', 'rating_unit': 'null', 'object_type': 'роман'}"
test_474,Минем кинотеатрда The Young Swordsman нинди вакытта барачак ?,SearchScreeningEvent,SearchScreeningEvent,True,0.9524,False,False,True,"{'object_location_type': 'кинотеатрда', 'movie_name': 'The Young Swordsman', 'object_type': 'вакытта'}","{'movie_name': 'The Young Swordsman', 'location': 'Минем кинотеатрда'}"
test_475,Тирә-юньдә нинди фильмнар күрсәтеләр,SearchScreeningEvent,SearchScreeningEvent,True,0.9655,False,False,False,"{'location': 'Тирә-юньдә', 'movie_type': 'фильмнар'}","{'location': 'Тирә-юньдә', 'datetime': None, 'movie_name': None, 'movie_type': None, 'object_location_type': None, 'object_type': None}"
test_476,Мин North City-дәге Oregon Electric Station броньларга телим .,BookRestaurant,BookRestaurant,True,0.963,False,False,True,"{'location': 'North City-дәге', 'restaurant_name': 'Oregon Electric Station'}","{'restaurant_name': 'Oregon Electric Station', 'location': 'North City'}"
test_477,монда төнге сәгать икедә һава торышы нинди,weather/find,weather/find,True,0.9329,False,False,False,"{'location': 'монда', 'datetime': 'төнге сәгать икедә'}","{'datetime': 'төнге сәгать икедә', 'location': None, 'weather/attribute': None, 'weather/temperatureUnit': None}"
test_478,Wanda Group-ның фильм кестесін таб .,SearchScreeningEvent,SearchCreativeWork,False,0.9338,False,False,False,"{'location': 'Wanda Group-ның', 'object_type': 'фильм кестесін'}","{'object_name': 'Wanda Group', 'object_type': 'фильм кестеси'}"
test_479,Самоада Ваурикада нинди һава торышы,weather/find,weather/find,True,0.9219,False,False,False,{'location': 'Самоада | Ваурикада'},"{'location': 'Самоада Ваурикада', 'datetime': 'хәзер'}"
test_480,Тирә-яктагы фильмнар расписаниесен күрсәт,SearchScreeningEvent,SearchScreeningEvent,True,0.9185,False,False,False,"{'location': 'Тирә-яктагы', 'object_type': 'фильмнар расписаниесен'}",{'location': 'Тирә-якта'}
test_481,Blues britânico уйнат .,PlayMusic,PlayMusic,True,0.9433,False,False,True,{'genre': 'Blues britânico'},"{'music_item': 'җыр', 'artist': 'Blues britânico'}"
test_482,AMC Theaters-да No Time to Be Young күрсәтеләме,SearchScreeningEvent,SearchScreeningEvent,True,0.9523,False,False,False,"{'location': 'AMC Theaters-да', 'movie_name': 'No Time to Be Young'}","{'movie_name': 'No Time to Be Young', 'object_location_type': 'AMC Theaters'}"
test_483,"Зинһар, миңа Монти Пайтон Голливудта эзлә һәм таб .",SearchCreativeWork,SearchCreativeWork,True,0.9569,False,False,False,{'object_name': 'Монти Пайтон Голливудта'},"{'object_name': 'Монти Пайтон Голливудта', 'object_type': 'фильм'}"
test_484,кичке бишкә монда буран аркасында һава торышы нинди,weather/find,weather/find,True,0.9334,False,False,True,"{'datetime': 'кичке бишкә', 'location': 'монда', 'condition_description': 'буран'}","{'location': 'кичке бишкә', 'datetime': 'монда', 'condition_description': 'буран'}"
test_485,Ирландия балалар евровидениеда 2015 минем Jazzy Dinner плейлистына өстә,AddToPlaylist,AddToPlaylist,True,0.9289,False,False,False,"{'entity_name': 'Ирландия балалар евровидениеда 2015', 'reference': 'минем', 'playlist': 'Jazzy Dinner'}","{'playlist': 'Jazzy Dinner', 'music_item': 'Ирландия балалар евровидениеда 2015', 'reference': 'минем'}"
test_486,Indie Hipster-га җырны өстә,AddToPlaylist,AddToPlaylist,True,0.9531,False,False,False,"{'playlist': 'Indie Hipster-га', 'music_item': 'җырны'}","{'playlist': 'Indie Hipster', 'music_item': 'җыр', 'artist': 'null', 'entity_name': 'null', 'reference': 'null'}"
test_487,Син миңа National Anthem of the Ancient Britons телевизион тапшыруын таба аласыңмы ?,SearchCreativeWork,SearchCreativeWork,True,0.9778,False,False,False,"{'object_name': 'National Anthem of the Ancient Britons', 'object_type': 'телевизион тапшыруын'}","{'object_name': 'National Anthem of the Ancient Britons', 'object_type': 'телевизион тапшыру'}"
test_488,"travelling плейлистына зинһар, бу Дэвид Гаан җырын өстә .",AddToPlaylist,AddToPlaylist,True,0.9669,False,False,False,"{'playlist': 'travelling', 'artist': 'Дэвид Гаан', 'music_item': 'җырын'}","{'playlist': 'travelling', 'music_item': 'җыр', 'artist': 'Дэвид Гаан', 'reference': 'бу'}"
test_489,Мин аларны Murcof рәссамнан ишетергә телим,PlayMusic,PlayMusic,True,0.9437,False,False,False,"{'music_item': 'аларны', 'artist': 'Murcof'}",{'artist': 'Murcof'}
test_490,The Gift: Imagination and the Erotic Life of Property-ны биш йолдызга бәялә,RateBook,RateBook,True,0.9771,False,False,False,"{'object_name': 'The Gift: Imagination and the Erotic Life of Property-ны', 'rating_value': 'биш', 'rating_unit': 'йолдызга'}","{'object_name': 'The Gift: Imagination and the Erotic Life of Property', 'rating_value': '5', 'rating_unit': 'йолдыз'}"
test_491,Миңа Baby Blue дип аталган телевизион тапшыруны таб,SearchCreativeWork,SearchCreativeWork,True,0.9699,False,False,False,"{'object_name': 'Baby Blue', 'object_type': 'телевизион тапшыруны'}","{'object_name': 'Baby Blue', 'object_type': 'телевизион тапшыру'}"
test_492,The Girl Who Was Plugged In китабын эзлә,SearchCreativeWork,SearchCreativeWork,True,0.9676,False,False,False,"{'object_name': 'The Girl Who Was Plugged In', 'object_type': 'китабын'}","{'object_name': 'The Girl Who Was Plugged In', 'object_type': 'китап'}"
test_493,филлис уордка һәм вероникага 152 көннән соң ресторанда өстәл кирәк,BookRestaurant,BookRestaurant,True,0.9563,False,False,True,"{'party_size_description': 'филлис уордка һәм вероникага', 'datetime': '152 көннән соң', 'restaurant_type': 'ресторанда'}","{'restaurant_name': None, 'datetime': '152 көннән соң', 'party_size_description': None, 'party_size_number': None, 'location': None, 'cuisine': None, 'facility': None, 'restaurant_type': None, 'served_dish': None, 'sort': None}"
test_494,5 кешелек танылган ресторанны броньла,BookRestaurant,BookRestaurant,True,0.947,False,False,False,"{'party_size_number': '5', 'sort': 'танылган', 'restaurant_type': 'ресторанны'}","{'party_size_number': '5', 'restaurant_type': 'танылган'}"
test_495,"Бруклон янында The Dome, Edinburgh отеленда номерны броньла",BookRestaurant,BookRestaurant,True,0.9605,False,False,True,"{'location': 'Бруклон | янында', 'restaurant_name': 'The Dome, Edinburgh'}","{'restaurant_name': 'The Dome, Edinburgh', 'location': 'Бруклон янында', 'datetime': None, 'party_size_description': None, 'party_size_number': None, 'cuisine': None, 'facility': None, 'restaurant_type': None, 'served_dish': None, 'sort': None}"
test_496,Бу альбомны Old School Death Metal-га өстә,AddToPlaylist,AddToPlaylist,True,0.9216,False,False,False,"{'music_item': 'альбомны', 'playlist': 'Old School Death Metal-га'}","{'playlist': 'Old School Death Metal', 'entity_name': 'бу альбом', 'music_item': 'альбом'}"
test_497,Jersey Boys телесериалын эзлә,SearchCreativeWork,SearchCreativeWork,True,0.971,False,False,False,"{'object_name': 'Jersey Boys', 'object_type': 'телесериалын'}","{'object_name': 'Jersey Boys', 'object_type': 'телесериал'}"
test_498,Алты ай эчендә Танжер янындагы иң яхшы пабта тугыз кешегә өстәл броньла,BookRestaurant,BookRestaurant,True,0.9746,False,False,False,"{'datetime': 'Алты ай эчендә', 'location': 'Танжер | янындагы', 'sort': 'иң яхшы', 'restaurant_type': 'пабта', 'party_size_number': 'тугыз'}","{'cuisine': None, 'datetime': 'алты ай эчендә', 'facility': None, 'location': 'Танжер янында', 'party_size_description': 'тугыз кеше', 'party_size_number': '9', 'restaurant_name': None, 'restaurant_type': None, 'served_dish': None, 'sort': None}"
test_499,Миңа Harkins Theatres-ында фильмларны күрсәт .,SearchScreeningEvent,SearchScreeningEvent,True,0.9105,False,False,False,"{'location': 'Harkins Theatres-ында', 'movie_type': 'фильмларны'}","{'location': 'Harkins Theatres', 'object_location_type': 'кинотеатр'}"
test_500,аларның кампусында шул ук райондагы чурраскарияга кичәгә заказ бир,BookRestaurant,BookRestaurant,True,0.9415,False,False,False,"{'location': 'аларның кампусында | шул ук райондагы', 'restaurant_type': 'чурраскарияга'}","{'cuisine': 'чурраскария', 'location': 'кампусында шул ук районда', 'party_size_description': None, 'party_size_number': None, 'restaurant_name': None, 'restaurant_type': None, 'served_dish': None, 'sort': None}"
