id,text,true_intent,pred_intent,intent_correct,confidence,weak_by_conf,weak_intent_real,weak_slot_real,true_slots,pred_slots
test_500,"забронируй вечеринку в их кампусе, в том же районе, что и чурраскария",BookRestaurant,BookRestaurant,True,0.9274,False,False,False,"{'location': 'их кампусе, | в том же районе,', 'restaurant_type': 'чурраскария'}","{'datetime': None, 'party_size_number': None, 'sort': None, 'restaurant_type': None, 'cuisine': None, 'location': 'в их кампусе, в том же районе, что и чурраскария'}"
test_499,Покажи мне фильмы в Харкинс Фитерс .,SearchScreeningEvent,SearchScreeningEvent,True,0.9658,False,False,False,"{'movie_type': 'фильмы', 'location': 'Харкинс Фитерс'}","{'location': 'Харкинс Фитерс', 'movie_name': None, 'movie_type': None, 'object_location_type': None, 'object_type': None}"
test_498,Забронируй столик на девять персон в лучшем пабе около Танжера через шесть месяцев,BookRestaurant,BookRestaurant,True,0.922,False,False,False,"{'party_size_number': 'девять', 'sort': 'лучшем', 'restaurant_type': 'пабе', 'location': 'около | Танжера', 'datetime': 'через шесть месяцев'}","{'datetime': 'шесть месяцев', 'party_size_number': 'девять', 'sort': 'лучше', 'restaurant_type': 'пабе', 'location': 'неподалеку от Танжера', 'cuisine': None, 'restaurant_name': None}"
test_497,Найди ТВ сериал Парни из Джерси,SearchCreativeWork,SearchCreativeWork,True,0.9513,False,False,False,"{'object_type': 'ТВ сериал', 'object_name': 'Парни из Джерси'}",{'object_name': 'Парни из Джерси'}
test_496,Добавь этот альбом к Old School Death Metal,AddToPlaylist,AddToPlaylist,True,0.8871,False,False,False,"{'music_item': 'альбом', 'playlist': 'Old School Death Metal'}","{'artist': 'Old School Death Metal', 'music_item': 'album', 'playlist': 'playlist', 'reference': 'не указано'}"
test_495,"Забронируй номер в The Dome, в Эдинбурге, недалеко от Бруклона",BookRestaurant,BookRestaurant,True,0.9324,False,False,True,"{'restaurant_name': 'The Dome, в Эдинбурге', 'location': 'недалеко | Бруклона'}","{'location': 'недалеко от Бруклона', 'restaurant_name': 'The Dome', 'city': 'Эдинбург'}"
test_494,Забронируй популярный ресторан на 5 персон,BookRestaurant,BookRestaurant,True,0.9482,False,False,False,"{'sort': 'популярный', 'restaurant_type': 'ресторан', 'party_size_number': '5'}","{'party_size_number': '5', 'restaurant_name': None, 'restaurant_type': None, 'cuisine': None, 'location': None, 'sort': None}"
test_493,филлис уорд и веронике нужен столик в ресторане через 152 дня,BookRestaurant,BookRestaurant,True,0.9085,False,False,True,"{'party_size_description': 'филлис уорд и веронике', 'restaurant_type': 'ресторане', 'datetime': 'через 152 дня'}","{'datetime': '152 дня', 'party_size_number': '2', 'sort': 'ресторан', 'restaurant_type': 'не указано', 'cuisine': 'не указано', 'location': 'не указано', 'served_dish': 'не указано'}"
test_492,найди книгу The Girl Who Was Plugged In,SearchCreativeWork,SearchCreativeWork,True,0.9608,False,False,False,"{'object_type': 'книгу', 'object_name': 'The Girl Who Was Plugged In'}",{'object_name': 'The Girl Who Was Plugged In'}
test_491,Найди мне ТВ шоу под названием Baby Blue,SearchCreativeWork,SearchScreeningEvent,False,0.9783,False,False,False,"{'object_type': 'ТВ шоу', 'object_name': 'Baby Blue'}","{'movie_name': 'Baby Blue', 'movie_type': None, 'object_location_type': None, 'object_type': None}"
test_490,поставь The Gift: Imagination and the Erotic Life of Property пять звезд,RateBook,RateBook,True,0.9638,False,False,False,"{'object_name': 'The Gift: Imagination and the Erotic Life of Property', 'rating_value': 'пять', 'rating_unit': 'звезд'}","{'best_rating': 'пять', 'object_name': 'The Gift: Imagination and the Erotic Life of Property', 'object_type': 'книга'}"
test_489,Я хочу послушать их от артиста Murcof,PlayMusic,PlayMusic,True,0.9424,False,False,False,"{'music_item': 'их', 'artist': 'Murcof'}","{'album': 'Murcof', 'artist': 'Murcof', 'datetime': None, 'genre': None, 'music_item': None, 'playlist': None, 'service': None, 'sort': None}"
test_488,"В travelling плейлист, пожалуйста, добавь эту песню Дэвида Гаана .",AddToPlaylist,AddToPlaylist,True,0.8998,False,False,False,"{'playlist': 'travelling', 'music_item': 'песню', 'artist': 'Дэвида Гаана'}","{'artist': 'Дэвид Гаан', 'music_item': 'песня', 'playlist': 'travelling', 'reference': 'this song'}"
test_487,Можешь найти мне the National Anthem of the Ancient Britons ТВ шоу ?,SearchCreativeWork,SearchScreeningEvent,False,0.9428,False,False,False,"{'object_name': 'National Anthem of the Ancient Britons', 'object_type': 'ТВ шоу'}","{'movie_name': 'The National Anthem of the Ancient Britons', 'movie_type': None, 'object_location_type': None, 'object_type': None}"
test_486,Добавь песню в Indie Hipster,AddToPlaylist,AddToPlaylist,True,0.9405,False,False,False,"{'music_item': 'песню', 'playlist': 'Indie Hipster'}","{'artist': 'Indie Hipster', 'music_item': 'песня', 'playlist': 'Indie Hipster'}"
test_485,добавь ирландию на детском евровидении 2015 в мой Jazzy Dinner плейлист,AddToPlaylist,AddToPlaylist,True,0.9083,False,False,False,"{'entity_name': 'ирландию на детском евровидении 2015', 'reference': 'мой', 'playlist': 'Jazzy Dinner'}","{'artist': 'Jazzy Dinner', 'entity_name': 'ирландию', 'music_item': 'Детский евровидение 2015', 'playlist': 'Jazzy Dinner'}"
test_484,какой прогноз погоды здесь в связи с метелью на пять часов вечера,weather/find,weather/find,True,0.9486,False,False,True,"{'location': 'здесь', 'condition_description': 'метелью', 'datetime': 'пять часов вечера'}","{'condition_description': 'метель', 'datetime': 'пять часов вечера', 'location': 'Moores Mill'}"
test_483,"Пожалуйста, найди мне Monty Python Live в Голливуд-боул .",SearchCreativeWork,SearchScreeningEvent,False,0.9489,False,False,False,{'object_name': 'Monty Python Live в Голливуд - боул'},"{'movie_name': 'Monty Python Live', 'location': 'Голливуд-боул'}"
test_482,Показывают ли No Time to Be Young в AMC Theaters,SearchScreeningEvent,SearchScreeningEvent,True,0.968,False,False,False,"{'movie_name': 'No Time to Be Young', 'location': 'AMC Theaters'}","{'movie_name': 'No Time to Be Young', 'movie_type': None, 'object_location_type': None, 'object_type': None}"
test_481,Сыграй любой блюз британский .,PlayMusic,PlayMusic,True,0.9481,False,False,True,{'genre': 'блюз британский'},"{'album': None, 'artist': None, 'genre': 'блюз', 'music_item': None, 'playlist': None, 'service': None, 'sort': None, 'track': None}"
test_480,Покажи расписание фильмов в округе,SearchScreeningEvent,SearchScreeningEvent,True,0.9685,False,False,False,"{'object_type': 'расписание фильмов', 'location': 'в округе'}","{'datetime': None, 'location': None, 'movie_name': None, 'movie_type': None, 'object_location_type': None, 'object_type': None}"
test_479,какой прогноз для Ваурики в Самоа,weather/find,weather/find,True,0.8857,False,False,False,{'location': 'Ваурики | Самоа'},"{'condition_description': 'прогноз', 'location': 'Ваурики', 'datetime': 'today'}"
test_478,Найди расписание фильмов для Wanda Group .,SearchScreeningEvent,SearchScreeningEvent,True,0.9648,False,False,False,"{'object_type': 'расписание фильмов', 'location': 'Wanda Group'}","{'movie_name': None, 'movie_type': None, 'object_location_type': None, 'object_type': None}"
test_477,какая погода здесь на два утра,weather/find,weather/find,True,0.9524,False,False,False,"{'location': 'здесь', 'datetime': 'два утра'}","{'condition_description': 'не указано', 'condition_temperature': 'не указано', 'datetime': 'два утра', 'location': 'не указано', 'weather/attribute': 'не указано'}"
test_476,Я хочу забронировать Oregon Electric Station в North City .,BookRestaurant,BookRestaurant,True,0.9296,False,False,True,"{'restaurant_name': 'Oregon Electric Station', 'location': 'North City'}","{'location': 'North City', 'restaurant_name': 'Oregon Electric Station', 'sort': None, 'cuisine': None, 'party_size_number': None, 'restaurant_type': None, 'served_dish': None}"
test_475,Какие фильмы показывают в округе,SearchScreeningEvent,SearchScreeningEvent,True,0.9521,False,False,False,"{'movie_type': 'фильмы', 'location': 'в округе'}","{'movie_name': None, 'movie_type': None, 'object_location_type': None, 'object_type': None, 'datetime': None}"
test_474,В какое время будет показ The Young Swordsman в моем кинотеатре ?,SearchScreeningEvent,SearchScreeningEvent,True,0.9637,False,False,True,"{'object_type': 'время', 'movie_name': 'The Young Swordsman', 'object_location_type': 'кинотеатре'}","{'movie_name': 'The Young Swordsman', 'movie_type': None, 'object_location_type': None, 'object_type': None}"
test_473,оцени текущий роман на ноль из 6,RateBook,RateBook,True,0.922,False,False,False,"{'object_select': 'текущий', 'object_type': 'роман', 'rating_value': 'ноль', 'best_rating': '6'}","{'best_rating': '0', 'object_name': 'роман', 'object_type': 'роман', 'rating_unit': None, 'rating_value': '0'}"
test_472,Добавь мартина барра в мой punk unplugged плейлист.,AddToPlaylist,AddToPlaylist,True,0.9361,False,False,False,"{'artist': 'мартина барра', 'reference': 'мой', 'playlist': 'punk unplugged'}","{'artist': 'Мартин Барра', 'entity_name': 'punk unplugged', 'music_item': None, 'playlist': 'punk unplugged', 'reference': None}"
test_471,Оцени The 8-Week Cholesterol Cure на три из 6 .,RateBook,RateBook,True,0.9495,False,False,False,"{'object_name': 'The 8-Week Cholesterol Cure', 'rating_value': 'три', 'best_rating': '6'}","{'best_rating': 'три', 'object_name': 'The 8-Week Cholesterol Cure', 'object_type': 'книга'}"
test_470,Показывают ли Редкие птицы в ближайшем кинотеатре в обед .,SearchScreeningEvent,SearchScreeningEvent,True,0.9506,False,False,True,"{'movie_name': 'Редкие птицы', 'location': 'ближайшем', 'object_location_type': 'кинотеатре', 'datetime': 'обед'}","{'movie_name': None, 'movie_type': None, 'object_location_type': None, 'object_type': None, 'datetime': None}"
test_469,оцени этот альбом на 5 баллов,RateBook,RateBook,True,0.9502,False,False,False,"{'object_select': 'этот', 'object_type': 'альбом', 'rating_value': '5'}","{'best_rating': '5', 'object_name': 'альбом', 'object_type': 'альбом'}"
test_468,Найди мне роман с названием To Lose My Life …,SearchCreativeWork,SearchCreativeWork,True,0.954,False,False,False,"{'object_type': 'роман', 'object_name': 'To Lose My Life'}","{'object_name': 'To Lose My Life …', 'object_type': 'роман'}"
test_467,добавь Highway Patrolman в мой плейлист this is al green,AddToPlaylist,AddToPlaylist,True,0.9593,False,False,False,"{'entity_name': 'Highway Patrolman', 'reference': 'мой', 'playlist': 'this is al green'}","{'artist': 'this is al green', 'music_item': 'Highway Patrolman', 'playlist': 'this is al green'}"
test_466,Добавь artist от mike в Sexy as Folk плейлист.,AddToPlaylist,AddToPlaylist,True,0.9598,False,False,False,"{'music_item': 'artist', 'artist': 'mike', 'playlist': 'Sexy as Folk'}","{'artist': 'mike', 'entity_name': 'Sexy as Folk', 'music_item': None, 'playlist': 'плейлист', 'reference': None}"
test_465,Я хочу анимационные фильмы в MJR Theatres,SearchScreeningEvent,SearchScreeningEvent,True,0.9448,False,False,False,"{'movie_type': 'анимационные фильмы', 'location': 'MJR Theatres'}","{'movie_name': None, 'movie_type': None, 'object_location_type': None, 'object_type': None}"
test_464,Дай две звезды из 6 для 36 Children,RateBook,RateBook,True,0.9528,False,False,False,"{'rating_value': 'две', 'rating_unit': 'звезды', 'best_rating': '6', 'object_name': '36 Children'}","{'best_rating': '2', 'object_name': '36 Children', 'object_type': 'книга'}"
test_463,Можешь найти мне трейлер Синей весны ?,SearchCreativeWork,SearchScreeningEvent,False,0.9605,False,False,False,"{'object_type': 'трейлер', 'object_name': 'Синей весны'}","{'movie_name': 'Синяя весна', 'movie_type': None, 'object_location_type': None, 'object_type': None}"
test_462,Включи что-нибудь из 90s Pop Rock Essentials,PlayMusic,PlayMusic,True,0.8779,False,False,False,{'playlist': '90s Pop Rock Essentials'},"{'album': '90s Pop Rock Essentials', 'genre': '90s Pop Rock', 'music_item': '90s Pop Rock Essentials', 'playlist': '90s Pop Rock Essentials', 'service': 'music', 'sort': '90s Pop Rock Essentials'}"
test_461,добавь этот трек в мой Hands Up плейлист,AddToPlaylist,AddToPlaylist,True,0.9459,False,False,False,"{'music_item': 'трек', 'reference': 'мой', 'playlist': 'Hands Up'}","{'artist': 'Hands Up', 'music_item': 'трек', 'playlist': 'Hands Up', 'reference': 'трек'}"
test_460,Забронируй место для 9,BookRestaurant,BookRestaurant,True,0.9758,False,False,False,{'party_size_number': '9'},"{'datetime': 'триста тридцать три дня вперед', 'party_size_number': '9', 'sort': 'высоко оцененном', 'restaurant_type': 'быстрого питания', 'cuisine': 'североиндийскую', 'location': 'недалеко от Moores Mill'}"
test_459,Будет ли Без свидетелей показываться двадцать два часа спустя,SearchScreeningEvent,SearchScreeningEvent,True,0.95,False,False,False,"{'movie_name': 'Без свидетелей', 'datetime': 'двадцать два часа спустя'}","{'datetime': 'двадцать два часа спустя', 'movie_name': None, 'movie_type': None, 'object_location_type': None, 'object_type': None}"
test_458,Я хочу забронировать стейк-хаус на хребте Вими .,BookRestaurant,BookRestaurant,True,0.9054,False,False,False,"{'restaurant_type': 'стейк-хаус', 'location': 'хребте Вими'}","{'restaurant_name': 'стейк-хаус', 'location': 'хребте Вими', 'party_size_description': None, 'party_size_number': None, 'restaurant_type': 'стейк-хаус', 'cuisine': None, 'sort': None}"
test_457,Добавь песню boy george в Emo Forever плейлист.,AddToPlaylist,AddToPlaylist,True,0.9681,False,False,False,"{'music_item': 'песню', 'artist': 'boy george', 'playlist': 'Emo Forever'}","{'artist': 'boy george', 'entity_name': 'Emo Forever', 'music_item': None, 'playlist': 'Emo Forever', 'reference': None}"
test_456,Я хочу поесть в Ramona,BookRestaurant,BookRestaurant,True,0.925,False,False,False,{'location': 'Ramona'},"{'restaurant_name': 'Ramona', 'cuisine': None, 'party_size_number': None, 'sort': None, 'location': None, 'restaurant_type': None}"
test_455,"Пожалуйста, найди Three Essays on the Theory of Sexuality шоу .",SearchCreativeWork,SearchScreeningEvent,False,0.9503,False,False,False,"{'object_name': 'Three Essays on the Theory of Sexuality', 'object_type': 'шоу'}","{'movie_name': 'Three Essays on the Theory of Sexuality', 'movie_type': None, 'object_location_type': None, 'object_type': None}"
test_454,Будет ли дождь в Тенино ?,weather/find,weather/find,True,0.9295,False,False,True,"{'condition_description': 'дождь', 'location': 'Тенино'}","{'condition_description': 'будет дождь', 'location': 'Тенино', 'datetime': None}"
test_453,Я хочу забронировать bougatsa restaurant в следующем году около Penn на троих персон.,BookRestaurant,BookRestaurant,True,0.9181,False,False,True,"{'cuisine': 'bougatsa', 'restaurant_type': 'restaurant', 'datetime': 'следующем году', 'location': 'около | Penn', 'party_size_number': 'троих'}","{'datetime': 'в следующем году', 'party_size_number': 'троих', 'restaurant_name': 'bougatsa restaurant', 'location': 'неподалеку от Penn'}"
test_452,сыграй что-то семидесятое от Филиппа Киркорова,PlayMusic,PlayMusic,True,0.9047,False,False,False,"{'datetime': 'семидесятое', 'artist': 'Филиппа Киркорова'}","{'album': 'семидесятое', 'artist': 'Филипп Киркоров', 'genre': 'pop', 'music_item': 'семидесятое', 'playlist': None, 'service': None, 'sort': None, 'track': None}"
test_451,"Можешь найти книгу Париж, когда там жара ?",SearchCreativeWork,SearchCreativeWork,True,0.9666,False,False,False,"{'object_type': 'книгу', 'object_name': 'Париж, когда там жара'}","{'object_name': 'Париж', 'object_type': 'книга'}"
test_450,Оцени текущий роман на 3 звезды,RateBook,RateBook,True,0.9259,False,False,False,"{'object_select': 'текущий', 'object_type': 'роман', 'rating_value': '3', 'rating_unit': 'звезды'}","{'best_rating': '3', 'object_name': 'текущий роман', 'object_type': 'книга', 'object_part_of_series_type': None, 'object_select': None}"
test_449,Включи Пола Маккартни,PlayMusic,BookRestaurant,False,0.9271,False,False,False,{'artist': 'Пола Маккартни'},"{'restaurant_name': 'Пола Маккартни', 'party_size_number': 'восемь', 'sort': 'высоко оцененном', 'cuisine': 'североиндийскую', 'location': None, 'restaurant_type': 'быстрого питания'}"
test_448,я хочу увидеть Я мечтаю о Джинни в кинотеатре,SearchScreeningEvent,SearchScreeningEvent,True,0.9551,False,False,True,"{'movie_name': 'Я мечтаю о Джинни', 'object_location_type': 'кинотеатре'}","{'movie_name': 'Джинни', 'movie_type': None, 'object_location_type': None, 'object_type': None}"
test_447,"Пожалуйста, найди мне работу Serious Awesomeness !.",SearchCreativeWork,SearchCreativeWork,True,0.9313,False,False,False,{'object_name': 'Serious Awesomeness'},"{'object_name': 'Serious Awesomeness !', 'object_type': 'work'}"
test_446,Включи Trance Life в Zvooq .,PlayMusic,AddToPlaylist,False,0.9487,False,False,False,"{'playlist': 'Trance Life', 'service': 'Zvooq'}","{'artist': 'Trance Life', 'music_item': None, 'playlist': 'Zvooq', 'reference': None}"
test_445,"Пожалуйста, найди мне Compulsive Disclosure песню .",SearchCreativeWork,SearchCreativeWork,True,0.9626,False,False,False,"{'object_name': 'Compulsive Disclosure', 'object_type': 'песню'}","{'object_name': 'Compulsive Disclosure', 'object_type': 'песня'}"
test_444,Найди ТВ шоу Meet the Prince,SearchCreativeWork,SearchScreeningEvent,False,0.9754,False,False,False,"{'object_type': 'ТВ шоу', 'object_name': 'Meet the Prince'}","{'movie_name': 'Meet the Prince', 'movie_type': None, 'object_location_type': None, 'object_type': None}"
test_443,Мне нужен список Speakeasy Theaters с показом фильмов,SearchScreeningEvent,SearchScreeningEvent,True,0.9542,False,False,False,"{'location': 'Speakeasy Theaters', 'object_type': 'фильмов'}","{'movie_name': None, 'movie_type': None, 'object_location_type': None, 'object_type': None}"
test_442,Какая погода будет в Вирджинии на День святого Патрика ?,weather/find,weather/find,True,0.9545,False,False,False,"{'location': 'Вирджинии', 'datetime': 'День святого Патрика'}","{'condition_description': 'не указано', 'condition_temperature': 'не указано', 'datetime': 'День святого Патрика', 'location': 'Вирджиния', 'weather/attribute': 'не указано'}"
test_441,Мне нужен столик на 4 в Saint Helena в Settha Palace Hotel,BookRestaurant,BookRestaurant,True,0.9253,False,False,True,"{'party_size_number': '4', 'location': 'Saint Helena', 'restaurant_name': 'Settha Palace Hotel'}","{'location': 'Saint Helena', 'party_size_number': '4', 'restaurant_name': 'Settha Palace Hotel', 'sort': None, 'cuisine': None, 'facility': None}"
test_440,дай текущей летописи пять из 6 очков,RateBook,RateBook,True,0.9345,False,False,True,"{'object_select': 'текущей', 'object_part_of_series_type': 'летописи', 'rating_value': 'пять', 'best_rating': '6', 'rating_unit': 'очков'}","{'best_rating': '5', 'object_name': 'книга', 'object_part_of_series_type': None, 'object_select': None, 'object_type': 'книга', 'rating_unit': None, 'rating_value': '5'}"
test_439,Найди анимационные фильмы рядом,SearchScreeningEvent,SearchScreeningEvent,True,0.9541,False,False,False,"{'movie_type': 'анимационные фильмы', 'location': 'рядом'}","{'movie_name': None, 'movie_type': None, 'object_location_type': None, 'object_type': None}"
test_438,Давай послушаем что-то от Andrew Hewitt .,PlayMusic,SearchCreativeWork,False,0.9339,False,False,False,{'artist': 'Andrew Hewitt'},"{'object_name': 'Andrew Hewitt', 'object_type': 'music'}"
test_437,оцени текущее эссе на ноль из 6 звезд,RateBook,none,False,0.0,True,False,False,"{'object_select': 'текущее', 'object_type': 'эссе', 'rating_value': 'ноль', 'best_rating': '6', 'rating_unit': 'звезд'}",{}
test_436,Добавь песню в this is racionais mc's,AddToPlaylist,AddToPlaylist,True,0.9521,False,False,False,"{'music_item': 'песню', 'playlist': ""this is racionais mc's""}","{'artist': ""this is racionais mc's"", 'music_item': ""this is racionais mc's"", 'playlist': ""this is racionais mc's"", 'reference': ""this is racionais mc's""}"
test_435,Показывают ли Babar: King of the Elephants,SearchScreeningEvent,SearchScreeningEvent,True,0.957,False,False,False,{'movie_name': 'Babar: King of the Elephants'},"{'movie_name': 'Babar: King of the Elephants', 'movie_type': None, 'object_location_type': None, 'object_type': None}"
test_434,Я хочу столик в James D. Conrey House в Urbank California,BookRestaurant,BookRestaurant,True,0.9215,False,False,True,"{'restaurant_name': 'James D. Conrey House', 'location': 'Urbank | California'}","{'location': 'James D. Conrey House', 'restaurant_name': 'James D. Conrey House', 'party_size_number': None, 'sort': None, 'cuisine': None, 'restaurant_type': None}"
test_433,Оцени текущую серию на 4 очка,RateBook,RateBook,True,0.92,False,False,True,"{'object_select': 'текущую', 'object_part_of_series_type': 'серию', 'rating_value': '4', 'rating_unit': 'очка'}","{'best_rating': '4', 'object_name': 'серия', 'object_select': None, 'object_type': 'серия'}"
test_432,Дай ноль звезд этому учебнику,RateBook,RateBook,True,0.9246,False,False,False,"{'rating_value': 'ноль', 'rating_unit': 'звезд', 'object_select': 'этому', 'object_type': 'учебнику'}","{'best_rating': '0', 'object_name': 'учебник', 'object_type': 'учебник'}"
test_431,Дай The Crystal Snare 5 звезд,RateBook,RateBook,True,0.945,False,False,False,"{'object_name': 'The Crystal Snare', 'rating_value': '5', 'rating_unit': 'звезд'}","{'best_rating': '5', 'object_name': 'The Crystal Snare', 'object_type': 'книга'}"
test_430,Включи Subconscious Lobotomy от Дженнифер Полл .,PlayMusic,SearchCreativeWork,False,0.9511,False,False,True,"{'album': 'Subconscious Lobotomy', 'artist': 'Дженнифер Полл'}","{'object_name': 'Subconscious Lobotomy', 'object_type': 'книга'}"
test_103,Отмени следующий будильник,alarm/cancel_alarm,alarm/cancel_alarm,True,0.8776,False,False,False,{'reference': 'следующий'},{'datetime': ' '}
test_104,Напомни мне сходить в продуктовый магазин сегодня,reminder/set_reminder,reminder/set_alarm,False,0.9152,False,False,False,"{'reminder/todo': 'сходить в продуктовый магазин', 'datetime': 'сегодня'}",{'datetime': 'today'}
test_105,отмени мои напоминания на следующую неделю,reminder/cancel_reminder,reminder/cancel_reminder,True,0.9056,False,False,False,"{'reference': 'мои', 'datetime': 'следующую неделю'}",{'reference': 'на следующую неделю'}
test_106,напомни мне отвести собаку к грумеру во вторник в 3 часа,reminder/set_reminder,reminder/set_alarm,False,0.9112,False,False,False,"{'reminder/todo': 'отвести собаку к грумеру', 'datetime': 'вторник в 3 часа'}","{'datetime': 'в вторник в 3 часа', 'reference': 'отвести собаку к грумеру'}"
test_107,Напомни мне забрать цветы для Джен на нашу годовщину на 28-е.,reminder/set_reminder,reminder/set_reminder,True,0.9222,False,False,False,"{'reminder/todo': 'забрать цветы для Джен на нашу годовщину', 'datetime': '28-е'}","{'datetime': '28-е', 'reference': 'Джен', 'reminder/todo': 'забрать цветы'}"
test_109,Напомни мне записаться к доктору завтра.,reminder/set_reminder,reminder/set_alarm,False,0.9079,False,False,False,"{'reminder/todo': 'записаться к доктору', 'datetime': 'завтра'}","{'datetime': 'завтра', 'reference': 'доктор'}"
test_111,Нужно ли взять дождевик?,weather/find,weather/find,True,0.9333,False,False,False,{'weather/attribute': 'дождевик'},{'condition_description': 'дождь'}
test_150,Покажи все мои напоминания,reminder/show_reminders,none,False,0.8834,True,False,False,{'reference': 'все мои'},{}
test_247,Установи будильник на 5 вечера сегодня,alarm/set_alarm,alarm/set_alarm,True,0.9275,False,False,False,{'datetime': '5 вечера сегодня'},"{'datetime': '5 вечера сегодня', 'reference': None}"
test_248,установи будильник на 7 завтра,alarm/set_alarm,alarm/set_alarm,True,0.9374,False,False,False,{'datetime': '7 завтра'},{'datetime': '7 завтра'}
test_253,"Пожалуйста, найди мне видеоигру под названием 20 Hours in America .",SearchCreativeWork,SearchCreativeWork,True,0.9666,False,False,False,"{'object_type': 'видеоигру', 'object_name': '20 Hours in America'}","{'object_name': '20 Hours in America', 'object_type': 'видеоигра'}"
test_257,Включи новую музыку на Last Fm от Eddie Vinson .,PlayMusic,PlayMusic,True,0.9089,False,False,False,"{'sort': 'новую', 'music_item': 'музыку', 'service': 'Last Fm', 'artist': 'Eddie Vinson'}","{'album': 'Eddie Vinson', 'artist': 'Eddie Vinson', 'music_item': 'новая музыка', 'playlist': None, 'service': None, 'sort': None, 'track': None}"
test_258,Проверь прогноз погоды в Небраске .,weather/find,weather/find,True,0.8966,False,False,False,{'location': 'Небраске'},"{'condition_description': 'прогноз погоды', 'location': 'Небраске', 'datetime': None}"
test_259,Есть ли гроза сейчас в ЮК ?,weather/find,weather/find,True,0.9599,False,False,True,"{'condition_description': 'гроза', 'datetime': 'сейчас', 'location': 'ЮК'}","{'condition_description': 'гроза', 'location': 'ЮК'}"
test_264,Я хочу забронировать сунданский гастропаб где-то в Техасе на 3 персоны на 5/20/2025 .,BookRestaurant,BookRestaurant,True,0.9502,False,False,True,"{'cuisine': 'сунданский', 'restaurant_type': 'гастропаб', 'location': 'где-то | Техасе', 'party_size_number': '3', 'datetime': '5/20/2025'}","{'datetime': '5/20/2025', 'party_size_number': '3', 'restaurant_type': 'гастропаб', 'cuisine': 'сунданский', 'location': 'Техасе'}"
test_269,Я хочу забронировать еврейский ресторан в Гамбии .,BookRestaurant,BookRestaurant,True,0.9077,False,False,True,"{'cuisine': 'еврейский', 'restaurant_type': 'ресторан', 'location': 'Гамбии'}","{'cuisine': 'еврейский', 'location': 'Гамбия', 'restaurant_name': None, 'restaurant_type': None, 'party_size_number': None, 'sort': None}"
test_273,"Погода в Уолден, Россия на 12/26/2018",weather/find,weather/find,True,0.9403,False,False,False,"{'location': 'Уолден, | Россия', 'datetime': '12/26/2018'}","{'condition_description': 'Погода', 'condition_temperature': None, 'datetime': '12/26/2018', 'location': 'Уолден', 'weather/attribute': None}"
test_274,Я хочу забронировать ресторан для моего тестя и себя в Банкере через год .,BookRestaurant,BookRestaurant,True,0.9295,False,False,True,"{'restaurant_type': 'ресторан', 'party_size_description': 'моего тестя и себя', 'location': 'Банкере', 'datetime': 'через год'}","{'datetime': 'год', 'party_size_number': '2', 'restaurant_name': 'Банкере', 'restaurant_type': None, 'cuisine': None, 'location': None}"
test_285,"Пожалуйста, забронируй мне столик в бистро, где подают lorna doone .",BookRestaurant,BookRestaurant,True,0.8798,False,False,True,"{'restaurant_type': 'бистро,', 'served_dish': 'lorna doone'}","{'restaurant_name': 'бистро', 'cuisine': 'lorna doone', 'location': None, 'party_size_number': None, 'sort': None, 'restaurant_type': 'бистро', 'served_dish': 'lorna doone', 'facility': None}"
test_286,Оцени The Mystery of the Tolling Bell серию 4 звездами .,RateBook,RateBook,True,0.9673,False,False,True,"{'object_name': 'The Mystery of the Tolling Bell', 'object_part_of_series_type': 'серию', 'rating_value': '4', 'rating_unit': 'звездами'}","{'best_rating': '4', 'object_name': 'The Mystery of the Tolling Bell', 'object_type': 'сериал'}"
test_288,Проверь расписание для Snowbound в ближайшем кинотеатре .,SearchScreeningEvent,SearchScreeningEvent,True,0.9658,False,False,True,"{'movie_name': 'Snowbound', 'location': 'ближайшем', 'object_location_type': 'кинотеатре'}","{'movie_name': None, 'movie_type': None, 'object_location_type': None, 'object_type': None, 'datetime': None}"
test_291,Будет I Think I Do показываться в 7 вечера ?,SearchScreeningEvent,SearchScreeningEvent,True,0.9321,False,False,False,"{'movie_name': 'I Think I Do', 'datetime': '7 вечера'}","{'movie_name': 'I Think I Do', 'datetime': '7 вечера'}"
test_295,"Какой прогноз погоды для государственного парка Боте-Напа-Вэлли рядом на февраль, 20 ?",weather/find,weather/find,True,0.9273,False,False,False,"{'location': 'государственного парка Боте-Напа-Вэлли | рядом', 'datetime': 'февраль, 20'}","{'condition_description': 'прогноз погоды', 'location': 'государственный парк Боте-Напа-Вэлли', 'datetime': 'февраль', 'weather/attribute': 'прогноз погоды'}"
test_299,Оцени Soul Music на 0 .,RateBook,RateBook,True,0.9593,False,False,False,"{'object_name': 'Soul Music', 'rating_value': '0'}","{'best_rating': '0', 'object_name': 'Soul Music', 'object_type': 'книга'}"
test_301,Включи All Things Must Pass .,PlayMusic,PlayMusic,True,0.9696,False,False,True,{'track': 'All Things Must Pass'},"{'album': 'All Things Must Pass', 'artist': None, 'datetime': None, 'genre': None, 'music_item': None, 'playlist': None, 'service': None, 'sort': None, 'track': None}"
test_304,Включи музыку на Netflix .,PlayMusic,PlayMusic,True,0.9722,False,False,False,{'service': 'Netflix'},"{'album': None, 'artist': None, 'datetime': None, 'genre': None, 'music_item': None, 'playlist': None, 'service': None, 'sort': None, 'track': None}"
test_305,Я хочу увидеть Shattered Image .,SearchScreeningEvent,SearchCreativeWork,False,0.9404,False,False,False,{'movie_name': 'Shattered Image'},"{'object_name': 'Shattered Image', 'object_type': 'film'}"
test_310,какой прогноз для жаркой погоды в государственном парке Саутфорд-Фоллс,weather/find,weather/find,True,0.9122,False,False,True,"{'condition_temperature': 'жаркой', 'location': 'государственном парке Саутфорд-Фоллс'}","{'condition_description': 'жаркая погода', 'location': 'Саутфорд-Фоллс', 'datetime': 'today'}"
test_311,"Пожалуйста, забронируй мне столик в пиццерии с парковкой в Гане .",BookRestaurant,BookRestaurant,True,0.9002,False,False,True,"{'restaurant_type': 'пиццерии', 'facility': 'парковкой', 'location': 'Гане'}","{'location': 'Гане', 'restaurant_type': 'пиццерия', 'party_size_number': None, 'sort': None, 'cuisine': None, 'facility': 'парковка'}"
test_312,Я хочу услышать семидесятые саундтреки .,PlayMusic,PlayMusic,True,0.9493,False,False,False,"{'datetime': 'семидесятые', 'music_item': 'саундтреки'}","{'album': None, 'artist': None, 'datetime': None, 'genre': None, 'music_item': None, 'playlist': None, 'service': None, 'sort': None, 'track': None}"
test_313,Погода через два часа в Узбекистане,weather/find,weather/find,True,0.9238,False,False,False,"{'datetime': 'через два часа', 'location': 'Узбекистане'}","{'condition_description': 'погода', 'location': 'Узбекистан', 'datetime': 'через два часа'}"
test_314,"Пожалуйста, найди мне Journal of the British Astronomical Association фильм .",SearchCreativeWork,SearchCreativeWork,True,0.9562,False,False,False,"{'object_name': 'Journal of the British Astronomical Association', 'object_type': 'фильм'}","{'object_name': 'Journal of the British Astronomical Association', 'object_type': 'фильм'}"
test_315,"Забронируй столик на 8 человек в Уордвилле, Канзас",BookRestaurant,BookRestaurant,True,0.9524,False,False,False,"{'party_size_number': '8', 'location': 'Уордвилле | Канзасе'}","{'party_size_number': '8', 'location': 'Уордвилле, Канзас', 'restaurant_type': None, 'cuisine': None, 'sort': None}"
test_316,Какой будет погода далеко отсюда ?,weather/find,weather/find,True,0.9446,False,False,False,{'location': 'далеко | отсюда'},"{'condition_description': 'не указано', 'condition_temperature': 'не указано', 'datetime': 'не указано', 'location': 'не указано', 'weather/attribute': 'не указано'}"
test_321,Какой будет погода в ноябре в Брукниле ?,weather/find,weather/find,True,0.9224,False,False,False,"{'datetime': 'ноябре', 'location': 'Бруклине'}","{'condition_description': 'неизвестно', 'condition_temperature': 'неизвестно', 'datetime': 'november', 'location': 'Брукниле', 'weather/attribute': 'неизвестно'}"
test_325,какие фильмы в Star Theatres .,SearchScreeningEvent,SearchScreeningEvent,True,0.9724,False,False,False,"{'movie_type': 'фильмы', 'location': 'Star Theatres'}","{'movie_name': None, 'movie_type': None, 'object_location_type': None, 'object_type': None}"
test_330,Дай одну звезду текущей книге,RateBook,RateBook,True,0.9195,False,False,False,"{'rating_value': 'одну', 'object_select': 'текущей', 'object_type': 'книге'}","{'best_rating': 'одна', 'object_name': 'книга', 'object_type': 'книга'}"
test_345,"Пожалуйста, найди мне ТВ сериал , Now We Are Married .",SearchCreativeWork,SearchCreativeWork,True,0.9625,False,False,False,"{'object_type': 'ТВ сериал', 'object_name': 'Now We Are Married'}","{'object_name': 'Now We Are Married', 'object_type': 'сериал'}"
test_356,Я хочу увидеть The Portrait of a Lady в ближайшем кинотеатре .,SearchScreeningEvent,SearchScreeningEvent,True,0.9592,False,False,True,"{'movie_name': 'The Portrait of a Lady', 'location': 'ближайшем', 'object_location_type': 'кинотеатре'}","{'movie_name': 'The Portrait of a Lady', 'movie_type': None, 'object_location_type': None, 'object_type': None}"
test_357,"Пожалуйста, найди мне Phineas Redux .",SearchCreativeWork,SearchCreativeWork,True,0.9539,False,False,False,{'object_name': 'Phineas Redux'},{'object_name': 'Phineas Redux'}
test_360,Какой будет погода в Памятнике Лихуле в декабре 5-го ?,weather/find,weather/find,True,0.9383,False,False,False,"{'location': 'Памятнике Лихуле', 'datetime': 'декабре 5-го'}","{'condition_description': 'не указано', 'condition_temperature': 'не указано', 'datetime': 'декабрь', 'location': 'Памятник Лихуле', 'weather/attribute': 'не указано'}"
test_363,"Какая погода в Тионеке , Нью-Джерси",weather/find,weather/find,True,0.9543,False,False,False,{'location': 'Тионеке | Нью-Джерси'},"{'condition_description': 'не указано', 'condition_temperature': 'не указано', 'datetime': 'не указано', 'location': 'Тионеке, Нью-Джерси', 'weather/attribute': 'не указано'}"
test_365,забронируй место для моих племянниц и меня в чайном доме,BookRestaurant,BookRestaurant,True,0.8857,False,False,True,"{'party_size_description': 'моих племянниц и меня', 'restaurant_type': 'чайном доме'}","{'party_size_number': '2', 'restaurant_name': 'чайный дом', 'cuisine': None, 'location': None, 'sort': None}"
test_366,Будет ли жарко в Нидерландах в феврале 16-го ?,weather/find,weather/find,True,0.9239,False,False,True,"{'condition_temperature': 'жарко', 'location': 'Нидерландах', 'datetime': 'феврале 16-го'}","{'condition_description': 'Будет ли жарко', 'condition_temperature': 'в феврале', 'location': 'Нидерланды', 'datetime': '16-го'}"
test_367,Я хочу добавить jordan rudess в Divertido para niños плейлист.,AddToPlaylist,AddToPlaylist,True,0.9574,False,False,False,"{'artist': 'jordan rudess', 'playlist': 'Divertido para niños'}","{'artist': 'jordan rudess', 'entity_name': 'Divertido para niños', 'music_item': None, 'playlist': 'плейлист', 'reference': None}"
test_369,Забронируй мне столик в лучшем бистро,BookRestaurant,BookRestaurant,True,0.9457,False,False,False,"{'sort': 'лучшем', 'restaurant_type': 'бистро'}","{'datetime': None, 'party_size_number': None, 'sort': 'лучше', 'restaurant_type': 'бистро', 'cuisine': None, 'location': None}"
test_372,Какой будет погода в Огайо ?,weather/find,weather/find,True,0.96,False,False,False,{'location': 'Огайо'},"{'condition_description': 'не указано', 'condition_temperature': 'не указано', 'datetime': 'не указано', 'location': 'Огайо', 'weather/attribute': 'не указано'}"
test_374,Забронируй столик для моих малышей и меня,BookRestaurant,BookRestaurant,True,0.8914,False,False,True,{'party_size_description': 'моих малышей и меня'},"{'party_size_number': '3', 'restaurant_type': 'кафе', 'cuisine': 'не указано', 'location': 'не указано', 'sort': 'не указано'}"
test_392,Я хочу забронировать массаж в спа .,BookRestaurant,BookRestaurant,True,0.8885,False,False,True,"{'restaurant_type': 'массаж', 'facility': 'спа'}",{'sort': 'спа'}
test_417,"Пожалуйста, найди телевизионное шоу , Episodi di The Blacklist .",SearchCreativeWork,SearchScreeningEvent,False,0.9475,False,False,False,"{'object_type': 'телевизионное шоу', 'object_name': 'Episodi di The Blacklist'}","{'movie_name': 'Episodi di The Blacklist', 'movie_type': 'телевизионное шоу', 'object_location_type': None, 'object_type': 'телевизионное шоу'}"
test_418,"какой прогноз для холодной погоды, начиная с Дня закона здесь",weather/find,weather/find,True,0.9224,False,False,True,"{'condition_temperature': 'холодной', 'datetime': 'Дня закона', 'location': 'здесь'}","{'condition_description': 'холодная погода', 'datetime': 'День закона', 'location': 'Moores Mill'}"
test_419,Я хочу забронировать ресторан на десять человек.,BookRestaurant,BookRestaurant,True,0.9373,False,False,False,"{'restaurant_type': 'ресторан', 'party_size_number': 'десять'}",{'party_size_number': 'десять'}
test_420,Включи что-то от Duke Ellington из семидесятых,PlayMusic,SearchCreativeWork,False,0.92,False,False,False,"{'artist': 'Duke Ellington', 'datetime': 'семидесятых'}","{'object_name': 'Duke Ellington', 'object_type': 'музыкант'}"
test_421,Оцени Cotton Comes to Harlem на 2,RateBook,RateBook,True,0.9578,False,False,False,"{'object_name': 'Cotton Comes to Harlem', 'rating_value': '2'}","{'best_rating': '2', 'object_name': 'Cotton Comes to Harlem', 'object_type': 'книга'}"
test_422,Добавь песню в мой плейлист madden nfl 16,AddToPlaylist,AddToPlaylist,True,0.9156,False,False,False,"{'music_item': 'песню', 'reference': 'мой', 'playlist': 'madden nfl 16'}","{'artist': 'Madden NFL 16', 'music_item': 'песня', 'playlist': 'Madden NFL 16', 'reference': 'песня'}"
test_423,Добавь Toyan в мой Epic Gaming плейлист.,AddToPlaylist,AddToPlaylist,True,0.9471,False,False,False,"{'artist': 'Toyan', 'reference': 'мой', 'playlist': 'Epic Gaming'}","{'artist': 'Toyan', 'playlist': 'Epic Gaming', 'music_item': None, 'reference': None}"
test_424,включи что-то новое от Les Vandyke на Slacker,PlayMusic,AddToPlaylist,False,0.9331,False,False,False,"{'sort': 'новое', 'artist': 'Les Vandyke', 'service': 'Slacker'}","{'artist': 'Les Vandyke', 'entity_name': 'Slacker', 'music_item': None, 'playlist': 'null', 'reference': None}"
test_425,оцени Three Junes одним баллом из 6,RateBook,RateBook,True,0.9283,False,False,False,"{'object_name': 'Three Junes', 'rating_value': 'одним', 'best_rating': '6'}","{'best_rating': '1', 'object_name': 'Three Junes', 'object_type': 'книга', 'rating_unit': 'балл из 6', 'rating_value': '1'}"
test_426,Забронируй столик на девять людей в пекарне в Нуньес,BookRestaurant,BookRestaurant,True,0.9176,False,False,False,"{'party_size_number': 'девять', 'restaurant_type': 'пекарне', 'location': 'Нуньес'}","{'party_size_number': 'девять', 'restaurant_name': None, 'restaurant_type': None, 'cuisine': None, 'location': 'Нуньес', 'sort': None}"
test_427,Оцени этот текущий роман двумя баллами из 6 .,RateBook,RateBook,True,0.9147,False,False,False,"{'object_select': 'этот текущий', 'object_type': 'роман', 'rating_value': 'двумя', 'best_rating': '6'}","{'best_rating': '2', 'object_name': 'роман', 'object_type': 'роман'}"
test_428,Включи The Happy Blues от Ronnie Wood .,PlayMusic,PlayMusic,True,0.974,False,False,True,"{'album': 'The Happy Blues', 'artist': 'Ronnie Wood'}","{'album': 'The Happy Blues', 'artist': 'Ronnie Wood', 'datetime': None, 'genre': None, 'music_item': None, 'playlist': None, 'service': None, 'sort': None, 'track': None}"
test_429,Включи симфонию из 2013 .,PlayMusic,SearchCreativeWork,False,0.9167,False,False,False,"{'music_item': 'симфонию', 'datetime': '2013'}","{'object_name': 'симфония', 'object_type': 'симфония'}"
,Забронируй мне столик в лучшем кафе.,BookRestaurant,BookRestaurant,True,0.9279,False,False,False,"{'sort': 'лучшем', 'restaurant_type': 'кафе'}","{'sort': 'лучшее', 'restaurant_type': None, 'cuisine': None, 'location': None, 'party_size_number': None, 'restaurant_name': None, 'served_dish': None}"
,Оцени текущий учебник на 1 из 6.,RateBook,RateBook,True,0.9436,False,False,False,"{'object_select': 'текущий', 'object_type': 'учебник', 'rating_value': '1', 'best_rating': '6'}","{'best_rating': '1', 'object_name': 'учебник', 'object_type': 'учебник'}"
,В какое время показывают фильм,SearchScreeningEvent,SearchScreeningEvent,True,0.966,False,False,False,{'object_type': 'время показывают фильм'},"{'movie_name': None, 'movie_type': None, 'object_location_type': None, 'object_type': None, 'datetime': None}"
,Какая погода будет в Огайо?,weather/find,weather/find,True,0.9621,False,False,False,{'location': 'Огайо'},"{'condition_description': 'не указано', 'condition_temperature': 'не указано', 'datetime': 'не указано', 'location': 'Огайо', 'weather/attribute': 'не указано'}"
,Добавь этого исполнителя в Showstopper Being Mary Jane.,AddToPlaylist,AddToPlaylist,True,0.9409,False,False,False,"{'music_item': 'исполнителя', 'playlist': 'Showstopper Being Mary Jane'}","{'artist': 'Being Mary Jane', 'music_item': None, 'playlist': 'Showstopper', 'reference': None}"
,Забронируй столик для меня и моих детей.,BookRestaurant,BookRestaurant,True,0.8671,False,False,True,{'party_size_description': 'меня и моих детей'},"{'party_size_number': 'несколько', 'restaurant_type': 'заведения', 'cuisine': 'не указано', 'location': 'не указано'}"
test_375,"Какая погода будет в заповеднике Сарыгамыш 21 августа, 2035 ?",weather/find,weather/find,True,0.9431,False,False,False,"{'location': 'заповеднике Сарыгамыш', 'datetime': '21 августа, 2035'}","{'condition_description': 'не указано', 'condition_temperature': 'не указано', 'datetime': '21 августа, 2035', 'location': 'Сарыгамыш'}"
test_376,Оцени Ruth пять баллов из 6 .,RateBook,RateBook,True,0.9423,False,False,False,"{'object_name': 'Ruth', 'rating_value': 'пять', 'rating_unit': 'баллов', 'best_rating': '6'}","{'best_rating': '5', 'object_name': 'Ruth', 'object_type': 'книга', 'rating_unit': None, 'rating_value': '5'}"
test_377,Reminiscences of the Anti-Japanese Guerillas chronicle заслуживает ноль баллов из 6.,RateBook,RateBook,True,0.917,False,False,True,"{'object_name': 'Reminiscences of the Anti-Japanese Guerillas', 'object_part_of_series_type': 'chronicle', 'rating_value': 'ноль', 'rating_unit': 'баллов', 'best_rating': '6.'}","{'object_name': 'Reminiscences of the Anti-Japanese Guerillas', 'object_type': 'книга', 'rating_value': 'ноль', 'rating_unit': 'из 6'}"
test_378,Покажи мне расписание сеансов в южных кинотеатрах,SearchScreeningEvent,SearchScreeningEvent,True,0.9536,False,False,False,"{'object_type': 'расписание сеансов', 'location': 'южных кинотеатрах'}","{'movie_name': None, 'movie_type': None, 'object_location_type': None, 'object_type': None, 'datetime': None}"
test_379,Найди расписание фильмов рядом,SearchScreeningEvent,SearchScreeningEvent,True,0.9637,False,False,False,"{'object_type': 'расписание фильмов', 'location': 'рядом'}","{'datetime': None, 'location': None, 'movie_name': None, 'movie_type': None, 'object_location_type': None, 'object_type': None}"
test_380,Добавь этот альбом в плейлист Spanish Beat,AddToPlaylist,AddToPlaylist,True,0.932,False,False,False,"{'music_item': 'альбом', 'playlist': 'Spanish Beat'}","{'artist': 'Spanish Beat', 'music_item': 'альбом', 'playlist': 'Spanish Beat'}"
test_381,Забронируй столик на 6 человек в креольской таверне в Черногории,BookRestaurant,BookRestaurant,True,0.8979,False,False,True,"{'party_size_number': '6', 'cuisine': 'креольской', 'restaurant_type': 'таверне', 'location': 'Черногории'}","{'party_size_number': '6', 'restaurant_name': 'креольская таверне', 'location': 'Черногории', 'cuisine': None, 'sort': None, 'restaurant_type': None, 'served_dish': None}"
test_382,Поставь сериалу Catedral 4 звезды .,RateBook,SearchCreativeWork,False,0.9252,False,False,True,"{'object_part_of_series_type': 'сериалу', 'object_name': 'Catedral', 'rating_value': '4', 'rating_unit': 'звезды'}","{'object_name': 'Catedral', 'object_type': 'сериал'}"
test_383,Добавь The Famous Flower of Serving-Men в мой вечерний акустический плейлист.,AddToPlaylist,AddToPlaylist,True,0.9242,False,False,False,"{'entity_name': 'The Famous Flower of Serving-Men', 'reference': 'мой', 'playlist': 'вечерний акустический'}","{'artist': 'The Famous Flower of Serving-Men', 'playlist': 'вечерний', 'music_item': None, 'entity_name': None}"
test_384,Покажи мне расписание ArcLight Hollywood только для анимационных фильмов,SearchScreeningEvent,SearchScreeningEvent,True,0.9117,False,False,False,"{'object_type': 'расписание', 'location': 'ArcLight Hollywood', 'movie_type': 'анимационных фильмов'}","{'movie_type': 'анимационные', 'location': 'ArcLight Hollywood', 'object_location_type': 'cinema'}"
test_385,"Пожалуйста, найди картину под названием This Is the Night .",SearchCreativeWork,SearchCreativeWork,True,0.958,False,False,False,"{'object_type': 'картину', 'object_name': 'This Is the Night'}","{'object_name': 'This Is the Night', 'object_type': 'картина'}"
test_386,Какова будет влажность в данном месте в 15:19:29 ?,weather/find,weather/find,True,0.9493,False,False,True,"{'condition_description': 'влажность', 'location': 'данном месте', 'datetime': '15:19:29'}","{'condition_description': 'влажность', 'datetime': '15:19:29', 'location': 'Moores Mill'}"
test_387,я хочу посмотреть JLA Adventures: Trapped In Time,SearchScreeningEvent,SearchScreeningEvent,True,0.9543,False,False,False,{'movie_name': 'JLA Adventures: Trapped In Time'},"{'movie_name': 'JLA Adventures: Trapped In Time', 'movie_type': None, 'object_location_type': None, 'object_type': None}"
test_388,Добавь мелодию Дерека Уоткинса в This Is Johnny Cash,AddToPlaylist,PlayMusic,False,0.9007,False,False,False,"{'music_item': 'мелодию', 'artist': 'Дерека Уоткинса', 'playlist': 'This Is Johnny Cash'}","{'album': 'This Is Johnny Cash', 'artist': 'Derek Watkins', 'music_item': 'melodia', 'playlist': None, 'service': None, 'sort': None, 'track': None}"
test_389,Найди творческую работу под названием Fire in the Hole,SearchCreativeWork,SearchCreativeWork,True,0.962,False,False,False,{'object_name': 'Fire in the Hole'},{'object_name': 'Fire in the Hole'}
test_390,забронируй столик возле колледжа Пэта,BookRestaurant,BookRestaurant,True,0.9112,False,False,False,{'location': 'возле | колледжа Пэта'},"{'location': 'недалеко от колледжа Пэта', 'party_size_number': 'не указано', 'restaurant_type': 'не указано', 'cuisine': 'не указано', 'sort': 'не указано'}"
test_391,Идет ли Patrick Still Lives в кинотеатрах AMC,SearchScreeningEvent,SearchScreeningEvent,True,0.9318,False,False,False,"{'movie_name': 'Patrick Still Lives', 'location': 'кинотеатрах AMC'}","{'movie_name': 'Patrick Still Lives', 'location': 'AMC'}"
test_393,нужен столик где-нибудь в Кворривилле через 14 часов,BookRestaurant,BookRestaurant,True,0.9203,False,False,False,"{'location': 'Кворривилле', 'datetime': 'через 14 часов'}","{'datetime': '14 часов', 'location': 'Кворривилле', 'party_size_number': '1', 'restaurant_type': None, 'cuisine': None, 'sort': None}"
test_394,включи Гэри Ли Коннера,PlayMusic,BookRestaurant,False,0.9578,False,False,False,{'artist': 'Гэри Ли Коннера'},"{'datetime': 'триста тридцать три дня вперед', 'party_size_number': 'восемь', 'sort': 'высоко оцененном', 'restaurant_type': 'быстрого питания', 'cuisine': 'североиндийскую', 'location': 'недалеко от Moores Mill', 'restaurant_name': 'Гэри Ли Конне', 'party_size_description': 'восемь'}"
test_395,"покажи ближайший кинотеатр, где показывают Boycott",SearchScreeningEvent,SearchScreeningEvent,True,0.9093,False,False,True,"{'location': 'ближайший', 'object_location_type': 'кинотеатр', 'movie_name': 'Boycott'}","{'movie_name': 'Boycott', 'location': 'не указано'}"
test_396,"Пожалуйста, включи мой ecstatic плейлист.",PlayMusic,AddToPlaylist,False,0.9161,False,False,False,{'playlist': 'ecstatic'},"{'artist': 'ecstatic', 'playlist': 'ecstatic', 'music_item': None, 'reference': None}"
test_397,"Пожалуйста, найди песню The Mad Magician .",SearchCreativeWork,SearchCreativeWork,True,0.9672,False,False,False,"{'object_type': 'песню', 'object_name': 'The Mad Magician'}",{'object_name': 'The Mad Magician'}
test_398,Проверь расписание кинотеатров Bow Tie Cinemas .,SearchScreeningEvent,SearchScreeningEvent,True,0.9575,False,False,False,"{'object_type': 'расписание', 'location': 'Bow Tie Cinemas'}","{'movie_name': None, 'movie_type': None, 'object_location_type': None, 'object_type': None, 'datetime': None}"
test_399,Забронируй мне столик на вечеринку из 3 человек в пабе на Северных Марианских островах,BookRestaurant,BookRestaurant,True,0.9283,False,False,False,"{'party_size_number': '3', 'restaurant_type': 'пабе', 'location': 'Северных Марианских островах'}","{'party_size_number': '3', 'restaurant_type': 'паб', 'location': 'Северных Марианских островов', 'cuisine': None, 'sort': None}"
test_400,Мне нужно добавить в текущий список Infinite Indie Folk произведения Рахим Шаха,AddToPlaylist,SearchCreativeWork,False,0.952,False,False,False,"{'reference': 'текущий', 'playlist': 'Infinite Indie Folk', 'artist': 'Рахим Шаха'}","{'object_name': 'Рахим Шаха', 'object_type': 'произведения'}"
test_401,Добавь Джерри Каллиста-младшего в мой плейлист Te quiero.,AddToPlaylist,AddToPlaylist,True,0.9488,False,False,False,"{'artist': 'Джерри Каллиста - младшего', 'reference': 'мой', 'playlist': 'Te quiero.'}","{'artist': 'Джерри Каллиста-младшего', 'entity_name': 'Te quiero', 'playlist': 'Te quiero'}"
test_402,Насколько холоднее будет недалеко от Юты около 3 часов утра?,weather/find,weather/find,True,0.9267,False,False,True,"{'condition_temperature': 'холоднее', 'location': 'недалеко | Юты', 'datetime': '3 часов утра'}","{'condition_description': 'холоднее', 'location': 'недалеко от Юты', 'datetime': '3 часа утра'}"
test_403,Добавь альбом в плейлист Hipster Soul.,AddToPlaylist,AddToPlaylist,True,0.916,False,False,False,"{'music_item': 'альбом', 'playlist': 'Hipster Soul.'}","{'artist': 'Hipster Soul', 'music_item': 'альбом', 'playlist': 'плейлист', 'reference': 'альбом'}"
test_404,Через тринадцать часов я хочу отведать деликатесы восточноевропейской кухни,BookRestaurant,BookRestaurant,True,0.9302,False,False,True,"{'datetime': 'Через тринадцать часов', 'restaurant_type': 'деликатесы', 'cuisine': 'восточноевропейской'}","{'datetime': 'тринадцать часов', 'sort': 'восточноевропейской', 'restaurant_type': None, 'cuisine': 'восточноевропейская', 'location': None, 'party_size_number': None, 'restaurant_name': None}"
test_405,включи саундтрек шестидесятых,PlayMusic,PlayMusic,True,0.9661,False,False,False,"{'music_item': 'саундтрек', 'datetime': 'шестидесятых'}","{'album': None, 'artist': None, 'datetime': None, 'genre': None, 'music_item': None, 'playlist': None, 'service': None, 'sort': None, 'track': None}"
test_406,Поставь этому альбому одну звезду,RateBook,RateBook,True,0.9362,False,False,False,"{'object_select': 'этому', 'object_type': 'альбому', 'rating_value': 'одну', 'rating_unit': 'звезду'}","{'best_rating': 'одна', 'object_name': 'альбом', 'object_type': 'альбом'}"
test_407,Включи лучшую музыку Брайана Маклина .,PlayMusic,PlayMusic,True,0.9649,False,False,False,"{'sort': 'лучшую', 'artist': 'Брайана Маклина'}","{'album': None, 'artist': 'Брайан Маклин', 'datetime': None, 'genre': None, 'music_item': None, 'playlist': None, 'service': None, 'sort': None, 'track': None}"
test_408,какой прогноз погоды в Никодиме и окрестностях,weather/find,weather/find,True,0.898,False,False,False,{'location': 'Никодиме | окрестностях'},"{'condition_description': 'прогноз погоды', 'location': 'Никодиме', 'weather/attribute': 'прогноз погоды'}"
test_409,Найди игру под названием Phinally Phamous,SearchCreativeWork,SearchCreativeWork,True,0.9661,False,False,False,"{'object_type': 'игру', 'object_name': 'Phinally Phamous'}",{'object_name': 'Phinally Phamous'}
test_410,Поставь оценку 2 Juneteenth .,RateBook,RateBook,True,0.9439,False,False,False,"{'rating_value': '2', 'object_name': 'Juneteenth'}","{'best_rating': '2', 'object_name': 'Juneteenth', 'object_type': 'книга'}"
test_411,Поставь ноль звезд Rhialto the Marvellous,RateBook,RateBook,True,0.9427,False,False,False,"{'rating_value': 'ноль', 'rating_unit': 'звезд', 'object_name': 'Rhialto the Marvellous'}","{'best_rating': '0', 'object_name': 'Rhialto the Marvellous', 'object_type': 'book'}"
test_412,Я хочу послушать саундтрек на Ютубе от Helena Iren Michaelsen,PlayMusic,PlayMusic,True,0.8922,False,False,False,"{'music_item': 'саундтрек', 'service': 'Ютубе', 'artist': 'Helena Iren Michaelsen'}","{'album': 'Helena Iren Michaelsen', 'artist': 'Helena Iren Michaelsen', 'music_item': None, 'playlist': None, 'service': 'Ютубе', 'sort': None, 'track': None}"
test_413,забронируй столик на 1/20/2023 на 5 человек в MH,BookRestaurant,BookRestaurant,True,0.9587,False,False,False,"{'datetime': '1/20/2023', 'party_size_number': '5', 'location': 'MH'}","{'datetime': '1/20/2023', 'party_size_number': '5', 'restaurant_name': 'MH', 'restaurant_type': None, 'cuisine': None, 'location': None}"
test_414,расписание сеансов анимационных фильмов рядом,SearchScreeningEvent,SearchScreeningEvent,True,0.9555,False,False,False,"{'object_type': 'расписание сеансов', 'movie_type': 'анимационных фильмов', 'location': 'рядом'}","{'movie_name': None, 'movie_type': None, 'object_location_type': None, 'object_type': None, 'datetime': None}"
test_415,Добавь jack white в мой плейлист This Is Shakira,AddToPlaylist,AddToPlaylist,True,0.9731,False,False,False,"{'artist': 'jack white', 'reference': 'мой', 'playlist': 'This Is Shakira'}","{'artist': 'jack white', 'entity_name': 'This Is Shakira', 'music_item': None, 'playlist': 'This Is Shakira', 'reference': None}"
test_416,Я хочу забронировать ресторан на пять человек на Шри-Ланке .,BookRestaurant,BookRestaurant,True,0.9365,False,False,False,"{'restaurant_type': 'ресторан', 'party_size_number': 'пять', 'location': 'Шри - Ланке'}","{'party_size_number': 'five', 'location': 'Шри-Ланка', 'restaurant_type': None, 'cuisine': None, 'sort': None}"
test_481,Включи британский блюз .,PlayMusic,BookRestaurant,False,0.9746,False,False,True,{'genre': 'британский блюз'},"{'datetime': 'триста тридцать три дня вперед', 'party_size_number': 'восемь', 'sort': 'высоко оцененном', 'restaurant_type': 'быстрого питания', 'cuisine': 'британский блюз', 'location': 'недалеко от Moores Mill'}"
test_162,Сколько снега прогнозируется?,weather/find,weather/find,True,0.9278,False,False,False,{'weather/attribute': 'снега'},"{'condition_description': 'прогноз снега', 'condition_temperature': None, 'datetime': None, 'location': None, 'weather/attribute': None}"
test_163,на улице жарко,weather/find,weather/find,True,0.9269,False,False,False,"{'location': 'улице', 'weather/attribute': 'жарко'}","{'condition_description': 'на улице жарко', 'location': None, 'datetime': None, 'weather/attribute': None}"
test_164,Какая температура будет сегодня?,weather/find,weather/find,True,0.9135,False,False,False,"{'weather/attribute': 'температура', 'datetime': 'сегодня'}",{'condition_temperature': 'temperature'}
test_165,какая погода будет завтра в Далласе,weather/find,weather/find,True,0.941,False,False,False,"{'datetime': 'завтра', 'location': 'Далласе'}","{'condition_description': 'не указано', 'condition_temperature': 'не указано', 'datetime': 'завтра', 'location': 'Даллас'}"
test_166,Покажи мне все текущие напоминания на сегодня,reminder/show_reminders,reminder/show_reminders,True,0.906,False,False,False,"{'reference': 'все текущие', 'datetime': 'сегодня'}",{'datetime': 'текущий день'}
test_167,Установи еженедельное напоминание о покупках.,reminder/set_reminder,reminder/set_alarm,False,0.9049,False,False,False,"{'recurring_datetime': 'еженедельное', 'reminder/todo': 'покупках'}","{'datetime': 'еженедельное', 'reference': 'покупки'}"
test_168,погода,weather/find,weather/find,True,0.9674,False,False,False,{},"{'condition_description': None, 'condition_temperature': None, 'datetime': None, 'location': None, 'weather/attribute': None}"
test_169,Будет ли идти весь день дождь?,weather/find,weather/find,True,0.9434,False,False,False,"{'datetime': 'весь день', 'weather/attribute': 'дождь'}","{'condition_description': 'дождь', 'datetime': None, 'location': None, 'weather/attribute': None}"
test_170,завтра будет дождь,weather/find,weather/find,True,0.9627,False,False,False,"{'datetime': 'завтра', 'weather/attribute': 'дождь'}","{'condition_description': 'дождь', 'datetime': 'завтра', 'location': None, 'weather/attribute': None}"
test_171,Напомни мне ответить на рабочие письма сегодня вечером,reminder/set_reminder,reminder/set_alarm,False,0.8999,False,False,False,"{'reminder/todo': 'ответить на рабочие письма', 'datetime': 'сегодня вечером'}","{'datetime': 'today evening', 'reference': 'ответ на рабочие письма'}"
test_172,Удали будильники,alarm/cancel_alarm,alarm/cancel_alarm,True,0.8859,False,False,False,{},"{'datetime': None, 'reference': None}"
test_173,Отмени текущие будильники,alarm/cancel_alarm,alarm/cancel_alarm,True,0.91,False,False,False,{'reference': 'текущие'},"{'datetime': None, 'reference': None}"
test_215,Могу ли я надеть сегодня шорты?,weather/find,weather/find,True,0.9362,False,False,False,"{'datetime': 'сегодня', 'weather/attribute': 'шорты'}","{'condition_description': 'не указано', 'condition_temperature': 'не указано', 'datetime': 'не указано', 'location': 'не указано', 'weather/attribute': 'не указано'}"
test_203,Завтра будет дождь?,weather/find,weather/find,True,0.9408,False,False,False,"{'datetime': 'Завтра', 'weather/attribute': 'дождь'}","{'condition_description': 'дождь', 'location': None, 'datetime': None, 'weather/attribute': None}"
test_176,Установи будильник на 10 утра,alarm/set_alarm,alarm/set_alarm,True,0.9525,False,False,False,{'datetime': '10 утра'},{'datetime': '10 утра'}
test_177,Будет ли на этой недели дождь?,weather/find,weather/find,True,0.8749,False,False,False,"{'weather/attribute': 'дождь', 'datetime': 'этой недели'}","{'condition_description': 'дождь', 'datetime': 'на этой недели', 'location': 'не указано'}"
test_237,покажи все напоминания,reminder/show_reminders,reminder/show_reminders,True,0.9105,False,False,False,{'reference': 'все'},{}
test_179,отмени будильники,alarm/cancel_alarm,alarm/cancel_alarm,True,0.9153,False,False,False,{},"{'datetime': None, 'reference': None}"
test_180,отключи все будильники,alarm/cancel_alarm,alarm/cancel_alarm,True,0.8945,False,False,False,{'reference': 'все'},"{'datetime': None, 'reference': None}"
test_181,покажи все предустановленные будильники,alarm/show_alarms,alarm/show_alarms,True,0.9015,False,False,False,{'reference': 'все'},"{'datetime': None, 'reference': None}"
test_182,Установи будильник на каждую минуту в течение 20 минут.,alarm/set_alarm,alarm/set_alarm,True,0.8771,False,False,False,{'recurring_datetime': 'каждую минуту в течение 20 минут'},"{'datetime': 'каждой', 'recurring_datetime': None}"
test_183,Какие у меня напоминания?,reminder/show_reminders,reminder/show_reminders,True,0.8924,False,False,False,{'reference': 'меня'},{'reference': 'не указано'}
test_184,отмени будильник на завтра,alarm/cancel_alarm,alarm/cancel_alarm,True,0.9314,False,False,False,{'datetime': 'завтра'},{'datetime': 'завтра'}
test_185,мне нужен зонт сегодня?,weather/find,weather/find,True,0.8466,False,False,False,"{'weather/attribute': 'зонт', 'datetime': 'сегодня'}","{'condition_description': 'не сегодня', 'location': 'не указано', 'weather/attribute': 'не указано'}"
test_186,сегодня будет снег?,weather/find,weather/find,True,0.9079,False,False,False,"{'datetime': 'сегодня', 'weather/attribute': 'снег'}","{'condition_description': 'снег', 'location': 'не указано'}"
test_187,Напомни мне позвонить маме сегодня вечером,reminder/set_reminder,reminder/set_alarm,False,0.9147,False,False,False,"{'reminder/todo': 'позвонить маме', 'datetime': 'сегодня вечером'}","{'datetime': 'today evening', 'reference': 'позвонить маме'}"
test_188,сегодня будет дождь,weather/find,weather/find,True,0.9487,False,False,False,"{'datetime': 'сегодня', 'weather/attribute': 'дождь'}","{'condition_description': 'дождь', 'datetime': 'сегодня', 'location': None, 'weather/attribute': None}"
test_189,В субботу будет дождь?,weather/find,weather/find,True,0.9325,False,False,False,"{'datetime': 'субботу', 'weather/attribute': 'дождь'}","{'condition_description': 'дождь', 'location': 'Moores Mill'}"
test_190,Будете ли вы ставить будильник каждую минуту в течение 20 минут?,alarm/set_alarm,alarm/set_alarm,True,0.9587,False,False,False,{'recurring_datetime': 'каждую минуту в течение 20 минут'},{'datetime': '20 минут'}
test_191,Тропические штормы в Карибском море,weather/find,weather/find,True,0.9379,False,False,False,"{'weather/attribute': 'Тропические штормы', 'location': 'Карибском море'}","{'condition_description': 'Тропические штормы', 'location': 'Карибское море', 'weather/attribute': 'штормы'}"
test_234,отмени все будильники,alarm/cancel_alarm,alarm/cancel_alarm,True,0.9004,False,False,False,{'reference': 'все'},"{'datetime': None, 'reference': None}"
test_193,Установи будильник на каждые девять минут.,alarm/set_alarm,alarm/set_alarm,True,0.9214,False,False,False,{'recurring_datetime': 'каждые девять минут'},{'datetime': 'каждый девять минут'}
test_194,Удали два последних напоминания в моем списке,reminder/cancel_reminder,none,False,0.9111,False,False,False,{'reference': 'два последних'},{}
test_195,какая сегодня погода,weather/find,weather/find,True,0.9728,False,False,False,{'datetime': 'сегодня'},"{'condition_description': None, 'condition_temperature': None, 'datetime': None, 'location': None, 'weather/attribute': None}"
test_196,включи текущий будильник,alarm/set_alarm,alarm/set_alarm,True,0.9259,False,False,False,{'reference': 'текущий'},{'datetime': 'текущий будильник'}
test_223,Какая сегодня влажность?,weather/find,weather/find,True,0.908,False,False,False,"{'datetime': 'сегодня', 'weather/attribute': 'влажность'}","{'condition_description': 'влажность', 'location': 'не указано'}"
test_198,напомни мне установить будильник для подъема,reminder/set_reminder,alarm/set_alarm,False,0.9196,False,False,False,{'reminder/todo': 'установить будильник для подъема'},"{'datetime': ' ', 'reference': ' ', 'recurring_datetime': ' ', 'reminder/todo': ' '}"
test_199,Будет ли в эти выходные снег?,weather/find,weather/find,True,0.8979,False,False,False,"{'datetime': 'эти выходные', 'weather/attribute': 'снег'}","{'condition_description': 'снег', 'location': 'не указано'}"
test_232,Насколько жарко будет сегодня?,weather/find,weather/find,True,0.8851,False,False,False,"{'weather/attribute': 'жарко', 'datetime': 'сегодня'}","{'condition_description': 'сколько жарко', 'condition_temperature': 'не указано', 'datetime': 'сегодня', 'location': 'не указано', 'weather/attribute': 'жаркость'}"
test_201,На какое время установлен текущий будильник,alarm/show_alarms,alarm/show_alarms,True,0.9119,False,False,False,{'reference': 'текущий'},{'datetime': 'null'}
test_202,Какая сегодня погода?,weather/find,weather/find,True,0.9732,False,False,False,{'datetime': 'сегодня'},"{'condition_description': None, 'condition_temperature': None, 'datetime': None, 'location': None, 'weather/attribute': None}"
test_203,Завтра будет дождь?,weather/find,weather/find,True,0.9408,False,False,False,"{'datetime': 'Завтра', 'weather/attribute': 'дождь'}","{'condition_description': 'дождь', 'location': None, 'datetime': None, 'weather/attribute': None}"
test_204,Отмени текущий будильник на 5:15 утра во вторник,alarm/cancel_alarm,alarm/cancel_alarm,True,0.9363,False,False,False,"{'reference': 'текущий', 'datetime': '5:15 утра во вторник'}","{'datetime': '5:15 утра', 'reference': 'текущий будильник'}"
test_205,отмени напоминание о сегодняшней вечерней игре,reminder/cancel_reminder,alarm/cancel_alarm,False,0.8619,False,False,False,"{'datetime': 'сегодняшней | вечерней', 'reminder/todo': 'игре'}",{'datetime': 'сегодня'}
test_206,Поставь будильник на 3 ночи,alarm/set_alarm,alarm/set_alarm,True,0.9717,False,False,False,{'datetime': '3 ночи'},{'datetime': '3 ночи'}
test_207,отмени все будильники на субботу,alarm/cancel_alarm,alarm/cancel_alarm,True,0.9482,False,False,False,"{'reference': 'все', 'datetime': 'субботу'}",{'datetime': 'суббота'}
test_208,"мне нужно напоминание, чтобы забрать Лизу",reminder/set_reminder,reminder/set_alarm,False,0.8935,False,False,False,{'reminder/todo': 'забрать Лизу'},"{'datetime': 'не указано', 'reference': 'Лиза', 'recurring_datetime': 'не указано'}"
test_209,Какой сегодня максимум?,weather/find,weather/find,True,0.9519,False,False,False,"{'datetime': 'сегодня', 'weather/attribute': 'максимум'}","{'condition_description': 'не указано', 'condition_temperature': 'не указано', 'datetime': 'не указано', 'location': 'не указано', 'weather/attribute': 'не указано'}"
test_210,Будет ли сегодня облачно в Гриндстоуне?,weather/find,weather/find,True,0.9554,False,False,False,"{'datetime': 'сегодня', 'weather/attribute': 'облачно', 'location': 'Гриндстоуне'}","{'condition_description': 'облачно', 'location': 'Гриндстоуне'}"
test_211,Напомни мне позже,reminder/set_reminder,reminder/set_alarm,False,0.8914,False,False,False,{'datetime': 'позже'},{'datetime': 'later'}
test_212,какая сегодня погода во Франции,weather/find,weather/find,True,0.9496,False,False,False,"{'location': 'Франции', 'datetime': 'сегодня'}","{'condition_description': 'не указано', 'condition_temperature': 'не указано', 'datetime': 'не указано', 'location': 'Франция', 'weather/attribute': 'не указано'}"
test_213,Будет ли солнечно на вечеринке в субботу,weather/find,weather/find,True,0.8975,False,False,False,"{'weather/attribute': 'солнечно', 'datetime': 'субботу'}","{'condition_description': 'солнечно', 'datetime': 'вечер', 'location': 'не указано'}"
test_214,завтра пойдет дождь?,weather/find,weather/find,True,0.9521,False,False,False,"{'datetime': 'завтра', 'weather/attribute': 'дождь'}","{'condition_description': 'дождь', 'datetime': 'завтра', 'location': None, 'weather/attribute': None}"
test_215,Могу ли я надеть сегодня шорты?,weather/find,weather/find,True,0.9362,False,False,False,"{'datetime': 'сегодня', 'weather/attribute': 'шорты'}","{'condition_description': 'не указано', 'condition_temperature': 'не указано', 'datetime': 'не указано', 'location': 'не указано', 'weather/attribute': 'не указано'}"
test_216,Покажи текущее напоминание,reminder/show_reminders,reminder/show_reminders,True,0.8784,False,False,False,{'reference': 'текущее'},{'reference': 'null'}
test_217,какой средний прогноз на сентябрь,weather/find,weather/find,True,0.93,False,False,False,{'datetime': 'сентябрь'},"{'condition_description': 'прогноз на сентябрь', 'condition_temperature': None, 'datetime': None, 'location': None, 'weather/attribute': None}"
test_218,Сегодня холодно?,weather/find,weather/find,True,0.9333,False,False,False,"{'datetime': 'Сегодня', 'weather/attribute': 'холодно'}",{'condition_description': 'Холодно'}
test_240,Отмени все напоминания,reminder/cancel_reminder,reminder/cancel_reminder,True,0.9112,False,False,False,{'reference': 'все'},{'reference': None}
test_220,жарко?,weather/find,weather/find,True,0.9454,False,False,False,{'weather/attribute': 'жарко'},{'condition_description': 'жарко'}
test_221,Поставь будильник на выходные в 2 часа дня,alarm/set_alarm,alarm/set_alarm,True,0.9121,False,False,False,{'recurring_datetime': 'выходные в 2 часа дня'},"{'datetime': '2 часа дня', 'reference': None}"
test_222,Поставь будильник на 2 утра,alarm/set_alarm,alarm/set_alarm,True,0.9695,False,False,False,{'datetime': '2 утра'},{'datetime': '2 утра'}
test_223,Какая сегодня влажность?,weather/find,weather/find,True,0.908,False,False,False,"{'datetime': 'сегодня', 'weather/attribute': 'влажность'}","{'condition_description': 'влажность', 'location': 'не указано'}"
test_224,покажи все текущие будильники,alarm/show_alarms,alarm/show_alarms,True,0.9205,False,False,False,{'reference': 'все текущие'},"{'datetime': None, 'reference': None}"
test_225,Покажи мне все текущие напоминания,reminder/show_reminders,reminder/show_reminders,True,0.8946,False,False,False,{'reference': 'все текущие'},{'reference': 'null'}
test_234,отмени все будильники,alarm/cancel_alarm,alarm/cancel_alarm,True,0.9004,False,False,False,{'reference': 'все'},"{'datetime': None, 'reference': None}"
test_227,Надвигается ли гроза в моем районе?,weather/find,weather/find,True,0.9256,False,False,False,"{'weather/attribute': 'гроза', 'location': 'моем районе'}","{'condition_description': 'Надвигается ли гроза', 'location': 'моей районе'}"
test_195,какая сегодня погода,weather/find,weather/find,True,0.9728,False,False,False,{'datetime': 'сегодня'},"{'condition_description': None, 'condition_temperature': None, 'datetime': None, 'location': None, 'weather/attribute': None}"
test_229,удали последнее напоминание,reminder/cancel_reminder,BookRestaurant,False,0.9902,False,False,False,{'reference': 'последнее'},"{'datetime': 'триста тридцать три дня вперед', 'party_size_number': 'восемь', 'sort': 'высоко оцененном', 'restaurant_type': 'быстрого питания', 'cuisine': 'североиндийскую', 'location': 'недалеко от Moores Mill'}"
test_230,Сколько времени осталость до будильника.,alarm/time_left_on_alarm,alarm/show_alarms,False,0.9025,False,True,False,{},{'reference': 'будильник'}
test_231,Отмени все текущие будильники на воскресенье.,alarm/cancel_alarm,alarm/cancel_alarm,True,0.9192,False,False,False,"{'reference': 'все текущие', 'datetime': 'воскресенье'}",{'datetime': 'воскресенье'}
test_232,Насколько жарко будет сегодня?,weather/find,weather/find,True,0.8851,False,False,False,"{'weather/attribute': 'жарко', 'datetime': 'сегодня'}","{'condition_description': 'сколько жарко', 'condition_temperature': 'не указано', 'datetime': 'сегодня', 'location': 'не указано', 'weather/attribute': 'жаркость'}"
test_233,"Я бы хотел, чтобы ты создал новый будильник на завтрашнее утро в 8:45",alarm/set_alarm,alarm/set_alarm,True,0.9353,False,False,False,{'datetime': 'завтрашнее утро в 8:45'},"{'datetime': 'завтрашнее утро', 'reference': None}"
test_234,отмени все будильники,alarm/cancel_alarm,alarm/cancel_alarm,True,0.9004,False,False,False,{'reference': 'все'},"{'datetime': None, 'reference': None}"
test_235,Пойдет ли снег сегодня?,weather/find,weather/find,True,0.8997,False,False,False,"{'weather/attribute': 'снег', 'datetime': 'сегодня'}","{'condition_description': 'пойдет ли снег', 'location': 'не указано', 'weather/attribute': 'снег'}"
test_236,напомни мне купить лед,reminder/set_reminder,reminder/set_reminder,True,0.9146,False,False,False,{'reminder/todo': 'купить лед'},"{'datetime': None, 'reference': None, 'recurring_datetime': None, 'reminder/todo': 'купить лед'}"
test_237,покажи все напоминания,reminder/show_reminders,reminder/show_reminders,True,0.9105,False,False,False,{'reference': 'все'},{}
test_245,покажи все будильники,alarm/show_alarms,alarm/show_alarms,True,0.9367,False,False,False,{'reference': 'все'},{}
test_239,Какая погода в Сан-Франциско?,weather/find,weather/find,True,0.9622,False,False,False,{'location': 'Сан - Франциско'},"{'condition_description': 'не указано', 'condition_temperature': 'не указано', 'datetime': 'не указано', 'location': 'Сан-Франциско', 'weather/attribute': 'не указано'}"
test_240,Отмени все напоминания,reminder/cancel_reminder,reminder/cancel_reminder,True,0.9112,False,False,False,{'reference': 'все'},{'reference': None}
test_241,Отмени напоминание о концерте,reminder/cancel_reminder,reminder/cancel_reminder,True,0.8821,False,False,False,{'reminder/todo': 'концерте'},{'reference': 'концерт'}
test_242,Отмени будильник на завтрашнее утро,alarm/cancel_alarm,alarm/cancel_alarm,True,0.9626,False,False,False,{'datetime': 'завтрашнее утро'},{'datetime': 'завтрашнее утро'}
test_243,будет ли дождь на этой недели,weather/find,weather/find,True,0.8981,False,False,False,"{'weather/attribute': 'дождь', 'datetime': 'этой недели'}","{'condition_description': 'дождь', 'datetime': 'на этой недели', 'location': 'не указано'}"
test_244,Какая погода будет в среду для игры в гольф,weather/find,weather/find,True,0.9598,False,False,False,{'datetime': 'среду'},"{'condition_description': 'не указано', 'condition_temperature': 'не указано', 'datetime': 'среда', 'location': 'не указано', 'weather/attribute': 'не указано'}"
test_245,покажи все будильники,alarm/show_alarms,alarm/show_alarms,True,0.9367,False,False,False,{'reference': 'все'},{}
test_246,отключи все будильники на завтра,alarm/cancel_alarm,alarm/cancel_alarm,True,0.9188,False,False,False,"{'reference': 'все', 'datetime': 'завтра'}",{'datetime': None}
test_56,Установи будильник на 5 часов вечера сегодня,alarm/set_alarm,alarm/set_alarm,True,0.9268,False,False,False,{'datetime': '5 часов вечера сегодня'},"{'datetime': '5 часов вечера сегодня', 'reference': None}"
,поставь будильник на 7 утра на завтра,alarm/set_alarm,alarm/set_alarm,True,0.971,False,False,False,{'datetime': '7 утра на завтра'},{'datetime': '7 утра'}
test_249,Завтра будет солнечно?,weather/find,weather/find,True,0.9313,False,False,False,"{'datetime': 'Завтра', 'weather/attribute': 'солнечно'}","{'condition_description': 'солнечно', 'datetime': 'завтра'}"
test_250,насколько жарко будет сегодня,weather/find,weather/find,True,0.8925,False,False,False,"{'weather/attribute': 'жарко', 'datetime': 'сегодня'}","{'condition_description': 'сколько жарко', 'condition_temperature': 'не указано', 'datetime': 'сейчас', 'location': 'не указано', 'weather/attribute': 'температура'}"
test_251,Поставь ноль звезд игре Halo: Призраки Оникса,RateBook,RateBook,True,0.9366,False,False,False,"{'rating_value': 'ноль', 'rating_unit': 'звезд', 'object_name': 'Halo: Призраки Оникса'}","{'best_rating': '0', 'object_name': 'Halo: Призраки Оникса', 'object_type': 'игра'}"
,Включи музыку Джой Нило.,PlayMusic,PlayMusic,True,0.9238,False,False,False,{'artist': 'Джой Нило'},"{'album': 'JoJo', 'artist': 'JoJo', 'datetime': None, 'genre': None, 'music_item': None, 'playlist': None, 'service': None, 'sort': None, 'track': None}"
,"Пожалуйста, найди мне видеоигру под названием 20 часов в Америке.",SearchCreativeWork,SearchScreeningEvent,False,0.958,False,False,False,"{'object_type': 'видеоигру', 'object_name': '20 часов в Америке'}","{'movie_name': '20 часов в Америке', 'movie_type': None, 'object_location_type': None, 'object_type': None}"
test_254,Включи мой изобретательный плейлист,PlayMusic,AddToPlaylist,False,0.9329,False,False,False,{'playlist': 'изобретательный'},"{'artist': ' ', 'entity_name': ' ', 'music_item': ' ', 'playlist': ' ', 'reference': ' '}"
test_255,Забронируй место на 9 в Термонте,BookRestaurant,BookRestaurant,True,0.9461,False,False,False,"{'party_size_number': '9', 'location': 'Термонте'}","{'datetime': None, 'party_size_number': '9', 'sort': None, 'restaurant_type': None, 'cuisine': None, 'location': 'Термонте'}"
test_256,Добавь эту мелодию в плейлист вечеринок 80-х для Дорти,AddToPlaylist,AddToPlaylist,True,0.9257,False,False,False,"{'music_item': 'мелодию', 'playlist': 'вечеринок 80-х', 'reference': 'Дорти'}","{'artist': 'Дорти', 'music_item': 'мелодию', 'playlist': 'вечеринок 80-х'}"
,Включи новейшую мелодию Эдди Винсона на Last Fm.,PlayMusic,PlayMusic,True,0.9199,False,False,False,"{'sort': 'новейшую', 'music_item': 'мелодию', 'artist': 'Эдди Винсона', 'service': 'Last Fm'}","{'music_item': 'Новейшая мелодию Эдди Винсона', 'album': None, 'artist': 'Эдди Винсон', 'genre': None, 'playlist': None, 'service': None, 'sort': None, 'track': None}"
,Проверь прогноз для Небраски.,weather/find,weather/find,True,0.9021,False,False,False,{'location': 'Небраски'},"{'condition_description': 'прогноз', 'location': 'Небраска', 'weather/attribute': 'прогноз'}"
,В Северной Каролине сейчас шторм?,weather/find,weather/find,True,0.9231,False,False,True,"{'location': 'Северной Каролине', 'datetime': 'сейчас', 'condition_description': 'шторм'}","{'condition_description': 'шторм', 'location': 'Северная Каролина', 'weather/attribute': 'шторм'}"
,Я хочу послушать миньон 1988 года.,PlayMusic,PlayMusic,True,0.9259,False,False,False,"{'music_item': 'миньон', 'datetime': '1998 года'}","{'album': 'миньон', 'artist': '1988', 'datetime': None, 'genre': None, 'music_item': None, 'playlist': None, 'service': None, 'sort': None, 'track': None}"
test_261,Мне нужно время спектакля A Yiddish World Remembered в театрах Дипсон,SearchScreeningEvent,SearchScreeningEvent,True,0.9228,False,False,False,"{'object_type': 'время', 'movie_name': 'A Yiddish World Remembered', 'location': 'театрах Дипсон'}","{'movie_name': 'A Yiddish World Remembered', 'location': 'Театры Дипсон', 'datetime': None, 'movie_type': None, 'object_location_type': None, 'object_type': None}"
test_262,Поставь текущему учебнику 1 из 6,RateBook,BookRestaurant,False,0.8062,False,False,False,"{'object_select': 'текущему', 'object_type': 'учебнику', 'rating_value': '1', 'best_rating': '6'}","{'restaurant_name': 'учебник', 'restaurant_type': 'учебник', 'location': 'не указано'}"
test_263,Добавь мелодию Мэтта Мерфи в плейлист  Flow Español.,AddToPlaylist,AddToPlaylist,True,0.941,False,False,False,"{'music_item': 'мелодию', 'artist': 'Мэтта Мерфи', 'playlist': 'Flow Español.'}","{'artist': 'Мэтт Мерфи', 'music_item': 'Мелодию Мэтта Мерфи', 'playlist': 'Flow Español'}"
,Я хочу забронировать суданский гастропаб поблизости в Техасе для 3 человек на 5/20/2025.,BookRestaurant,BookRestaurant,True,0.9518,False,False,True,"{'cuisine': 'суданский', 'restaurant_type': 'гастропаб', 'location': 'поблизости | Техасе', 'party_size_number': '3', 'datetime': '5/20/2025'}","{'datetime': '5/20/2025', 'party_size_number': '3', 'restaurant_type': 'гастропаб', 'cuisine': 'суданский', 'location': 'Техасе'}"
test_265,Не мог бы ты найти телесериал The Approach,SearchCreativeWork,SearchScreeningEvent,False,0.964,False,False,False,"{'object_type': 'телесериал', 'object_name': 'The Approach'}","{'movie_name': 'The Approach', 'movie_type': None, 'object_location_type': None, 'object_type': None}"
test_266,Поставь этой хронике 2 балла.,RateBook,RateBook,True,0.9087,False,False,True,"{'object_select': 'этой', 'object_part_of_series_type': 'хронике', 'rating_value': '2'}","{'best_rating': '2', 'object_name': 'книга', 'object_type': 'книги'}"
test_267,Поставь The American Scene 2  из 6 звезд,RateBook,RateBook,True,0.9373,False,False,False,"{'object_name': 'The American Scene', 'rating_value': '2', 'best_rating': '6', 'rating_unit': 'звезд'}","{'object_name': 'The American Scene 2', 'best_rating': '6', 'object_type': 'книга'}"
test_268,Добавь Эмили Отем в мой плейлист Nação Reggae.,AddToPlaylist,AddToPlaylist,True,0.9608,False,False,False,"{'artist': 'Эмили Отем', 'reference': 'мой', 'playlist': 'Nação Reggae'}","{'artist': 'Эмили Отем', 'playlist': 'Nação Reggae'}"
test_269,Я хочу забронировать еврейский ресторан в Гамбии .,BookRestaurant,BookRestaurant,True,0.9077,False,False,True,"{'cuisine': 'еврейский', 'restaurant_type': 'ресторан', 'location': 'Гамбии'}","{'cuisine': 'еврейский', 'location': 'Гамбия', 'restaurant_name': None, 'restaurant_type': None, 'party_size_number': None, 'sort': None}"
test_270,забронируй столик в ресторане Fried chicken,BookRestaurant,BookRestaurant,True,0.9248,False,False,True,{'restaurant_name': 'ресторане Fried chicken'},"{'datetime': None, 'party_size_number': '8', 'sort': 'высоко оцененном', 'restaurant_name': 'Fried chicken', 'restaurant_type': None, 'cuisine': None, 'location': None}"
test_271,добавь we have a theme song для моего плейлиста House Afterwork,AddToPlaylist,AddToPlaylist,True,0.9318,False,False,False,"{'entity_name': 'we have a theme song', 'reference': 'моего', 'playlist': 'House Afterwork'}","{'artist': 'we have a theme song', 'music_item': 'House Afterwork', 'playlist': 'House Afterwork', 'reference': 'none'}"
test_272,Какая погода будет недалеко отсюда девятнадцатого октября 2026 года?,weather/find,weather/find,True,0.9328,False,False,False,"{'location': 'недалеко отсюда', 'datetime': 'девятнадцатого октября 2026 года'}","{'condition_description': 'неизвестно', 'condition_temperature': 'неизвестно', 'datetime': 'девятнадцатого октября 2026 года', 'location': 'недалеко отсюда'}"
,Погода в Урюпинске Россия на 12/26/2018,weather/find,weather/find,True,0.9606,False,False,False,"{'location': 'Урюпинске | Россия', 'datetime': '12/26/2018'}","{'condition_description': 'не указано', 'condition_temperature': 'не указано', 'datetime': '12/26/2018', 'location': 'Урюпинск', 'weather/attribute': 'не указано'}"
,Я хочу забронировать ресторан для моего тестя и меня в Бакнере через год.,BookRestaurant,BookRestaurant,True,0.9038,False,False,True,"{'restaurant_type': 'ресторан', 'party_size_description': 'моего тестя и меня', 'location': 'Бакнере', 'datetime': 'через год'}","{'datetime': 'год', 'party_size_number': '2', 'restaurant_name': 'Бакнере', 'restaurant_type': 'ресторан', 'cuisine': None, 'location': 'Бакнере', 'sort': None}"
test_275,Оцени эту книгу на 1,RateBook,RateBook,True,0.9421,False,False,False,"{'object_select': 'эту', 'object_type': 'книгу', 'rating_value': '1'}","{'best_rating': '1', 'object_name': 'книга', 'object_type': 'книга'}"
test_276,добавь этого исполнителя в мой плейлист spotlight on country 2016,AddToPlaylist,AddToPlaylist,True,0.9169,False,False,False,"{'music_item': 'исполнителя', 'reference': 'мой', 'playlist': 'spotlight on country 2016'}","{'artist': 'spotlight on country 2016', 'playlist': 'my playlist', 'music_item': None}"
test_277,Не мог бы ты найти фотографию Epic Conditions?,SearchCreativeWork,SearchCreativeWork,True,0.934,False,False,False,"{'object_type': 'фотографию', 'object_name': 'Epic Conditions'}","{'object_name': 'Epic Conditions', 'object_type': 'фото'}"
test_278,Включи rich sex на Iheart,PlayMusic,SearchCreativeWork,False,0.9177,False,False,True,"{'track': 'rich sex', 'service': 'Iheart'}","{'object_name': 'rich sex', 'object_type': 'Iheart'}"
test_279,Играет ли Барток Великолепный в семь утра?,SearchScreeningEvent,PlayMusic,False,0.9533,False,False,False,"{'movie_name': 'Барток Великолепный', 'datetime': 'семь утра'}","{'album': None, 'artist': None, 'datetime': 'семь утра', 'genre': None, 'music_item': None, 'playlist': None, 'service': None, 'sort': None, 'track': None}"
test_280,Включи что-нибудь на Zvooq,PlayMusic,SearchCreativeWork,False,0.9269,False,False,False,{'service': 'Zvooq'},{'object_name': 'Zvooq'}
test_281,Позволь мне послушать музыку Криса Найта,PlayMusic,PlayMusic,True,0.9652,False,False,False,{'artist': 'Криса Найта'},"{'album': None, 'artist': 'Криса Найта', 'datetime': None, 'genre': None, 'music_item': None, 'playlist': None, 'service': None, 'sort': None, 'track': None}"
test_282,включи альбом Джилл Собул,PlayMusic,PlayMusic,True,0.8894,False,False,True,"{'music_item': 'альбом', 'album': 'Джилл Собул'}","{'album': 'Джилл Собул', 'service': 'не указано'}"
test_283,Поставь четыре звезды The Broken Window,RateBook,RateBook,True,0.9545,False,False,False,"{'rating_value': 'четыре', 'rating_unit': 'звезды', 'object_name': 'The Broken Window'}","{'best_rating': 'четыре', 'object_name': 'The Broken Window', 'object_type': 'книга'}"
test_284,Расскажи мне прогноз на 6 утра в Татра-Национальном парке,weather/find,weather/find,True,0.9491,False,False,False,"{'datetime': '6 утра', 'location': 'Татра - Национальном парке'}","{'condition_description': 'не указано', 'condition_temperature': 'не указано', 'datetime': '6 утра', 'location': 'Татра-Национальном парке', 'weather/attribute': 'не указано'}"
,"Пожалуйста, забронируй мне стол в кафе, где подают домашнее печенье.",BookRestaurant,BookRestaurant,True,0.8853,False,False,True,"{'restaurant_type': 'кафе', 'served_dish': 'домашнее печенье'}","{'cuisine': 'домашнее печенье', 'location': 'кафе', 'party_size_number': 'не указано', 'restaurant_type': 'кафе', 'sort': 'не указано'}"
,Оцени серию The Mystery of the Tolling Bell на 4 звезды.,RateBook,RateBook,True,0.9633,False,False,True,"{'object_part_of_series_type': 'серию', 'object_name': 'The Mystery of the Tolling Bell', 'rating_value': '4', 'rating_unit': 'звезды'}","{'best_rating': '4', 'object_name': 'The Mystery of the Tolling Bell', 'object_type': 'сериал'}"
test_287,Используй Groove Shark для воспроизведения музыки,PlayMusic,PlayMusic,True,0.9678,False,False,False,{'service': 'Groove Shark'},"{'album': None, 'artist': None, 'datetime': None, 'genre': None, 'music_item': None, 'playlist': None, 'service': None, 'sort': None, 'track': None}"
,Проверь расписание сеансов Snowbound в ближайшем кинотеатре.,SearchScreeningEvent,SearchScreeningEvent,True,0.966,False,False,True,"{'movie_name': 'Snowbound', 'location': 'ближайшем', 'object_location_type': 'кинотеатре'}","{'movie_name': None, 'movie_type': None, 'object_location_type': None, 'object_type': None, 'datetime': None}"
test_289,Пожалуйста открой Zvooq,PlayMusic,PlayMusic,True,0.9643,False,False,False,{'service': 'Zvooq'},"{'album': None, 'artist': None, 'datetime': None, 'genre': None, 'music_item': None, 'playlist': None, 'service': None, 'sort': None, 'track': None}"
test_290,забронируй место на 1 человека в Town of Ramsgate in Merit,BookRestaurant,BookRestaurant,True,0.9197,False,False,True,"{'party_size_number': '1', 'restaurant_name': 'Town of Ramsgate', 'location': 'Merit'}","{'location': 'Town of Ramsgate', 'restaurant_name': None, 'party_size_number': '1', 'sort': None, 'cuisine': None, 'restaurant_type': None, 'served_dish': None}"
,Будет ли Теория большого взрыва идти в 7 вечера?,SearchScreeningEvent,SearchScreeningEvent,True,0.9546,False,False,False,"{'movie_name': 'Теория большого взрыва', 'datetime': '7 вечера'}","{'movie_name': None, 'movie_type': None, 'object_location_type': None, 'object_type': None, 'datetime': '7 вечера'}"
,станет ли прохладнее в Кастерском национальном лесу в семь вечера,weather/find,weather/find,True,0.9513,False,False,True,"{'condition_temperature': 'прохладнее', 'location': 'Кастерском национальном лесу', 'datetime': 'семь вечера'}","{'condition_description': 'прохладнее', 'datetime': 'семь вечера', 'location': 'Кастерский национальный лес'}"
test_293,Я хочу послушать что-нибудь на Ютубе.,PlayMusic,PlayMusic,True,0.9681,False,False,False,{'service': 'Ютубе'},"{'album': None, 'artist': None, 'datetime': None, 'genre': None, 'music_item': None, 'playlist': None, 'service': None, 'sort': None, 'track': None}"
test_294,Найди игру Difficult Loves,SearchCreativeWork,SearchCreativeWork,True,0.9691,False,False,False,"{'object_type': 'игру', 'object_name': 'Difficult Loves'}",{'object_name': 'Difficult Loves'}
,Какой прогноз погоды на 20 февраля в Bothe-Napa Valley State Park?,weather/find,weather/find,True,0.9577,False,False,False,"{'datetime': '20 февраля', 'location': 'Bothe-Napa Valley State Park'}","{'condition_description': 'не указано', 'condition_temperature': 'не указано', 'datetime': '20 февраля', 'location': 'Bothe-Napa Valley State Park', 'weather/attribute': 'не указано'}"
test_296,покажи мне расписание фильма The Great Gildersleeve возле кинотеатра,SearchScreeningEvent,SearchScreeningEvent,True,0.9473,False,False,True,"{'object_type': 'расписание', 'movie_name': 'The Great Gildersleeve', 'object_location_type': 'кинотеатра'}","{'movie_name': 'The Great Gildersleeve', 'location': 'кинотеатр'}"
test_297,Расскажи мне о прогнозе погоды в Гибсленде,weather/find,weather/find,True,0.8999,False,False,False,{'location': 'Гибсленде'},"{'condition_description': 'прогноз погоды', 'location': 'Гибсленде', 'datetime': 'сейчас'}"
test_298,Могу ли я узнать время сеансов в кинотеатрах по соседству?,SearchScreeningEvent,SearchScreeningEvent,True,0.9589,False,False,False,"{'object_type': 'время сеансов', 'movie_type': 'кинотеатрах', 'location': 'по соседству'}","{'movie_name': None, 'movie_type': None, 'object_location_type': None, 'object_type': None, 'datetime': None}"
test_299,Оцени Soul Music на 0 .,RateBook,RateBook,True,0.9593,False,False,False,"{'object_name': 'Soul Music', 'rating_value': '0'}","{'best_rating': '0', 'object_name': 'Soul Music', 'object_type': 'книга'}"
test_300,Забронируй столик на пять человек в татарской таверне в Сарджентсе,BookRestaurant,BookRestaurant,True,0.9179,False,False,True,"{'party_size_number': 'пять', 'cuisine': 'татарской', 'restaurant_type': 'таверне', 'location': 'Сарджентсе'}","{'party_size_number': 'five', 'restaurant_name': 'татарская таверна', 'location': 'Сарджентсе', 'cuisine': None, 'sort': None}"
,Включи All Things Must Pass,PlayMusic,PlayMusic,True,0.9697,False,False,True,{'track': 'All Things Must Pass'},"{'album': 'All Things Must Pass', 'artist': None, 'datetime': None, 'genre': None, 'music_item': None, 'playlist': None, 'service': None, 'sort': None, 'track': None}"
test_302,Какой прогноз дождя в Южной Корее через час,weather/find,weather/find,True,0.9466,False,False,True,"{'condition_description': 'дождя', 'location': 'Южной Корее', 'datetime': 'час'}","{'condition_description': 'прогноз дождя', 'location': 'Южная Корея', 'datetime': 'через час'}"
test_303,Забронируй место на 4 персоны в Оклахоме в South Street Diner,BookRestaurant,BookRestaurant,True,0.9366,False,False,True,"{'party_size_number': '4', 'location': 'Оклахоме', 'restaurant_name': 'South Street Diner'}","{'datetime': None, 'party_size_number': '4', 'sort': None, 'restaurant_type': 'Diner', 'cuisine': None, 'location': 'Оклахоме', 'restaurant_name': 'South Street Diner'}"
,Включи музыку с Нетфликса.,PlayMusic,PlayMusic,True,0.9662,False,False,False,{'service': 'Нетфликса'},"{'album': None, 'artist': None, 'datetime': None, 'genre': None, 'music_item': None, 'playlist': None, 'service': None, 'sort': None, 'track': None}"
,Я хочу увидеть Shattered Image,SearchScreeningEvent,SearchCreativeWork,False,0.9376,False,False,False,{'movie_name': 'Shattered Image'},"{'object_name': 'Shattered Image', 'object_type': 'movie'}"
test_306,Найди The Sound of One Hand Clapping,SearchCreativeWork,SearchCreativeWork,True,0.9659,False,False,False,{'object_name': 'The Sound of One Hand Clapping'},{'object_name': 'The Sound of One Hand Clapping'}
test_307,Найди альбом Wolves Within,SearchCreativeWork,SearchCreativeWork,True,0.9613,False,False,False,"{'object_type': 'альбом', 'object_name': 'Wolves Within'}","{'object_name': 'Wolves Within', 'object_type': 'альбом'}"
test_308,в каком кинотеатре идет We Are Northern Lights,SearchScreeningEvent,SearchScreeningEvent,True,0.9672,False,False,True,"{'object_location_type': 'кинотеатре', 'movie_name': 'We Are Northern Lights'}","{'movie_name': 'We Are Northern Lights', 'movie_type': None, 'object_location_type': None, 'object_type': None}"
test_309,Добавь our little corner of the world music from gilmore girls в мой плейлист The Funny Thing About Football Is.,AddToPlaylist,AddToPlaylist,True,0.9555,False,False,False,"{'entity_name': 'our little corner of the world music from gilmore girls', 'reference': 'мой', 'playlist': 'The Funny Thing About Football Is'}","{'artist': 'our little corner of the world', 'entity_name': 'The Funny Thing About Football Is', 'music_item': 'our little corner of the world', 'playlist': 'The Funny Thing About Football Is'}"
test_317,Добавь новейшую песню Richard McNamara в плейлист Just Smile,AddToPlaylist,AddToPlaylist,True,0.9475,False,False,False,"{'music_item': 'песню', 'artist': 'Richard McNamara', 'playlist': 'Just Smile'}","{'artist': 'Richard McNamara', 'music_item': 'Just Smile', 'playlist': 'Just Smile'}"
test_318,насколько здесь будет холодно через секунду,weather/find,weather/find,True,0.9429,False,False,True,"{'location': 'здесь', 'condition_temperature': 'холодно', 'datetime': 'через секунду'}","{'condition_description': 'холодно', 'condition_temperature': None, 'datetime': None, 'location': None, 'weather/attribute': None}"
test_319,Найди картинку с названием With You,SearchCreativeWork,SearchCreativeWork,True,0.9668,False,False,False,"{'object_type': 'картинку', 'object_name': 'With You'}",{'object_name': 'With You'}
test_320,Найди творческую работу Deadly Weapons,SearchCreativeWork,SearchCreativeWork,True,0.9659,False,False,False,{'object_name': 'Deadly Weapons'},{'object_name': 'Deadly Weapons'}
,Какая погода будет в ноябре в Брукниле?,weather/find,weather/find,True,0.9269,False,False,False,"{'datetime': 'ноябре', 'location': 'Брукниле'}","{'condition_description': 'неизвестно', 'condition_temperature': 'неизвестно', 'datetime': 'november', 'location': 'Брукниле', 'weather/attribute': 'неизвестно'}"
test_322,Забронируй столик в кафе на лапшу,BookRestaurant,BookRestaurant,True,0.9028,False,False,True,"{'restaurant_type': 'кафе', 'served_dish': 'лапшу'}","{'cuisine': 'лапша', 'location': 'недалеко от Moores Mill', 'party_size_number': 'не указано', 'restaurant_type': 'кафе', 'sort': 'не указано'}"
test_323,какой прогноз на Коста-Рике,weather/find,weather/find,True,0.9508,False,False,False,{'location': 'Коста - Рике'},"{'condition_description': 'прогноз', 'condition_temperature': None, 'datetime': None, 'location': 'Коста-Рика', 'weather/attribute': None}"
test_324,Играет The Two Gladiators,SearchScreeningEvent,PlayMusic,False,0.9497,False,False,False,{'movie_name': 'The Two Gladiators'},"{'album': 'The Two Gladiators', 'artist': 'The Two Gladiators', 'datetime': None, 'genre': None, 'music_item': None, 'playlist': None, 'service': None, 'sort': None, 'track': None}"
test_325,какие фильмы в Star Theatres .,SearchScreeningEvent,SearchScreeningEvent,True,0.9724,False,False,False,"{'movie_type': 'фильмы', 'location': 'Star Theatres'}","{'movie_name': None, 'movie_type': None, 'object_location_type': None, 'object_type': None}"
test_326,Можешь пожалуйста найти мне сагу Harry Hood ?,SearchCreativeWork,SearchCreativeWork,True,0.9039,False,False,False,"{'object_type': 'сагу', 'object_name': 'Harry Hood'}",{'object_name': 'сага Harry Hood'}
test_327,добавь эту мелодию в мой плейлист Sleepify,AddToPlaylist,AddToPlaylist,True,0.9215,False,False,False,"{'music_item': 'мелодию', 'reference': 'мой', 'playlist': 'Sleepify'}","{'artist': 'Sleepify', 'music_item': 'не указано', 'playlist': 'Sleepify', 'reference': 'не указано'}"
test_328,Заиграет ли Any Which Way You Can через 15 секунд,SearchScreeningEvent,PlayMusic,False,0.9448,False,False,False,"{'movie_name': 'Any Which Way You Can', 'datetime': 'через 15 секунд'}",{'music_item': 'Any Which Way You Can'}
test_329,Включи музыку с E-type .,PlayMusic,PlayMusic,True,0.9421,False,False,False,{'artist': 'E-type'},"{'album': 'E-type', 'genre': None, 'music_item': None, 'playlist': None, 'service': None, 'sort': None, 'track': None}"
,Поставь одну звезду текущей книге,RateBook,RateBook,True,0.9268,False,False,False,"{'rating_value': 'одну', 'object_select': 'текущей', 'object_type': 'книге'}","{'best_rating': 'одна', 'object_name': 'книга', 'object_type': 'книга'}"
test_331,Включи Another Passenger от Louis Nelson Delisle .,PlayMusic,SearchCreativeWork,False,0.9403,False,False,True,"{'album': 'Another Passenger', 'artist': 'Louis Nelson Delisle'}","{'object_name': 'Another Passenger', 'object_type': 'книга'}"
test_332,Где я могу найти расписание фильмов,SearchScreeningEvent,SearchScreeningEvent,True,0.96,False,False,False,{'object_type': 'расписание фильмов'},"{'movie_name': None, 'movie_type': None, 'object_location_type': None, 'object_type': None, 'datetime': None}"
test_333,какой прогноз на сентябрь 26 в Эмерадо Сен-Пьер и Микелон,weather/find,weather/find,True,0.9377,False,False,False,"{'datetime': 'сентябрь 26', 'location': 'Эмерадо Сен - Пьер и Микелон'}","{'condition_description': 'прогноз на сентябрь 26', 'location': 'Эмерадо Сен-Пьер и Микелон', 'datetime': 'сентябрь 26'}"
test_334,Давайте поедим рядом с Оукфилдом через пару минут в Ted Peters Famous Smoked Fish,BookRestaurant,BookRestaurant,True,0.9026,False,False,True,"{'location': 'рядом с | Оукфилдом', 'datetime': 'через пару минут', 'restaurant_name': 'Ted Peters Famous Smoked Fish'}","{'datetime': 'несколько минут', 'party_size_number': '2', 'sort': 'Ted Peters Famous Smoked Fish', 'restaurant_type': 'ресторан', 'cuisine': None, 'location': 'Оукфилд', 'restaurant_name': 'Ted Peters Famous Smoked Fish'}"
test_335,найди мне трейлер Good Morning Sunshine,SearchCreativeWork,SearchScreeningEvent,False,0.9516,False,False,False,"{'object_type': 'трейлер', 'object_name': 'Good Morning Sunshine'}","{'movie_name': 'Good Morning Sunshine', 'movie_type': None, 'object_location_type': None, 'object_type': None}"
test_336,Я хочу забронировать пивную на 3 человек на Нидерландских Антильских островах .,BookRestaurant,BookRestaurant,True,0.914,False,False,False,"{'restaurant_type': 'пивную', 'party_size_number': '3', 'location': 'Нидерландских Антильских островах'}","{'party_size_number': '3', 'location': 'Нидерландских Антильских островах', 'restaurant_type': 'пивной', 'sort': None}"
test_337,оцени этот текущий альбом на 0 звезд,RateBook,RateBook,True,0.9291,False,False,False,"{'object_select': 'этот текущий', 'object_type': 'альбом', 'rating_value': '0', 'rating_unit': 'звезд'}","{'best_rating': '0', 'object_name': 'альбом', 'object_type': 'альбом'}"
test_338,Хотели бы забронировать место в Монако в кофейне Yankee Doodle Coffee Shop,BookRestaurant,BookRestaurant,True,0.9486,False,False,True,"{'location': 'Монако', 'restaurant_name': 'Yankee Doodle Coffee Shop'}","{'location': 'Монако', 'restaurant_name': 'Yankee Doodle Coffee Shop'}"
test_339,Добавь исполнителя в плейлист political punks.,AddToPlaylist,AddToPlaylist,True,0.9281,False,False,False,"{'music_item': 'исполнителя', 'playlist': 'political punks.'}","{'artist': 'political punks', 'playlist': 'плейлист', 'music_item': None, 'entity_name': None}"
test_340,Будет ли холоднее через четыре месяца в Сувани AK,weather/find,weather/find,True,0.9382,False,False,True,"{'condition_temperature': 'холоднее', 'datetime': 'через четыре месяца', 'location': 'Сувани | AK'}","{'condition_description': 'холоднее', 'location': 'Сувани AK', 'datetime': 'через четыре месяца'}"
test_341,добавь  Muzika za decu в мой плейлист Crash Course,AddToPlaylist,AddToPlaylist,True,0.9536,False,False,False,"{'entity_name': 'Muzika za decu', 'reference': 'мой', 'playlist': 'Crash Course'}","{'artist': 'Muzika za decu', 'playlist': 'Crash Course'}"
test_342,Можешь поискать сагу Molecular Oncology ?,SearchCreativeWork,SearchCreativeWork,True,0.9181,False,False,False,"{'object_type': 'сагу', 'object_name': 'Molecular Oncology'}","{'object_name': 'сагу Molecular Oncology', 'object_type': 'книга'}"
test_343,Я хочу забронировать ресторан на шесть человек в Вагстаффе AK .,BookRestaurant,BookRestaurant,True,0.9179,False,False,False,"{'restaurant_type': 'ресторан', 'party_size_number': 'шесть', 'location': 'Вагстаффе | AK'}","{'party_size_number': 'шесть', 'restaurant_name': 'Вагстаффе AK', 'location': 'Вагстаффе AK', 'sort': None, 'cuisine': None, 'restaurant_type': None}"
test_344,Включи симфоническую музыку Дэвида Линдли .,PlayMusic,PlayMusic,True,0.9397,False,False,False,"{'music_item': 'симфоническую', 'artist': 'Дэвида Линдли'}","{'album': None, 'artist': 'David Lynch', 'genre': 'симфоническая', 'music_item': None, 'playlist': None, 'service': None, 'sort': None, 'track': None}"
,"Пожалуйста, найди мне телесериал Now We Are Married .",SearchCreativeWork,SearchCreativeWork,True,0.9668,False,False,False,"{'object_type': 'телесериал', 'object_name': 'Now We Are Married'}","{'object_name': 'Now We Are Married', 'object_type': 'телесериал'}"
test_346,Я хочу посмотреть Outcast .,SearchScreeningEvent,SearchScreeningEvent,True,0.9708,False,False,False,{'movie_name': 'Outcast'},"{'movie_name': 'Outcast', 'movie_type': None, 'object_location_type': None, 'object_type': None}"
test_347,добавь текущий трек в мой плейлист This Is Tchaikovsky,AddToPlaylist,AddToPlaylist,True,0.9011,False,False,False,"{'music_item': 'трек', 'reference': 'мой', 'playlist': 'This Is Tchaikovsky'}","{'music_item': 'This Is Tchaikovsky', 'playlist': 'My Playlist', 'artist': None}"
test_348,Включи This Is: Miles Davis на Lastfm .,PlayMusic,SearchCreativeWork,False,0.9334,False,False,False,"{'playlist': 'This Is: Miles Davis', 'service': 'Lastfm'}","{'object_name': 'This Is: Miles Davis', 'object_type': 'music'}"
test_349,забронируй лучший столик в Танзании на 5 человек в кафе,BookRestaurant,BookRestaurant,True,0.9358,False,False,False,"{'sort': 'лучший', 'location': 'Танзании', 'party_size_number': '5', 'restaurant_type': 'кафе'}","{'location': 'Танзания', 'party_size_number': '5', 'restaurant_type': 'кафе', 'sort': 'лучший'}"
test_350,Давайте послушаем старого доброго Mohammad Mamlе на Vimeo .,PlayMusic,PlayMusic,True,0.9641,False,False,False,"{'sort': 'старого | доброго', 'artist': 'Mohammad Mamle', 'service': 'Vimeo'}","{'album': None, 'artist': 'Mohammad Mamlе', 'datetime': None, 'genre': None, 'music_item': None, 'playlist': None, 'service': None, 'sort': None, 'track': None}"
test_351,Помести трек Vandemataram Srinivas в HipHop Hot 50 .,AddToPlaylist,PlayMusic,False,0.8949,False,False,False,"{'music_item': 'трек', 'artist': 'Vandemataram Srinivas', 'playlist': 'HipHop Hot 50'}","{'music_item': 'Vandemataram Srinivas', 'album': 'HipHop Hot 50', 'service': 'трек'}"
test_352,Найди мне песню Secret South .,SearchCreativeWork,SearchCreativeWork,True,0.9454,False,False,False,"{'object_type': 'песню', 'object_name': 'Secret South'}",{'object_name': 'Secret South'}
test_353,песни девяностых на Zvooq,PlayMusic,SearchCreativeWork,False,0.9273,False,False,False,"{'datetime': 'девяностых', 'service': 'Zvooq'}","{'object_name': 'песни', 'object_type': 'песни'}"
test_354,"какой прогноз погоды в Admire в Техасе, начиная с пяти вечера",weather/find,weather/find,True,0.9167,False,False,False,"{'location': 'Admire | Техасе', 'datetime': 'пяти | вечера'}","{'location': 'Admire', 'datetime': 'пять вечера'}"
test_355,Включи что-нибудь на Last Fm,PlayMusic,PlayMusic,True,0.9757,False,False,False,{'service': 'Last Fm'},"{'album': None, 'artist': None, 'datetime': None, 'genre': None, 'music_item': None, 'playlist': None, 'service': None, 'sort': None, 'track': None}"
,Я хочу посмотреть The Portrait of a Lady в ближайшем кинотеатре.,SearchScreeningEvent,SearchScreeningEvent,True,0.9558,False,False,True,"{'movie_name': 'The Portrait of a Lady', 'location': 'ближайшем', 'object_location_type': 'кинотеатре'}","{'movie_name': 'The Portrait of a Lady', 'movie_type': None, 'object_location_type': None, 'object_type': None}"
,Пожалуйста найди мне Phineas Redux.,SearchCreativeWork,SearchCreativeWork,True,0.9549,False,False,False,{'object_name': 'Phineas Redux'},{'object_name': 'Phineas Redux'}
test_358,Добавь мелодию 40 cal в плейлист laundry.,AddToPlaylist,AddToPlaylist,True,0.9358,False,False,False,"{'music_item': 'мелодию', 'artist': '40 cal', 'playlist': 'laundry'}","{'artist': '40 cal', 'music_item': '40 cal', 'playlist': 'laundry'}"
,Открой itunes и включи Ben Burnley Ready To Die.,PlayMusic,PlayMusic,True,0.9271,False,False,True,"{'service': 'itunes', 'artist': 'Ben Burnley', 'album': 'Ready To Die'}","{'album': 'Ben Burnley', 'artist': 'Ben Burnley', 'datetime': None, 'genre': None, 'music_item': 'Ready To Die', 'playlist': None, 'service': 'itunes', 'sort': None}"
,Какая погода будет около Памятника Лихула 5 декабря?,weather/find,weather/find,True,0.9433,False,False,False,"{'location': 'Памятника Лихула', 'datetime': '5 декабря'}","{'condition_description': 'не указано', 'condition_temperature': 'не указано', 'datetime': '5 декабря', 'location': 'Памятник Лихула'}"
,Покажи расписание Sexy Dance 2 в ближайшем кинотеатре.,SearchScreeningEvent,SearchScreeningEvent,True,0.9675,False,False,True,"{'object_type': 'расписание', 'movie_name': 'Sexy Dance 2', 'location': 'ближайшем', 'object_location_type': 'кинотеатре'}","{'movie_name': None, 'movie_type': None, 'object_location_type': None, 'object_type': None}"
,Найди песню с названием Live at the Kings Center.,SearchCreativeWork,SearchCreativeWork,True,0.9519,False,False,False,"{'object_type': 'песню', 'object_name': 'Live at the Kings Center'}","{'object_name': 'Live at the Kings Center', 'object_type': 'music'}"
,"Какая погода в Тайонеке, Нью-Джерси?",weather/find,weather/find,True,0.9534,False,False,False,{'location': 'Тайонеке | Нью | - Джерси'},"{'condition_description': 'не указано', 'condition_temperature': 'не указано', 'datetime': 'не указано', 'location': 'Тайонеке, Нью-Джерси', 'weather/attribute': 'не указано'}"
test_364,Я хочу забронировать Tupelo Honey Cafe в Нью-Джерси для пяти человек.,BookRestaurant,BookRestaurant,True,0.9444,False,False,True,"{'restaurant_name': 'Tupelo Honey Cafe', 'location': 'Нью | - Джерси', 'party_size_number': 'пяти'}","{'party_size_number': 'пять', 'restaurant_name': 'Tupelo Honey Cafe', 'location': 'Нью-Джерси', 'cuisine': None, 'restaurant_type': None, 'sort': None}"
,Забронируй место для меня и моих племянниц в чайном домике.,BookRestaurant,BookRestaurant,True,0.8805,False,False,True,"{'party_size_description': 'меня и моих племянниц', 'restaurant_type': 'чайном домике'}","{'party_size_number': '2', 'restaurant_name': 'чайный домик', 'sort': None, 'cuisine': None, 'location': None, 'restaurant_type': None}"
,Будет ли жарко в Нидерландах 16 февраля?,weather/find,weather/find,True,0.9165,False,False,True,"{'condition_temperature': 'жарко', 'location': 'Нидерландах', 'datetime': '16 февраля'}","{'condition_description': 'Будет ли жарко', 'condition_temperature': 'не указано', 'datetime': '16 февраля', 'location': 'Нидерланды', 'weather/attribute': 'жаркая'}"
,Я хотел бы добавить Jordan Rudess в плейлист Divertido para niños.,AddToPlaylist,AddToPlaylist,True,0.9691,False,False,False,"{'artist': 'Jordan Rudess', 'playlist': 'Divertido para niños'}","{'artist': 'Jordan Rudess', 'entity_name': 'Divertido para niños', 'music_item': None, 'playlist': 'Divertido para niños', 'reference': None}"
,Оцени In the Company of Cheerful Ladies на ноль из 6.,RateBook,RateBook,True,0.9498,False,False,False,"{'object_name': 'In the Company of Cheerful Ladies', 'rating_value': 'ноль', 'best_rating': '6'}","{'best_rating': '0', 'object_name': 'In the Company of Cheerful Ladies', 'object_type': 'книга'}"
test_112,Что такое суровый прогноз погода?,weather/find,weather/find,True,0.965,False,False,False,{'weather/attribute': 'суровый'},"{'condition_description': 'суровый', 'condition_temperature': None, 'datetime': None, 'location': None, 'weather/attribute': None}"
test_113,напомни мне о визите к врачу на следующей недели,reminder/set_reminder,reminder/set_alarm,False,0.9219,False,False,False,"{'reminder/todo': 'визите к врачу', 'datetime': 'на следующей недели'}","{'datetime': 'на следующей недели', 'reference': 'визит к врачу'}"
test_114,поставь напоминание о походе в магазин в 8 утра,reminder/set_reminder,reminder/set_alarm,False,0.9452,False,False,False,"{'reminder/todo': 'походе в магазин', 'datetime': '8 утра'}","{'datetime': '8 утра', 'reference': 'поход в магазин'}"
test_115,Поставь напоминание о сдачи вещей в химчистку,reminder/set_reminder,reminder/set_alarm,False,0.8593,False,False,False,{'reminder/todo': 'сдачи вещей в химчистку'},"{'datetime': 'неделя', 'reference': 'сдача вещей'}"
test_116,когда похоладает?,weather/find,weather/find,True,0.9317,False,False,False,{'weather/attribute': 'похоладает'},"{'condition_description': 'похолодает', 'datetime': None, 'location': None, 'weather/attribute': None}"
test_243,будет ли дождь на этой недели,weather/find,weather/find,True,0.8981,False,False,False,"{'weather/attribute': 'дождь', 'datetime': 'этой недели'}","{'condition_description': 'дождь', 'datetime': 'на этой недели', 'location': 'не указано'}"
test_118,удали все будильники,alarm/cancel_alarm,alarm/cancel_alarm,True,0.8669,False,False,False,{'reference': 'все'},{}
test_179,отмени будильники,alarm/cancel_alarm,alarm/cancel_alarm,True,0.9153,False,False,False,{},"{'datetime': None, 'reference': None}"
test_120,покажи мне текущие будильники,alarm/show_alarms,alarm/show_alarms,True,0.9248,False,False,False,{'reference': 'текущие'},"{'datetime': None, 'reference': None}"
test_121,На какое время у меня установлен будильник?,alarm/show_alarms,alarm/show_alarms,True,0.9103,False,False,False,{},{'datetime': 'null'}
test_189,В субботу пойдет дождь?,weather/find,weather/find,True,0.943,False,False,False,{'datetime': 'субботу'},"{'condition_description': 'дождь', 'datetime': 'суббота', 'location': None, 'weather/attribute': None}"
test_123,насколько жарко сегодня будет,weather/find,weather/find,True,0.8841,False,False,False,"{'weather/attribute': 'жарко', 'datetime': 'сегодня'}","{'condition_description': 'сколько жарко', 'condition_temperature': 'не указано', 'datetime': 'сейчас', 'location': 'не указано', 'weather/attribute': 'жаркость'}"
test_124,Сбрось все будильники,alarm/cancel_alarm,alarm/cancel_alarm,True,0.9063,False,False,False,{'reference': 'все'},"{'datetime': None, 'reference': None}"
test_125,Погода в Тахо в эти выходных?,weather/find,weather/find,True,0.9246,False,False,False,"{'location': 'Тахо', 'datetime': 'эти выходные'}","{'condition_description': 'Погода', 'location': 'Тахо', 'datetime': 'эти выходные'}"
test_126,Понадобится ли курта сегодня?,weather/find,weather/find,True,0.9103,False,False,False,"{'weather/attribute': 'куртка', 'datetime': 'сегодня'}",{'condition_description': 'Понадобится ли курта сегодня?'}
test_127,Когда дождь закончится?,weather/find,weather/find,True,0.9568,False,False,False,{'weather/attribute': 'дождь'},"{'condition_description': 'дождь', 'datetime': None, 'location': None, 'weather/attribute': None}"
test_128,Поставь напоминание позвонить в школу в понедельник в 4 часа дня,reminder/set_reminder,reminder/set_alarm,False,0.9266,False,False,False,"{'reminder/todo': 'позвонить в школу', 'datetime': 'понедельник в 4 часа дня'}","{'datetime': 'понедельник в 4 часа дня', 'reference': 'школа'}"
test_129,Выключи текущий будильник.,alarm/cancel_alarm,alarm/cancel_alarm,True,0.9201,False,False,False,{'reference': 'текущий'},"{'datetime': None, 'reference': None}"
test_130,Насколько холодно будет сегодня вечером?,weather/find,weather/find,True,0.9448,False,False,False,"{'weather/attribute': 'холодно', 'datetime': 'сегодня вечером'}","{'condition_description': 'Холодно', 'condition_temperature': None, 'datetime': None, 'location': None, 'weather/attribute': None}"
,поставь будильник на 7 утра на завтра,alarm/set_alarm,alarm/set_alarm,True,0.971,False,False,False,{'datetime': '7 утра на завтра'},{'datetime': '7 утра'}
test_132,"Отмени текущее напоминание о том, чтобы забрать Роба",reminder/cancel_reminder,alarm/cancel_alarm,False,0.9282,False,False,False,"{'reference': 'текущее', 'reminder/todo': 'забрать Роба'}",{'reference': 'Роба'}
test_133,Создай напоминание на завтра о покупке молока,reminder/set_reminder,reminder/set_alarm,False,0.9432,False,False,False,"{'datetime': 'завтра', 'reminder/todo': 'покупке молока'}","{'datetime': 'завтра', 'reference': 'покупка молока'}"
test_134,поставь будильник на 6 вечера,alarm/set_alarm,alarm/set_alarm,True,0.9709,False,False,False,{'datetime': '6 вечера'},{'datetime': '6 вечера'}
test_135,запланируй ежедневный будильник на 7:30 вечера до удаления,alarm/set_alarm,alarm/set_alarm,True,0.9287,False,False,False,{'recurring_datetime': 'ежедневный | 7:30 вечера'},"{'datetime': '7:30 вечера', 'reference': 'удаление'}"
test_198,напомни мне поставить будильник для подъема,reminder/set_reminder,alarm/set_alarm,False,0.8751,False,False,False,{'reminder/todo': 'поставить будильник для подъема'},{'datetime': 'показать будильник'}
test_137,Отмени текущее напоминание,reminder/cancel_reminder,alarm/cancel_alarm,False,0.8933,False,False,False,{'reference': 'текущее'},"{'datetime': None, 'reference': None}"
test_235,Сегодня пойдет снег?,weather/find,weather/find,True,0.885,False,False,False,"{'datetime': 'Сегодня', 'weather/attribute': 'снег'}","{'condition_description': 'снег', 'location': 'не указано', 'weather/attribute': 'погода'}"
test_139,Покажи мне все будильники,alarm/show_alarms,alarm/show_alarms,True,0.9439,False,False,False,{'reference': 'все'},{}
test_237,покажи все напоминания,reminder/show_reminders,reminder/show_reminders,True,0.9105,False,False,False,{'reference': 'все'},{}
test_141,сколько времени осталось до текущего будильника,alarm/time_left_on_alarm,alarm/show_alarms,False,0.9052,False,True,False,{'reference': 'текущего'},{'reference': 'будильник'}
test_142,поставь будильник на 2 часа,alarm/set_alarm,alarm/set_alarm,True,0.9646,False,False,False,{'datetime': '2 часа'},{'datetime': '2 часа'}
test_143,Напомни мне купить хлеб после работы,reminder/set_reminder,AddToPlaylist,False,0.9085,False,False,False,"{'reminder/todo': 'купить хлеб', 'datetime': 'после работы'}",{'music_item': 'хлеб'}
test_144,Сегодня будет дождь?,weather/find,weather/find,True,0.9099,False,False,False,"{'datetime': 'Сегодня', 'weather/attribute': 'дождь'}","{'condition_description': 'дождь', 'location': 'не указано'}"
test_145,прочитай прогноз погоды на сегодня,weather/find,weather/find,True,0.9707,False,False,False,{'datetime': 'сегодня'},"{'condition_description': None, 'condition_temperature': None, 'datetime': None, 'location': None, 'weather/attribute': None}"
test_146,На какое время установлен текущий будильник?,alarm/show_alarms,alarm/show_alarms,True,0.9135,False,False,False,{'reference': 'текущий'},{'datetime': 'null'}
test_147,завтра в 4 напомни мне сходить в торговый центр,reminder/set_reminder,reminder/set_alarm,False,0.9405,False,False,False,"{'datetime': 'завтра в 4', 'reminder/todo': 'сходить в торговый центр'}","{'datetime': 'завтра', 'reference': 'сходить в торговый центр'}"
test_148,сегодня мне понадобится зонт,weather/find,weather/find,True,0.827,False,False,False,"{'datetime': 'сегодня', 'weather/attribute': 'зонт'}","{'condition_description': 'небо', 'location': 'не указано', 'weather/attribute': 'солнечный'}"
test_216,Покажи текущее напоминание,reminder/show_reminders,reminder/show_reminders,True,0.8784,False,False,False,{'reference': 'текущее'},{'reference': 'null'}
test_237,покажи все напоминания,reminder/show_reminders,reminder/show_reminders,True,0.9105,False,False,False,{'reference': 'все'},{}
test_151,Установи напоминание покормить собаку в понедельник.,reminder/set_reminder,reminder/set_alarm,False,0.936,False,False,False,"{'reminder/todo': 'покормить собаку', 'datetime': 'понедельник'}","{'datetime': 'понедельник', 'reference': 'покормить собаку'}"
test_152,"Поставь напоминание ""Класс саб-йоги во вторник вечером в Bala"" на завтра",reminder/set_reminder,reminder/set_alarm,False,0.9415,False,False,False,"{'reminder/todo': 'Класс саб-йоги во вторник вечером в Bala', 'datetime': 'завтра'}","{'datetime': 'завтра', 'reference': 'Класс саб-йоги во вторник вечером', 'recurring_datetime': None}"
test_153,Отмени все напоминания на сегодня,reminder/cancel_reminder,reminder/cancel_reminder,True,0.8681,False,False,False,"{'reference': 'все', 'datetime': 'сегодня'}",{'reference': 'null'}
test_154,Какая погода будет в Нью Йорке на этой недели,weather/find,weather/find,True,0.9461,False,False,False,"{'location': 'Нью Йорке', 'datetime': 'этой недели'}","{'condition_description': 'не указано', 'condition_temperature': 'не указано', 'datetime': 'не указано', 'location': 'Нью Йорк', 'weather/attribute': 'не указано'}"
test_155,напомни мне о визите к доктору в четверг в 12 часов дня,reminder/set_reminder,reminder/set_alarm,False,0.9212,False,False,False,"{'reminder/todo': 'визите к доктору', 'datetime': 'четверг в 12 часов дня'}","{'datetime': 'четверг в 12 часов дня', 'reference': 'визит к доктору'}"
test_156,Установи будильник на 6:50 вечера,alarm/set_alarm,alarm/set_alarm,True,0.9533,False,False,False,{'datetime': '6:50 вечера'},{'datetime': '6:50 вечера'}
test_235,Пойдет ли снег сегодня?,weather/find,weather/find,True,0.8997,False,False,False,"{'weather/attribute': 'снег', 'datetime': 'сегодня'}","{'condition_description': 'пойдет ли снег', 'location': 'не указано', 'weather/attribute': 'снег'}"
test_158,Какие будильники установлены?,alarm/show_alarms,alarm/show_alarms,True,0.9406,False,False,False,{},{}
test_159,Установи напоминание на 7 октября,reminder/set_reminder,reminder/set_alarm,False,0.9521,False,False,False,{'datetime': '7 октября'},{'datetime': '7 октября'}
test_160,Будет ли сегодня снег?,weather/find,weather/find,True,0.8859,False,False,False,"{'datetime': 'сегодня', 'weather/attribute': 'снег'}","{'condition_description': 'снег', 'location': 'не указано'}"
test_161,отложи будильник на 15 минут,alarm/snooze_alarm,alarm/set_alarm,False,0.9354,False,True,False,{'datetime': '15 минут'},{'datetime': '15 минут'}
test_237,покажи все напоминания,reminder/show_reminders,reminder/show_reminders,True,0.9105,False,False,False,{'reference': 'все'},{}
test_2,Нужен ли мне свитер?,weather/find,None,False,0.9046,False,False,False,{'weather/attribute': 'свитер'},{}
test_3,Добавь напоминание на сегодня на 4 часа дня,reminder/set_reminder,reminder/set_alarm,False,0.9073,False,False,False,{'datetime': 'сегодня на 4 часа дня'},"{'datetime': 'на сегодня', 'reference': '4 часа дня'}"
test_137,Отмени текущее напоминание,reminder/cancel_reminder,alarm/cancel_alarm,False,0.8933,False,False,False,{'reference': 'текущее'},"{'datetime': None, 'reference': None}"
test_5,Напомни мне заправиться.,reminder/set_reminder,reminder/show_reminders,False,0.9017,False,False,False,{'reminder/todo': 'заправиться'},"{'datetime': None, 'reference': None}"
test_6,Нужен ли мне зонт в среду?,weather/find,weather/find,True,0.9411,False,False,False,"{'weather/attribute': 'зонт', 'datetime': 'среду'}",{'condition_description': 'нужен зонт'}
test_7,отложи будильники на 5 минут,alarm/snooze_alarm,alarm/set_alarm,False,0.8838,False,True,False,{'datetime': '5 минут'},{'datetime': '5 минут'}
test_8,поставь напоминание о дне рождения Макса,reminder/set_reminder,reminder/set_alarm,False,0.9218,False,False,False,{'reminder/todo': 'напоминание о дне рождения Макса'},"{'datetime': 'на день рождения Макса', 'reference': 'Макс'}"
test_237,покажи все напоминания,reminder/show_reminders,reminder/show_reminders,True,0.9105,False,False,False,{'reference': 'все'},{}
test_10,Покажи все будильники.,alarm/show_alarms,alarm/show_alarms,True,0.9364,False,False,False,{'reference': 'все'},{}
test_144,Сегодня будет дождь?,weather/find,weather/find,True,0.9099,False,False,False,"{'datetime': 'Сегодня', 'weather/attribute': 'дождь'}","{'condition_description': 'дождь', 'location': 'не указано'}"
test_12,Поставь будильник на 8 утра,alarm/set_alarm,alarm/set_alarm,True,0.9696,False,False,False,{'datetime': '8 утра'},{'datetime': '8 утра'}
test_96,Какая сегодня температура?,weather/find,weather/find,True,0.8964,False,False,False,"{'datetime': 'сегодня', 'weather/attribute': 'температура'}",{'condition_temperature': 'не указано'}
test_216,Покажи текущее напоминание,reminder/show_reminders,reminder/show_reminders,True,0.8784,False,False,False,{'reference': 'текущее'},{'reference': 'null'}
test_245,покажи все будильники,alarm/show_alarms,alarm/show_alarms,True,0.9367,False,False,False,{'reference': 'все'},{}
test_16,Напомни мне поговорить с Беном о Джорджии,reminder/set_reminder,reminder/show_reminders,False,0.8993,False,False,False,{'reminder/todo': 'поговорить с Беном о Джорджии'},{'reminder/todo': 'напомнить с Беном о Джорджии'}
test_17,Поставь будильник на 5 утра,alarm/set_alarm,alarm/set_alarm,True,0.9716,False,False,False,{'datetime': '5 утра'},{'datetime': '5 утра'}
test_18,сегодня пасмурно,weather/find,weather/find,True,0.9595,False,False,False,"{'datetime': 'сегодня', 'weather/attribute': 'пасмурно'}","{'condition_description': 'пасмурно', 'datetime': None, 'location': None, 'weather/attribute': None}"
test_19,Сколько дюймов дождя выпадет сегодня?,weather/find,weather/find,True,0.8901,False,False,False,"{'weather/attribute': 'дюймов дождя', 'datetime': 'сегодня'}","{'condition_description': 'дождь', 'location': 'не указано'}"
test_20,Напомни мне позвонить сестре завтра,reminder/set_reminder,reminder/set_alarm,False,0.931,False,False,False,"{'reminder/todo': 'позвонить сестре', 'datetime': 'завтра'}","{'datetime': 'завтра', 'reference': 'позвонить сестре'}"
test_21,выключи будильник,alarm/cancel_alarm,alarm/cancel_alarm,True,0.9236,False,False,False,{},{'datetime': None}
test_22,Будет ли жарко на этой неделе?,weather/find,weather/find,True,0.8855,False,False,False,"{'weather/attribute': 'жарко', 'datetime': 'этой неделе'}","{'condition_description': 'будет жарко', 'datetime': 'на этой неделе', 'location': 'не указано'}"
test_23,Поставь будильник на 3 часа дня,alarm/set_alarm,alarm/set_alarm,True,0.9717,False,False,False,{'datetime': '3 часа дня'},{'datetime': '3 часа дня'}
test_61,сегодня будет снег,weather/find,weather/find,True,0.9511,False,False,False,"{'datetime': 'сегодня', 'weather/attribute': 'снег'}","{'condition_description': 'снег', 'datetime': 'сегодня', 'location': None, 'weather/attribute': None}"
test_118,удали все будильники,alarm/cancel_alarm,alarm/cancel_alarm,True,0.8669,False,False,False,{'reference': 'все'},{}
test_26,Покажи мне все напоминания,reminder/show_reminders,reminder/show_reminders,True,0.9177,False,False,False,{'reference': 'все'},{}
test_230,Сколько времени осталость до будильника.,alarm/time_left_on_alarm,alarm/show_alarms,False,0.9025,False,True,False,{},{'reference': 'будильник'}
test_183,Какие у меня напоминания?,reminder/show_reminders,reminder/show_reminders,True,0.8924,False,False,False,{'reference': 'меня'},{'reference': 'не указано'}
test_29,Поставь ежедневный будильник на 8 утра,alarm/set_alarm,alarm/set_alarm,True,0.9691,False,False,False,{'recurring_datetime': 'ежедневный | 8 утра'},{'datetime': '8 утра'}
test_30,можешь показать мне будильники?,alarm/show_alarms,alarm/show_alarms,True,0.9159,False,False,False,{},"{'datetime': None, 'reference': None}"
test_31,В мире Диснея сегодня ожидаются бури?,weather/find,weather/find,True,0.9143,False,False,False,"{'location': 'В мире Диснея', 'datetime': 'сегодня', 'weather/attribute': 'бури'}","{'condition_description': 'бури', 'location': 'мир Диснея', 'datetime': 'today'}"
test_61,сегодня будет снег,weather/find,weather/find,True,0.9511,False,False,False,"{'datetime': 'сегодня', 'weather/attribute': 'снег'}","{'condition_description': 'снег', 'datetime': 'сегодня', 'location': None, 'weather/attribute': None}"
test_245,покажи все будильники,alarm/show_alarms,alarm/show_alarms,True,0.9367,False,False,False,{'reference': 'все'},{}
test_218,Сегодня холодно?,weather/find,weather/find,True,0.9333,False,False,False,"{'datetime': 'Сегодня', 'weather/attribute': 'холодно'}",{'condition_description': 'Холодно'}
test_35,Пожалуйста отмени будильник на утро четверга.,alarm/cancel_alarm,alarm/cancel_alarm,True,0.9371,False,False,False,{'datetime': 'утро четверга'},{'datetime': 'утром четверга'}
test_144,Сегодня будет дождь?,weather/find,weather/find,True,0.9099,False,False,False,"{'datetime': 'Сегодня', 'weather/attribute': 'дождь'}","{'condition_description': 'дождь', 'location': 'не указано'}"
test_37,в Канаде идет снег,weather/find,weather/find,True,0.9184,False,False,False,"{'location': 'Канаде', 'weather/attribute': 'снег'}","{'condition_description': 'снег', 'location': 'Канада', 'datetime': None}"
test_38,Какой максимум будет сегодня?,weather/find,weather/find,True,0.9332,False,False,False,"{'weather/attribute': 'максимум', 'datetime': 'сегодня'}","{'condition_description': 'Какой максимум', 'condition_temperature': None, 'datetime': None, 'location': None, 'weather/attribute': None}"
test_39,"Выпадет ли сегодня вечером достаточно снега, чтобы сделать поездки опасными?",weather/find,weather/find,True,0.8837,False,False,False,"{'datetime': 'сегодня вечером', 'weather/attribute': 'снега'}","{'condition_description': 'достаточно снега', 'location': 'не указано', 'weather/attribute': 'опасными'}"
test_237,покажи все напоминания,reminder/show_reminders,reminder/show_reminders,True,0.9105,False,False,False,{'reference': 'все'},{}
test_41,удали все напоминания,reminder/cancel_reminder,reminder/cancel_reminder,True,0.9108,False,False,False,{'reference': 'все'},{}
test_42,понадобится лм мне завтра куртка?,weather/find,PlayMusic,False,0.8668,False,False,False,"{'datetime': 'завтра', 'weather/attribute': 'куртка'}",{'music_item': 'куртка'}
test_43,Сколько времени осталось до будильника,alarm/time_left_on_alarm,alarm/show_alarms,False,0.9,False,True,False,{},{'reference': 'будильник'}
test_44,Останови будильник,alarm/snooze_alarm,none,False,0.8752,True,True,False,{},{}
test_139,Покажи мне все будильники,alarm/show_alarms,alarm/show_alarms,True,0.9439,False,False,False,{'reference': 'все'},{}
test_46,Какая погода в Йеллоустоуне?,weather/find,weather/find,True,0.953,False,False,False,{'location': 'Йеллоустоуне'},"{'condition_description': 'не указано', 'condition_temperature': 'не указано', 'datetime': 'не указано', 'location': 'Йеллоустоун', 'weather/attribute': 'не указано'}"
test_202,Какая сегодня погода?,weather/find,weather/find,True,0.9732,False,False,False,{'datetime': 'сегодня'},"{'condition_description': None, 'condition_temperature': None, 'datetime': None, 'location': None, 'weather/attribute': None}"
test_48,"Удали текущее напоминание о том, что завтра нужно забрать Патрика из школы.",reminder/cancel_reminder,reminder/cancel_reminder,True,0.903,False,False,False,"{'reference': 'текущее', 'datetime': 'завтра', 'reminder/todo': 'забрать Патрика из школы'}",{'reference': 'текущее напоминание'}
test_49,"Напомни мне завта в это же время, записаться на прием к врачу",reminder/set_reminder,reminder/set_alarm,False,0.9127,False,False,False,"{'datetime': 'завтра в это же время', 'reminder/todo': 'записаться на прием к врачу'}","{'datetime': 'триста тридцать три дня вперед', 'reference': 'запись на прием к врачу'}"
test_50,Напомни мне отказаться от аренды,reminder/set_reminder,reminder/cancel_reminder,False,0.8943,False,False,False,{'reminder/todo': 'отказаться от аренды'},{'reference': 'отказаться от аренды'}
test_51,когда закончится дождь?,weather/find,weather/find,True,0.9377,False,False,False,{'weather/attribute': 'дождь'},"{'condition_description': 'дождь', 'datetime': None, 'location': None, 'weather/attribute': None}"
test_179,отмени будильники,alarm/cancel_alarm,alarm/cancel_alarm,True,0.9153,False,False,False,{},"{'datetime': None, 'reference': None}"
test_53,Напомни мне позвонить Стефани во вторник,reminder/set_reminder,reminder/set_alarm,False,0.9242,False,False,False,"{'reminder/todo': 'позвонить Стефани', 'datetime': 'вторник'}","{'datetime': 'вторник', 'reference': 'Стефани'}"
test_224,покажи все текущие будильники,alarm/show_alarms,alarm/show_alarms,True,0.9205,False,False,False,{'reference': 'все текущие'},"{'datetime': None, 'reference': None}"
test_232,Насколько жарко сегодня будет?,weather/find,weather/find,True,0.9573,False,False,False,"{'weather/attribute': 'жарко', 'datetime': 'сегодня'}","{'condition_description': 'не указано', 'condition_temperature': 'не указано', 'datetime': 'не указано', 'location': 'не указано', 'weather/attribute': 'не указано'}"
test_56,Установи будильник на 5 часов вечера сегодня,alarm/set_alarm,alarm/set_alarm,True,0.9268,False,False,False,{'datetime': '5 часов вечера сегодня'},"{'datetime': '5 часов вечера сегодня', 'reference': None}"
test_57,напомни мне сходить к врачу 21 августа в 3 часа дня,reminder/set_reminder,reminder/set_alarm,False,0.9457,False,False,False,"{'reminder/todo': 'сходить к врачу', 'datetime': '21 августа в 3 часа дня'}",{'datetime': '21 августа в 3 часа дня'}
test_58,отмени текущее повторяющееся напоминание о приеме лекарств ежедневно в 7 утра,reminder/cancel_reminder,alarm/cancel_alarm,False,0.8794,False,False,False,"{'reminder/todo': 'приеме лекарств', 'recurring_datetime': 'ежедневно в 7 утра'}",{'datetime': '7 утра'}
test_59,когда по прогнозу будет дождь,weather/find,weather/find,True,0.9431,False,False,False,{'weather/attribute': 'дождь'},{'condition_description': 'дождь'}
test_60,На какое время установлен текущий будильник на завтрашнее утро?,alarm/show_alarms,alarm/show_alarms,True,0.8898,False,False,False,"{'reference': 'текущий', 'datetime': 'завтрашнее утро'}",{'datetime': 'текущий будильник'}
test_61,сегодня будет снег,weather/find,weather/find,True,0.9511,False,False,False,"{'datetime': 'сегодня', 'weather/attribute': 'снег'}","{'condition_description': 'снег', 'datetime': 'сегодня', 'location': None, 'weather/attribute': None}"
test_129,Выключи текущий будильник.,alarm/cancel_alarm,alarm/cancel_alarm,True,0.9201,False,False,False,{'reference': 'текущий'},"{'datetime': None, 'reference': None}"
test_234,отмени все будильники,alarm/cancel_alarm,alarm/cancel_alarm,True,0.9004,False,False,False,{'reference': 'все'},"{'datetime': None, 'reference': None}"
test_64,напомни мне купить продукты,reminder/set_reminder,reminder/set_reminder,True,0.8962,False,False,False,{'reminder/todo': 'купить продукты'},"{'datetime': None, 'reference': None, 'reminder/todo': 'купить продукты'}"
test_65,Мне нужен будильник на 9 утра для завтрака,alarm/set_alarm,alarm/set_alarm,True,0.9357,False,False,False,{'datetime': '9 утра'},"{'datetime': '9 утра', 'reference': None}"
test_66,установи напоминание о просмотре Колтс за час до начала игры,reminder/set_reminder,reminder/set_alarm,False,0.927,False,False,False,"{'reminder/todo': 'просмотре Колтс', 'datetime': 'за час до начала игры'}","{'datetime': 'за час до начала игры', 'reference': 'Колтс'}"
test_234,отмени все будильники,alarm/cancel_alarm,alarm/cancel_alarm,True,0.9004,False,False,False,{'reference': 'все'},"{'datetime': None, 'reference': None}"
test_68,Отмени текущее третье напоминание в этом списке,reminder/cancel_reminder,alarm/cancel_alarm,False,0.8801,False,False,False,{'reference': 'текущее третье'},{'reference': 'третье'}
test_87,установи будильник на 6 утра,alarm/set_alarm,alarm/set_alarm,True,0.9496,False,False,False,{'datetime': '6 утра'},{'datetime': '6 утра'}
test_70,Сейчас сбрось этот будильник и установи на 2 часа дня,alarm/cancel_alarm,alarm/set_alarm,False,0.9443,False,False,False,"{'datetime': 'Сейчас | 2 часа дня', 'reference': 'этот'}",{'datetime': '2 часа дня'}
test_71,Пойдет ли снег?,weather/find,weather/find,True,0.8869,False,False,False,{'weather/attribute': 'снег'},"{'condition_description': 'Пойдет ли снег', 'location': 'не указано'}"
test_72,Напомни мне заплатить арендную плату.,reminder/set_reminder,reminder/set_alarm,False,0.8833,False,False,False,{'reminder/todo': 'заплатить арендную плату'},{'datetime': 'reminder/todo'}
test_73,какой минимум на завтра,weather/find,BookRestaurant,False,0.9086,False,False,False,"{'weather/attribute': 'минимум', 'datetime': 'завтра'}","{'datetime': 'на завтра', 'party_size_number': 'не указано', 'sort': 'на завтра', 'restaurant_type': 'не указано', 'cuisine': 'не указано', 'location': 'не указано'}"
test_74,cегодня будет солнечно?,weather/find,weather/find,True,0.9048,False,False,False,"{'datetime': 'сегодня', 'weather/attribute': 'солнечно'}","{'condition_description': 'солнечно', 'location': 'не указано'}"
test_84,Сколько у меня напоминаний на сегодня?,reminder/show_reminders,reminder/show_reminders,True,0.9151,False,False,False,{'datetime': 'сегодня'},{'reminder/todo': 'null'}
test_76,Какие у меня напоминание на завтра?,reminder/show_reminders,reminder/show_reminders,True,0.9277,False,False,False,"{'reference': 'меня', 'datetime': 'завтра'}",{'datetime': 'завтра'}
test_77,Отмени все текущие напоминания.,reminder/cancel_reminder,reminder/cancel_reminder,True,0.8895,False,False,False,{'reference': 'все текущие'},{'reference': 'null'}
test_78,установи будильник на 6 утра на завтра,alarm/set_alarm,alarm/set_alarm,True,0.9511,False,False,False,{'datetime': '6 утра на завтра'},{'datetime': '6 утра'}
test_79,Установи будильник на 30 минут,alarm/set_alarm,alarm/set_alarm,True,0.9481,False,False,False,{'datetime': '30 минут'},{'datetime': '30 минут'}
test_80,Установи будильник на час вперед,alarm/set_alarm,alarm/set_alarm,True,0.952,False,False,False,{'datetime': 'час вперед'},{'datetime': 'час вперед'}
test_234,отмени все будильники,alarm/cancel_alarm,alarm/cancel_alarm,True,0.9004,False,False,False,{'reference': 'все'},"{'datetime': None, 'reference': None}"
test_82,прогноз погоды в Лос Анджелесе,weather/find,weather/find,True,0.9098,False,False,False,{'location': 'Лос Анджелесе'},"{'condition_description': 'прогноз погоды', 'location': 'Лос Анджелесе', 'datetime': None}"
test_234,отмени все будильники,alarm/cancel_alarm,alarm/cancel_alarm,True,0.9004,False,False,False,{'reference': 'все'},"{'datetime': None, 'reference': None}"
test_84,Сколько у меня напоминаний на сегодня?,reminder/show_reminders,reminder/show_reminders,True,0.9151,False,False,False,{'datetime': 'сегодня'},{'reminder/todo': 'null'}
test_85,Напомни мне купить бумажные полотенца в магазине завтра,reminder/set_reminder,AddToPlaylist,False,0.8721,False,False,False,"{'reminder/todo': 'купить бумажные полотенца в магазине', 'datetime': 'завтра'}","{'music_item': 'бумажные полотенца', 'playlist': 'не указано'}"
test_225,Покажи мне все текущие напоминания,reminder/show_reminders,reminder/show_reminders,True,0.8946,False,False,False,{'reference': 'все текущие'},{'reference': 'null'}
test_87,поставь будильник на 6 утра,alarm/set_alarm,alarm/set_alarm,True,0.969,False,False,False,{'datetime': '6 утра'},{'datetime': '6 утра'}
test_88,завтра будет снег,weather/find,weather/find,True,0.9604,False,False,False,"{'datetime': 'завтра', 'weather/attribute': 'снег'}","{'condition_description': 'снег', 'datetime': 'завтра', 'location': None, 'weather/attribute': None}"
test_89,удали текущий будильник на завтрашнее утро,alarm/cancel_alarm,alarm/cancel_alarm,True,0.9453,False,False,False,"{'reference': 'текущий', 'datetime': 'завтрашнее утро'}",{'datetime': 'завтрашнее утро'}
test_90,Установи будильник на полдень только по пондельникам.,alarm/set_alarm,alarm/set_alarm,True,0.9347,False,False,False,{'recurring_datetime': 'полдень только по понедельникам'},"{'datetime': 'полдень', 'reference': 'пондельники'}"
test_232,Насколько жарко будет сегодня?,weather/find,weather/find,True,0.8851,False,False,False,"{'weather/attribute': 'жарко', 'datetime': 'сегодня'}","{'condition_description': 'сколько жарко', 'condition_temperature': 'не указано', 'datetime': 'сегодня', 'location': 'не указано', 'weather/attribute': 'жаркость'}"
test_92,напомни мне установить будильники на утром,reminder/set_reminder,alarm/set_alarm,False,0.9489,False,False,False,"{'reminder/todo': 'установить будильники', 'datetime': 'утро'}",{'datetime': 'утро'}
test_118,удали все будильники,alarm/cancel_alarm,alarm/cancel_alarm,True,0.8669,False,False,False,{'reference': 'все'},{}
test_245,покажи все будильники,alarm/show_alarms,alarm/show_alarms,True,0.9367,False,False,False,{'reference': 'все'},{}
test_97,отключи будильник,alarm/cancel_alarm,alarm/cancel_alarm,True,0.9254,False,False,False,{},{'datetime': None}
test_96,Какая температура сегодня?,weather/find,weather/find,True,0.9039,False,False,False,"{'weather/attribute': 'температура', 'datetime': 'сегодня'}",{'condition_temperature': 'не указано'}
test_245,покажи все будильники,alarm/show_alarms,alarm/show_alarms,True,0.9367,False,False,False,{'reference': 'все'},{}
test_99,установи будильник на каждые 30 минут,alarm/set_alarm,alarm/set_alarm,True,0.9139,False,False,False,{'recurring_datetime': 'каждые 30 минут'},{'datetime': 'каждый 30 минут'}
test_164,Какая температура будет сегодня?,weather/find,weather/find,True,0.9135,False,False,False,"{'weather/attribute': 'температура', 'datetime': 'сегодня'}",{'condition_temperature': 'temperature'}
test_101,будет ли жарко сегодня?,weather/find,weather/find,True,0.9615,False,False,False,"{'weather/attribute': 'жарко', 'datetime': 'сегодня'}","{'condition_description': 'будет ли жарко', 'condition_temperature': None, 'datetime': None, 'location': None, 'weather/attribute': None}"
test_214,завтра пойдет дождь?,weather/find,weather/find,True,0.9521,False,False,False,"{'datetime': 'завтра', 'weather/attribute': 'дождь'}","{'condition_description': 'дождь', 'datetime': 'завтра', 'location': None, 'weather/attribute': None}"
