id,text,true_intent,pred_intent,intent_correct,confidence,weak_by_conf,weak_intent_real,weak_slot_real,true_slots,pred_slots
test_500,"забронируй вечеринку в их кампусе, в том же районе, что и чурраскария",BookRestaurant,BookRestaurant,True,0.9098,False,False,False,"{'location': 'их кампусе, | в том же районе,', 'restaurant_type': 'чурраскария'}","{'restaurant_name': 'их кампус', 'location': 'в том же районе, что и чурраскария', 'restaurant_type': 'вечеринка', 'party_size_number': None, 'party_size_description': None, 'served_dish': None, 'sort': None}"
test_499,Покажи мне фильмы в Харкинс Фитерс .,SearchScreeningEvent,SearchCreativeWork,False,0.944,False,False,False,"{'movie_type': 'фильмы', 'location': 'Харкинс Фитерс'}","{'object_name': 'фильмы', 'object_type': 'фильмы'}"
test_498,Забронируй столик на девять персон в лучшем пабе около Танжера через шесть месяцев,BookRestaurant,BookRestaurant,True,0.8892,False,False,False,"{'party_size_number': 'девять', 'sort': 'лучшем', 'restaurant_type': 'пабе', 'location': 'около | Танжера', 'datetime': 'через шесть месяцев'}","{'party_size_number': '9', 'restaurant_name': 'лучшее пабе', 'location': 'Танжера', 'restaurant_type': 'паб', 'datetime': 'через 6 месяцев', 'sort': None, 'cuisine': None}"
test_497,Найди ТВ сериал Парни из Джерси,SearchCreativeWork,SearchCreativeWork,True,0.9711,False,False,False,"{'object_type': 'ТВ сериал', 'object_name': 'Парни из Джерси'}","{'object_name': 'Парни из Джерси', 'object_type': 'сериал'}"
test_496,Добавь этот альбом к Old School Death Metal,AddToPlaylist,AddToPlaylist,True,0.9111,False,False,False,"{'music_item': 'альбом', 'playlist': 'Old School Death Metal'}","{'artist': 'Old School Death Metal', 'entity_name': 'Альбом', 'music_item': 'Альбом', 'playlist': 'playlist', 'reference': 'Альбом'}"
test_495,"Забронируй номер в The Dome, в Эдинбурге, недалеко от Бруклона",BookRestaurant,BookRestaurant,True,0.9404,False,False,True,"{'restaurant_name': 'The Dome, в Эдинбурге', 'location': 'недалеко | Бруклона'}","{'restaurant_name': 'The Dome', 'location': 'Эдинбург', 'facility': 'номер', 'party_size_description': None, 'party_size_number': None, 'restaurant_type': None, 'served_dish': None, 'sort': None}"
test_494,Забронируй популярный ресторан на 5 персон,BookRestaurant,BookRestaurant,True,0.9589,False,False,False,"{'sort': 'популярный', 'restaurant_type': 'ресторан', 'party_size_number': '5'}","{'cuisine': None, 'datetime': None, 'facility': None, 'location': None, 'party_size_description': '5 персон', 'party_size_number': '5', 'restaurant_name': None, 'restaurant_type': None, 'served_dish': None, 'sort': None}"
test_493,филлис уорд и веронике нужен столик в ресторане через 152 дня,BookRestaurant,BookRestaurant,True,0.8792,False,False,True,"{'party_size_description': 'филлис уорд и веронике', 'restaurant_type': 'ресторане', 'datetime': 'через 152 дня'}","{'restaurant_name': 'ресторан', 'party_size_number': '152', 'location': 'филлис уорд и веронике', 'cuisine': 'не указано', 'datetime': 'не указано', 'facility': 'столик', 'sort': 'не указано', 'served_dish': 'не указано', 'party_size_description': '152'}"
test_492,найди книгу The Girl Who Was Plugged In,SearchCreativeWork,SearchCreativeWork,True,0.974,False,False,False,"{'object_type': 'книгу', 'object_name': 'The Girl Who Was Plugged In'}","{'object_name': 'The Girl Who Was Plugged In', 'object_type': 'книга'}"
test_491,Найди мне ТВ шоу под названием Baby Blue,SearchCreativeWork,SearchCreativeWork,True,0.9561,False,False,False,"{'object_type': 'ТВ шоу', 'object_name': 'Baby Blue'}","{'object_name': 'Baby Blue', 'object_type': 'ТВ шоу'}"
test_490,поставь The Gift: Imagination and the Erotic Life of Property пять звезд,RateBook,RateBook,True,0.9487,False,False,False,"{'object_name': 'The Gift: Imagination and the Erotic Life of Property', 'rating_value': 'пять', 'rating_unit': 'звезд'}","{'best_rating': '5', 'object_name': 'The Gift: Imagination and the Erotic Life of Property', 'object_type': 'книга', 'rating_unit': None, 'rating_value': None}"
test_489,Я хочу послушать их от артиста Murcof,PlayMusic,PlayMusic,True,0.9569,False,False,False,"{'music_item': 'их', 'artist': 'Murcof'}","{'album': 'их', 'artist': 'Murcof', 'datetime': None, 'genre': None, 'music_item': None, 'playlist': None, 'service': None, 'sort': None}"
test_488,"В travelling плейлист, пожалуйста, добавь эту песню Дэвида Гаана .",AddToPlaylist,AddToPlaylist,True,0.9171,False,False,False,"{'playlist': 'travelling', 'music_item': 'песню', 'artist': 'Дэвида Гаана'}","{'artist': 'Дэвид Гаан', 'entity_name': 'песня', 'music_item': 'this song', 'playlist': 'travelling', 'reference': 'this song'}"
test_487,Можешь найти мне the National Anthem of the Ancient Britons ТВ шоу ?,SearchCreativeWork,SearchCreativeWork,True,0.9653,False,False,False,"{'object_name': 'National Anthem of the Ancient Britons', 'object_type': 'ТВ шоу'}","{'object_name': 'the National Anthem of the Ancient Britons', 'object_type': 'шоу'}"
test_486,Добавь песню в Indie Hipster,AddToPlaylist,AddToPlaylist,True,0.9394,False,False,False,"{'music_item': 'песню', 'playlist': 'Indie Hipster'}","{'artist': 'Indie Hipster', 'music_item': 'песня', 'playlist': 'Indie Hipster', 'entity_name': 'песня'}"
test_485,добавь ирландию на детском евровидении 2015 в мой Jazzy Dinner плейлист,AddToPlaylist,AddToPlaylist,True,0.9156,False,False,False,"{'entity_name': 'ирландию на детском евровидении 2015', 'reference': 'мой', 'playlist': 'Jazzy Dinner'}","{'artist': 'Ирландия', 'entity_name': 'Ирландия', 'music_item': 'Детский Евровидение 2015', 'playlist': 'Jazzy Dinner', 'reference': 'Ирландия'}"
test_484,какой прогноз погоды здесь в связи с метелью на пять часов вечера,weather/find,weather/find,True,0.9498,False,False,True,"{'location': 'здесь', 'condition_description': 'метелью', 'datetime': 'пять часов вечера'}","{'condition_description': 'метель', 'condition_temperature': None, 'datetime': '5 часов вечера', 'location': None, 'weather/attribute': None}"
test_483,"Пожалуйста, найди мне Monty Python Live в Голливуд-боул .",SearchCreativeWork,SearchScreeningEvent,False,0.9257,False,False,False,{'object_name': 'Monty Python Live в Голливуд - боул'},"{'object_type': 'расписание', 'movie_name': 'Monty Python Live in Hollywood Bowl', 'location': 'Голливуд-боул', 'object_location_type': 'кинотеатре', 'datetime': ' '}"
test_482,Показывают ли No Time to Be Young в AMC Theaters,SearchScreeningEvent,SearchScreeningEvent,True,0.9334,False,False,False,"{'movie_name': 'No Time to Be Young', 'location': 'AMC Theaters'}","{'movie_name': 'No Time to Be Young', 'location': 'AMC Theaters', 'object_location_type': 'кинотеатры', 'datetime': None}"
test_481,Сыграй любой блюз британский .,PlayMusic,PlayMusic,True,0.9419,False,False,True,{'genre': 'блюз британский'},"{'album': None, 'artist': None, 'datetime': None, 'genre': 'блюз', 'music_item': None, 'playlist': None, 'service': None, 'sort': None}"
test_480,Покажи расписание фильмов в округе,SearchScreeningEvent,SearchScreeningEvent,True,0.9418,False,False,False,"{'object_type': 'расписание фильмов', 'location': 'в округе'}","{'object_type': 'расписание', 'movie_name': None, 'location': 'округе', 'object_location_type': 'кинотеатре', 'datetime': None}"
test_479,какой прогноз для Ваурики в Самоа,weather/find,weather/find,True,0.9096,False,False,False,{'location': 'Ваурики | Самоа'},"{'condition_description': 'прогноз', 'condition_temperature': 'не указано', 'datetime': 'не указано', 'location': 'Ваурика', 'weather/attribute': 'прогноз'}"
test_478,Найди расписание фильмов для Wanda Group .,SearchScreeningEvent,SearchScreeningEvent,True,0.9324,False,False,False,"{'object_type': 'расписание фильмов', 'location': 'Wanda Group'}","{'object_type': 'расписание', 'movie_name': 'Wanda Group', 'location': 'ближайшем', 'object_location_type': 'кинотеатре', 'datetime': None}"
test_477,какая погода здесь на два утра,weather/find,weather/find,True,0.9551,False,False,False,"{'location': 'здесь', 'datetime': 'два утра'}","{'condition_description': 'не указано', 'condition_temperature': 'не указано', 'datetime': 'два утра', 'location': 'не указано', 'weather/attribute': 'не указано'}"
test_476,Я хочу забронировать Oregon Electric Station в North City .,BookRestaurant,BookRestaurant,True,0.9405,False,False,True,"{'restaurant_name': 'Oregon Electric Station', 'location': 'North City'}","{'restaurant_name': 'Oregon Electric Station', 'location': 'North City', 'restaurant_type': None, 'party_size_number': None, 'served_dish': None, 'sort': None}"
test_475,Какие фильмы показывают в округе,SearchScreeningEvent,SearchCreativeWork,False,0.9254,False,False,False,"{'movie_type': 'фильмы', 'location': 'в округе'}","{'object_name': 'фильмы', 'object_type': 'фильмы'}"
test_474,В какое время будет показ The Young Swordsman в моем кинотеатре ?,SearchScreeningEvent,SearchScreeningEvent,True,0.9083,False,False,True,"{'object_type': 'время', 'movie_name': 'The Young Swordsman', 'object_location_type': 'кинотеатре'}","{'object_name': 'The Young Swordsman', 'location': 'моем', 'movie_type': 'фильм', 'object_location_type': 'кинотеатре', 'datetime': 'в какое время'}"
test_473,оцени текущий роман на ноль из 6,RateBook,RateBook,True,0.9673,False,False,False,"{'object_select': 'текущий', 'object_type': 'роман', 'rating_value': 'ноль', 'best_rating': '6'}","{'best_rating': '0', 'object_name': 'текущий роман', 'object_part_of_series_type': None, 'object_select': None, 'object_type': 'роман', 'rating_unit': None, 'rating_value': '0'}"
test_472,Добавь мартина барра в мой punk unplugged плейлист.,AddToPlaylist,AddToPlaylist,True,0.9146,False,False,False,"{'artist': 'мартина барра', 'reference': 'мой', 'playlist': 'punk unplugged'}","{'artist': 'Мартин Бар', 'entity_name': 'punk unplugged', 'music_item': 'Мартин Бар', 'playlist': 'punk unplugged', 'reference': 'Мартин Бар'}"
test_471,Оцени The 8-Week Cholesterol Cure на три из 6 .,RateBook,RateBook,True,0.9538,False,False,False,"{'object_name': 'The 8-Week Cholesterol Cure', 'rating_value': 'три', 'best_rating': '6'}","{'best_rating': '3', 'object_name': 'The 8-Week Cholesterol Cure', 'object_type': 'книга'}"
test_470,Показывают ли Редкие птицы в ближайшем кинотеатре в обед .,SearchScreeningEvent,SearchScreeningEvent,True,0.9656,False,False,True,"{'movie_name': 'Редкие птицы', 'location': 'ближайшем', 'object_location_type': 'кинотеатре', 'datetime': 'обед'}","{'object_type': 'расписание', 'movie_name': 'Редкие птицы', 'location': 'ближайшем', 'object_location_type': 'кинотеатре', 'datetime': None}"
test_469,оцени этот альбом на 5 баллов,RateBook,RateBook,True,0.9404,False,False,False,"{'object_select': 'этот', 'object_type': 'альбом', 'rating_value': '5'}","{'best_rating': '5', 'object_name': 'альбом', 'object_type': 'альбом', 'rating_unit': None, 'rating_value': 5}"
test_468,Найди мне роман с названием To Lose My Life …,SearchCreativeWork,SearchCreativeWork,True,0.9545,False,False,False,"{'object_type': 'роман', 'object_name': 'To Lose My Life'}","{'object_name': 'To Lose My Life …', 'object_type': 'роман'}"
test_467,добавь Highway Patrolman в мой плейлист this is al green,AddToPlaylist,AddToPlaylist,True,0.9701,False,False,False,"{'entity_name': 'Highway Patrolman', 'reference': 'мой', 'playlist': 'this is al green'}","{'artist': 'this is al green', 'entity_name': 'Highway Patrolman', 'music_item': 'Highway Patrolman', 'playlist': 'this is al green', 'reference': 'Highway Patrolman'}"
test_466,Добавь artist от mike в Sexy as Folk плейлист.,AddToPlaylist,AddToPlaylist,True,0.961,False,False,False,"{'music_item': 'artist', 'artist': 'mike', 'playlist': 'Sexy as Folk'}","{'artist': 'mike', 'entity_name': 'Sexy as Folk', 'playlist': 'плейлист', 'music_item': None}"
test_465,Я хочу анимационные фильмы в MJR Theatres,SearchScreeningEvent,SearchCreativeWork,False,0.9425,False,False,False,"{'movie_type': 'анимационные фильмы', 'location': 'MJR Theatres'}","{'object_name': 'анимационные фильмы', 'object_type': 'фильмы'}"
test_464,Дай две звезды из 6 для 36 Children,RateBook,RateBook,True,0.947,False,False,False,"{'rating_value': 'две', 'rating_unit': 'звезды', 'best_rating': '6', 'object_name': '36 Children'}","{'best_rating': '2', 'object_name': '36 Children', 'object_type': 'книга'}"
test_463,Можешь найти мне трейлер Синей весны ?,SearchCreativeWork,SearchCreativeWork,True,0.9471,False,False,False,"{'object_type': 'трейлер', 'object_name': 'Синей весны'}","{'object_name': 'Синяя весна', 'object_type': 'трейлер'}"
test_462,Включи что-нибудь из 90s Pop Rock Essentials,PlayMusic,SearchCreativeWork,False,0.9475,False,False,False,{'playlist': '90s Pop Rock Essentials'},{'object_name': '90s Pop Rock Essentials'}
test_461,добавь этот трек в мой Hands Up плейлист,AddToPlaylist,AddToPlaylist,True,0.9232,False,False,False,"{'music_item': 'трек', 'reference': 'мой', 'playlist': 'Hands Up'}","{'artist': 'Hands Up', 'music_item': 'трек', 'playlist': 'Hands Up', 'reference': 'трек'}"
test_460,Забронируй место для 9,BookRestaurant,BookRestaurant,True,0.8971,False,False,False,{'party_size_number': '9'},"{'restaurant_name': '9', 'party_size_number': '9', 'restaurant_type': None, 'served_dish': None, 'sort': None, 'location': None}"
test_459,Будет ли Без свидетелей показываться двадцать два часа спустя,SearchScreeningEvent,SearchScreeningEvent,True,0.9653,False,False,False,"{'movie_name': 'Без свидетелей', 'datetime': 'двадцать два часа спустя'}","{'object_type': 'расписание', 'movie_name': 'Без свидетелей', 'location': 'ближайшем', 'object_location_type': 'кинотеатре', 'datetime': 'двадцать два часа спустя'}"
test_458,Я хочу забронировать стейк-хаус на хребте Вими .,BookRestaurant,BookRestaurant,True,0.9005,False,False,False,"{'restaurant_type': 'стейк-хаус', 'location': 'хребте Вими'}","{'restaurant_name': 'стейк-хаус', 'location': 'Хребте Вими', 'restaurant_type': 'стейк-хаус', 'party_size_number': None, 'sort': None, 'cuisine': None}"
test_457,Добавь песню boy george в Emo Forever плейлист.,AddToPlaylist,AddToPlaylist,True,0.9485,False,False,False,"{'music_item': 'песню', 'artist': 'boy george', 'playlist': 'Emo Forever'}","{'artist': 'boy george', 'entity_name': 'Emo Forever', 'music_item': 'не указано', 'playlist': 'Emo Forever', 'reference': 'не указано'}"
test_456,Я хочу поесть в Ramona,BookRestaurant,BookRestaurant,True,0.9642,False,False,False,{'location': 'Ramona'},"{'restaurant_name': 'Ramona', 'cuisine': None, 'datetime': None, 'facility': None, 'location': None, 'party_size_description': None, 'party_size_number': None, 'restaurant_type': None, 'served_dish': None, 'sort': None}"
test_455,"Пожалуйста, найди Three Essays on the Theory of Sexuality шоу .",SearchCreativeWork,SearchCreativeWork,True,0.9776,False,False,False,"{'object_name': 'Three Essays on the Theory of Sexuality', 'object_type': 'шоу'}","{'object_name': 'Three Essays on the Theory of Sexuality', 'object_type': 'шоу'}"
test_454,Будет ли дождь в Тенино ?,weather/find,weather/find,True,0.9435,False,False,True,"{'condition_description': 'дождь', 'location': 'Тенино'}","{'condition_description': 'дождь', 'location': 'Тенино', 'datetime': 'сейчас'}"
test_453,Я хочу забронировать bougatsa restaurant в следующем году около Penn на троих персон.,BookRestaurant,BookRestaurant,True,0.8876,False,False,True,"{'cuisine': 'bougatsa', 'restaurant_type': 'restaurant', 'datetime': 'следующем году', 'location': 'около | Penn', 'party_size_number': 'троих'}","{'restaurant_name': 'bougatsa restaurant', 'party_size_number': '3', 'location': 'Penn', 'restaurant_type': 'bougatsa restaurant', 'datetime': 'next year'}"
test_452,сыграй что-то семидесятое от Филиппа Киркорова,PlayMusic,PlayMusic,True,0.9454,False,False,False,"{'datetime': 'семидесятое', 'artist': 'Филиппа Киркорова'}","{'album': 'Семьдесят', 'artist': 'Филипп Киркоров', 'datetime': None, 'genre': None, 'music_item': None, 'playlist': None, 'service': None, 'sort': None}"
test_451,"Можешь найти книгу Париж, когда там жара ?",SearchCreativeWork,SearchCreativeWork,True,0.9594,False,False,False,"{'object_type': 'книгу', 'object_name': 'Париж, когда там жара'}","{'object_name': 'Париж', 'object_type': 'книга'}"
test_450,Оцени текущий роман на 3 звезды,RateBook,RateBook,True,0.9363,False,False,False,"{'object_select': 'текущий', 'object_type': 'роман', 'rating_value': '3', 'rating_unit': 'звезды'}","{'best_rating': '3', 'object_name': 'текущий роман', 'object_type': 'роман', 'rating_unit': 'из 5', 'rating_value': '3'}"
test_449,Включи Пола Маккартни,PlayMusic,SearchCreativeWork,False,0.9181,False,False,False,{'artist': 'Пола Маккартни'},"{'object_name': 'Пола Маккартни', 'object_type': 'творческий_произведение'}"
test_448,я хочу увидеть Я мечтаю о Джинни в кинотеатре,SearchScreeningEvent,SearchScreeningEvent,True,0.9535,False,False,True,"{'movie_name': 'Я мечтаю о Джинни', 'object_location_type': 'кинотеатре'}","{'object_type': 'расписание', 'movie_name': 'Я мечтаю о Джинни', 'location': 'ближайшем', 'object_location_type': 'кинотеатре', 'datetime': 'не указано'}"
test_447,"Пожалуйста, найди мне работу Serious Awesomeness !.",SearchCreativeWork,SearchCreativeWork,True,0.9279,False,False,False,{'object_name': 'Serious Awesomeness'},"{'object_name': 'Serious Awesomeness !', 'object_type': 'работа'}"
test_446,Включи Trance Life в Zvooq .,PlayMusic,AddToPlaylist,False,0.9589,False,False,False,"{'playlist': 'Trance Life', 'service': 'Zvooq'}","{'artist': 'Trance Life', 'entity_name': 'Zvooq', 'music_item': None, 'playlist': 'null', 'reference': None}"
test_445,"Пожалуйста, найди мне Compulsive Disclosure песню .",SearchCreativeWork,SearchCreativeWork,True,0.9647,False,False,False,"{'object_name': 'Compulsive Disclosure', 'object_type': 'песню'}","{'object_name': 'Compulsive Disclosure', 'object_type': 'песня'}"
test_444,Найди ТВ шоу Meet the Prince,SearchCreativeWork,SearchCreativeWork,True,0.9593,False,False,False,"{'object_type': 'ТВ шоу', 'object_name': 'Meet the Prince'}","{'object_name': 'Meet the Prince', 'object_type': 'ТВ шоу'}"
test_443,Мне нужен список Speakeasy Theaters с показом фильмов,SearchScreeningEvent,SearchScreeningEvent,True,0.8985,False,False,False,"{'location': 'Speakeasy Theaters', 'object_type': 'фильмов'}","{'object_name': 'Speakeasy Theaters', 'object_type': 'кинотеатры', 'movie_name': 'фильмы'}"
test_442,Какая погода будет в Вирджинии на День святого Патрика ?,weather/find,weather/find,True,0.9547,False,False,False,"{'location': 'Вирджинии', 'datetime': 'День святого Патрика'}","{'condition_description': 'неизвестно', 'condition_temperature': 'неизвестно', 'datetime': 'День святого Патрика', 'location': 'Вирджиния', 'weather/attribute': 'неизвестно'}"
test_441,Мне нужен столик на 4 в Saint Helena в Settha Palace Hotel,BookRestaurant,BookRestaurant,True,0.9318,False,False,True,"{'party_size_number': '4', 'location': 'Saint Helena', 'restaurant_name': 'Settha Palace Hotel'}","{'restaurant_name': 'Settha Palace Hotel', 'location': 'Saint Helena', 'party_size_number': '4', 'restaurant_type': None, 'served_dish': None, 'sort': None}"
test_440,дай текущей летописи пять из 6 очков,RateBook,RateBook,True,0.9151,False,False,True,"{'object_select': 'текущей', 'object_part_of_series_type': 'летописи', 'rating_value': 'пять', 'best_rating': '6', 'rating_unit': 'очков'}","{'best_rating': '5', 'object_name': 'летопись', 'object_type': 'оценка', 'rating_unit': 'из 6', 'rating_value': '5'}"
test_439,Найди анимационные фильмы рядом,SearchScreeningEvent,SearchCreativeWork,False,0.9492,False,False,False,"{'movie_type': 'анимационные фильмы', 'location': 'рядом'}","{'object_name': 'анимационные фильмы', 'object_type': 'фильмы'}"
test_438,Давай послушаем что-то от Andrew Hewitt .,PlayMusic,PlayMusic,True,0.9611,False,False,False,{'artist': 'Andrew Hewitt'},"{'album': 'не указано', 'artist': 'Andrew Hewitt', 'datetime': 'не указано', 'genre': 'не указано', 'music_item': 'не указано', 'playlist': 'не указано', 'service': 'не указано', 'sort': 'не указано'}"
test_437,оцени текущее эссе на ноль из 6 звезд,RateBook,RateBook,True,0.9674,False,False,False,"{'object_select': 'текущее', 'object_type': 'эссе', 'rating_value': 'ноль', 'best_rating': '6', 'rating_unit': 'звезд'}","{'best_rating': '0', 'object_name': 'эссе', 'object_part_of_series_type': None, 'object_select': None, 'object_type': 'эссе', 'rating_unit': None, 'rating_value': '0'}"
test_436,Добавь песню в this is racionais mc's,AddToPlaylist,AddToPlaylist,True,0.9366,False,False,False,"{'music_item': 'песню', 'playlist': ""this is racionais mc's""}","{'artist': ""this is racionais mc's"", 'music_item': 'песня', 'playlist': ""this is racionais mc's"", 'reference': 'песня'}"
test_435,Показывают ли Babar: King of the Elephants,SearchScreeningEvent,SearchScreeningEvent,True,0.9193,False,False,False,{'movie_name': 'Babar: King of the Elephants'},"{'object_name': 'Babar: King of the Elephants', 'movie_type': 'фильм', 'object_location_type': 'кинотеатре', 'datetime': None, 'location': None}"
test_434,Я хочу столик в James D. Conrey House в Urbank California,BookRestaurant,BookRestaurant,True,0.9378,False,False,True,"{'restaurant_name': 'James D. Conrey House', 'location': 'Urbank | California'}","{'restaurant_name': 'James D. Conrey House', 'location': 'Urbank California', 'facility': 'столик', 'party_size_description': None, 'party_size_number': None, 'served_dish': None, 'restaurant_type': None}"
test_433,Оцени текущую серию на 4 очка,RateBook,RateBook,True,0.9553,False,False,True,"{'object_select': 'текущую', 'object_part_of_series_type': 'серию', 'rating_value': '4', 'rating_unit': 'очка'}","{'best_rating': '4', 'object_name': 'серия', 'object_part_of_series_type': None, 'object_select': None, 'object_type': 'серия', 'rating_unit': None, 'rating_value': 4}"
test_432,Дай ноль звезд этому учебнику,RateBook,RateBook,True,0.9072,False,False,False,"{'rating_value': 'ноль', 'rating_unit': 'звезд', 'object_select': 'этому', 'object_type': 'учебнику'}","{'best_rating': '0', 'object_name': 'учебник', 'object_type': 'учебник', 'rating_unit': 'звезд'}"
test_431,Дай The Crystal Snare 5 звезд,RateBook,RateBook,True,0.9607,False,False,False,"{'object_name': 'The Crystal Snare', 'rating_value': '5', 'rating_unit': 'звезд'}","{'best_rating': '5', 'object_name': 'The Crystal Snare', 'object_type': 'книга'}"
test_430,Включи Subconscious Lobotomy от Дженнифер Полл .,PlayMusic,SearchCreativeWork,False,0.9494,False,False,True,"{'album': 'Subconscious Lobotomy', 'artist': 'Дженнифер Полл'}","{'object_name': 'Subconscious Lobotomy', 'object_type': 'книга'}"
test_103,Отмени следующий будильник,alarm/cancel_alarm,alarm/cancel_alarm,True,0.9214,False,False,False,{'reference': 'следующий'},{'reference': 'будильник'}
test_104,Напомни мне сходить в продуктовый магазин сегодня,reminder/set_reminder,reminder/set_alarm,False,0.8962,False,False,False,"{'reminder/todo': 'сходить в продуктовый магазин', 'datetime': 'сегодня'}","{'datetime': 'today', 'reference': 'сходить в продуктовый магазин', 'recurring_datetime': None}"
test_105,отмени мои напоминания на следующую неделю,reminder/cancel_reminder,reminder/cancel_reminder,True,0.9143,False,False,False,"{'reference': 'мои', 'datetime': 'следующую неделю'}",{'reference': 'на следующую неделю'}
test_106,напомни мне отвести собаку к грумеру во вторник в 3 часа,reminder/set_reminder,reminder/set_alarm,False,0.9188,False,False,False,"{'reminder/todo': 'отвести собаку к грумеру', 'datetime': 'вторник в 3 часа'}","{'datetime': '3 часа', 'reference': 'отвести собаку к грумеру', 'recurring_datetime': None}"
test_107,Напомни мне забрать цветы для Джен на нашу годовщину на 28-е.,reminder/set_reminder,AddToPlaylist,False,0.912,False,False,False,"{'reminder/todo': 'забрать цветы для Джен на нашу годовщину', 'datetime': '28-е'}","{'artist': 'нет', 'entity_name': 'Джен', 'music_item': 'нет', 'playlist': 'нет', 'reference': 'нет'}"
test_109,Напомни мне записаться к доктору завтра.,reminder/set_reminder,reminder/set_alarm,False,0.9197,False,False,False,"{'reminder/todo': 'записаться к доктору', 'datetime': 'завтра'}","{'datetime': 'завтра', 'reference': 'запись к доктору'}"
test_111,Нужно ли взять дождевик?,weather/find,weather/find,True,0.9588,False,False,False,{'weather/attribute': 'дождевик'},"{'condition_description': 'дождь', 'condition_temperature': None, 'datetime': None, 'location': None, 'weather/attribute': None}"
test_150,Покажи все мои напоминания,reminder/show_reminders,reminder/show_reminders,True,0.9189,False,False,False,{'reference': 'все мои'},{'reference': 'все мои напоминания'}
test_247,Установи будильник на 5 вечера сегодня,alarm/set_alarm,alarm/set_alarm,True,0.9,False,False,False,{'datetime': '5 вечера сегодня'},"{'datetime': '5 вечера сегодня', 'reference': 'ничего'}"
test_248,установи будильник на 7 завтра,alarm/set_alarm,alarm/set_alarm,True,0.9159,False,False,False,{'datetime': '7 завтра'},"{'datetime': '7', 'reference': 'завтра'}"
test_253,"Пожалуйста, найди мне видеоигру под названием 20 Hours in America .",SearchCreativeWork,SearchCreativeWork,True,0.9738,False,False,False,"{'object_type': 'видеоигру', 'object_name': '20 Hours in America'}","{'object_name': '20 Hours in America', 'object_type': 'видеоигра'}"
test_257,Включи новую музыку на Last Fm от Eddie Vinson .,PlayMusic,PlayMusic,True,0.9546,False,False,False,"{'sort': 'новую', 'music_item': 'музыку', 'service': 'Last Fm', 'artist': 'Eddie Vinson'}","{'album': 'Eddie Vinson', 'artist': 'Eddie Vinson', 'datetime': None, 'genre': None, 'music_item': None, 'playlist': None, 'service': None, 'sort': None}"
test_258,Проверь прогноз погоды в Небраске .,weather/find,weather/find,True,0.9182,False,False,False,{'location': 'Небраске'},"{'condition_description': 'прогноз погоды', 'condition_temperature': 'неизвестно', 'datetime': 'неизвестно', 'location': 'Небраске', 'weather/attribute': 'прогноз погоды'}"
test_259,Есть ли гроза сейчас в ЮК ?,weather/find,weather/find,True,0.9606,False,False,True,"{'condition_description': 'гроза', 'datetime': 'сейчас', 'location': 'ЮК'}","{'condition_description': 'гроза', 'location': 'ЮК', 'weather/attribute': 'гроза'}"
test_264,Я хочу забронировать сунданский гастропаб где-то в Техасе на 3 персоны на 5/20/2025 .,BookRestaurant,BookRestaurant,True,0.9304,False,False,True,"{'cuisine': 'сунданский', 'restaurant_type': 'гастропаб', 'location': 'где-то | Техасе', 'party_size_number': '3', 'datetime': '5/20/2025'}","{'restaurant_name': 'сунданский гастропаб', 'party_size_number': '3', 'datetime': '5/20/2025', 'location': 'Техасе', 'restaurant_type': 'гастропаб'}"
test_269,Я хочу забронировать еврейский ресторан в Гамбии .,BookRestaurant,BookRestaurant,True,0.9326,False,False,True,"{'cuisine': 'еврейский', 'restaurant_type': 'ресторан', 'location': 'Гамбии'}","{'cuisine': 'еврейский', 'location': 'Гамбия', 'restaurant_name': None, 'restaurant_type': None, 'party_size_description': None, 'party_size_number': None}"
test_273,"Погода в Уолден, Россия на 12/26/2018",weather/find,weather/find,True,0.9336,False,False,False,"{'location': 'Уолден, | Россия', 'datetime': '12/26/2018'}","{'condition_description': 'Погода', 'condition_temperature': 'не указано', 'datetime': '12/26/2018', 'location': 'Уолден, Россия', 'weather/attribute': 'погода'}"
test_274,Я хочу забронировать ресторан для моего тестя и себя в Банкере через год .,BookRestaurant,BookRestaurant,True,0.872,False,False,True,"{'restaurant_type': 'ресторан', 'party_size_description': 'моего тестя и себя', 'location': 'Банкере', 'datetime': 'через год'}","{'restaurant_name': 'Банкере', 'party_size_number': '2', 'datetime': 'год', 'party_size_description': 'тесть и себя'}"
test_285,"Пожалуйста, забронируй мне столик в бистро, где подают lorna doone .",BookRestaurant,BookRestaurant,True,0.9082,False,False,True,"{'restaurant_type': 'бистро,', 'served_dish': 'lorna doone'}","{'restaurant_name': 'бистро', 'cuisine': 'lorna doone', 'location': 'не указано', 'party_size_description': 'не указано', 'party_size_number': 'не указано', 'restaurant_type': 'бистро', 'served_dish': 'lorna doone'}"
test_286,Оцени The Mystery of the Tolling Bell серию 4 звездами .,RateBook,RateBook,True,0.9334,False,False,True,"{'object_name': 'The Mystery of the Tolling Bell', 'object_part_of_series_type': 'серию', 'rating_value': '4', 'rating_unit': 'звездами'}","{'best_rating': '4', 'object_name': 'The Mystery of the Tolling Bell', 'object_type': 'сериал', 'rating_unit': 'зверей', 'rating_value': '4'}"
test_288,Проверь расписание для Snowbound в ближайшем кинотеатре .,SearchScreeningEvent,SearchScreeningEvent,True,0.9785,False,False,True,"{'movie_name': 'Snowbound', 'location': 'ближайшем', 'object_location_type': 'кинотеатре'}","{'object_type': 'расписание', 'movie_name': 'Snowbound', 'location': 'ближайшем', 'object_location_type': 'кинотеатре', 'datetime': None}"
test_291,Будет I Think I Do показываться в 7 вечера ?,SearchScreeningEvent,SearchScreeningEvent,True,0.9613,False,False,False,"{'movie_name': 'I Think I Do', 'datetime': '7 вечера'}","{'movie_name': 'I Think I Do', 'location': 'ближайшем', 'object_location_type': 'кинотеатре', 'datetime': '7 вечера'}"
test_295,"Какой прогноз погоды для государственного парка Боте-Напа-Вэлли рядом на февраль, 20 ?",weather/find,weather/find,True,0.9354,False,False,False,"{'location': 'государственного парка Боте-Напа-Вэлли | рядом', 'datetime': 'февраль, 20'}","{'condition_description': 'неизвестно', 'condition_temperature': 'неизвестно', 'datetime': 'февраль, 20', 'location': 'государственный парк Боте-Напа-Вэлли', 'weather/attribute': 'неизвестно'}"
test_299,Оцени Soul Music на 0 .,RateBook,RateBook,True,0.9522,False,False,False,"{'object_name': 'Soul Music', 'rating_value': '0'}","{'best_rating': '0', 'object_name': 'Soul Music', 'object_type': 'книга', 'rating_unit': None, 'rating_value': '0'}"
test_301,Включи All Things Must Pass .,PlayMusic,PlayMusic,True,0.9563,False,False,True,{'track': 'All Things Must Pass'},"{'album': 'All Things Must Pass', 'artist': 'George Harrison', 'datetime': None, 'genre': None, 'music_item': None, 'playlist': None, 'service': None, 'sort': None}"
test_304,Включи музыку на Netflix .,PlayMusic,PlayMusic,True,0.9657,False,False,False,{'service': 'Netflix'},"{'album': None, 'artist': None, 'datetime': None, 'genre': None, 'music_item': None, 'playlist': None, 'service': 'Netflix', 'sort': None, 'track': None}"
test_305,Я хочу увидеть Shattered Image .,SearchScreeningEvent,SearchCreativeWork,False,0.9493,False,False,False,{'movie_name': 'Shattered Image'},"{'object_name': 'Shattered Image', 'object_type': 'фильм'}"
test_310,какой прогноз для жаркой погоды в государственном парке Саутфорд-Фоллс,weather/find,weather/find,True,0.9275,False,False,True,"{'condition_temperature': 'жаркой', 'location': 'государственном парке Саутфорд-Фоллс'}","{'condition_description': 'жаркая погода', 'condition_temperature': 'жаркая', 'datetime': 'сейчас', 'location': 'Саутфорд-Фоллс', 'weather/attribute': 'жаркая'}"
test_311,"Пожалуйста, забронируй мне столик в пиццерии с парковкой в Гане .",BookRestaurant,BookRestaurant,True,0.9232,False,False,True,"{'restaurant_type': 'пиццерии', 'facility': 'парковкой', 'location': 'Гане'}","{'restaurant_name': 'пиццерия', 'location': 'Гане', 'facility': 'столик', 'party_size_description': None, 'party_size_number': None, 'restaurant_type': 'пиццерия', 'served_dish': None, 'sort': None}"
test_312,Я хочу услышать семидесятые саундтреки .,PlayMusic,PlayMusic,True,0.8761,False,False,False,"{'datetime': 'семидесятые', 'music_item': 'саундтреки'}","{'album': 'семидесятые', 'genre': 'саундтреки', 'music_item': 'семидесятые саундтреки', 'playlist': None, 'service': None, 'sort': None}"
test_313,Погода через два часа в Узбекистане,weather/find,weather/find,True,0.9339,False,False,False,"{'datetime': 'через два часа', 'location': 'Узбекистане'}","{'condition_description': 'Погода', 'condition_temperature': 'не указано', 'datetime': 'через 2 часа', 'location': 'Узбекистан', 'weather/attribute': 'погода'}"
test_314,"Пожалуйста, найди мне Journal of the British Astronomical Association фильм .",SearchCreativeWork,SearchCreativeWork,True,0.9711,False,False,False,"{'object_name': 'Journal of the British Astronomical Association', 'object_type': 'фильм'}","{'object_name': 'Journal of the British Astronomical Association', 'object_type': 'фильм'}"
test_315,"Забронируй столик на 8 человек в Уордвилле, Канзас",BookRestaurant,BookRestaurant,True,0.9255,False,False,False,"{'party_size_number': '8', 'location': 'Уордвилле | Канзасе'}","{'restaurant_name': 'Уордвилле', 'location': 'Канзас', 'party_size_number': '8', 'restaurant_type': 'столик'}"
test_316,Какой будет погода далеко отсюда ?,weather/find,weather/find,True,0.9555,False,False,False,{'location': 'далеко | отсюда'},"{'condition_description': 'не указано', 'condition_temperature': 'не указано', 'datetime': 'не указано', 'location': 'далеко отсюда', 'weather/attribute': 'не указано'}"
test_321,Какой будет погода в ноябре в Брукниле ?,weather/find,weather/find,True,0.9049,False,False,False,"{'datetime': 'ноябре', 'location': 'Бруклине'}","{'condition_description': 'погода', 'condition_temperature': 'неизвестно', 'datetime': 'в ноябре', 'location': 'Брукниле', 'weather/attribute': 'погода'}"
test_325,какие фильмы в Star Theatres .,SearchScreeningEvent,SearchCreativeWork,False,0.9436,False,False,False,"{'movie_type': 'фильмы', 'location': 'Star Theatres'}","{'object_name': 'фильмы', 'object_type': 'фильмы'}"
test_330,Дай одну звезду текущей книге,RateBook,RateBook,True,0.9071,False,False,False,"{'rating_value': 'одну', 'object_select': 'текущей', 'object_type': 'книге'}","{'best_rating': '1', 'object_name': 'книга', 'object_type': 'книга', 'rating_unit': 'звезда', 'rating_value': '1'}"
test_345,"Пожалуйста, найди мне ТВ сериал , Now We Are Married .",SearchCreativeWork,SearchCreativeWork,True,0.9723,False,False,False,"{'object_type': 'ТВ сериал', 'object_name': 'Now We Are Married'}","{'object_name': 'Now We Are Married', 'object_type': 'сериал'}"
test_356,Я хочу увидеть The Portrait of a Lady в ближайшем кинотеатре .,SearchScreeningEvent,SearchScreeningEvent,True,0.9779,False,False,True,"{'movie_name': 'The Portrait of a Lady', 'location': 'ближайшем', 'object_location_type': 'кинотеатре'}","{'object_type': 'расписание', 'movie_name': 'The Portrait of a Lady', 'location': 'ближайшем', 'object_location_type': 'кинотеатре', 'datetime': None}"
test_357,"Пожалуйста, найди мне Phineas Redux .",SearchCreativeWork,SearchCreativeWork,True,0.9284,False,False,False,{'object_name': 'Phineas Redux'},"{'object_name': 'Phineas Redux', 'object_type': 'творческий произведение'}"
test_360,Какой будет погода в Памятнике Лихуле в декабре 5-го ?,weather/find,weather/find,True,0.9402,False,False,False,"{'location': 'Памятнике Лихуле', 'datetime': 'декабре 5-го'}","{'condition_description': 'неизвестно', 'condition_temperature': 'неизвестно', 'datetime': 'декабрь', 'location': 'Памятник Лихуле', 'weather/attribute': 'неизвестно'}"
test_363,"Какая погода в Тионеке , Нью-Джерси",weather/find,weather/find,True,0.9599,False,False,False,{'location': 'Тионеке | Нью-Джерси'},"{'condition_description': 'не указано', 'condition_temperature': 'не указано', 'datetime': 'не указано', 'location': 'Тионеке, Нью-Джерси', 'weather/attribute': 'не указано'}"
test_365,забронируй место для моих племянниц и меня в чайном доме,BookRestaurant,BookRestaurant,True,0.9106,False,False,True,"{'party_size_description': 'моих племянниц и меня', 'restaurant_type': 'чайном доме'}","{'restaurant_name': None, 'party_size_number': '3', 'party_size_description': None, 'cuisine': None, 'location': None, 'restaurant_type': None, 'served_dish': None, 'sort': None}"
test_366,Будет ли жарко в Нидерландах в феврале 16-го ?,weather/find,weather/find,True,0.9158,False,False,True,"{'condition_temperature': 'жарко', 'location': 'Нидерландах', 'datetime': 'феврале 16-го'}","{'condition_description': 'жарко', 'condition_temperature': 'не указано', 'datetime': '16-го', 'location': 'Нидерланды'}"
test_367,Я хочу добавить jordan rudess в Divertido para niños плейлист.,AddToPlaylist,AddToPlaylist,True,0.9688,False,False,False,"{'artist': 'jordan rudess', 'playlist': 'Divertido para niños'}","{'artist': 'jordan rudess', 'entity_name': 'Divertido para niños', 'music_item': None, 'playlist': 'Divertido para niños', 'reference': None}"
test_369,Забронируй мне столик в лучшем бистро,BookRestaurant,BookRestaurant,True,0.9741,False,False,False,"{'sort': 'лучшем', 'restaurant_type': 'бистро'}","{'cuisine': None, 'datetime': None, 'facility': 'бистро', 'location': None, 'party_size_description': None, 'party_size_number': None, 'restaurant_name': None, 'restaurant_type': None, 'served_dish': None, 'sort': None}"
test_372,Какой будет погода в Огайо ?,weather/find,weather/find,True,0.9633,False,False,False,{'location': 'Огайо'},"{'condition_description': 'не указано', 'condition_temperature': 'не указано', 'datetime': 'не указано', 'location': 'Огайо', 'weather/attribute': 'не указано'}"
test_374,Забронируй столик для моих малышей и меня,BookRestaurant,BookRestaurant,True,0.9033,False,False,True,{'party_size_description': 'моих малышей и меня'},"{'restaurant_name': None, 'party_size_number': '3', 'party_size_description': 'малышей и меня', 'location': None, 'restaurant_type': None, 'served_dish': None, 'sort': None}"
test_392,Я хочу забронировать массаж в спа .,BookRestaurant,BookRestaurant,True,0.9277,False,False,True,"{'restaurant_type': 'массаж', 'facility': 'спа'}","{'restaurant_name': None, 'restaurant_type': None, 'cuisine': None, 'datetime': None, 'facility': 'спа', 'location': None, 'party_size_description': None, 'party_size_number': None}"
test_417,"Пожалуйста, найди телевизионное шоу , Episodi di The Blacklist .",SearchCreativeWork,SearchCreativeWork,True,0.9694,False,False,False,"{'object_type': 'телевизионное шоу', 'object_name': 'Episodi di The Blacklist'}","{'object_name': 'Episodi di The Blacklist', 'object_type': 'телевизионное шоу'}"
test_418,"какой прогноз для холодной погоды, начиная с Дня закона здесь",weather/find,weather/find,True,0.9188,False,False,True,"{'condition_temperature': 'холодной', 'datetime': 'Дня закона', 'location': 'здесь'}","{'condition_description': 'холодная погода', 'condition_temperature': 'не указано', 'datetime': 'День закона', 'location': 'не указано', 'weather/attribute': 'холодная погода'}"
test_419,Я хочу забронировать ресторан на десять человек.,BookRestaurant,BookRestaurant,True,0.9379,False,False,False,"{'restaurant_type': 'ресторан', 'party_size_number': 'десять'}","{'party_size_number': '10', 'restaurant_name': None, 'restaurant_type': None, 'served_dish': None, 'sort': None, 'location': None}"
test_420,Включи что-то от Duke Ellington из семидесятых,PlayMusic,PlayMusic,True,0.9549,False,False,False,"{'artist': 'Duke Ellington', 'datetime': 'семидесятых'}","{'album': 'не указано', 'artist': 'Duke Ellington', 'datetime': 'не указано', 'genre': 'jazz', 'music_item': 'не указано', 'playlist': 'не указано', 'service': 'не указано', 'sort': 'не указано'}"
test_421,Оцени Cotton Comes to Harlem на 2,RateBook,RateBook,True,0.9312,False,False,False,"{'object_name': 'Cotton Comes to Harlem', 'rating_value': '2'}","{'best_rating': '2', 'object_name': 'Cotton Comes to Harlem', 'object_type': 'книга', 'rating_unit': 'из 5', 'rating_value': '2'}"
test_422,Добавь песню в мой плейлист madden nfl 16,AddToPlaylist,AddToPlaylist,True,0.9361,False,False,False,"{'music_item': 'песню', 'reference': 'мой', 'playlist': 'madden nfl 16'}","{'artist': 'Madden NFL 16', 'entity_name': 'песня', 'music_item': 'Madden NFL 16', 'playlist': 'мой плейлист', 'reference': 'Madden NFL 16'}"
test_423,Добавь Toyan в мой Epic Gaming плейлист.,AddToPlaylist,AddToPlaylist,True,0.9718,False,False,False,"{'artist': 'Toyan', 'reference': 'мой', 'playlist': 'Epic Gaming'}","{'artist': 'Toyan', 'entity_name': 'Epic Gaming', 'music_item': None, 'playlist': 'Epic Gaming', 'reference': None}"
test_424,включи что-то новое от Les Vandyke на Slacker,PlayMusic,AddToPlaylist,False,0.9457,False,False,False,"{'sort': 'новое', 'artist': 'Les Vandyke', 'service': 'Slacker'}","{'artist': 'Les Vandyke', 'entity_name': 'Slacker', 'music_item': None, 'playlist': 'null', 'reference': None}"
test_425,оцени Three Junes одним баллом из 6,RateBook,RateBook,True,0.9583,False,False,False,"{'object_name': 'Three Junes', 'rating_value': 'одним', 'best_rating': '6'}","{'best_rating': '1', 'object_name': 'Three Junes', 'object_part_of_series_type': None, 'object_select': None, 'object_type': 'книга', 'rating_unit': None, 'rating_value': 1}"
test_426,Забронируй столик на девять людей в пекарне в Нуньес,BookRestaurant,BookRestaurant,True,0.9125,False,False,False,"{'party_size_number': 'девять', 'restaurant_type': 'пекарне', 'location': 'Нуньес'}","{'restaurant_name': 'пекарня', 'party_size_number': '9', 'location': 'Нуньес', 'restaurant_type': 'пекарня', 'cuisine': None, 'datetime': None, 'facility': None}"
test_427,Оцени этот текущий роман двумя баллами из 6 .,RateBook,RateBook,True,0.8983,False,False,False,"{'object_select': 'этот текущий', 'object_type': 'роман', 'rating_value': 'двумя', 'best_rating': '6'}","{'best_rating': '2', 'object_name': 'текущий роман', 'object_type': 'роман', 'rating_unit': 'балла из 6'}"
test_428,Включи The Happy Blues от Ronnie Wood .,PlayMusic,PlayMusic,True,0.9794,False,False,True,"{'album': 'The Happy Blues', 'artist': 'Ronnie Wood'}","{'album': 'The Happy Blues', 'artist': 'Ronnie Wood', 'datetime': None, 'genre': None, 'music_item': None, 'playlist': None, 'service': None, 'sort': None}"
test_429,Включи симфонию из 2013 .,PlayMusic,SearchCreativeWork,False,0.9149,False,False,False,"{'music_item': 'симфонию', 'datetime': '2013'}","{'object_name': 'симфония', 'object_type': 'музыка'}"
,Забронируй мне столик в лучшем кафе.,BookRestaurant,BookRestaurant,True,0.9782,False,False,False,"{'sort': 'лучшем', 'restaurant_type': 'кафе'}","{'cuisine': None, 'datetime': None, 'facility': 'кафе', 'location': None, 'party_size_description': None, 'party_size_number': None, 'restaurant_name': None, 'restaurant_type': None, 'served_dish': None, 'sort': None}"
,Оцени текущий учебник на 1 из 6.,RateBook,RateBook,True,0.97,False,False,False,"{'object_select': 'текущий', 'object_type': 'учебник', 'rating_value': '1', 'best_rating': '6'}","{'best_rating': '1', 'object_name': 'учебник', 'object_part_of_series_type': None, 'object_select': None, 'object_type': 'учебник', 'rating_unit': None, 'rating_value': None}"
,В какое время показывают фильм,SearchScreeningEvent,SearchScreeningEvent,True,0.9513,False,False,False,{'object_type': 'время показывают фильм'},{'datetime': 'через 1 минуту и 8 секунд'}
,Какая погода будет в Огайо?,weather/find,weather/find,True,0.9627,False,False,False,{'location': 'Огайо'},"{'condition_description': 'не указано', 'condition_temperature': 'не указано', 'datetime': 'не указано', 'location': 'Огайо', 'weather/attribute': 'не указано'}"
,Добавь этого исполнителя в Showstopper Being Mary Jane.,AddToPlaylist,AddToPlaylist,True,0.9527,False,False,False,"{'music_item': 'исполнителя', 'playlist': 'Showstopper Being Mary Jane'}","{'artist': 'Being Mary Jane', 'entity_name': 'Showstopper', 'music_item': None, 'playlist': 'Showstopper Being Mary Jane', 'reference': None}"
,Забронируй столик для меня и моих детей.,BookRestaurant,BookRestaurant,True,0.9129,False,False,True,{'party_size_description': 'меня и моих детей'},"{'restaurant_name': None, 'party_size_number': '3', 'party_size_description': None, 'location': None, 'restaurant_type': None, 'served_dish': None, 'sort': None}"
test_375,"Какая погода будет в заповеднике Сарыгамыш 21 августа, 2035 ?",weather/find,weather/find,True,0.9404,False,False,False,"{'location': 'заповеднике Сарыгамыш', 'datetime': '21 августа, 2035'}","{'condition_description': 'неизвестно', 'condition_temperature': 'неизвестно', 'datetime': '21 августа, 2035', 'location': 'Заповедник Сарыгамыш'}"
test_376,Оцени Ruth пять баллов из 6 .,RateBook,RateBook,True,0.9492,False,False,False,"{'object_name': 'Ruth', 'rating_value': 'пять', 'rating_unit': 'баллов', 'best_rating': '6'}","{'best_rating': '5', 'object_name': 'Ruth', 'object_type': 'книга', 'rating_unit': 'балл из 6', 'rating_value': '5'}"
test_377,Reminiscences of the Anti-Japanese Guerillas chronicle заслуживает ноль баллов из 6.,RateBook,RateBook,True,0.9164,False,False,True,"{'object_name': 'Reminiscences of the Anti-Japanese Guerillas', 'object_part_of_series_type': 'chronicle', 'rating_value': 'ноль', 'rating_unit': 'баллов', 'best_rating': '6.'}","{'object_name': 'Reminiscences of the Anti-Japanese Guerillas', 'object_type': 'книга', 'best_rating': '0', 'rating_unit': 'из 6'}"
test_378,Покажи мне расписание сеансов в южных кинотеатрах,SearchScreeningEvent,SearchScreeningEvent,True,0.9446,False,False,False,"{'object_type': 'расписание сеансов', 'location': 'южных кинотеатрах'}","{'object_type': 'расписание', 'movie_name': None, 'location': 'южных', 'object_location_type': 'кинотеатре', 'datetime': None}"
test_379,Найди расписание фильмов рядом,SearchScreeningEvent,SearchScreeningEvent,True,0.9557,False,False,False,"{'object_type': 'расписание фильмов', 'location': 'рядом'}","{'object_type': 'расписание', 'movie_name': None, 'location': 'районе', 'object_location_type': 'кинотеатре', 'datetime': None}"
test_380,Добавь этот альбом в плейлист Spanish Beat,AddToPlaylist,AddToPlaylist,True,0.923,False,False,False,"{'music_item': 'альбом', 'playlist': 'Spanish Beat'}","{'artist': 'Spanish Beat', 'music_item': 'альбом', 'playlist': 'Spanish Beat', 'entity_name': 'альбом'}"
test_381,Забронируй столик на 6 человек в креольской таверне в Черногории,BookRestaurant,BookRestaurant,True,0.9334,False,False,True,"{'party_size_number': '6', 'cuisine': 'креольской', 'restaurant_type': 'таверне', 'location': 'Черногории'}","{'cuisine': 'креольская', 'party_size_number': '6', 'restaurant_name': 'креольская таверна', 'restaurant_type': 'креольская таверна', 'location': 'Черногория'}"
test_382,Поставь сериалу Catedral 4 звезды .,RateBook,RateBook,True,0.8911,False,False,True,"{'object_part_of_series_type': 'сериалу', 'object_name': 'Catedral', 'rating_value': '4', 'rating_unit': 'звезды'}","{'object_name': 'Catedral', 'object_type': 'сериал', 'best_rating': '4', 'rating_unit': 'зверей'}"
test_383,Добавь The Famous Flower of Serving-Men в мой вечерний акустический плейлист.,AddToPlaylist,AddToPlaylist,True,0.9465,False,False,False,"{'entity_name': 'The Famous Flower of Serving-Men', 'reference': 'мой', 'playlist': 'вечерний акустический'}","{'artist': 'The Famous Flower of Serving-Men', 'entity_name': 'The Famous Flower of Serving-Men', 'music_item': None, 'playlist': 'вечерний', 'reference': None}"
test_384,Покажи мне расписание ArcLight Hollywood только для анимационных фильмов,SearchScreeningEvent,SearchScreeningEvent,True,0.955,False,False,False,"{'object_type': 'расписание', 'location': 'ArcLight Hollywood', 'movie_type': 'анимационных фильмов'}","{'object_type': 'расписание', 'movie_name': 'Анимационные фильмы', 'location': 'ArcLight Hollywood', 'object_location_type': 'кинотеатре', 'datetime': None}"
test_385,"Пожалуйста, найди картину под названием This Is the Night .",SearchCreativeWork,SearchCreativeWork,True,0.9702,False,False,False,"{'object_type': 'картину', 'object_name': 'This Is the Night'}","{'object_name': 'This Is the Night', 'object_type': 'картина'}"
test_386,Какова будет влажность в данном месте в 15:19:29 ?,weather/find,weather/find,True,0.9604,False,False,True,"{'condition_description': 'влажность', 'location': 'данном месте', 'datetime': '15:19:29'}","{'condition_description': 'влажность', 'condition_temperature': None, 'datetime': '15:19:29', 'location': None, 'weather/attribute': 'влажность'}"
test_387,я хочу посмотреть JLA Adventures: Trapped In Time,SearchScreeningEvent,SearchScreeningEvent,True,0.9598,False,False,False,{'movie_name': 'JLA Adventures: Trapped In Time'},"{'object_type': 'расписание', 'movie_name': 'JLA Adventures: Trapped In Time', 'location': None, 'object_location_type': None, 'datetime': None}"
test_388,Добавь мелодию Дерека Уоткинса в This Is Johnny Cash,AddToPlaylist,PlayMusic,False,0.8925,False,False,False,"{'music_item': 'мелодию', 'artist': 'Дерека Уоткинса', 'playlist': 'This Is Johnny Cash'}","{'album': 'This Is Johnny Cash', 'artist': 'Derek Watkins', 'music_item': 'melodia', 'playlist': None, 'service': None, 'sort': None, 'genre': None}"
test_389,Найди творческую работу под названием Fire in the Hole,SearchCreativeWork,SearchCreativeWork,True,0.9696,False,False,False,{'object_name': 'Fire in the Hole'},"{'object_name': 'Fire in the Hole', 'object_type': 'творческая работа'}"
test_390,забронируй столик возле колледжа Пэта,BookRestaurant,BookRestaurant,True,0.9016,False,False,False,{'location': 'возле | колледжа Пэта'},"{'restaurant_name': 'не указано', 'location': 'колледж Пэта', 'facility': 'столик', 'party_size_description': 'не указано', 'party_size_number': 'не указано', 'sort': 'не указано'}"
test_391,Идет ли Patrick Still Lives в кинотеатрах AMC,SearchScreeningEvent,SearchScreeningEvent,True,0.905,False,False,False,"{'movie_name': 'Patrick Still Lives', 'location': 'кинотеатрах AMC'}","{'object_name': 'Patrick Still Lives', 'object_type': 'фильм', 'location': 'AMC'}"
test_393,нужен столик где-нибудь в Кворривилле через 14 часов,BookRestaurant,BookRestaurant,True,0.8964,False,False,False,"{'location': 'Кворривилле', 'datetime': 'через 14 часов'}","{'location': 'Кворривилле', 'restaurant_type': None, 'party_size_number': None, 'served_dish': None, 'sort': None}"
test_394,включи Гэри Ли Коннера,PlayMusic,none,False,0.9424,True,False,False,{'artist': 'Гэри Ли Коннера'},{}
test_395,"покажи ближайший кинотеатр, где показывают Boycott",SearchScreeningEvent,SearchScreeningEvent,True,0.9615,False,False,True,"{'location': 'ближайший', 'object_location_type': 'кинотеатр', 'movie_name': 'Boycott'}","{'object_type': 'расписание', 'movie_name': 'Boycott', 'location': 'ближайшем', 'object_location_type': 'кинотеатре', 'datetime': None}"
test_396,"Пожалуйста, включи мой ecstatic плейлист.",PlayMusic,AddToPlaylist,False,0.9034,False,False,False,{'playlist': 'ecstatic'},"{'artist': 'ecstatic', 'entity_name': 'ecstatic', 'music_item': 'playlist', 'playlist': 'ecstatic', 'reference': 'ecstatic'}"
test_397,"Пожалуйста, найди песню The Mad Magician .",SearchCreativeWork,SearchCreativeWork,True,0.9597,False,False,False,"{'object_type': 'песню', 'object_name': 'The Mad Magician'}","{'object_name': 'The Mad Magician', 'object_type': 'песня'}"
test_398,Проверь расписание кинотеатров Bow Tie Cinemas .,SearchScreeningEvent,SearchScreeningEvent,True,0.9551,False,False,False,"{'object_type': 'расписание', 'location': 'Bow Tie Cinemas'}","{'object_type': 'расписание', 'movie_name': None, 'location': 'Bow Tie Cinemas', 'object_location_type': 'кинотеатре', 'datetime': None}"
test_399,Забронируй мне столик на вечеринку из 3 человек в пабе на Северных Марианских островах,BookRestaurant,BookRestaurant,True,0.9478,False,False,False,"{'party_size_number': '3', 'restaurant_type': 'пабе', 'location': 'Северных Марианских островах'}","{'cuisine': None, 'datetime': None, 'facility': 'паб', 'location': 'Северных Марианских островов', 'party_size_description': '3', 'party_size_number': '3', 'restaurant_name': None, 'restaurant_type': None, 'served_dish': None, 'sort': None}"
test_400,Мне нужно добавить в текущий список Infinite Indie Folk произведения Рахим Шаха,AddToPlaylist,AddToPlaylist,True,0.9186,False,False,False,"{'reference': 'текущий', 'playlist': 'Infinite Indie Folk', 'artist': 'Рахим Шаха'}","{'artist': 'Рахим Шаха', 'entity_name': 'Infinite Indie Folk', 'music_item': 'Рахим Шаха', 'playlist': 'Текущий список', 'reference': 'Текущий список'}"
test_401,Добавь Джерри Каллиста-младшего в мой плейлист Te quiero.,AddToPlaylist,AddToPlaylist,True,0.9646,False,False,False,"{'artist': 'Джерри Каллиста - младшего', 'reference': 'мой', 'playlist': 'Te quiero.'}","{'artist': 'Джерри Каллиста-младшего', 'entity_name': 'Te quiero', 'music_item': None, 'playlist': 'Te quiero', 'reference': None}"
test_402,Насколько холоднее будет недалеко от Юты около 3 часов утра?,weather/find,weather/find,True,0.9021,False,False,True,"{'condition_temperature': 'холоднее', 'location': 'недалеко | Юты', 'datetime': '3 часов утра'}","{'condition_description': 'холод', 'condition_temperature': 'неизвестно', 'datetime': 'неизвестно', 'location': 'недалеко от Юты', 'weather/attribute': 'температура'}"
test_403,Добавь альбом в плейлист Hipster Soul.,AddToPlaylist,AddToPlaylist,True,0.9298,False,False,False,"{'music_item': 'альбом', 'playlist': 'Hipster Soul.'}","{'artist': 'Hipster Soul', 'entity_name': 'альбом', 'music_item': 'альбом', 'playlist': 'плейлист', 'reference': 'альбом'}"
test_404,Через тринадцать часов я хочу отведать деликатесы восточноевропейской кухни,BookRestaurant,BookRestaurant,True,0.9429,False,False,True,"{'datetime': 'Через тринадцать часов', 'restaurant_type': 'деликатесы', 'cuisine': 'восточноевропейской'}","{'cuisine': 'восточноевропейская', 'datetime': 'через 13 часов', 'restaurant_name': None, 'restaurant_type': None, 'party_size_description': None, 'party_size_number': None}"
test_405,включи саундтрек шестидесятых,PlayMusic,PlayMusic,True,0.9335,False,False,False,"{'music_item': 'саундтрек', 'datetime': 'шестидесятых'}","{'album': 'sixties', 'artist': 'не указано', 'datetime': 'не указано', 'genre': 'sixties', 'music_item': 'не указано', 'playlist': 'не указано', 'service': 'не указано', 'sort': 'не указано'}"
test_406,Поставь этому альбому одну звезду,RateBook,RateBook,True,0.9196,False,False,False,"{'object_select': 'этому', 'object_type': 'альбому', 'rating_value': 'одну', 'rating_unit': 'звезду'}","{'best_rating': '1', 'object_name': 'альбом', 'object_type': 'альбом', 'rating_unit': 'звезда', 'rating_value': '1'}"
test_407,Включи лучшую музыку Брайана Маклина .,PlayMusic,PlayMusic,True,0.9377,False,False,False,"{'sort': 'лучшую', 'artist': 'Брайана Маклина'}","{'album': 'лучшая музыка', 'artist': 'Брайан Маклин', 'datetime': None, 'genre': None, 'music_item': None, 'playlist': None, 'service': None, 'sort': None}"
test_408,какой прогноз погоды в Никодиме и окрестностях,weather/find,weather/find,True,0.9388,False,False,False,{'location': 'Никодиме | окрестностях'},"{'condition_description': 'неизвестно', 'condition_temperature': 'неизвестно', 'datetime': 'неизвестно', 'location': 'Никодиме', 'weather/attribute': 'неизвестно'}"
test_409,Найди игру под названием Phinally Phamous,SearchCreativeWork,SearchCreativeWork,True,0.965,False,False,False,"{'object_type': 'игру', 'object_name': 'Phinally Phamous'}","{'object_name': 'Phinally Phamous', 'object_type': 'игра'}"
test_410,Поставь оценку 2 Juneteenth .,RateBook,RateBook,True,0.9439,False,False,False,"{'rating_value': '2', 'object_name': 'Juneteenth'}","{'best_rating': '2', 'object_name': 'Juneteenth', 'object_type': 'книга', 'rating_unit': None, 'rating_value': 2}"
test_411,Поставь ноль звезд Rhialto the Marvellous,RateBook,RateBook,True,0.954,False,False,False,"{'rating_value': 'ноль', 'rating_unit': 'звезд', 'object_name': 'Rhialto the Marvellous'}","{'best_rating': '0', 'object_name': 'Rhialto the Marvellous', 'object_type': 'книга', 'rating_unit': None, 'rating_value': None}"
test_412,Я хочу послушать саундтрек на Ютубе от Helena Iren Michaelsen,PlayMusic,PlayMusic,True,0.8891,False,False,False,"{'music_item': 'саундтрек', 'service': 'Ютубе', 'artist': 'Helena Iren Michaelsen'}","{'album': 'Helena Iren Michaelsen', 'music_item': 'саундтрек', 'service': 'YouTube', 'datetime': None, 'genre': None, 'playlist': None, 'sort': None}"
test_413,забронируй столик на 1/20/2023 на 5 человек в MH,BookRestaurant,BookRestaurant,True,0.9348,False,False,False,"{'datetime': '1/20/2023', 'party_size_number': '5', 'location': 'MH'}","{'restaurant_name': 'MH', 'party_size_number': '5', 'datetime': '1/20/2023', 'cuisine': None, 'location': None, 'restaurant_type': None, 'served_dish': None, 'sort': None}"
test_414,расписание сеансов анимационных фильмов рядом,SearchScreeningEvent,SearchScreeningEvent,True,0.9321,False,False,False,"{'object_type': 'расписание сеансов', 'movie_type': 'анимационных фильмов', 'location': 'рядом'}","{'object_type': 'расписание', 'movie_name': 'анимационные фильмы', 'location': 'районе', 'object_location_type': 'кинотеатре', 'datetime': 'не указано'}"
test_415,Добавь jack white в мой плейлист This Is Shakira,AddToPlaylist,AddToPlaylist,True,0.9734,False,False,False,"{'artist': 'jack white', 'reference': 'мой', 'playlist': 'This Is Shakira'}","{'artist': 'jack white', 'entity_name': 'This Is Shakira', 'music_item': None, 'playlist': 'This Is Shakira', 'reference': None}"
test_416,Я хочу забронировать ресторан на пять человек на Шри-Ланке .,BookRestaurant,BookRestaurant,True,0.9528,False,False,False,"{'restaurant_type': 'ресторан', 'party_size_number': 'пять', 'location': 'Шри - Ланке'}","{'cuisine': None, 'datetime': None, 'facility': 'ресторан', 'location': 'Шри-Ланка', 'party_size_description': 'пять', 'party_size_number': '5', 'restaurant_name': None, 'restaurant_type': None, 'served_dish': None, 'sort': None}"
test_481,Включи британский блюз .,PlayMusic,PlayMusic,True,0.9587,False,False,True,{'genre': 'британский блюз'},"{'album': None, 'artist': None, 'datetime': None, 'genre': 'британский блюз', 'music_item': None, 'playlist': None, 'service': None, 'sort': None, 'track': None}"
test_162,Сколько снега прогнозируется?,weather/find,weather/find,True,0.9609,False,False,False,{'weather/attribute': 'снега'},"{'condition_description': 'снег', 'condition_temperature': None, 'datetime': None, 'location': None, 'weather/attribute': None}"
test_163,на улице жарко,weather/find,weather/find,True,0.9501,False,False,False,"{'location': 'улице', 'weather/attribute': 'жарко'}","{'condition_description': 'жарко', 'condition_temperature': None, 'datetime': None, 'location': None, 'weather/attribute': None}"
test_164,Какая температура будет сегодня?,weather/find,weather/find,True,0.9187,False,False,False,"{'weather/attribute': 'температура', 'datetime': 'сегодня'}","{'condition_description': 'температура', 'condition_temperature': 'не указано', 'datetime': 'сейчас', 'location': 'не указано', 'weather/attribute': 'температура'}"
test_165,какая погода будет завтра в Далласе,weather/find,weather/find,True,0.9463,False,False,False,"{'datetime': 'завтра', 'location': 'Далласе'}","{'condition_description': 'неизвестно', 'condition_temperature': 'неизвестно', 'datetime': 'завтра', 'location': 'Даллас', 'weather/attribute': 'неизвестно'}"
test_166,Покажи мне все текущие напоминания на сегодня,reminder/show_reminders,reminder/show_reminders,True,0.9029,False,False,False,"{'reference': 'все текущие', 'datetime': 'сегодня'}",{'datetime': 'текущий день'}
test_167,Установи еженедельное напоминание о покупках.,reminder/set_reminder,reminder/set_alarm,False,0.9068,False,False,False,"{'recurring_datetime': 'еженедельное', 'reminder/todo': 'покупках'}","{'datetime': 'еженедельно', 'reference': 'покупки'}"
test_168,погода,weather/find,weather/find,True,0.9577,False,False,False,{},"{'condition_description': 'не указано', 'condition_temperature': 'не указано', 'datetime': 'не указано', 'location': 'не указано', 'weather/attribute': 'не указано'}"
test_169,Будет ли идти весь день дождь?,weather/find,weather/find,True,0.8871,False,False,False,"{'datetime': 'весь день', 'weather/attribute': 'дождь'}","{'condition_description': 'дождь', 'location': 'всего', 'datetime': 'всего'}"
test_170,завтра будет дождь,weather/find,weather/find,True,0.9685,False,False,False,"{'datetime': 'завтра', 'weather/attribute': 'дождь'}","{'condition_description': 'дождь', 'condition_temperature': None, 'datetime': None, 'location': None, 'weather/attribute': None}"
test_171,Напомни мне ответить на рабочие письма сегодня вечером,reminder/set_reminder,reminder/set_alarm,False,0.9085,False,False,False,"{'reminder/todo': 'ответить на рабочие письма', 'datetime': 'сегодня вечером'}","{'datetime': 'вечер', 'reference': 'ответ на рабочие письма'}"
test_172,Удали будильники,alarm/cancel_alarm,alarm/cancel_alarm,True,0.87,False,False,False,{},{'datetime': ' '}
test_173,Отмени текущие будильники,alarm/cancel_alarm,alarm/cancel_alarm,True,0.9056,False,False,False,{'reference': 'текущие'},{'reference': 'текущие будильники'}
test_215,Могу ли я надеть сегодня шорты?,weather/find,weather/find,True,0.9337,False,False,False,"{'datetime': 'сегодня', 'weather/attribute': 'шорты'}","{'condition_description': 'неизвестно', 'condition_temperature': 'неизвестно', 'datetime': 'сейчас', 'location': 'неизвестно', 'weather/attribute': 'неизвестно'}"
test_203,Завтра будет дождь?,weather/find,weather/find,True,0.9247,False,False,False,"{'datetime': 'Завтра', 'weather/attribute': 'дождь'}","{'condition_description': 'дождь', 'location': 'не указано', 'weather/attribute': 'дождь'}"
test_176,Установи будильник на 10 утра,alarm/set_alarm,alarm/set_alarm,True,0.9492,False,False,False,{'datetime': '10 утра'},{'datetime': '10:00'}
test_177,Будет ли на этой недели дождь?,weather/find,weather/find,True,0.9126,False,False,False,"{'weather/attribute': 'дождь', 'datetime': 'этой недели'}","{'condition_description': 'дождь', 'location': 'не указано', 'weather/attribute': 'дождь'}"
test_237,покажи все напоминания,reminder/show_reminders,reminder/show_reminders,True,0.8968,False,False,False,{'reference': 'все'},{'datetime': 'now'}
test_179,отмени будильники,alarm/cancel_alarm,alarm/cancel_alarm,True,0.8967,False,False,False,{},{'reference': 'будильник'}
test_180,отключи все будильники,alarm/cancel_alarm,alarm/cancel_alarm,True,0.8936,False,False,False,{'reference': 'все'},{'datetime': None}
test_181,покажи все предустановленные будильники,alarm/show_alarms,alarm/show_alarms,True,0.8876,False,False,False,{'reference': 'все'},{'datetime': 'не указано'}
test_182,Установи будильник на каждую минуту в течение 20 минут.,alarm/set_alarm,alarm/set_alarm,True,0.8494,False,False,False,{'recurring_datetime': 'каждую минуту в течение 20 минут'},"{'datetime': 'каждой', 'recurring_datetime': 'каждой', 'reminder/todo': '20 минут'}"
test_183,Какие у меня напоминания?,reminder/show_reminders,reminder/show_reminders,True,0.9058,False,False,False,{'reference': 'меня'},{'reference': 'у меня'}
test_184,отмени будильник на завтра,alarm/cancel_alarm,alarm/cancel_alarm,True,0.9204,False,False,False,{'datetime': 'завтра'},{'reference': 'на завтра'}
test_185,мне нужен зонт сегодня?,weather/find,weather/find,True,0.8768,False,False,False,"{'weather/attribute': 'зонт', 'datetime': 'сегодня'}","{'condition_description': 'зонт', 'location': 'текущая', 'weather/attribute': 'зонт'}"
test_186,сегодня будет снег?,weather/find,weather/find,True,0.9264,False,False,False,"{'datetime': 'сегодня', 'weather/attribute': 'снег'}","{'condition_description': 'снег', 'location': 'сейчас', 'weather/attribute': 'снег'}"
test_187,Напомни мне позвонить маме сегодня вечером,reminder/set_reminder,reminder/set_alarm,False,0.9111,False,False,False,"{'reminder/todo': 'позвонить маме', 'datetime': 'сегодня вечером'}","{'datetime': 'today evening', 'reference': 'позвонить маме'}"
test_188,сегодня будет дождь,weather/find,weather/find,True,0.9728,False,False,False,"{'datetime': 'сегодня', 'weather/attribute': 'дождь'}","{'condition_description': 'дождь', 'condition_temperature': None, 'datetime': None, 'location': None, 'weather/attribute': None}"
test_189,В субботу будет дождь?,weather/find,weather/find,True,0.9238,False,False,False,"{'datetime': 'субботу', 'weather/attribute': 'дождь'}","{'condition_description': 'дождь', 'location': 'не указано', 'weather/attribute': 'дождь'}"
test_190,Будете ли вы ставить будильник каждую минуту в течение 20 минут?,alarm/set_alarm,alarm/set_alarm,True,0.9301,False,False,False,{'recurring_datetime': 'каждую минуту в течение 20 минут'},{'datetime': 'в течение 20 минут'}
test_191,Тропические штормы в Карибском море,weather/find,weather/find,True,0.9732,False,False,False,"{'weather/attribute': 'Тропические штормы', 'location': 'Карибском море'}","{'condition_description': 'Тропические штормы', 'condition_temperature': None, 'datetime': None, 'location': 'Карибское море', 'weather/attribute': None}"
test_234,отмени все будильники,alarm/cancel_alarm,alarm/cancel_alarm,True,0.8542,False,False,False,{'reference': 'все'},{'reference': 'ничего'}
test_193,Установи будильник на каждые девять минут.,alarm/set_alarm,alarm/set_alarm,True,0.9108,False,False,False,{'recurring_datetime': 'каждые девять минут'},{'datetime': 'каждый девять минут'}
test_194,Удали два последних напоминания в моем списке,reminder/cancel_reminder,alarm/cancel_alarm,False,0.8967,False,False,False,{'reference': 'два последних'},{}
test_195,какая сегодня погода,weather/find,weather/find,True,0.961,False,False,False,{'datetime': 'сегодня'},"{'condition_description': 'не указано', 'condition_temperature': 'не указано', 'datetime': 'не указано', 'location': 'не указано', 'weather/attribute': 'не указано'}"
test_196,включи текущий будильник,alarm/set_alarm,alarm/set_alarm,True,0.9003,False,False,False,{'reference': 'текущий'},"{'datetime': 'текущий', 'reference': 'будильник'}"
test_223,Какая сегодня влажность?,weather/find,weather/find,True,0.9653,False,False,False,"{'datetime': 'сегодня', 'weather/attribute': 'влажность'}","{'condition_description': 'влажность', 'condition_temperature': None, 'datetime': None, 'location': None, 'weather/attribute': 'влажность'}"
test_198,напомни мне установить будильник для подъема,reminder/set_reminder,alarm/set_alarm,False,0.8983,False,False,False,{'reminder/todo': 'установить будильник для подъема'},"{'datetime': 'установить будильник', 'recurring_datetime': None, 'reminder/todo': None}"
test_199,Будет ли в эти выходные снег?,weather/find,weather/find,True,0.9059,False,False,False,"{'datetime': 'эти выходные', 'weather/attribute': 'снег'}","{'condition_description': 'снег', 'location': 'в ближайшем', 'datetime': 'эти выходные'}"
test_232,Насколько жарко будет сегодня?,weather/find,weather/find,True,0.9168,False,False,False,"{'weather/attribute': 'жарко', 'datetime': 'сегодня'}","{'condition_description': 'жаркая', 'condition_temperature': 'не указано', 'datetime': 'сейчас', 'location': 'не указано', 'weather/attribute': 'температура'}"
test_201,На какое время установлен текущий будильник,alarm/show_alarms,alarm/show_alarms,True,0.9103,False,False,False,{'reference': 'текущий'},{'datetime': 'текущее время'}
test_202,Какая сегодня погода?,weather/find,weather/find,True,0.9638,False,False,False,{'datetime': 'сегодня'},"{'condition_description': 'не указано', 'condition_temperature': 'не указано', 'datetime': 'не указано', 'location': 'не указано', 'weather/attribute': 'не указано'}"
test_203,Завтра будет дождь?,weather/find,weather/find,True,0.9247,False,False,False,"{'datetime': 'Завтра', 'weather/attribute': 'дождь'}","{'condition_description': 'дождь', 'location': 'не указано', 'weather/attribute': 'дождь'}"
test_204,Отмени текущий будильник на 5:15 утра во вторник,alarm/cancel_alarm,alarm/cancel_alarm,True,0.9506,False,False,False,"{'reference': 'текущий', 'datetime': '5:15 утра во вторник'}",{'reference': '5:15 утра во вторник'}
test_205,отмени напоминание о сегодняшней вечерней игре,reminder/cancel_reminder,alarm/cancel_alarm,False,0.8974,False,False,False,"{'datetime': 'сегодняшней | вечерней', 'reminder/todo': 'игре'}","{'datetime': 'сегодня', 'reference': 'вечерняя игра'}"
test_206,Поставь будильник на 3 ночи,alarm/set_alarm,alarm/set_alarm,True,0.9588,False,False,False,{'datetime': '3 ночи'},{'datetime': '3 ночи'}
test_207,отмени все будильники на субботу,alarm/cancel_alarm,alarm/cancel_alarm,True,0.8918,False,False,False,"{'reference': 'все', 'datetime': 'субботу'}",{'reference': 'все будильники'}
test_208,"мне нужно напоминание, чтобы забрать Лизу",reminder/set_reminder,reminder/set_alarm,False,0.8981,False,False,False,{'reminder/todo': 'забрать Лизу'},"{'datetime': 'на завтра', 'reference': 'Лиза', 'recurring_datetime': None}"
test_209,Какой сегодня максимум?,weather/find,weather/find,True,0.9445,False,False,False,"{'datetime': 'сегодня', 'weather/attribute': 'максимум'}","{'condition_description': 'Максимум', 'condition_temperature': None, 'datetime': None, 'location': None, 'weather/attribute': None}"
test_210,Будет ли сегодня облачно в Гриндстоуне?,weather/find,weather/find,True,0.9368,False,False,False,"{'datetime': 'сегодня', 'weather/attribute': 'облачно', 'location': 'Гриндстоуне'}","{'condition_description': 'облачно', 'location': 'Гриндстоун', 'datetime': 'сегодня'}"
test_211,Напомни мне позже,reminder/set_reminder,reminder/set_alarm,False,0.8761,False,False,False,{'datetime': 'позже'},"{'datetime': '1 minute and 8 seconds', 'reference': 'Напомнить позже'}"
test_212,какая сегодня погода во Франции,weather/find,weather/find,True,0.9572,False,False,False,"{'location': 'Франции', 'datetime': 'сегодня'}","{'condition_description': 'не указано', 'condition_temperature': 'не указано', 'datetime': 'не указано', 'location': 'Франция', 'weather/attribute': 'не указано'}"
test_213,Будет ли солнечно на вечеринке в субботу,weather/find,weather/find,True,0.9402,False,False,False,"{'weather/attribute': 'солнечно', 'datetime': 'субботу'}","{'condition_description': 'солнечно', 'location': 'вечеринка', 'datetime': 'суббота'}"
test_214,завтра пойдет дождь?,weather/find,weather/find,True,0.9167,False,False,False,"{'datetime': 'завтра', 'weather/attribute': 'дождь'}","{'condition_description': 'дождь', 'location': 'не указано', 'weather/attribute': 'дождь'}"
test_215,Могу ли я надеть сегодня шорты?,weather/find,weather/find,True,0.9337,False,False,False,"{'datetime': 'сегодня', 'weather/attribute': 'шорты'}","{'condition_description': 'неизвестно', 'condition_temperature': 'неизвестно', 'datetime': 'сейчас', 'location': 'неизвестно', 'weather/attribute': 'неизвестно'}"
test_216,Покажи текущее напоминание,reminder/show_reminders,reminder/show_reminders,True,0.9078,False,False,False,{'reference': 'текущее'},{'reference': 'текущее напоминание'}
test_217,какой средний прогноз на сентябрь,weather/find,weather/find,True,0.9358,False,False,False,{'datetime': 'сентябрь'},"{'condition_description': 'средний', 'condition_temperature': 'не указано', 'datetime': 'сентябрь', 'location': 'не указано', 'weather/attribute': 'прогноз'}"
test_218,Сегодня холодно?,weather/find,weather/find,True,0.9645,False,False,False,"{'datetime': 'Сегодня', 'weather/attribute': 'холодно'}","{'condition_description': 'холодно', 'condition_temperature': None, 'datetime': None, 'location': None, 'weather/attribute': None}"
test_240,Отмени все напоминания,reminder/cancel_reminder,reminder/cancel_reminder,True,0.8272,False,False,False,{'reference': 'все'},{'reference': 'отменен'}
test_220,жарко?,weather/find,weather/find,True,0.9673,False,False,False,{'weather/attribute': 'жарко'},"{'condition_description': 'жарко', 'condition_temperature': None, 'datetime': None, 'location': None, 'weather/attribute': None}"
test_221,Поставь будильник на выходные в 2 часа дня,alarm/set_alarm,alarm/set_alarm,True,0.915,False,False,False,{'recurring_datetime': 'выходные в 2 часа дня'},"{'datetime': '2 часа дня', 'reference': 'выходные'}"
test_222,Поставь будильник на 2 утра,alarm/set_alarm,alarm/set_alarm,True,0.9476,False,False,False,{'datetime': '2 утра'},{'datetime': '2 утра'}
test_223,Какая сегодня влажность?,weather/find,weather/find,True,0.9653,False,False,False,"{'datetime': 'сегодня', 'weather/attribute': 'влажность'}","{'condition_description': 'влажность', 'condition_temperature': None, 'datetime': None, 'location': None, 'weather/attribute': 'влажность'}"
test_224,покажи все текущие будильники,alarm/show_alarms,alarm/show_alarms,True,0.9006,False,False,False,{'reference': 'все текущие'},{'datetime': 'текущие'}
test_225,Покажи мне все текущие напоминания,reminder/show_reminders,reminder/show_reminders,True,0.9136,False,False,False,{'reference': 'все текущие'},{'reference': 'текущие'}
test_234,отмени все будильники,alarm/cancel_alarm,alarm/cancel_alarm,True,0.8542,False,False,False,{'reference': 'все'},{'reference': 'ничего'}
test_227,Надвигается ли гроза в моем районе?,weather/find,weather/find,True,0.9184,False,False,False,"{'weather/attribute': 'гроза', 'location': 'моем районе'}","{'condition_description': 'надвигается гроза', 'location': 'моей', 'weather/attribute': 'гроза'}"
test_195,какая сегодня погода,weather/find,weather/find,True,0.961,False,False,False,{'datetime': 'сегодня'},"{'condition_description': 'не указано', 'condition_temperature': 'не указано', 'datetime': 'не указано', 'location': 'не указано', 'weather/attribute': 'не указано'}"
test_229,удали последнее напоминание,reminder/cancel_reminder,alarm/cancel_alarm,False,0.8814,False,False,False,{'reference': 'последнее'},{'datetime': None}
test_230,Сколько времени осталость до будильника.,alarm/time_left_on_alarm,alarm/show_alarms,False,0.9309,False,True,False,{},{'reference': 'будильник'}
test_231,Отмени все текущие будильники на воскресенье.,alarm/cancel_alarm,alarm/cancel_alarm,True,0.891,False,False,False,"{'reference': 'все текущие', 'datetime': 'воскресенье'}",{'reference': 'все текущие будильники'}
test_232,Насколько жарко будет сегодня?,weather/find,weather/find,True,0.9168,False,False,False,"{'weather/attribute': 'жарко', 'datetime': 'сегодня'}","{'condition_description': 'жаркая', 'condition_temperature': 'не указано', 'datetime': 'сейчас', 'location': 'не указано', 'weather/attribute': 'температура'}"
test_233,"Я бы хотел, чтобы ты создал новый будильник на завтрашнее утро в 8:45",alarm/set_alarm,alarm/set_alarm,True,0.954,False,False,False,{'datetime': 'завтрашнее утро в 8:45'},{'datetime': '8:45'}
test_234,отмени все будильники,alarm/cancel_alarm,alarm/cancel_alarm,True,0.8542,False,False,False,{'reference': 'все'},{'reference': 'ничего'}
test_235,Пойдет ли снег сегодня?,weather/find,weather/find,True,0.9527,False,False,False,"{'weather/attribute': 'снег', 'datetime': 'сегодня'}","{'condition_description': 'пойдет снег', 'condition_temperature': None, 'datetime': None, 'location': None, 'weather/attribute': None}"
test_236,напомни мне купить лед,reminder/set_reminder,AddToPlaylist,False,0.9142,False,False,False,{'reminder/todo': 'купить лед'},{'music_item': 'лед'}
test_237,покажи все напоминания,reminder/show_reminders,reminder/show_reminders,True,0.8968,False,False,False,{'reference': 'все'},{'datetime': 'now'}
test_245,покажи все будильники,alarm/show_alarms,alarm/show_alarms,True,0.8932,False,False,False,{'reference': 'все'},{'datetime': 'не указано'}
test_239,Какая погода в Сан-Франциско?,weather/find,weather/find,True,0.9629,False,False,False,{'location': 'Сан - Франциско'},"{'condition_description': 'не указано', 'condition_temperature': 'не указано', 'datetime': 'не указано', 'location': 'Сан-Франциско', 'weather/attribute': 'не указано'}"
test_240,Отмени все напоминания,reminder/cancel_reminder,reminder/cancel_reminder,True,0.8272,False,False,False,{'reference': 'все'},{'reference': 'отменен'}
test_241,Отмени напоминание о концерте,reminder/cancel_reminder,alarm/cancel_alarm,False,0.8749,False,False,False,{'reminder/todo': 'концерте'},{'datetime': 'не указано'}
test_242,Отмени будильник на завтрашнее утро,alarm/cancel_alarm,alarm/cancel_alarm,True,0.9407,False,False,False,{'datetime': 'завтрашнее утро'},{'datetime': 'завтрашнее утро'}
test_243,будет ли дождь на этой недели,weather/find,weather/find,True,0.8861,False,False,False,"{'weather/attribute': 'дождь', 'datetime': 'этой недели'}","{'condition_description': 'дождь', 'location': 'на этой недели', 'datetime': 'на этой недели'}"
test_244,Какая погода будет в среду для игры в гольф,weather/find,weather/find,True,0.956,False,False,False,{'datetime': 'среду'},"{'condition_description': 'неизвестно', 'condition_temperature': 'неизвестно', 'datetime': 'среда', 'location': 'неизвестно', 'weather/attribute': 'неизвестно'}"
test_245,покажи все будильники,alarm/show_alarms,alarm/show_alarms,True,0.8932,False,False,False,{'reference': 'все'},{'datetime': 'не указано'}
test_246,отключи все будильники на завтра,alarm/cancel_alarm,alarm/cancel_alarm,True,0.9278,False,False,False,"{'reference': 'все', 'datetime': 'завтра'}",{'datetime': 'на завтра'}
test_56,Установи будильник на 5 часов вечера сегодня,alarm/set_alarm,alarm/set_alarm,True,0.8923,False,False,False,{'datetime': '5 часов вечера сегодня'},"{'datetime': '5 часов вечера сегодня', 'reference': 'ничего'}"
,поставь будильник на 7 утра на завтра,alarm/set_alarm,alarm/set_alarm,True,0.9291,False,False,False,{'datetime': '7 утра на завтра'},"{'datetime': '7 утра', 'reference': 'на завтра'}"
test_249,Завтра будет солнечно?,weather/find,weather/find,True,0.9064,False,False,False,"{'datetime': 'Завтра', 'weather/attribute': 'солнечно'}","{'condition_description': 'солнечно', 'location': 'в городе', 'datetime': 'завтра'}"
test_250,насколько жарко будет сегодня,weather/find,weather/find,True,0.9082,False,False,False,"{'weather/attribute': 'жарко', 'datetime': 'сегодня'}","{'condition_description': 'жаркая', 'condition_temperature': 'не указано'}"
test_251,Поставь ноль звезд игре Halo: Призраки Оникса,RateBook,RateBook,True,0.9549,False,False,False,"{'rating_value': 'ноль', 'rating_unit': 'звезд', 'object_name': 'Halo: Призраки Оникса'}","{'best_rating': '0', 'object_name': 'Halo: Призраки Оникса', 'object_type': 'книга', 'rating_unit': None, 'rating_value': None}"
,Включи музыку Джой Нило.,PlayMusic,PlayMusic,True,0.9114,False,False,False,{'artist': 'Джой Нило'},"{'album': 'JoJo', 'artist': 'Joy', 'datetime': None, 'genre': None, 'music_item': None, 'playlist': None, 'service': None, 'sort': None}"
,"Пожалуйста, найди мне видеоигру под названием 20 часов в Америке.",SearchCreativeWork,SearchCreativeWork,True,0.9703,False,False,False,"{'object_type': 'видеоигру', 'object_name': '20 часов в Америке'}","{'object_name': '20 часов в Америке', 'object_type': 'видеоигра'}"
test_254,Включи мой изобретательный плейлист,PlayMusic,AddToPlaylist,False,0.8668,False,False,False,{'playlist': 'изобретательный'},"{'artist': 'ваш_имя', 'entity_name': 'ваш_имя', 'music_item': 'ваш_имя', 'playlist': 'ваш_playlist', 'reference': 'ваш_playlist'}"
test_255,Забронируй место на 9 в Термонте,BookRestaurant,BookRestaurant,True,0.9096,False,False,False,"{'party_size_number': '9', 'location': 'Термонте'}","{'restaurant_name': 'Термонте', 'party_size_number': '9', 'restaurant_type': None, 'served_dish': None, 'sort': None, 'location': None}"
test_256,Добавь эту мелодию в плейлист вечеринок 80-х для Дорти,AddToPlaylist,AddToPlaylist,True,0.921,False,False,False,"{'music_item': 'мелодию', 'playlist': 'вечеринок 80-х', 'reference': 'Дорти'}","{'artist': 'Дорти', 'music_item': 'мелодию', 'playlist': 'вечеринки 80-х'}"
,Включи новейшую мелодию Эдди Винсона на Last Fm.,PlayMusic,PlayMusic,True,0.9481,False,False,False,"{'sort': 'новейшую', 'music_item': 'мелодию', 'artist': 'Эдди Винсона', 'service': 'Last Fm'}","{'album': 'неизвестно', 'artist': 'Эдди Винсон', 'datetime': 'неизвестно', 'genre': 'неизвестно', 'music_item': 'неизвестно', 'playlist': 'неизвестно', 'service': 'Last Fm', 'sort': 'неизвестно'}"
,Проверь прогноз для Небраски.,weather/find,weather/find,True,0.9421,False,False,False,{'location': 'Небраски'},"{'condition_description': 'неизвестно', 'condition_temperature': 'неизвестно', 'datetime': 'неизвестно', 'location': 'Небраска', 'weather/attribute': 'неизвестно'}"
,В Северной Каролине сейчас шторм?,weather/find,weather/find,True,0.941,False,False,True,"{'location': 'Северной Каролине', 'datetime': 'сейчас', 'condition_description': 'шторм'}","{'condition_description': 'шторм', 'location': 'Северная Каролина', 'weather/attribute': 'шторм'}"
,Я хочу послушать миньон 1988 года.,PlayMusic,PlayMusic,True,0.9528,False,False,False,"{'music_item': 'миньон', 'datetime': '1998 года'}","{'album': 'миньон 1988 года', 'artist': None, 'datetime': None, 'genre': None, 'music_item': None, 'playlist': None, 'service': None, 'sort': None}"
test_261,Мне нужно время спектакля A Yiddish World Remembered в театрах Дипсон,SearchScreeningEvent,SearchScreeningEvent,True,0.934,False,False,False,"{'object_type': 'время', 'movie_name': 'A Yiddish World Remembered', 'location': 'театрах Дипсон'}","{'object_type': 'расписание', 'movie_name': 'A Yiddish World Remembered', 'location': 'Дипсон', 'object_location_type': 'театры', 'datetime': ' '}"
test_262,Поставь текущему учебнику 1 из 6,RateBook,BookRestaurant,False,0.8973,False,False,False,"{'object_select': 'текущему', 'object_type': 'учебнику', 'rating_value': '1', 'best_rating': '6'}","{'restaurant_name': 'учебник', 'restaurant_type': 'учебник', 'served_dish': None, 'sort': None, 'party_size_number': None, 'party_size_description': None, 'location': None}"
test_263,Добавь мелодию Мэтта Мерфи в плейлист  Flow Español.,AddToPlaylist,AddToPlaylist,True,0.9344,False,False,False,"{'music_item': 'мелодию', 'artist': 'Мэтта Мерфи', 'playlist': 'Flow Español.'}","{'artist': 'Мэтт Мерфи', 'entity_name': 'Мелодию Мэтта Мерфи', 'music_item': 'Мелодию Мэтта Мерфи', 'playlist': 'Flow Español', 'reference': 'Мелодию Мэтта Мерфи'}"
,Я хочу забронировать суданский гастропаб поблизости в Техасе для 3 человек на 5/20/2025.,BookRestaurant,BookRestaurant,True,0.9172,False,False,True,"{'cuisine': 'суданский', 'restaurant_type': 'гастропаб', 'location': 'поблизости | Техасе', 'party_size_number': '3', 'datetime': '5/20/2025'}","{'restaurant_name': 'суданский гастропаб', 'party_size_number': '3', 'datetime': '5/20/2025', 'location': 'Техасе', 'restaurant_type': 'гастропаб'}"
test_265,Не мог бы ты найти телесериал The Approach,SearchCreativeWork,SearchCreativeWork,True,0.9778,False,False,False,"{'object_type': 'телесериал', 'object_name': 'The Approach'}","{'object_name': 'The Approach', 'object_type': 'телесериал'}"
test_266,Поставь этой хронике 2 балла.,RateBook,RateBook,True,0.9533,False,False,True,"{'object_select': 'этой', 'object_part_of_series_type': 'хронике', 'rating_value': '2'}","{'best_rating': '2', 'object_name': 'Хроники моей матери', 'object_type': 'книга'}"
test_267,Поставь The American Scene 2  из 6 звезд,RateBook,RateBook,True,0.9229,False,False,False,"{'object_name': 'The American Scene', 'rating_value': '2', 'best_rating': '6', 'rating_unit': 'звезд'}","{'object_name': 'The American Scene 2', 'object_type': 'книга', 'best_rating': '6', 'rating_unit': 'звезд'}"
test_268,Добавь Эмили Отем в мой плейлист Nação Reggae.,AddToPlaylist,AddToPlaylist,True,0.9668,False,False,False,"{'artist': 'Эмили Отем', 'reference': 'мой', 'playlist': 'Nação Reggae'}","{'artist': 'Эмили Отем', 'entity_name': 'Nação Reggae', 'music_item': None, 'playlist': 'Nação Reggae', 'reference': None}"
test_269,Я хочу забронировать еврейский ресторан в Гамбии .,BookRestaurant,BookRestaurant,True,0.9326,False,False,True,"{'cuisine': 'еврейский', 'restaurant_type': 'ресторан', 'location': 'Гамбии'}","{'cuisine': 'еврейский', 'location': 'Гамбия', 'restaurant_name': None, 'restaurant_type': None, 'party_size_description': None, 'party_size_number': None}"
test_270,забронируй столик в ресторане Fried chicken,BookRestaurant,BookRestaurant,True,0.9489,False,False,True,{'restaurant_name': 'ресторане Fried chicken'},"{'restaurant_name': 'Fried chicken', 'cuisine': None, 'datetime': None, 'facility': None, 'location': None, 'party_size_description': None, 'party_size_number': None}"
test_271,добавь we have a theme song для моего плейлиста House Afterwork,AddToPlaylist,AddToPlaylist,True,0.9441,False,False,False,"{'entity_name': 'we have a theme song', 'reference': 'моего', 'playlist': 'House Afterwork'}","{'artist': 'we have a theme song', 'entity_name': 'House Afterwork', 'music_item': 'we have a theme song', 'playlist': 'House Afterwork', 'reference': 'none'}"
test_272,Какая погода будет недалеко отсюда девятнадцатого октября 2026 года?,weather/find,weather/find,True,0.9465,False,False,False,"{'location': 'недалеко отсюда', 'datetime': 'девятнадцатого октября 2026 года'}","{'condition_description': 'неизвестно', 'condition_temperature': 'неизвестно', 'datetime': '19 октября 2026 года', 'location': 'неизвестно', 'weather/attribute': 'неизвестно'}"
,Погода в Урюпинске Россия на 12/26/2018,weather/find,weather/find,True,0.9411,False,False,False,"{'location': 'Урюпинске | Россия', 'datetime': '12/26/2018'}","{'condition_description': 'Погода', 'condition_temperature': 'не указано', 'datetime': '12/26/2018', 'location': 'Урюпинск', 'weather/attribute': 'погода'}"
,Я хочу забронировать ресторан для моего тестя и меня в Бакнере через год.,BookRestaurant,BookRestaurant,True,0.8585,False,False,True,"{'restaurant_type': 'ресторан', 'party_size_description': 'моего тестя и меня', 'location': 'Бакнере', 'datetime': 'через год'}","{'restaurant_name': 'Бакнере', 'location': 'Бакнере', 'party_size_number': '2', 'party_size_description': 'тесть и я', 'datetime': 'год'}"
test_275,Оцени эту книгу на 1,RateBook,RateBook,True,0.9365,False,False,False,"{'object_select': 'эту', 'object_type': 'книгу', 'rating_value': '1'}","{'best_rating': '1', 'object_name': 'книга', 'object_type': 'книга', 'rating_unit': 'оценка', 'rating_value': '1'}"
test_276,добавь этого исполнителя в мой плейлист spotlight on country 2016,AddToPlaylist,AddToPlaylist,True,0.9378,False,False,False,"{'music_item': 'исполнителя', 'reference': 'мой', 'playlist': 'spotlight on country 2016'}","{'artist': 'spotlight on country', 'entity_name': 'spotlight on country', 'music_item': None, 'playlist': 'my playlist', 'reference': None}"
test_277,Не мог бы ты найти фотографию Epic Conditions?,SearchCreativeWork,SearchCreativeWork,True,0.9439,False,False,False,"{'object_type': 'фотографию', 'object_name': 'Epic Conditions'}","{'object_name': 'Epic Conditions', 'object_type': 'фото'}"
test_278,Включи rich sex на Iheart,PlayMusic,PlayMusic,True,0.9401,False,False,True,"{'track': 'rich sex', 'service': 'Iheart'}","{'album': 'rich sex', 'artist': 'Iheart', 'datetime': None, 'genre': None, 'music_item': None, 'playlist': None, 'service': None, 'sort': None, 'track': None}"
test_279,Играет ли Барток Великолепный в семь утра?,SearchScreeningEvent,PlayMusic,False,0.9133,False,False,False,"{'movie_name': 'Барток Великолепный', 'datetime': 'семь утра'}","{'album': 'Барток Великолепный', 'artist': 'Барток', 'datetime': 'семь утра', 'genre': 'музыка', 'music_item': 'Великолепный', 'playlist': None, 'service': None, 'sort': None}"
test_280,Включи что-нибудь на Zvooq,PlayMusic,AddToPlaylist,False,0.9314,False,False,False,{'service': 'Zvooq'},"{'artist': 'Zvooq', 'entity_name': 'Zvooq', 'music_item': None, 'playlist': None, 'reference': None}"
test_281,Позволь мне послушать музыку Криса Найта,PlayMusic,PlayMusic,True,0.966,False,False,False,{'artist': 'Криса Найта'},"{'album': 'не указано', 'artist': 'Криса Найта', 'datetime': 'не указано', 'genre': 'не указано', 'music_item': 'не указано', 'playlist': 'не указано', 'service': 'не указано', 'sort': 'не указано'}"
test_282,включи альбом Джилл Собул,PlayMusic,PlayMusic,True,0.8777,False,False,True,"{'music_item': 'альбом', 'album': 'Джилл Собул'}","{'album': 'Джилл Собул', 'service': 'название', 'music_item': 'альбом', 'playlist': None, 'genre': None, 'track': None, 'datetime': None}"
test_283,Поставь четыре звезды The Broken Window,RateBook,RateBook,True,0.9425,False,False,False,"{'rating_value': 'четыре', 'rating_unit': 'звезды', 'object_name': 'The Broken Window'}","{'best_rating': '4', 'object_name': 'The Broken Window', 'object_type': 'книга', 'rating_unit': 'зверей', 'rating_value': '4'}"
test_284,Расскажи мне прогноз на 6 утра в Татра-Национальном парке,weather/find,weather/find,True,0.9323,False,False,False,"{'datetime': '6 утра', 'location': 'Татра - Национальном парке'}","{'condition_description': 'прогноз', 'condition_temperature': 'не указано', 'datetime': '6 утра', 'location': 'Татра-Национальном парке', 'weather/attribute': 'прогноз'}"
,"Пожалуйста, забронируй мне стол в кафе, где подают домашнее печенье.",BookRestaurant,BookRestaurant,True,0.9054,False,False,True,"{'restaurant_type': 'кафе', 'served_dish': 'домашнее печенье'}","{'cuisine': 'печенье', 'location': 'кафе', 'restaurant_name': None, 'restaurant_type': None, 'party_size_description': None, 'party_size_number': None}"
,Оцени серию The Mystery of the Tolling Bell на 4 звезды.,RateBook,RateBook,True,0.9497,False,False,True,"{'object_part_of_series_type': 'серию', 'object_name': 'The Mystery of the Tolling Bell', 'rating_value': '4', 'rating_unit': 'звезды'}","{'best_rating': '4', 'object_name': 'The Mystery of the Tolling Bell', 'object_type': 'сериал', 'rating_unit': 'из 5', 'rating_value': '4'}"
test_287,Используй Groove Shark для воспроизведения музыки,PlayMusic,PlayMusic,True,0.9657,False,False,False,{'service': 'Groove Shark'},"{'album': None, 'artist': None, 'datetime': None, 'genre': None, 'music_item': None, 'playlist': None, 'service': 'Groove Shark', 'sort': None, 'track': None}"
,Проверь расписание сеансов Snowbound в ближайшем кинотеатре.,SearchScreeningEvent,SearchScreeningEvent,True,0.9719,False,False,True,"{'movie_name': 'Snowbound', 'location': 'ближайшем', 'object_location_type': 'кинотеатре'}","{'object_type': 'расписание', 'movie_name': 'Snowbound', 'location': 'ближайшем', 'object_location_type': 'кинотеатре', 'datetime': None}"
test_289,Пожалуйста открой Zvooq,PlayMusic,PlayMusic,True,0.9642,False,False,False,{'service': 'Zvooq'},"{'album': None, 'artist': None, 'datetime': None, 'genre': None, 'music_item': None, 'playlist': None, 'service': 'Zvooq', 'sort': None, 'track': None}"
test_290,забронируй место на 1 человека в Town of Ramsgate in Merit,BookRestaurant,BookRestaurant,True,0.9257,False,False,True,"{'party_size_number': '1', 'restaurant_name': 'Town of Ramsgate', 'location': 'Merit'}","{'restaurant_name': 'Town of Ramsgate', 'location': 'Merit', 'party_size_number': '1', 'restaurant_type': 'ресторан'}"
,Будет ли Теория большого взрыва идти в 7 вечера?,SearchScreeningEvent,SearchScreeningEvent,True,0.9417,False,False,False,"{'movie_name': 'Теория большого взрыва', 'datetime': '7 вечера'}","{'movie_name': 'Теория большого взрыва', 'location': '7 вечера', 'object_location_type': 'кинотеатре', 'datetime': '7 вечера'}"
,станет ли прохладнее в Кастерском национальном лесу в семь вечера,weather/find,weather/find,True,0.932,False,False,True,"{'condition_temperature': 'прохладнее', 'location': 'Кастерском национальном лесу', 'datetime': 'семь вечера'}","{'condition_description': 'прохладнее', 'condition_temperature': 'не указано', 'datetime': 'семь вечера', 'location': 'Кастерский национальный лес'}"
test_293,Я хочу послушать что-нибудь на Ютубе.,PlayMusic,PlayMusic,True,0.9536,False,False,False,{'service': 'Ютубе'},"{'album': None, 'artist': None, 'datetime': None, 'genre': None, 'music_item': None, 'playlist': None, 'service': None, 'sort': None}"
test_294,Найди игру Difficult Loves,SearchCreativeWork,SearchCreativeWork,True,0.9703,False,False,False,"{'object_type': 'игру', 'object_name': 'Difficult Loves'}",{'object_name': 'Difficult Loves'}
,Какой прогноз погоды на 20 февраля в Bothe-Napa Valley State Park?,weather/find,weather/find,True,0.9516,False,False,False,"{'datetime': '20 февраля', 'location': 'Bothe-Napa Valley State Park'}","{'condition_description': 'неизвестно', 'condition_temperature': 'неизвестно', 'datetime': '20 февраля', 'location': 'Bothe-Napa Valley State Park', 'weather/attribute': 'неизвестно'}"
test_296,покажи мне расписание фильма The Great Gildersleeve возле кинотеатра,SearchScreeningEvent,SearchScreeningEvent,True,0.9707,False,False,True,"{'object_type': 'расписание', 'movie_name': 'The Great Gildersleeve', 'object_location_type': 'кинотеатра'}","{'object_type': 'расписание', 'movie_name': 'The Great Gildersleeve', 'location': 'ближайшем', 'object_location_type': 'кинотеатре', 'datetime': None}"
test_297,Расскажи мне о прогнозе погоды в Гибсленде,weather/find,weather/find,True,0.9341,False,False,False,{'location': 'Гибсленде'},"{'condition_description': 'прогноз погоды', 'condition_temperature': 'не указано', 'datetime': 'не указано', 'location': 'Гибсленде', 'weather/attribute': 'не указано'}"
test_298,Могу ли я узнать время сеансов в кинотеатрах по соседству?,SearchScreeningEvent,SearchScreeningEvent,True,0.9581,False,False,False,"{'object_type': 'время сеансов', 'movie_type': 'кинотеатрах', 'location': 'по соседству'}","{'object_type': 'расписание', 'movie_name': None, 'location': 'по соседству', 'object_location_type': 'кинотеатре', 'datetime': None}"
test_299,Оцени Soul Music на 0 .,RateBook,RateBook,True,0.9522,False,False,False,"{'object_name': 'Soul Music', 'rating_value': '0'}","{'best_rating': '0', 'object_name': 'Soul Music', 'object_type': 'книга', 'rating_unit': None, 'rating_value': '0'}"
test_300,Забронируй столик на пять человек в татарской таверне в Сарджентсе,BookRestaurant,BookRestaurant,True,0.9239,False,False,True,"{'party_size_number': 'пять', 'cuisine': 'татарской', 'restaurant_type': 'таверне', 'location': 'Сарджентсе'}","{'restaurant_name': 'татарская таверна', 'party_size_number': '5', 'location': 'Сарджентсе', 'restaurant_type': 'татарская таверна'}"
,Включи All Things Must Pass,PlayMusic,PlayMusic,True,0.96,False,False,True,{'track': 'All Things Must Pass'},"{'album': 'All Things Must Pass', 'artist': 'George Harrison', 'datetime': None, 'genre': None, 'music_item': None, 'playlist': None, 'service': None, 'sort': None}"
test_302,Какой прогноз дождя в Южной Корее через час,weather/find,weather/find,True,0.9616,False,False,True,"{'condition_description': 'дождя', 'location': 'Южной Корее', 'datetime': 'час'}","{'condition_description': 'дождь', 'condition_temperature': None, 'datetime': 'через час', 'location': 'Южная Корея', 'weather/attribute': None}"
test_303,Забронируй место на 4 персоны в Оклахоме в South Street Diner,BookRestaurant,BookRestaurant,True,0.913,False,False,True,"{'party_size_number': '4', 'location': 'Оклахоме', 'restaurant_name': 'South Street Diner'}","{'restaurant_name': 'South Street Diner', 'location': 'Оклахоме', 'party_size_number': '4', 'restaurant_type': 'кафе'}"
,Включи музыку с Нетфликса.,PlayMusic,PlayMusic,True,0.9483,False,False,False,{'service': 'Нетфликса'},"{'album': None, 'artist': None, 'datetime': None, 'genre': None, 'music_item': None, 'playlist': None, 'service': 'Нетфликс', 'sort': None, 'track': None}"
,Я хочу увидеть Shattered Image,SearchScreeningEvent,SearchScreeningEvent,True,0.9584,False,False,False,{'movie_name': 'Shattered Image'},"{'object_type': 'расписание', 'movie_name': 'Shattered Image', 'location': None, 'object_location_type': None, 'datetime': None}"
test_306,Найди The Sound of One Hand Clapping,SearchCreativeWork,SearchCreativeWork,True,0.9643,False,False,False,{'object_name': 'The Sound of One Hand Clapping'},"{'object_name': 'The Sound of One Hand Clapping', 'object_type': 'фильм'}"
test_307,Найди альбом Wolves Within,SearchCreativeWork,SearchCreativeWork,True,0.9688,False,False,False,"{'object_type': 'альбом', 'object_name': 'Wolves Within'}","{'object_name': 'Wolves Within', 'object_type': 'альбом'}"
test_308,в каком кинотеатре идет We Are Northern Lights,SearchScreeningEvent,SearchScreeningEvent,True,0.9148,False,False,True,"{'object_location_type': 'кинотеатре', 'movie_name': 'We Are Northern Lights'}","{'movie_name': 'We Are Northern Lights', 'location': 'кинотеатр', 'object_location_type': 'кинотеатр', 'datetime': None}"
test_309,Добавь our little corner of the world music from gilmore girls в мой плейлист The Funny Thing About Football Is.,AddToPlaylist,AddToPlaylist,True,0.9658,False,False,False,"{'entity_name': 'our little corner of the world music from gilmore girls', 'reference': 'мой', 'playlist': 'The Funny Thing About Football Is'}","{'artist': 'our little corner of the world', 'entity_name': 'music_item', 'playlist': 'The Funny Thing About Football Is', 'music_item': 'our little corner of the world'}"
test_317,Добавь новейшую песню Richard McNamara в плейлист Just Smile,AddToPlaylist,AddToPlaylist,True,0.9596,False,False,False,"{'music_item': 'песню', 'artist': 'Richard McNamara', 'playlist': 'Just Smile'}","{'artist': 'Richard McNamara', 'entity_name': 'Just Smile', 'music_item': 'новая песня', 'playlist': 'Just Smile'}"
test_318,насколько здесь будет холодно через секунду,weather/find,weather/find,True,0.9191,False,False,True,"{'location': 'здесь', 'condition_temperature': 'холодно', 'datetime': 'через секунду'}","{'condition_description': 'холодно', 'condition_temperature': 'не указано', 'datetime': 'через секунду', 'location': 'не указано', 'weather/attribute': 'холодно'}"
test_319,Найди картинку с названием With You,SearchCreativeWork,SearchCreativeWork,True,0.9602,False,False,False,"{'object_type': 'картинку', 'object_name': 'With You'}",{'object_name': 'With You'}
test_320,Найди творческую работу Deadly Weapons,SearchCreativeWork,SearchCreativeWork,True,0.9598,False,False,False,{'object_name': 'Deadly Weapons'},"{'object_name': 'Deadly Weapons', 'object_type': 'творческая работа'}"
,Какая погода будет в ноябре в Брукниле?,weather/find,weather/find,True,0.909,False,False,False,"{'datetime': 'ноябре', 'location': 'Брукниле'}","{'condition_description': 'погода', 'condition_temperature': 'неизвестно', 'datetime': 'в ноябре', 'location': 'Брукниле', 'weather/attribute': 'погода'}"
test_322,Забронируй столик в кафе на лапшу,BookRestaurant,BookRestaurant,True,0.9238,False,False,True,"{'restaurant_type': 'кафе', 'served_dish': 'лапшу'}","{'cuisine': 'лапша', 'location': 'кафе', 'restaurant_name': None, 'restaurant_type': None, 'party_size_description': None, 'party_size_number': None}"
test_323,какой прогноз на Коста-Рике,weather/find,weather/find,True,0.9266,False,False,False,{'location': 'Коста - Рике'},"{'condition_description': 'прогноз', 'condition_temperature': 'не указано', 'datetime': 'не указано', 'location': 'Коста-Рика', 'weather/attribute': 'прогноз'}"
test_324,Играет The Two Gladiators,SearchScreeningEvent,PlayMusic,False,0.9744,False,False,False,{'movie_name': 'The Two Gladiators'},"{'album': 'The Two Gladiators', 'artist': None, 'datetime': None, 'genre': None, 'music_item': None, 'playlist': None, 'service': None, 'sort': None}"
test_325,какие фильмы в Star Theatres .,SearchScreeningEvent,SearchCreativeWork,False,0.9436,False,False,False,"{'movie_type': 'фильмы', 'location': 'Star Theatres'}","{'object_name': 'фильмы', 'object_type': 'фильмы'}"
test_326,Можешь пожалуйста найти мне сагу Harry Hood ?,SearchCreativeWork,SearchCreativeWork,True,0.9257,False,False,False,"{'object_type': 'сагу', 'object_name': 'Harry Hood'}","{'object_name': 'сага', 'object_type': 'Harry Hood'}"
test_327,добавь эту мелодию в мой плейлист Sleepify,AddToPlaylist,AddToPlaylist,True,0.9203,False,False,False,"{'music_item': 'мелодию', 'reference': 'мой', 'playlist': 'Sleepify'}","{'artist': 'Sleepify', 'music_item': 'не указано', 'playlist': 'Мой плейлист', 'reference': 'не указано'}"
test_328,Заиграет ли Any Which Way You Can через 15 секунд,SearchScreeningEvent,PlayMusic,False,0.9553,False,False,False,"{'movie_name': 'Any Which Way You Can', 'datetime': 'через 15 секунд'}","{'album': 'Any Which Way You Can', 'datetime': 'через 15 секунд', 'genre': None, 'music_item': None, 'playlist': None, 'service': None, 'sort': None}"
test_329,Включи музыку с E-type .,PlayMusic,PlayMusic,True,0.8829,False,False,False,{'artist': 'E-type'},"{'album': 'E-type', 'music_item': 'E-type', 'genre': 'E-type', 'service': 'E-type', 'sort': 'E-type', 'datetime': 'E-type'}"
,Поставь одну звезду текущей книге,RateBook,RateBook,True,0.9206,False,False,False,"{'rating_value': 'одну', 'object_select': 'текущей', 'object_type': 'книге'}","{'best_rating': '1', 'object_name': 'текущая книга', 'object_type': 'книга', 'rating_unit': 'звезда', 'rating_value': '1'}"
test_331,Включи Another Passenger от Louis Nelson Delisle .,PlayMusic,SearchCreativeWork,False,0.9505,False,False,True,"{'album': 'Another Passenger', 'artist': 'Louis Nelson Delisle'}","{'object_name': 'Another Passenger', 'object_type': 'книга'}"
test_332,Где я могу найти расписание фильмов,SearchScreeningEvent,SearchScreeningEvent,True,0.9492,False,False,False,{'object_type': 'расписание фильмов'},"{'object_type': 'расписание', 'movie_name': None, 'location': None, 'object_location_type': None, 'datetime': None}"
test_333,какой прогноз на сентябрь 26 в Эмерадо Сен-Пьер и Микелон,weather/find,weather/find,True,0.9354,False,False,False,"{'datetime': 'сентябрь 26', 'location': 'Эмерадо Сен - Пьер и Микелон'}","{'condition_description': 'прогноз на сентябрь 26', 'condition_temperature': 'не указано', 'datetime': 'сентябрь 26', 'location': 'Эмерадо Сен-Пьер и Микелон', 'weather/attribute': 'прогноз'}"
test_334,Давайте поедим рядом с Оукфилдом через пару минут в Ted Peters Famous Smoked Fish,BookRestaurant,BookRestaurant,True,0.9516,False,False,True,"{'location': 'рядом с | Оукфилдом', 'datetime': 'через пару минут', 'restaurant_name': 'Ted Peters Famous Smoked Fish'}","{'cuisine': 'не указано', 'datetime': 'через пару минут', 'facility': 'Ted Peters Famous Smoked Fish', 'location': 'Оукфилд', 'party_size_description': 'не указано', 'party_size_number': 'не указано', 'restaurant_name': 'Ted Peters Famous Smoked Fish', 'restaurant_type': 'ресторан', 'served_dish': 'не указано', 'sort': 'не указано'}"
test_335,найди мне трейлер Good Morning Sunshine,SearchCreativeWork,SearchCreativeWork,True,0.943,False,False,False,"{'object_type': 'трейлер', 'object_name': 'Good Morning Sunshine'}","{'object_name': 'Good Morning Sunshine', 'object_type': 'трейлер'}"
test_336,Я хочу забронировать пивную на 3 человек на Нидерландских Антильских островах .,BookRestaurant,BookRestaurant,True,0.9009,False,False,False,"{'restaurant_type': 'пивную', 'party_size_number': '3', 'location': 'Нидерландских Антильских островах'}","{'restaurant_name': None, 'location': None, 'party_size_number': '3', 'cuisine': None, 'restaurant_type': None, 'served_dish': None, 'sort': None}"
test_337,оцени этот текущий альбом на 0 звезд,RateBook,RateBook,True,0.9376,False,False,False,"{'object_select': 'этот текущий', 'object_type': 'альбом', 'rating_value': '0', 'rating_unit': 'звезд'}","{'best_rating': '0', 'object_name': 'альбом', 'object_type': 'альбом', 'rating_unit': None, 'rating_value': None}"
test_338,Хотели бы забронировать место в Монако в кофейне Yankee Doodle Coffee Shop,BookRestaurant,BookRestaurant,True,0.9409,False,False,True,"{'location': 'Монако', 'restaurant_name': 'Yankee Doodle Coffee Shop'}","{'restaurant_name': 'Yankee Doodle Coffee Shop', 'location': 'Монако', 'restaurant_type': 'кофейня', 'party_size_description': None, 'party_size_number': None, 'served_dish': None, 'sort': None}"
test_339,Добавь исполнителя в плейлист political punks.,AddToPlaylist,AddToPlaylist,True,0.9397,False,False,False,"{'music_item': 'исполнителя', 'playlist': 'political punks.'}","{'artist': 'political punks', 'entity_name': 'исполнитель', 'music_item': None, 'playlist': 'плейлист', 'reference': None}"
test_340,Будет ли холоднее через четыре месяца в Сувани AK,weather/find,weather/find,True,0.9283,False,False,True,"{'condition_temperature': 'холоднее', 'datetime': 'через четыре месяца', 'location': 'Сувани | AK'}","{'condition_description': 'холоднее', 'condition_temperature': 'не указано', 'datetime': 'через четыре месяца', 'location': 'Сувани AK'}"
test_341,добавь  Muzika za decu в мой плейлист Crash Course,AddToPlaylist,AddToPlaylist,True,0.9657,False,False,False,"{'entity_name': 'Muzika za decu', 'reference': 'мой', 'playlist': 'Crash Course'}","{'artist': 'Muzika za decu', 'entity_name': 'Crash Course', 'music_item': None, 'playlist': 'Crash Course', 'reference': None}"
test_342,Можешь поискать сагу Molecular Oncology ?,SearchCreativeWork,SearchCreativeWork,True,0.9194,False,False,False,"{'object_type': 'сагу', 'object_name': 'Molecular Oncology'}","{'object_name': 'сагу Molecular Oncology', 'object_type': 'книга'}"
test_343,Я хочу забронировать ресторан на шесть человек в Вагстаффе AK .,BookRestaurant,BookRestaurant,True,0.9148,False,False,False,"{'restaurant_type': 'ресторан', 'party_size_number': 'шесть', 'location': 'Вагстаффе | AK'}","{'restaurant_name': 'Вагстаффе AK', 'party_size_number': '6', 'location': 'Вагстаффе', 'restaurant_type': 'ресторан'}"
test_344,Включи симфоническую музыку Дэвида Линдли .,PlayMusic,PlayMusic,True,0.9141,False,False,False,"{'music_item': 'симфоническую', 'artist': 'Дэвида Линдли'}","{'album': 'Симфоническая музыка Дэвида Линдли', 'artist': 'David Lynch', 'datetime': None, 'genre': 'Симфоническая', 'music_item': None, 'playlist': None, 'service': None, 'sort': None}"
,"Пожалуйста, найди мне телесериал Now We Are Married .",SearchCreativeWork,SearchCreativeWork,True,0.9749,False,False,False,"{'object_type': 'телесериал', 'object_name': 'Now We Are Married'}","{'object_name': 'Now We Are Married', 'object_type': 'телесериал'}"
test_346,Я хочу посмотреть Outcast .,SearchScreeningEvent,SearchScreeningEvent,True,0.9561,False,False,False,{'movie_name': 'Outcast'},"{'object_type': 'расписание', 'movie_name': 'Outcast', 'location': None, 'object_location_type': None, 'datetime': None}"
test_347,добавь текущий трек в мой плейлист This Is Tchaikovsky,AddToPlaylist,AddToPlaylist,True,0.9241,False,False,False,"{'music_item': 'трек', 'reference': 'мой', 'playlist': 'This Is Tchaikovsky'}","{'artist': 'This Is Tchaikovsky', 'entity_name': 'This Is Tchaikovsky', 'music_item': 'трек', 'playlist': 'мой плейлист', 'reference': 'трек'}"
test_348,Включи This Is: Miles Davis на Lastfm .,PlayMusic,AddToPlaylist,False,0.9214,False,False,False,"{'playlist': 'This Is: Miles Davis', 'service': 'Lastfm'}","{'artist': 'This Is: Miles Davis', 'entity_name': 'This Is: Miles Davis', 'music_item': None, 'playlist': None, 'reference': None}"
test_349,забронируй лучший столик в Танзании на 5 человек в кафе,BookRestaurant,BookRestaurant,True,0.8836,False,False,False,"{'sort': 'лучший', 'location': 'Танзании', 'party_size_number': '5', 'restaurant_type': 'кафе'}","{'restaurant_name': 'кафе', 'party_size_number': '5', 'cuisine': 'Танзания'}"
test_350,Давайте послушаем старого доброго Mohammad Mamlе на Vimeo .,PlayMusic,PlayMusic,True,0.9519,False,False,False,"{'sort': 'старого | доброго', 'artist': 'Mohammad Mamle', 'service': 'Vimeo'}","{'album': 'Mohammad Mamlе', 'artist': 'Mohammad Mamlе', 'datetime': None, 'genre': None, 'music_item': None, 'playlist': None, 'service': None, 'sort': None}"
test_351,Помести трек Vandemataram Srinivas в HipHop Hot 50 .,AddToPlaylist,AddToPlaylist,True,0.9332,False,False,False,"{'music_item': 'трек', 'artist': 'Vandemataram Srinivas', 'playlist': 'HipHop Hot 50'}","{'artist': 'Vandemataram Srinivas', 'music_item': 'HipHop Hot 50', 'playlist': 'HipHop Hot 50', 'reference': 'Vandemataram Srinivas'}"
test_352,Найди мне песню Secret South .,SearchCreativeWork,SearchCreativeWork,True,0.9501,False,False,False,"{'object_type': 'песню', 'object_name': 'Secret South'}","{'object_name': 'Secret South', 'object_type': 'песня'}"
test_353,песни девяностых на Zvooq,PlayMusic,SearchCreativeWork,False,0.9333,False,False,False,"{'datetime': 'девяностых', 'service': 'Zvooq'}","{'object_name': 'песни', 'object_type': 'музыка'}"
test_354,"какой прогноз погоды в Admire в Техасе, начиная с пяти вечера",weather/find,weather/find,True,0.8909,False,False,False,"{'location': 'Admire | Техасе', 'datetime': 'пяти | вечера'}","{'condition_description': 'тепло', 'condition_temperature': '25', 'datetime': 'пять вечера', 'location': 'Admire, Техас'}"
test_355,Включи что-нибудь на Last Fm,PlayMusic,PlayMusic,True,0.9655,False,False,False,{'service': 'Last Fm'},"{'album': None, 'artist': None, 'datetime': None, 'genre': None, 'music_item': None, 'playlist': None, 'service': None, 'sort': None}"
,Я хочу посмотреть The Portrait of a Lady в ближайшем кинотеатре.,SearchScreeningEvent,SearchScreeningEvent,True,0.9757,False,False,True,"{'movie_name': 'The Portrait of a Lady', 'location': 'ближайшем', 'object_location_type': 'кинотеатре'}","{'object_type': 'расписание', 'movie_name': 'The Portrait of a Lady', 'location': 'ближайшем', 'object_location_type': 'кинотеатре', 'datetime': None}"
,Пожалуйста найди мне Phineas Redux.,SearchCreativeWork,SearchCreativeWork,True,0.9276,False,False,False,{'object_name': 'Phineas Redux'},"{'object_name': 'Phineas Redux', 'object_type': 'творческий произведение'}"
test_358,Добавь мелодию 40 cal в плейлист laundry.,AddToPlaylist,AddToPlaylist,True,0.9417,False,False,False,"{'music_item': 'мелодию', 'artist': '40 cal', 'playlist': 'laundry'}","{'artist': '40 cal', 'entity_name': '40 cal', 'music_item': '40 cal', 'playlist': 'laundry', 'reference': '40 cal'}"
,Открой itunes и включи Ben Burnley Ready To Die.,PlayMusic,PlayMusic,True,0.9472,False,False,True,"{'service': 'itunes', 'artist': 'Ben Burnley', 'album': 'Ready To Die'}","{'album': 'Ben Burnley Ready To Die', 'artist': 'Ben Burnley', 'datetime': None, 'genre': None, 'music_item': None, 'playlist': None, 'service': 'itunes', 'sort': None}"
,Какая погода будет около Памятника Лихула 5 декабря?,weather/find,weather/find,True,0.94,False,False,False,"{'location': 'Памятника Лихула', 'datetime': '5 декабря'}","{'condition_description': 'неизвестно', 'condition_temperature': 'неизвестно', 'datetime': '5 декабря', 'location': 'Памятник Лихула', 'weather/attribute': 'неизвестно'}"
,Покажи расписание Sexy Dance 2 в ближайшем кинотеатре.,SearchScreeningEvent,SearchScreeningEvent,True,0.9793,False,False,True,"{'object_type': 'расписание', 'movie_name': 'Sexy Dance 2', 'location': 'ближайшем', 'object_location_type': 'кинотеатре'}","{'object_type': 'расписание', 'movie_name': 'Sexy Dance 2', 'location': 'ближайшем', 'object_location_type': 'кинотеатре', 'datetime': None}"
,Найди песню с названием Live at the Kings Center.,SearchCreativeWork,SearchCreativeWork,True,0.9711,False,False,False,"{'object_type': 'песню', 'object_name': 'Live at the Kings Center'}","{'object_name': 'Live at the Kings Center', 'object_type': 'песня'}"
,"Какая погода в Тайонеке, Нью-Джерси?",weather/find,weather/find,True,0.9584,False,False,False,{'location': 'Тайонеке | Нью | - Джерси'},"{'condition_description': 'не указано', 'condition_temperature': 'не указано', 'datetime': 'не указано', 'location': 'Тайонеке, Нью-Джерси', 'weather/attribute': 'не указано'}"
test_364,Я хочу забронировать Tupelo Honey Cafe в Нью-Джерси для пяти человек.,BookRestaurant,BookRestaurant,True,0.9501,False,False,True,"{'restaurant_name': 'Tupelo Honey Cafe', 'location': 'Нью | - Джерси', 'party_size_number': 'пяти'}","{'cuisine': 'не указано', 'datetime': 'не указано', 'facility': 'Tupelo Honey Cafe', 'location': 'Нью-Джерси', 'party_size_description': 'пять человек', 'party_size_number': '5', 'restaurant_name': 'Tupelo Honey Cafe', 'restaurant_type': 'cafe', 'served_dish': 'не указано', 'sort': 'не указано'}"
,Забронируй место для меня и моих племянниц в чайном домике.,BookRestaurant,BookRestaurant,True,0.9081,False,False,True,"{'party_size_description': 'меня и моих племянниц', 'restaurant_type': 'чайном домике'}","{'restaurant_name': None, 'party_size_number': '3', 'party_size_description': None, 'cuisine': None, 'location': None, 'restaurant_type': None, 'served_dish': None, 'sort': None}"
,Будет ли жарко в Нидерландах 16 февраля?,weather/find,weather/find,True,0.9451,False,False,True,"{'condition_temperature': 'жарко', 'location': 'Нидерландах', 'datetime': '16 февраля'}","{'condition_description': 'жарко', 'condition_temperature': 'не указано', 'datetime': '16 февраля', 'location': 'Нидерланды', 'weather/attribute': 'температура'}"
,Я хотел бы добавить Jordan Rudess в плейлист Divertido para niños.,AddToPlaylist,AddToPlaylist,True,0.977,False,False,False,"{'artist': 'Jordan Rudess', 'playlist': 'Divertido para niños'}","{'artist': 'Jordan Rudess', 'entity_name': 'Divertido para niños', 'music_item': None, 'playlist': 'Divertido para niños', 'reference': None}"
,Оцени In the Company of Cheerful Ladies на ноль из 6.,RateBook,RateBook,True,0.955,False,False,False,"{'object_name': 'In the Company of Cheerful Ladies', 'rating_value': 'ноль', 'best_rating': '6'}","{'best_rating': '0', 'object_name': 'In the Company of Cheerful Ladies', 'object_type': 'книга', 'rating_unit': 'из 6', 'rating_value': '0'}"
test_112,Что такое суровый прогноз погода?,weather/find,weather/find,True,0.9772,False,False,False,{'weather/attribute': 'суровый'},"{'condition_description': 'суровый', 'condition_temperature': None, 'datetime': None, 'location': None, 'weather/attribute': None}"
test_113,напомни мне о визите к врачу на следующей недели,reminder/set_reminder,reminder/set_alarm,False,0.9299,False,False,False,"{'reminder/todo': 'визите к врачу', 'datetime': 'на следующей недели'}","{'datetime': 'на следующей недели', 'reference': 'визит к врачу'}"
test_114,поставь напоминание о походе в магазин в 8 утра,reminder/set_reminder,reminder/set_alarm,False,0.9522,False,False,False,"{'reminder/todo': 'походе в магазин', 'datetime': '8 утра'}","{'datetime': '8 утра', 'reference': 'поход в магазин'}"
test_115,Поставь напоминание о сдачи вещей в химчистку,reminder/set_reminder,reminder/set_alarm,False,0.9112,False,False,False,{'reminder/todo': 'сдачи вещей в химчистку'},"{'datetime': 'в ближайшее время', 'reference': 'сдача вещей в химчистку'}"
test_116,когда похоладает?,weather/find,weather/find,True,0.9532,False,False,False,{'weather/attribute': 'похоладает'},"{'condition_description': 'похолодает', 'condition_temperature': None, 'datetime': None, 'location': None, 'weather/attribute': None}"
test_243,будет ли дождь на этой недели,weather/find,weather/find,True,0.8861,False,False,False,"{'weather/attribute': 'дождь', 'datetime': 'этой недели'}","{'condition_description': 'дождь', 'location': 'на этой недели', 'datetime': 'на этой недели'}"
test_118,удали все будильники,alarm/cancel_alarm,alarm/cancel_alarm,True,0.925,False,False,False,{'reference': 'все'},{}
test_179,отмени будильники,alarm/cancel_alarm,alarm/cancel_alarm,True,0.8967,False,False,False,{},{'reference': 'будильник'}
test_120,покажи мне текущие будильники,alarm/show_alarms,alarm/show_alarms,True,0.9096,False,False,False,{'reference': 'текущие'},{'datetime': 'текущее время'}
test_121,На какое время у меня установлен будильник?,alarm/show_alarms,alarm/show_alarms,True,0.9176,False,False,False,{},{'datetime': 'time_left_on_alarm'}
test_189,В субботу пойдет дождь?,weather/find,weather/find,True,0.9209,False,False,False,{'datetime': 'субботу'},"{'condition_description': 'дождь', 'location': 'не указано', 'weather/attribute': 'дождь'}"
test_123,насколько жарко сегодня будет,weather/find,weather/find,True,0.9064,False,False,False,"{'weather/attribute': 'жарко', 'datetime': 'сегодня'}","{'condition_description': 'жаркая', 'condition_temperature': 'не указано'}"
test_124,Сбрось все будильники,alarm/cancel_alarm,alarm/cancel_alarm,True,0.8583,False,False,False,{'reference': 'все'},{'datetime': ' '}
test_125,Погода в Тахо в эти выходных?,weather/find,weather/find,True,0.9361,False,False,False,"{'location': 'Тахо', 'datetime': 'эти выходные'}","{'condition_description': 'погода', 'location': 'Тахо', 'datetime': 'эти выходные'}"
test_126,Понадобится ли курта сегодня?,weather/find,reminder/set_alarm,False,0.8615,False,False,False,"{'weather/attribute': 'куртка', 'datetime': 'сегодня'}","{'datetime': 'today', 'reference': 'понадобится ли курта'}"
test_127,Когда дождь закончится?,weather/find,weather/find,True,0.9741,False,False,False,{'weather/attribute': 'дождь'},"{'condition_description': 'дождь', 'condition_temperature': None, 'datetime': None, 'location': None, 'weather/attribute': None}"
test_128,Поставь напоминание позвонить в школу в понедельник в 4 часа дня,reminder/set_reminder,reminder/set_alarm,False,0.9148,False,False,False,"{'reminder/todo': 'позвонить в школу', 'datetime': 'понедельник в 4 часа дня'}","{'datetime': 'в понедельник в 4 часа дня', 'reference': 'звонок в школу'}"
test_129,Выключи текущий будильник.,alarm/cancel_alarm,alarm/cancel_alarm,True,0.9095,False,False,False,{'reference': 'текущий'},{'datetime': 'текущий'}
test_130,Насколько холодно будет сегодня вечером?,weather/find,weather/find,True,0.8936,False,False,False,"{'weather/attribute': 'холодно', 'datetime': 'сегодня вечером'}","{'condition_description': 'холод', 'condition_temperature': 'не указано', 'datetime': 'текущее время', 'location': 'не указано', 'weather/attribute': 'холод'}"
,поставь будильник на 7 утра на завтра,alarm/set_alarm,alarm/set_alarm,True,0.9291,False,False,False,{'datetime': '7 утра на завтра'},"{'datetime': '7 утра', 'reference': 'на завтра'}"
test_132,"Отмени текущее напоминание о том, чтобы забрать Роба",reminder/cancel_reminder,alarm/cancel_alarm,False,0.9243,False,False,False,"{'reference': 'текущее', 'reminder/todo': 'забрать Роба'}",{'reference': 'Роба'}
test_133,Создай напоминание на завтра о покупке молока,reminder/set_reminder,reminder/set_alarm,False,0.9382,False,False,False,"{'datetime': 'завтра', 'reminder/todo': 'покупке молока'}","{'datetime': 'завтра', 'reference': 'молоко', 'recurring_datetime': None}"
test_134,поставь будильник на 6 вечера,alarm/set_alarm,alarm/set_alarm,True,0.9436,False,False,False,{'datetime': '6 вечера'},{'datetime': '6 вечера'}
test_135,запланируй ежедневный будильник на 7:30 вечера до удаления,alarm/set_alarm,alarm/set_alarm,True,0.9245,False,False,False,{'recurring_datetime': 'ежедневный | 7:30 вечера'},"{'datetime': '7:30 вечера', 'reference': 'удаление'}"
test_198,напомни мне поставить будильник для подъема,reminder/set_reminder,alarm/set_alarm,False,0.8582,False,False,False,{'reminder/todo': 'поставить будильник для подъема'},"{'datetime': 'уточните время', 'reference': 'уточните время', 'recurring_datetime': 'уточните время'}"
test_137,Отмени текущее напоминание,reminder/cancel_reminder,alarm/cancel_alarm,False,0.9205,False,False,False,{'reference': 'текущее'},{'reference': 'текущее напоминание'}
test_235,Сегодня пойдет снег?,weather/find,weather/find,True,0.9227,False,False,False,"{'datetime': 'Сегодня', 'weather/attribute': 'снег'}","{'condition_description': 'снег', 'location': 'сейчас', 'weather/attribute': 'погода'}"
test_139,Покажи мне все будильники,alarm/show_alarms,alarm/show_alarms,True,0.8891,False,False,False,{'reference': 'все'},{'datetime': 'не указано'}
test_237,покажи все напоминания,reminder/show_reminders,reminder/show_reminders,True,0.8968,False,False,False,{'reference': 'все'},{'datetime': 'now'}
test_141,сколько времени осталось до текущего будильника,alarm/time_left_on_alarm,alarm/show_alarms,False,0.9275,False,True,False,{'reference': 'текущего'},{'reference': 'будильник'}
test_142,поставь будильник на 2 часа,alarm/set_alarm,alarm/set_alarm,True,0.9583,False,False,False,{'datetime': '2 часа'},{'datetime': '2 часа'}
test_143,Напомни мне купить хлеб после работы,reminder/set_reminder,AddToPlaylist,False,0.9324,False,False,False,"{'reminder/todo': 'купить хлеб', 'datetime': 'после работы'}","{'artist': 'не указано', 'entity_name': 'хлеб', 'music_item': 'не указано', 'playlist': 'не указано', 'reference': 'не указано'}"
test_144,Сегодня будет дождь?,weather/find,weather/find,True,0.9306,False,False,False,"{'datetime': 'Сегодня', 'weather/attribute': 'дождь'}","{'condition_description': 'дождь', 'location': 'сейчас', 'weather/attribute': 'дождь'}"
test_145,прочитай прогноз погоды на сегодня,weather/find,weather/find,True,0.9295,False,False,False,{'datetime': 'сегодня'},"{'condition_description': 'прогноз погоды', 'condition_temperature': None, 'datetime': 'на сегодня', 'location': None, 'weather/attribute': None}"
test_146,На какое время установлен текущий будильник?,alarm/show_alarms,alarm/show_alarms,True,0.9079,False,False,False,{'reference': 'текущий'},{'datetime': 'текущее время'}
test_147,завтра в 4 напомни мне сходить в торговый центр,reminder/set_reminder,reminder/set_alarm,False,0.9488,False,False,False,"{'datetime': 'завтра в 4', 'reminder/todo': 'сходить в торговый центр'}","{'datetime': 'завтра', 'reference': 'сходить в торговый центр'}"
test_148,сегодня мне понадобится зонт,weather/find,SearchCreativeWork,False,0.9181,False,False,False,"{'datetime': 'сегодня', 'weather/attribute': 'зонт'}",{'object_name': 'зонты'}
test_216,Покажи текущее напоминание,reminder/show_reminders,reminder/show_reminders,True,0.9078,False,False,False,{'reference': 'текущее'},{'reference': 'текущее напоминание'}
test_237,покажи все напоминания,reminder/show_reminders,reminder/show_reminders,True,0.8968,False,False,False,{'reference': 'все'},{'datetime': 'now'}
test_151,Установи напоминание покормить собаку в понедельник.,reminder/set_reminder,reminder/set_alarm,False,0.9278,False,False,False,"{'reminder/todo': 'покормить собаку', 'datetime': 'понедельник'}","{'datetime': 'понедельник', 'reference': 'покормить собаку'}"
test_152,"Поставь напоминание ""Класс саб-йоги во вторник вечером в Bala"" на завтра",reminder/set_reminder,reminder/set_alarm,False,0.927,False,False,False,"{'reminder/todo': 'Класс саб-йоги во вторник вечером в Bala', 'datetime': 'завтра'}","{'datetime': 'завтра', 'reference': 'Класс саб-йоги во вторник вечером в Bala', 'recurring_datetime': None}"
test_153,Отмени все напоминания на сегодня,reminder/cancel_reminder,reminder/cancel_reminder,True,0.8595,False,False,False,"{'reference': 'все', 'datetime': 'сегодня'}",{'reference': 'все напоминания'}
test_154,Какая погода будет в Нью Йорке на этой недели,weather/find,weather/find,True,0.9307,False,False,False,"{'location': 'Нью Йорке', 'datetime': 'этой недели'}","{'condition_description': 'неизвестно', 'condition_temperature': 'неизвестно', 'datetime': 'на этой неделе', 'location': 'Нью Йорк', 'weather/attribute': 'неизвестно'}"
test_155,напомни мне о визите к доктору в четверг в 12 часов дня,reminder/set_reminder,reminder/set_alarm,False,0.9413,False,False,False,"{'reminder/todo': 'визите к доктору', 'datetime': 'четверг в 12 часов дня'}","{'datetime': 'в четверг в 12 часов дня', 'reference': 'визит к доктору'}"
test_156,Установи будильник на 6:50 вечера,alarm/set_alarm,alarm/set_alarm,True,0.9555,False,False,False,{'datetime': '6:50 вечера'},{'datetime': '6:50'}
test_235,Пойдет ли снег сегодня?,weather/find,weather/find,True,0.9527,False,False,False,"{'weather/attribute': 'снег', 'datetime': 'сегодня'}","{'condition_description': 'пойдет снег', 'condition_temperature': None, 'datetime': None, 'location': None, 'weather/attribute': None}"
test_158,Какие будильники установлены?,alarm/show_alarms,alarm/show_alarms,True,0.8963,False,False,False,{},{'recurring_datetime': 'null'}
test_159,Установи напоминание на 7 октября,reminder/set_reminder,reminder/set_alarm,False,0.9512,False,False,False,{'datetime': '7 октября'},{'datetime': '7 октября'}
test_160,Будет ли сегодня снег?,weather/find,weather/find,True,0.9368,False,False,False,"{'datetime': 'сегодня', 'weather/attribute': 'снег'}","{'condition_description': 'снег', 'location': 'сейчас', 'weather/attribute': 'снег'}"
test_161,отложи будильник на 15 минут,alarm/snooze_alarm,alarm/set_alarm,False,0.9393,False,True,False,{'datetime': '15 минут'},{'datetime': '15 минут'}
test_237,покажи все напоминания,reminder/show_reminders,reminder/show_reminders,True,0.8968,False,False,False,{'reference': 'все'},{'datetime': 'now'}
test_2,Нужен ли мне свитер?,weather/find,RateBook,False,0.9019,False,False,False,{'weather/attribute': 'свитер'},"{'object_name': 'свитер', 'object_type': 'свитер'}"
test_3,Добавь напоминание на сегодня на 4 часа дня,reminder/set_reminder,reminder/set_alarm,False,0.9171,False,False,False,{'datetime': 'сегодня на 4 часа дня'},"{'datetime': 'на сегодня', 'reference': '4 часа дня'}"
test_137,Отмени текущее напоминание,reminder/cancel_reminder,alarm/cancel_alarm,False,0.9205,False,False,False,{'reference': 'текущее'},{'reference': 'текущее напоминание'}
test_5,Напомни мне заправиться.,reminder/set_reminder,reminder/set_alarm,False,0.8618,False,False,False,{'reminder/todo': 'заправиться'},"{'datetime': 'напомни', 'reference': 'заправиться'}"
test_6,Нужен ли мне зонт в среду?,weather/find,weather/find,True,0.8911,False,False,False,"{'weather/attribute': 'зонт', 'datetime': 'среду'}","{'condition_description': 'нужен зонт', 'location': 'не указано', 'weather/attribute': 'погода'}"
test_7,отложи будильники на 5 минут,alarm/snooze_alarm,alarm/set_alarm,False,0.9422,False,True,False,{'datetime': '5 минут'},{'datetime': 'через 5 минут'}
test_8,поставь напоминание о дне рождения Макса,reminder/set_reminder,reminder/set_alarm,False,0.9038,False,False,False,{'reminder/todo': 'напоминание о дне рождения Макса'},"{'datetime': 'на день рождения Макса', 'reference': 'Макс'}"
test_237,покажи все напоминания,reminder/show_reminders,reminder/show_reminders,True,0.8968,False,False,False,{'reference': 'все'},{'datetime': 'now'}
test_10,Покажи все будильники.,alarm/show_alarms,none,False,0.8589,True,False,False,{'reference': 'все'},{}
test_144,Сегодня будет дождь?,weather/find,weather/find,True,0.9306,False,False,False,"{'datetime': 'Сегодня', 'weather/attribute': 'дождь'}","{'condition_description': 'дождь', 'location': 'сейчас', 'weather/attribute': 'дождь'}"
test_12,Поставь будильник на 8 утра,alarm/set_alarm,alarm/set_alarm,True,0.9457,False,False,False,{'datetime': '8 утра'},{'datetime': '8 утра'}
test_96,Какая сегодня температура?,weather/find,weather/find,True,0.9177,False,False,False,"{'datetime': 'сегодня', 'weather/attribute': 'температура'}","{'condition_description': 'температура', 'condition_temperature': 'не указано', 'datetime': 'сейчас', 'location': 'не указано', 'weather/attribute': 'температура'}"
test_216,Покажи текущее напоминание,reminder/show_reminders,reminder/show_reminders,True,0.9078,False,False,False,{'reference': 'текущее'},{'reference': 'текущее напоминание'}
test_245,покажи все будильники,alarm/show_alarms,alarm/show_alarms,True,0.8932,False,False,False,{'reference': 'все'},{'datetime': 'не указано'}
test_16,Напомни мне поговорить с Беном о Джорджии,reminder/set_reminder,reminder/set_alarm,False,0.8637,False,False,False,{'reminder/todo': 'поговорить с Беном о Джорджии'},"{'datetime': 'напомнить', 'reference': 'поговорить с Беном о Джорджии'}"
test_17,Поставь будильник на 5 утра,alarm/set_alarm,alarm/set_alarm,True,0.9488,False,False,False,{'datetime': '5 утра'},{'datetime': '5 утра'}
test_18,сегодня пасмурно,weather/find,weather/find,True,0.9694,False,False,False,"{'datetime': 'сегодня', 'weather/attribute': 'пасмурно'}","{'condition_description': 'сегодня пасмурно', 'condition_temperature': None, 'datetime': None, 'location': None, 'weather/attribute': None}"
test_19,Сколько дюймов дождя выпадет сегодня?,weather/find,weather/find,True,0.9666,False,False,False,"{'weather/attribute': 'дюймов дождя', 'datetime': 'сегодня'}","{'condition_description': 'дождь', 'condition_temperature': None, 'datetime': None, 'location': None, 'weather/attribute': None}"
test_20,Напомни мне позвонить сестре завтра,reminder/set_reminder,reminder/set_alarm,False,0.9349,False,False,False,"{'reminder/todo': 'позвонить сестре', 'datetime': 'завтра'}","{'datetime': 'завтра', 'reference': 'позвонить сестре'}"
test_21,выключи будильник,alarm/cancel_alarm,none,False,0.8744,True,False,False,{},{}
test_22,Будет ли жарко на этой неделе?,weather/find,weather/find,True,0.8958,False,False,False,"{'weather/attribute': 'жарко', 'datetime': 'этой неделе'}","{'condition_description': 'жарко', 'condition_temperature': 'не указано', 'datetime': 'на этой неделе', 'location': 'не указано', 'weather/attribute': 'жаркая'}"
test_23,Поставь будильник на 3 часа дня,alarm/set_alarm,alarm/set_alarm,True,0.9478,False,False,False,{'datetime': '3 часа дня'},{'datetime': '3 часа дня'}
test_61,сегодня будет снег,weather/find,weather/find,True,0.9732,False,False,False,"{'datetime': 'сегодня', 'weather/attribute': 'снег'}","{'condition_description': 'снег', 'condition_temperature': None, 'datetime': None, 'location': None, 'weather/attribute': None}"
test_118,удали все будильники,alarm/cancel_alarm,alarm/cancel_alarm,True,0.925,False,False,False,{'reference': 'все'},{}
test_26,Покажи мне все напоминания,reminder/show_reminders,reminder/show_reminders,True,0.8953,False,False,False,{'reference': 'все'},{'datetime': 'now'}
test_230,Сколько времени осталость до будильника.,alarm/time_left_on_alarm,alarm/show_alarms,False,0.9309,False,True,False,{},{'reference': 'будильник'}
test_183,Какие у меня напоминания?,reminder/show_reminders,reminder/show_reminders,True,0.9058,False,False,False,{'reference': 'меня'},{'reference': 'у меня'}
test_29,Поставь ежедневный будильник на 8 утра,alarm/set_alarm,alarm/set_alarm,True,0.9187,False,False,False,{'recurring_datetime': 'ежедневный | 8 утра'},"{'datetime': '8 утра', 'reference': None}"
test_30,можешь показать мне будильники?,alarm/show_alarms,alarm/show_alarms,True,0.888,False,False,False,{},{'datetime': 'now'}
test_31,В мире Диснея сегодня ожидаются бури?,weather/find,weather/find,True,0.92,False,False,False,"{'location': 'В мире Диснея', 'datetime': 'сегодня', 'weather/attribute': 'бури'}","{'condition_description': 'бури', 'location': 'мир Диснея', 'weather/attribute': 'бури'}"
test_61,сегодня будет снег,weather/find,weather/find,True,0.9732,False,False,False,"{'datetime': 'сегодня', 'weather/attribute': 'снег'}","{'condition_description': 'снег', 'condition_temperature': None, 'datetime': None, 'location': None, 'weather/attribute': None}"
test_245,покажи все будильники,alarm/show_alarms,alarm/show_alarms,True,0.8932,False,False,False,{'reference': 'все'},{'datetime': 'не указано'}
test_218,Сегодня холодно?,weather/find,weather/find,True,0.9645,False,False,False,"{'datetime': 'Сегодня', 'weather/attribute': 'холодно'}","{'condition_description': 'холодно', 'condition_temperature': None, 'datetime': None, 'location': None, 'weather/attribute': None}"
test_35,Пожалуйста отмени будильник на утро четверга.,alarm/cancel_alarm,alarm/cancel_alarm,True,0.9351,False,False,False,{'datetime': 'утро четверга'},{'reference': 'утро четверга'}
test_144,Сегодня будет дождь?,weather/find,weather/find,True,0.9306,False,False,False,"{'datetime': 'Сегодня', 'weather/attribute': 'дождь'}","{'condition_description': 'дождь', 'location': 'сейчас', 'weather/attribute': 'дождь'}"
test_37,в Канаде идет снег,weather/find,weather/find,True,0.9667,False,False,False,"{'location': 'Канаде', 'weather/attribute': 'снег'}","{'condition_description': 'снег', 'condition_temperature': None, 'datetime': None, 'location': 'Канада', 'weather/attribute': None}"
test_38,Какой максимум будет сегодня?,weather/find,SearchScreeningEvent,False,0.8438,False,False,False,"{'weather/attribute': 'максимум', 'datetime': 'сегодня'}","{'object_name': 'Максимум', 'object_type': 'температура'}"
test_39,"Выпадет ли сегодня вечером достаточно снега, чтобы сделать поездки опасными?",weather/find,weather/find,True,0.9262,False,False,False,"{'datetime': 'сегодня вечером', 'weather/attribute': 'снега'}","{'condition_description': 'опасные поездки', 'condition_temperature': None, 'datetime': None, 'location': None, 'weather/attribute': None}"
test_237,покажи все напоминания,reminder/show_reminders,reminder/show_reminders,True,0.8968,False,False,False,{'reference': 'все'},{'datetime': 'now'}
test_41,удали все напоминания,reminder/cancel_reminder,reminder/cancel_reminder,True,0.9385,False,False,False,{'reference': 'все'},{}
test_42,понадобится лм мне завтра куртка?,weather/find,AddToPlaylist,False,0.8919,False,False,False,"{'datetime': 'завтра', 'weather/attribute': 'куртка'}","{'artist': 'Лм', 'entity_name': 'куртка', 'music_item': 'нет', 'playlist': 'нет', 'reference': 'нет'}"
test_43,Сколько времени осталось до будильника,alarm/time_left_on_alarm,alarm/show_alarms,False,0.9398,False,True,False,{},{'reference': 'будильник'}
test_44,Останови будильник,alarm/snooze_alarm,alarm/set_alarm,False,0.8872,False,True,False,{},{'datetime': 'ничего'}
test_139,Покажи мне все будильники,alarm/show_alarms,alarm/show_alarms,True,0.8891,False,False,False,{'reference': 'все'},{'datetime': 'не указано'}
test_46,Какая погода в Йеллоустоуне?,weather/find,weather/find,True,0.9593,False,False,False,{'location': 'Йеллоустоуне'},"{'condition_description': 'не указано', 'condition_temperature': 'не указано', 'datetime': 'не указано', 'location': 'Йеллоустоун', 'weather/attribute': 'не указано'}"
test_202,Какая сегодня погода?,weather/find,weather/find,True,0.9638,False,False,False,{'datetime': 'сегодня'},"{'condition_description': 'не указано', 'condition_temperature': 'не указано', 'datetime': 'не указано', 'location': 'не указано', 'weather/attribute': 'не указано'}"
test_48,"Удали текущее напоминание о том, что завтра нужно забрать Патрика из школы.",reminder/cancel_reminder,reminder/cancel_reminder,True,0.9144,False,False,False,"{'reference': 'текущее', 'datetime': 'завтра', 'reminder/todo': 'забрать Патрика из школы'}",{'reference': 'завтра'}
test_49,"Напомни мне завта в это же время, записаться на прием к врачу",reminder/set_reminder,reminder/set_alarm,False,0.9436,False,False,False,"{'datetime': 'завтра в это же время', 'reminder/todo': 'записаться на прием к врачу'}","{'datetime': 'через 1 минуту и 8 секунд', 'reference': 'запись на прием к врачу'}"
test_50,Напомни мне отказаться от аренды,reminder/set_reminder,reminder/cancel_reminder,False,0.9105,False,False,False,{'reminder/todo': 'отказаться от аренды'},{'reference': 'отказаться от аренды'}
test_51,когда закончится дождь?,weather/find,weather/find,True,0.8951,False,False,False,{'weather/attribute': 'дождь'},"{'condition_description': 'дождь', 'location': 'не указано', 'datetime': 'не указано', 'weather/attribute': 'кончится'}"
test_179,отмени будильники,alarm/cancel_alarm,alarm/cancel_alarm,True,0.8967,False,False,False,{},{'reference': 'будильник'}
test_53,Напомни мне позвонить Стефани во вторник,reminder/set_reminder,reminder/set_alarm,False,0.9097,False,False,False,"{'reminder/todo': 'позвонить Стефани', 'datetime': 'вторник'}","{'datetime': 'вторник', 'reference': 'позвонить Стефани'}"
test_224,покажи все текущие будильники,alarm/show_alarms,alarm/show_alarms,True,0.9006,False,False,False,{'reference': 'все текущие'},{'datetime': 'текущие'}
test_232,Насколько жарко сегодня будет?,weather/find,weather/find,True,0.92,False,False,False,"{'weather/attribute': 'жарко', 'datetime': 'сегодня'}","{'condition_description': 'жаркая', 'condition_temperature': 'не указано', 'datetime': 'сейчас', 'location': 'не указано', 'weather/attribute': 'температура'}"
test_56,Установи будильник на 5 часов вечера сегодня,alarm/set_alarm,alarm/set_alarm,True,0.8923,False,False,False,{'datetime': '5 часов вечера сегодня'},"{'datetime': '5 часов вечера сегодня', 'reference': 'ничего'}"
test_57,напомни мне сходить к врачу 21 августа в 3 часа дня,reminder/set_reminder,reminder/set_alarm,False,0.9371,False,False,False,"{'reminder/todo': 'сходить к врачу', 'datetime': '21 августа в 3 часа дня'}","{'datetime': '21 августа в 3 часа дня', 'reference': 'сходить к врачу'}"
test_58,отмени текущее повторяющееся напоминание о приеме лекарств ежедневно в 7 утра,reminder/cancel_reminder,alarm/cancel_alarm,False,0.9077,False,False,False,"{'reminder/todo': 'приеме лекарств', 'recurring_datetime': 'ежедневно в 7 утра'}",{'reference': 'текущее повторяющееся напоминание'}
test_59,когда по прогнозу будет дождь,weather/find,weather/find,True,0.91,False,False,False,{'weather/attribute': 'дождь'},"{'condition_description': 'дождь', 'location': 'не указано', 'datetime': 'не указано'}"
test_60,На какое время установлен текущий будильник на завтрашнее утро?,alarm/show_alarms,alarm/show_alarms,True,0.9264,False,False,False,"{'reference': 'текущий', 'datetime': 'завтрашнее утро'}",{'reference': 'текущий будильник'}
test_61,сегодня будет снег,weather/find,weather/find,True,0.9732,False,False,False,"{'datetime': 'сегодня', 'weather/attribute': 'снег'}","{'condition_description': 'снег', 'condition_temperature': None, 'datetime': None, 'location': None, 'weather/attribute': None}"
test_129,Выключи текущий будильник.,alarm/cancel_alarm,alarm/cancel_alarm,True,0.9095,False,False,False,{'reference': 'текущий'},{'datetime': 'текущий'}
test_234,отмени все будильники,alarm/cancel_alarm,alarm/cancel_alarm,True,0.8542,False,False,False,{'reference': 'все'},{'reference': 'ничего'}
test_64,напомни мне купить продукты,reminder/set_reminder,AddToPlaylist,False,0.9439,False,False,False,{'reminder/todo': 'купить продукты'},"{'artist': 'не указано', 'entity_name': 'продукты', 'music_item': 'не указано', 'playlist': 'не указано', 'reference': 'не указано'}"
test_65,Мне нужен будильник на 9 утра для завтрака,alarm/set_alarm,alarm/set_alarm,True,0.9417,False,False,False,{'datetime': '9 утра'},"{'datetime': '9 утра', 'reference': 'завтрак'}"
test_66,установи напоминание о просмотре Колтс за час до начала игры,reminder/set_reminder,reminder/set_alarm,False,0.9205,False,False,False,"{'reminder/todo': 'просмотре Колтс', 'datetime': 'за час до начала игры'}","{'datetime': 'за час до начала игры', 'reference': 'Колтс'}"
test_234,отмени все будильники,alarm/cancel_alarm,alarm/cancel_alarm,True,0.8542,False,False,False,{'reference': 'все'},{'reference': 'ничего'}
test_68,Отмени текущее третье напоминание в этом списке,reminder/cancel_reminder,reminder/cancel_reminder,True,0.9202,False,False,False,{'reference': 'текущее третье'},{'reference': 'текущее третье напоминание'}
test_87,установи будильник на 6 утра,alarm/set_alarm,alarm/set_alarm,True,0.9207,False,False,False,{'datetime': '6 утра'},"{'datetime': '6 утра', 'reference': None}"
test_70,Сейчас сбрось этот будильник и установи на 2 часа дня,alarm/cancel_alarm,alarm/set_alarm,False,0.933,False,False,False,"{'datetime': 'Сейчас | 2 часа дня', 'reference': 'этот'}",{'datetime': '2 часа дня'}
test_71,Пойдет ли снег?,weather/find,weather/find,True,0.957,False,False,False,{'weather/attribute': 'снег'},"{'condition_description': 'пойдет снег', 'condition_temperature': None, 'datetime': None, 'location': None, 'weather/attribute': None}"
test_72,Напомни мне заплатить арендную плату.,reminder/set_reminder,reminder/set_alarm,False,0.8738,False,False,False,{'reminder/todo': 'заплатить арендную плату'},"{'datetime': 'напомнить', 'reference': 'аренда'}"
test_73,какой минимум на завтра,weather/find,SearchScreeningEvent,False,0.942,False,False,False,"{'weather/attribute': 'минимум', 'datetime': 'завтра'}","{'object_type': 'расписание', 'movie_name': None, 'location': None, 'object_location_type': None, 'datetime': None}"
test_74,cегодня будет солнечно?,weather/find,weather/find,True,0.9181,False,False,False,"{'datetime': 'сегодня', 'weather/attribute': 'солнечно'}","{'condition_description': 'солнечно', 'location': 'сейчас', 'datetime': 'сегодня'}"
test_84,Сколько у меня напоминаний на сегодня?,reminder/show_reminders,reminder/show_reminders,True,0.9204,False,False,False,{'datetime': 'сегодня'},{'reminder/todo': 'Сколько у меня напоминаний на сегодня?'}
test_76,Какие у меня напоминание на завтра?,reminder/show_reminders,reminder/show_reminders,True,0.9362,False,False,False,"{'reference': 'меня', 'datetime': 'завтра'}",{'reference': 'на завтра'}
test_77,Отмени все текущие напоминания.,reminder/cancel_reminder,reminder/cancel_reminder,True,0.8969,False,False,False,{'reference': 'все текущие'},{'reference': 'null'}
test_78,установи будильник на 6 утра на завтра,alarm/set_alarm,alarm/set_alarm,True,0.9342,False,False,False,{'datetime': '6 утра на завтра'},"{'datetime': '6 утра', 'reference': 'на завтра'}"
test_79,Установи будильник на 30 минут,alarm/set_alarm,alarm/set_alarm,True,0.949,False,False,False,{'datetime': '30 минут'},{'datetime': '30 минут'}
test_80,Установи будильник на час вперед,alarm/set_alarm,alarm/set_alarm,True,0.9303,False,False,False,{'datetime': 'час вперед'},{'datetime': 'час вперед'}
test_234,отмени все будильники,alarm/cancel_alarm,alarm/cancel_alarm,True,0.8542,False,False,False,{'reference': 'все'},{'reference': 'ничего'}
test_82,прогноз погоды в Лос Анджелесе,weather/find,weather/find,True,0.9372,False,False,False,{'location': 'Лос Анджелесе'},"{'condition_description': 'прогноз погоды', 'condition_temperature': 'не указано', 'datetime': 'не указано', 'location': 'Лос Анджелесе', 'weather/attribute': 'прогноз погоды'}"
test_234,отмени все будильники,alarm/cancel_alarm,alarm/cancel_alarm,True,0.8542,False,False,False,{'reference': 'все'},{'reference': 'ничего'}
test_84,Сколько у меня напоминаний на сегодня?,reminder/show_reminders,reminder/show_reminders,True,0.9204,False,False,False,{'datetime': 'сегодня'},{'reminder/todo': 'Сколько у меня напоминаний на сегодня?'}
test_85,Напомни мне купить бумажные полотенца в магазине завтра,reminder/set_reminder,AddToPlaylist,False,0.9404,False,False,False,"{'reminder/todo': 'купить бумажные полотенца в магазине', 'datetime': 'завтра'}","{'artist': 'не указано', 'entity_name': 'бумажные полотенца', 'music_item': 'не указано', 'playlist': 'не указано', 'reference': 'не указано'}"
test_225,Покажи мне все текущие напоминания,reminder/show_reminders,reminder/show_reminders,True,0.9136,False,False,False,{'reference': 'все текущие'},{'reference': 'текущие'}
test_87,поставь будильник на 6 утра,alarm/set_alarm,alarm/set_alarm,True,0.9487,False,False,False,{'datetime': '6 утра'},{'datetime': '6 утра'}
test_88,завтра будет снег,weather/find,weather/find,True,0.9704,False,False,False,"{'datetime': 'завтра', 'weather/attribute': 'снег'}","{'condition_description': 'снег', 'condition_temperature': None, 'datetime': None, 'location': None, 'weather/attribute': None}"
test_89,удали текущий будильник на завтрашнее утро,alarm/cancel_alarm,alarm/cancel_alarm,True,0.9319,False,False,False,"{'reference': 'текущий', 'datetime': 'завтрашнее утро'}",{'datetime': 'завтрашнее утро'}
test_90,Установи будильник на полдень только по пондельникам.,alarm/set_alarm,alarm/set_alarm,True,0.902,False,False,False,{'recurring_datetime': 'полдень только по понедельникам'},"{'datetime': 'полдень', 'reference': 'понедельник'}"
test_232,Насколько жарко будет сегодня?,weather/find,weather/find,True,0.9168,False,False,False,"{'weather/attribute': 'жарко', 'datetime': 'сегодня'}","{'condition_description': 'жаркая', 'condition_temperature': 'не указано', 'datetime': 'сейчас', 'location': 'не указано', 'weather/attribute': 'температура'}"
test_92,напомни мне установить будильники на утром,reminder/set_reminder,alarm/set_alarm,False,0.9054,False,False,False,"{'reminder/todo': 'установить будильники', 'datetime': 'утро'}","{'datetime': 'утро', 'reference': 'будильник'}"
test_118,удали все будильники,alarm/cancel_alarm,alarm/cancel_alarm,True,0.925,False,False,False,{'reference': 'все'},{}
test_245,покажи все будильники,alarm/show_alarms,alarm/show_alarms,True,0.8932,False,False,False,{'reference': 'все'},{'datetime': 'не указано'}
test_97,отключи будильник,alarm/cancel_alarm,none,False,0.878,True,False,False,{},{}
test_96,Какая температура сегодня?,weather/find,weather/find,True,0.9176,False,False,False,"{'weather/attribute': 'температура', 'datetime': 'сегодня'}",{'condition_temperature': 'не указано'}
test_245,покажи все будильники,alarm/show_alarms,alarm/show_alarms,True,0.8932,False,False,False,{'reference': 'все'},{'datetime': 'не указано'}
test_99,установи будильник на каждые 30 минут,alarm/set_alarm,alarm/set_alarm,True,0.9272,False,False,False,{'recurring_datetime': 'каждые 30 минут'},{'datetime': 'через 30 минут'}
test_164,Какая температура будет сегодня?,weather/find,weather/find,True,0.9187,False,False,False,"{'weather/attribute': 'температура', 'datetime': 'сегодня'}","{'condition_description': 'температура', 'condition_temperature': 'не указано', 'datetime': 'сейчас', 'location': 'не указано', 'weather/attribute': 'температура'}"
test_101,будет ли жарко сегодня?,weather/find,weather/find,True,0.9237,False,False,False,"{'weather/attribute': 'жарко', 'datetime': 'сегодня'}","{'condition_description': 'жарко', 'condition_temperature': 'не указано', 'datetime': 'сейчас', 'location': 'не указано', 'weather/attribute': 'температура'}"
test_214,завтра пойдет дождь?,weather/find,weather/find,True,0.9167,False,False,False,"{'datetime': 'завтра', 'weather/attribute': 'дождь'}","{'condition_description': 'дождь', 'location': 'не указано', 'weather/attribute': 'дождь'}"
