id,text,true_intent,pred_intent,intent_correct,confidence,weak_by_conf,weak_intent_real,weak_slot_real,true_slots,pred_slots
test_500,"забронируй вечеринку в их кампусе, в том же районе, что и чурраскария",BookRestaurant,BookRestaurant,True,0.8563,False,False,False,"{'location': 'их кампусе, | в том же районе,', 'restaurant_type': 'чурраскария'}","{'location': 'в том же районе, что и чурраскария', 'facility': 'вечеринка', 'restaurant_type': 'their campus', 'party_size_number': 'не указано'}"
test_499,Покажи мне фильмы в Харкинс Фитерс .,SearchScreeningEvent,SearchScreeningEvent,True,0.9063,False,False,False,"{'movie_type': 'фильмы', 'location': 'Харкинс Фитерс'}","{'location': 'Харкинс Фитерс', 'movie_name': 'ничего'}"
test_498,Забронируй столик на девять персон в лучшем пабе около Танжера через шесть месяцев,BookRestaurant,BookRestaurant,True,0.9203,False,False,False,"{'party_size_number': 'девять', 'sort': 'лучшем', 'restaurant_type': 'пабе', 'location': 'около | Танжера', 'datetime': 'через шесть месяцев'}","{'party_size_number': 'девять', 'sort': 'лучшего', 'restaurant_type': 'паб', 'location': 'около Танжера', 'datetime': 'шесть месяцев'}"
test_497,Найди ТВ сериал Парни из Джерси,SearchCreativeWork,SearchScreeningEvent,False,0.9293,False,False,False,"{'object_type': 'ТВ сериал', 'object_name': 'Парни из Джерси'}","{'object_name': 'ТВ сериал', 'object_type': 'сериал', 'movie_name': 'Парни из Джерси'}"
test_496,Добавь этот альбом к Old School Death Metal,AddToPlaylist,AddToPlaylist,True,0.8858,False,False,False,"{'music_item': 'альбом', 'playlist': 'Old School Death Metal'}","{'music_item': 'альбом', 'reference': 'Old School Death Metal', 'artist': 'неизвестный', 'playlist': 'Old School Death Metal'}"
test_495,"Забронируй номер в The Dome, в Эдинбурге, недалеко от Бруклона",BookRestaurant,BookRestaurant,True,0.8945,False,False,True,"{'restaurant_name': 'The Dome, в Эдинбурге', 'location': 'недалеко | Бруклона'}","{'location': 'The Dome, Эдинбург', 'facility': 'номер', 'restaurant_name': 'The Dome', 'sort': 'недалеко от Бруклона'}"
test_494,Забронируй популярный ресторан на 5 персон,BookRestaurant,BookRestaurant,True,0.9146,False,False,False,"{'sort': 'популярный', 'restaurant_type': 'ресторан', 'party_size_number': '5'}","{'party_size_number': '5', 'restaurant_name': 'популярный', 'sort': 'популярный'}"
test_493,филлис уорд и веронике нужен столик в ресторане через 152 дня,BookRestaurant,BookRestaurant,True,0.8562,False,False,True,"{'party_size_description': 'филлис уорд и веронике', 'restaurant_type': 'ресторане', 'datetime': 'через 152 дня'}","{'party_size_number': '152', 'sort': 'столик', 'restaurant_type': 'ресторан', 'cuisine': None, 'location': None, 'facility': None, 'datetime': '152 дней'}"
test_492,найди книгу The Girl Who Was Plugged In,SearchCreativeWork,SearchCreativeWork,True,0.9624,False,False,False,"{'object_type': 'книгу', 'object_name': 'The Girl Who Was Plugged In'}","{'object_name': 'The Girl Who Was Plugged In', 'object_type': 'книгу'}"
test_491,Найди мне ТВ шоу под названием Baby Blue,SearchCreativeWork,SearchScreeningEvent,False,0.9155,False,False,False,"{'object_type': 'ТВ шоу', 'object_name': 'Baby Blue'}","{'movie_name': 'Baby Blue', 'object_type': 'шоу'}"
test_490,поставь The Gift: Imagination and the Erotic Life of Property пять звезд,RateBook,RateBook,True,0.9436,False,False,False,"{'object_name': 'The Gift: Imagination and the Erotic Life of Property', 'rating_value': 'пять', 'rating_unit': 'звезд'}","{'object_name': 'The Gift: Imagination and the Erotic Life of Property', 'object_type': 'книга', 'best_rating': 'пять звезд'}"
test_489,Я хочу послушать их от артиста Murcof,PlayMusic,PlayMusic,True,0.9106,False,False,False,"{'music_item': 'их', 'artist': 'Murcof'}","{'album': 'Murcof', 'artist': 'Murcof'}"
test_488,"В travelling плейлист, пожалуйста, добавь эту песню Дэвида Гаана .",AddToPlaylist,AddToPlaylist,True,0.918,False,False,False,"{'playlist': 'travelling', 'music_item': 'песню', 'artist': 'Дэвида Гаана'}","{'music_item': 'песня', 'artist': 'Дэвид Гаан', 'playlist': 'travelling'}"
test_487,Можешь найти мне the National Anthem of the Ancient Britons ТВ шоу ?,SearchCreativeWork,SearchScreeningEvent,False,0.8953,False,False,False,"{'object_name': 'National Anthem of the Ancient Britons', 'object_type': 'ТВ шоу'}","{'object_name': 'the National Anthem of the Ancient Britons', 'object_type': 'шоу', 'location': 'ТВ'}"
test_486,Добавь песню в Indie Hipster,AddToPlaylist,PlayMusic,False,0.7426,False,False,False,"{'music_item': 'песню', 'playlist': 'Indie Hipster'}","{'music_item': 'песня', 'service': 'Indie Hipster'}"
test_485,добавь ирландию на детском евровидении 2015 в мой Jazzy Dinner плейлист,AddToPlaylist,AddToPlaylist,True,0.8929,False,False,False,"{'entity_name': 'ирландию на детском евровидении 2015', 'reference': 'мой', 'playlist': 'Jazzy Dinner'}","{'entity_name': 'ирландия', 'reference': 'Мой', 'playlist': 'Jazzy Dinner'}"
test_484,какой прогноз погоды здесь в связи с метелью на пять часов вечера,weather/find,weather/find,True,0.9313,False,False,True,"{'location': 'здесь', 'condition_description': 'метелью', 'datetime': 'пять часов вечера'}","{'condition_description': 'метель', 'datetime': '5 часов вечера'}"
test_483,"Пожалуйста, найди мне Monty Python Live в Голливуд-боул .",SearchCreativeWork,SearchScreeningEvent,False,0.9464,False,False,False,{'object_name': 'Monty Python Live в Голливуд - боул'},"{'movie_name': 'Monty Python Live', 'location': 'Голливуд-боул'}"
test_482,Показывают ли No Time to Be Young в AMC Theaters,SearchScreeningEvent,SearchScreeningEvent,True,0.9628,False,False,False,"{'movie_name': 'No Time to Be Young', 'location': 'AMC Theaters'}","{'movie_name': 'No Time to Be Young', 'location': 'AMC Theaters'}"
test_481,Сыграй любой блюз британский .,PlayMusic,PlayMusic,True,0.8642,False,False,True,{'genre': 'блюз британский'},"{'album': 'Блюз', 'service': 'any', 'artist': 'британский'}"
test_480,Покажи расписание фильмов в округе,SearchScreeningEvent,SearchScreeningEvent,True,0.9309,False,False,False,"{'object_type': 'расписание фильмов', 'location': 'в округе'}",{'location': 'округе'}
test_479,какой прогноз для Ваурики в Самоа,weather/find,weather/find,True,0.9204,False,False,False,{'location': 'Ваурики | Самоа'},"{'location': 'Ваурики', 'weather/attribute': 'прогноз', 'datetime': 'сейчас'}"
test_478,Найди расписание фильмов для Wanda Group .,SearchScreeningEvent,SearchScreeningEvent,True,0.9303,False,False,False,"{'object_type': 'расписание фильмов', 'location': 'Wanda Group'}","{'object_type': 'расписание', 'movie_name': 'Wanda Group', 'location': 'ближайшем', 'object_location_type': 'кинотеатре'}"
test_477,какая погода здесь на два утра,weather/find,weather/find,True,0.9132,False,False,False,"{'location': 'здесь', 'datetime': 'два утра'}",{'datetime': 'два утра'}
test_476,Я хочу забронировать Oregon Electric Station в North City .,BookRestaurant,BookRestaurant,True,0.9551,False,False,True,"{'restaurant_name': 'Oregon Electric Station', 'location': 'North City'}","{'restaurant_name': 'Oregon Electric Station', 'location': 'North City'}"
test_475,Какие фильмы показывают в округе,SearchScreeningEvent,SearchScreeningEvent,True,0.924,False,False,False,"{'movie_type': 'фильмы', 'location': 'в округе'}",{'location': 'округе'}
test_474,В какое время будет показ The Young Swordsman в моем кинотеатре ?,SearchScreeningEvent,SearchScreeningEvent,True,0.8985,False,False,True,"{'object_type': 'время', 'movie_name': 'The Young Swordsman', 'object_location_type': 'кинотеатре'}","{'movie_name': 'The Young Swordsman', 'location': 'моей', 'object_location_type': 'кинотеатре', 'datetime': 'показывать'}"
test_473,оцени текущий роман на ноль из 6,RateBook,RateBook,True,0.8873,False,False,False,"{'object_select': 'текущий', 'object_type': 'роман', 'rating_value': 'ноль', 'best_rating': '6'}","{'object_name': 'текущий роман', 'object_type': '6', 'rating_unit': 'из 6', 'rating_value': '0'}"
test_472,Добавь мартина барра в мой punk unplugged плейлист.,AddToPlaylist,AddToPlaylist,True,0.9234,False,False,False,"{'artist': 'мартина барра', 'reference': 'мой', 'playlist': 'punk unplugged'}","{'music_item': 'исполнитель', 'artist': 'Мартин Барра', 'reference': 'мой', 'playlist': 'punk unplugged'}"
test_471,Оцени The 8-Week Cholesterol Cure на три из 6 .,RateBook,RateBook,True,0.9395,False,False,False,"{'object_name': 'The 8-Week Cholesterol Cure', 'rating_value': 'три', 'best_rating': '6'}","{'object_name': 'The 8-Week Cholesterol Cure', 'object_part_of_series_type': None, 'object_select': None, 'rating_unit': 'из 6', 'rating_value': '3'}"
test_470,Показывают ли Редкие птицы в ближайшем кинотеатре в обед .,SearchScreeningEvent,SearchScreeningEvent,True,0.9628,False,False,True,"{'movie_name': 'Редкие птицы', 'location': 'ближайшем', 'object_location_type': 'кинотеатре', 'datetime': 'обед'}","{'movie_name': 'Редкие птицы', 'location': 'ближайшем', 'object_location_type': 'кинотеатре', 'datetime': 'обед'}"
test_469,оцени этот альбом на 5 баллов,RateBook,RateBook,True,0.907,False,False,False,"{'object_select': 'этот', 'object_type': 'альбом', 'rating_value': '5'}","{'object_name': 'альбом', 'object_type': 'книга', 'rating_value': '5', 'rating_unit': 'балла'}"
test_468,Найди мне роман с названием To Lose My Life …,SearchCreativeWork,SearchCreativeWork,True,0.94,False,False,False,"{'object_type': 'роман', 'object_name': 'To Lose My Life'}","{'object_name': 'To Lose My Life …', 'object_type': 'книгу'}"
test_467,добавь Highway Patrolman в мой плейлист this is al green,AddToPlaylist,AddToPlaylist,True,0.9486,False,False,False,"{'entity_name': 'Highway Patrolman', 'reference': 'мой', 'playlist': 'this is al green'}","{'music_item': 'Highway Patrolman', 'artist': 'this is al green', 'reference': 'мой', 'playlist': 'this is al green'}"
test_466,Добавь artist от mike в Sexy as Folk плейлист.,AddToPlaylist,AddToPlaylist,True,0.9212,False,False,False,"{'music_item': 'artist', 'artist': 'mike', 'playlist': 'Sexy as Folk'}","{'artist': 'mike', 'reference': 'Sexy as Folk', 'playlist': 'плейлист'}"
test_465,Я хочу анимационные фильмы в MJR Theatres,SearchScreeningEvent,SearchScreeningEvent,True,0.9495,False,False,False,"{'movie_type': 'анимационные фильмы', 'location': 'MJR Theatres'}","{'object_type': 'анимационные фильмы', 'location': 'MJR Theatres'}"
test_464,Дай две звезды из 6 для 36 Children,RateBook,RateBook,True,0.8804,False,False,False,"{'rating_value': 'две', 'rating_unit': 'звезды', 'best_rating': '6', 'object_name': '36 Children'}","{'object_name': '36 Children', 'object_type': 'книга', 'best_rating': '2', 'rating_unit': 'звезд'}"
test_463,Можешь найти мне трейлер Синей весны ?,SearchCreativeWork,SearchScreeningEvent,False,0.9202,False,False,False,"{'object_type': 'трейлер', 'object_name': 'Синей весны'}","{'movie_name': 'Синяя весна', 'object_type': 'трейлер'}"
test_462,Включи что-нибудь из 90s Pop Rock Essentials,PlayMusic,PlayMusic,True,0.9451,False,False,False,{'playlist': '90s Pop Rock Essentials'},{'album': '90s Pop Rock Essentials'}
test_461,добавь этот трек в мой Hands Up плейлист,AddToPlaylist,AddToPlaylist,True,0.9404,False,False,False,"{'music_item': 'трек', 'reference': 'мой', 'playlist': 'Hands Up'}","{'music_item': 'трек', 'playlist': 'Hands Up'}"
test_460,Забронируй место для 9,BookRestaurant,BookRestaurant,True,0.9449,False,False,False,{'party_size_number': '9'},{'party_size_number': '9'}
test_459,Будет ли Без свидетелей показываться двадцать два часа спустя,SearchScreeningEvent,SearchScreeningEvent,True,0.9336,False,False,False,"{'movie_name': 'Без свидетелей', 'datetime': 'двадцать два часа спустя'}","{'movie_name': 'Без свидетелей', 'datetime': 'двадцать два часа спустя'}"
test_458,Я хочу забронировать стейк-хаус на хребте Вими .,BookRestaurant,BookRestaurant,True,0.9186,False,False,False,"{'restaurant_type': 'стейк-хаус', 'location': 'хребте Вими'}","{'restaurant_name': 'стейк-хаус', 'location': 'хребте Вими'}"
test_457,Добавь песню boy george в Emo Forever плейлист.,AddToPlaylist,AddToPlaylist,True,0.9323,False,False,False,"{'music_item': 'песню', 'artist': 'boy george', 'playlist': 'Emo Forever'}","{'music_item': 'песня', 'artist': 'boy george', 'reference': 'Emo Forever', 'playlist': '30 Before 20 Masterworks by Teenagers'}"
test_456,Я хочу поесть в Ramona,BookRestaurant,BookRestaurant,True,0.9102,False,False,False,{'location': 'Ramona'},"{'restaurant_name': 'Ramona', 'cuisine': None, 'facility': None, 'location': None, 'party_size_description': None, 'party_size_number': None, 'sort': None}"
test_455,"Пожалуйста, найди Three Essays on the Theory of Sexuality шоу .",SearchCreativeWork,SearchCreativeWork,True,0.9666,False,False,False,"{'object_name': 'Three Essays on the Theory of Sexuality', 'object_type': 'шоу'}","{'object_name': 'Three Essays on the Theory of Sexuality', 'object_type': 'шоу'}"
test_454,Будет ли дождь в Тенино ?,weather/find,weather/find,True,0.9046,False,False,True,"{'condition_description': 'дождь', 'location': 'Тенино'}","{'condition_description': 'дождь', 'location': 'Тенино', 'datetime': 'на сегодня'}"
test_453,Я хочу забронировать bougatsa restaurant в следующем году около Penn на троих персон.,BookRestaurant,BookRestaurant,True,0.8847,False,False,True,"{'cuisine': 'bougatsa', 'restaurant_type': 'restaurant', 'datetime': 'следующем году', 'location': 'около | Penn', 'party_size_number': 'троих'}","{'party_size_number': 'троих', 'restaurant_name': 'bougatsa restaurant', 'location': 'Penn', 'datetime': 'в следующем году', 'sort': 'около'}"
test_452,сыграй что-то семидесятое от Филиппа Киркорова,PlayMusic,PlayMusic,True,0.9461,False,False,False,"{'datetime': 'семидесятое', 'artist': 'Филиппа Киркорова'}","{'album': 'семидесятое', 'artist': 'Филипп Киркоров'}"
test_451,"Можешь найти книгу Париж, когда там жара ?",SearchCreativeWork,SearchCreativeWork,True,0.8875,False,False,False,"{'object_type': 'книгу', 'object_name': 'Париж, когда там жара'}","{'object_name': 'книгу', 'object_type': 'книгу', 'location': 'Париж', 'object_location_type': 'книгу', 'datetime': 'когда там жара'}"
test_450,Оцени текущий роман на 3 звезды,RateBook,RateBook,True,0.9034,False,False,False,"{'object_select': 'текущий', 'object_type': 'роман', 'rating_value': '3', 'rating_unit': 'звезды'}","{'object_name': 'текущий роман', 'object_type': 'роман', 'rating_value': '3', 'rating_unit': 'звезд'}"
test_449,Включи Пола Маккартни,PlayMusic,PlayMusic,True,0.9406,False,False,False,{'artist': 'Пола Маккартни'},{'album': 'Пола Маккартни'}
test_448,я хочу увидеть Я мечтаю о Джинни в кинотеатре,SearchScreeningEvent,SearchScreeningEvent,True,0.9485,False,False,True,"{'movie_name': 'Я мечтаю о Джинни', 'object_location_type': 'кинотеатре'}","{'movie_name': 'Я мечтаю о Джинни', 'location': 'кинотеатр'}"
test_447,"Пожалуйста, найди мне работу Serious Awesomeness !.",SearchCreativeWork,SearchCreativeWork,True,0.9166,False,False,False,{'object_name': 'Serious Awesomeness'},"{'object_name': 'работа', 'object_type': 'Serious Awesomeness !'}"
test_446,Включи Trance Life в Zvooq .,PlayMusic,PlayMusic,True,0.9679,False,False,False,"{'playlist': 'Trance Life', 'service': 'Zvooq'}","{'album': 'Trance Life', 'service': 'Zvooq', 'artist': 'Trance Life'}"
test_445,"Пожалуйста, найди мне Compulsive Disclosure песню .",SearchCreativeWork,SearchCreativeWork,True,0.965,False,False,False,"{'object_name': 'Compulsive Disclosure', 'object_type': 'песню'}","{'object_name': 'Compulsive Disclosure', 'object_type': 'песня'}"
test_444,Найди ТВ шоу Meet the Prince,SearchCreativeWork,SearchScreeningEvent,False,0.8937,False,False,False,"{'object_type': 'ТВ шоу', 'object_name': 'Meet the Prince'}","{'movie_name': 'Meet the Prince', 'object_location_type': 'телевизионное шоу'}"
test_443,Мне нужен список Speakeasy Theaters с показом фильмов,SearchScreeningEvent,SearchScreeningEvent,True,0.866,False,False,False,"{'location': 'Speakeasy Theaters', 'object_type': 'фильмов'}","{'object_type': 'кинотеатры', 'object_name': 'Speakeasy Theaters', 'location': 'показать фильмов'}"
test_442,Какая погода будет в Вирджинии на День святого Патрика ?,weather/find,weather/find,True,0.9588,False,False,False,"{'location': 'Вирджинии', 'datetime': 'День святого Патрика'}","{'location': 'Вирджиния', 'datetime': 'День святого Патрика'}"
test_441,Мне нужен столик на 4 в Saint Helena в Settha Palace Hotel,BookRestaurant,BookRestaurant,True,0.9436,False,False,True,"{'party_size_number': '4', 'location': 'Saint Helena', 'restaurant_name': 'Settha Palace Hotel'}","{'party_size_number': '4', 'restaurant_name': 'Saint Helena', 'location': 'Settha Palace Hotel'}"
test_440,дай текущей летописи пять из 6 очков,RateBook,RateBook,True,0.8827,False,False,True,"{'object_select': 'текущей', 'object_part_of_series_type': 'летописи', 'rating_value': 'пять', 'best_rating': '6', 'rating_unit': 'очков'}","{'object_name': 'текущей летописи', 'object_part_of_series_type': 'нет', 'object_select': '5 из 6', 'rating_unit': 'очков'}"
test_439,Найди анимационные фильмы рядом,SearchScreeningEvent,SearchScreeningEvent,True,0.9164,False,False,False,"{'movie_type': 'анимационные фильмы', 'location': 'рядом'}","{'object_type': 'анимационные фильмы', 'location': 'районы'}"
test_438,Давай послушаем что-то от Andrew Hewitt .,PlayMusic,PlayMusic,True,0.9373,False,False,False,{'artist': 'Andrew Hewitt'},{'artist': 'Andrew Hewitt'}
test_437,оцени текущее эссе на ноль из 6 звезд,RateBook,none,False,0.8417,False,False,False,"{'object_select': 'текущее', 'object_type': 'эссе', 'rating_value': 'ноль', 'best_rating': '6', 'rating_unit': 'звезд'}",{}
test_436,Добавь песню в this is racionais mc's,AddToPlaylist,PlayMusic,False,0.9235,False,False,False,"{'music_item': 'песню', 'playlist': ""this is racionais mc's""}","{'album': ""this is racionais mc's"", 'music_item': 'песня'}"
test_435,Показывают ли Babar: King of the Elephants,SearchScreeningEvent,SearchScreeningEvent,True,0.9471,False,False,False,{'movie_name': 'Babar: King of the Elephants'},{'movie_name': 'Babar: King of the Elephants'}
test_434,Я хочу столик в James D. Conrey House в Urbank California,BookRestaurant,BookRestaurant,True,0.9364,False,False,True,"{'restaurant_name': 'James D. Conrey House', 'location': 'Urbank | California'}","{'location': 'Urbank California', 'restaurant_name': 'James D. Conrey House', 'facility': 'столик'}"
test_433,Оцени текущую серию на 4 очка,RateBook,RateBook,True,0.8999,False,False,True,"{'object_select': 'текущую', 'object_part_of_series_type': 'серию', 'rating_value': '4', 'rating_unit': 'очка'}","{'object_name': 'текущая серия', 'object_type': 'сериал', 'rating_value': '4', 'rating_unit': 'очка'}"
test_432,Дай ноль звезд этому учебнику,RateBook,RateBook,True,0.9038,False,False,False,"{'rating_value': 'ноль', 'rating_unit': 'звезд', 'object_select': 'этому', 'object_type': 'учебнику'}","{'object_name': 'учебник', 'object_type': 'книга', 'rating_value': '0', 'rating_unit': 'звезд'}"
test_431,Дай The Crystal Snare 5 звезд,RateBook,RateBook,True,0.9286,False,False,False,"{'object_name': 'The Crystal Snare', 'rating_value': '5', 'rating_unit': 'звезд'}","{'object_name': 'The Crystal Snare', 'object_type': 'книга', 'best_rating': '5', 'rating_unit': 'звезд'}"
test_430,Включи Subconscious Lobotomy от Дженнифер Полл .,PlayMusic,PlayMusic,True,0.9683,False,False,True,"{'album': 'Subconscious Lobotomy', 'artist': 'Дженнифер Полл'}","{'album': 'Subconscious Lobotomy', 'artist': 'Дженнифер Полл'}"
test_103,Отмени следующий будильник,alarm/cancel_alarm,alarm/cancel_alarm,True,0.9456,False,False,False,{'reference': 'следующий'},{'reference': 'следующий'}
test_104,Напомни мне сходить в продуктовый магазин сегодня,reminder/set_reminder,reminder/set_reminder,True,0.9177,False,False,False,"{'reminder/todo': 'сходить в продуктовый магазин', 'datetime': 'сегодня'}","{'reminder/todo': 'сходить в продуктовый магазин', 'datetime': 'текущий день'}"
test_105,отмени мои напоминания на следующую неделю,reminder/cancel_reminder,reminder/cancel_reminder,True,0.9659,False,False,False,"{'reference': 'мои', 'datetime': 'следующую неделю'}",{'recurring_datetime': 'на следующую неделю'}
test_106,напомни мне отвести собаку к грумеру во вторник в 3 часа,reminder/set_reminder,reminder/set_reminder,True,0.9383,False,False,False,"{'reminder/todo': 'отвести собаку к грумеру', 'datetime': 'вторник в 3 часа'}","{'reference': 'отвести', 'recurring_datetime': 'вторник', 'datetime': '3 часа', 'reminder/todo': 'собаку к грумеру'}"
test_107,Напомни мне забрать цветы для Джен на нашу годовщину на 28-е.,reminder/set_reminder,reminder/set_reminder,True,0.9315,False,False,False,"{'reminder/todo': 'забрать цветы для Джен на нашу годовщину', 'datetime': '28-е'}","{'reference': 'Джен', 'reminder/todo': 'забрать цветы', 'datetime': 'на годовщину', 'recurring_datetime': '28-е'}"
test_109,Напомни мне записаться к доктору завтра.,reminder/set_reminder,reminder/set_reminder,True,0.9202,False,False,False,"{'reminder/todo': 'записаться к доктору', 'datetime': 'завтра'}","{'reference': 'записаться', 'recurring_datetime': 'завтра', 'reminder/todo': 'записаться к доктору'}"
test_111,Нужно ли взять дождевик?,weather/find,weather/find,True,0.8832,False,False,False,{'weather/attribute': 'дождевик'},"{'condition_description': 'дождь', 'location': 'не указано'}"
test_150,Покажи все мои напоминания,reminder/show_reminders,reminder/show_reminders,True,0.9527,False,False,False,{'reference': 'все мои'},{}
test_247,Установи будильник на 5 вечера сегодня,alarm/set_alarm,alarm/set_alarm,True,0.9074,False,False,False,{'datetime': '5 вечера сегодня'},"{'reference': 'текущий', 'recurring_datetime': '5 вечера', 'datetime': 'текущий'}"
test_248,установи будильник на 7 завтра,alarm/set_alarm,alarm/set_alarm,True,0.9193,False,False,False,{'datetime': '7 завтра'},"{'reference': 'текущий', 'recurring_datetime': '7 завтра', 'datetime': '7 утра'}"
test_253,"Пожалуйста, найди мне видеоигру под названием 20 Hours in America .",SearchCreativeWork,SearchCreativeWork,True,0.9626,False,False,False,"{'object_type': 'видеоигру', 'object_name': '20 Hours in America'}","{'object_name': 'видеоигра', 'object_type': '20 Hours in America'}"
test_257,Включи новую музыку на Last Fm от Eddie Vinson .,PlayMusic,PlayMusic,True,0.9379,False,False,False,"{'sort': 'новую', 'music_item': 'музыку', 'service': 'Last Fm', 'artist': 'Eddie Vinson'}","{'album': 'Eddie Vinson', 'service': 'Last Fm'}"
test_258,Проверь прогноз погоды в Небраске .,weather/find,weather/find,True,0.9514,False,False,False,{'location': 'Небраске'},{'location': 'Небраске'}
test_259,Есть ли гроза сейчас в ЮК ?,weather/find,weather/find,True,0.961,False,False,True,"{'condition_description': 'гроза', 'datetime': 'сейчас', 'location': 'ЮК'}","{'condition_description': 'гроза', 'location': 'ЮК'}"
test_264,Я хочу забронировать сунданский гастропаб где-то в Техасе на 3 персоны на 5/20/2025 .,BookRestaurant,BookRestaurant,True,0.9178,False,False,True,"{'cuisine': 'сунданский', 'restaurant_type': 'гастропаб', 'location': 'где-то | Техасе', 'party_size_number': '3', 'datetime': '5/20/2025'}","{'party_size_number': '3', 'restaurant_name': 'сунданский гастропаб', 'location': 'Техасе', 'datetime': '5/20/2025', 'facility': 'забронировать'}"
test_269,Я хочу забронировать еврейский ресторан в Гамбии .,BookRestaurant,BookRestaurant,True,0.8826,False,False,True,"{'cuisine': 'еврейский', 'restaurant_type': 'ресторан', 'location': 'Гамбии'}","{'cuisine': 'еврейский', 'location': 'Гамбия', 'restaurant_name': 'ресторан', 'facility': 'забронировать'}"
test_273,"Погода в Уолден, Россия на 12/26/2018",weather/find,weather/find,True,0.966,False,False,False,"{'location': 'Уолден, | Россия', 'datetime': '12/26/2018'}","{'location': 'Уолден, Россия', 'datetime': '12/26/2018'}"
test_274,Я хочу забронировать ресторан для моего тестя и себя в Банкере через год .,BookRestaurant,BookRestaurant,True,0.8781,False,False,True,"{'restaurant_type': 'ресторан', 'party_size_description': 'моего тестя и себя', 'location': 'Банкере', 'datetime': 'через год'}","{'party_size_number': '2', 'restaurant_name': 'Банкере', 'datetime': 'год', 'facility': 'забронировать', 'sort': 'забронировать'}"
test_285,"Пожалуйста, забронируй мне столик в бистро, где подают lorna doone .",BookRestaurant,BookRestaurant,True,0.8355,False,False,True,"{'restaurant_type': 'бистро,', 'served_dish': 'lorna doone'}","{'cuisine': 'lorna doone', 'sort': 'бистро', 'location': 'непосредственно', 'restaurant_type': 'бистро'}"
test_286,Оцени The Mystery of the Tolling Bell серию 4 звездами .,RateBook,RateBook,True,0.9218,False,False,True,"{'object_name': 'The Mystery of the Tolling Bell', 'object_part_of_series_type': 'серию', 'rating_value': '4', 'rating_unit': 'звездами'}","{'object_name': 'The Mystery of the Tolling Bell', 'object_type': 'сериал', 'best_rating': '4', 'rating_unit': 'звезд'}"
test_288,Проверь расписание для Snowbound в ближайшем кинотеатре .,SearchScreeningEvent,SearchScreeningEvent,True,0.9247,False,False,True,"{'movie_name': 'Snowbound', 'location': 'ближайшем', 'object_location_type': 'кинотеатре'}","{'movie_name': 'Snowbound', 'location': 'ближайшем', 'object_location_type': 'кинотеатре', 'datetime': 'на ближайшем'}"
test_291,Будет I Think I Do показываться в 7 вечера ?,SearchScreeningEvent,SearchScreeningEvent,True,0.9134,False,False,False,"{'movie_name': 'I Think I Do', 'datetime': '7 вечера'}","{'movie_name': 'I Think I Do', 'location': '7 вечера'}"
test_295,"Какой прогноз погоды для государственного парка Боте-Напа-Вэлли рядом на февраль, 20 ?",weather/find,weather/find,True,0.9352,False,False,False,"{'location': 'государственного парка Боте-Напа-Вэлли | рядом', 'datetime': 'февраль, 20'}","{'location': 'государственный парк Боте-Напа-Вэлли', 'datetime': 'февраль', 'weather/attribute': 'прогноз погоды', 'weather/temperatureUnit': 'градусах Цельсия'}"
test_299,Оцени Soul Music на 0 .,RateBook,RateBook,True,0.8658,False,False,False,"{'object_name': 'Soul Music', 'rating_value': '0'}","{'object_name': 'Soul Music', 'object_type': 'книга', 'best_rating': '0', 'rating_unit': 'неизвестно'}"
test_301,Включи All Things Must Pass .,PlayMusic,PlayMusic,True,0.8773,False,False,True,{'track': 'All Things Must Pass'},"{'album': 'All Things Must Pass', 'artist': 'George Harrison', 'service': 'не указано'}"
test_304,Включи музыку на Netflix .,PlayMusic,PlayMusic,True,0.8833,False,False,False,{'service': 'Netflix'},{'album': 'Netflix'}
test_305,Я хочу увидеть Shattered Image .,SearchScreeningEvent,SearchCreativeWork,False,0.9169,False,False,False,{'movie_name': 'Shattered Image'},"{'object_name': 'Shattered Image', 'object_type': 'видео'}"
test_310,какой прогноз для жаркой погоды в государственном парке Саутфорд-Фоллс,weather/find,weather/find,True,0.915,False,False,True,"{'condition_temperature': 'жаркой', 'location': 'государственном парке Саутфорд-Фоллс'}","{'location': 'Государственный парк Саутфорд-Фоллс', 'condition_description': 'жаркая погода', 'weather/attribute': 'жаркая'}"
test_311,"Пожалуйста, забронируй мне столик в пиццерии с парковкой в Гане .",BookRestaurant,BookRestaurant,True,0.9393,False,False,True,"{'restaurant_type': 'пиццерии', 'facility': 'парковкой', 'location': 'Гане'}","{'location': 'Гане', 'restaurant_type': 'пиццерия', 'facility': 'парковка'}"
test_312,Я хочу услышать семидесятые саундтреки .,PlayMusic,PlayMusic,True,0.9356,False,False,False,"{'datetime': 'семидесятые', 'music_item': 'саундтреки'}",{'album': 'семидесятые саундтреки'}
test_313,Погода через два часа в Узбекистане,weather/find,weather/find,True,0.9627,False,False,False,"{'datetime': 'через два часа', 'location': 'Узбекистане'}","{'location': 'Узбекистан', 'datetime': 'через 2 часа'}"
test_314,"Пожалуйста, найди мне Journal of the British Astronomical Association фильм .",SearchCreativeWork,SearchScreeningEvent,False,0.8773,False,False,False,"{'object_name': 'Journal of the British Astronomical Association', 'object_type': 'фильм'}","{'object_type': 'фильм', 'movie_name': 'Journal of the British Astronomical Association', 'location': 'не указано'}"
test_315,"Забронируй столик на 8 человек в Уордвилле, Канзас",BookRestaurant,BookRestaurant,True,0.9312,False,False,False,"{'party_size_number': '8', 'location': 'Уордвилле | Канзасе'}","{'party_size_number': '8', 'restaurant_name': 'Уордвилле', 'location': 'Канзас', 'facility': 'столик'}"
test_316,Какой будет погода далеко отсюда ?,weather/find,weather/find,True,0.911,False,False,False,{'location': 'далеко | отсюда'},"{'location': 'далеко отсюда', 'condition_description': 'погода'}"
test_321,Какой будет погода в ноябре в Брукниле ?,weather/find,weather/find,True,0.9319,False,False,False,"{'datetime': 'ноябре', 'location': 'Бруклине'}","{'location': 'Брукниле', 'datetime': 'ноябрь', 'weather/attribute': 'погода'}"
test_325,какие фильмы в Star Theatres .,SearchScreeningEvent,SearchScreeningEvent,True,0.92,False,False,False,"{'movie_type': 'фильмы', 'location': 'Star Theatres'}",{'location': 'Star Theatres'}
test_330,Дай одну звезду текущей книге,RateBook,RateBook,True,0.8764,False,False,False,"{'rating_value': 'одну', 'object_select': 'текущей', 'object_type': 'книге'}","{'object_name': 'книга', 'object_type': 'книга', 'rating_value': '1', 'rating_unit': 'звезда'}"
test_345,"Пожалуйста, найди мне ТВ сериал , Now We Are Married .",SearchCreativeWork,SearchCreativeWork,True,0.9306,False,False,False,"{'object_type': 'ТВ сериал', 'object_name': 'Now We Are Married'}","{'object_name': 'Now We Are Married', 'object_type': 'ТВ'}"
test_356,Я хочу увидеть The Portrait of a Lady в ближайшем кинотеатре .,SearchScreeningEvent,SearchScreeningEvent,True,0.9382,False,False,True,"{'movie_name': 'The Portrait of a Lady', 'location': 'ближайшем', 'object_location_type': 'кинотеатре'}","{'object_type': 'фильм', 'movie_name': 'The Portrait of a Lady', 'location': 'ближайшем', 'object_location_type': 'кинотеатре', 'movie_type': 'фильм'}"
test_357,"Пожалуйста, найди мне Phineas Redux .",SearchCreativeWork,SearchCreativeWork,True,0.9069,False,False,False,{'object_name': 'Phineas Redux'},"{'object_name': 'Phineas Redux', 'object_type': 'музыкальный альбом'}"
test_360,Какой будет погода в Памятнике Лихуле в декабре 5-го ?,weather/find,weather/find,True,0.9343,False,False,False,"{'location': 'Памятнике Лихуле', 'datetime': 'декабре 5-го'}","{'location': 'Памятник Лихуле', 'datetime': 'декабрь', 'weather/attribute': 'погода'}"
test_363,"Какая погода в Тионеке , Нью-Джерси",weather/find,weather/find,True,0.9244,False,False,False,{'location': 'Тионеке | Нью-Джерси'},"{'location': 'Тионеке, Нью-Джерси', 'condition_description': 'погода'}"
test_365,забронируй место для моих племянниц и меня в чайном доме,BookRestaurant,BookRestaurant,True,0.8694,False,False,True,"{'party_size_description': 'моих племянниц и меня', 'restaurant_type': 'чайном доме'}","{'party_size_number': '2', 'facility': 'чайный дом', 'restaurant_name': 'не указано', 'sort': 'не указано', 'cuisine': 'не указано', 'location': 'не указано'}"
test_366,Будет ли жарко в Нидерландах в феврале 16-го ?,weather/find,weather/find,True,0.939,False,False,True,"{'condition_temperature': 'жарко', 'location': 'Нидерландах', 'datetime': 'феврале 16-го'}","{'location': 'Нидерланды', 'datetime': 'февраль 16-го', 'weather/attribute': 'жарко'}"
test_367,Я хочу добавить jordan rudess в Divertido para niños плейлист.,AddToPlaylist,AddToPlaylist,True,0.9215,False,False,False,"{'artist': 'jordan rudess', 'playlist': 'Divertido para niños'}","{'artist': 'jordan rudess', 'reference': 'Divertido para niños', 'music_item': 'playlist'}"
test_369,Забронируй мне столик в лучшем бистро,BookRestaurant,BookRestaurant,True,0.8616,False,False,False,"{'sort': 'лучшем', 'restaurant_type': 'бистро'}","{'sort': 'лучшее', 'restaurant_type': 'бистро', 'location': 'не указано'}"
test_372,Какой будет погода в Огайо ?,weather/find,weather/find,True,0.9482,False,False,False,{'location': 'Огайо'},"{'location': 'Огайо', 'weather/attribute': 'погода'}"
test_374,Забронируй столик для моих малышей и меня,BookRestaurant,BookRestaurant,True,0.8848,False,False,True,{'party_size_description': 'моих малышей и меня'},"{'party_size_number': '3', 'party_size_description': 'малышей и меня', 'restaurant_type': 'не указано', 'cuisine': 'не указано', 'location': 'не указано', 'sort': 'не указано'}"
test_392,Я хочу забронировать массаж в спа .,BookRestaurant,BookRestaurant,True,0.9219,False,False,True,"{'restaurant_type': 'массаж', 'facility': 'спа'}","{'facility': 'спа', 'sort': 'массаж'}"
test_417,"Пожалуйста, найди телевизионное шоу , Episodi di The Blacklist .",SearchCreativeWork,SearchScreeningEvent,False,0.9262,False,False,False,"{'object_type': 'телевизионное шоу', 'object_name': 'Episodi di The Blacklist'}","{'object_name': 'Episodi di The Blacklist', 'object_type': 'телевизионное шоу'}"
test_418,"какой прогноз для холодной погоды, начиная с Дня закона здесь",weather/find,weather/find,True,0.88,False,False,True,"{'condition_temperature': 'холодной', 'datetime': 'Дня закона', 'location': 'здесь'}","{'condition_description': 'холодная погода', 'location': 'Дня закона', 'datetime': 'начинается с Дня закона'}"
test_419,Я хочу забронировать ресторан на десять человек.,BookRestaurant,BookRestaurant,True,0.9034,False,False,False,"{'restaurant_type': 'ресторан', 'party_size_number': 'десять'}","{'party_size_number': '10', 'restaurant_type': 'ресторан'}"
test_420,Включи что-то от Duke Ellington из семидесятых,PlayMusic,PlayMusic,True,0.8476,False,False,False,"{'artist': 'Duke Ellington', 'datetime': 'семидесятых'}","{'album': 'Duke Ellington', 'service': 'не указано', 'genre': 'jazz', 'artist': 'Duke Ellington', 'datetime': 'семидесятые'}"
test_421,Оцени Cotton Comes to Harlem на 2,RateBook,RateBook,True,0.9427,False,False,False,"{'object_name': 'Cotton Comes to Harlem', 'rating_value': '2'}","{'object_name': 'Cotton Comes to Harlem', 'object_type': 'книга', 'best_rating': '2'}"
test_422,Добавь песню в мой плейлист madden nfl 16,AddToPlaylist,AddToPlaylist,True,0.9103,False,False,False,"{'music_item': 'песню', 'reference': 'мой', 'playlist': 'madden nfl 16'}","{'music_item': 'песня', 'playlist': ' madden nfl 16'}"
test_423,Добавь Toyan в мой Epic Gaming плейлист.,AddToPlaylist,AddToPlaylist,True,0.9389,False,False,False,"{'artist': 'Toyan', 'reference': 'мой', 'playlist': 'Epic Gaming'}","{'music_item': 'исполнитель', 'artist': 'Toyan', 'reference': 'мой', 'playlist': 'Epic Gaming'}"
test_424,включи что-то новое от Les Vandyke на Slacker,PlayMusic,PlayMusic,True,0.9525,False,False,False,"{'sort': 'новое', 'artist': 'Les Vandyke', 'service': 'Slacker'}","{'album': 'что-то новое', 'artist': 'Les Vandyke', 'service': 'Slacker'}"
test_425,оцени Three Junes одним баллом из 6,RateBook,RateBook,True,0.9192,False,False,False,"{'object_name': 'Three Junes', 'rating_value': 'одним', 'best_rating': '6'}","{'object_name': 'Three Junes', 'object_type': 'книга', 'best_rating': '1', 'rating_unit': '1 из 6'}"
test_426,Забронируй столик на девять людей в пекарне в Нуньес,BookRestaurant,BookRestaurant,True,0.9422,False,False,False,"{'party_size_number': 'девять', 'restaurant_type': 'пекарне', 'location': 'Нуньес'}","{'party_size_number': '9', 'restaurant_name': 'пекарня', 'location': 'Нуньес'}"
test_427,Оцени этот текущий роман двумя баллами из 6 .,RateBook,RateBook,True,0.8801,False,False,False,"{'object_select': 'этот текущий', 'object_type': 'роман', 'rating_value': 'двумя', 'best_rating': '6'}","{'object_name': 'текущий роман', 'object_type': 'роман', 'rating_value': '2', 'rating_unit': 'балла из 6'}"
test_428,Включи The Happy Blues от Ronnie Wood .,PlayMusic,PlayMusic,True,0.9743,False,False,True,"{'album': 'The Happy Blues', 'artist': 'Ronnie Wood'}","{'album': 'The Happy Blues', 'artist': 'Ronnie Wood'}"
test_429,Включи симфонию из 2013 .,PlayMusic,PlayMusic,True,0.8484,False,False,False,"{'music_item': 'симфонию', 'datetime': '2013'}","{'album': 'Симфония', 'service': 'не указано', 'genre': 'симфония', 'year': '2013'}"
,Забронируй мне столик в лучшем кафе.,BookRestaurant,BookRestaurant,True,0.869,False,False,False,"{'sort': 'лучшем', 'restaurant_type': 'кафе'}","{'sort': 'лучшее', 'restaurant_type': 'кафе', 'location': 'не указано'}"
,Оцени текущий учебник на 1 из 6.,RateBook,RateBook,True,0.9011,False,False,False,"{'object_select': 'текущий', 'object_type': 'учебник', 'rating_value': '1', 'best_rating': '6'}","{'object_name': 'учебник', 'object_type': 'текущий', 'rating_value': '1 из 6', 'rating_unit': 'из 6'}"
,В какое время показывают фильм,SearchScreeningEvent,SearchScreeningEvent,True,0.9376,False,False,False,{'object_type': 'время показывают фильм'},"{'movie_name': 'Хроники моей матери', 'location': 'ближайшем', 'object_location_type': 'кинотеатре', 'datetime': 'через 1 минуту и 8 секунд'}"
,Какая погода будет в Огайо?,weather/find,weather/find,True,0.9491,False,False,False,{'location': 'Огайо'},"{'location': 'Огайо', 'weather/attribute': 'погода'}"
,Добавь этого исполнителя в Showstopper Being Mary Jane.,AddToPlaylist,AddToPlaylist,True,0.8864,False,False,False,"{'music_item': 'исполнителя', 'playlist': 'Showstopper Being Mary Jane'}","{'artist': 'исполнитель', 'reference': 'Showstopper Being Mary Jane'}"
,Забронируй столик для меня и моих детей.,BookRestaurant,BookRestaurant,True,0.8648,False,False,True,{'party_size_description': 'меня и моих детей'},"{'party_size_number': '3', 'restaurant_type': 'не указано', 'location': 'не указано', 'sort': 'не указано', 'cuisine': 'не указано'}"
test_375,"Какая погода будет в заповеднике Сарыгамыш 21 августа, 2035 ?",weather/find,weather/find,True,0.947,False,False,False,"{'location': 'заповеднике Сарыгамыш', 'datetime': '21 августа, 2035'}","{'location': 'Заповедник Сарыгамыш', 'datetime': '21 августа, 2035', 'weather/attribute': 'погода'}"
test_376,Оцени Ruth пять баллов из 6 .,RateBook,RateBook,True,0.9233,False,False,False,"{'object_name': 'Ruth', 'rating_value': 'пять', 'rating_unit': 'баллов', 'best_rating': '6'}","{'object_name': 'Ruth', 'object_type': 'книга', 'best_rating': '5', 'rating_unit': 'из 6'}"
test_377,Reminiscences of the Anti-Japanese Guerillas chronicle заслуживает ноль баллов из 6.,RateBook,SearchCreativeWork,False,0.9351,False,False,True,"{'object_name': 'Reminiscences of the Anti-Japanese Guerillas', 'object_part_of_series_type': 'chronicle', 'rating_value': 'ноль', 'rating_unit': 'баллов', 'best_rating': '6.'}","{'object_name': 'Reminiscences of the Anti-Japanese Guerillas', 'object_type': 'книгу', 'rating_value': '0', 'rating_unit': '6'}"
test_378,Покажи мне расписание сеансов в южных кинотеатрах,SearchScreeningEvent,SearchScreeningEvent,True,0.8844,False,False,False,"{'object_type': 'расписание сеансов', 'location': 'южных кинотеатрах'}","{'location': 'южные', 'object_location_type': 'кинотеатры'}"
test_379,Найди расписание фильмов рядом,SearchScreeningEvent,SearchScreeningEvent,True,0.8929,False,False,False,"{'object_type': 'расписание фильмов', 'location': 'рядом'}",{'location': 'районы'}
test_380,Добавь этот альбом в плейлист Spanish Beat,AddToPlaylist,AddToPlaylist,True,0.9243,False,False,False,"{'music_item': 'альбом', 'playlist': 'Spanish Beat'}","{'music_item': 'альбом', 'reference': 'this', 'playlist': 'Spanish Beat'}"
test_381,Забронируй столик на 6 человек в креольской таверне в Черногории,BookRestaurant,BookRestaurant,True,0.9404,False,False,True,"{'party_size_number': '6', 'cuisine': 'креольской', 'restaurant_type': 'таверне', 'location': 'Черногории'}","{'party_size_number': '6', 'restaurant_name': 'креольская таверне', 'location': 'Черногория'}"
test_382,Поставь сериалу Catedral 4 звезды .,RateBook,PlayMusic,False,0.8489,False,False,True,"{'object_part_of_series_type': 'сериалу', 'object_name': 'Catedral', 'rating_value': '4', 'rating_unit': 'звезды'}","{'album': 'Catedral', 'service': 'не указано', 'artist': 'не указано', 'sort': '4 звезды'}"
test_383,Добавь The Famous Flower of Serving-Men в мой вечерний акустический плейлист.,AddToPlaylist,AddToPlaylist,True,0.9404,False,False,False,"{'entity_name': 'The Famous Flower of Serving-Men', 'reference': 'мой', 'playlist': 'вечерний акустический'}","{'music_item': 'The Famous Flower of Serving-Men', 'playlist': 'вечерний акустический'}"
test_384,Покажи мне расписание ArcLight Hollywood только для анимационных фильмов,SearchScreeningEvent,SearchScreeningEvent,True,0.9491,False,False,False,"{'object_type': 'расписание', 'location': 'ArcLight Hollywood', 'movie_type': 'анимационных фильмов'}","{'object_type': 'расписание', 'movie_name': 'анимационные фильмы', 'location': 'ArcLight Hollywood'}"
test_385,"Пожалуйста, найди картину под названием This Is the Night .",SearchCreativeWork,SearchCreativeWork,True,0.936,False,False,False,"{'object_type': 'картину', 'object_name': 'This Is the Night'}","{'object_name': 'This Is the Night', 'object_type': 'картина'}"
test_386,Какова будет влажность в данном месте в 15:19:29 ?,weather/find,weather/find,True,0.9177,False,False,True,"{'condition_description': 'влажность', 'location': 'данном месте', 'datetime': '15:19:29'}","{'condition_description': 'влажность', 'datetime': '15:19:29', 'location': 'в данном месте'}"
test_387,я хочу посмотреть JLA Adventures: Trapped In Time,SearchScreeningEvent,SearchScreeningEvent,True,0.931,False,False,False,{'movie_name': 'JLA Adventures: Trapped In Time'},"{'movie_name': 'JLA Adventures: Trapped In Time', 'object_location_type': 'кинотеатре'}"
test_388,Добавь мелодию Дерека Уоткинса в This Is Johnny Cash,AddToPlaylist,AddToPlaylist,True,0.9049,False,False,False,"{'music_item': 'мелодию', 'artist': 'Дерека Уоткинса', 'playlist': 'This Is Johnny Cash'}","{'music_item': 'мелодию', 'artist': 'Дерек Уоткинс', 'reference': 'This Is Johnny Cash'}"
test_389,Найди творческую работу под названием Fire in the Hole,SearchCreativeWork,SearchCreativeWork,True,0.9597,False,False,False,{'object_name': 'Fire in the Hole'},"{'object_name': 'Fire in the Hole', 'object_type': 'творческая работа'}"
test_390,забронируй столик возле колледжа Пэта,BookRestaurant,BookRestaurant,True,0.8671,False,False,False,{'location': 'возле | колледжа Пэта'},"{'location': 'недалеко от колледжа Пэта', 'restaurant_type': 'кафе', 'facility': 'столик'}"
test_391,Идет ли Patrick Still Lives в кинотеатрах AMC,SearchScreeningEvent,SearchScreeningEvent,True,0.9301,False,False,False,"{'movie_name': 'Patrick Still Lives', 'location': 'кинотеатрах AMC'}","{'movie_name': 'Patrick Still Lives', 'location': 'AMC'}"
test_393,нужен столик где-нибудь в Кворривилле через 14 часов,BookRestaurant,BookRestaurant,True,0.8669,False,False,False,"{'location': 'Кворривилле', 'datetime': 'через 14 часов'}","{'location': 'Кворривилле', 'datetime': 'через 14 часов', 'party_size_number': 'неизвестно', 'restaurant_type': 'кафе', 'cuisine': 'неизвестно', 'sort': 'неизвестно'}"
test_394,включи Гэри Ли Коннера,PlayMusic,PlayMusic,True,0.9346,False,False,False,{'artist': 'Гэри Ли Коннера'},"{'album': 'Гэри Ли Коннер', 'artist': 'Гэри Ли Коннер'}"
test_395,"покажи ближайший кинотеатр, где показывают Boycott",SearchScreeningEvent,SearchScreeningEvent,True,0.9406,False,False,True,"{'location': 'ближайший', 'object_location_type': 'кинотеатр', 'movie_name': 'Boycott'}","{'movie_name': 'Boycott', 'location': 'ближайший'}"
test_396,"Пожалуйста, включи мой ecstatic плейлист.",PlayMusic,PlayMusic,True,0.9384,False,False,False,{'playlist': 'ecstatic'},{'playlist': 'ecstatic'}
test_397,"Пожалуйста, найди песню The Mad Magician .",SearchCreativeWork,SearchCreativeWork,True,0.9532,False,False,False,"{'object_type': 'песню', 'object_name': 'The Mad Magician'}","{'object_name': 'The Mad Magician', 'object_type': 'песня'}"
test_398,Проверь расписание кинотеатров Bow Tie Cinemas .,SearchScreeningEvent,SearchScreeningEvent,True,0.9452,False,False,False,"{'object_type': 'расписание', 'location': 'Bow Tie Cinemas'}",{'location': 'Bow Tie Cinemas'}
test_399,Забронируй мне столик на вечеринку из 3 человек в пабе на Северных Марианских островах,BookRestaurant,BookRestaurant,True,0.9294,False,False,False,"{'party_size_number': '3', 'restaurant_type': 'пабе', 'location': 'Северных Марианских островах'}","{'party_size_number': '3', 'restaurant_type': 'паб', 'location': 'Северных Марианских островов', 'sort': 'вечеринка'}"
test_400,Мне нужно добавить в текущий список Infinite Indie Folk произведения Рахим Шаха,AddToPlaylist,AddToPlaylist,True,0.9358,False,False,False,"{'reference': 'текущий', 'playlist': 'Infinite Indie Folk', 'artist': 'Рахим Шаха'}","{'music_item': 'произведения', 'artist': 'Рахим Шаха', 'reference': 'текущий', 'playlist': 'Infinite Indie Folk'}"
test_401,Добавь Джерри Каллиста-младшего в мой плейлист Te quiero.,AddToPlaylist,AddToPlaylist,True,0.9448,False,False,False,"{'artist': 'Джерри Каллиста - младшего', 'reference': 'мой', 'playlist': 'Te quiero.'}","{'music_item': 'исполнитель', 'artist': 'Джерри Каллиста-младшего', 'reference': 'мой', 'playlist': 'Te quiero'}"
test_402,Насколько холоднее будет недалеко от Юты около 3 часов утра?,weather/find,weather/find,True,0.928,False,False,True,"{'condition_temperature': 'холоднее', 'location': 'недалеко | Юты', 'datetime': '3 часов утра'}","{'condition_description': 'холоднее', 'location': 'недалеко от Юты', 'datetime': '3 часа утра'}"
test_403,Добавь альбом в плейлист Hipster Soul.,AddToPlaylist,AddToPlaylist,True,0.9507,False,False,False,"{'music_item': 'альбом', 'playlist': 'Hipster Soul.'}","{'music_item': 'альбом', 'playlist': 'Hipster Soul'}"
test_404,Через тринадцать часов я хочу отведать деликатесы восточноевропейской кухни,BookRestaurant,BookRestaurant,True,0.8571,False,False,True,"{'datetime': 'Через тринадцать часов', 'restaurant_type': 'деликатесы', 'cuisine': 'восточноевропейской'}","{'datetime': 'тринадцать часов', 'facility': 'восточноевропейская кухня', 'location': 'непосредственно', 'restaurant_type': 'деликатесы'}"
test_405,включи саундтрек шестидесятых,PlayMusic,PlayMusic,True,0.8647,False,False,False,"{'music_item': 'саундтрек', 'datetime': 'шестидесятых'}","{'album': 'саундтрек шестидесятых', 'service': 'название плейлиста'}"
test_406,Поставь этому альбому одну звезду,RateBook,RateBook,True,0.8892,False,False,False,"{'object_select': 'этому', 'object_type': 'альбому', 'rating_value': 'одну', 'rating_unit': 'звезду'}","{'object_name': 'альбом', 'object_type': 'книга', 'rating_value': '1', 'rating_unit': 'звезда'}"
test_407,Включи лучшую музыку Брайана Маклина .,PlayMusic,PlayMusic,True,0.9292,False,False,False,"{'sort': 'лучшую', 'artist': 'Брайана Маклина'}","{'album': 'лучшая музыка', 'artist': 'Брайан Маклин'}"
test_408,какой прогноз погоды в Никодиме и окрестностях,weather/find,weather/find,True,0.8687,False,False,False,{'location': 'Никодиме | окрестностях'},"{'location': 'Никодиме', 'weather/attribute': 'прогноз погоды', 'datetime': 'на ближайшие дни'}"
test_409,Найди игру под названием Phinally Phamous,SearchCreativeWork,SearchCreativeWork,True,0.9424,False,False,False,"{'object_type': 'игру', 'object_name': 'Phinally Phamous'}","{'object_name': 'Phinally Phamous', 'object_type': 'игра'}"
test_410,Поставь оценку 2 Juneteenth .,RateBook,RateBook,True,0.8978,False,False,False,"{'rating_value': '2', 'object_name': 'Juneteenth'}","{'object_name': 'Juneteenth', 'object_type': 'книга', 'best_rating': '2', 'rating_unit': 'оценка'}"
test_411,Поставь ноль звезд Rhialto the Marvellous,RateBook,PlayMusic,False,0.9379,False,False,False,"{'rating_value': 'ноль', 'rating_unit': 'звезд', 'object_name': 'Rhialto the Marvellous'}","{'album': 'Rhialto the Marvellous', 'artist': 'Rhialto the Marvellous'}"
test_412,Я хочу послушать саундтрек на Ютубе от Helena Iren Michaelsen,PlayMusic,PlayMusic,True,0.9449,False,False,False,"{'music_item': 'саундтрек', 'service': 'Ютубе', 'artist': 'Helena Iren Michaelsen'}","{'album': 'саундтрек', 'artist': 'Helena Iren Michaelsen', 'service': 'YouTube'}"
test_413,забронируй столик на 1/20/2023 на 5 человек в MH,BookRestaurant,BookRestaurant,True,0.9778,False,False,False,"{'datetime': '1/20/2023', 'party_size_number': '5', 'location': 'MH'}","{'datetime': '1/20/2023', 'party_size_number': '5', 'restaurant_name': 'MH'}"
test_414,расписание сеансов анимационных фильмов рядом,SearchScreeningEvent,SearchScreeningEvent,True,0.9049,False,False,False,"{'object_type': 'расписание сеансов', 'movie_type': 'анимационных фильмов', 'location': 'рядом'}","{'object_type': 'расписание', 'movie_name': 'анимационные фильмы', 'location': 'районы'}"
test_415,Добавь jack white в мой плейлист This Is Shakira,AddToPlaylist,AddToPlaylist,True,0.947,False,False,False,"{'artist': 'jack white', 'reference': 'мой', 'playlist': 'This Is Shakira'}","{'music_item': 'исполнитель', 'artist': 'jack white', 'reference': 'мой', 'playlist': 'This Is Shakira'}"
test_416,Я хочу забронировать ресторан на пять человек на Шри-Ланке .,BookRestaurant,BookRestaurant,True,0.9058,False,False,False,"{'restaurant_type': 'ресторан', 'party_size_number': 'пять', 'location': 'Шри - Ланке'}","{'party_size_number': '5', 'location': 'Шри-Ланка', 'restaurant_type': None, 'cuisine': None, 'facility': None, 'sort': None}"
test_481,Включи британский блюз .,PlayMusic,PlayMusic,True,0.9528,False,False,True,{'genre': 'британский блюз'},{'album': 'британский блюз'}
test_162,Сколько снега прогнозируется?,weather/find,weather/find,True,0.8697,False,False,False,{'weather/attribute': 'снега'},"{'condition_description': 'снег', 'location': 'не указано', 'weather/attribute': 'сколько'}"
test_163,на улице жарко,weather/find,weather/find,True,0.909,False,False,False,"{'location': 'улице', 'weather/attribute': 'жарко'}","{'condition_description': 'жарко', 'location': 'улица'}"
test_164,Какая температура будет сегодня?,weather/find,weather/find,True,0.88,False,False,False,"{'weather/attribute': 'температура', 'datetime': 'сегодня'}","{'condition_description': 'температура', 'location': 'текущая', 'weather/attribute': 'температура'}"
test_165,какая погода будет завтра в Далласе,weather/find,weather/find,True,0.9417,False,False,False,"{'datetime': 'завтра', 'location': 'Далласе'}","{'location': 'Даллас', 'datetime': 'завтра'}"
test_166,Покажи мне все текущие напоминания на сегодня,reminder/show_reminders,reminder/show_reminders,True,0.9286,False,False,False,"{'reference': 'все текущие', 'datetime': 'сегодня'}",{}
test_167,Установи еженедельное напоминание о покупках.,reminder/set_reminder,reminder/set_reminder,True,0.9155,False,False,False,"{'recurring_datetime': 'еженедельное', 'reminder/todo': 'покупках'}","{'reference': 'покупки', 'recurring_datetime': 'еженедельно'}"
test_168,погода,weather/find,weather/find,True,0.8561,False,False,False,{},"{'condition_description': 'погода', 'location': 'не указано'}"
test_169,Будет ли идти весь день дождь?,weather/find,weather/find,True,0.8686,False,False,False,"{'datetime': 'весь день', 'weather/attribute': 'дождь'}","{'condition_description': 'дождь', 'location': 'всего', 'datetime': 'всей день'}"
test_170,завтра будет дождь,weather/find,weather/find,True,0.9466,False,False,False,"{'datetime': 'завтра', 'weather/attribute': 'дождь'}","{'condition_description': 'дождь', 'datetime': 'завтра'}"
test_171,Напомни мне ответить на рабочие письма сегодня вечером,reminder/set_reminder,reminder/set_reminder,True,0.876,False,False,False,"{'reminder/todo': 'ответить на рабочие письма', 'datetime': 'сегодня вечером'}","{'reference': 'рабочие письма', 'reminder/todo': 'ответить на рабочие письма', 'datetime': 'вечер'}"
test_172,Удали будильники,alarm/cancel_alarm,alarm/cancel_alarm,True,0.9367,False,False,False,{},{'reference': 'все мои'}
test_173,Отмени текущие будильники,alarm/cancel_alarm,alarm/cancel_alarm,True,0.9146,False,False,False,{'reference': 'текущие'},{'reference': 'текущие'}
test_215,Могу ли я надеть сегодня шорты?,weather/find,weather/find,True,0.8082,False,False,False,"{'datetime': 'сегодня', 'weather/attribute': 'шорты'}","{'condition_description': 'надевать шорты', 'location': 'текущая', 'weather/attribute': 'год'}"
test_203,Завтра будет дождь?,weather/find,weather/find,True,0.9177,False,False,False,"{'datetime': 'Завтра', 'weather/attribute': 'дождь'}","{'condition_description': 'дождь', 'datetime': 'завтра', 'location': 'не указано'}"
test_176,Установи будильник на 10 утра,alarm/set_alarm,alarm/set_alarm,True,0.9649,False,False,False,{'datetime': '10 утра'},"{'reference': 'текущий', 'recurring_datetime': 'ежедневный', 'datetime': '10 утра'}"
test_177,Будет ли на этой недели дождь?,weather/find,weather/find,True,0.9091,False,False,False,"{'weather/attribute': 'дождь', 'datetime': 'этой недели'}","{'condition_description': 'дождь', 'datetime': 'на этой неделе', 'location': 'не указано'}"
test_237,покажи все напоминания,reminder/show_reminders,reminder/show_reminders,True,0.9119,False,False,False,{'reference': 'все'},{}
test_179,отмени будильники,alarm/cancel_alarm,alarm/cancel_alarm,True,0.9186,False,False,False,{},{'reference': 'все мои'}
test_180,отключи все будильники,alarm/cancel_alarm,alarm/cancel_alarm,True,0.9444,False,False,False,{'reference': 'все'},{'reference': 'все мои'}
test_181,покажи все предустановленные будильники,alarm/show_alarms,alarm/show_alarms,True,0.9055,False,False,False,{'reference': 'все'},{}
test_182,Установи будильник на каждую минуту в течение 20 минут.,alarm/set_alarm,alarm/set_alarm,True,0.9435,False,False,False,{'recurring_datetime': 'каждую минуту в течение 20 минут'},"{'reference': 'текущий', 'recurring_datetime': 'каждую минуту', 'datetime': '20 минут'}"
test_183,Какие у меня напоминания?,reminder/show_reminders,reminder/show_reminders,True,0.9401,False,False,False,{'reference': 'меня'},{}
test_184,отмени будильник на завтра,alarm/cancel_alarm,alarm/cancel_alarm,True,0.9493,False,False,False,{'datetime': 'завтра'},{'reference': 'текущий'}
test_185,мне нужен зонт сегодня?,weather/find,weather/find,True,0.8346,False,False,False,"{'weather/attribute': 'зонт', 'datetime': 'сегодня'}","{'condition_description': 'текущий', 'location': 'текущий', 'weather/attribute': 'зонт'}"
test_186,сегодня будет снег?,weather/find,weather/find,True,0.9091,False,False,False,"{'datetime': 'сегодня', 'weather/attribute': 'снег'}","{'condition_description': 'снег', 'location': 'сейчас', 'weather/attribute': 'будет'}"
test_187,Напомни мне позвонить маме сегодня вечером,reminder/set_reminder,reminder/set_reminder,True,0.8874,False,False,False,"{'reminder/todo': 'позвонить маме', 'datetime': 'сегодня вечером'}","{'reference': 'маме', 'datetime': 'теперь', 'reminder/todo': 'позвонить'}"
test_188,сегодня будет дождь,weather/find,weather/find,True,0.9056,False,False,False,"{'datetime': 'сегодня', 'weather/attribute': 'дождь'}","{'condition_description': 'дождь', 'datetime': 'сегодня', 'location': 'не указано'}"
test_189,В субботу будет дождь?,weather/find,weather/find,True,0.9405,False,False,False,"{'datetime': 'субботу', 'weather/attribute': 'дождь'}","{'condition_description': 'дождь', 'datetime': 'суббота'}"
test_190,Будете ли вы ставить будильник каждую минуту в течение 20 минут?,alarm/set_alarm,alarm/set_alarm,True,0.9328,False,False,False,{'recurring_datetime': 'каждую минуту в течение 20 минут'},"{'reference': 'будильник', 'recurring_datetime': 'каждую минуту', 'datetime': '20 минут'}"
test_191,Тропические штормы в Карибском море,weather/find,weather/find,True,0.9395,False,False,False,"{'weather/attribute': 'Тропические штормы', 'location': 'Карибском море'}","{'condition_description': 'тропические штормы', 'location': 'Карибское море'}"
test_234,отмени все будильники,alarm/cancel_alarm,alarm/cancel_alarm,True,0.9402,False,False,False,{'reference': 'все'},{'reference': 'все мои'}
test_193,Установи будильник на каждые девять минут.,alarm/set_alarm,alarm/set_alarm,True,0.9521,False,False,False,{'recurring_datetime': 'каждые девять минут'},"{'reference': 'текущий', 'recurring_datetime': 'каждые 9 минут'}"
test_194,Удали два последних напоминания в моем списке,reminder/cancel_reminder,reminder/cancel_reminder,True,0.9249,False,False,False,{'reference': 'два последних'},{'reference': 'два последних'}
test_195,какая сегодня погода,weather/find,weather/find,True,0.8531,False,False,False,{'datetime': 'сегодня'},"{'condition_description': 'погода', 'location': 'текущая', 'weather/attribute': 'погода'}"
test_196,включи текущий будильник,alarm/set_alarm,alarm/show_alarms,False,0.89,False,False,False,{'reference': 'текущий'},{}
test_223,Какая сегодня влажность?,weather/find,weather/find,True,0.8973,False,False,False,"{'datetime': 'сегодня', 'weather/attribute': 'влажность'}","{'condition_description': 'влажность', 'location': 'текущая', 'weather/attribute': 'влажность'}"
test_198,напомни мне установить будильник для подъема,reminder/set_reminder,reminder/set_reminder,True,0.8728,False,False,False,{'reminder/todo': 'установить будильник для подъема'},"{'reference': 'установить', 'recurring_datetime': 'для подъема', 'reminder/todo': 'установить'}"
test_199,Будет ли в эти выходные снег?,weather/find,weather/find,True,0.9073,False,False,False,"{'datetime': 'эти выходные', 'weather/attribute': 'снег'}","{'condition_description': 'снег', 'location': 'эти выходные', 'datetime': 'эти выходные'}"
test_232,Насколько жарко будет сегодня?,weather/find,weather/find,True,0.8687,False,False,False,"{'weather/attribute': 'жарко', 'datetime': 'сегодня'}","{'condition_description': 'жарко', 'location': 'текущая', 'weather/attribute': 'температура'}"
test_201,На какое время установлен текущий будильник,alarm/show_alarms,alarm/show_alarms,True,0.9111,False,False,False,{'reference': 'текущий'},{}
test_202,Какая сегодня погода?,weather/find,weather/find,True,0.8604,False,False,False,{'datetime': 'сегодня'},"{'condition_description': 'погода', 'location': 'текущая', 'weather/attribute': 'погода'}"
test_203,Завтра будет дождь?,weather/find,weather/find,True,0.9177,False,False,False,"{'datetime': 'Завтра', 'weather/attribute': 'дождь'}","{'condition_description': 'дождь', 'datetime': 'завтра', 'location': 'не указано'}"
test_204,Отмени текущий будильник на 5:15 утра во вторник,alarm/cancel_alarm,alarm/cancel_alarm,True,0.9615,False,False,False,"{'reference': 'текущий', 'datetime': '5:15 утра во вторник'}","{'reference': 'текущий', 'recurring_datetime': '5:15 утра', 'datetime': 'во вторник'}"
test_205,отмени напоминание о сегодняшней вечерней игре,reminder/cancel_reminder,reminder/cancel_reminder,True,0.9008,False,False,False,"{'datetime': 'сегодняшней | вечерней', 'reminder/todo': 'игре'}","{'reference': 'текущее', 'reminder/todo': 'вечерняя игра'}"
test_206,Поставь будильник на 3 ночи,alarm/set_alarm,alarm/set_alarm,True,0.9588,False,False,False,{'datetime': '3 ночи'},"{'reference': 'будильник', 'recurring_datetime': '3 ночи'}"
test_207,отмени все будильники на субботу,alarm/cancel_alarm,alarm/cancel_alarm,True,0.9659,False,False,False,"{'reference': 'все', 'datetime': 'субботу'}","{'reference': 'все мои', 'recurring_datetime': 'суббота'}"
test_208,"мне нужно напоминание, чтобы забрать Лизу",reminder/set_reminder,reminder/set_reminder,True,0.9465,False,False,False,{'reminder/todo': 'забрать Лизу'},"{'reference': 'Лизу', 'reminder/todo': 'забрать'}"
test_209,Какой сегодня максимум?,weather/find,weather/find,True,0.8341,False,False,False,"{'datetime': 'сегодня', 'weather/attribute': 'максимум'}","{'condition_description': 'максимум', 'location': 'текущая дата', 'weather/attribute': 'температура'}"
test_210,Будет ли сегодня облачно в Гриндстоуне?,weather/find,weather/find,True,0.9279,False,False,False,"{'datetime': 'сегодня', 'weather/attribute': 'облачно', 'location': 'Гриндстоуне'}","{'location': 'Гриндстоун', 'condition_description': 'облачно'}"
test_211,Напомни мне позже,reminder/set_reminder,reminder/show_reminders,False,0.874,False,False,False,{'datetime': 'позже'},{'reference': 'позже'}
test_212,какая сегодня погода во Франции,weather/find,weather/find,True,0.933,False,False,False,"{'location': 'Франции', 'datetime': 'сегодня'}","{'location': 'Франция', 'weather/attribute': 'погода'}"
test_213,Будет ли солнечно на вечеринке в субботу,weather/find,weather/find,True,0.9033,False,False,False,"{'weather/attribute': 'солнечно', 'datetime': 'субботу'}","{'condition_description': 'солнечно', 'datetime': 'вечер', 'location': 'вечеринка', 'weather/attribute': 'солнечно'}"
test_214,завтра пойдет дождь?,weather/find,weather/find,True,0.9178,False,False,False,"{'datetime': 'завтра', 'weather/attribute': 'дождь'}","{'condition_description': 'дождь', 'datetime': 'завтра', 'location': 'не указано'}"
test_215,Могу ли я надеть сегодня шорты?,weather/find,weather/find,True,0.8082,False,False,False,"{'datetime': 'сегодня', 'weather/attribute': 'шорты'}","{'condition_description': 'надевать шорты', 'location': 'текущая', 'weather/attribute': 'год'}"
test_216,Покажи текущее напоминание,reminder/show_reminders,reminder/show_reminders,True,0.9067,False,False,False,{'reference': 'текущее'},{}
test_217,какой средний прогноз на сентябрь,weather/find,weather/find,True,0.8807,False,False,False,{'datetime': 'сентябрь'},"{'condition_description': 'средний', 'datetime': 'сентябрь', 'location': 'не указано'}"
test_218,Сегодня холодно?,weather/find,weather/find,True,0.8676,False,False,False,"{'datetime': 'Сегодня', 'weather/attribute': 'холодно'}","{'condition_description': 'холодно', 'location': 'текущая', 'weather/attribute': 'холодно'}"
test_240,Отмени все напоминания,reminder/cancel_reminder,reminder/cancel_reminder,True,0.8967,False,False,False,{'reference': 'все'},{}
test_220,жарко?,weather/find,weather/find,True,0.8624,False,False,False,{'weather/attribute': 'жарко'},"{'condition_description': 'жарко', 'location': 'не указано'}"
test_221,Поставь будильник на выходные в 2 часа дня,alarm/set_alarm,alarm/set_alarm,True,0.966,False,False,False,{'recurring_datetime': 'выходные в 2 часа дня'},"{'reference': 'текущий', 'recurring_datetime': 'выходные', 'datetime': '2 часа дня'}"
test_222,Поставь будильник на 2 утра,alarm/set_alarm,alarm/set_alarm,True,0.962,False,False,False,{'datetime': '2 утра'},"{'reference': 'текущий', 'recurring_datetime': 'ежедневный', 'datetime': '2 утра'}"
test_223,Какая сегодня влажность?,weather/find,weather/find,True,0.8973,False,False,False,"{'datetime': 'сегодня', 'weather/attribute': 'влажность'}","{'condition_description': 'влажность', 'location': 'текущая', 'weather/attribute': 'влажность'}"
test_224,покажи все текущие будильники,alarm/show_alarms,alarm/show_alarms,True,0.9391,False,False,False,{'reference': 'все текущие'},{}
test_225,Покажи мне все текущие напоминания,reminder/show_reminders,reminder/show_reminders,True,0.9455,False,False,False,{'reference': 'все текущие'},{}
test_234,отмени все будильники,alarm/cancel_alarm,alarm/cancel_alarm,True,0.9402,False,False,False,{'reference': 'все'},{'reference': 'все мои'}
test_227,Надвигается ли гроза в моем районе?,weather/find,weather/find,True,0.9031,False,False,False,"{'weather/attribute': 'гроза', 'location': 'моем районе'}","{'condition_description': 'гроза', 'location': 'моей района'}"
test_195,какая сегодня погода,weather/find,weather/find,True,0.8531,False,False,False,{'datetime': 'сегодня'},"{'condition_description': 'погода', 'location': 'текущая', 'weather/attribute': 'погода'}"
test_229,удали последнее напоминание,reminder/cancel_reminder,reminder/cancel_reminder,True,0.8804,False,False,False,{'reference': 'последнее'},{'reference': 'последнее'}
test_230,Сколько времени осталость до будильника.,alarm/time_left_on_alarm,alarm/show_alarms,False,0.8743,False,True,False,{},{'reference': 'будильник'}
test_231,Отмени все текущие будильники на воскресенье.,alarm/cancel_alarm,alarm/cancel_alarm,True,0.9468,False,False,False,"{'reference': 'все текущие', 'datetime': 'воскресенье'}","{'reference': 'текущие', 'recurring_datetime': 'ежедневные', 'datetime': 'воскресенье'}"
test_232,Насколько жарко будет сегодня?,weather/find,weather/find,True,0.8687,False,False,False,"{'weather/attribute': 'жарко', 'datetime': 'сегодня'}","{'condition_description': 'жарко', 'location': 'текущая', 'weather/attribute': 'температура'}"
test_233,"Я бы хотел, чтобы ты создал новый будильник на завтрашнее утро в 8:45",alarm/set_alarm,alarm/set_alarm,True,0.958,False,False,False,{'datetime': 'завтрашнее утро в 8:45'},"{'reference': 'новый', 'recurring_datetime': 'завтрашнее утро', 'datetime': '8:45'}"
test_234,отмени все будильники,alarm/cancel_alarm,alarm/cancel_alarm,True,0.9402,False,False,False,{'reference': 'все'},{'reference': 'все мои'}
test_235,Пойдет ли снег сегодня?,weather/find,weather/find,True,0.8534,False,False,False,"{'weather/attribute': 'снег', 'datetime': 'сегодня'}","{'condition_description': 'снег', 'location': 'текущая', 'weather/attribute': 'пойдет ли'}"
test_236,напомни мне купить лед,reminder/set_reminder,reminder/set_reminder,True,0.9566,False,False,False,{'reminder/todo': 'купить лед'},{'reminder/todo': 'купить лед'}
test_237,покажи все напоминания,reminder/show_reminders,reminder/show_reminders,True,0.9119,False,False,False,{'reference': 'все'},{}
test_245,покажи все будильники,alarm/show_alarms,alarm/show_alarms,True,0.9095,False,False,False,{'reference': 'все'},{}
test_239,Какая погода в Сан-Франциско?,weather/find,weather/find,True,0.9577,False,False,False,{'location': 'Сан - Франциско'},"{'location': 'Сан-Франциско', 'weather/attribute': 'погода'}"
test_240,Отмени все напоминания,reminder/cancel_reminder,reminder/cancel_reminder,True,0.8967,False,False,False,{'reference': 'все'},{}
test_241,Отмени напоминание о концерте,reminder/cancel_reminder,reminder/cancel_reminder,True,0.9322,False,False,False,{'reminder/todo': 'концерте'},{'reference': 'концерт'}
test_242,Отмени будильник на завтрашнее утро,alarm/cancel_alarm,alarm/cancel_alarm,True,0.9678,False,False,False,{'datetime': 'завтрашнее утро'},"{'reference': 'текущий', 'recurring_datetime': 'завтрашнее утро'}"
test_243,будет ли дождь на этой недели,weather/find,weather/find,True,0.9085,False,False,False,"{'weather/attribute': 'дождь', 'datetime': 'этой недели'}","{'condition_description': 'дождь', 'datetime': 'на этой неделе', 'location': 'не указано'}"
test_244,Какая погода будет в среду для игры в гольф,weather/find,weather/find,True,0.9206,False,False,False,{'datetime': 'среду'},"{'condition_description': 'погода', 'datetime': 'среда', 'location': 'для игры в гольф'}"
test_245,покажи все будильники,alarm/show_alarms,alarm/show_alarms,True,0.9095,False,False,False,{'reference': 'все'},{}
test_246,отключи все будильники на завтра,alarm/cancel_alarm,alarm/cancel_alarm,True,0.9726,False,False,False,"{'reference': 'все', 'datetime': 'завтра'}","{'reference': 'все мои', 'recurring_datetime': 'завтра'}"
test_56,Установи будильник на 5 часов вечера сегодня,alarm/set_alarm,alarm/set_alarm,True,0.9065,False,False,False,{'datetime': '5 часов вечера сегодня'},"{'reference': 'текущий', 'recurring_datetime': '5 часов вечера', 'datetime': 'текущий'}"
,поставь будильник на 7 утра на завтра,alarm/set_alarm,alarm/set_alarm,True,0.9606,False,False,False,{'datetime': '7 утра на завтра'},"{'reference': 'текущий', 'recurring_datetime': 'завтра', 'datetime': '7 утра'}"
test_249,Завтра будет солнечно?,weather/find,weather/find,True,0.942,False,False,False,"{'datetime': 'Завтра', 'weather/attribute': 'солнечно'}","{'condition_description': 'солнечно', 'datetime': 'завтра'}"
test_250,насколько жарко будет сегодня,weather/find,weather/find,True,0.8641,False,False,False,"{'weather/attribute': 'жарко', 'datetime': 'сегодня'}","{'condition_description': 'жарко', 'location': 'текущая', 'weather/attribute': 'температура'}"
test_251,Поставь ноль звезд игре Halo: Призраки Оникса,RateBook,PlayMusic,False,0.8687,False,False,False,"{'rating_value': 'ноль', 'rating_unit': 'звезд', 'object_name': 'Halo: Призраки Оникса'}","{'album': 'Halo: Призраки Оникса', 'service': 'не указано'}"
,Включи музыку Джой Нило.,PlayMusic,PlayMusic,True,0.8153,False,False,False,{'artist': 'Джой Нило'},"{'album': 'JoJo', 'artist': 'JoJo', 'service': 'не указано'}"
,"Пожалуйста, найди мне видеоигру под названием 20 часов в Америке.",SearchCreativeWork,SearchCreativeWork,True,0.9615,False,False,False,"{'object_type': 'видеоигру', 'object_name': '20 часов в Америке'}","{'object_name': 'видеоигра', 'object_type': '20 часов в Америке'}"
test_254,Включи мой изобретательный плейлист,PlayMusic,PlayMusic,True,0.9145,False,False,False,{'playlist': 'изобретательный'},{'playlist': 'мой'}
test_255,Забронируй место на 9 в Термонте,BookRestaurant,BookRestaurant,True,0.9192,False,False,False,"{'party_size_number': '9', 'location': 'Термонте'}","{'facility': 'Термонте', 'party_size_number': '9'}"
test_256,Добавь эту мелодию в плейлист вечеринок 80-х для Дорти,AddToPlaylist,AddToPlaylist,True,0.789,False,False,False,"{'music_item': 'мелодию', 'playlist': 'вечеринок 80-х', 'reference': 'Дорти'}","{'music_item': 'мелодию', 'playlist': 'вечеринок 80-х', 'reference': 'Дорти'}"
,Включи новейшую мелодию Эдди Винсона на Last Fm.,PlayMusic,PlayMusic,True,0.9302,False,False,False,"{'sort': 'новейшую', 'music_item': 'мелодию', 'artist': 'Эдди Винсона', 'service': 'Last Fm'}","{'album': 'новейшую мелодию', 'artist': 'Эдди Винсон', 'service': 'Last Fm'}"
,Проверь прогноз для Небраски.,weather/find,weather/find,True,0.9404,False,False,False,{'location': 'Небраски'},"{'location': 'Небраска', 'weather/attribute': 'прогноз'}"
,В Северной Каролине сейчас шторм?,weather/find,weather/find,True,0.9431,False,False,True,"{'location': 'Северной Каролине', 'datetime': 'сейчас', 'condition_description': 'шторм'}","{'location': 'Северная Каролина', 'weather/attribute': 'шторм'}"
,Я хочу послушать миньон 1988 года.,PlayMusic,PlayMusic,True,0.8622,False,False,False,"{'music_item': 'миньон', 'datetime': '1998 года'}","{'album': 'миньон 1988 года', 'artist': 'не указано'}"
test_261,Мне нужно время спектакля A Yiddish World Remembered в театрах Дипсон,SearchScreeningEvent,SearchScreeningEvent,True,0.8834,False,False,False,"{'object_type': 'время', 'movie_name': 'A Yiddish World Remembered', 'location': 'театрах Дипсон'}","{'movie_name': 'A Yiddish World Remembered', 'location': 'Театры Дипсон', 'object_location_type': 'театры', 'datetime': 'текущий'}"
test_262,Поставь текущему учебнику 1 из 6,RateBook,BookRestaurant,False,0.8626,False,False,False,"{'object_select': 'текущему', 'object_type': 'учебнику', 'rating_value': '1', 'best_rating': '6'}","{'facility': 'учебник', 'sort': '1 из 6'}"
test_263,Добавь мелодию Мэтта Мерфи в плейлист  Flow Español.,AddToPlaylist,AddToPlaylist,True,0.9399,False,False,False,"{'music_item': 'мелодию', 'artist': 'Мэтта Мерфи', 'playlist': 'Flow Español.'}","{'music_item': 'мелодию', 'artist': 'Мэтт Мерфи', 'playlist': 'Flow Español'}"
,Я хочу забронировать суданский гастропаб поблизости в Техасе для 3 человек на 5/20/2025.,BookRestaurant,BookRestaurant,True,0.9243,False,False,True,"{'cuisine': 'суданский', 'restaurant_type': 'гастропаб', 'location': 'поблизости | Техасе', 'party_size_number': '3', 'datetime': '5/20/2025'}","{'party_size_number': '3', 'restaurant_name': 'суданский гастропаб', 'location': 'Техасе', 'datetime': '5/20/2025', 'facility': 'забронировать'}"
test_265,Не мог бы ты найти телесериал The Approach,SearchCreativeWork,SearchScreeningEvent,False,0.9137,False,False,False,"{'object_type': 'телесериал', 'object_name': 'The Approach'}","{'object_name': 'The Approach', 'object_type': 'телесериал'}"
test_266,Поставь этой хронике 2 балла.,RateBook,RateBook,True,0.858,False,False,True,"{'object_select': 'этой', 'object_part_of_series_type': 'хронике', 'rating_value': '2'}","{'object_name': 'Хронике', 'object_part_of_series_type': 'книга', 'object_select': '2', 'rating_unit': 'балла'}"
test_267,Поставь The American Scene 2  из 6 звезд,RateBook,PlayMusic,False,0.9334,False,False,False,"{'object_name': 'The American Scene', 'rating_value': '2', 'best_rating': '6', 'rating_unit': 'звезд'}","{'album': 'The American Scene 2', 'service': '6 звезд'}"
test_268,Добавь Эмили Отем в мой плейлист Nação Reggae.,AddToPlaylist,AddToPlaylist,True,0.9489,False,False,False,"{'artist': 'Эмили Отем', 'reference': 'мой', 'playlist': 'Nação Reggae'}","{'music_item': 'исполнитель', 'artist': 'Эмили Отем', 'reference': 'мой', 'playlist': 'Nação Reggae'}"
test_269,Я хочу забронировать еврейский ресторан в Гамбии .,BookRestaurant,BookRestaurant,True,0.8826,False,False,True,"{'cuisine': 'еврейский', 'restaurant_type': 'ресторан', 'location': 'Гамбии'}","{'cuisine': 'еврейский', 'location': 'Гамбия', 'restaurant_name': 'ресторан', 'facility': 'забронировать'}"
test_270,забронируй столик в ресторане Fried chicken,BookRestaurant,BookRestaurant,True,0.8787,False,False,True,{'restaurant_name': 'ресторане Fried chicken'},"{'restaurant_name': 'Fried chicken', 'facility': None, 'location': None, 'party_size_number': None, 'sort': None, 'cuisine': None, 'served_dish': None}"
test_271,добавь we have a theme song для моего плейлиста House Afterwork,AddToPlaylist,AddToPlaylist,True,0.9562,False,False,False,"{'entity_name': 'we have a theme song', 'reference': 'моего', 'playlist': 'House Afterwork'}","{'music_item': 'we have a theme song', 'playlist': 'House Afterwork'}"
test_272,Какая погода будет недалеко отсюда девятнадцатого октября 2026 года?,weather/find,weather/find,True,0.9359,False,False,False,"{'location': 'недалеко отсюда', 'datetime': 'девятнадцатого октября 2026 года'}","{'datetime': '19 октября 2026 года', 'location': 'недалеко отсюда'}"
,Погода в Урюпинске Россия на 12/26/2018,weather/find,weather/find,True,0.947,False,False,False,"{'location': 'Урюпинске | Россия', 'datetime': '12/26/2018'}","{'location': 'Урюпинск', 'datetime': '12/26/2018', 'weather/attribute': 'погода'}"
,Я хочу забронировать ресторан для моего тестя и меня в Бакнере через год.,BookRestaurant,BookRestaurant,True,0.8766,False,False,True,"{'restaurant_type': 'ресторан', 'party_size_description': 'моего тестя и меня', 'location': 'Бакнере', 'datetime': 'через год'}","{'party_size_number': '2', 'restaurant_name': 'Бакнере', 'datetime': 'год', 'facility': 'ресторан', 'location': 'Бакнере', 'sort': 'забронировать'}"
test_275,Оцени эту книгу на 1,RateBook,RateBook,True,0.9188,False,False,False,"{'object_select': 'эту', 'object_type': 'книгу', 'rating_value': '1'}","{'object_name': 'книга', 'object_part_of_series_type': None, 'object_select': None, 'rating_unit': None, 'rating_value': '1'}"
test_276,добавь этого исполнителя в мой плейлист spotlight on country 2016,AddToPlaylist,AddToPlaylist,True,0.9374,False,False,False,"{'music_item': 'исполнителя', 'reference': 'мой', 'playlist': 'spotlight on country 2016'}","{'music_item': 'исполнитель', 'artist': 'Клеопатра Стратан', 'reference': 'мой', 'playlist': 'spotlight on country 2016'}"
test_277,Не мог бы ты найти фотографию Epic Conditions?,SearchCreativeWork,SearchCreativeWork,True,0.9492,False,False,False,"{'object_type': 'фотографию', 'object_name': 'Epic Conditions'}","{'object_name': 'Epic Conditions', 'object_type': 'фотография'}"
test_278,Включи rich sex на Iheart,PlayMusic,PlayMusic,True,0.9654,False,False,True,"{'track': 'rich sex', 'service': 'Iheart'}","{'album': 'rich sex', 'service': 'Iheart'}"
test_279,Играет ли Барток Великолепный в семь утра?,SearchScreeningEvent,PlayMusic,False,0.9171,False,False,False,"{'movie_name': 'Барток Великолепный', 'datetime': 'семь утра'}","{'album': 'Барток Великолепный', 'datetime': 'семь утра'}"
test_280,Включи что-нибудь на Zvooq,PlayMusic,PlayMusic,True,0.9045,False,False,False,{'service': 'Zvooq'},"{'album': 'что-нибудь', 'service': 'Zvooq'}"
test_281,Позволь мне послушать музыку Криса Найта,PlayMusic,PlayMusic,True,0.9041,False,False,False,{'artist': 'Криса Найта'},"{'album': 'Криса Найта', 'artist': 'Криса Найта'}"
test_282,включи альбом Джилл Собул,PlayMusic,PlayMusic,True,0.9677,False,False,True,"{'music_item': 'альбом', 'album': 'Джилл Собул'}",{'album': 'Джилл Собул'}
test_283,Поставь четыре звезды The Broken Window,RateBook,RateBook,True,0.9094,False,False,False,"{'rating_value': 'четыре', 'rating_unit': 'звезды', 'object_name': 'The Broken Window'}","{'object_name': 'The Broken Window', 'object_type': 'книга', 'best_rating': 'четыре', 'rating_unit': 'зверей'}"
test_284,Расскажи мне прогноз на 6 утра в Татра-Национальном парке,weather/find,weather/find,True,0.9556,False,False,False,"{'datetime': '6 утра', 'location': 'Татра - Национальном парке'}","{'location': 'Татра-Национальном парке', 'datetime': '6 утра'}"
,"Пожалуйста, забронируй мне стол в кафе, где подают домашнее печенье.",BookRestaurant,BookRestaurant,True,0.8775,False,False,True,"{'restaurant_type': 'кафе', 'served_dish': 'домашнее печенье'}","{'cuisine': 'домашнее печенье', 'facility': 'кафе', 'location': 'не указано', 'restaurant_type': 'кафе'}"
,Оцени серию The Mystery of the Tolling Bell на 4 звезды.,RateBook,RateBook,True,0.9169,False,False,True,"{'object_part_of_series_type': 'серию', 'object_name': 'The Mystery of the Tolling Bell', 'rating_value': '4', 'rating_unit': 'звезды'}","{'object_name': 'The Mystery of the Tolling Bell', 'object_part_of_series_type': None, 'object_select': None, 'rating_unit': 'звезд', 'rating_value': '4'}"
test_287,Используй Groove Shark для воспроизведения музыки,PlayMusic,PlayMusic,True,0.9003,False,False,False,{'service': 'Groove Shark'},"{'album': 'Groove Shark', 'service': 'Groove Shark'}"
,Проверь расписание сеансов Snowbound в ближайшем кинотеатре.,SearchScreeningEvent,SearchScreeningEvent,True,0.9539,False,False,True,"{'movie_name': 'Snowbound', 'location': 'ближайшем', 'object_location_type': 'кинотеатре'}","{'movie_name': 'Snowbound', 'location': 'ближайшем', 'object_location_type': 'кинотеатре', 'datetime': 'расписание'}"
test_289,Пожалуйста открой Zvooq,PlayMusic,PlayMusic,True,0.9776,False,False,False,{'service': 'Zvooq'},{'service': 'Zvooq'}
test_290,забронируй место на 1 человека в Town of Ramsgate in Merit,BookRestaurant,BookRestaurant,True,0.926,False,False,True,"{'party_size_number': '1', 'restaurant_name': 'Town of Ramsgate', 'location': 'Merit'}","{'party_size_number': '1', 'location': 'Town of Ramsgate in Merit'}"
,Будет ли Теория большого взрыва идти в 7 вечера?,SearchScreeningEvent,SearchScreeningEvent,True,0.9226,False,False,False,"{'movie_name': 'Теория большого взрыва', 'datetime': '7 вечера'}","{'movie_name': 'Теория большого взрыва', 'location': 'театр', 'datetime': '7 вечера'}"
,станет ли прохладнее в Кастерском национальном лесу в семь вечера,weather/find,weather/find,True,0.9265,False,False,True,"{'condition_temperature': 'прохладнее', 'location': 'Кастерском национальном лесу', 'datetime': 'семь вечера'}","{'datetime': 'семь вечера', 'location': 'Кастерский национальный лес', 'weather/attribute': 'прохладнее'}"
test_293,Я хочу послушать что-нибудь на Ютубе.,PlayMusic,PlayMusic,True,0.907,False,False,False,{'service': 'Ютубе'},{'service': 'YouTube'}
test_294,Найди игру Difficult Loves,SearchCreativeWork,SearchCreativeWork,True,0.9493,False,False,False,"{'object_type': 'игру', 'object_name': 'Difficult Loves'}","{'object_name': 'игра', 'object_type': 'Difficult Loves'}"
,Какой прогноз погоды на 20 февраля в Bothe-Napa Valley State Park?,weather/find,weather/find,True,0.9695,False,False,False,"{'datetime': '20 февраля', 'location': 'Bothe-Napa Valley State Park'}","{'location': 'Bothe-Napa Valley State Park', 'datetime': '20 февраля'}"
test_296,покажи мне расписание фильма The Great Gildersleeve возле кинотеатра,SearchScreeningEvent,SearchScreeningEvent,True,0.9593,False,False,True,"{'object_type': 'расписание', 'movie_name': 'The Great Gildersleeve', 'object_location_type': 'кинотеатра'}","{'movie_name': 'The Great Gildersleeve', 'location': 'ближайшем', 'object_location_type': 'кинотеатре'}"
test_297,Расскажи мне о прогнозе погоды в Гибсленде,weather/find,weather/find,True,0.948,False,False,False,{'location': 'Гибсленде'},"{'location': 'Гибсленде', 'weather/attribute': 'прогноз погоды'}"
test_298,Могу ли я узнать время сеансов в кинотеатрах по соседству?,SearchScreeningEvent,SearchScreeningEvent,True,0.8649,False,False,False,"{'object_type': 'время сеансов', 'movie_type': 'кинотеатрах', 'location': 'по соседству'}","{'location': 'по соседству', 'movie_name': 'не указано', 'object_location_type': 'кинотеатре', 'datetime': 'сеансы'}"
test_299,Оцени Soul Music на 0 .,RateBook,RateBook,True,0.8658,False,False,False,"{'object_name': 'Soul Music', 'rating_value': '0'}","{'object_name': 'Soul Music', 'object_type': 'книга', 'best_rating': '0', 'rating_unit': 'неизвестно'}"
test_300,Забронируй столик на пять человек в татарской таверне в Сарджентсе,BookRestaurant,BookRestaurant,True,0.9304,False,False,True,"{'party_size_number': 'пять', 'cuisine': 'татарской', 'restaurant_type': 'таверне', 'location': 'Сарджентсе'}","{'party_size_number': '5', 'restaurant_name': 'татарская таверна', 'location': 'Сарджентсе', 'cuisine': 'татарская'}"
,Включи All Things Must Pass,PlayMusic,PlayMusic,True,0.8694,False,False,True,{'track': 'All Things Must Pass'},"{'album': 'All Things Must Pass', 'artist': 'George Harrison', 'service': 'не указано'}"
test_302,Какой прогноз дождя в Южной Корее через час,weather/find,weather/find,True,0.9587,False,False,True,"{'condition_description': 'дождя', 'location': 'Южной Корее', 'datetime': 'час'}","{'condition_description': 'дождь', 'datetime': 'через час', 'location': 'Южная Корея'}"
test_303,Забронируй место на 4 персоны в Оклахоме в South Street Diner,BookRestaurant,BookRestaurant,True,0.9725,False,False,True,"{'party_size_number': '4', 'location': 'Оклахоме', 'restaurant_name': 'South Street Diner'}","{'party_size_number': '4', 'restaurant_name': 'South Street Diner', 'location': 'Оклахоме'}"
,Включи музыку с Нетфликса.,PlayMusic,PlayMusic,True,0.9014,False,False,False,{'service': 'Нетфликса'},{'music_item': 'музыку с Нетфликса'}
,Я хочу увидеть Shattered Image,SearchScreeningEvent,SearchCreativeWork,False,0.9606,False,False,False,{'movie_name': 'Shattered Image'},{'object_name': 'Shattered Image'}
test_306,Найди The Sound of One Hand Clapping,SearchCreativeWork,SearchCreativeWork,True,0.9642,False,False,False,{'object_name': 'The Sound of One Hand Clapping'},{'object_name': 'The Sound of One Hand Clapping'}
test_307,Найди альбом Wolves Within,SearchCreativeWork,SearchCreativeWork,True,0.9451,False,False,False,"{'object_type': 'альбом', 'object_name': 'Wolves Within'}","{'object_name': 'Wolves Within', 'object_type': 'альбом'}"
test_308,в каком кинотеатре идет We Are Northern Lights,SearchScreeningEvent,SearchScreeningEvent,True,0.9361,False,False,True,"{'object_location_type': 'кинотеатре', 'movie_name': 'We Are Northern Lights'}","{'movie_name': 'We Are Northern Lights', 'location': 'в каком кинотеатре'}"
test_309,Добавь our little corner of the world music from gilmore girls в мой плейлист The Funny Thing About Football Is.,AddToPlaylist,AddToPlaylist,True,0.9401,False,False,False,"{'entity_name': 'our little corner of the world music from gilmore girls', 'reference': 'мой', 'playlist': 'The Funny Thing About Football Is'}","{'music_item': 'our little corner of the world music', 'playlist': 'The Funny Thing About Football Is'}"
test_317,Добавь новейшую песню Richard McNamara в плейлист Just Smile,AddToPlaylist,AddToPlaylist,True,0.9285,False,False,False,"{'music_item': 'песню', 'artist': 'Richard McNamara', 'playlist': 'Just Smile'}","{'music_item': 'песня', 'artist': 'Richard McNamara', 'reference': 'Just Smile', 'playlist': 'Just Smile'}"
test_318,насколько здесь будет холодно через секунду,weather/find,weather/find,True,0.8888,False,False,True,"{'location': 'здесь', 'condition_temperature': 'холодно', 'datetime': 'через секунду'}","{'condition_description': 'холодно', 'datetime': 'через секунду', 'location': 'не указано'}"
test_319,Найди картинку с названием With You,SearchCreativeWork,SearchCreativeWork,True,0.9127,False,False,False,"{'object_type': 'картинку', 'object_name': 'With You'}","{'object_name': 'With You', 'object_type': 'с названием'}"
test_320,Найди творческую работу Deadly Weapons,SearchCreativeWork,SearchCreativeWork,True,0.9502,False,False,False,{'object_name': 'Deadly Weapons'},"{'object_name': 'Deadly Weapons', 'object_type': 'творческая работа'}"
,Какая погода будет в ноябре в Брукниле?,weather/find,weather/find,True,0.9283,False,False,False,"{'datetime': 'ноябре', 'location': 'Брукниле'}","{'location': 'Брукниле', 'datetime': 'в ноябре', 'weather/attribute': 'погода'}"
test_322,Забронируй столик в кафе на лапшу,BookRestaurant,BookRestaurant,True,0.8556,False,False,True,"{'restaurant_type': 'кафе', 'served_dish': 'лапшу'}","{'cuisine': 'лапша', 'facility': 'кафе', 'restaurant_name': 'не указано', 'sort': 'забронировать'}"
test_323,какой прогноз на Коста-Рике,weather/find,weather/find,True,0.9214,False,False,False,{'location': 'Коста - Рике'},"{'location': 'Коста-Рика', 'condition_description': 'прогноз', 'weather/attribute': 'прогноз'}"
test_324,Играет The Two Gladiators,SearchScreeningEvent,PlayMusic,False,0.9527,False,False,False,{'movie_name': 'The Two Gladiators'},{'album': 'The Two Gladiators'}
test_325,какие фильмы в Star Theatres .,SearchScreeningEvent,SearchScreeningEvent,True,0.92,False,False,False,"{'movie_type': 'фильмы', 'location': 'Star Theatres'}",{'location': 'Star Theatres'}
test_326,Можешь пожалуйста найти мне сагу Harry Hood ?,SearchCreativeWork,SearchCreativeWork,True,0.9121,False,False,False,"{'object_type': 'сагу', 'object_name': 'Harry Hood'}","{'object_name': 'сагу', 'object_type': 'книгу', 'artist': 'Harry Hood'}"
test_327,добавь эту мелодию в мой плейлист Sleepify,AddToPlaylist,AddToPlaylist,True,0.9472,False,False,False,"{'music_item': 'мелодию', 'reference': 'мой', 'playlist': 'Sleepify'}","{'music_item': 'мелодию', 'playlist': 'Sleepify'}"
test_328,Заиграет ли Any Which Way You Can через 15 секунд,SearchScreeningEvent,PlayMusic,False,0.8975,False,False,False,"{'movie_name': 'Any Which Way You Can', 'datetime': 'через 15 секунд'}","{'music_item': 'Any Which Way You Can', 'service': 'не указано', 'datetime': 'через 15 секунд'}"
test_329,Включи музыку с E-type .,PlayMusic,PlayMusic,True,0.8685,False,False,False,{'artist': 'E-type'},"{'album': 'E-type', 'service': 'не указано'}"
,Поставь одну звезду текущей книге,RateBook,RateBook,True,0.881,False,False,False,"{'rating_value': 'одну', 'object_select': 'текущей', 'object_type': 'книге'}","{'object_name': 'книга', 'object_type': 'книга', 'rating_value': '1', 'rating_unit': 'звезда'}"
test_331,Включи Another Passenger от Louis Nelson Delisle .,PlayMusic,PlayMusic,True,0.9676,False,False,True,"{'album': 'Another Passenger', 'artist': 'Louis Nelson Delisle'}","{'album': 'Another Passenger', 'artist': 'Louis Nelson Delisle'}"
test_332,Где я могу найти расписание фильмов,SearchScreeningEvent,SearchScreeningEvent,True,0.8643,False,False,False,{'object_type': 'расписание фильмов'},"{'object_type': 'расписание', 'movie_name': 'неизвестно', 'location': 'неизвестно'}"
test_333,какой прогноз на сентябрь 26 в Эмерадо Сен-Пьер и Микелон,weather/find,weather/find,True,0.9379,False,False,False,"{'datetime': 'сентябрь 26', 'location': 'Эмерадо Сен - Пьер и Микелон'}","{'location': 'Эмерадо Сен-Пьер и Микелон', 'datetime': 'сентябрь 26'}"
test_334,Давайте поедим рядом с Оукфилдом через пару минут в Ted Peters Famous Smoked Fish,BookRestaurant,BookRestaurant,True,0.8652,False,False,True,"{'location': 'рядом с | Оукфилдом', 'datetime': 'через пару минут', 'restaurant_name': 'Ted Peters Famous Smoked Fish'}","{'location': 'Оукфилд', 'facility': 'Ted Peters Famous Smoked Fish', 'datetime': 'пару минут', 'cuisine': 'smoked fish'}"
test_335,найди мне трейлер Good Morning Sunshine,SearchCreativeWork,SearchCreativeWork,True,0.9329,False,False,False,"{'object_type': 'трейлер', 'object_name': 'Good Morning Sunshine'}","{'object_name': 'трейлер', 'object_type': 'Good Morning Sunshine'}"
test_336,Я хочу забронировать пивную на 3 человек на Нидерландских Антильских островах .,BookRestaurant,BookRestaurant,True,0.9405,False,False,False,"{'restaurant_type': 'пивную', 'party_size_number': '3', 'location': 'Нидерландских Антильских островах'}","{'party_size_number': '3', 'location': 'Нидерландских Антильских островах', 'restaurant_type': 'пивная'}"
test_337,оцени этот текущий альбом на 0 звезд,RateBook,RateBook,True,0.9128,False,False,False,"{'object_select': 'этот текущий', 'object_type': 'альбом', 'rating_value': '0', 'rating_unit': 'звезд'}","{'object_name': 'альбом', 'object_type': 'книга', 'rating_value': '0', 'rating_unit': 'звезд'}"
test_338,Хотели бы забронировать место в Монако в кофейне Yankee Doodle Coffee Shop,BookRestaurant,BookRestaurant,True,0.9414,False,False,True,"{'location': 'Монако', 'restaurant_name': 'Yankee Doodle Coffee Shop'}","{'location': 'Монако', 'restaurant_name': 'Yankee Doodle Coffee Shop'}"
test_339,Добавь исполнителя в плейлист political punks.,AddToPlaylist,AddToPlaylist,True,0.9331,False,False,False,"{'music_item': 'исполнителя', 'playlist': 'political punks.'}","{'music_item': 'исполнителя', 'artist': 'political punks', 'reference': 'мой', 'playlist': 'political punks'}"
test_340,Будет ли холоднее через четыре месяца в Сувани AK,weather/find,weather/find,True,0.9319,False,False,True,"{'condition_temperature': 'холоднее', 'datetime': 'через четыре месяца', 'location': 'Сувани | AK'}","{'location': 'Сувани AK', 'datetime': 'через четыре месяца', 'weather/attribute': 'холоднее'}"
test_341,добавь  Muzika za decu в мой плейлист Crash Course,AddToPlaylist,AddToPlaylist,True,0.9406,False,False,False,"{'entity_name': 'Muzika za decu', 'reference': 'мой', 'playlist': 'Crash Course'}","{'music_item': 'Muzika za decu', 'playlist': 'Crash Course'}"
test_342,Можешь поискать сагу Molecular Oncology ?,SearchCreativeWork,SearchCreativeWork,True,0.9246,False,False,False,"{'object_type': 'сагу', 'object_name': 'Molecular Oncology'}","{'object_name': 'Molecular Oncology', 'object_type': 'книга'}"
test_343,Я хочу забронировать ресторан на шесть человек в Вагстаффе AK .,BookRestaurant,BookRestaurant,True,0.9021,False,False,False,"{'restaurant_type': 'ресторан', 'party_size_number': 'шесть', 'location': 'Вагстаффе | AK'}","{'party_size_number': 'шесть', 'restaurant_name': 'Вагстаффе AK', 'facility': 'ресторан', 'location': 'Вагстаффе'}"
test_344,Включи симфоническую музыку Дэвида Линдли .,PlayMusic,PlayMusic,True,0.9297,False,False,False,"{'music_item': 'симфоническую', 'artist': 'Дэвида Линдли'}","{'album': 'симфоническую музыку', 'artist': 'Дэвид Линдли'}"
,"Пожалуйста, найди мне телесериал Now We Are Married .",SearchCreativeWork,SearchCreativeWork,True,0.9475,False,False,False,"{'object_type': 'телесериал', 'object_name': 'Now We Are Married'}","{'object_name': 'телесериал', 'object_type': 'Now We Are Married'}"
test_346,Я хочу посмотреть Outcast .,SearchScreeningEvent,SearchScreeningEvent,True,0.8771,False,False,False,{'movie_name': 'Outcast'},"{'movie_name': 'Outcast', 'location': 'не указано'}"
test_347,добавь текущий трек в мой плейлист This Is Tchaikovsky,AddToPlaylist,AddToPlaylist,True,0.9592,False,False,False,"{'music_item': 'трек', 'reference': 'мой', 'playlist': 'This Is Tchaikovsky'}","{'music_item': 'текущий трек', 'playlist': 'This Is Tchaikovsky'}"
test_348,Включи This Is: Miles Davis на Lastfm .,PlayMusic,PlayMusic,True,0.973,False,False,False,"{'playlist': 'This Is: Miles Davis', 'service': 'Lastfm'}","{'album': 'This Is: Miles Davis', 'service': 'Lastfm'}"
test_349,забронируй лучший столик в Танзании на 5 человек в кафе,BookRestaurant,BookRestaurant,True,0.9348,False,False,False,"{'sort': 'лучший', 'location': 'Танзании', 'party_size_number': '5', 'restaurant_type': 'кафе'}","{'party_size_number': '5', 'restaurant_type': 'кафе', 'location': 'Танзания'}"
test_350,Давайте послушаем старого доброго Mohammad Mamlе на Vimeo .,PlayMusic,PlayMusic,True,0.9528,False,False,False,"{'sort': 'старого | доброго', 'artist': 'Mohammad Mamle', 'service': 'Vimeo'}","{'album': 'Mohammad Mamlе', 'artist': 'Mohammad Mamlе', 'service': 'Vimeo'}"
test_351,Помести трек Vandemataram Srinivas в HipHop Hot 50 .,AddToPlaylist,PlayMusic,False,0.9362,False,False,False,"{'music_item': 'трек', 'artist': 'Vandemataram Srinivas', 'playlist': 'HipHop Hot 50'}","{'music_item': 'трек', 'album': 'Vandemataram Srinivas', 'service': 'HipHop Hot 50'}"
test_352,Найди мне песню Secret South .,SearchCreativeWork,SearchCreativeWork,True,0.9212,False,False,False,"{'object_type': 'песню', 'object_name': 'Secret South'}","{'object_name': 'песня', 'object_type': 'песня', 'artist': 'Secret South'}"
test_353,песни девяностых на Zvooq,PlayMusic,PlayMusic,True,0.9226,False,False,False,"{'datetime': 'девяностых', 'service': 'Zvooq'}","{'album': 'песни девяностых', 'service': 'Zvooq', 'genre': '90s'}"
test_354,"какой прогноз погоды в Admire в Техасе, начиная с пяти вечера",weather/find,weather/find,True,0.9389,False,False,False,"{'location': 'Admire | Техасе', 'datetime': 'пяти | вечера'}","{'location': 'Admire, Техас', 'datetime': 'пять вечера'}"
test_355,Включи что-нибудь на Last Fm,PlayMusic,PlayMusic,True,0.9195,False,False,False,{'service': 'Last Fm'},{'service': 'Last Fm'}
,Я хочу посмотреть The Portrait of a Lady в ближайшем кинотеатре.,SearchScreeningEvent,SearchScreeningEvent,True,0.9158,False,False,True,"{'movie_name': 'The Portrait of a Lady', 'location': 'ближайшем', 'object_location_type': 'кинотеатре'}","{'movie_name': 'The Portrait of a Lady', 'location': 'ближайшем', 'object_location_type': 'кинотеатре', 'datetime': 'на ближайшем'}"
,Пожалуйста найди мне Phineas Redux.,SearchCreativeWork,SearchCreativeWork,True,0.9614,False,False,False,{'object_name': 'Phineas Redux'},{'object_name': 'Phineas Redux'}
test_358,Добавь мелодию 40 cal в плейлист laundry.,AddToPlaylist,AddToPlaylist,True,0.9064,False,False,False,"{'music_item': 'мелодию', 'artist': '40 cal', 'playlist': 'laundry'}","{'music_item': 'мелодию', 'playlist': 'laundry'}"
,Открой itunes и включи Ben Burnley Ready To Die.,PlayMusic,PlayMusic,True,0.9549,False,False,True,"{'service': 'itunes', 'artist': 'Ben Burnley', 'album': 'Ready To Die'}","{'album': 'Ben Burnley Ready To Die', 'artist': 'Ben Burnley', 'service': 'itunes'}"
,Какая погода будет около Памятника Лихула 5 декабря?,weather/find,weather/find,True,0.9603,False,False,False,"{'location': 'Памятника Лихула', 'datetime': '5 декабря'}","{'location': 'Памятник Лихула', 'datetime': '5 декабря', 'weather/attribute': 'погода'}"
,Покажи расписание Sexy Dance 2 в ближайшем кинотеатре.,SearchScreeningEvent,SearchScreeningEvent,True,0.9516,False,False,True,"{'object_type': 'расписание', 'movie_name': 'Sexy Dance 2', 'location': 'ближайшем', 'object_location_type': 'кинотеатре'}","{'movie_name': 'Sexy Dance 2', 'location': 'ближайшем', 'object_location_type': 'кинотеатре', 'datetime': 'расписание'}"
,Найди песню с названием Live at the Kings Center.,SearchCreativeWork,SearchCreativeWork,True,0.9357,False,False,False,"{'object_type': 'песню', 'object_name': 'Live at the Kings Center'}","{'object_name': 'песня', 'object_type': 'Live at the Kings Center'}"
,"Какая погода в Тайонеке, Нью-Джерси?",weather/find,weather/find,True,0.9335,False,False,False,{'location': 'Тайонеке | Нью | - Джерси'},"{'location': 'Тайонеке, Нью-Джерси', 'condition_description': 'погода'}"
test_364,Я хочу забронировать Tupelo Honey Cafe в Нью-Джерси для пяти человек.,BookRestaurant,BookRestaurant,True,0.9362,False,False,True,"{'restaurant_name': 'Tupelo Honey Cafe', 'location': 'Нью | - Джерси', 'party_size_number': 'пяти'}","{'party_size_number': 'пять', 'restaurant_name': 'Tupelo Honey Cafe', 'location': 'Нью-Джерси', 'facility': 'забронировать'}"
,Забронируй место для меня и моих племянниц в чайном домике.,BookRestaurant,BookRestaurant,True,0.8494,False,False,True,"{'party_size_description': 'меня и моих племянниц', 'restaurant_type': 'чайном домике'}","{'party_size_number': '3', 'facility': 'чайный домик', 'restaurant_name': 'не указано', 'sort': 'не указано'}"
,Будет ли жарко в Нидерландах 16 февраля?,weather/find,weather/find,True,0.9514,False,False,True,"{'condition_temperature': 'жарко', 'location': 'Нидерландах', 'datetime': '16 февраля'}","{'location': 'Нидерланды', 'datetime': '16 февраля', 'weather/attribute': 'жарко'}"
,Я хотел бы добавить Jordan Rudess в плейлист Divertido para niños.,AddToPlaylist,AddToPlaylist,True,0.9419,False,False,False,"{'artist': 'Jordan Rudess', 'playlist': 'Divertido para niños'}","{'music_item': 'исполнитель', 'artist': 'Jordan Rudess', 'reference': 'мой', 'playlist': 'Divertido para niños'}"
,Оцени In the Company of Cheerful Ladies на ноль из 6.,RateBook,RateBook,True,0.9373,False,False,False,"{'object_name': 'In the Company of Cheerful Ladies', 'rating_value': 'ноль', 'best_rating': '6'}","{'object_name': 'In the Company of Cheerful Ladies', 'object_part_of_series_type': None, 'object_select': None, 'rating_unit': None, 'rating_value': '0'}"
test_112,Что такое суровый прогноз погода?,weather/find,none,False,0.0,True,False,False,{'weather/attribute': 'суровый'},{}
test_113,напомни мне о визите к врачу на следующей недели,reminder/set_reminder,reminder/set_reminder,True,0.9255,False,False,False,"{'reminder/todo': 'визите к врачу', 'datetime': 'на следующей недели'}","{'reference': 'визит к врачу', 'recurring_datetime': 'на следующей недели'}"
test_114,поставь напоминание о походе в магазин в 8 утра,reminder/set_reminder,reminder/set_reminder,True,0.9193,False,False,False,"{'reminder/todo': 'походе в магазин', 'datetime': '8 утра'}","{'reference': 'поход в магазин', 'recurring_datetime': '8 утра', 'reminder/todo': 'поход в магазин'}"
test_115,Поставь напоминание о сдачи вещей в химчистку,reminder/set_reminder,reminder/set_reminder,True,0.9387,False,False,False,{'reminder/todo': 'сдачи вещей в химчистку'},{'reminder/todo': 'сдачи вещей в химчистку'}
test_116,когда похоладает?,weather/find,weather/find,True,0.842,False,False,False,{'weather/attribute': 'похоладает'},"{'condition_description': 'похолодает', 'location': 'не указано', 'weather/attribute': 'похолодает'}"
test_243,будет ли дождь на этой недели,weather/find,weather/find,True,0.9085,False,False,False,"{'weather/attribute': 'дождь', 'datetime': 'этой недели'}","{'condition_description': 'дождь', 'datetime': 'на этой неделе', 'location': 'не указано'}"
test_118,удали все будильники,alarm/cancel_alarm,alarm/cancel_alarm,True,0.954,False,False,False,{'reference': 'все'},{'reference': 'все мои'}
test_179,отмени будильники,alarm/cancel_alarm,alarm/cancel_alarm,True,0.9186,False,False,False,{},{'reference': 'все мои'}
test_120,покажи мне текущие будильники,alarm/show_alarms,alarm/show_alarms,True,0.9459,False,False,False,{'reference': 'текущие'},{}
test_121,На какое время у меня установлен будильник?,alarm/show_alarms,alarm/show_alarms,True,0.918,False,False,False,{},{}
test_189,В субботу пойдет дождь?,weather/find,weather/find,True,0.9355,False,False,False,{'datetime': 'субботу'},"{'condition_description': 'дождь', 'datetime': 'суббота'}"
test_123,насколько жарко сегодня будет,weather/find,weather/find,True,0.8617,False,False,False,"{'weather/attribute': 'жарко', 'datetime': 'сегодня'}","{'condition_description': 'жарко', 'location': 'текущая', 'weather/attribute': 'температура'}"
test_124,Сбрось все будильники,alarm/cancel_alarm,alarm/cancel_alarm,True,0.9594,False,False,False,{'reference': 'все'},{'reference': 'все мои'}
test_125,Погода в Тахо в эти выходных?,weather/find,weather/find,True,0.9616,False,False,False,"{'location': 'Тахо', 'datetime': 'эти выходные'}","{'location': 'Тахо', 'datetime': 'эти выходные'}"
test_126,Понадобится ли курта сегодня?,weather/find,weather/find,True,0.9017,False,False,False,"{'weather/attribute': 'куртка', 'datetime': 'сегодня'}","{'condition_description': 'Понадобится ли курта', 'location': 'today'}"
test_127,Когда дождь закончится?,weather/find,weather/find,True,0.8975,False,False,False,{'weather/attribute': 'дождь'},"{'condition_description': 'дождь', 'location': 'не указано'}"
test_128,Поставь напоминание позвонить в школу в понедельник в 4 часа дня,reminder/set_reminder,reminder/set_reminder,True,0.9309,False,False,False,"{'reminder/todo': 'позвонить в школу', 'datetime': 'понедельник в 4 часа дня'}","{'reference': 'звонок в школу', 'recurring_datetime': 'понедельник', 'datetime': '4 часа дня'}"
test_129,Выключи текущий будильник.,alarm/cancel_alarm,alarm/cancel_alarm,True,0.9556,False,False,False,{'reference': 'текущий'},{'reference': 'текущий'}
test_130,Насколько холодно будет сегодня вечером?,weather/find,weather/find,True,0.8537,False,False,False,"{'weather/attribute': 'холодно', 'datetime': 'сегодня вечером'}","{'condition_description': 'холодно', 'datetime': 'текущий', 'location': 'не указано'}"
,поставь будильник на 7 утра на завтра,alarm/set_alarm,alarm/set_alarm,True,0.9606,False,False,False,{'datetime': '7 утра на завтра'},"{'reference': 'текущий', 'recurring_datetime': 'завтра', 'datetime': '7 утра'}"
test_132,"Отмени текущее напоминание о том, чтобы забрать Роба",reminder/cancel_reminder,reminder/cancel_reminder,True,0.967,False,False,False,"{'reference': 'текущее', 'reminder/todo': 'забрать Роба'}","{'reference': 'текущее', 'reminder/todo': 'забрать Роба'}"
test_133,Создай напоминание на завтра о покупке молока,reminder/set_reminder,reminder/set_reminder,True,0.923,False,False,False,"{'datetime': 'завтра', 'reminder/todo': 'покупке молока'}","{'reference': 'на завтра', 'reminder/todo': 'покупка молока'}"
test_134,поставь будильник на 6 вечера,alarm/set_alarm,alarm/set_alarm,True,0.9479,False,False,False,{'datetime': '6 вечера'},"{'reference': 'текущий', 'recurring_datetime': '6 вечера', 'datetime': '6 вечера'}"
test_135,запланируй ежедневный будильник на 7:30 вечера до удаления,alarm/set_alarm,alarm/set_alarm,True,0.9257,False,False,False,{'recurring_datetime': 'ежедневный | 7:30 вечера'},"{'reference': 'ежедневный', 'recurring_datetime': '7:30 вечера', 'datetime': 'ежедневный'}"
test_198,напомни мне поставить будильник для подъема,reminder/set_reminder,reminder/set_reminder,True,0.8599,False,False,False,{'reminder/todo': 'поставить будильник для подъема'},"{'reference': 'будильник', 'recurring_datetime': 'понедельник', 'datetime': 'утро'}"
test_137,Отмени текущее напоминание,reminder/cancel_reminder,reminder/cancel_reminder,True,0.9594,False,False,False,{'reference': 'текущее'},{}
test_235,Сегодня пойдет снег?,weather/find,weather/find,True,0.9109,False,False,False,"{'datetime': 'Сегодня', 'weather/attribute': 'снег'}","{'condition_description': 'снег', 'location': 'сейчас', 'weather/attribute': 'погода'}"
test_139,Покажи мне все будильники,alarm/show_alarms,alarm/show_alarms,True,0.9087,False,False,False,{'reference': 'все'},{}
test_237,покажи все напоминания,reminder/show_reminders,reminder/show_reminders,True,0.9119,False,False,False,{'reference': 'все'},{}
test_141,сколько времени осталось до текущего будильника,alarm/time_left_on_alarm,alarm/show_alarms,False,0.8757,False,True,False,{'reference': 'текущего'},{'reference': 'текущий'}
test_142,поставь будильник на 2 часа,alarm/set_alarm,alarm/set_alarm,True,0.9621,False,False,False,{'datetime': '2 часа'},"{'reference': 'текущий', 'recurring_datetime': '2 часа'}"
test_143,Напомни мне купить хлеб после работы,reminder/set_reminder,reminder/set_reminder,True,0.9377,False,False,False,"{'reminder/todo': 'купить хлеб', 'datetime': 'после работы'}","{'reminder/todo': 'купить хлеб', 'reference': 'после работы'}"
test_144,Сегодня будет дождь?,weather/find,weather/find,True,0.8818,False,False,False,"{'datetime': 'Сегодня', 'weather/attribute': 'дождь'}","{'condition_description': 'дождь', 'location': 'текущая дата', 'weather/attribute': 'будет'}"
test_145,прочитай прогноз погоды на сегодня,weather/find,weather/find,True,0.909,False,False,False,{'datetime': 'сегодня'},"{'condition_description': 'прогноз погоды', 'location': 'на сегодня'}"
test_146,На какое время установлен текущий будильник?,alarm/show_alarms,alarm/show_alarms,True,0.9162,False,False,False,{'reference': 'текущий'},{}
test_147,завтра в 4 напомни мне сходить в торговый центр,reminder/set_reminder,reminder/set_reminder,True,0.9277,False,False,False,"{'datetime': 'завтра в 4', 'reminder/todo': 'сходить в торговый центр'}","{'reference': 'сходить', 'recurring_datetime': 'завтра', 'datetime': '4', 'reminder/todo': 'сходить в торговый центр'}"
test_148,сегодня мне понадобится зонт,weather/find,weather/find,True,0.8844,False,False,False,"{'datetime': 'сегодня', 'weather/attribute': 'зонт'}","{'condition_description': 'сегодня', 'weather/attribute': 'зонт'}"
test_216,Покажи текущее напоминание,reminder/show_reminders,reminder/show_reminders,True,0.9067,False,False,False,{'reference': 'текущее'},{}
test_237,покажи все напоминания,reminder/show_reminders,reminder/show_reminders,True,0.9119,False,False,False,{'reference': 'все'},{}
test_151,Установи напоминание покормить собаку в понедельник.,reminder/set_reminder,reminder/set_reminder,True,0.9337,False,False,False,"{'reminder/todo': 'покормить собаку', 'datetime': 'понедельник'}","{'reminder/todo': 'покормить собаку', 'reference': 'понедельник'}"
test_152,"Поставь напоминание ""Класс саб-йоги во вторник вечером в Bala"" на завтра",reminder/set_reminder,reminder/set_reminder,True,0.9044,False,False,False,"{'reminder/todo': 'Класс саб-йоги во вторник вечером в Bala', 'datetime': 'завтра'}","{'reference': 'класс саб-йоги', 'recurring_datetime': 'во вторник вечером', 'datetime': 'завтра'}"
test_153,Отмени все напоминания на сегодня,reminder/cancel_reminder,reminder/cancel_reminder,True,0.9132,False,False,False,"{'reference': 'все', 'datetime': 'сегодня'}",{'reference': 'все мои'}
test_154,Какая погода будет в Нью Йорке на этой недели,weather/find,weather/find,True,0.9461,False,False,False,"{'location': 'Нью Йорке', 'datetime': 'этой недели'}","{'location': 'Нью Йорк', 'datetime': 'на этой неделе', 'weather/attribute': 'погода'}"
test_155,напомни мне о визите к доктору в четверг в 12 часов дня,reminder/set_reminder,reminder/set_reminder,True,0.924,False,False,False,"{'reminder/todo': 'визите к доктору', 'datetime': 'четверг в 12 часов дня'}","{'reference': 'визит', 'recurring_datetime': 'четверг', 'datetime': '12 часов дня'}"
test_156,Установи будильник на 6:50 вечера,alarm/set_alarm,alarm/set_alarm,True,0.9594,False,False,False,{'datetime': '6:50 вечера'},"{'reference': 'мой', 'recurring_datetime': 'ежедневный', 'datetime': '6 : 50 вечера'}"
test_235,Пойдет ли снег сегодня?,weather/find,weather/find,True,0.8534,False,False,False,"{'weather/attribute': 'снег', 'datetime': 'сегодня'}","{'condition_description': 'снег', 'location': 'текущая', 'weather/attribute': 'пойдет ли'}"
test_158,Какие будильники установлены?,alarm/show_alarms,alarm/show_alarms,True,0.9175,False,False,False,{},{}
test_159,Установи напоминание на 7 октября,reminder/set_reminder,reminder/set_reminder,True,0.9114,False,False,False,{'datetime': '7 октября'},"{'reference': 'установить', 'recurring_datetime': '7 октября'}"
test_160,Будет ли сегодня снег?,weather/find,weather/find,True,0.882,False,False,False,"{'datetime': 'сегодня', 'weather/attribute': 'снег'}","{'condition_description': 'снег', 'location': 'текущая дата', 'weather/attribute': 'будет'}"
test_161,отложи будильник на 15 минут,alarm/snooze_alarm,alarm/snooze_alarm,True,0.9744,False,True,False,{'datetime': '15 минут'},"{'reference': 'текущий', 'recurring_datetime': '15 минут'}"
test_237,покажи все напоминания,reminder/show_reminders,reminder/show_reminders,True,0.9119,False,False,False,{'reference': 'все'},{}
test_2,Нужен ли мне свитер?,weather/find,SearchCreativeWork,False,0.9057,False,False,False,{'weather/attribute': 'свитер'},{'object_name': 'свитер'}
test_3,Добавь напоминание на сегодня на 4 часа дня,reminder/set_reminder,reminder/set_reminder,True,0.9417,False,False,False,{'datetime': 'сегодня на 4 часа дня'},"{'reference': 'текущий', 'recurring_datetime': 'на сегодня', 'datetime': '4 часа дня'}"
test_137,Отмени текущее напоминание,reminder/cancel_reminder,reminder/cancel_reminder,True,0.9594,False,False,False,{'reference': 'текущее'},{}
test_5,Напомни мне заправиться.,reminder/set_reminder,reminder/show_reminders,False,0.9541,False,False,False,{'reminder/todo': 'заправиться'},{'reminder/todo': 'заправиться'}
test_6,Нужен ли мне зонт в среду?,weather/find,weather/find,True,0.8789,False,False,False,"{'weather/attribute': 'зонт', 'datetime': 'среду'}","{'condition_description': 'нужен ли мне зонт', 'location': 'среду'}"
test_7,отложи будильники на 5 минут,alarm/snooze_alarm,alarm/snooze_alarm,True,0.9719,False,True,False,{'datetime': '5 минут'},"{'reference': 'текущий', 'recurring_datetime': '5 минут'}"
test_8,поставь напоминание о дне рождения Макса,reminder/set_reminder,reminder/set_reminder,True,0.8674,False,False,False,{'reminder/todo': 'напоминание о дне рождения Макса'},"{'reference': 'Дня рождения Макса', 'reminder/todo': 'покажи напоминание'}"
test_237,покажи все напоминания,reminder/show_reminders,reminder/show_reminders,True,0.9119,False,False,False,{'reference': 'все'},{}
test_10,Покажи все будильники.,alarm/show_alarms,alarm/show_alarms,True,0.9153,False,False,False,{'reference': 'все'},{}
test_144,Сегодня будет дождь?,weather/find,weather/find,True,0.8818,False,False,False,"{'datetime': 'Сегодня', 'weather/attribute': 'дождь'}","{'condition_description': 'дождь', 'location': 'текущая дата', 'weather/attribute': 'будет'}"
test_12,Поставь будильник на 8 утра,alarm/set_alarm,alarm/set_alarm,True,0.9626,False,False,False,{'datetime': '8 утра'},"{'reference': 'текущий', 'recurring_datetime': 'ежедневный', 'datetime': '8 утра'}"
test_96,Какая сегодня температура?,weather/find,weather/find,True,0.8603,False,False,False,"{'datetime': 'сегодня', 'weather/attribute': 'температура'}","{'condition_description': 'температура', 'location': 'текущая', 'weather/attribute': 'температура'}"
test_216,Покажи текущее напоминание,reminder/show_reminders,reminder/show_reminders,True,0.9067,False,False,False,{'reference': 'текущее'},{}
test_245,покажи все будильники,alarm/show_alarms,alarm/show_alarms,True,0.9095,False,False,False,{'reference': 'все'},{}
test_16,Напомни мне поговорить с Беном о Джорджии,reminder/set_reminder,reminder/set_reminder,True,0.9215,False,False,False,{'reminder/todo': 'поговорить с Беном о Джорджии'},"{'reminder/todo': 'поговорить с Беном о Джорджии', 'reference': 'поговорить'}"
test_17,Поставь будильник на 5 утра,alarm/set_alarm,alarm/set_alarm,True,0.9459,False,False,False,{'datetime': '5 утра'},"{'reference': 'текущий', 'recurring_datetime': '5 утра'}"
test_18,сегодня пасмурно,weather/find,weather/find,True,0.9167,False,False,False,"{'datetime': 'сегодня', 'weather/attribute': 'пасмурно'}","{'condition_description': 'пасмурно', 'location': 'сейчас'}"
test_19,Сколько дюймов дождя выпадет сегодня?,weather/find,weather/find,True,0.8438,False,False,False,"{'weather/attribute': 'дюймов дождя', 'datetime': 'сегодня'}","{'condition_description': 'дождь', 'location': 'текущий', 'datetime': 'текущий'}"
test_20,Напомни мне позвонить сестре завтра,reminder/set_reminder,reminder/set_reminder,True,0.9267,False,False,False,"{'reminder/todo': 'позвонить сестре', 'datetime': 'завтра'}","{'reference': 'сестре', 'reminder/todo': 'позвонить'}"
test_21,выключи будильник,alarm/cancel_alarm,alarm/cancel_alarm,True,0.9568,False,False,False,{},{}
test_22,Будет ли жарко на этой неделе?,weather/find,weather/find,True,0.8851,False,False,False,"{'weather/attribute': 'жарко', 'datetime': 'этой неделе'}","{'condition_description': 'жарко', 'datetime': 'на этой неделе', 'location': 'не указано'}"
test_23,Поставь будильник на 3 часа дня,alarm/set_alarm,alarm/set_alarm,True,0.9671,False,False,False,{'datetime': '3 часа дня'},"{'reference': 'текущий', 'recurring_datetime': '3 часа дня'}"
test_61,сегодня будет снег,weather/find,weather/find,True,0.9002,False,False,False,"{'datetime': 'сегодня', 'weather/attribute': 'снег'}","{'condition_description': 'снег', 'datetime': 'сегодня', 'location': 'не указано'}"
test_118,удали все будильники,alarm/cancel_alarm,alarm/cancel_alarm,True,0.954,False,False,False,{'reference': 'все'},{'reference': 'все мои'}
test_26,Покажи мне все напоминания,reminder/show_reminders,reminder/show_reminders,True,0.9185,False,False,False,{'reference': 'все'},{}
test_230,Сколько времени осталость до будильника.,alarm/time_left_on_alarm,alarm/show_alarms,False,0.8743,False,True,False,{},{'reference': 'будильник'}
test_183,Какие у меня напоминания?,reminder/show_reminders,reminder/show_reminders,True,0.9401,False,False,False,{'reference': 'меня'},{}
test_29,Поставь ежедневный будильник на 8 утра,alarm/set_alarm,alarm/set_alarm,True,0.9714,False,False,False,{'recurring_datetime': 'ежедневный | 8 утра'},"{'reference': 'мой', 'recurring_datetime': 'ежедневный', 'datetime': '8 утра'}"
test_30,можешь показать мне будильники?,alarm/show_alarms,alarm/show_alarms,True,0.943,False,False,False,{},{}
test_31,В мире Диснея сегодня ожидаются бури?,weather/find,weather/find,True,0.9119,False,False,False,"{'location': 'В мире Диснея', 'datetime': 'сегодня', 'weather/attribute': 'бури'}","{'condition_description': 'бури', 'location': 'мир Диснея', 'datetime': 'сегодня'}"
test_61,сегодня будет снег,weather/find,weather/find,True,0.9002,False,False,False,"{'datetime': 'сегодня', 'weather/attribute': 'снег'}","{'condition_description': 'снег', 'datetime': 'сегодня', 'location': 'не указано'}"
test_245,покажи все будильники,alarm/show_alarms,alarm/show_alarms,True,0.9095,False,False,False,{'reference': 'все'},{}
test_218,Сегодня холодно?,weather/find,weather/find,True,0.8676,False,False,False,"{'datetime': 'Сегодня', 'weather/attribute': 'холодно'}","{'condition_description': 'холодно', 'location': 'текущая', 'weather/attribute': 'холодно'}"
test_35,Пожалуйста отмени будильник на утро четверга.,alarm/cancel_alarm,alarm/cancel_alarm,True,0.9591,False,False,False,{'datetime': 'утро четверга'},"{'reference': 'текущий', 'recurring_datetime': 'ежедневный', 'datetime': 'четверг'}"
test_144,Сегодня будет дождь?,weather/find,weather/find,True,0.8818,False,False,False,"{'datetime': 'Сегодня', 'weather/attribute': 'дождь'}","{'condition_description': 'дождь', 'location': 'текущая дата', 'weather/attribute': 'будет'}"
test_37,в Канаде идет снег,weather/find,weather/find,True,0.9173,False,False,False,"{'location': 'Канаде', 'weather/attribute': 'снег'}","{'condition_description': 'снег', 'location': 'Канада', 'weather/attribute': 'на улице'}"
test_38,Какой максимум будет сегодня?,weather/find,weather/find,True,0.8445,False,False,False,"{'weather/attribute': 'максимум', 'datetime': 'сегодня'}","{'condition_description': 'максимум', 'location': 'текущая', 'weather/attribute': 'температура'}"
test_39,"Выпадет ли сегодня вечером достаточно снега, чтобы сделать поездки опасными?",weather/find,weather/find,True,0.8809,False,False,False,"{'datetime': 'сегодня вечером', 'weather/attribute': 'снега'}","{'condition_description': 'падение снега', 'location': 'сейчас', 'weather/attribute': 'опасные поездки'}"
test_237,покажи все напоминания,reminder/show_reminders,reminder/show_reminders,True,0.9119,False,False,False,{'reference': 'все'},{}
test_41,удали все напоминания,reminder/cancel_reminder,reminder/cancel_reminder,True,0.9042,False,False,False,{'reference': 'все'},{'reference': 'все мои'}
test_42,понадобится лм мне завтра куртка?,weather/find,weather/find,True,0.8494,False,False,False,"{'datetime': 'завтра', 'weather/attribute': 'куртка'}","{'condition_description': 'понадобится лм', 'location': 'не указано', 'weather/attribute': 'куртка'}"
test_43,Сколько времени осталось до будильника,alarm/time_left_on_alarm,alarm/show_alarms,False,0.8667,False,True,False,{},{}
test_44,Останови будильник,alarm/snooze_alarm,alarm/cancel_alarm,False,0.9359,False,True,False,{},{}
test_139,Покажи мне все будильники,alarm/show_alarms,alarm/show_alarms,True,0.9087,False,False,False,{'reference': 'все'},{}
test_46,Какая погода в Йеллоустоуне?,weather/find,weather/find,True,0.9327,False,False,False,{'location': 'Йеллоустоуне'},"{'location': 'Йеллоустоун', 'weather/attribute': 'погода'}"
test_202,Какая сегодня погода?,weather/find,weather/find,True,0.8604,False,False,False,{'datetime': 'сегодня'},"{'condition_description': 'погода', 'location': 'текущая', 'weather/attribute': 'погода'}"
test_48,"Удали текущее напоминание о том, что завтра нужно забрать Патрика из школы.",reminder/cancel_reminder,reminder/cancel_reminder,True,0.9552,False,False,False,"{'reference': 'текущее', 'datetime': 'завтра', 'reminder/todo': 'забрать Патрика из школы'}","{'reference': 'текущее', 'reminder/todo': 'завтра нужно забрать Патрика из школы'}"
test_49,"Напомни мне завта в это же время, записаться на прием к врачу",reminder/set_reminder,reminder/set_reminder,True,0.9282,False,False,False,"{'datetime': 'завтра в это же время', 'reminder/todo': 'записаться на прием к врачу'}","{'reference': 'завта', 'recurring_datetime': 'это же время', 'reminder/todo': 'записаться на прием к врачу'}"
test_50,Напомни мне отказаться от аренды,reminder/set_reminder,reminder/cancel_reminder,False,0.9091,False,False,False,{'reminder/todo': 'отказаться от аренды'},{'reference': 'отказаться от аренды'}
test_51,когда закончится дождь?,weather/find,weather/find,True,0.9109,False,False,False,{'weather/attribute': 'дождь'},"{'condition_description': 'дождь', 'datetime': 'когда'}"
test_179,отмени будильники,alarm/cancel_alarm,alarm/cancel_alarm,True,0.9186,False,False,False,{},{'reference': 'все мои'}
test_53,Напомни мне позвонить Стефани во вторник,reminder/set_reminder,reminder/set_reminder,True,0.9401,False,False,False,"{'reminder/todo': 'позвонить Стефани', 'datetime': 'вторник'}","{'reference': 'позвонить', 'reminder/todo': 'Стефани', 'recurring_datetime': 'вторник'}"
test_224,покажи все текущие будильники,alarm/show_alarms,alarm/show_alarms,True,0.9391,False,False,False,{'reference': 'все текущие'},{}
test_232,Насколько жарко сегодня будет?,weather/find,weather/find,True,0.8669,False,False,False,"{'weather/attribute': 'жарко', 'datetime': 'сегодня'}","{'condition_description': 'жарко', 'location': 'текущая', 'weather/attribute': 'температура'}"
test_56,Установи будильник на 5 часов вечера сегодня,alarm/set_alarm,alarm/set_alarm,True,0.9065,False,False,False,{'datetime': '5 часов вечера сегодня'},"{'reference': 'текущий', 'recurring_datetime': '5 часов вечера', 'datetime': 'текущий'}"
test_57,напомни мне сходить к врачу 21 августа в 3 часа дня,reminder/set_reminder,reminder/set_reminder,True,0.945,False,False,False,"{'reminder/todo': 'сходить к врачу', 'datetime': '21 августа в 3 часа дня'}","{'datetime': '21 августа', 'recurring_datetime': '3 часа дня', 'reminder/todo': 'сходить к врачу'}"
test_58,отмени текущее повторяющееся напоминание о приеме лекарств ежедневно в 7 утра,reminder/cancel_reminder,reminder/cancel_reminder,True,0.9315,False,False,False,"{'reminder/todo': 'приеме лекарств', 'recurring_datetime': 'ежедневно в 7 утра'}","{'reference': 'текущее', 'recurring_datetime': 'ежедневный', 'reminder/todo': 'прием лекарств'}"
test_59,когда по прогнозу будет дождь,weather/find,weather/find,True,0.9291,False,False,False,{'weather/attribute': 'дождь'},"{'condition_description': 'дождь', 'datetime': 'по прогнозу'}"
test_60,На какое время установлен текущий будильник на завтрашнее утро?,alarm/show_alarms,alarm/show_alarms,True,0.9015,False,False,False,"{'reference': 'текущий', 'datetime': 'завтрашнее утро'}",{}
test_61,сегодня будет снег,weather/find,weather/find,True,0.9002,False,False,False,"{'datetime': 'сегодня', 'weather/attribute': 'снег'}","{'condition_description': 'снег', 'datetime': 'сегодня', 'location': 'не указано'}"
test_129,Выключи текущий будильник.,alarm/cancel_alarm,alarm/cancel_alarm,True,0.9556,False,False,False,{'reference': 'текущий'},{'reference': 'текущий'}
test_234,отмени все будильники,alarm/cancel_alarm,alarm/cancel_alarm,True,0.9402,False,False,False,{'reference': 'все'},{'reference': 'все мои'}
test_64,напомни мне купить продукты,reminder/set_reminder,reminder/set_reminder,True,0.9645,False,False,False,{'reminder/todo': 'купить продукты'},{'reminder/todo': 'купить продукты'}
test_65,Мне нужен будильник на 9 утра для завтрака,alarm/set_alarm,alarm/set_alarm,True,0.9472,False,False,False,{'datetime': '9 утра'},"{'reference': 'мой', 'recurring_datetime': 'завтрак', 'datetime': '9 утра'}"
test_66,установи напоминание о просмотре Колтс за час до начала игры,reminder/set_reminder,reminder/set_reminder,True,0.9257,False,False,False,"{'reminder/todo': 'просмотре Колтс', 'datetime': 'за час до начала игры'}","{'reference': 'просмотр', 'recurring_datetime': 'за час до начала', 'reminder/todo': 'Колтс'}"
test_234,отмени все будильники,alarm/cancel_alarm,alarm/cancel_alarm,True,0.9402,False,False,False,{'reference': 'все'},{'reference': 'все мои'}
test_68,Отмени текущее третье напоминание в этом списке,reminder/cancel_reminder,reminder/cancel_reminder,True,0.9153,False,False,False,{'reference': 'текущее третье'},"{'reference': 'текущее', 'recurring_datetime': 'третье'}"
test_87,установи будильник на 6 утра,alarm/set_alarm,alarm/set_alarm,True,0.9419,False,False,False,{'datetime': '6 утра'},"{'reference': 'будильник', 'recurring_datetime': '6 утра'}"
test_70,Сейчас сбрось этот будильник и установи на 2 часа дня,alarm/cancel_alarm,alarm/cancel_alarm,True,0.9573,False,False,False,"{'datetime': 'Сейчас | 2 часа дня', 'reference': 'этот'}","{'reference': 'текущий', 'recurring_datetime': 'ежедневный', 'datetime': '2 часа дня'}"
test_71,Пойдет ли снег?,weather/find,weather/find,True,0.8778,False,False,False,{'weather/attribute': 'снег'},"{'condition_description': 'снег', 'location': 'не указано', 'weather/attribute': 'пойдет ли'}"
test_72,Напомни мне заплатить арендную плату.,reminder/set_reminder,reminder/set_reminder,True,0.951,False,False,False,{'reminder/todo': 'заплатить арендную плату'},{'reminder/todo': 'платить арендную плату'}
test_73,какой минимум на завтра,weather/find,weather/find,True,0.8739,False,False,False,"{'weather/attribute': 'минимум', 'datetime': 'завтра'}","{'condition_description': 'какой минимум', 'location': 'на завтра'}"
test_74,cегодня будет солнечно?,weather/find,weather/find,True,0.9243,False,False,False,"{'datetime': 'сегодня', 'weather/attribute': 'солнечно'}","{'condition_description': 'солнечно', 'location': 'сейчас'}"
test_84,Сколько у меня напоминаний на сегодня?,reminder/show_reminders,reminder/show_reminders,True,0.8939,False,False,False,{'datetime': 'сегодня'},{}
test_76,Какие у меня напоминание на завтра?,reminder/show_reminders,reminder/show_reminders,True,0.9241,False,False,False,"{'reference': 'меня', 'datetime': 'завтра'}",{}
test_77,Отмени все текущие напоминания.,reminder/cancel_reminder,reminder/cancel_reminder,True,0.8935,False,False,False,{'reference': 'все текущие'},{'reference': 'все текущие'}
test_78,установи будильник на 6 утра на завтра,alarm/set_alarm,alarm/set_alarm,True,0.9548,False,False,False,{'datetime': '6 утра на завтра'},"{'reference': 'текущий', 'recurring_datetime': 'завтра', 'datetime': '6 утра'}"
test_79,Установи будильник на 30 минут,alarm/set_alarm,alarm/set_alarm,True,0.9687,False,False,False,{'datetime': '30 минут'},"{'reference': 'текущий', 'recurring_datetime': '30 минут'}"
test_80,Установи будильник на час вперед,alarm/set_alarm,alarm/set_alarm,True,0.964,False,False,False,{'datetime': 'час вперед'},"{'reference': 'текущий', 'recurring_datetime': 'час вперед'}"
test_234,отмени все будильники,alarm/cancel_alarm,alarm/cancel_alarm,True,0.9402,False,False,False,{'reference': 'все'},{'reference': 'все мои'}
test_82,прогноз погоды в Лос Анджелесе,weather/find,weather/find,True,0.9429,False,False,False,{'location': 'Лос Анджелесе'},"{'location': 'Лос Анджелесе', 'weather/attribute': 'прогноз погоды'}"
test_234,отмени все будильники,alarm/cancel_alarm,alarm/cancel_alarm,True,0.9402,False,False,False,{'reference': 'все'},{'reference': 'все мои'}
test_84,Сколько у меня напоминаний на сегодня?,reminder/show_reminders,reminder/show_reminders,True,0.8939,False,False,False,{'datetime': 'сегодня'},{}
test_85,Напомни мне купить бумажные полотенца в магазине завтра,reminder/set_reminder,reminder/set_reminder,True,0.9578,False,False,False,"{'reminder/todo': 'купить бумажные полотенца в магазине', 'datetime': 'завтра'}","{'reminder/todo': 'купить бумажные полотенца', 'datetime': 'завтра'}"
test_225,Покажи мне все текущие напоминания,reminder/show_reminders,reminder/show_reminders,True,0.9455,False,False,False,{'reference': 'все текущие'},{}
test_87,поставь будильник на 6 утра,alarm/set_alarm,alarm/set_alarm,True,0.9505,False,False,False,{'datetime': '6 утра'},"{'reference': 'будильник', 'recurring_datetime': '6 утра'}"
test_88,завтра будет снег,weather/find,weather/find,True,0.9042,False,False,False,"{'datetime': 'завтра', 'weather/attribute': 'снег'}","{'condition_description': 'снег', 'datetime': 'завтра', 'location': 'не указано'}"
test_89,удали текущий будильник на завтрашнее утро,alarm/cancel_alarm,alarm/cancel_alarm,True,0.969,False,False,False,"{'reference': 'текущий', 'datetime': 'завтрашнее утро'}",{'reference': 'текущий'}
test_90,Установи будильник на полдень только по пондельникам.,alarm/set_alarm,alarm/set_alarm,True,0.952,False,False,False,{'recurring_datetime': 'полдень только по понедельникам'},"{'reference': 'мой', 'recurring_datetime': 'понедельникам', 'datetime': 'полдень'}"
test_232,Насколько жарко будет сегодня?,weather/find,weather/find,True,0.8687,False,False,False,"{'weather/attribute': 'жарко', 'datetime': 'сегодня'}","{'condition_description': 'жарко', 'location': 'текущая', 'weather/attribute': 'температура'}"
test_92,напомни мне установить будильники на утром,reminder/set_reminder,reminder/set_reminder,True,0.8969,False,False,False,"{'reminder/todo': 'установить будильники', 'datetime': 'утро'}","{'reference': 'установить', 'recurring_datetime': 'утро'}"
test_118,удали все будильники,alarm/cancel_alarm,alarm/cancel_alarm,True,0.954,False,False,False,{'reference': 'все'},{'reference': 'все мои'}
test_245,покажи все будильники,alarm/show_alarms,alarm/show_alarms,True,0.9095,False,False,False,{'reference': 'все'},{}
test_97,отключи будильник,alarm/cancel_alarm,alarm/cancel_alarm,True,0.9602,False,False,False,{},{}
test_96,Какая температура сегодня?,weather/find,weather/find,True,0.8685,False,False,False,"{'weather/attribute': 'температура', 'datetime': 'сегодня'}","{'condition_description': 'температура', 'location': 'текущая', 'weather/attribute': 'температура'}"
test_245,покажи все будильники,alarm/show_alarms,alarm/show_alarms,True,0.9095,False,False,False,{'reference': 'все'},{}
test_99,установи будильник на каждые 30 минут,alarm/set_alarm,alarm/set_alarm,True,0.9678,False,False,False,{'recurring_datetime': 'каждые 30 минут'},"{'reference': 'текущий', 'recurring_datetime': 'каждые 30 минут'}"
test_164,Какая температура будет сегодня?,weather/find,weather/find,True,0.88,False,False,False,"{'weather/attribute': 'температура', 'datetime': 'сегодня'}","{'condition_description': 'температура', 'location': 'текущая', 'weather/attribute': 'температура'}"
test_101,будет ли жарко сегодня?,weather/find,weather/find,True,0.8775,False,False,False,"{'weather/attribute': 'жарко', 'datetime': 'сегодня'}","{'condition_description': 'жарко', 'location': 'текущая', 'weather/attribute': 'жарко'}"
test_214,завтра пойдет дождь?,weather/find,weather/find,True,0.9178,False,False,False,"{'datetime': 'завтра', 'weather/attribute': 'дождь'}","{'condition_description': 'дождь', 'datetime': 'завтра', 'location': 'не указано'}"
