id,text,true_intent,pred_intent,intent_correct,confidence,weak_by_conf,weak_intent_real,weak_slot_real,true_slots,pred_slots
test_500,"забронируй вечеринку в их кампусе, в том же районе, что и чурраскария",BookRestaurant,BookRestaurant,True,0.9195,False,False,False,"{'location': 'их кампусе, | в том же районе,', 'restaurant_type': 'чурраскария'}","{'restaurant_name': 'их кампус', 'restaurant_type': 'вечеринка', 'location': 'районе чурраскария', 'party_size_number': None, 'party_size_description': None, 'served_dish': None, 'sort': None}"
test_499,Покажи мне фильмы в Харкинс Фитерс .,SearchScreeningEvent,none,False,0.8971,True,False,False,"{'movie_type': 'фильмы', 'location': 'Харкинс Фитерс'}",{}
test_498,Забронируй столик на девять персон в лучшем пабе около Танжера через шесть месяцев,BookRestaurant,BookRestaurant,True,0.8772,False,False,False,"{'party_size_number': 'девять', 'sort': 'лучшем', 'restaurant_type': 'пабе', 'location': 'около | Танжера', 'datetime': 'через шесть месяцев'}","{'restaurant_name': 'паб', 'party_size_number': '9', 'location': 'Танжера', 'datetime': 'через six months', 'restaurant_type': 'паб', 'cuisine': None, 'sort': None, 'facility': None}"
test_497,Найди ТВ сериал Парни из Джерси,SearchCreativeWork,SearchCreativeWork,True,0.9675,False,False,False,"{'object_type': 'ТВ сериал', 'object_name': 'Парни из Джерси'}","{'object_name': 'Парни из Джерси', 'object_type': 'сериал'}"
test_496,Добавь этот альбом к Old School Death Metal,AddToPlaylist,AddToPlaylist,True,0.8986,False,False,False,"{'music_item': 'альбом', 'playlist': 'Old School Death Metal'}","{'artist': 'Old School Death Metal', 'entity_name': 'Альбом', 'music_item': 'Альбом', 'playlist': 'playlist', 'reference': 'Альбом'}"
test_495,"Забронируй номер в The Dome, в Эдинбурге, недалеко от Бруклона",BookRestaurant,BookRestaurant,True,0.9295,False,False,True,"{'restaurant_name': 'The Dome, в Эдинбурге', 'location': 'недалеко | Бруклона'}","{'restaurant_name': 'The Dome', 'location': 'Эдинбург', 'restaurant_type': 'hotel', 'facility': 'номер', 'party_size_number': None, 'party_size_description': None, 'served_dish': None, 'sort': None}"
test_494,Забронируй популярный ресторан на 5 персон,BookRestaurant,BookRestaurant,True,0.9754,False,False,False,"{'sort': 'популярный', 'restaurant_type': 'ресторан', 'party_size_number': '5'}","{'cuisine': None, 'datetime': None, 'facility': None, 'location': None, 'party_size_description': '5 персон', 'party_size_number': '5', 'restaurant_name': None, 'restaurant_type': None, 'served_dish': None, 'sort': None}"
test_493,филлис уорд и веронике нужен столик в ресторане через 152 дня,BookRestaurant,BookRestaurant,True,0.9108,False,False,True,"{'party_size_description': 'филлис уорд и веронике', 'restaurant_type': 'ресторане', 'datetime': 'через 152 дня'}","{'restaurant_name': 'ресторан', 'location': 'не указано', 'party_size_number': '152', 'party_size_description': 'не указано', 'restaurant_type': 'не указано', 'served_dish': 'не указано', 'sort': 'не указано'}"
test_492,найди книгу The Girl Who Was Plugged In,SearchCreativeWork,SearchCreativeWork,True,0.9729,False,False,False,"{'object_type': 'книгу', 'object_name': 'The Girl Who Was Plugged In'}","{'object_name': 'The Girl Who Was Plugged In', 'object_type': 'книга'}"
test_491,Найди мне ТВ шоу под названием Baby Blue,SearchCreativeWork,SearchScreeningEvent,False,0.9652,False,False,False,"{'object_type': 'ТВ шоу', 'object_name': 'Baby Blue'}","{'movie_name': 'Baby Blue', 'movie_type': None, 'object_location_type': None, 'object_type': None}"
test_490,поставь The Gift: Imagination and the Erotic Life of Property пять звезд,RateBook,BookRestaurant,False,0.9015,False,False,False,"{'object_name': 'The Gift: Imagination and the Erotic Life of Property', 'rating_value': 'пять', 'rating_unit': 'звезд'}","{'restaurant_name': 'The Gift', 'restaurant_type': 'кафе', 'served_dish': None, 'sort': None, 'location': None, 'party_size_number': None, 'party_size_description': None, 'cuisine': None}"
test_489,Я хочу послушать их от артиста Murcof,PlayMusic,PlayMusic,True,0.9083,False,False,False,"{'music_item': 'их', 'artist': 'Murcof'}","{'album': 'их', 'artist': 'Murcof', 'music_item': 'от артиста', 'playlist': None, 'service': None, 'sort': None}"
test_488,"В travelling плейлист, пожалуйста, добавь эту песню Дэвида Гаана .",AddToPlaylist,AddToPlaylist,True,0.9052,False,False,False,"{'playlist': 'travelling', 'music_item': 'песню', 'artist': 'Дэвида Гаана'}","{'artist': 'David Guetta', 'entity_name': 'song', 'music_item': 'song_name', 'playlist': 'travelling', 'reference': 'song_name'}"
test_487,Можешь найти мне the National Anthem of the Ancient Britons ТВ шоу ?,SearchCreativeWork,SearchCreativeWork,True,0.9372,False,False,False,"{'object_name': 'National Anthem of the Ancient Britons', 'object_type': 'ТВ шоу'}","{'object_name': 'the National Anthem of the Ancient Britons', 'object_type': 'шоу'}"
test_486,Добавь песню в Indie Hipster,AddToPlaylist,AddToPlaylist,True,0.92,False,False,False,"{'music_item': 'песню', 'playlist': 'Indie Hipster'}","{'artist': 'Indie Hipster', 'music_item': 'песня', 'playlist': 'Indie Hipster', 'reference': 'песня'}"
test_485,добавь ирландию на детском евровидении 2015 в мой Jazzy Dinner плейлист,AddToPlaylist,AddToPlaylist,True,0.937,False,False,False,"{'entity_name': 'ирландию на детском евровидении 2015', 'reference': 'мой', 'playlist': 'Jazzy Dinner'}","{'artist': 'Jazzy Dinner', 'entity_name': 'Ирландия', 'music_item': 'Детский Евровидение 2015', 'playlist': 'Jazzy Dinner'}"
test_484,какой прогноз погоды здесь в связи с метелью на пять часов вечера,weather/find,weather/find,True,0.9211,False,False,True,"{'location': 'здесь', 'condition_description': 'метелью', 'datetime': 'пять часов вечера'}","{'datetime': '5 часов вечера', 'location': 'Сан-Паулу', 'weather/attribute': 'метель'}"
test_483,"Пожалуйста, найди мне Monty Python Live в Голливуд-боул .",SearchCreativeWork,BookRestaurant,False,0.9207,False,False,False,{'object_name': 'Monty Python Live в Голливуд - боул'},"{'restaurant_name': 'Monty Python Live', 'restaurant_type': 'theatre', 'location': 'Голливуд-боул', 'party_size_number': None, 'party_size_description': None, 'served_dish': None, 'sort': None}"
test_482,Показывают ли No Time to Be Young в AMC Theaters,SearchScreeningEvent,SearchScreeningEvent,True,0.95,False,False,False,"{'movie_name': 'No Time to Be Young', 'location': 'AMC Theaters'}","{'movie_name': 'No Time to Be Young', 'movie_type': None, 'object_location_type': None, 'object_type': None}"
test_481,Сыграй любой блюз британский .,PlayMusic,PlayMusic,True,0.9493,False,False,True,{'genre': 'блюз британский'},"{'album': None, 'artist': None, 'datetime': None, 'genre': None, 'music_item': None, 'playlist': None, 'service': None, 'sort': None, 'track': None}"
test_480,Покажи расписание фильмов в округе,SearchScreeningEvent,SearchScreeningEvent,True,0.9507,False,False,False,"{'object_type': 'расписание фильмов', 'location': 'в округе'}","{'movie_name': None, 'movie_type': None, 'object_location_type': None, 'object_type': None}"
test_479,какой прогноз для Ваурики в Самоа,weather/find,weather/find,True,0.9348,False,False,False,{'location': 'Ваурики | Самоа'},"{'location': 'Ваурики', 'datetime': 'на завтра', 'weather/attribute': 'прогноз', 'weather/temperatureUnit': 'градусах Цельсия'}"
test_478,Найди расписание фильмов для Wanda Group .,SearchScreeningEvent,SearchScreeningEvent,True,0.9568,False,False,False,"{'object_type': 'расписание фильмов', 'location': 'Wanda Group'}","{'movie_name': None, 'movie_type': None, 'object_location_type': None, 'object_type': None}"
test_477,какая погода здесь на два утра,weather/find,weather/find,True,0.9478,False,False,False,"{'location': 'здесь', 'datetime': 'два утра'}","{'datetime': 'на два утра', 'location': 'Сан-Паулу', 'weather/attribute': 'погода', 'weather/temperatureUnit': 'градусах Цельсия'}"
test_476,Я хочу забронировать Oregon Electric Station в North City .,BookRestaurant,BookRestaurant,True,0.9456,False,False,True,"{'restaurant_name': 'Oregon Electric Station', 'location': 'North City'}","{'restaurant_name': 'Oregon Electric Station', 'location': 'North City', 'restaurant_type': None, 'party_size_number': None, 'served_dish': None, 'sort': None}"
test_475,Какие фильмы показывают в округе,SearchScreeningEvent,SearchScreeningEvent,True,0.9516,False,False,False,"{'movie_type': 'фильмы', 'location': 'в округе'}","{'movie_name': None, 'movie_type': None, 'object_location_type': None, 'object_type': None}"
test_474,В какое время будет показ The Young Swordsman в моем кинотеатре ?,SearchScreeningEvent,SearchScreeningEvent,True,0.9138,False,False,True,"{'object_type': 'время', 'movie_name': 'The Young Swordsman', 'object_location_type': 'кинотеатре'}","{'movie_name': 'The Young Swordsman', 'location': 'your cinema', 'movie_type': None, 'object_location_type': None, 'object_type': None}"
test_473,оцени текущий роман на ноль из 6,RateBook,RateBook,True,0.9205,False,False,False,"{'object_select': 'текущий', 'object_type': 'роман', 'rating_value': 'ноль', 'best_rating': '6'}","{'best_rating': '0', 'object_name': 'roman', 'object_type': 'roman'}"
test_472,Добавь мартина барра в мой punk unplugged плейлист.,AddToPlaylist,AddToPlaylist,True,0.939,False,False,False,"{'artist': 'мартина барра', 'reference': 'мой', 'playlist': 'punk unplugged'}","{'artist': 'Мартин Барра', 'entity_name': 'punk unplugged', 'music_item': None, 'playlist': 'punk unplugged', 'reference': None}"
test_471,Оцени The 8-Week Cholesterol Cure на три из 6 .,RateBook,BookRestaurant,False,0.891,False,False,False,"{'object_name': 'The 8-Week Cholesterol Cure', 'rating_value': 'три', 'best_rating': '6'}","{'restaurant_name': 'The 8-Week Cholesterol Cure', 'restaurant_type': 'книга', 'served_dish': None, 'sort': None, 'location': None, 'party_size_description': None, 'party_size_number': None, 'cuisine': None}"
test_470,Показывают ли Редкие птицы в ближайшем кинотеатре в обед .,SearchScreeningEvent,SearchScreeningEvent,True,0.9145,False,False,True,"{'movie_name': 'Редкие птицы', 'location': 'ближайшем', 'object_location_type': 'кинотеатре', 'datetime': 'обед'}","{'movie_name': 'Редкие птицы', 'movie_type': None, 'object_location_type': None, 'object_type': 'фильм', 'datetime': None}"
test_469,оцени этот альбом на 5 баллов,RateBook,RateBook,True,0.9077,False,False,False,"{'object_select': 'этот', 'object_type': 'альбом', 'rating_value': '5'}","{'best_rating': '5', 'object_name': 'альбом', 'object_type': 'альбом', 'rating_unit': 'балла'}"
test_468,Найди мне роман с названием To Lose My Life …,SearchCreativeWork,SearchCreativeWork,True,0.9425,False,False,False,"{'object_type': 'роман', 'object_name': 'To Lose My Life'}","{'object_name': 'To Lose My Life …', 'object_type': 'roman'}"
test_467,добавь Highway Patrolman в мой плейлист this is al green,AddToPlaylist,AddToPlaylist,True,0.9666,False,False,False,"{'entity_name': 'Highway Patrolman', 'reference': 'мой', 'playlist': 'this is al green'}","{'artist': 'this is al green', 'entity_name': 'Highway Patrolman', 'music_item': 'Highway Patrolman', 'playlist': 'this is al green', 'reference': 'Highway Patrolman'}"
test_466,Добавь artist от mike в Sexy as Folk плейлист.,AddToPlaylist,AddToPlaylist,True,0.9637,False,False,False,"{'music_item': 'artist', 'artist': 'mike', 'playlist': 'Sexy as Folk'}","{'artist': 'mike', 'entity_name': 'Sexy as Folk', 'music_item': None, 'playlist': 'плейлист', 'reference': None}"
test_465,Я хочу анимационные фильмы в MJR Theatres,SearchScreeningEvent,SearchCreativeWork,False,0.9438,False,False,False,"{'movie_type': 'анимационные фильмы', 'location': 'MJR Theatres'}","{'object_name': 'анимационные фильмы', 'object_type': 'фильмы'}"
test_464,Дай две звезды из 6 для 36 Children,RateBook,RateBook,True,0.9132,False,False,False,"{'rating_value': 'две', 'rating_unit': 'звезды', 'best_rating': '6', 'object_name': '36 Children'}","{'best_rating': '2', 'object_name': '36 Children', 'object_type': 'книга'}"
test_463,Можешь найти мне трейлер Синей весны ?,SearchCreativeWork,SearchCreativeWork,True,0.9268,False,False,False,"{'object_type': 'трейлер', 'object_name': 'Синей весны'}","{'object_name': 'Синяя Весна', 'object_type': 'film'}"
test_462,Включи что-нибудь из 90s Pop Rock Essentials,PlayMusic,SearchCreativeWork,False,0.955,False,False,False,{'playlist': '90s Pop Rock Essentials'},{'object_name': '90s Pop Rock Essentials'}
test_461,добавь этот трек в мой Hands Up плейлист,AddToPlaylist,AddToPlaylist,True,0.9357,False,False,False,"{'music_item': 'трек', 'reference': 'мой', 'playlist': 'Hands Up'}","{'artist': 'Hands Up', 'music_item': 'трек', 'playlist': 'Hands Up', 'reference': 'трек'}"
test_460,Забронируй место для 9,BookRestaurant,BookRestaurant,True,0.9202,False,False,False,{'party_size_number': '9'},"{'restaurant_name': 'не указано', 'location': 'не указано', 'party_size_number': '9', 'restaurant_type': 'не указано', 'served_dish': 'не указано', 'sort': 'не указано'}"
test_459,Будет ли Без свидетелей показываться двадцать два часа спустя,SearchScreeningEvent,SearchScreeningEvent,True,0.9291,False,False,False,"{'movie_name': 'Без свидетелей', 'datetime': 'двадцать два часа спустя'}","{'movie_name': 'Без свидетелей', 'movie_type': None, 'object_location_type': None, 'object_type': None}"
test_458,Я хочу забронировать стейк-хаус на хребте Вими .,BookRestaurant,BookRestaurant,True,0.9294,False,False,False,"{'restaurant_type': 'стейк-хаус', 'location': 'хребте Вими'}","{'restaurant_name': 'стейк-хаус', 'location': 'хребте Вими', 'restaurant_type': 'стейк-хаус'}"
test_457,Добавь песню boy george в Emo Forever плейлист.,AddToPlaylist,AddToPlaylist,True,0.9381,False,False,False,"{'music_item': 'песню', 'artist': 'boy george', 'playlist': 'Emo Forever'}","{'artist': 'boy george', 'entity_name': 'Emo Forever', 'music_item': 'song', 'playlist': 'Emo Forever', 'reference': 'song'}"
test_456,Я хочу поесть в Ramona,BookRestaurant,BookRestaurant,True,0.9339,False,False,False,{'location': 'Ramona'},"{'restaurant_name': 'Ramona', 'restaurant_type': None, 'cuisine': None, 'location': None, 'party_size_number': None, 'party_size_description': None, 'served_dish': None, 'sort': None}"
test_455,"Пожалуйста, найди Three Essays on the Theory of Sexuality шоу .",SearchCreativeWork,SearchCreativeWork,True,0.9578,False,False,False,"{'object_name': 'Three Essays on the Theory of Sexuality', 'object_type': 'шоу'}","{'object_name': 'Three Essays on the Theory of Sexuality', 'object_type': 'show'}"
test_454,Будет ли дождь в Тенино ?,weather/find,weather/find,True,0.945,False,False,True,"{'condition_description': 'дождь', 'location': 'Тенино'}","{'weather/attribute': 'дождь', 'datetime': 'в Тенино', 'location': 'Тенино', 'weather/temperatureUnit': 'градусах Цельсия'}"
test_453,Я хочу забронировать bougatsa restaurant в следующем году около Penn на троих персон.,BookRestaurant,BookRestaurant,True,0.9012,False,False,True,"{'cuisine': 'bougatsa', 'restaurant_type': 'restaurant', 'datetime': 'следующем году', 'location': 'около | Penn', 'party_size_number': 'троих'}","{'restaurant_name': 'bougatsa restaurant', 'party_size_number': '3', 'location': 'Penn', 'restaurant_type': None, 'datetime': None, 'cuisine': None}"
test_452,сыграй что-то семидесятое от Филиппа Киркорова,PlayMusic,PlayMusic,True,0.9488,False,False,False,"{'datetime': 'семидесятое', 'artist': 'Филиппа Киркорова'}","{'album': 'неизвестно', 'artist': 'Филипп Киркоров', 'datetime': 'неизвестно', 'genre': 'неизвестно', 'music_item': 'неизвестно', 'playlist': 'неизвестно', 'service': 'неизвестно', 'sort': 'неизвестно'}"
test_451,"Можешь найти книгу Париж, когда там жара ?",SearchCreativeWork,SearchCreativeWork,True,0.9559,False,False,False,"{'object_type': 'книгу', 'object_name': 'Париж, когда там жара'}","{'object_name': 'Париж', 'object_type': 'книга'}"
test_450,Оцени текущий роман на 3 звезды,RateBook,RateBook,True,0.9121,False,False,False,"{'object_select': 'текущий', 'object_type': 'роман', 'rating_value': '3', 'rating_unit': 'звезды'}","{'best_rating': '3', 'object_name': 'роман', 'object_type': 'роман', 'rating_unit': 'из 5', 'rating_value': '3'}"
test_449,Включи Пола Маккартни,PlayMusic,SearchCreativeWork,False,0.9515,False,False,False,{'artist': 'Пола Маккартни'},"{'object_name': 'Пола Маккартни', 'object_type': 'artist'}"
test_448,я хочу увидеть Я мечтаю о Джинни в кинотеатре,SearchScreeningEvent,SearchScreeningEvent,True,0.9205,False,False,True,"{'movie_name': 'Я мечтаю о Джинни', 'object_location_type': 'кинотеатре'}","{'movie_name': 'Джинни', 'movie_type': None, 'object_location_type': None, 'object_type': 'фильм', 'datetime': None}"
test_447,"Пожалуйста, найди мне работу Serious Awesomeness !.",SearchCreativeWork,SearchCreativeWork,True,0.915,False,False,False,{'object_name': 'Serious Awesomeness'},"{'object_name': 'Serious Awesomeness !', 'object_type': 'job'}"
test_446,Включи Trance Life в Zvooq .,PlayMusic,AddToPlaylist,False,0.961,False,False,False,"{'playlist': 'Trance Life', 'service': 'Zvooq'}","{'artist': 'Trance Life', 'entity_name': 'Zvooq', 'music_item': None, 'playlist': 'null', 'reference': None}"
test_445,"Пожалуйста, найди мне Compulsive Disclosure песню .",SearchCreativeWork,SearchCreativeWork,True,0.9594,False,False,False,"{'object_name': 'Compulsive Disclosure', 'object_type': 'песню'}","{'object_name': 'Compulsive Disclosure', 'object_type': 'песня'}"
test_444,Найди ТВ шоу Meet the Prince,SearchCreativeWork,SearchScreeningEvent,False,0.9224,False,False,False,"{'object_type': 'ТВ шоу', 'object_name': 'Meet the Prince'}","{'movie_name': 'Meet the Prince', 'movie_type': 'TV show', 'object_location_type': None, 'object_type': 'TV show'}"
test_443,Мне нужен список Speakeasy Theaters с показом фильмов,SearchScreeningEvent,SearchScreeningEvent,True,0.9197,False,False,False,"{'location': 'Speakeasy Theaters', 'object_type': 'фильмов'}","{'movie_name': None, 'movie_type': None, 'object_location_type': 'Speakeasy Theaters', 'object_type': 'movie'}"
test_442,Какая погода будет в Вирджинии на День святого Патрика ?,weather/find,weather/find,True,0.9652,False,False,False,"{'location': 'Вирджинии', 'datetime': 'День святого Патрика'}","{'datetime': 'День святого Патрика', 'location': 'Вирджиния', 'weather/attribute': 'погода', 'weather/temperatureUnit': 'градусах Цельсия'}"
test_441,Мне нужен столик на 4 в Saint Helena в Settha Palace Hotel,BookRestaurant,BookRestaurant,True,0.942,False,False,True,"{'party_size_number': '4', 'location': 'Saint Helena', 'restaurant_name': 'Settha Palace Hotel'}","{'restaurant_name': 'Settha Palace Hotel', 'location': 'Saint Helena', 'party_size_number': '4', 'restaurant_type': None, 'served_dish': None, 'sort': None}"
test_440,дай текущей летописи пять из 6 очков,RateBook,RateBook,True,0.9472,False,False,True,"{'object_select': 'текущей', 'object_part_of_series_type': 'летописи', 'rating_value': 'пять', 'best_rating': '6', 'rating_unit': 'очков'}","{'best_rating': '5', 'object_name': 'летопись', 'object_part_of_series_type': None, 'object_select': None, 'object_type': 'летопись', 'rating_unit': None, 'rating_value': '5'}"
test_439,Найди анимационные фильмы рядом,SearchScreeningEvent,SearchCreativeWork,False,0.9477,False,False,False,"{'movie_type': 'анимационные фильмы', 'location': 'рядом'}","{'object_name': 'анимационные фильмы', 'object_type': 'фильмы'}"
test_438,Давай послушаем что-то от Andrew Hewitt .,PlayMusic,PlayMusic,True,0.9565,False,False,False,{'artist': 'Andrew Hewitt'},"{'album': 'не указано', 'artist': 'Andrew Hewitt', 'datetime': 'не указано', 'genre': 'не указано', 'music_item': 'не указано', 'playlist': 'не указано', 'service': 'не указано', 'sort': 'не указано'}"
test_437,оцени текущее эссе на ноль из 6 звезд,RateBook,none,False,0.0,True,False,False,"{'object_select': 'текущее', 'object_type': 'эссе', 'rating_value': 'ноль', 'best_rating': '6', 'rating_unit': 'звезд'}",{}
test_436,Добавь песню в this is racionais mc's,AddToPlaylist,PlayMusic,False,0.9421,False,False,False,"{'music_item': 'песню', 'playlist': ""this is racionais mc's""}","{'album': ""this is racionais mc's"", 'artist': ""this is racionais mc's"", 'datetime': None, 'genre': None, 'music_item': None, 'playlist': None, 'service': None, 'sort': None}"
test_435,Показывают ли Babar: King of the Elephants,SearchScreeningEvent,SearchScreeningEvent,True,0.9265,False,False,False,{'movie_name': 'Babar: King of the Elephants'},"{'movie_name': 'Babar: King of the Elephants', 'movie_type': 'cartoon', 'object_location_type': 'cinema', 'object_type': 'movie'}"
test_434,Я хочу столик в James D. Conrey House в Urbank California,BookRestaurant,BookRestaurant,True,0.9416,False,False,True,"{'restaurant_name': 'James D. Conrey House', 'location': 'Urbank | California'}","{'restaurant_name': 'James D. Conrey House', 'location': 'Urbank California', 'restaurant_type': None, 'cuisine': None, 'party_size_number': None, 'party_size_description': None}"
test_433,Оцени текущую серию на 4 очка,RateBook,RateBook,True,0.9215,False,False,True,"{'object_select': 'текущую', 'object_part_of_series_type': 'серию', 'rating_value': '4', 'rating_unit': 'очка'}","{'best_rating': '4', 'object_name': 'серия', 'object_type': 'сериал'}"
test_432,Дай ноль звезд этому учебнику,RateBook,RateBook,True,0.8963,False,False,False,"{'rating_value': 'ноль', 'rating_unit': 'звезд', 'object_select': 'этому', 'object_type': 'учебнику'}","{'best_rating': '0', 'object_name': 'учебник', 'object_type': 'учебник', 'rating_unit': 'звезд'}"
test_431,Дай The Crystal Snare 5 звезд,RateBook,BookRestaurant,False,0.9359,False,False,False,"{'object_name': 'The Crystal Snare', 'rating_value': '5', 'rating_unit': 'звезд'}","{'restaurant_name': 'The Crystal Snare', 'restaurant_type': None, 'cuisine': None, 'location': None, 'party_size_number': None, 'party_size_description': None, 'served_dish': None, 'sort': None}"
test_430,Включи Subconscious Lobotomy от Дженнифер Полл .,PlayMusic,SearchCreativeWork,False,0.9476,False,False,True,"{'album': 'Subconscious Lobotomy', 'artist': 'Дженнифер Полл'}","{'object_name': 'Subconscious Lobotomy', 'object_type': 'album'}"
test_103,Отмени следующий будильник,alarm/cancel_alarm,alarm/cancel_alarm,True,0.881,False,False,False,{'reference': 'следующий'},{'datetime': 'на следующую неделю'}
test_104,Напомни мне сходить в продуктовый магазин сегодня,reminder/set_reminder,reminder/set_alarm,False,0.9169,False,False,False,"{'reminder/todo': 'сходить в продуктовый магазин', 'datetime': 'сегодня'}","{'datetime': 'today', 'reminder/todo': 'сходить в продуктовый магазин'}"
test_105,отмени мои напоминания на следующую неделю,reminder/cancel_reminder,reminder/cancel_reminder,True,0.8894,False,False,False,"{'reference': 'мои', 'datetime': 'следующую неделю'}","{'datetime': 'на следующую неделю', 'reference': 'отмени мои напоминания'}"
test_106,напомни мне отвести собаку к грумеру во вторник в 3 часа,reminder/set_reminder,alarm/set_alarm,False,0.8986,False,False,False,"{'reminder/todo': 'отвести собаку к грумеру', 'datetime': 'вторник в 3 часа'}","{'datetime': 'в 3 часа', 'reference': 'отвести собаку', 'recurring_datetime': None, 'reminder/todo': None}"
test_107,Напомни мне забрать цветы для Джен на нашу годовщину на 28-е.,reminder/set_reminder,AddToPlaylist,False,0.9065,False,False,False,"{'reminder/todo': 'забрать цветы для Джен на нашу годовщину', 'datetime': '28-е'}","{'artist': 'Джен', 'entity_name': 'цветы', 'music_item': None, 'playlist': 'на годовщину', 'reference': '28-е'}"
test_109,Напомни мне записаться к доктору завтра.,reminder/set_reminder,reminder/set_alarm,False,0.9413,False,False,False,"{'reminder/todo': 'записаться к доктору', 'datetime': 'завтра'}","{'datetime': 'завтра', 'reminder/todo': 'запись к доктору'}"
test_111,Нужно ли взять дождевик?,weather/find,weather/find,True,0.9552,False,False,False,{'weather/attribute': 'дождевик'},"{'weather/attribute': 'дождевик', 'datetime': 'на следующей неделе', 'location': 'Сан - Паулу', 'weather/temperatureUnit': 'градусах Цельсия'}"
test_150,Покажи все мои напоминания,reminder/show_reminders,reminder/show_reminders,True,0.8861,False,False,False,{'reference': 'все мои'},{'reference': 'покажи мои напоминания'}
test_247,Установи будильник на 5 вечера сегодня,alarm/set_alarm,alarm/set_alarm,True,0.9024,False,False,False,{'datetime': '5 вечера сегодня'},"{'datetime': '5 вечера сегодня', 'reference': 'будильник'}"
test_248,установи будильник на 7 завтра,alarm/set_alarm,alarm/set_alarm,True,0.9151,False,False,False,{'datetime': '7 завтра'},"{'datetime': 'завтра', 'reference': 'будильник'}"
test_253,"Пожалуйста, найди мне видеоигру под названием 20 Hours in America .",SearchCreativeWork,SearchCreativeWork,True,0.9729,False,False,False,"{'object_type': 'видеоигру', 'object_name': '20 Hours in America'}","{'object_name': '20 Hours in America', 'object_type': 'видеоигра'}"
test_257,Включи новую музыку на Last Fm от Eddie Vinson .,PlayMusic,PlayMusic,True,0.9476,False,False,False,"{'sort': 'новую', 'music_item': 'музыку', 'service': 'Last Fm', 'artist': 'Eddie Vinson'}","{'album': 'Eddie Vinson', 'artist': 'Eddie Vinson', 'datetime': None, 'genre': None, 'music_item': None, 'playlist': None, 'service': None, 'sort': None}"
test_258,Проверь прогноз погоды в Небраске .,weather/find,weather/find,True,0.9319,False,False,False,{'location': 'Небраске'},"{'datetime': 'на следующей неделе', 'location': 'Небраска', 'weather/attribute': 'прогноз погоды', 'weather/temperatureUnit': 'градусах Цельсия'}"
test_259,Есть ли гроза сейчас в ЮК ?,weather/find,weather/find,True,0.9482,False,False,True,"{'condition_description': 'гроза', 'datetime': 'сейчас', 'location': 'ЮК'}","{'weather/attribute': 'гроза', 'location': 'ЮК', 'datetime': 'сейчас'}"
test_264,Я хочу забронировать сунданский гастропаб где-то в Техасе на 3 персоны на 5/20/2025 .,BookRestaurant,BookRestaurant,True,0.9239,False,False,True,"{'cuisine': 'сунданский', 'restaurant_type': 'гастропаб', 'location': 'где-то | Техасе', 'party_size_number': '3', 'datetime': '5/20/2025'}","{'restaurant_name': 'сунданский гастропаб', 'location': 'Техас', 'party_size_number': '3', 'datetime': '5/20/2025', 'restaurant_type': 'гастропаб'}"
test_269,Я хочу забронировать еврейский ресторан в Гамбии .,BookRestaurant,BookRestaurant,True,0.9556,False,False,True,"{'cuisine': 'еврейский', 'restaurant_type': 'ресторан', 'location': 'Гамбии'}","{'cuisine': None, 'datetime': None, 'facility': 'ресторан', 'location': 'Гамбия', 'party_size_description': None, 'party_size_number': None, 'restaurant_name': None, 'restaurant_type': 'еврейский', 'served_dish': None, 'sort': None}"
test_273,"Погода в Уолден, Россия на 12/26/2018",weather/find,weather/find,True,0.9682,False,False,False,"{'location': 'Уолден, | Россия', 'datetime': '12/26/2018'}","{'datetime': '12/26/2018', 'location': 'Уолден', 'weather/temperatureUnit': 'градусах Цельсия'}"
test_274,Я хочу забронировать ресторан для моего тестя и себя в Банкере через год .,BookRestaurant,BookRestaurant,True,0.9448,False,False,True,"{'restaurant_type': 'ресторан', 'party_size_description': 'моего тестя и себя', 'location': 'Банкере', 'datetime': 'через год'}","{'restaurant_name': None, 'datetime': None, 'facility': None, 'location': None, 'party_size_description': None, 'party_size_number': None, 'restaurant_type': None, 'served_dish': None, 'sort': None}"
test_285,"Пожалуйста, забронируй мне столик в бистро, где подают lorna doone .",BookRestaurant,BookRestaurant,True,0.9037,False,False,True,"{'restaurant_type': 'бистро,', 'served_dish': 'lorna doone'}","{'restaurant_name': 'lorna doone', 'location': None, 'restaurant_type': 'бистро', 'served_dish': 'lorna doone', 'sort': None, 'party_size_number': None, 'party_size_description': None, 'cuisine': None}"
test_286,Оцени The Mystery of the Tolling Bell серию 4 звездами .,RateBook,RateBook,True,0.928,False,False,True,"{'object_name': 'The Mystery of the Tolling Bell', 'object_part_of_series_type': 'серию', 'rating_value': '4', 'rating_unit': 'звездами'}","{'best_rating': '4', 'object_name': 'The Mystery of the Tolling Bell', 'object_type': 'сериал', 'rating_unit': 'из 5', 'rating_value': '4'}"
test_288,Проверь расписание для Snowbound в ближайшем кинотеатре .,SearchScreeningEvent,SearchScreeningEvent,True,0.9416,False,False,True,"{'movie_name': 'Snowbound', 'location': 'ближайшем', 'object_location_type': 'кинотеатре'}","{'movie_name': 'Snowbound', 'movie_type': None, 'object_location_type': None, 'object_type': None}"
test_291,Будет I Think I Do показываться в 7 вечера ?,SearchScreeningEvent,BookRestaurant,False,0.9288,False,False,False,"{'movie_name': 'I Think I Do', 'datetime': '7 вечера'}","{'restaurant_name': 'I Think I Do', 'datetime': '7 вечера', 'restaurant_type': None, 'served_dish': None, 'sort': None, 'party_size_number': None, 'party_size_description': None, 'location': None}"
test_295,"Какой прогноз погоды для государственного парка Боте-Напа-Вэлли рядом на февраль, 20 ?",weather/find,weather/find,True,0.935,False,False,False,"{'location': 'государственного парка Боте-Напа-Вэлли | рядом', 'datetime': 'февраль, 20'}","{'datetime': 'февраль', 'location': 'государственный парк Боте-Напа-Вэлли', 'weather/attribute': 'прогноз погоды', 'weather/temperatureUnit': 'градусах Цельсия'}"
test_299,Оцени Soul Music на 0 .,RateBook,RateBook,True,0.9305,False,False,False,"{'object_name': 'Soul Music', 'rating_value': '0'}","{'best_rating': '0', 'object_name': 'Soul Music', 'object_type': 'книга'}"
test_301,Включи All Things Must Pass .,PlayMusic,PlayMusic,True,0.9539,False,False,True,{'track': 'All Things Must Pass'},"{'album': 'All Things Must Pass', 'artist': None, 'datetime': None, 'genre': None, 'music_item': None, 'playlist': None, 'service': None, 'sort': None}"
test_304,Включи музыку на Netflix .,PlayMusic,PlayMusic,True,0.9692,False,False,False,{'service': 'Netflix'},"{'album': None, 'artist': None, 'datetime': None, 'genre': None, 'music_item': None, 'playlist': None, 'service': 'Netflix', 'sort': None, 'track': None}"
test_305,Я хочу увидеть Shattered Image .,SearchScreeningEvent,SearchCreativeWork,False,0.9515,False,False,False,{'movie_name': 'Shattered Image'},{'object_name': 'Shattered Image'}
test_310,какой прогноз для жаркой погоды в государственном парке Саутфорд-Фоллс,weather/find,weather/find,True,0.9588,False,False,True,"{'condition_temperature': 'жаркой', 'location': 'государственном парке Саутфорд-Фоллс'}","{'datetime': 'на следующей неделе', 'location': 'Саутфорд-Фоллс', 'weather/attribute': 'жаркая погода', 'weather/temperatureUnit': 'градусах Цельсия'}"
test_311,"Пожалуйста, забронируй мне столик в пиццерии с парковкой в Гане .",BookRestaurant,BookRestaurant,True,0.9295,False,False,True,"{'restaurant_type': 'пиццерии', 'facility': 'парковкой', 'location': 'Гане'}","{'restaurant_name': 'пиццерия', 'location': 'Гане', 'restaurant_type': 'пиццерия', 'facility': 'парковка'}"
test_312,Я хочу услышать семидесятые саундтреки .,PlayMusic,PlayMusic,True,0.9497,False,False,False,"{'datetime': 'семидесятые', 'music_item': 'саундтреки'}","{'album': None, 'artist': None, 'datetime': None, 'genre': None, 'music_item': None, 'playlist': None, 'service': None, 'sort': None}"
test_313,Погода через два часа в Узбекистане,weather/find,weather/find,True,0.9522,False,False,False,"{'datetime': 'через два часа', 'location': 'Узбекистане'}","{'datetime': 'через два часа', 'location': 'Узбекистан', 'weather/attribute': 'погода'}"
test_314,"Пожалуйста, найди мне Journal of the British Astronomical Association фильм .",SearchCreativeWork,SearchCreativeWork,True,0.9431,False,False,False,"{'object_name': 'Journal of the British Astronomical Association', 'object_type': 'фильм'}","{'object_name': 'фильм', 'object_type': 'film'}"
test_315,"Забронируй столик на 8 человек в Уордвилле, Канзас",BookRestaurant,BookRestaurant,True,0.8978,False,False,False,"{'party_size_number': '8', 'location': 'Уордвилле | Канзасе'}","{'restaurant_name': 'Уордвилле', 'location': 'Канзас', 'party_size_number': '8', 'restaurant_type': 'кафе', 'sort': None, 'cuisine': None}"
test_316,Какой будет погода далеко отсюда ?,weather/find,weather/find,True,0.946,False,False,False,{'location': 'далеко | отсюда'},"{'location': 'далеко отсюда', 'datetime': 'на следующей неделе', 'weather/attribute': 'погода', 'weather/temperatureUnit': 'градусах Цельсия'}"
test_321,Какой будет погода в ноябре в Брукниле ?,weather/find,weather/find,True,0.9518,False,False,False,"{'datetime': 'ноябре', 'location': 'Бруклине'}","{'datetime': 'в ноябре', 'location': 'Брукниле', 'weather/attribute': 'погода', 'weather/temperatureUnit': 'градусах Цельсия'}"
test_325,какие фильмы в Star Theatres .,SearchScreeningEvent,SearchScreeningEvent,True,0.9639,False,False,False,"{'movie_type': 'фильмы', 'location': 'Star Theatres'}","{'movie_name': None, 'movie_type': None, 'object_location_type': None, 'object_type': None}"
test_330,Дай одну звезду текущей книге,RateBook,RateBook,True,0.9565,False,False,False,"{'rating_value': 'одну', 'object_select': 'текущей', 'object_type': 'книге'}","{'best_rating': '1', 'object_name': 'книга', 'object_part_of_series_type': None, 'object_select': None, 'object_type': 'книга', 'rating_unit': None, 'rating_value': None}"
test_345,"Пожалуйста, найди мне ТВ сериал , Now We Are Married .",SearchCreativeWork,SearchCreativeWork,True,0.9683,False,False,False,"{'object_type': 'ТВ сериал', 'object_name': 'Now We Are Married'}","{'object_name': 'Now We Are Married', 'object_type': 'сериал'}"
test_356,Я хочу увидеть The Portrait of a Lady в ближайшем кинотеатре .,SearchScreeningEvent,SearchScreeningEvent,True,0.9256,False,False,True,"{'movie_name': 'The Portrait of a Lady', 'location': 'ближайшем', 'object_location_type': 'кинотеатре'}","{'movie_name': 'The Portrait of a Lady', 'movie_type': None, 'object_location_type': None, 'object_type': 'film', 'location': None}"
test_357,"Пожалуйста, найди мне Phineas Redux .",SearchCreativeWork,SearchCreativeWork,True,0.9561,False,False,False,{'object_name': 'Phineas Redux'},{'object_name': 'Phineas Redux'}
test_360,Какой будет погода в Памятнике Лихуле в декабре 5-го ?,weather/find,weather/find,True,0.9417,False,False,False,"{'location': 'Памятнике Лихуле', 'datetime': 'декабре 5-го'}","{'datetime': '1 декабря', 'location': 'Памятник Лихуле', 'weather/attribute': 'погода', 'weather/temperatureUnit': 'градусах Цельсия'}"
test_363,"Какая погода в Тионеке , Нью-Джерси",weather/find,weather/find,True,0.9412,False,False,False,{'location': 'Тионеке | Нью-Джерси'},"{'location': 'Тионеке', 'datetime': 'сейчас', 'weather/attribute': 'погода', 'weather/temperatureUnit': 'градусах Цельсия'}"
test_365,забронируй место для моих племянниц и меня в чайном доме,BookRestaurant,BookRestaurant,True,0.9699,False,False,True,"{'party_size_description': 'моих племянниц и меня', 'restaurant_type': 'чайном доме'}","{'cuisine': None, 'datetime': None, 'facility': 'чайный дом', 'location': None, 'party_size_description': None, 'party_size_number': None, 'restaurant_name': None, 'restaurant_type': None, 'served_dish': None, 'sort': None}"
test_366,Будет ли жарко в Нидерландах в феврале 16-го ?,weather/find,weather/find,True,0.9617,False,False,True,"{'condition_temperature': 'жарко', 'location': 'Нидерландах', 'datetime': 'феврале 16-го'}","{'datetime': '16 февраля', 'location': 'Нидерланды', 'weather/temperatureUnit': 'градусах Цельсия'}"
test_367,Я хочу добавить jordan rudess в Divertido para niños плейлист.,AddToPlaylist,AddToPlaylist,True,0.9782,False,False,False,"{'artist': 'jordan rudess', 'playlist': 'Divertido para niños'}","{'artist': 'jordan rudess', 'entity_name': 'Divertido para niños', 'music_item': None, 'playlist': 'Divertido para niños', 'reference': None}"
test_369,Забронируй мне столик в лучшем бистро,BookRestaurant,BookRestaurant,True,0.9737,False,False,False,"{'sort': 'лучшем', 'restaurant_type': 'бистро'}","{'cuisine': None, 'datetime': None, 'facility': 'бистро', 'location': None, 'party_size_description': None, 'party_size_number': None, 'restaurant_name': None, 'restaurant_type': None, 'served_dish': None, 'sort': None}"
test_372,Какой будет погода в Огайо ?,weather/find,weather/find,True,0.9363,False,False,False,{'location': 'Огайо'},"{'location': 'Огайо', 'datetime': 'на завтра', 'weather/attribute': 'погода', 'weather/temperatureUnit': 'градусах Цельсия'}"
test_374,Забронируй столик для моих малышей и меня,BookRestaurant,BookRestaurant,True,0.9157,False,False,True,{'party_size_description': 'моих малышей и меня'},"{'restaurant_name': None, 'party_size_number': '3', 'party_size_description': None, 'location': None, 'restaurant_type': None, 'served_dish': None, 'sort': None}"
test_392,Я хочу забронировать массаж в спа .,BookRestaurant,BookRestaurant,True,0.8909,False,False,True,"{'restaurant_type': 'массаж', 'facility': 'спа'}","{'restaurant_type': 'массаж', 'location': 'спа', 'datetime': None, 'party_size_number': None, 'restaurant_name': None, 'cuisine': None, 'served_dish': None, 'sort': None}"
test_417,"Пожалуйста, найди телевизионное шоу , Episodi di The Blacklist .",SearchCreativeWork,SearchCreativeWork,True,0.95,False,False,False,"{'object_type': 'телевизионное шоу', 'object_name': 'Episodi di The Blacklist'}",{'object_name': 'Episodi di The Blacklist'}
test_418,"какой прогноз для холодной погоды, начиная с Дня закона здесь",weather/find,weather/find,True,0.9185,False,False,True,"{'condition_temperature': 'холодной', 'datetime': 'Дня закона', 'location': 'здесь'}","{'datetime': 'на следующий день', 'location': 'Сан-Паулу', 'weather/attribute': 'холодная погода', 'weather/temperatureUnit': 'градусах Цельсия'}"
test_419,Я хочу забронировать ресторан на десять человек.,BookRestaurant,BookRestaurant,True,0.9336,False,False,False,"{'restaurant_type': 'ресторан', 'party_size_number': 'десять'}","{'party_size_number': '10', 'restaurant_name': None, 'restaurant_type': None, 'served_dish': None, 'sort': None, 'location': None}"
test_420,Включи что-то от Duke Ellington из семидесятых,PlayMusic,SearchCreativeWork,False,0.9172,False,False,False,"{'artist': 'Duke Ellington', 'datetime': 'семидесятых'}","{'object_name': 'Duke Ellington', 'object_type': 'music'}"
test_421,Оцени Cotton Comes to Harlem на 2,RateBook,RateBook,True,0.9307,False,False,False,"{'object_name': 'Cotton Comes to Harlem', 'rating_value': '2'}","{'best_rating': '2', 'object_name': 'Cotton Comes to Harlem', 'object_type': 'book'}"
test_422,Добавь песню в мой плейлист madden nfl 16,AddToPlaylist,AddToPlaylist,True,0.9206,False,False,False,"{'music_item': 'песню', 'reference': 'мой', 'playlist': 'madden nfl 16'}","{'artist': 'Madden NFL 16', 'entity_name': 'песня', 'music_item': 'песня', 'playlist': 'Madden NFL 16', 'reference': 'песня'}"
test_423,Добавь Toyan в мой Epic Gaming плейлист.,AddToPlaylist,AddToPlaylist,True,0.9707,False,False,False,"{'artist': 'Toyan', 'reference': 'мой', 'playlist': 'Epic Gaming'}","{'artist': 'Toyan', 'entity_name': 'Epic Gaming', 'music_item': None, 'playlist': 'Epic Gaming', 'reference': None}"
test_424,включи что-то новое от Les Vandyke на Slacker,PlayMusic,AddToPlaylist,False,0.9417,False,False,False,"{'sort': 'новое', 'artist': 'Les Vandyke', 'service': 'Slacker'}","{'artist': 'Les Vandyke', 'entity_name': 'Slacker', 'music_item': None, 'playlist': 'null', 'reference': None}"
test_425,оцени Three Junes одним баллом из 6,RateBook,RateBook,True,0.9154,False,False,False,"{'object_name': 'Three Junes', 'rating_value': 'одним', 'best_rating': '6'}","{'best_rating': '1', 'object_name': 'Three Junes', 'object_type': 'книга', 'rating_unit': 'балл из 6'}"
test_426,Забронируй столик на девять людей в пекарне в Нуньес,BookRestaurant,BookRestaurant,True,0.9266,False,False,False,"{'party_size_number': 'девять', 'restaurant_type': 'пекарне', 'location': 'Нуньес'}","{'restaurant_name': 'пекарня', 'location': 'Нуньес', 'party_size_number': '9', 'party_size_description': 'девять', 'restaurant_type': 'пекарня', 'served_dish': None, 'sort': None}"
test_427,Оцени этот текущий роман двумя баллами из 6 .,RateBook,BookRestaurant,False,0.7957,False,False,False,"{'object_select': 'этот текущий', 'object_type': 'роман', 'rating_value': 'двумя', 'best_rating': '6'}","{'restaurant_type': 'Роман', 'location': 'Сан-Паулу', 'served_dish': 'оценивать', 'sort': '2'}"
test_428,Включи The Happy Blues от Ronnie Wood .,PlayMusic,PlayMusic,True,0.9735,False,False,True,"{'album': 'The Happy Blues', 'artist': 'Ronnie Wood'}","{'album': 'The Happy Blues', 'artist': 'Ronnie Wood', 'datetime': None, 'genre': None, 'music_item': None, 'playlist': None, 'service': None, 'sort': None}"
test_429,Включи симфонию из 2013 .,PlayMusic,SearchCreativeWork,False,0.9268,False,False,False,"{'music_item': 'симфонию', 'datetime': '2013'}","{'object_name': 'симфония', 'object_type': 'симфония'}"
,Забронируй мне столик в лучшем кафе.,BookRestaurant,BookRestaurant,True,0.9756,False,False,False,"{'sort': 'лучшем', 'restaurant_type': 'кафе'}","{'cuisine': None, 'datetime': None, 'facility': 'кафе', 'location': None, 'party_size_description': None, 'party_size_number': None, 'restaurant_name': None, 'restaurant_type': None, 'served_dish': None, 'sort': None}"
,Оцени текущий учебник на 1 из 6.,RateBook,RateBook,True,0.9216,False,False,False,"{'object_select': 'текущий', 'object_type': 'учебник', 'rating_value': '1', 'best_rating': '6'}","{'object_name': 'учебник', 'object_type': 'учебник', 'rating_unit': 'из 6', 'rating_value': '1'}"
,В какое время показывают фильм,SearchScreeningEvent,SearchScreeningEvent,True,0.9593,False,False,False,{'object_type': 'время показывают фильм'},"{'movie_name': None, 'movie_type': None, 'object_location_type': None, 'object_type': None, 'datetime': None}"
,Какая погода будет в Огайо?,weather/find,weather/find,True,0.9453,False,False,False,{'location': 'Огайо'},"{'datetime': 'на завтра', 'location': 'Огайо', 'weather/attribute': 'погода', 'weather/temperatureUnit': 'градусах Цельсия'}"
,Добавь этого исполнителя в Showstopper Being Mary Jane.,AddToPlaylist,AddToPlaylist,True,0.9169,False,False,False,"{'music_item': 'исполнителя', 'playlist': 'Showstopper Being Mary Jane'}","{'artist': 'Being Mary Jane', 'entity_name': 'исполнитель', 'music_item': 'Showstopper', 'playlist': 'Showstopper', 'reference': 'Showstopper'}"
,Забронируй столик для меня и моих детей.,BookRestaurant,BookRestaurant,True,0.9255,False,False,True,{'party_size_description': 'меня и моих детей'},"{'restaurant_name': None, 'location': None, 'party_size_number': 3, 'party_size_description': None, 'restaurant_type': None, 'served_dish': None, 'sort': None}"
test_375,"Какая погода будет в заповеднике Сарыгамыш 21 августа, 2035 ?",weather/find,weather/find,True,0.9368,False,False,False,"{'location': 'заповеднике Сарыгамыш', 'datetime': '21 августа, 2035'}","{'datetime': '21 августа, 2035', 'location': 'Сарыгамыш', 'weather/attribute': 'погода'}"
test_376,Оцени Ruth пять баллов из 6 .,RateBook,RateBook,True,0.9181,False,False,False,"{'object_name': 'Ruth', 'rating_value': 'пять', 'rating_unit': 'баллов', 'best_rating': '6'}","{'best_rating': '5', 'object_name': 'Ruth', 'object_type': 'person', 'rating_unit': 'балл из 6', 'rating_value': '5'}"
test_377,Reminiscences of the Anti-Japanese Guerillas chronicle заслуживает ноль баллов из 6.,RateBook,RateBook,True,0.9404,False,False,True,"{'object_name': 'Reminiscences of the Anti-Japanese Guerillas', 'object_part_of_series_type': 'chronicle', 'rating_value': 'ноль', 'rating_unit': 'баллов', 'best_rating': '6.'}","{'best_rating': '0', 'object_name': 'Reminiscences of the Anti-Japanese Guerillas', 'object_type': 'книга'}"
test_378,Покажи мне расписание сеансов в южных кинотеатрах,SearchScreeningEvent,SearchScreeningEvent,True,0.9403,False,False,False,"{'object_type': 'расписание сеансов', 'location': 'южных кинотеатрах'}","{'movie_name': None, 'movie_type': None, 'object_location_type': None, 'object_type': None}"
test_379,Найди расписание фильмов рядом,SearchScreeningEvent,SearchScreeningEvent,True,0.9174,False,False,False,"{'object_type': 'расписание фильмов', 'location': 'рядом'}","{'datetime': 'на следующей неделе', 'location': 'районы рядом', 'movie_name': None, 'movie_type': None, 'object_location_type': None, 'object_type': None}"
test_380,Добавь этот альбом в плейлист Spanish Beat,AddToPlaylist,AddToPlaylist,True,0.9358,False,False,False,"{'music_item': 'альбом', 'playlist': 'Spanish Beat'}","{'artist': 'Spanish Beat', 'music_item': 'альбом', 'playlist': 'Spanish Beat', 'reference': 'альбом'}"
test_381,Забронируй столик на 6 человек в креольской таверне в Черногории,BookRestaurant,BookRestaurant,True,0.9047,False,False,True,"{'party_size_number': '6', 'cuisine': 'креольской', 'restaurant_type': 'таверне', 'location': 'Черногории'}","{'restaurant_name': 'креольская таверна', 'location': 'Черногория', 'party_size_number': '6', 'restaurant_type': 'креольская таверна', 'cuisine': 'не указано'}"
test_382,Поставь сериалу Catedral 4 звезды .,RateBook,BookRestaurant,False,0.8982,False,False,True,"{'object_part_of_series_type': 'сериалу', 'object_name': 'Catedral', 'rating_value': '4', 'rating_unit': 'звезды'}","{'restaurant_name': 'Catedral', 'restaurant_type': 'кафе', 'served_dish': None, 'sort': None, 'location': None, 'party_size_number': None, 'party_size_description': None, 'cuisine': None}"
test_383,Добавь The Famous Flower of Serving-Men в мой вечерний акустический плейлист.,AddToPlaylist,AddToPlaylist,True,0.9331,False,False,False,"{'entity_name': 'The Famous Flower of Serving-Men', 'reference': 'мой', 'playlist': 'вечерний акустический'}","{'artist': 'The Famous Flower of Serving-Men', 'entity_name': 'The Famous Flower of Serving-Men', 'playlist': 'вечерний акустический', 'music_item': None, 'reference': None}"
test_384,Покажи мне расписание ArcLight Hollywood только для анимационных фильмов,SearchScreeningEvent,SearchScreeningEvent,True,0.9006,False,False,False,"{'object_type': 'расписание', 'location': 'ArcLight Hollywood', 'movie_type': 'анимационных фильмов'}","{'movie_type': 'анимационные фильмы', 'location': 'ArcLight Hollywood', 'datetime': 'расписание'}"
test_385,"Пожалуйста, найди картину под названием This Is the Night .",SearchCreativeWork,SearchCreativeWork,True,0.9593,False,False,False,"{'object_type': 'картину', 'object_name': 'This Is the Night'}","{'object_name': 'This Is the Night', 'object_type': 'picture'}"
test_386,Какова будет влажность в данном месте в 15:19:29 ?,weather/find,weather/find,True,0.9499,False,False,True,"{'condition_description': 'влажность', 'location': 'данном месте', 'datetime': '15:19:29'}","{'datetime': '15:19:29', 'location': 'Сан - Паулу', 'weather/humidity': 'влажность'}"
test_387,я хочу посмотреть JLA Adventures: Trapped In Time,SearchScreeningEvent,SearchCreativeWork,False,0.9534,False,False,False,{'movie_name': 'JLA Adventures: Trapped In Time'},"{'object_name': 'JLA Adventures: Trapped In Time', 'object_type': 'movie'}"
test_388,Добавь мелодию Дерека Уоткинса в This Is Johnny Cash,AddToPlaylist,PlayMusic,False,0.8925,False,False,False,"{'music_item': 'мелодию', 'artist': 'Дерека Уоткинса', 'playlist': 'This Is Johnny Cash'}","{'album': 'This Is Johnny Cash', 'artist': 'Derek Watkins', 'music_item': 'Мелодию Дерека Уоткинса', 'playlist': None, 'service': None, 'sort': None}"
test_389,Найди творческую работу под названием Fire in the Hole,SearchCreativeWork,SearchCreativeWork,True,0.9668,False,False,False,{'object_name': 'Fire in the Hole'},{'object_name': 'Fire in the Hole'}
test_390,забронируй столик возле колледжа Пэта,BookRestaurant,BookRestaurant,True,0.9067,False,False,False,{'location': 'возле | колледжа Пэта'},"{'restaurant_name': 'колледж Пэта', 'location': 'не указано', 'party_size_number': 'не указано', 'restaurant_type': 'не указано', 'served_dish': 'не указано', 'sort': 'не указано'}"
test_391,Идет ли Patrick Still Lives в кинотеатрах AMC,SearchScreeningEvent,SearchScreeningEvent,True,0.9196,False,False,False,"{'movie_name': 'Patrick Still Lives', 'location': 'кинотеатрах AMC'}","{'movie_name': 'Patrick Still Lives', 'object_location_type': 'кинотеатры', 'object_type': 'movie'}"
test_393,нужен столик где-нибудь в Кворривилле через 14 часов,BookRestaurant,BookRestaurant,True,0.9288,False,False,False,"{'location': 'Кворривилле', 'datetime': 'через 14 часов'}","{'restaurant_name': 'столик', 'location': 'Кворривилле', 'datetime': 'через 14 часов'}"
test_394,включи Гэри Ли Коннера,PlayMusic,SearchCreativeWork,False,0.9311,False,False,False,{'artist': 'Гэри Ли Коннера'},"{'object_name': 'Гэри Ли Конне', 'object_type': 'person'}"
test_395,"покажи ближайший кинотеатр, где показывают Boycott",SearchScreeningEvent,SearchScreeningEvent,True,0.9183,False,False,True,"{'location': 'ближайший', 'object_location_type': 'кинотеатр', 'movie_name': 'Boycott'}","{'movie_name': 'Boycott', 'location': 'не указано', 'movie_type': 'фильм', 'object_location_type': 'кинотеатр', 'object_type': 'кинотеатр'}"
test_396,"Пожалуйста, включи мой ecstatic плейлист.",PlayMusic,AddToPlaylist,False,0.9148,False,False,False,{'playlist': 'ecstatic'},"{'artist': 'ecstatic', 'entity_name': 'ecstatic', 'music_item': 'ecstatic', 'playlist': 'ecstatic', 'reference': 'ecstatic'}"
test_397,"Пожалуйста, найди песню The Mad Magician .",SearchCreativeWork,SearchCreativeWork,True,0.9647,False,False,False,"{'object_type': 'песню', 'object_name': 'The Mad Magician'}",{'object_name': 'The Mad Magician'}
test_398,Проверь расписание кинотеатров Bow Tie Cinemas .,SearchScreeningEvent,SearchScreeningEvent,True,0.9488,False,False,False,"{'object_type': 'расписание', 'location': 'Bow Tie Cinemas'}","{'movie_name': None, 'movie_type': None, 'object_location_type': None, 'object_type': None}"
test_399,Забронируй мне столик на вечеринку из 3 человек в пабе на Северных Марианских островах,BookRestaurant,BookRestaurant,True,0.9625,False,False,False,"{'party_size_number': '3', 'restaurant_type': 'пабе', 'location': 'Северных Марианских островах'}","{'cuisine': None, 'datetime': None, 'facility': 'паб', 'location': 'Северные Марианские острова', 'party_size_description': '3', 'party_size_number': '3', 'restaurant_name': None, 'restaurant_type': None, 'served_dish': None, 'sort': None}"
test_400,Мне нужно добавить в текущий список Infinite Indie Folk произведения Рахим Шаха,AddToPlaylist,SearchCreativeWork,False,0.9448,False,False,False,"{'reference': 'текущий', 'playlist': 'Infinite Indie Folk', 'artist': 'Рахим Шаха'}","{'object_name': 'Рахим Шаха', 'object_type': 'music'}"
test_401,Добавь Джерри Каллиста-младшего в мой плейлист Te quiero.,AddToPlaylist,AddToPlaylist,True,0.97,False,False,False,"{'artist': 'Джерри Каллиста - младшего', 'reference': 'мой', 'playlist': 'Te quiero.'}","{'artist': 'Джерри Каллиста-младшего', 'entity_name': 'Te quiero', 'music_item': None, 'playlist': 'Te quiero', 'reference': None}"
test_402,Насколько холоднее будет недалеко от Юты около 3 часов утра?,weather/find,weather/find,True,0.9503,False,False,True,"{'condition_temperature': 'холоднее', 'location': 'недалеко | Юты', 'datetime': '3 часов утра'}","{'datetime': '3 часов утра', 'location': 'недалеко от Юты', 'weather/temperatureUnit': 'градусах Цельсия'}"
test_403,Добавь альбом в плейлист Hipster Soul.,AddToPlaylist,AddToPlaylist,True,0.9219,False,False,False,"{'music_item': 'альбом', 'playlist': 'Hipster Soul.'}","{'artist': 'Hipster Soul', 'music_item': 'альбом', 'playlist': 'playlist', 'reference': 'альбом'}"
test_404,Через тринадцать часов я хочу отведать деликатесы восточноевропейской кухни,BookRestaurant,BookRestaurant,True,0.9589,False,False,True,"{'datetime': 'Через тринадцать часов', 'restaurant_type': 'деликатесы', 'cuisine': 'восточноевропейской'}","{'cuisine': 'восточноевропейская', 'datetime': 'через тринадцать часов', 'facility': 'ресторан', 'location': None, 'party_size_description': None, 'party_size_number': None, 'restaurant_name': None, 'restaurant_type': None, 'served_dish': None, 'sort': None}"
test_405,включи саундтрек шестидесятых,PlayMusic,PlayMusic,True,0.9618,False,False,False,"{'music_item': 'саундтрек', 'datetime': 'шестидесятых'}","{'album': None, 'artist': None, 'datetime': None, 'genre': None, 'music_item': None, 'playlist': None, 'service': None, 'sort': None}"
test_406,Поставь этому альбому одну звезду,RateBook,RateBook,True,0.9127,False,False,False,"{'object_select': 'этому', 'object_type': 'альбому', 'rating_value': 'одну', 'rating_unit': 'звезду'}","{'best_rating': '1', 'object_name': 'альбом', 'object_type': 'альбом', 'rating_unit': 'зверей', 'rating_value': '1'}"
test_407,Включи лучшую музыку Брайана Маклина .,PlayMusic,PlayMusic,True,0.9335,False,False,False,"{'sort': 'лучшую', 'artist': 'Брайана Маклина'}","{'album': 'лучшая', 'artist': 'Брайан Маклин', 'datetime': None, 'genre': None, 'music_item': None, 'playlist': None, 'service': None, 'sort': None}"
test_408,какой прогноз погоды в Никодиме и окрестностях,weather/find,weather/find,True,0.9232,False,False,False,{'location': 'Никодиме | окрестностях'},"{'location': 'Никодиме', 'datetime': 'на следующей неделе', 'weather/attribute': 'прогноз погоды', 'weather/temperatureUnit': 'градусах Цельсия'}"
test_409,Найди игру под названием Phinally Phamous,SearchCreativeWork,SearchCreativeWork,True,0.9652,False,False,False,"{'object_type': 'игру', 'object_name': 'Phinally Phamous'}",{'object_name': 'Phinally Phamous'}
test_410,Поставь оценку 2 Juneteenth .,RateBook,RateBook,True,0.9357,False,False,False,"{'rating_value': '2', 'object_name': 'Juneteenth'}","{'best_rating': '2', 'object_name': 'Juneteenth', 'object_type': 'book'}"
test_411,Поставь ноль звезд Rhialto the Marvellous,RateBook,RateBook,True,0.919,False,False,False,"{'rating_value': 'ноль', 'rating_unit': 'звезд', 'object_name': 'Rhialto the Marvellous'}","{'object_name': 'Rhialto the Marvellous', 'object_type': 'book', 'best_rating': '0', 'object_part_of_series_type': None, 'object_select': None, 'rating_unit': None, 'rating_value': '0'}"
test_412,Я хочу послушать саундтрек на Ютубе от Helena Iren Michaelsen,PlayMusic,PlayMusic,True,0.8539,False,False,False,"{'music_item': 'саундтрек', 'service': 'Ютубе', 'artist': 'Helena Iren Michaelsen'}","{'album': 'Helena Iren Michaelsen', 'music_item': 'саундтрек', 'service': 'YouTube', 'sort': 'по умолчанию'}"
test_413,забронируй столик на 1/20/2023 на 5 человек в MH,BookRestaurant,BookRestaurant,True,0.9318,False,False,False,"{'datetime': '1/20/2023', 'party_size_number': '5', 'location': 'MH'}","{'restaurant_name': 'MH', 'datetime': '1/20/2023', 'party_size_number': '5', 'restaurant_type': None, 'cuisine': None, 'location': None, 'sort': None}"
test_414,расписание сеансов анимационных фильмов рядом,SearchScreeningEvent,SearchScreeningEvent,True,0.9385,False,False,False,"{'object_type': 'расписание сеансов', 'movie_type': 'анимационных фильмов', 'location': 'рядом'}","{'movie_name': None, 'movie_type': None, 'object_location_type': None, 'object_type': None}"
test_415,Добавь jack white в мой плейлист This Is Shakira,AddToPlaylist,AddToPlaylist,True,0.9747,False,False,False,"{'artist': 'jack white', 'reference': 'мой', 'playlist': 'This Is Shakira'}","{'artist': 'jack white', 'entity_name': 'This Is Shakira', 'music_item': None, 'playlist': 'This Is Shakira', 'reference': None}"
test_416,Я хочу забронировать ресторан на пять человек на Шри-Ланке .,BookRestaurant,BookRestaurant,True,0.9611,False,False,False,"{'restaurant_type': 'ресторан', 'party_size_number': 'пять', 'location': 'Шри - Ланке'}","{'cuisine': None, 'datetime': None, 'facility': 'ресторан', 'location': 'Шри-Ланка', 'party_size_description': 'пять человек', 'party_size_number': '5', 'restaurant_name': None, 'restaurant_type': None, 'served_dish': None, 'sort': None}"
test_481,Включи британский блюз .,PlayMusic,PlayMusic,True,0.9552,False,False,True,{'genre': 'британский блюз'},"{'album': None, 'artist': None, 'datetime': None, 'genre': None, 'music_item': None, 'playlist': None, 'service': None, 'sort': None, 'track': None}"
test_162,Сколько снега прогнозируется?,weather/find,weather/find,True,0.9648,False,False,False,{'weather/attribute': 'снега'},"{'weather/attribute': 'снег', 'datetime': 'на следующей неделе', 'location': 'Сан - Паулу', 'weather/temperatureUnit': 'градусах Цельсия'}"
test_163,на улице жарко,weather/find,weather/find,True,0.9512,False,False,False,"{'location': 'улице', 'weather/attribute': 'жарко'}","{'weather/attribute': 'жарко', 'datetime': 'на улице', 'location': 'Сан - Паулу', 'weather/temperatureUnit': 'градусах Цельсия'}"
test_164,Какая температура будет сегодня?,weather/find,weather/find,True,0.954,False,False,False,"{'weather/attribute': 'температура', 'datetime': 'сегодня'}","{'weather/attribute': 'температура', 'datetime': 'сегодня', 'location': 'Сан - Паулу', 'weather/temperatureUnit': 'градусах Цельсия'}"
test_165,какая погода будет завтра в Далласе,weather/find,weather/find,True,0.965,False,False,False,"{'datetime': 'завтра', 'location': 'Далласе'}","{'datetime': 'завтра', 'location': 'Даллас', 'weather/attribute': 'погода', 'weather/temperatureUnit': 'градусах Цельсия'}"
test_166,Покажи мне все текущие напоминания на сегодня,reminder/show_reminders,reminder/show_reminders,True,0.8719,False,False,False,"{'reference': 'все текущие', 'datetime': 'сегодня'}",{'reference': 'настоящие напоминания'}
test_167,Установи еженедельное напоминание о покупках.,reminder/set_reminder,reminder/set_alarm,False,0.904,False,False,False,"{'recurring_datetime': 'еженедельное', 'reminder/todo': 'покупках'}","{'datetime': 'еженедельно', 'reference': 'покупки', 'recurring_datetime': 'еженедельно'}"
test_168,погода,weather/find,weather/find,True,0.968,False,False,False,{},"{'weather/attribute': 'погода', 'datetime': 'на следующей неделе', 'location': 'Сан - Паулу', 'weather/temperatureUnit': 'градусах Цельсия'}"
test_169,Будет ли идти весь день дождь?,weather/find,weather/find,True,0.9523,False,False,False,"{'datetime': 'весь день', 'weather/attribute': 'дождь'}","{'weather/attribute': 'дождь', 'datetime': 'на следующей неделе', 'location': 'Сан - Паулу', 'weather/temperatureUnit': 'градусах Цельсия'}"
test_170,завтра будет дождь,weather/find,weather/find,True,0.9695,False,False,False,"{'datetime': 'завтра', 'weather/attribute': 'дождь'}","{'weather/attribute': 'дождь', 'datetime': 'завтра', 'location': None, 'weather/temperatureUnit': None}"
test_171,Напомни мне ответить на рабочие письма сегодня вечером,reminder/set_reminder,reminder/set_alarm,False,0.8963,False,False,False,"{'reminder/todo': 'ответить на рабочие письма', 'datetime': 'сегодня вечером'}","{'datetime': 'вечер', 'reference': 'ответ на рабочие письма'}"
test_172,Удали будильники,alarm/cancel_alarm,alarm/cancel_alarm,True,0.87,False,False,False,{},"{'datetime': 'на следующей неделе', 'reference': 'будильник'}"
test_173,Отмени текущие будильники,alarm/cancel_alarm,alarm/cancel_alarm,True,0.8527,False,False,False,{'reference': 'текущие'},{'datetime': 'отмени'}
test_215,Могу ли я надеть сегодня шорты?,weather/find,weather/find,True,0.9077,False,False,False,"{'datetime': 'сегодня', 'weather/attribute': 'шорты'}","{'datetime': 'сегодня', 'location': 'Сан-Паулу', 'weather/attribute': 'температура', 'weather/temperatureUnit': 'градусах Цельсия'}"
test_203,Завтра будет дождь?,weather/find,weather/find,True,0.9434,False,False,False,"{'datetime': 'Завтра', 'weather/attribute': 'дождь'}","{'weather/attribute': 'дождь', 'datetime': 'завтра', 'location': 'Сан-Паулу', 'weather/temperatureUnit': 'градусах Цельсия'}"
test_176,Установи будильник на 10 утра,alarm/set_alarm,alarm/set_alarm,True,0.9308,False,False,False,{'datetime': '10 утра'},"{'datetime': '10:00', 'reference': None}"
test_177,Будет ли на этой недели дождь?,weather/find,weather/find,True,0.9607,False,False,False,"{'weather/attribute': 'дождь', 'datetime': 'этой недели'}","{'weather/attribute': 'дождь', 'datetime': 'на этой неделе', 'location': 'Сан - Паулу', 'weather/temperatureUnit': 'градусах Цельсия'}"
test_237,покажи все напоминания,reminder/show_reminders,reminder/show_reminders,True,0.8547,False,False,False,{'reference': 'все'},"{'datetime': 'на завтра', 'reference': 'покажи все напоминания'}"
test_179,отмени будильники,alarm/cancel_alarm,alarm/cancel_alarm,True,0.8709,False,False,False,{},{'datetime': 'отмени'}
test_180,отключи все будильники,alarm/cancel_alarm,alarm/cancel_alarm,True,0.8882,False,False,False,{'reference': 'все'},{'datetime': 'отключи все будильники'}
test_181,покажи все предустановленные будильники,alarm/show_alarms,alarm/show_alarms,True,0.8543,False,False,False,{'reference': 'все'},"{'datetime': 'на следующей неделе', 'reference': 'будильник'}"
test_182,Установи будильник на каждую минуту в течение 20 минут.,alarm/set_alarm,alarm/set_alarm,True,0.9084,False,False,False,{'recurring_datetime': 'каждую минуту в течение 20 минут'},{'datetime': 'каждой минуты в течение 20 минут'}
test_183,Какие у меня напоминания?,reminder/show_reminders,reminder/show_reminders,True,0.9085,False,False,False,{'reference': 'меня'},{'reference': 'у меня напоминания'}
test_184,отмени будильник на завтра,alarm/cancel_alarm,alarm/cancel_alarm,True,0.951,False,False,False,{'datetime': 'завтра'},{'datetime': 'завтра'}
test_185,мне нужен зонт сегодня?,weather/find,weather/find,True,0.9006,False,False,False,"{'weather/attribute': 'зонт', 'datetime': 'сегодня'}","{'weather/attribute': 'солнечный', 'datetime': 'сегодня', 'location': 'Сан-Паулу', 'weather/temperatureUnit': 'градусах Цельсия'}"
test_186,сегодня будет снег?,weather/find,weather/find,True,0.9458,False,False,False,"{'datetime': 'сегодня', 'weather/attribute': 'снег'}","{'weather/attribute': 'снег', 'datetime': 'сегодня', 'location': 'Сан-Паулу', 'weather/temperatureUnit': 'градусах Цельсия'}"
test_187,Напомни мне позвонить маме сегодня вечером,reminder/set_reminder,reminder/set_alarm,False,0.9193,False,False,False,"{'reminder/todo': 'позвонить маме', 'datetime': 'сегодня вечером'}","{'datetime': 'today evening', 'reminder/todo': 'позвонить маме'}"
test_188,сегодня будет дождь,weather/find,weather/find,True,0.9612,False,False,False,"{'datetime': 'сегодня', 'weather/attribute': 'дождь'}","{'weather/attribute': 'дождь', 'datetime': 'сегодня', 'location': None, 'weather/temperatureUnit': None}"
test_189,В субботу будет дождь?,weather/find,weather/find,True,0.9411,False,False,False,"{'datetime': 'субботу', 'weather/attribute': 'дождь'}","{'weather/attribute': 'дождь', 'datetime': 'суббота', 'location': 'Сан-Паулу', 'weather/temperatureUnit': 'градусах Цельсия'}"
test_190,Будете ли вы ставить будильник каждую минуту в течение 20 минут?,alarm/set_alarm,alarm/set_alarm,True,0.9331,False,False,False,{'recurring_datetime': 'каждую минуту в течение 20 минут'},{'datetime': 'каждой минуты в течение 20 минут'}
test_191,Тропические штормы в Карибском море,weather/find,weather/find,True,0.9436,False,False,False,"{'weather/attribute': 'Тропические штормы', 'location': 'Карибском море'}","{'location': 'Карибское море', 'weather/attribute': 'тропические штормы'}"
test_234,отмени все будильники,alarm/cancel_alarm,alarm/cancel_alarm,True,0.8528,False,False,False,{'reference': 'все'},{'datetime': 'отмени'}
test_193,Установи будильник на каждые девять минут.,alarm/set_alarm,alarm/set_alarm,True,0.917,False,False,False,{'recurring_datetime': 'каждые девять минут'},{'datetime': 'каждый девять минут'}
test_194,Удали два последних напоминания в моем списке,reminder/cancel_reminder,reminder/cancel_reminder,True,0.8617,False,False,False,{'reference': 'два последних'},{'reminder/todo': 'удалить'}
test_195,какая сегодня погода,weather/find,weather/find,True,0.9495,False,False,False,{'datetime': 'сегодня'},"{'weather/attribute': 'погода', 'datetime': 'сегодня', 'location': 'Сан-Паулу', 'weather/temperatureUnit': 'градусах Цельсия'}"
test_196,включи текущий будильник,alarm/set_alarm,alarm/set_alarm,True,0.9145,False,False,False,{'reference': 'текущий'},"{'datetime': 'текущий', 'reference': 'будильник'}"
test_223,Какая сегодня влажность?,weather/find,weather/find,True,0.9457,False,False,False,"{'datetime': 'сегодня', 'weather/attribute': 'влажность'}","{'weather/attribute': 'влажность', 'datetime': 'сегодня', 'location': 'Сан - Паулу', 'weather/temperatureUnit': 'градусах Цельсия'}"
test_198,напомни мне установить будильник для подъема,reminder/set_reminder,alarm/set_alarm,False,0.88,False,False,False,{'reminder/todo': 'установить будильник для подъема'},"{'datetime': 'установить будильник', 'reference': 'установить будильник', 'recurring_datetime': None}"
test_199,Будет ли в эти выходные снег?,weather/find,weather/find,True,0.9359,False,False,False,"{'datetime': 'эти выходные', 'weather/attribute': 'снег'}","{'weather/attribute': 'снег', 'datetime': 'эти выходные', 'location': 'Сан-Паулу', 'weather/temperatureUnit': 'неизвестно'}"
test_232,Насколько жарко будет сегодня?,weather/find,weather/find,True,0.9518,False,False,False,"{'weather/attribute': 'жарко', 'datetime': 'сегодня'}","{'weather/attribute': 'жарко', 'datetime': 'сегодня', 'location': 'Сан-Паулу', 'weather/temperatureUnit': 'градусах Цельсия'}"
test_201,На какое время установлен текущий будильник,alarm/show_alarms,alarm/show_alarms,True,0.9263,False,False,False,{'reference': 'текущий'},{'datetime': 'текущий будильник'}
test_202,Какая сегодня погода?,weather/find,weather/find,True,0.9455,False,False,False,{'datetime': 'сегодня'},"{'weather/attribute': 'погода', 'datetime': 'сегодня', 'location': 'Сан-Паулу', 'weather/temperatureUnit': 'градусах Цельсия'}"
test_203,Завтра будет дождь?,weather/find,weather/find,True,0.9434,False,False,False,"{'datetime': 'Завтра', 'weather/attribute': 'дождь'}","{'weather/attribute': 'дождь', 'datetime': 'завтра', 'location': 'Сан-Паулу', 'weather/temperatureUnit': 'градусах Цельсия'}"
test_204,Отмени текущий будильник на 5:15 утра во вторник,alarm/cancel_alarm,alarm/cancel_alarm,True,0.9462,False,False,False,"{'reference': 'текущий', 'datetime': '5:15 утра во вторник'}","{'datetime': '5:15 утра', 'reference': 'будильник'}"
test_205,отмени напоминание о сегодняшней вечерней игре,reminder/cancel_reminder,reminder/cancel_reminder,True,0.9104,False,False,False,"{'datetime': 'сегодняшней | вечерней', 'reminder/todo': 'игре'}",{'reference': 'о сегодняшней вечерней игре'}
test_206,Поставь будильник на 3 ночи,alarm/set_alarm,alarm/set_alarm,True,0.9259,False,False,False,{'datetime': '3 ночи'},"{'datetime': '3 ночи', 'reference': 'будильник'}"
test_207,отмени все будильники на субботу,alarm/cancel_alarm,alarm/cancel_alarm,True,0.9475,False,False,False,"{'reference': 'все', 'datetime': 'субботу'}",{'datetime': 'суббота'}
test_208,"мне нужно напоминание, чтобы забрать Лизу",reminder/set_reminder,reminder/set_alarm,False,0.9233,False,False,False,{'reminder/todo': 'забрать Лизу'},"{'datetime': 'на завтра', 'reference': 'Лиза', 'reminder/todo': 'забрать Лизу'}"
test_209,Какой сегодня максимум?,weather/find,weather/find,True,0.9473,False,False,False,"{'datetime': 'сегодня', 'weather/attribute': 'максимум'}","{'weather/attribute': 'максимум', 'datetime': 'сегодня', 'location': 'Сан - Паулу', 'weather/temperatureUnit': 'градусах Цельсия'}"
test_210,Будет ли сегодня облачно в Гриндстоуне?,weather/find,weather/find,True,0.9321,False,False,False,"{'datetime': 'сегодня', 'weather/attribute': 'облачно', 'location': 'Гриндстоуне'}","{'location': 'Гриндстоун', 'weather/attribute': 'облачно', 'datetime': 'сегодня'}"
test_211,Напомни мне позже,reminder/set_reminder,reminder/set_alarm,False,0.8596,False,False,False,{'datetime': 'позже'},"{'datetime': 'напомнить позже', 'reference': 'напомнить позже'}"
test_212,какая сегодня погода во Франции,weather/find,weather/find,True,0.9531,False,False,False,"{'location': 'Франции', 'datetime': 'сегодня'}","{'weather/attribute': 'погода', 'datetime': 'сегодня', 'location': 'Франция', 'weather/temperatureUnit': 'градусах Цельсия'}"
test_213,Будет ли солнечно на вечеринке в субботу,weather/find,weather/find,True,0.9094,False,False,False,"{'weather/attribute': 'солнечно', 'datetime': 'субботу'}","{'datetime': 'вечер', 'location': 'Сан-Паулу', 'weather/attribute': 'солнечно'}"
test_214,завтра пойдет дождь?,weather/find,weather/find,True,0.9626,False,False,False,"{'datetime': 'завтра', 'weather/attribute': 'дождь'}","{'weather/attribute': 'дождь', 'datetime': 'завтра', 'location': None, 'weather/temperatureUnit': None}"
test_215,Могу ли я надеть сегодня шорты?,weather/find,weather/find,True,0.9077,False,False,False,"{'datetime': 'сегодня', 'weather/attribute': 'шорты'}","{'datetime': 'сегодня', 'location': 'Сан-Паулу', 'weather/attribute': 'температура', 'weather/temperatureUnit': 'градусах Цельсия'}"
test_216,Покажи текущее напоминание,reminder/show_reminders,reminder/show_reminders,True,0.899,False,False,False,{'reference': 'текущее'},{'reference': 'текущее напоминание'}
test_217,какой средний прогноз на сентябрь,weather/find,weather/find,True,0.9428,False,False,False,{'datetime': 'сентябрь'},"{'datetime': 'сентябрь', 'location': 'Сан-Паулу', 'weather/attribute': 'прогноз', 'weather/temperatureUnit': 'градусах Цельсия'}"
test_218,Сегодня холодно?,weather/find,weather/find,True,0.948,False,False,False,"{'datetime': 'Сегодня', 'weather/attribute': 'холодно'}","{'weather/attribute': 'холодно', 'datetime': 'сегодня', 'location': None, 'weather/temperatureUnit': None}"
test_240,Отмени все напоминания,reminder/cancel_reminder,reminder/cancel_reminder,True,0.8834,False,False,False,{'reference': 'все'},{'reference': 'отмени все напоминания'}
test_220,жарко?,weather/find,weather/find,True,0.9725,False,False,False,{'weather/attribute': 'жарко'},"{'weather/attribute': 'жарко', 'datetime': 'на следующей неделе', 'location': 'Сан - Паулу', 'weather/temperatureUnit': 'градусах Цельсия'}"
test_221,Поставь будильник на выходные в 2 часа дня,alarm/set_alarm,alarm/set_alarm,True,0.9259,False,False,False,{'recurring_datetime': 'выходные в 2 часа дня'},"{'datetime': '2 часа дня', 'recurring_datetime': None, 'reminder/todo': None}"
test_222,Поставь будильник на 2 утра,alarm/set_alarm,alarm/set_alarm,True,0.9205,False,False,False,{'datetime': '2 утра'},"{'datetime': '2 утра', 'reference': None}"
test_223,Какая сегодня влажность?,weather/find,weather/find,True,0.9457,False,False,False,"{'datetime': 'сегодня', 'weather/attribute': 'влажность'}","{'weather/attribute': 'влажность', 'datetime': 'сегодня', 'location': 'Сан - Паулу', 'weather/temperatureUnit': 'градусах Цельсия'}"
test_224,покажи все текущие будильники,alarm/show_alarms,alarm/show_alarms,True,0.886,False,False,False,{'reference': 'все текущие'},{'datetime': 'текущие'}
test_225,Покажи мне все текущие напоминания,reminder/show_reminders,reminder/show_reminders,True,0.8985,False,False,False,{'reference': 'все текущие'},{'reference': 'текущие напоминания'}
test_234,отмени все будильники,alarm/cancel_alarm,alarm/cancel_alarm,True,0.8528,False,False,False,{'reference': 'все'},{'datetime': 'отмени'}
test_227,Надвигается ли гроза в моем районе?,weather/find,none,False,0.8411,True,False,False,"{'weather/attribute': 'гроза', 'location': 'моем районе'}",{}
test_195,какая сегодня погода,weather/find,weather/find,True,0.9495,False,False,False,{'datetime': 'сегодня'},"{'weather/attribute': 'погода', 'datetime': 'сегодня', 'location': 'Сан-Паулу', 'weather/temperatureUnit': 'градусах Цельсия'}"
test_229,удали последнее напоминание,reminder/cancel_reminder,reminder/cancel_reminder,True,0.8847,False,False,False,{'reference': 'последнее'},{'reference': 'удалить последнее напоминание'}
test_230,Сколько времени осталость до будильника.,alarm/time_left_on_alarm,alarm/show_alarms,False,0.8998,False,True,False,{},{'datetime': 'время будильника'}
test_231,Отмени все текущие будильники на воскресенье.,alarm/cancel_alarm,alarm/cancel_alarm,True,0.935,False,False,False,"{'reference': 'все текущие', 'datetime': 'воскресенье'}",{'datetime': 'воскресенье'}
test_232,Насколько жарко будет сегодня?,weather/find,weather/find,True,0.9518,False,False,False,"{'weather/attribute': 'жарко', 'datetime': 'сегодня'}","{'weather/attribute': 'жарко', 'datetime': 'сегодня', 'location': 'Сан-Паулу', 'weather/temperatureUnit': 'градусах Цельсия'}"
test_233,"Я бы хотел, чтобы ты создал новый будильник на завтрашнее утро в 8:45",alarm/set_alarm,alarm/set_alarm,True,0.9434,False,False,False,{'datetime': 'завтрашнее утро в 8:45'},"{'datetime': 'завтрашнее утро', 'reference': '8:45'}"
test_234,отмени все будильники,alarm/cancel_alarm,alarm/cancel_alarm,True,0.8528,False,False,False,{'reference': 'все'},{'datetime': 'отмени'}
test_235,Пойдет ли снег сегодня?,weather/find,weather/find,True,0.9299,False,False,False,"{'weather/attribute': 'снег', 'datetime': 'сегодня'}","{'weather/attribute': 'снег', 'datetime': 'сегодня', 'location': 'Сан-Паулу', 'weather/temperatureUnit': 'градусах Цельсия'}"
test_236,напомни мне купить лед,reminder/set_reminder,AddToPlaylist,False,0.9506,False,False,False,{'reminder/todo': 'купить лед'},"{'artist': None, 'entity_name': 'лед', 'music_item': None, 'playlist': None, 'reference': None}"
test_237,покажи все напоминания,reminder/show_reminders,reminder/show_reminders,True,0.8547,False,False,False,{'reference': 'все'},"{'datetime': 'на завтра', 'reference': 'покажи все напоминания'}"
test_245,покажи все будильники,alarm/show_alarms,alarm/show_alarms,True,0.8721,False,False,False,{'reference': 'все'},{'datetime': 'покажи все будильники'}
test_239,Какая погода в Сан-Франциско?,weather/find,weather/find,True,0.9561,False,False,False,{'location': 'Сан - Франциско'},"{'datetime': 'сейчас', 'location': 'Сан-Франциско', 'weather/attribute': 'погода', 'weather/temperatureUnit': 'градусах Цельсия'}"
test_240,Отмени все напоминания,reminder/cancel_reminder,reminder/cancel_reminder,True,0.8834,False,False,False,{'reference': 'все'},{'reference': 'отмени все напоминания'}
test_241,Отмени напоминание о концерте,reminder/cancel_reminder,reminder/cancel_reminder,True,0.9456,False,False,False,{'reminder/todo': 'концерте'},{'reference': 'концерт'}
test_242,Отмени будильник на завтрашнее утро,alarm/cancel_alarm,alarm/cancel_alarm,True,0.9525,False,False,False,{'datetime': 'завтрашнее утро'},{'datetime': 'завтрашнее утро'}
test_243,будет ли дождь на этой недели,weather/find,weather/find,True,0.9572,False,False,False,"{'weather/attribute': 'дождь', 'datetime': 'этой недели'}","{'weather/attribute': 'дождь', 'datetime': 'на этой неделе', 'location': 'Сан - Паулу', 'weather/temperatureUnit': 'градусах Цельсия'}"
test_244,Какая погода будет в среду для игры в гольф,weather/find,weather/find,True,0.9345,False,False,False,{'datetime': 'среду'},"{'datetime': 'среда', 'location': 'для игры в гольф', 'weather/attribute': 'погода'}"
test_245,покажи все будильники,alarm/show_alarms,alarm/show_alarms,True,0.8721,False,False,False,{'reference': 'все'},{'datetime': 'покажи все будильники'}
test_246,отключи все будильники на завтра,alarm/cancel_alarm,alarm/cancel_alarm,True,0.9454,False,False,False,"{'reference': 'все', 'datetime': 'завтра'}",{'datetime': 'на завтра'}
test_56,Установи будильник на 5 часов вечера сегодня,alarm/set_alarm,alarm/set_alarm,True,0.9059,False,False,False,{'datetime': '5 часов вечера сегодня'},"{'datetime': '5', 'reference': 'сейчас', 'recurring_datetime': None}"
,поставь будильник на 7 утра на завтра,alarm/set_alarm,alarm/set_alarm,True,0.9236,False,False,False,{'datetime': '7 утра на завтра'},"{'datetime': '7 утра', 'reference': None}"
test_249,Завтра будет солнечно?,weather/find,weather/find,True,0.9405,False,False,False,"{'datetime': 'Завтра', 'weather/attribute': 'солнечно'}","{'weather/attribute': 'солнечно', 'datetime': 'завтра', 'location': 'Сан-Паулу', 'weather/temperatureUnit': 'градусах Цельсия'}"
test_250,насколько жарко будет сегодня,weather/find,weather/find,True,0.9554,False,False,False,"{'weather/attribute': 'жарко', 'datetime': 'сегодня'}","{'weather/attribute': 'жарко', 'datetime': 'сегодня', 'location': 'Сан-Паулу', 'weather/temperatureUnit': 'градусах Цельсия'}"
test_251,Поставь ноль звезд игре Halo: Призраки Оникса,RateBook,RateBook,True,0.9366,False,False,False,"{'rating_value': 'ноль', 'rating_unit': 'звезд', 'object_name': 'Halo: Призраки Оникса'}","{'best_rating': '0', 'object_name': 'Halo: Призраки Оникса', 'object_type': 'игра', 'rating_unit': None, 'rating_value': None}"
,Включи музыку Джой Нило.,PlayMusic,PlayMusic,True,0.9217,False,False,False,{'artist': 'Джой Нило'},"{'album': 'JoJo', 'artist': 'JoJo', 'datetime': None, 'genre': None, 'music_item': None, 'playlist': None, 'service': None, 'sort': None}"
,"Пожалуйста, найди мне видеоигру под названием 20 часов в Америке.",SearchCreativeWork,SearchCreativeWork,True,0.975,False,False,False,"{'object_type': 'видеоигру', 'object_name': '20 часов в Америке'}","{'object_name': '20 часов в Америке', 'object_type': 'видеоигра'}"
test_254,Включи мой изобретательный плейлист,PlayMusic,AddToPlaylist,False,0.9318,False,False,False,{'playlist': 'изобретательный'},"{'artist': 'ваш плейлист', 'entity_name': 'ваш плейлист', 'music_item': 'ваш плейлист', 'playlist': 'ваш плейлист', 'reference': 'ваш плейлист'}"
test_255,Забронируй место на 9 в Термонте,BookRestaurant,BookRestaurant,True,0.9259,False,False,False,"{'party_size_number': '9', 'location': 'Термонте'}","{'restaurant_name': 'Термонте', 'datetime': '9', 'location': 'Термонте', 'party_size_number': None, 'restaurant_type': None, 'served_dish': None, 'sort': None}"
test_256,Добавь эту мелодию в плейлист вечеринок 80-х для Дорти,AddToPlaylist,AddToPlaylist,True,0.886,False,False,False,"{'music_item': 'мелодию', 'playlist': 'вечеринок 80-х', 'reference': 'Дорти'}","{'artist': 'Дорти', 'music_item': 'мелодию', 'playlist': 'плеер', 'reference': 'вечеринка 80-х'}"
,Включи новейшую мелодию Эдди Винсона на Last Fm.,PlayMusic,PlayMusic,True,0.9081,False,False,False,"{'sort': 'новейшую', 'music_item': 'мелодию', 'artist': 'Эдди Винсона', 'service': 'Last Fm'}","{'music_item': 'Новейшая мелодию Эдди Винсона', 'album': None, 'artist': 'Эдди Винсон', 'playlist': None, 'service': 'Last Fm', 'datetime': None, 'genre': None, 'sort': None}"
,Проверь прогноз для Небраски.,weather/find,weather/find,True,0.9735,False,False,False,{'location': 'Небраски'},"{'weather/attribute': 'жарко', 'datetime': 'на следующей неделе', 'location': 'Небраска', 'weather/temperatureUnit': 'градусах Цельсия'}"
,В Северной Каролине сейчас шторм?,weather/find,weather/find,True,0.9181,False,False,True,"{'location': 'Северной Каролине', 'datetime': 'сейчас', 'condition_description': 'шторм'}","{'weather/attribute': 'шторм', 'datetime': 'сейчас', 'location': 'Северная Каролина', 'weather/temperatureUnit': 'не указано'}"
,Я хочу послушать миньон 1988 года.,PlayMusic,PlayMusic,True,0.929,False,False,False,"{'music_item': 'миньон', 'datetime': '1998 года'}","{'album': 'миньон', 'artist': '1988', 'datetime': None, 'genre': None, 'music_item': None, 'playlist': None, 'service': None, 'sort': None}"
test_261,Мне нужно время спектакля A Yiddish World Remembered в театрах Дипсон,SearchScreeningEvent,SearchScreeningEvent,True,0.9204,False,False,False,"{'object_type': 'время', 'movie_name': 'A Yiddish World Remembered', 'location': 'театрах Дипсон'}","{'movie_name': 'A Yiddish World Remembered', 'location': 'Дипсон', 'movie_type': None, 'object_location_type': None, 'object_type': None}"
test_262,Поставь текущему учебнику 1 из 6,RateBook,BookRestaurant,False,0.8808,False,False,False,"{'object_select': 'текущему', 'object_type': 'учебнику', 'rating_value': '1', 'best_rating': '6'}","{'restaurant_name': 'учебник', 'restaurant_type': 'учебник', 'location': None, 'party_size_number': None, 'cuisine': None, 'served_dish': None, 'sort': None}"
test_263,Добавь мелодию Мэтта Мерфи в плейлист  Flow Español.,AddToPlaylist,AddToPlaylist,True,0.9166,False,False,False,"{'music_item': 'мелодию', 'artist': 'Мэтта Мерфи', 'playlist': 'Flow Español.'}","{'artist': 'Мэтт Мерфи', 'entity_name': 'Melody', 'music_item': 'Flow Español', 'playlist': 'Flow Español', 'reference': 'Добавить'}"
,Я хочу забронировать суданский гастропаб поблизости в Техасе для 3 человек на 5/20/2025.,BookRestaurant,BookRestaurant,True,0.923,False,False,True,"{'cuisine': 'суданский', 'restaurant_type': 'гастропаб', 'location': 'поблизости | Техасе', 'party_size_number': '3', 'datetime': '5/20/2025'}","{'restaurant_name': 'суданский гастропаб', 'location': 'Техас', 'party_size_number': '3', 'datetime': '5/20/2025', 'restaurant_type': 'гастропаб'}"
test_265,Не мог бы ты найти телесериал The Approach,SearchCreativeWork,SearchCreativeWork,True,0.9634,False,False,False,"{'object_type': 'телесериал', 'object_name': 'The Approach'}","{'object_name': 'The Approach', 'object_type': 'телесериал'}"
test_266,Поставь этой хронике 2 балла.,RateBook,RateBook,True,0.8995,False,False,True,"{'object_select': 'этой', 'object_part_of_series_type': 'хронике', 'rating_value': '2'}","{'best_rating': '2', 'object_name': 'хронике', 'object_type': 'книга'}"
test_267,Поставь The American Scene 2  из 6 звезд,RateBook,BookRestaurant,False,0.9071,False,False,False,"{'object_name': 'The American Scene', 'rating_value': '2', 'best_rating': '6', 'rating_unit': 'звезд'}","{'restaurant_name': 'The American Scene', 'restaurant_type': 'кафе', 'served_dish': None, 'sort': None, 'location': None, 'party_size_number': None, 'party_size_description': None, 'cuisine': None}"
test_268,Добавь Эмили Отем в мой плейлист Nação Reggae.,AddToPlaylist,AddToPlaylist,True,0.9663,False,False,False,"{'artist': 'Эмили Отем', 'reference': 'мой', 'playlist': 'Nação Reggae'}","{'artist': 'Эмили Отем', 'entity_name': 'Nação Reggae', 'music_item': None, 'playlist': 'Nação Reggae', 'reference': None}"
test_269,Я хочу забронировать еврейский ресторан в Гамбии .,BookRestaurant,BookRestaurant,True,0.9556,False,False,True,"{'cuisine': 'еврейский', 'restaurant_type': 'ресторан', 'location': 'Гамбии'}","{'cuisine': None, 'datetime': None, 'facility': 'ресторан', 'location': 'Гамбия', 'party_size_description': None, 'party_size_number': None, 'restaurant_name': None, 'restaurant_type': 'еврейский', 'served_dish': None, 'sort': None}"
test_270,забронируй столик в ресторане Fried chicken,BookRestaurant,BookRestaurant,True,0.9384,False,False,True,{'restaurant_name': 'ресторане Fried chicken'},"{'restaurant_name': 'Fried chicken', 'location': None, 'datetime': None, 'party_size_number': None, 'party_size_description': None, 'restaurant_type': None, 'served_dish': None, 'sort': None}"
test_271,добавь we have a theme song для моего плейлиста House Afterwork,AddToPlaylist,AddToPlaylist,True,0.9404,False,False,False,"{'entity_name': 'we have a theme song', 'reference': 'моего', 'playlist': 'House Afterwork'}","{'artist': 'we have a theme song', 'entity_name': 'House Afterwork', 'music_item': 'we have a theme song', 'playlist': 'House Afterwork', 'reference': 'none'}"
test_272,Какая погода будет недалеко отсюда девятнадцатого октября 2026 года?,weather/find,weather/find,True,0.9348,False,False,False,"{'location': 'недалеко отсюда', 'datetime': 'девятнадцатого октября 2026 года'}","{'datetime': '19 октября 2026 года', 'location': 'далеко отсюда', 'weather/attribute': 'погода'}"
,Погода в Урюпинске Россия на 12/26/2018,weather/find,weather/find,True,0.9754,False,False,False,"{'location': 'Урюпинске | Россия', 'datetime': '12/26/2018'}","{'datetime': '12/26/2018', 'location': 'Урюпинск', 'weather/temperatureUnit': 'градусах Цельсия'}"
,Я хочу забронировать ресторан для моего тестя и меня в Бакнере через год.,BookRestaurant,BookRestaurant,True,0.9238,False,False,True,"{'restaurant_type': 'ресторан', 'party_size_description': 'моего тестя и меня', 'location': 'Бакнере', 'datetime': 'через год'}","{'restaurant_name': None, 'location': 'Бакнере', 'datetime': 'год', 'party_size_number': None, 'party_size_description': None, 'restaurant_type': None, 'served_dish': None, 'sort': None}"
test_275,Оцени эту книгу на 1,RateBook,RateBook,True,0.9665,False,False,False,"{'object_select': 'эту', 'object_type': 'книгу', 'rating_value': '1'}","{'best_rating': '1', 'object_name': 'книга', 'object_part_of_series_type': None, 'object_select': None, 'object_type': 'книга', 'rating_unit': None, 'rating_value': 1}"
test_276,добавь этого исполнителя в мой плейлист spotlight on country 2016,AddToPlaylist,AddToPlaylist,True,0.9586,False,False,False,"{'music_item': 'исполнителя', 'reference': 'мой', 'playlist': 'spotlight on country 2016'}","{'artist': 'spotlight on country', 'entity_name': 'spotlight on country', 'music_item': None, 'playlist': 'spotlight on country 2016', 'reference': None}"
test_277,Не мог бы ты найти фотографию Epic Conditions?,SearchCreativeWork,SearchCreativeWork,True,0.9347,False,False,False,"{'object_type': 'фотографию', 'object_name': 'Epic Conditions'}","{'object_name': 'Epic Conditions', 'object_type': 'фото'}"
test_278,Включи rich sex на Iheart,PlayMusic,SearchCreativeWork,False,0.9025,False,False,True,"{'track': 'rich sex', 'service': 'Iheart'}",{'object_name': 'rich sex'}
test_279,Играет ли Барток Великолепный в семь утра?,SearchScreeningEvent,PlayMusic,False,0.9469,False,False,False,"{'movie_name': 'Барток Великолепный', 'datetime': 'семь утра'}","{'album': None, 'artist': None, 'datetime': 'семь утра', 'genre': None, 'music_item': None, 'playlist': None, 'service': None, 'sort': None}"
test_280,Включи что-нибудь на Zvooq,PlayMusic,AddToPlaylist,False,0.9394,False,False,False,{'service': 'Zvooq'},"{'artist': 'Zvooq', 'entity_name': 'Zvooq', 'music_item': None, 'playlist': None, 'reference': None}"
test_281,Позволь мне послушать музыку Криса Найта,PlayMusic,PlayMusic,True,0.9633,False,False,False,{'artist': 'Криса Найта'},"{'album': None, 'artist': 'Криса Найта', 'datetime': None, 'genre': None, 'music_item': None, 'playlist': None, 'service': None, 'sort': None}"
test_282,включи альбом Джилл Собул,PlayMusic,PlayMusic,True,0.9228,False,False,True,"{'music_item': 'альбом', 'album': 'Джилл Собул'}","{'album': 'Джилл Собул', 'service': 'не указано', 'genre': 'не указано', 'music_item': 'не указано', 'playlist': 'не указано', 'track': 'не указано'}"
test_283,Поставь четыре звезды The Broken Window,RateBook,RateBook,True,0.9346,False,False,False,"{'rating_value': 'четыре', 'rating_unit': 'звезды', 'object_name': 'The Broken Window'}","{'best_rating': '4', 'object_name': 'The Broken Window', 'object_type': 'книга'}"
test_284,Расскажи мне прогноз на 6 утра в Татра-Национальном парке,weather/find,weather/find,True,0.9563,False,False,False,"{'datetime': '6 утра', 'location': 'Татра - Национальном парке'}","{'datetime': '6 утра', 'location': 'Татра-Национальном парке', 'weather/attribute': 'прогноз'}"
,"Пожалуйста, забронируй мне стол в кафе, где подают домашнее печенье.",BookRestaurant,BookRestaurant,True,0.968,False,False,True,"{'restaurant_type': 'кафе', 'served_dish': 'домашнее печенье'}","{'cuisine': None, 'datetime': None, 'facility': 'кафе', 'location': None, 'party_size_description': None, 'party_size_number': None, 'restaurant_name': None, 'restaurant_type': None, 'served_dish': 'домашнее печенье', 'sort': None}"
,Оцени серию The Mystery of the Tolling Bell на 4 звезды.,RateBook,RateBook,True,0.9311,False,False,True,"{'object_part_of_series_type': 'серию', 'object_name': 'The Mystery of the Tolling Bell', 'rating_value': '4', 'rating_unit': 'звезды'}","{'best_rating': '4', 'object_name': 'The Mystery of the Tolling Bell', 'object_type': 'сериал', 'rating_unit': 'из 5', 'rating_value': '4'}"
test_287,Используй Groove Shark для воспроизведения музыки,PlayMusic,PlayMusic,True,0.9704,False,False,False,{'service': 'Groove Shark'},"{'album': None, 'artist': None, 'datetime': None, 'genre': None, 'music_item': None, 'playlist': None, 'service': 'Groove Shark', 'sort': None, 'track': None}"
,Проверь расписание сеансов Snowbound в ближайшем кинотеатре.,SearchScreeningEvent,SearchScreeningEvent,True,0.9561,False,False,True,"{'movie_name': 'Snowbound', 'location': 'ближайшем', 'object_location_type': 'кинотеатре'}","{'movie_name': None, 'movie_type': None, 'object_location_type': None, 'object_type': None}"
test_289,Пожалуйста открой Zvooq,PlayMusic,PlayMusic,True,0.961,False,False,False,{'service': 'Zvooq'},"{'album': None, 'artist': None, 'datetime': None, 'genre': None, 'music_item': None, 'playlist': None, 'service': None, 'sort': None, 'track': None}"
test_290,забронируй место на 1 человека в Town of Ramsgate in Merit,BookRestaurant,BookRestaurant,True,0.9571,False,False,True,"{'party_size_number': '1', 'restaurant_name': 'Town of Ramsgate', 'location': 'Merit'}","{'restaurant_name': 'Town of Ramsgate', 'location': 'Merit', 'party_size_number': '1', 'restaurant_type': None, 'served_dish': None, 'sort': None}"
,Будет ли Теория большого взрыва идти в 7 вечера?,SearchScreeningEvent,BookRestaurant,False,0.8896,False,False,False,"{'movie_name': 'Теория большого взрыва', 'datetime': '7 вечера'}","{'restaurant_name': 'The Theory of Big Bang', 'datetime': '7 вечера', 'location': None, 'restaurant_type': None, 'served_dish': None, 'sort': None}"
,станет ли прохладнее в Кастерском национальном лесу в семь вечера,weather/find,weather/find,True,0.9446,False,False,True,"{'condition_temperature': 'прохладнее', 'location': 'Кастерском национальном лесу', 'datetime': 'семь вечера'}","{'datetime': 'семь вечера', 'location': 'Кастерский национальный лес', 'weather/attribute': 'прохладнее', 'weather/temperatureUnit': 'градусах Цельсия'}"
test_293,Я хочу послушать что-нибудь на Ютубе.,PlayMusic,PlayMusic,True,0.9099,False,False,False,{'service': 'Ютубе'},"{'music_item': 'что-нибудь', 'album': None, 'artist': None, 'datetime': None, 'genre': None, 'playlist': None, 'service': 'YouTube', 'sort': None, 'track': None}"
test_294,Найди игру Difficult Loves,SearchCreativeWork,SearchCreativeWork,True,0.969,False,False,False,"{'object_type': 'игру', 'object_name': 'Difficult Loves'}",{'object_name': 'Difficult Loves'}
,Какой прогноз погоды на 20 февраля в Bothe-Napa Valley State Park?,weather/find,weather/find,True,0.9531,False,False,False,"{'datetime': '20 февраля', 'location': 'Bothe-Napa Valley State Park'}","{'datetime': '20 февраля', 'location': 'Bothe-Napa Valley State Park', 'weather/attribute': 'прогноз погоды'}"
test_296,покажи мне расписание фильма The Great Gildersleeve возле кинотеатра,SearchScreeningEvent,SearchScreeningEvent,True,0.9441,False,False,True,"{'object_type': 'расписание', 'movie_name': 'The Great Gildersleeve', 'object_location_type': 'кинотеатра'}","{'movie_name': 'The Great Gildersleeve', 'location': 'кинотеатр'}"
test_297,Расскажи мне о прогнозе погоды в Гибсленде,weather/find,weather/find,True,0.9381,False,False,False,{'location': 'Гибсленде'},"{'datetime': 'на следующей неделе', 'location': 'Гибсленде', 'weather/attribute': 'прогноз погоды', 'weather/temperatureUnit': 'градусах Цельсия'}"
test_298,Могу ли я узнать время сеансов в кинотеатрах по соседству?,SearchScreeningEvent,SearchScreeningEvent,True,0.935,False,False,False,"{'object_type': 'время сеансов', 'movie_type': 'кинотеатрах', 'location': 'по соседству'}","{'datetime': 'сеансов', 'location': 'по соседству', 'movie_name': None, 'movie_type': None, 'object_location_type': None, 'object_type': None}"
test_299,Оцени Soul Music на 0 .,RateBook,RateBook,True,0.9305,False,False,False,"{'object_name': 'Soul Music', 'rating_value': '0'}","{'best_rating': '0', 'object_name': 'Soul Music', 'object_type': 'книга'}"
test_300,Забронируй столик на пять человек в татарской таверне в Сарджентсе,BookRestaurant,BookRestaurant,True,0.9332,False,False,True,"{'party_size_number': 'пять', 'cuisine': 'татарской', 'restaurant_type': 'таверне', 'location': 'Сарджентсе'}","{'restaurant_name': 'татарская таверна', 'location': 'Сарджентсе', 'party_size_number': '5', 'restaurant_type': 'таверна'}"
,Включи All Things Must Pass,PlayMusic,PlayMusic,True,0.9624,False,False,True,{'track': 'All Things Must Pass'},"{'album': 'All Things Must Pass', 'artist': None, 'datetime': None, 'genre': None, 'music_item': None, 'playlist': None, 'service': None, 'sort': None}"
test_302,Какой прогноз дождя в Южной Корее через час,weather/find,weather/find,True,0.9538,False,False,True,"{'condition_description': 'дождя', 'location': 'Южной Корее', 'datetime': 'час'}","{'datetime': 'через час', 'location': 'Южная Корея', 'weather/attribute': 'дождь', 'weather/temperatureUnit': 'градусах Цельсия'}"
test_303,Забронируй место на 4 персоны в Оклахоме в South Street Diner,BookRestaurant,BookRestaurant,True,0.8852,False,False,True,"{'party_size_number': '4', 'location': 'Оклахоме', 'restaurant_name': 'South Street Diner'}","{'restaurant_name': 'South Street Diner', 'location': 'Оклахоме', 'party_size_number': '4', 'restaurant_type': 'кафе', 'datetime': 'на следующую неделю'}"
,Включи музыку с Нетфликса.,PlayMusic,PlayMusic,True,0.9092,False,False,False,{'service': 'Нетфликса'},"{'music_item': 'музыка с Нетфликса', 'album': None, 'artist': None, 'datetime': None, 'genre': None, 'playlist': None, 'service': 'Нетфликс', 'sort': None, 'track': None}"
,Я хочу увидеть Shattered Image,SearchScreeningEvent,SearchCreativeWork,False,0.947,False,False,False,{'movie_name': 'Shattered Image'},{'object_name': 'Shattered Image'}
test_306,Найди The Sound of One Hand Clapping,SearchCreativeWork,SearchCreativeWork,True,0.9603,False,False,False,{'object_name': 'The Sound of One Hand Clapping'},{'object_name': 'The Sound of One Hand Clapping'}
test_307,Найди альбом Wolves Within,SearchCreativeWork,SearchCreativeWork,True,0.9615,False,False,False,"{'object_type': 'альбом', 'object_name': 'Wolves Within'}","{'object_name': 'Wolves Within', 'object_type': 'album'}"
test_308,в каком кинотеатре идет We Are Northern Lights,SearchScreeningEvent,SearchScreeningEvent,True,0.9555,False,False,True,"{'object_location_type': 'кинотеатре', 'movie_name': 'We Are Northern Lights'}","{'movie_name': 'We Are Northern Lights', 'movie_type': None, 'object_location_type': None, 'object_type': None}"
test_309,Добавь our little corner of the world music from gilmore girls в мой плейлист The Funny Thing About Football Is.,AddToPlaylist,AddToPlaylist,True,0.9562,False,False,False,"{'entity_name': 'our little corner of the world music from gilmore girls', 'reference': 'мой', 'playlist': 'The Funny Thing About Football Is'}","{'artist': 'our little corner of the world', 'entity_name': 'music', 'music_item': 'our little corner of the world', 'playlist': 'The Funny Thing About Football Is', 'reference': 'our little corner of the world'}"
test_317,Добавь новейшую песню Richard McNamara в плейлист Just Smile,AddToPlaylist,AddToPlaylist,True,0.9335,False,False,False,"{'music_item': 'песню', 'artist': 'Richard McNamara', 'playlist': 'Just Smile'}","{'artist': 'Richard McNamara', 'entity_name': 'Just Smile', 'music_item': 'Добавить', 'playlist': 'Just Smile'}"
test_318,насколько здесь будет холодно через секунду,weather/find,weather/find,True,0.9306,False,False,True,"{'location': 'здесь', 'condition_temperature': 'холодно', 'datetime': 'через секунду'}","{'weather/attribute': 'холодно', 'datetime': 'через секунду', 'location': 'не указано', 'weather/temperatureUnit': 'градусах Цельсия'}"
test_319,Найди картинку с названием With You,SearchCreativeWork,SearchCreativeWork,True,0.9531,False,False,False,"{'object_type': 'картинку', 'object_name': 'With You'}",{'object_name': 'With You'}
test_320,Найди творческую работу Deadly Weapons,SearchCreativeWork,SearchCreativeWork,True,0.9681,False,False,False,{'object_name': 'Deadly Weapons'},{'object_name': 'Deadly Weapons'}
,Какая погода будет в ноябре в Брукниле?,weather/find,weather/find,True,0.9475,False,False,False,"{'datetime': 'ноябре', 'location': 'Брукниле'}","{'datetime': 'в ноябре', 'location': 'Брукниле', 'weather/attribute': 'погода', 'weather/temperatureUnit': 'градусах Цельсия'}"
test_322,Забронируй столик в кафе на лапшу,BookRestaurant,BookRestaurant,True,0.9695,False,False,True,"{'restaurant_type': 'кафе', 'served_dish': 'лапшу'}","{'cuisine': 'лапша', 'datetime': None, 'facility': 'кафе', 'location': None, 'party_size_description': None, 'party_size_number': None, 'restaurant_name': None, 'restaurant_type': None, 'served_dish': 'лапша', 'sort': None}"
test_323,какой прогноз на Коста-Рике,weather/find,weather/find,True,0.9529,False,False,False,{'location': 'Коста - Рике'},"{'datetime': 'на следующей неделе', 'location': 'Коста-Рика', 'weather/attribute': 'прогноз', 'weather/temperatureUnit': 'градусах Цельсия'}"
test_324,Играет The Two Gladiators,SearchScreeningEvent,PlayMusic,False,0.9508,False,False,False,{'movie_name': 'The Two Gladiators'},"{'album': 'The Two Gladiators', 'artist': 'The Two Gladiators', 'datetime': None, 'genre': None, 'music_item': None, 'playlist': None, 'service': None, 'sort': None}"
test_325,какие фильмы в Star Theatres .,SearchScreeningEvent,SearchScreeningEvent,True,0.9639,False,False,False,"{'movie_type': 'фильмы', 'location': 'Star Theatres'}","{'movie_name': None, 'movie_type': None, 'object_location_type': None, 'object_type': None}"
test_326,Можешь пожалуйста найти мне сагу Harry Hood ?,SearchCreativeWork,SearchCreativeWork,True,0.9389,False,False,False,"{'object_type': 'сагу', 'object_name': 'Harry Hood'}","{'object_name': 'Harry Hood', 'object_type': 'сага'}"
test_327,добавь эту мелодию в мой плейлист Sleepify,AddToPlaylist,AddToPlaylist,True,0.9093,False,False,False,"{'music_item': 'мелодию', 'reference': 'мой', 'playlist': 'Sleepify'}","{'artist': 'Sleepify', 'music_item': 'не указано', 'playlist': 'Sleepify', 'reference': 'не указано'}"
test_328,Заиграет ли Any Which Way You Can через 15 секунд,SearchScreeningEvent,PlayMusic,False,0.8792,False,False,False,"{'movie_name': 'Any Which Way You Can', 'datetime': 'через 15 секунд'}","{'music_item': 'Any Which Way You Can', 'service': 'не указано', 'datetime': '15 секунд'}"
test_329,Включи музыку с E-type .,PlayMusic,PlayMusic,True,0.9616,False,False,False,{'artist': 'E-type'},"{'album': None, 'artist': None, 'datetime': None, 'genre': None, 'music_item': None, 'playlist': None, 'service': None, 'sort': None, 'track': None}"
,Поставь одну звезду текущей книге,RateBook,RateBook,True,0.9617,False,False,False,"{'rating_value': 'одну', 'object_select': 'текущей', 'object_type': 'книге'}","{'best_rating': '1', 'object_name': 'книга', 'object_part_of_series_type': None, 'object_select': None, 'object_type': 'книга', 'rating_unit': None, 'rating_value': None}"
test_331,Включи Another Passenger от Louis Nelson Delisle .,PlayMusic,SearchCreativeWork,False,0.9378,False,False,True,"{'album': 'Another Passenger', 'artist': 'Louis Nelson Delisle'}","{'object_name': 'Another Passenger', 'object_type': 'book'}"
test_332,Где я могу найти расписание фильмов,SearchScreeningEvent,SearchScreeningEvent,True,0.9623,False,False,False,{'object_type': 'расписание фильмов'},"{'movie_name': None, 'movie_type': None, 'object_location_type': None, 'object_type': None}"
test_333,какой прогноз на сентябрь 26 в Эмерадо Сен-Пьер и Микелон,weather/find,weather/find,True,0.9615,False,False,False,"{'datetime': 'сентябрь 26', 'location': 'Эмерадо Сен - Пьер и Микелон'}","{'datetime': '26 сентября', 'location': 'Эмерадо Сен-Пьер и Микелон', 'weather/attribute': 'прогноз', 'weather/temperatureUnit': 'градусах Цельсия'}"
test_334,Давайте поедим рядом с Оукфилдом через пару минут в Ted Peters Famous Smoked Fish,BookRestaurant,BookRestaurant,True,0.9729,False,False,True,"{'location': 'рядом с | Оукфилдом', 'datetime': 'через пару минут', 'restaurant_name': 'Ted Peters Famous Smoked Fish'}","{'cuisine': None, 'datetime': None, 'facility': 'Ted Peters Famous Smoked Fish', 'location': 'Оукфилд', 'party_size_description': None, 'party_size_number': None, 'restaurant_name': 'Ted Peters Famous Smoked Fish', 'restaurant_type': None, 'served_dish': None, 'sort': None}"
test_335,найди мне трейлер Good Morning Sunshine,SearchCreativeWork,SearchCreativeWork,True,0.948,False,False,False,"{'object_type': 'трейлер', 'object_name': 'Good Morning Sunshine'}",{'object_name': 'Good Morning Sunshine'}
test_336,Я хочу забронировать пивную на 3 человек на Нидерландских Антильских островах .,BookRestaurant,BookRestaurant,True,0.91,False,False,False,"{'restaurant_type': 'пивную', 'party_size_number': '3', 'location': 'Нидерландских Антильских островах'}","{'restaurant_name': None, 'location': 'Нидерландские Антильские острова', 'party_size_number': '3', 'restaurant_type': None, 'cuisine': None, 'datetime': None, 'facility': None}"
test_337,оцени этот текущий альбом на 0 звезд,RateBook,RateBook,True,0.968,False,False,False,"{'object_select': 'этот текущий', 'object_type': 'альбом', 'rating_value': '0', 'rating_unit': 'звезд'}","{'best_rating': '0', 'object_name': 'альбом', 'object_part_of_series_type': None, 'object_select': None, 'object_type': 'альбом', 'rating_unit': None, 'rating_value': None}"
test_338,Хотели бы забронировать место в Монако в кофейне Yankee Doodle Coffee Shop,BookRestaurant,BookRestaurant,True,0.9218,False,False,True,"{'location': 'Монако', 'restaurant_name': 'Yankee Doodle Coffee Shop'}","{'restaurant_name': 'Yankee Doodle Coffee Shop', 'location': 'Монако', 'restaurant_type': 'кофейня', 'party_size_number': None, 'cuisine': None, 'datetime': None, 'facility': None}"
test_339,Добавь исполнителя в плейлист political punks.,AddToPlaylist,AddToPlaylist,True,0.9399,False,False,False,"{'music_item': 'исполнителя', 'playlist': 'political punks.'}","{'artist': 'political punks', 'entity_name': 'political punks', 'music_item': None, 'playlist': 'плейлист', 'reference': None}"
test_340,Будет ли холоднее через четыре месяца в Сувани AK,weather/find,weather/find,True,0.9543,False,False,True,"{'condition_temperature': 'холоднее', 'datetime': 'через четыре месяца', 'location': 'Сувани | AK'}","{'datetime': 'через четыре месяца', 'location': 'Сувани AK', 'weather/attribute': 'холоднее', 'weather/temperatureUnit': 'градусах Цельсия'}"
test_341,добавь  Muzika za decu в мой плейлист Crash Course,AddToPlaylist,AddToPlaylist,True,0.969,False,False,False,"{'entity_name': 'Muzika za decu', 'reference': 'мой', 'playlist': 'Crash Course'}","{'artist': 'Muzika za decu', 'entity_name': 'Crash Course', 'music_item': None, 'playlist': 'Crash Course', 'reference': None}"
test_342,Можешь поискать сагу Molecular Oncology ?,SearchCreativeWork,SearchCreativeWork,True,0.9346,False,False,False,"{'object_type': 'сагу', 'object_name': 'Molecular Oncology'}",{'object_name': 'Molecular Oncology'}
test_343,Я хочу забронировать ресторан на шесть человек в Вагстаффе AK .,BookRestaurant,BookRestaurant,True,0.9055,False,False,False,"{'restaurant_type': 'ресторан', 'party_size_number': 'шесть', 'location': 'Вагстаффе | AK'}","{'restaurant_name': 'Вагстаффе AK', 'party_size_number': '6', 'location': 'Вагстаффе AK', 'restaurant_type': None, 'cuisine': None, 'datetime': None, 'facility': None}"
test_344,Включи симфоническую музыку Дэвида Линдли .,PlayMusic,PlayMusic,True,0.9301,False,False,False,"{'music_item': 'симфоническую', 'artist': 'Дэвида Линдли'}","{'album': None, 'artist': 'David Lynch', 'datetime': None, 'genre': 'симфоническая', 'music_item': None, 'playlist': None, 'service': None, 'sort': None}"
,"Пожалуйста, найди мне телесериал Now We Are Married .",SearchCreativeWork,SearchCreativeWork,True,0.9651,False,False,False,"{'object_type': 'телесериал', 'object_name': 'Now We Are Married'}","{'object_name': 'Now We Are Married', 'object_type': 'телесериал'}"
test_346,Я хочу посмотреть Outcast .,SearchScreeningEvent,SearchCreativeWork,False,0.949,False,False,False,{'movie_name': 'Outcast'},"{'object_name': 'Outcast', 'object_type': 'фильм'}"
test_347,добавь текущий трек в мой плейлист This Is Tchaikovsky,AddToPlaylist,AddToPlaylist,True,0.9292,False,False,False,"{'music_item': 'трек', 'reference': 'мой', 'playlist': 'This Is Tchaikovsky'}","{'artist': 'This Is Tchaikovsky', 'entity_name': 'This Is Tchaikovsky', 'music_item': 'трек', 'playlist': 'плейлист', 'reference': 'трек'}"
test_348,Включи This Is: Miles Davis на Lastfm .,PlayMusic,SearchCreativeWork,False,0.95,False,False,False,"{'playlist': 'This Is: Miles Davis', 'service': 'Lastfm'}","{'object_name': 'This Is: Miles Davis', 'object_type': 'artist'}"
test_349,забронируй лучший столик в Танзании на 5 человек в кафе,BookRestaurant,BookRestaurant,True,0.9271,False,False,False,"{'sort': 'лучший', 'location': 'Танзании', 'party_size_number': '5', 'restaurant_type': 'кафе'}","{'restaurant_name': None, 'location': 'Танзания', 'party_size_number': '5', 'restaurant_type': None, 'served_dish': None, 'sort': None}"
test_350,Давайте послушаем старого доброго Mohammad Mamlе на Vimeo .,PlayMusic,SearchCreativeWork,False,0.9444,False,False,False,"{'sort': 'старого | доброго', 'artist': 'Mohammad Mamle', 'service': 'Vimeo'}","{'object_name': 'Mohammad Mamlе', 'object_type': 'video'}"
test_351,Помести трек Vandemataram Srinivas в HipHop Hot 50 .,AddToPlaylist,SearchCreativeWork,False,0.9498,False,False,False,"{'music_item': 'трек', 'artist': 'Vandemataram Srinivas', 'playlist': 'HipHop Hot 50'}","{'object_name': 'Vandemataram Srinivas', 'object_type': 'music_item'}"
test_352,Найди мне песню Secret South .,SearchCreativeWork,SearchCreativeWork,True,0.9504,False,False,False,"{'object_type': 'песню', 'object_name': 'Secret South'}","{'object_name': 'Secret South', 'object_type': 'music_item'}"
test_353,песни девяностых на Zvooq,PlayMusic,SearchCreativeWork,False,0.9398,False,False,False,"{'datetime': 'девяностых', 'service': 'Zvooq'}","{'object_name': 'песни', 'object_type': 'песни'}"
test_354,"какой прогноз погоды в Admire в Техасе, начиная с пяти вечера",weather/find,weather/find,True,0.9218,False,False,False,"{'location': 'Admire | Техасе', 'datetime': 'пяти | вечера'}","{'datetime': 'пятница', 'location': 'Admire, Техас', 'weather/attribute': 'прогноз погоды', 'weather/temperatureUnit': 'градусах Цельсия'}"
test_355,Включи что-нибудь на Last Fm,PlayMusic,PlayMusic,True,0.9641,False,False,False,{'service': 'Last Fm'},"{'album': None, 'artist': None, 'datetime': None, 'genre': None, 'music_item': None, 'playlist': None, 'service': None, 'sort': None}"
,Я хочу посмотреть The Portrait of a Lady в ближайшем кинотеатре.,SearchScreeningEvent,SearchScreeningEvent,True,0.9267,False,False,True,"{'movie_name': 'The Portrait of a Lady', 'location': 'ближайшем', 'object_location_type': 'кинотеатре'}","{'movie_name': 'The Portrait of a Lady', 'movie_type': None, 'object_location_type': None, 'object_type': 'film', 'location': None}"
,Пожалуйста найди мне Phineas Redux.,SearchCreativeWork,SearchCreativeWork,True,0.9548,False,False,False,{'object_name': 'Phineas Redux'},{'object_name': 'Phineas Redux'}
test_358,Добавь мелодию 40 cal в плейлист laundry.,AddToPlaylist,AddToPlaylist,True,0.9596,False,False,False,"{'music_item': 'мелодию', 'artist': '40 cal', 'playlist': 'laundry'}","{'artist': '40 cal', 'entity_name': '40 cal', 'music_item': '40 cal', 'playlist': 'laundry', 'reference': '40 cal'}"
,Открой itunes и включи Ben Burnley Ready To Die.,PlayMusic,PlayMusic,True,0.9508,False,False,True,"{'service': 'itunes', 'artist': 'Ben Burnley', 'album': 'Ready To Die'}","{'album': 'Ben Burnley', 'artist': 'Ben Burnley', 'datetime': None, 'genre': None, 'music_item': 'Ready To Die', 'playlist': None, 'service': 'itunes', 'sort': None}"
,Какая погода будет около Памятника Лихула 5 декабря?,weather/find,weather/find,True,0.9587,False,False,False,"{'location': 'Памятника Лихула', 'datetime': '5 декабря'}","{'datetime': '5 декабря', 'location': 'Памятник Лихула', 'weather/attribute': 'погода'}"
,Покажи расписание Sexy Dance 2 в ближайшем кинотеатре.,SearchScreeningEvent,SearchScreeningEvent,True,0.9537,False,False,True,"{'object_type': 'расписание', 'movie_name': 'Sexy Dance 2', 'location': 'ближайшем', 'object_location_type': 'кинотеатре'}","{'movie_name': 'Sexy Dance 2', 'movie_type': None, 'object_location_type': None, 'object_type': None}"
,Найди песню с названием Live at the Kings Center.,SearchCreativeWork,SearchCreativeWork,True,0.9525,False,False,False,"{'object_type': 'песню', 'object_name': 'Live at the Kings Center'}","{'object_name': 'Live at the Kings Center', 'object_type': 'music'}"
,"Какая погода в Тайонеке, Нью-Джерси?",weather/find,weather/find,True,0.9356,False,False,False,{'location': 'Тайонеке | Нью | - Джерси'},"{'location': 'Тайонеке', 'datetime': 'сейчас', 'weather/attribute': 'погода', 'weather/temperatureUnit': 'градусах Цельсия'}"
test_364,Я хочу забронировать Tupelo Honey Cafe в Нью-Джерси для пяти человек.,BookRestaurant,BookRestaurant,True,0.9474,False,False,True,"{'restaurant_name': 'Tupelo Honey Cafe', 'location': 'Нью | - Джерси', 'party_size_number': 'пяти'}","{'restaurant_name': 'Tupelo Honey Cafe', 'party_size_number': '5', 'location': 'Нью-Джерси'}"
,Забронируй место для меня и моих племянниц в чайном домике.,BookRestaurant,BookRestaurant,True,0.8959,False,False,True,"{'party_size_description': 'меня и моих племянниц', 'restaurant_type': 'чайном домике'}","{'restaurant_name': 'чайный домик', 'party_size_number': '2', 'party_size_description': 'племянницы', 'location': None, 'restaurant_type': 'чайный домик', 'served_dish': None, 'sort': None}"
,Будет ли жарко в Нидерландах 16 февраля?,weather/find,weather/find,True,0.9764,False,False,True,"{'condition_temperature': 'жарко', 'location': 'Нидерландах', 'datetime': '16 февраля'}","{'datetime': '16 февраля', 'location': 'Нидерланды', 'weather/temperatureUnit': 'градусах Цельсия'}"
,Я хотел бы добавить Jordan Rudess в плейлист Divertido para niños.,AddToPlaylist,AddToPlaylist,True,0.9803,False,False,False,"{'artist': 'Jordan Rudess', 'playlist': 'Divertido para niños'}","{'artist': 'Jordan Rudess', 'entity_name': 'Divertido para niños', 'music_item': None, 'playlist': 'Divertido para niños', 'reference': None}"
,Оцени In the Company of Cheerful Ladies на ноль из 6.,RateBook,RateBook,True,0.9334,False,False,False,"{'object_name': 'In the Company of Cheerful Ladies', 'rating_value': 'ноль', 'best_rating': '6'}","{'best_rating': '0', 'object_name': 'In the Company of Cheerful Ladies', 'object_type': 'book', 'rating_unit': 'из 6', 'rating_value': '0'}"
test_112,Что такое суровый прогноз погода?,weather/find,none,False,0.0,True,False,False,{'weather/attribute': 'суровый'},{}
test_113,напомни мне о визите к врачу на следующей недели,reminder/set_reminder,reminder/set_alarm,False,0.9394,False,False,False,"{'reminder/todo': 'визите к врачу', 'datetime': 'на следующей недели'}","{'datetime': 'на следующей неделе', 'reference': 'визит к врачу'}"
test_114,поставь напоминание о походе в магазин в 8 утра,reminder/set_reminder,reminder/set_alarm,False,0.9482,False,False,False,"{'reminder/todo': 'походе в магазин', 'datetime': '8 утра'}","{'datetime': '8 утра', 'reference': 'поход в магазин'}"
test_115,Поставь напоминание о сдачи вещей в химчистку,reminder/set_reminder,reminder/set_alarm,False,0.902,False,False,False,{'reminder/todo': 'сдачи вещей в химчистку'},"{'datetime': 'на следующую пятницу', 'reference': 'сдать вещи в химчистку'}"
test_116,когда похоладает?,weather/find,weather/find,True,0.9293,False,False,False,{'weather/attribute': 'похоладает'},"{'datetime': 'когда', 'location': 'Сан - Паулу', 'weather/temperatureUnit': 'градусах Цельсия'}"
test_243,будет ли дождь на этой недели,weather/find,weather/find,True,0.9572,False,False,False,"{'weather/attribute': 'дождь', 'datetime': 'этой недели'}","{'weather/attribute': 'дождь', 'datetime': 'на этой неделе', 'location': 'Сан - Паулу', 'weather/temperatureUnit': 'градусах Цельсия'}"
test_118,удали все будильники,alarm/cancel_alarm,alarm/cancel_alarm,True,0.9326,False,False,False,{'reference': 'все'},{}
test_179,отмени будильники,alarm/cancel_alarm,alarm/cancel_alarm,True,0.8709,False,False,False,{},{'datetime': 'отмени'}
test_120,покажи мне текущие будильники,alarm/show_alarms,alarm/show_alarms,True,0.8928,False,False,False,{'reference': 'текущие'},{'datetime': 'текущий момент'}
test_121,На какое время у меня установлен будильник?,alarm/show_alarms,alarm/show_alarms,True,0.9026,False,False,False,{},{'datetime': 'на текущий момент'}
test_189,В субботу пойдет дождь?,weather/find,weather/find,True,0.9473,False,False,False,{'datetime': 'субботу'},"{'weather/attribute': 'дождь', 'datetime': 'суббота', 'location': 'Сан-Паулу', 'weather/temperatureUnit': 'градусах Цельсия'}"
test_123,насколько жарко сегодня будет,weather/find,weather/find,True,0.9566,False,False,False,"{'weather/attribute': 'жарко', 'datetime': 'сегодня'}","{'weather/attribute': 'жарко', 'datetime': 'сегодня', 'location': 'Сан-Паулу', 'weather/temperatureUnit': 'градусах Цельсия'}"
test_124,Сбрось все будильники,alarm/cancel_alarm,alarm/cancel_alarm,True,0.867,False,False,False,{'reference': 'все'},"{'datetime': 'сбросить', 'reference': 'будильник'}"
test_125,Погода в Тахо в эти выходных?,weather/find,weather/find,True,0.9594,False,False,False,"{'location': 'Тахо', 'datetime': 'эти выходные'}","{'datetime': 'эти выходные', 'location': 'Тахо', 'weather/attribute': 'погода', 'weather/temperatureUnit': 'градусах Цельсия'}"
test_126,Понадобится ли курта сегодня?,weather/find,weather/find,True,0.9044,False,False,False,"{'weather/attribute': 'куртка', 'datetime': 'сегодня'}","{'weather/attribute': 'на улице', 'datetime': 'сегодня', 'location': 'Сан-Паулу', 'weather/temperatureUnit': 'градусах Цельсия'}"
test_127,Когда дождь закончится?,weather/find,weather/find,True,0.9242,False,False,False,{'weather/attribute': 'дождь'},"{'datetime': 'когда дождь закончится', 'location': 'Сан-Паулу', 'weather/attribute': 'дождь'}"
test_128,Поставь напоминание позвонить в школу в понедельник в 4 часа дня,reminder/set_reminder,alarm/set_alarm,False,0.9464,False,False,False,"{'reminder/todo': 'позвонить в школу', 'datetime': 'понедельник в 4 часа дня'}","{'datetime': 'в понедельник в 4 часа дня', 'reminder/todo': 'позвонить в школу'}"
test_129,Выключи текущий будильник.,alarm/cancel_alarm,alarm/cancel_alarm,True,0.894,False,False,False,{'reference': 'текущий'},"{'datetime': 'текущий', 'reference': 'будильник'}"
test_130,Насколько холодно будет сегодня вечером?,weather/find,weather/find,True,0.9114,False,False,False,"{'weather/attribute': 'холодно', 'datetime': 'сегодня вечером'}","{'datetime': 'на сегодня', 'location': 'не указано', 'weather/attribute': 'холодно', 'weather/temperatureUnit': 'градусах Цельсия'}"
,поставь будильник на 7 утра на завтра,alarm/set_alarm,alarm/set_alarm,True,0.9236,False,False,False,{'datetime': '7 утра на завтра'},"{'datetime': '7 утра', 'reference': None}"
test_132,"Отмени текущее напоминание о том, чтобы забрать Роба",reminder/cancel_reminder,alarm/cancel_alarm,False,0.885,False,False,False,"{'reference': 'текущее', 'reminder/todo': 'забрать Роба'}","{'datetime': 'отменить', 'reference': 'забрать Роба'}"
test_133,Создай напоминание на завтра о покупке молока,reminder/set_reminder,reminder/set_alarm,False,0.929,False,False,False,"{'datetime': 'завтра', 'reminder/todo': 'покупке молока'}","{'datetime': 'завтра', 'reference': 'покупка молока', 'reminder/todo': 'покупка молока'}"
test_134,поставь будильник на 6 вечера,alarm/set_alarm,alarm/set_alarm,True,0.9296,False,False,False,{'datetime': '6 вечера'},"{'datetime': '6', 'reference': None}"
test_135,запланируй ежедневный будильник на 7:30 вечера до удаления,alarm/set_alarm,alarm/set_alarm,True,0.9266,False,False,False,{'recurring_datetime': 'ежедневный | 7:30 вечера'},"{'datetime': '7:30', 'reference': 'удаление'}"
test_198,напомни мне поставить будильник для подъема,reminder/set_reminder,alarm/set_alarm,False,0.8684,False,False,False,{'reminder/todo': 'поставить будильник для подъема'},"{'datetime': 'уточните время', 'reference': 'уточните время', 'recurring_datetime': 'уточните время'}"
test_137,Отмени текущее напоминание,reminder/cancel_reminder,reminder/cancel_reminder,True,0.9243,False,False,False,{'reference': 'текущее'},{'reference': 'текущее напоминание'}
test_235,Сегодня пойдет снег?,weather/find,weather/find,True,0.932,False,False,False,"{'datetime': 'Сегодня', 'weather/attribute': 'снег'}","{'weather/attribute': 'снег', 'datetime': 'сегодня', 'location': 'Сан-Паулу', 'weather/temperatureUnit': 'градусах Цельсия'}"
test_139,Покажи мне все будильники,alarm/show_alarms,alarm/show_alarms,True,0.93,False,False,False,{'reference': 'все'},{}
test_237,покажи все напоминания,reminder/show_reminders,reminder/show_reminders,True,0.8547,False,False,False,{'reference': 'все'},"{'datetime': 'на завтра', 'reference': 'покажи все напоминания'}"
test_141,сколько времени осталось до текущего будильника,alarm/time_left_on_alarm,alarm/show_alarms,False,0.9112,False,True,False,{'reference': 'текущего'},{'datetime': 'текущий будильник'}
test_142,поставь будильник на 2 часа,alarm/set_alarm,alarm/set_alarm,True,0.9468,False,False,False,{'datetime': '2 часа'},{'datetime': '2 часа'}
test_143,Напомни мне купить хлеб после работы,reminder/set_reminder,AddToPlaylist,False,0.9533,False,False,False,"{'reminder/todo': 'купить хлеб', 'datetime': 'после работы'}","{'artist': None, 'entity_name': 'хлеб', 'music_item': None, 'playlist': None, 'reference': None}"
test_144,Сегодня будет дождь?,weather/find,weather/find,True,0.9366,False,False,False,"{'datetime': 'Сегодня', 'weather/attribute': 'дождь'}","{'weather/attribute': 'дождь', 'datetime': 'сегодня', 'location': 'Сан-Паулу', 'weather/temperatureUnit': 'градусах Цельсия'}"
test_145,прочитай прогноз погоды на сегодня,weather/find,weather/find,True,0.9412,False,False,False,{'datetime': 'сегодня'},"{'datetime': 'на сегодня', 'location': 'Сан-Паулу', 'weather/attribute': 'прогноз погоды', 'weather/temperatureUnit': 'градусах Цельсия'}"
test_146,На какое время установлен текущий будильник?,alarm/show_alarms,alarm/show_alarms,True,0.9302,False,False,False,{'reference': 'текущий'},{'datetime': 'текущий будильник'}
test_147,завтра в 4 напомни мне сходить в торговый центр,reminder/set_reminder,reminder/set_alarm,False,0.9443,False,False,False,"{'datetime': 'завтра в 4', 'reminder/todo': 'сходить в торговый центр'}","{'datetime': 'завтра', 'reference': 'сходить в торговый центр'}"
test_148,сегодня мне понадобится зонт,weather/find,weather/find,True,0.9186,False,False,False,"{'datetime': 'сегодня', 'weather/attribute': 'зонт'}","{'weather/attribute': 'солнечный', 'datetime': 'сегодня', 'location': 'Сан-Паулу', 'weather/temperatureUnit': 'градусах Цельсия'}"
test_216,Покажи текущее напоминание,reminder/show_reminders,reminder/show_reminders,True,0.899,False,False,False,{'reference': 'текущее'},{'reference': 'текущее напоминание'}
test_237,покажи все напоминания,reminder/show_reminders,reminder/show_reminders,True,0.8547,False,False,False,{'reference': 'все'},"{'datetime': 'на завтра', 'reference': 'покажи все напоминания'}"
test_151,Установи напоминание покормить собаку в понедельник.,reminder/set_reminder,reminder/set_alarm,False,0.9475,False,False,False,"{'reminder/todo': 'покормить собаку', 'datetime': 'понедельник'}","{'datetime': 'понедельник', 'reminder/todo': 'покормить собаку'}"
test_152,"Поставь напоминание ""Класс саб-йоги во вторник вечером в Bala"" на завтра",reminder/set_reminder,reminder/set_alarm,False,0.9154,False,False,False,"{'reminder/todo': 'Класс саб-йоги во вторник вечером в Bala', 'datetime': 'завтра'}","{'datetime': 'завтра', 'reference': 'Класс саб-йоги во вторник вечером в Bala', 'recurring_datetime': None}"
test_153,Отмени все напоминания на сегодня,reminder/cancel_reminder,reminder/cancel_reminder,True,0.8976,False,False,False,"{'reference': 'все', 'datetime': 'сегодня'}",{'reference': 'на сегодня'}
test_154,Какая погода будет в Нью Йорке на этой недели,weather/find,weather/find,True,0.9647,False,False,False,"{'location': 'Нью Йорке', 'datetime': 'этой недели'}","{'datetime': 'на этой неделе', 'location': 'Нью Йорк', 'weather/attribute': 'погода', 'weather/temperatureUnit': 'градусах Цельсия'}"
test_155,напомни мне о визите к доктору в четверг в 12 часов дня,reminder/set_reminder,reminder/set_alarm,False,0.9498,False,False,False,"{'reminder/todo': 'визите к доктору', 'datetime': 'четверг в 12 часов дня'}","{'datetime': 'в четверг в 12 часов дня', 'reminder/todo': 'визит к доктору'}"
test_156,Установи будильник на 6:50 вечера,alarm/set_alarm,alarm/set_alarm,True,0.9356,False,False,False,{'datetime': '6:50 вечера'},"{'datetime': '6:50', 'reference': 'будильник'}"
test_235,Пойдет ли снег сегодня?,weather/find,weather/find,True,0.9299,False,False,False,"{'weather/attribute': 'снег', 'datetime': 'сегодня'}","{'weather/attribute': 'снег', 'datetime': 'сегодня', 'location': 'Сан-Паулу', 'weather/temperatureUnit': 'градусах Цельсия'}"
test_158,Какие будильники установлены?,alarm/show_alarms,alarm/show_alarms,True,0.8624,False,False,False,{},"{'datetime': 'на следующей неделе', 'reference': 'будильники'}"
test_159,Установи напоминание на 7 октября,reminder/set_reminder,reminder/set_alarm,False,0.9109,False,False,False,{'datetime': '7 октября'},"{'datetime': '7 октября', 'reference': 'reminder/todo'}"
test_160,Будет ли сегодня снег?,weather/find,weather/find,True,0.9401,False,False,False,"{'datetime': 'сегодня', 'weather/attribute': 'снег'}","{'weather/attribute': 'снег', 'datetime': 'сегодня', 'location': 'Сан-Паулу', 'weather/temperatureUnit': 'градусах Цельсия'}"
test_161,отложи будильник на 15 минут,alarm/snooze_alarm,alarm/set_alarm,False,0.9206,False,True,False,{'datetime': '15 минут'},{'datetime': '15 минут'}
test_237,покажи все напоминания,reminder/show_reminders,reminder/show_reminders,True,0.8547,False,False,False,{'reference': 'все'},"{'datetime': 'на завтра', 'reference': 'покажи все напоминания'}"
test_2,Нужен ли мне свитер?,weather/find,reminder/set_alarm,False,0.8777,False,False,False,{'weather/attribute': 'свитер'},"{'datetime': 'нужен', 'reminder/todo': 'свитер'}"
test_3,Добавь напоминание на сегодня на 4 часа дня,reminder/set_reminder,reminder/set_alarm,False,0.9315,False,False,False,{'datetime': 'сегодня на 4 часа дня'},"{'datetime': 'на сегодня', 'reference': '4 часа дня'}"
test_137,Отмени текущее напоминание,reminder/cancel_reminder,reminder/cancel_reminder,True,0.9243,False,False,False,{'reference': 'текущее'},{'reference': 'текущее напоминание'}
test_5,Напомни мне заправиться.,reminder/set_reminder,reminder/set_alarm,False,0.8918,False,False,False,{'reminder/todo': 'заправиться'},"{'datetime': 'напомнить', 'reference': 'заправиться'}"
test_6,Нужен ли мне зонт в среду?,weather/find,weather/find,True,0.924,False,False,False,"{'weather/attribute': 'зонт', 'datetime': 'среду'}","{'weather/attribute': 'нужен зонт', 'datetime': 'среда', 'location': None, 'weather/temperatureUnit': None}"
test_7,отложи будильники на 5 минут,alarm/snooze_alarm,alarm/set_alarm,False,0.856,False,True,False,{'datetime': '5 минут'},"{'datetime': 'на следующую неделю', 'reference': 'будильник'}"
test_8,поставь напоминание о дне рождения Макса,reminder/set_reminder,reminder/set_alarm,False,0.8972,False,False,False,{'reminder/todo': 'напоминание о дне рождения Макса'},"{'datetime': 'на день рождения Макса', 'reference': 'Макс', 'reminder/todo': 'поставить напоминание'}"
test_237,покажи все напоминания,reminder/show_reminders,reminder/show_reminders,True,0.8547,False,False,False,{'reference': 'все'},"{'datetime': 'на завтра', 'reference': 'покажи все напоминания'}"
test_10,Покажи все будильники.,alarm/show_alarms,alarm/show_alarms,True,0.893,False,False,False,{'reference': 'все'},{'reference': 'будильники'}
test_144,Сегодня будет дождь?,weather/find,weather/find,True,0.9366,False,False,False,"{'datetime': 'Сегодня', 'weather/attribute': 'дождь'}","{'weather/attribute': 'дождь', 'datetime': 'сегодня', 'location': 'Сан-Паулу', 'weather/temperatureUnit': 'градусах Цельсия'}"
test_12,Поставь будильник на 8 утра,alarm/set_alarm,alarm/set_alarm,True,0.9581,False,False,False,{'datetime': '8 утра'},{'datetime': '8 утра'}
test_96,Какая сегодня температура?,weather/find,weather/find,True,0.9511,False,False,False,"{'datetime': 'сегодня', 'weather/attribute': 'температура'}","{'weather/attribute': 'температура', 'datetime': 'сегодня', 'location': 'Сан - Паулу', 'weather/temperatureUnit': 'градусах Цельсия'}"
test_216,Покажи текущее напоминание,reminder/show_reminders,reminder/show_reminders,True,0.899,False,False,False,{'reference': 'текущее'},{'reference': 'текущее напоминание'}
test_245,покажи все будильники,alarm/show_alarms,alarm/show_alarms,True,0.8721,False,False,False,{'reference': 'все'},{'datetime': 'покажи все будильники'}
test_16,Напомни мне поговорить с Беном о Джорджии,reminder/set_reminder,reminder/set_alarm,False,0.8802,False,False,False,{'reminder/todo': 'поговорить с Беном о Джорджии'},"{'datetime': 'напомнить', 'reference': 'поговорить с Беном о Джорджии'}"
test_17,Поставь будильник на 5 утра,alarm/set_alarm,alarm/set_alarm,True,0.9268,False,False,False,{'datetime': '5 утра'},"{'datetime': '5 утра', 'reference': None}"
test_18,сегодня пасмурно,weather/find,weather/find,True,0.9662,False,False,False,"{'datetime': 'сегодня', 'weather/attribute': 'пасмурно'}","{'weather/attribute': 'пасмурно', 'datetime': 'сегодня', 'location': None, 'weather/temperatureUnit': None}"
test_19,Сколько дюймов дождя выпадет сегодня?,weather/find,weather/find,True,0.9114,False,False,False,"{'weather/attribute': 'дюймов дождя', 'datetime': 'сегодня'}","{'weather/attribute': 'дождь', 'datetime': 'today', 'location': 'Сан-Паулу', 'weather/temperatureUnit': 'дюймы'}"
test_20,Напомни мне позвонить сестре завтра,reminder/set_reminder,reminder/set_alarm,False,0.9471,False,False,False,"{'reminder/todo': 'позвонить сестре', 'datetime': 'завтра'}","{'datetime': 'завтра', 'reminder/todo': 'позвонить сестре'}"
test_21,выключи будильник,alarm/cancel_alarm,alarm/cancel_alarm,True,0.8713,False,False,False,{},{'datetime': 'на следующую неделю'}
test_22,Будет ли жарко на этой неделе?,weather/find,weather/find,True,0.9658,False,False,False,"{'weather/attribute': 'жарко', 'datetime': 'этой неделе'}","{'weather/attribute': 'жарко', 'datetime': 'на этой неделе', 'location': 'Сан - Паулу', 'weather/temperatureUnit': 'градусах Цельсия'}"
test_23,Поставь будильник на 3 часа дня,alarm/set_alarm,alarm/set_alarm,True,0.9245,False,False,False,{'datetime': '3 часа дня'},"{'datetime': '3 часа дня', 'reference': 'будильник'}"
test_61,сегодня будет снег,weather/find,weather/find,True,0.9618,False,False,False,"{'datetime': 'сегодня', 'weather/attribute': 'снег'}","{'weather/attribute': 'снег', 'datetime': 'сегодня', 'location': None, 'weather/temperatureUnit': None}"
test_118,удали все будильники,alarm/cancel_alarm,alarm/cancel_alarm,True,0.9326,False,False,False,{'reference': 'все'},{}
test_26,Покажи мне все напоминания,reminder/show_reminders,reminder/show_reminders,True,0.8742,False,False,False,{'reference': 'все'},{'reference': 'покажи мне все напоминания'}
test_230,Сколько времени осталость до будильника.,alarm/time_left_on_alarm,alarm/show_alarms,False,0.8998,False,True,False,{},{'datetime': 'время будильника'}
test_183,Какие у меня напоминания?,reminder/show_reminders,reminder/show_reminders,True,0.9085,False,False,False,{'reference': 'меня'},{'reference': 'у меня напоминания'}
test_29,Поставь ежедневный будильник на 8 утра,alarm/set_alarm,alarm/set_alarm,True,0.9216,False,False,False,{'recurring_datetime': 'ежедневный | 8 утра'},"{'datetime': '8 утра', 'reference': None}"
test_30,можешь показать мне будильники?,alarm/show_alarms,alarm/set_alarm,False,0.8956,False,False,False,{},"{'datetime': 'на завтра', 'reference': 'будильник'}"
test_31,В мире Диснея сегодня ожидаются бури?,weather/find,weather/find,True,0.8925,False,False,False,"{'location': 'В мире Диснея', 'datetime': 'сегодня', 'weather/attribute': 'бури'}","{'weather/attribute': 'бури', 'datetime': 'сегодня', 'location': 'мир Диснея', 'weather/temperatureUnit': 'не указано'}"
test_61,сегодня будет снег,weather/find,weather/find,True,0.9618,False,False,False,"{'datetime': 'сегодня', 'weather/attribute': 'снег'}","{'weather/attribute': 'снег', 'datetime': 'сегодня', 'location': None, 'weather/temperatureUnit': None}"
test_245,покажи все будильники,alarm/show_alarms,alarm/show_alarms,True,0.8721,False,False,False,{'reference': 'все'},{'datetime': 'покажи все будильники'}
test_218,Сегодня холодно?,weather/find,weather/find,True,0.948,False,False,False,"{'datetime': 'Сегодня', 'weather/attribute': 'холодно'}","{'weather/attribute': 'холодно', 'datetime': 'сегодня', 'location': None, 'weather/temperatureUnit': None}"
test_35,Пожалуйста отмени будильник на утро четверга.,alarm/cancel_alarm,alarm/cancel_alarm,True,0.9348,False,False,False,{'datetime': 'утро четверга'},{'datetime': 'утром четверга'}
test_144,Сегодня будет дождь?,weather/find,weather/find,True,0.9366,False,False,False,"{'datetime': 'Сегодня', 'weather/attribute': 'дождь'}","{'weather/attribute': 'дождь', 'datetime': 'сегодня', 'location': 'Сан-Паулу', 'weather/temperatureUnit': 'градусах Цельсия'}"
test_37,в Канаде идет снег,weather/find,weather/find,True,0.9405,False,False,False,"{'location': 'Канаде', 'weather/attribute': 'снег'}","{'weather/attribute': 'снег', 'datetime': 'в Канаде', 'location': 'Канада', 'weather/temperatureUnit': 'градусах Цельсия'}"
test_38,Какой максимум будет сегодня?,weather/find,weather/find,True,0.9401,False,False,False,"{'weather/attribute': 'максимум', 'datetime': 'сегодня'}","{'weather/attribute': 'температура', 'datetime': 'сегодня', 'location': 'Сан - Паулу', 'weather/temperatureUnit': 'градусах Цельсия'}"
test_39,"Выпадет ли сегодня вечером достаточно снега, чтобы сделать поездки опасными?",weather/find,weather/find,True,0.9046,False,False,False,"{'datetime': 'сегодня вечером', 'weather/attribute': 'снега'}","{'weather/attribute': 'снег', 'datetime': 'сегодня вечером', 'location': 'не указано', 'weather/temperatureUnit': 'не указано'}"
test_237,покажи все напоминания,reminder/show_reminders,reminder/show_reminders,True,0.8547,False,False,False,{'reference': 'все'},"{'datetime': 'на завтра', 'reference': 'покажи все напоминания'}"
test_41,удали все напоминания,reminder/cancel_reminder,reminder/cancel_reminder,True,0.9051,False,False,False,{'reference': 'все'},{'reference': 'удалить все напоминания'}
test_42,понадобится лм мне завтра куртка?,weather/find,weather/find,True,0.8782,False,False,False,"{'datetime': 'завтра', 'weather/attribute': 'куртка'}","{'datetime': 'завтра', 'location': 'не указано', 'weather/attribute': 'на улице', 'weather/temperatureUnit': 'градусах Цельсия'}"
test_43,Сколько времени осталось до будильника,alarm/time_left_on_alarm,alarm/show_alarms,False,0.9024,False,True,False,{},{'datetime': 'время до будильника'}
test_44,Останови будильник,alarm/snooze_alarm,alarm/set_alarm,False,0.8819,False,True,False,{},"{'datetime': 'на следующую неделю', 'reference': 'будильник'}"
test_139,Покажи мне все будильники,alarm/show_alarms,alarm/show_alarms,True,0.93,False,False,False,{'reference': 'все'},{}
test_46,Какая погода в Йеллоустоуне?,weather/find,weather/find,True,0.9368,False,False,False,{'location': 'Йеллоустоуне'},"{'location': 'Йеллоустоун', 'datetime': 'сейчас', 'weather/attribute': 'погода', 'weather/temperatureUnit': 'градусах Цельсия'}"
test_202,Какая сегодня погода?,weather/find,weather/find,True,0.9455,False,False,False,{'datetime': 'сегодня'},"{'weather/attribute': 'погода', 'datetime': 'сегодня', 'location': 'Сан-Паулу', 'weather/temperatureUnit': 'градусах Цельсия'}"
test_48,"Удали текущее напоминание о том, что завтра нужно забрать Патрика из школы.",reminder/cancel_reminder,reminder/cancel_reminder,True,0.9279,False,False,False,"{'reference': 'текущее', 'datetime': 'завтра', 'reminder/todo': 'забрать Патрика из школы'}",{'reference': 'завтра'}
test_49,"Напомни мне завта в это же время, записаться на прием к врачу",reminder/set_reminder,reminder/set_alarm,False,0.9312,False,False,False,"{'datetime': 'завтра в это же время', 'reminder/todo': 'записаться на прием к врачу'}","{'datetime': 'на следующей неделе', 'reminder/todo': 'запись на прием к врачу'}"
test_50,Напомни мне отказаться от аренды,reminder/set_reminder,reminder/cancel_reminder,False,0.8758,False,False,False,{'reminder/todo': 'отказаться от аренды'},"{'datetime': 'напомнить', 'reference': 'отказаться от аренды'}"
test_51,когда закончится дождь?,weather/find,weather/find,True,0.9153,False,False,False,{'weather/attribute': 'дождь'},"{'datetime': 'когда закончится дождь', 'location': 'Сан-Паулу', 'weather/attribute': 'дождь'}"
test_179,отмени будильники,alarm/cancel_alarm,alarm/cancel_alarm,True,0.8709,False,False,False,{},{'datetime': 'отмени'}
test_53,Напомни мне позвонить Стефани во вторник,reminder/set_reminder,alarm/set_alarm,False,0.9223,False,False,False,"{'reminder/todo': 'позвонить Стефани', 'datetime': 'вторник'}","{'datetime': 'вторник', 'reference': 'Стефани'}"
test_224,покажи все текущие будильники,alarm/show_alarms,alarm/show_alarms,True,0.886,False,False,False,{'reference': 'все текущие'},{'datetime': 'текущие'}
test_232,Насколько жарко сегодня будет?,weather/find,weather/find,True,0.9526,False,False,False,"{'weather/attribute': 'жарко', 'datetime': 'сегодня'}","{'weather/attribute': 'жарко', 'datetime': 'сегодня', 'location': 'Сан - Паулу', 'weather/temperatureUnit': 'градусах Цельсия'}"
test_56,Установи будильник на 5 часов вечера сегодня,alarm/set_alarm,alarm/set_alarm,True,0.9059,False,False,False,{'datetime': '5 часов вечера сегодня'},"{'datetime': '5', 'reference': 'сейчас', 'recurring_datetime': None}"
test_57,напомни мне сходить к врачу 21 августа в 3 часа дня,reminder/set_reminder,alarm/set_alarm,False,0.9525,False,False,False,"{'reminder/todo': 'сходить к врачу', 'datetime': '21 августа в 3 часа дня'}","{'datetime': '21 августа в 3 часа дня', 'reminder/todo': 'сходить к врачу'}"
test_58,отмени текущее повторяющееся напоминание о приеме лекарств ежедневно в 7 утра,reminder/cancel_reminder,alarm/cancel_alarm,False,0.9309,False,False,False,"{'reminder/todo': 'приеме лекарств', 'recurring_datetime': 'ежедневно в 7 утра'}",{'datetime': '7 утра'}
test_59,когда по прогнозу будет дождь,weather/find,weather/find,True,0.923,False,False,False,{'weather/attribute': 'дождь'},"{'datetime': 'когда', 'location': 'Сан-Паулу', 'weather/attribute': 'дождь'}"
test_60,На какое время установлен текущий будильник на завтрашнее утро?,alarm/show_alarms,alarm/show_alarms,True,0.9432,False,False,False,"{'reference': 'текущий', 'datetime': 'завтрашнее утро'}",{'datetime': 'на завтрашнее утро'}
test_61,сегодня будет снег,weather/find,weather/find,True,0.9618,False,False,False,"{'datetime': 'сегодня', 'weather/attribute': 'снег'}","{'weather/attribute': 'снег', 'datetime': 'сегодня', 'location': None, 'weather/temperatureUnit': None}"
test_129,Выключи текущий будильник.,alarm/cancel_alarm,alarm/cancel_alarm,True,0.894,False,False,False,{'reference': 'текущий'},"{'datetime': 'текущий', 'reference': 'будильник'}"
test_234,отмени все будильники,alarm/cancel_alarm,alarm/cancel_alarm,True,0.8528,False,False,False,{'reference': 'все'},{'datetime': 'отмени'}
test_64,напомни мне купить продукты,reminder/set_reminder,AddToPlaylist,False,0.957,False,False,False,{'reminder/todo': 'купить продукты'},"{'artist': None, 'entity_name': 'продукты', 'music_item': None, 'playlist': None, 'reference': None}"
test_65,Мне нужен будильник на 9 утра для завтрака,alarm/set_alarm,alarm/set_alarm,True,0.9479,False,False,False,{'datetime': '9 утра'},"{'datetime': '9 утра', 'reference': 'завтрак'}"
test_66,установи напоминание о просмотре Колтс за час до начала игры,reminder/set_reminder,alarm/set_alarm,False,0.9381,False,False,False,"{'reminder/todo': 'просмотре Колтс', 'datetime': 'за час до начала игры'}","{'datetime': 'за час до начала игры', 'reference': 'Колтс'}"
test_234,отмени все будильники,alarm/cancel_alarm,alarm/cancel_alarm,True,0.8528,False,False,False,{'reference': 'все'},{'datetime': 'отмени'}
test_68,Отмени текущее третье напоминание в этом списке,reminder/cancel_reminder,reminder/cancel_reminder,True,0.9298,False,False,False,{'reference': 'текущее третье'},{'reference': 'текущее третье напоминание'}
test_87,установи будильник на 6 утра,alarm/set_alarm,alarm/set_alarm,True,0.9327,False,False,False,{'datetime': '6 утра'},"{'datetime': '6 утра', 'reference': None}"
test_70,Сейчас сбрось этот будильник и установи на 2 часа дня,alarm/cancel_alarm,alarm/set_alarm,False,0.9049,False,False,False,"{'datetime': 'Сейчас | 2 часа дня', 'reference': 'этот'}","{'datetime': 'на 2 часа дня', 'recurring_datetime': None}"
test_71,Пойдет ли снег?,weather/find,weather/find,True,0.9659,False,False,False,{'weather/attribute': 'снег'},"{'weather/attribute': 'снег', 'datetime': 'на следующей неделе', 'location': 'Сан - Паулу', 'weather/temperatureUnit': 'градусах Цельсия'}"
test_72,Напомни мне заплатить арендную плату.,reminder/set_reminder,reminder/set_alarm,False,0.8602,False,False,False,{'reminder/todo': 'заплатить арендную плату'},"{'datetime': 'на следующую неделю', 'reference': 'аренда', 'recurring_datetime': None}"
test_73,какой минимум на завтра,weather/find,weather/find,True,0.9469,False,False,False,"{'weather/attribute': 'минимум', 'datetime': 'завтра'}","{'datetime': 'на завтра', 'location': 'Сан - Паулу', 'weather/temperatureUnit': 'градусах Цельсия'}"
test_74,cегодня будет солнечно?,weather/find,weather/find,True,0.9454,False,False,False,"{'datetime': 'сегодня', 'weather/attribute': 'солнечно'}","{'weather/attribute': 'солнечно', 'datetime': 'сегодня', 'location': 'Сан-Паулу', 'weather/temperatureUnit': 'градусах Цельсия'}"
test_84,Сколько у меня напоминаний на сегодня?,reminder/show_reminders,reminder/show_reminders,True,0.924,False,False,False,{'datetime': 'сегодня'},{'reminder/todo': 'на сегодня'}
test_76,Какие у меня напоминание на завтра?,reminder/show_reminders,reminder/show_reminders,True,0.914,False,False,False,"{'reference': 'меня', 'datetime': 'завтра'}","{'datetime': 'на завтра', 'reference': 'reminder/todo'}"
test_77,Отмени все текущие напоминания.,reminder/cancel_reminder,reminder/cancel_reminder,True,0.8734,False,False,False,{'reference': 'все текущие'},{'reference': 'отмени все текущие напоминания'}
test_78,установи будильник на 6 утра на завтра,alarm/set_alarm,alarm/set_alarm,True,0.9341,False,False,False,{'datetime': '6 утра на завтра'},"{'datetime': '6 утра', 'reference': 'на завтра'}"
test_79,Установи будильник на 30 минут,alarm/set_alarm,alarm/set_alarm,True,0.9348,False,False,False,{'datetime': '30 минут'},{'datetime': '30 минут'}
test_80,Установи будильник на час вперед,alarm/set_alarm,alarm/set_alarm,True,0.9003,False,False,False,{'datetime': 'час вперед'},"{'datetime': 'на завтра', 'reference': 'будильник'}"
test_234,отмени все будильники,alarm/cancel_alarm,alarm/cancel_alarm,True,0.8528,False,False,False,{'reference': 'все'},{'datetime': 'отмени'}
test_82,прогноз погоды в Лос Анджелесе,weather/find,weather/find,True,0.9449,False,False,False,{'location': 'Лос Анджелесе'},"{'datetime': 'на следующей неделе', 'location': 'Лос Анджелес', 'weather/attribute': 'погода', 'weather/temperatureUnit': 'градусах Цельсия'}"
test_234,отмени все будильники,alarm/cancel_alarm,alarm/cancel_alarm,True,0.8528,False,False,False,{'reference': 'все'},{'datetime': 'отмени'}
test_84,Сколько у меня напоминаний на сегодня?,reminder/show_reminders,reminder/show_reminders,True,0.924,False,False,False,{'datetime': 'сегодня'},{'reminder/todo': 'на сегодня'}
test_85,Напомни мне купить бумажные полотенца в магазине завтра,reminder/set_reminder,AddToPlaylist,False,0.9603,False,False,False,"{'reminder/todo': 'купить бумажные полотенца в магазине', 'datetime': 'завтра'}","{'artist': None, 'entity_name': 'бумажные полотенца', 'music_item': None, 'playlist': None, 'reference': None}"
test_225,Покажи мне все текущие напоминания,reminder/show_reminders,reminder/show_reminders,True,0.8985,False,False,False,{'reference': 'все текущие'},{'reference': 'текущие напоминания'}
test_87,поставь будильник на 6 утра,alarm/set_alarm,alarm/set_alarm,True,0.9565,False,False,False,{'datetime': '6 утра'},{'datetime': '6 утра'}
test_88,завтра будет снег,weather/find,weather/find,True,0.9657,False,False,False,"{'datetime': 'завтра', 'weather/attribute': 'снег'}","{'weather/attribute': 'снег', 'datetime': 'завтра', 'location': None, 'weather/temperatureUnit': None}"
test_89,удали текущий будильник на завтрашнее утро,alarm/cancel_alarm,alarm/cancel_alarm,True,0.9476,False,False,False,"{'reference': 'текущий', 'datetime': 'завтрашнее утро'}",{'datetime': 'завтрашнее утро'}
test_90,Установи будильник на полдень только по пондельникам.,alarm/set_alarm,alarm/set_alarm,True,0.9456,False,False,False,{'recurring_datetime': 'полдень только по понедельникам'},"{'datetime': 'полдень', 'reference': 'пондельники'}"
test_232,Насколько жарко будет сегодня?,weather/find,weather/find,True,0.9518,False,False,False,"{'weather/attribute': 'жарко', 'datetime': 'сегодня'}","{'weather/attribute': 'жарко', 'datetime': 'сегодня', 'location': 'Сан-Паулу', 'weather/temperatureUnit': 'градусах Цельсия'}"
test_92,напомни мне установить будильники на утром,reminder/set_reminder,alarm/set_alarm,False,0.9197,False,False,False,"{'reminder/todo': 'установить будильники', 'datetime': 'утро'}","{'datetime': 'утро', 'reference': 'будильник'}"
test_118,удали все будильники,alarm/cancel_alarm,alarm/cancel_alarm,True,0.9326,False,False,False,{'reference': 'все'},{}
test_245,покажи все будильники,alarm/show_alarms,alarm/show_alarms,True,0.8721,False,False,False,{'reference': 'все'},{'datetime': 'покажи все будильники'}
test_97,отключи будильник,alarm/cancel_alarm,alarm/cancel_alarm,True,0.907,False,False,False,{},{'datetime': 'отключи будильник'}
test_96,Какая температура сегодня?,weather/find,weather/find,True,0.9452,False,False,False,"{'weather/attribute': 'температура', 'datetime': 'сегодня'}","{'weather/attribute': 'температура', 'datetime': 'сейчас', 'location': 'Сан - Паулу', 'weather/temperatureUnit': 'градусах Цельсия'}"
test_245,покажи все будильники,alarm/show_alarms,alarm/show_alarms,True,0.8721,False,False,False,{'reference': 'все'},{'datetime': 'покажи все будильники'}
test_99,установи будильник на каждые 30 минут,alarm/set_alarm,alarm/set_alarm,True,0.9149,False,False,False,{'recurring_datetime': 'каждые 30 минут'},{'datetime': 'каждый 30 минут'}
test_164,Какая температура будет сегодня?,weather/find,weather/find,True,0.954,False,False,False,"{'weather/attribute': 'температура', 'datetime': 'сегодня'}","{'weather/attribute': 'температура', 'datetime': 'сегодня', 'location': 'Сан - Паулу', 'weather/temperatureUnit': 'градусах Цельсия'}"
test_101,будет ли жарко сегодня?,weather/find,weather/find,True,0.9541,False,False,False,"{'weather/attribute': 'жарко', 'datetime': 'сегодня'}","{'weather/attribute': 'жарко', 'datetime': 'сегодня', 'location': 'Сан - Паулу', 'weather/temperatureUnit': 'градусах Цельсия'}"
test_214,завтра пойдет дождь?,weather/find,weather/find,True,0.9626,False,False,False,"{'datetime': 'завтра', 'weather/attribute': 'дождь'}","{'weather/attribute': 'дождь', 'datetime': 'завтра', 'location': None, 'weather/temperatureUnit': None}"
