id,text,true_intent,pred_intent,intent_correct,confidence,weak_by_conf,weak_intent_real,weak_slot_real,true_slots,pred_slots
test_500,"забронируй вечеринку в их кампусе, в том же районе, что и чурраскария",BookRestaurant,BookRestaurant,True,0.9194,False,False,False,"{'location': 'их кампусе, | в том же районе,', 'restaurant_type': 'чурраскария'}","{'restaurant_name': 'их кампусе', 'location': 'районе, что и чурраскария', 'party_size_number': None, 'party_size_description': None, 'restaurant_type': None, 'served_dish': None, 'sort': None}"
test_499,Покажи мне фильмы в Харкинс Фитерс .,SearchScreeningEvent,SearchScreeningEvent,True,0.9843,False,False,False,"{'movie_type': 'фильмы', 'location': 'Харкинс Фитерс'}","{'location': 'Харкинс Фитерс', 'movie_name': None, 'movie_type': None, 'object_location_type': None, 'object_type': None}"
test_498,Забронируй столик на девять персон в лучшем пабе около Танжера через шесть месяцев,BookRestaurant,BookRestaurant,True,0.9113,False,False,False,"{'party_size_number': 'девять', 'sort': 'лучшем', 'restaurant_type': 'пабе', 'location': 'около | Танжера', 'datetime': 'через шесть месяцев'}","{'party_size_number': '9', 'restaurant_name': 'лучше', 'location': 'Танжера', 'facility': 'паб', 'datetime': 'six months'}"
test_497,Найди ТВ сериал Парни из Джерси,SearchCreativeWork,SearchScreeningEvent,False,0.9694,False,False,False,"{'object_type': 'ТВ сериал', 'object_name': 'Парни из Джерси'}","{'movie_name': 'Парни из Джерси', 'movie_type': None, 'object_location_type': None, 'object_type': 'сериал'}"
test_496,Добавь этот альбом к Old School Death Metal,AddToPlaylist,AddToPlaylist,True,0.9701,False,False,False,"{'music_item': 'альбом', 'playlist': 'Old School Death Metal'}","{'artist': 'Old School Death Metal', 'entity_name': 'album', 'music_item': None, 'playlist': None, 'reference': None}"
test_495,"Забронируй номер в The Dome, в Эдинбурге, недалеко от Бруклона",BookRestaurant,BookRestaurant,True,0.9656,False,False,True,"{'restaurant_name': 'The Dome, в Эдинбурге', 'location': 'недалеко | Бруклона'}","{'restaurant_name': 'The Dome', 'location': 'Эдинбург', 'facility': 'номер', 'party_size_description': None, 'party_size_number': None, 'restaurant_type': None, 'served_dish': None, 'sort': None}"
test_494,Забронируй популярный ресторан на 5 персон,BookRestaurant,BookRestaurant,True,0.9166,False,False,False,"{'sort': 'популярный', 'restaurant_type': 'ресторан', 'party_size_number': '5'}","{'restaurant_name': None, 'party_size_number': '5', 'restaurant_type': None, 'cuisine': None, 'location': None, 'facility': None}"
test_493,филлис уорд и веронике нужен столик в ресторане через 152 дня,BookRestaurant,BookRestaurant,True,0.9491,False,False,True,"{'party_size_description': 'филлис уорд и веронике', 'restaurant_type': 'ресторане', 'datetime': 'через 152 дня'}","{'restaurant_name': 'филлис уорд', 'location': None, 'datetime': '152', 'facility': None, 'party_size_description': None, 'party_size_number': None, 'restaurant_type': None, 'served_dish': None, 'sort': None}"
test_492,найди книгу The Girl Who Was Plugged In,SearchCreativeWork,SearchCreativeWork,True,0.9949,False,False,False,"{'object_type': 'книгу', 'object_name': 'The Girl Who Was Plugged In'}",{'object_name': 'The Girl Who Was Plugged In'}
test_491,Найди мне ТВ шоу под названием Baby Blue,SearchCreativeWork,SearchScreeningEvent,False,0.9797,False,False,False,"{'object_type': 'ТВ шоу', 'object_name': 'Baby Blue'}",{'movie_name': 'Baby Blue'}
test_490,поставь The Gift: Imagination and the Erotic Life of Property пять звезд,RateBook,RateBook,True,0.9383,False,False,False,"{'object_name': 'The Gift: Imagination and the Erotic Life of Property', 'rating_value': 'пять', 'rating_unit': 'звезд'}","{'object_name': 'The Gift: Imagination and the Erotic Life of Property', 'object_type': 'book', 'best_rating': '5', 'rating_unit': 'звезда'}"
test_489,Я хочу послушать их от артиста Murcof,PlayMusic,PlayMusic,True,0.9512,False,False,False,"{'music_item': 'их', 'artist': 'Murcof'}","{'artist': 'Murcof', 'music_item': None, 'playlist': None, 'service': None, 'sort': None, 'album': None, 'genre': None, 'datetime': None}"
test_488,"В travelling плейлист, пожалуйста, добавь эту песню Дэвида Гаана .",AddToPlaylist,AddToPlaylist,True,0.8978,False,False,False,"{'playlist': 'travelling', 'music_item': 'песню', 'artist': 'Дэвида Гаана'}","{'artist': 'Дэвид Гаан', 'entity_name': 'песня', 'music_item': 'this song', 'playlist': 'travel', 'reference': 'this song'}"
test_487,Можешь найти мне the National Anthem of the Ancient Britons ТВ шоу ?,SearchCreativeWork,SearchScreeningEvent,False,0.96,False,False,False,"{'object_name': 'National Anthem of the Ancient Britons', 'object_type': 'ТВ шоу'}","{'datetime': None, 'location': None, 'movie_name': 'The National Anthem of the Ancient Britons', 'movie_type': None, 'object_location_type': None, 'object_type': 'TV show'}"
test_486,Добавь песню в Indie Hipster,AddToPlaylist,AddToPlaylist,True,0.927,False,False,False,"{'music_item': 'песню', 'playlist': 'Indie Hipster'}","{'artist': 'Indie Hipster', 'entity_name': 'music_item', 'playlist': 'Indie Hipster', 'reference': 'null'}"
test_485,добавь ирландию на детском евровидении 2015 в мой Jazzy Dinner плейлист,AddToPlaylist,AddToPlaylist,True,0.9256,False,False,False,"{'entity_name': 'ирландию на детском евровидении 2015', 'reference': 'мой', 'playlist': 'Jazzy Dinner'}","{'artist': 'Ireland', 'entity_name': 'Ireland', 'music_item': 'Kids Eurovision 2015', 'playlist': 'Jazzy Dinner'}"
test_484,какой прогноз погоды здесь в связи с метелью на пять часов вечера,weather/find,weather/find,True,0.9473,False,False,True,"{'location': 'здесь', 'condition_description': 'метелью', 'datetime': 'пять часов вечера'}","{'condition_description': 'метель', 'condition_temperature': None, 'datetime': 'сегодня', 'location': None, 'weather/attribute': None}"
test_483,"Пожалуйста, найди мне Monty Python Live в Голливуд-боул .",SearchCreativeWork,SearchScreeningEvent,False,0.9631,False,False,False,{'object_name': 'Monty Python Live в Голливуд - боул'},"{'location': 'Голливуд-боул', 'movie_name': 'Monty Python Live', 'movie_type': None, 'object_location_type': None, 'object_type': None}"
test_482,Показывают ли No Time to Be Young в AMC Theaters,SearchScreeningEvent,SearchScreeningEvent,True,0.9659,False,False,False,"{'movie_name': 'No Time to Be Young', 'location': 'AMC Theaters'}","{'datetime': None, 'location': 'AMC Theaters', 'movie_name': 'No Time to Be Young', 'movie_type': None, 'object_location_type': None, 'object_type': None}"
test_481,Сыграй любой блюз британский .,PlayMusic,PlayMusic,True,0.928,False,False,True,{'genre': 'блюз британский'},{'genre': 'british blues'}
test_480,Покажи расписание фильмов в округе,SearchScreeningEvent,SearchScreeningEvent,True,0.9785,False,False,False,"{'object_type': 'расписание фильмов', 'location': 'в округе'}","{'datetime': None, 'location': None, 'movie_name': None, 'movie_type': None, 'object_location_type': None, 'object_type': None}"
test_479,какой прогноз для Ваурики в Самоа,weather/find,weather/find,True,0.9377,False,False,False,{'location': 'Ваурики | Самоа'},"{'condition_description': 'прогноз', 'condition_temperature': None, 'datetime': None, 'location': 'Ваурика', 'weather/attribute': None}"
test_478,Найди расписание фильмов для Wanda Group .,SearchScreeningEvent,SearchScreeningEvent,True,0.9624,False,False,False,"{'object_type': 'расписание фильмов', 'location': 'Wanda Group'}",{'location': 'Wanda Group'}
test_477,какая погода здесь на два утра,weather/find,weather/find,True,0.9586,False,False,False,"{'location': 'здесь', 'datetime': 'два утра'}","{'condition_description': 'на два утра', 'condition_temperature': None, 'datetime': 'два утра', 'location': None, 'weather/attribute': None}"
test_476,Я хочу забронировать Oregon Electric Station в North City .,BookRestaurant,BookRestaurant,True,0.9537,False,False,True,"{'restaurant_name': 'Oregon Electric Station', 'location': 'North City'}","{'restaurant_name': 'Oregon Electric Station', 'location': 'North City', 'restaurant_type': None, 'cuisine': None, 'party_size_number': None, 'party_size_description': None}"
test_475,Какие фильмы показывают в округе,SearchScreeningEvent,SearchScreeningEvent,True,0.9795,False,False,False,"{'movie_type': 'фильмы', 'location': 'в округе'}","{'datetime': None, 'location': None, 'movie_name': None, 'movie_type': None, 'object_location_type': None, 'object_type': None}"
test_474,В какое время будет показ The Young Swordsman в моем кинотеатре ?,SearchScreeningEvent,SearchScreeningEvent,True,0.9587,False,False,True,"{'object_type': 'время', 'movie_name': 'The Young Swordsman', 'object_location_type': 'кинотеатре'}","{'datetime': 'datetime', 'movie_name': 'The Young Swordsman', 'movie_type': None, 'object_location_type': None, 'object_type': 'movie'}"
test_473,оцени текущий роман на ноль из 6,RateBook,RateBook,True,0.9117,False,False,False,"{'object_select': 'текущий', 'object_type': 'роман', 'rating_value': 'ноль', 'best_rating': '6'}","{'object_name': 'roman', 'object_type': 'book', 'rating_value': '0', 'rating_unit': 'out of 6'}"
test_472,Добавь мартина барра в мой punk unplugged плейлист.,AddToPlaylist,AddToPlaylist,True,0.9173,False,False,False,"{'artist': 'мартина барра', 'reference': 'мой', 'playlist': 'punk unplugged'}","{'artist': 'Мартин Барра', 'entity_name': 'punk unplugged', 'playlist': 'my playlist'}"
test_471,Оцени The 8-Week Cholesterol Cure на три из 6 .,RateBook,RateBook,True,0.946,False,False,False,"{'object_name': 'The 8-Week Cholesterol Cure', 'rating_value': 'три', 'best_rating': '6'}","{'object_name': 'The 8-Week Cholesterol Cure', 'object_type': 'book', 'best_rating': '3', 'rating_unit': 'out of 6'}"
test_470,Показывают ли Редкие птицы в ближайшем кинотеатре в обед .,SearchScreeningEvent,SearchScreeningEvent,True,0.9632,False,False,True,"{'movie_name': 'Редкие птицы', 'location': 'ближайшем', 'object_location_type': 'кинотеатре', 'datetime': 'обед'}","{'datetime': 'обед', 'location': 'кинотеатр', 'movie_name': 'Редкие птицы', 'movie_type': None, 'object_location_type': None, 'object_type': 'film'}"
test_469,оцени этот альбом на 5 баллов,RateBook,RateBook,True,0.9074,False,False,False,"{'object_select': 'этот', 'object_type': 'альбом', 'rating_value': '5'}","{'object_name': 'album', 'object_type': 'album', 'best_rating': '5', 'rating_unit': 'балла'}"
test_468,Найди мне роман с названием To Lose My Life …,SearchCreativeWork,SearchCreativeWork,True,0.9706,False,False,False,"{'object_type': 'роман', 'object_name': 'To Lose My Life'}",{'object_name': 'To Lose My Life …'}
test_467,добавь Highway Patrolman в мой плейлист this is al green,AddToPlaylist,AddToPlaylist,True,0.9463,False,False,False,"{'entity_name': 'Highway Patrolman', 'reference': 'мой', 'playlist': 'this is al green'}","{'artist': 'Highway Patrolman', 'entity_name': 'Highway Patrolman', 'playlist': 'my playlist', 'music_item': None, 'reference': None}"
test_466,Добавь artist от mike в Sexy as Folk плейлист.,AddToPlaylist,AddToPlaylist,True,0.9552,False,False,False,"{'music_item': 'artist', 'artist': 'mike', 'playlist': 'Sexy as Folk'}","{'artist': 'mike', 'entity_name': 'Sexy as Folk', 'playlist': 'плейлист'}"
test_465,Я хочу анимационные фильмы в MJR Theatres,SearchScreeningEvent,SearchScreeningEvent,True,0.9644,False,False,False,"{'movie_type': 'анимационные фильмы', 'location': 'MJR Theatres'}","{'datetime': None, 'location': 'MJR Theatres', 'movie_name': None, 'movie_type': None, 'object_location_type': None, 'object_type': 'movie'}"
test_464,Дай две звезды из 6 для 36 Children,RateBook,RateBook,True,0.9583,False,False,False,"{'rating_value': 'две', 'rating_unit': 'звезды', 'best_rating': '6', 'object_name': '36 Children'}","{'object_name': '36 Children', 'best_rating': '2', 'object_type': 'book'}"
test_463,Можешь найти мне трейлер Синей весны ?,SearchCreativeWork,SearchScreeningEvent,False,0.9628,False,False,False,"{'object_type': 'трейлер', 'object_name': 'Синей весны'}","{'movie_name': 'Синяя весна', 'movie_type': None, 'object_location_type': None, 'object_type': None}"
test_462,Включи что-нибудь из 90s Pop Rock Essentials,PlayMusic,SearchCreativeWork,False,0.9647,False,False,False,{'playlist': '90s Pop Rock Essentials'},{'object_name': '90s Pop Rock Essentials'}
test_461,добавь этот трек в мой Hands Up плейлист,AddToPlaylist,AddToPlaylist,True,0.9322,False,False,False,"{'music_item': 'трек', 'reference': 'мой', 'playlist': 'Hands Up'}","{'artist': 'Hands Up', 'music_item': 'трек', 'playlist': 'Hands Up', 'reference': 'трек'}"
test_460,Забронируй место для 9,BookRestaurant,BookRestaurant,True,0.9558,False,False,False,{'party_size_number': '9'},{'location': '9'}
test_459,Будет ли Без свидетелей показываться двадцать два часа спустя,SearchScreeningEvent,SearchScreeningEvent,True,0.9241,False,False,False,"{'movie_name': 'Без свидетелей', 'datetime': 'двадцать два часа спустя'}",{'datetime': 'twenty two hours later'}
test_458,Я хочу забронировать стейк-хаус на хребте Вими .,BookRestaurant,BookRestaurant,True,0.9125,False,False,False,"{'restaurant_type': 'стейк-хаус', 'location': 'хребте Вими'}","{'restaurant_name': 'st steak-house', 'location': 'Хребте Вими', 'restaurant_type': 'st steak-house', 'cuisine': 'steak', 'datetime': None, 'facility': None, 'party_size_description': None, 'party_size_number': None}"
test_457,Добавь песню boy george в Emo Forever плейлист.,AddToPlaylist,AddToPlaylist,True,0.9857,False,False,False,"{'music_item': 'песню', 'artist': 'boy george', 'playlist': 'Emo Forever'}","{'artist': 'boy george', 'entity_name': 'Emo Forever', 'music_item': None, 'playlist': 'Emo Forever', 'reference': None}"
test_456,Я хочу поесть в Ramona,BookRestaurant,BookRestaurant,True,0.9721,False,False,False,{'location': 'Ramona'},{'restaurant_name': 'Ramona'}
test_455,"Пожалуйста, найди Three Essays on the Theory of Sexuality шоу .",SearchCreativeWork,SearchScreeningEvent,False,0.9661,False,False,False,"{'object_name': 'Three Essays on the Theory of Sexuality', 'object_type': 'шоу'}","{'datetime': None, 'location': None, 'movie_name': 'Three Essays on the Theory of Sexuality', 'movie_type': None, 'object_location_type': None, 'object_type': 'show'}"
test_454,Будет ли дождь в Тенино ?,weather/find,weather/find,True,0.9502,False,False,True,"{'condition_description': 'дождь', 'location': 'Тенино'}","{'condition_description': 'дождь', 'location': 'Тенино', 'datetime': None}"
test_453,Я хочу забронировать bougatsa restaurant в следующем году около Penn на троих персон.,BookRestaurant,BookRestaurant,True,0.9374,False,False,True,"{'cuisine': 'bougatsa', 'restaurant_type': 'restaurant', 'datetime': 'следующем году', 'location': 'около | Penn', 'party_size_number': 'троих'}","{'restaurant_name': 'bougatsa', 'location': 'Penn', 'party_size_number': '3', 'restaurant_type': None, 'cuisine': None}"
test_452,сыграй что-то семидесятое от Филиппа Киркорова,PlayMusic,PlayMusic,True,0.9607,False,False,False,"{'datetime': 'семидесятое', 'artist': 'Филиппа Киркорова'}","{'album': 'семидесятое', 'artist': 'Филипп Киркоров', 'datetime': None, 'genre': None, 'music_item': None, 'playlist': None, 'service': None, 'sort': None}"
test_451,"Можешь найти книгу Париж, когда там жара ?",SearchCreativeWork,SearchCreativeWork,True,0.9673,False,False,False,"{'object_type': 'книгу', 'object_name': 'Париж, когда там жара'}","{'object_name': 'Париж', 'object_type': 'книга'}"
test_450,Оцени текущий роман на 3 звезды,RateBook,RateBook,True,0.943,False,False,False,"{'object_select': 'текущий', 'object_type': 'роман', 'rating_value': '3', 'rating_unit': 'звезды'}","{'object_name': 'roman', 'best_rating': '3', 'object_type': 'book'}"
test_449,Включи Пола Маккартни,PlayMusic,SearchCreativeWork,False,0.985,False,False,False,{'artist': 'Пола Маккартни'},{'object_name': 'Пола Маккартни'}
test_448,я хочу увидеть Я мечтаю о Джинни в кинотеатре,SearchScreeningEvent,SearchScreeningEvent,True,0.9726,False,False,True,"{'movie_name': 'Я мечтаю о Джинни', 'object_location_type': 'кинотеатре'}","{'datetime': None, 'location': None, 'movie_name': 'Джинни', 'movie_type': None, 'object_location_type': None, 'object_type': 'movie'}"
test_447,"Пожалуйста, найди мне работу Serious Awesomeness !.",SearchCreativeWork,SearchCreativeWork,True,0.9896,False,False,False,{'object_name': 'Serious Awesomeness'},{'object_name': 'Serious Awesomeness'}
test_446,Включи Trance Life в Zvooq .,PlayMusic,BookRestaurant,False,0.9306,False,False,False,"{'playlist': 'Trance Life', 'service': 'Zvooq'}","{'restaurant_name': 'Trance Life', 'restaurant_type': 'cafe', 'location': 'Zvooq'}"
test_445,"Пожалуйста, найди мне Compulsive Disclosure песню .",SearchCreativeWork,SearchCreativeWork,True,0.9927,False,False,False,"{'object_name': 'Compulsive Disclosure', 'object_type': 'песню'}",{'object_name': 'Compulsive Disclosure'}
test_444,Найди ТВ шоу Meet the Prince,SearchCreativeWork,SearchScreeningEvent,False,0.9823,False,False,False,"{'object_type': 'ТВ шоу', 'object_name': 'Meet the Prince'}","{'datetime': None, 'location': None, 'movie_name': 'Meet the Prince', 'movie_type': None, 'object_location_type': None, 'object_type': None}"
test_443,Мне нужен список Speakeasy Theaters с показом фильмов,SearchScreeningEvent,SearchScreeningEvent,True,0.9779,False,False,False,"{'location': 'Speakeasy Theaters', 'object_type': 'фильмов'}","{'datetime': None, 'location': None, 'movie_name': None, 'movie_type': None, 'object_location_type': None, 'object_type': None}"
test_442,Какая погода будет в Вирджинии на День святого Патрика ?,weather/find,weather/find,True,0.9514,False,False,False,"{'location': 'Вирджинии', 'datetime': 'День святого Патрика'}","{'condition_description': 'День святого Патрика', 'condition_temperature': None, 'datetime': 'День святого Патрика', 'location': 'Вирджиния'}"
test_441,Мне нужен столик на 4 в Saint Helena в Settha Palace Hotel,BookRestaurant,BookRestaurant,True,0.9621,False,False,True,"{'party_size_number': '4', 'location': 'Saint Helena', 'restaurant_name': 'Settha Palace Hotel'}","{'location': 'Saint Helena', 'facility': 'Settha Palace Hotel', 'party_size_number': '4', 'restaurant_name': None, 'restaurant_type': None, 'served_dish': None, 'sort': None}"
test_440,дай текущей летописи пять из 6 очков,RateBook,RateBook,True,0.9604,False,False,True,"{'object_select': 'текущей', 'object_part_of_series_type': 'летописи', 'rating_value': 'пять', 'best_rating': '6', 'rating_unit': 'очков'}","{'best_rating': '5', 'object_name': 'book', 'object_part_of_series_type': None, 'object_select': None, 'object_type': 'book', 'rating_unit': None, 'rating_value': '5'}"
test_439,Найди анимационные фильмы рядом,SearchScreeningEvent,SearchScreeningEvent,True,0.908,False,False,False,"{'movie_type': 'анимационные фильмы', 'location': 'рядом'}",{'location': 'райо'}
test_438,Давай послушаем что-то от Andrew Hewitt .,PlayMusic,PlayMusic,True,0.9675,False,False,False,{'artist': 'Andrew Hewitt'},"{'artist': 'Andrew Hewitt', 'music_item': None, 'playlist': None, 'service': None, 'sort': None, 'track': None}"
test_437,оцени текущее эссе на ноль из 6 звезд,RateBook,RateBook,True,0.8768,False,False,False,"{'object_select': 'текущее', 'object_type': 'эссе', 'rating_value': 'ноль', 'best_rating': '6', 'rating_unit': 'звезд'}","{'object_name': 'ессе', 'object_type': 'book', 'rating_value': '0', 'rating_unit': 'звезда'}"
test_436,Добавь песню в this is racionais mc's,AddToPlaylist,AddToPlaylist,True,0.9592,False,False,False,"{'music_item': 'песню', 'playlist': ""this is racionais mc's""}","{'artist': ""this is racionais mc's"", 'entity_name': ""this is racionais mc's"", 'music_item': ""this is racionais mc's"", 'playlist': 'playlist', 'reference': ""this is racionais mc's""}"
test_435,Показывают ли Babar: King of the Elephants,SearchScreeningEvent,SearchScreeningEvent,True,0.9528,False,False,False,{'movie_name': 'Babar: King of the Elephants'},"{'movie_name': 'Babar: King of the Elephants', 'movie_type': None, 'object_location_type': None, 'object_type': None}"
test_434,Я хочу столик в James D. Conrey House в Urbank California,BookRestaurant,BookRestaurant,True,0.9544,False,False,True,"{'restaurant_name': 'James D. Conrey House', 'location': 'Urbank | California'}","{'location': 'Urbank California', 'restaurant_name': 'James D. Conrey House', 'restaurant_type': None, 'cuisine': None, 'party_size_number': None, 'party_size_description': None, 'served_dish': None}"
test_433,Оцени текущую серию на 4 очка,RateBook,RateBook,True,0.916,False,False,True,"{'object_select': 'текущую', 'object_part_of_series_type': 'серию', 'rating_value': '4', 'rating_unit': 'очка'}","{'object_name': 'серия', 'object_type': 'серия', 'rating_value': '4', 'rating_unit': None}"
test_432,Дай ноль звезд этому учебнику,RateBook,RateBook,True,0.9543,False,False,False,"{'rating_value': 'ноль', 'rating_unit': 'звезд', 'object_select': 'этому', 'object_type': 'учебнику'}","{'object_name': 'учебник', 'best_rating': '0', 'object_part_of_series_type': None, 'object_select': None, 'object_type': 'book', 'rating_unit': None, 'rating_value': '0'}"
test_431,Дай The Crystal Snare 5 звезд,RateBook,RateBook,True,0.9857,False,False,False,"{'object_name': 'The Crystal Snare', 'rating_value': '5', 'rating_unit': 'звезд'}","{'object_name': 'The Crystal Snare', 'best_rating': '5', 'object_type': 'book'}"
test_430,Включи Subconscious Lobotomy от Дженнифер Полл .,PlayMusic,BookRestaurant,False,0.9379,False,False,True,"{'album': 'Subconscious Lobotomy', 'artist': 'Дженнифер Полл'}","{'restaurant_name': 'Subconscious Lobotomy', 'restaurant_type': 'кафе', 'served_dish': None, 'location': None, 'party_size_number': None, 'party_size_description': None}"
test_103,Отмени следующий будильник,alarm/cancel_alarm,alarm/cancel_alarm,True,0.9379,False,False,False,{'reference': 'следующий'},{'datetime': 'null'}
test_104,Напомни мне сходить в продуктовый магазин сегодня,reminder/set_reminder,BookRestaurant,False,0.9054,False,False,False,"{'reminder/todo': 'сходить в продуктовый магазин', 'datetime': 'сегодня'}",{'location': 'продуктовый магазин'}
test_105,отмени мои напоминания на следующую неделю,reminder/cancel_reminder,reminder/cancel_reminder,True,0.9708,False,False,False,"{'reference': 'мои', 'datetime': 'следующую неделю'}",{'datetime': 'next week'}
test_106,напомни мне отвести собаку к грумеру во вторник в 3 часа,reminder/set_reminder,BookRestaurant,False,0.9357,False,False,False,"{'reminder/todo': 'отвести собаку к грумеру', 'datetime': 'вторник в 3 часа'}","{'restaurant_name': None, 'location': None, 'datetime': '3', 'facility': 'грумер', 'party_size_description': None, 'party_size_number': None, 'restaurant_type': None, 'served_dish': None, 'sort': None}"
test_107,Напомни мне забрать цветы для Джен на нашу годовщину на 28-е.,reminder/set_reminder,BookRestaurant,False,0.9259,False,False,False,"{'reminder/todo': 'забрать цветы для Джен на нашу годовщину', 'datetime': '28-е'}","{'location': 'Джен', 'datetime': '28-е', 'facility': 'цветы', 'restaurant_name': None, 'restaurant_type': None, 'served_dish': None, 'sort': None}"
test_109,Напомни мне записаться к доктору завтра.,reminder/set_reminder,BookRestaurant,False,0.9555,False,False,False,"{'reminder/todo': 'записаться к доктору', 'datetime': 'завтра'}","{'restaurant_name': None, 'datetime': 'завтра', 'facility': None, 'location': None, 'party_size_description': None, 'party_size_number': None, 'restaurant_type': None, 'served_dish': None, 'sort': None}"
test_111,Нужно ли взять дождевик?,weather/find,weather/find,True,0.9853,False,False,False,{'weather/attribute': 'дождевик'},{'condition_description': 'дождевик'}
test_150,Покажи все мои напоминания,reminder/show_reminders,reminder/show_reminders,True,0.9459,False,False,False,{'reference': 'все мои'},{'datetime': 'datetime'}
test_247,Установи будильник на 5 вечера сегодня,alarm/set_alarm,alarm/set_alarm,True,0.9606,False,False,False,{'datetime': '5 вечера сегодня'},"{'datetime': '5', 'reference': 'today'}"
test_248,установи будильник на 7 завтра,alarm/set_alarm,alarm/set_alarm,True,0.9316,False,False,False,{'datetime': '7 завтра'},"{'datetime': '7', 'reference': 'tomorrow'}"
test_253,"Пожалуйста, найди мне видеоигру под названием 20 Hours in America .",SearchCreativeWork,SearchScreeningEvent,False,0.9789,False,False,False,"{'object_type': 'видеоигру', 'object_name': '20 Hours in America'}",{'movie_name': '20 Hours in America'}
test_257,Включи новую музыку на Last Fm от Eddie Vinson .,PlayMusic,PlayMusic,True,0.9494,False,False,False,"{'sort': 'новую', 'music_item': 'музыку', 'service': 'Last Fm', 'artist': 'Eddie Vinson'}","{'artist': 'Eddie Vinson', 'music_item': None, 'playlist': None, 'service': 'Last Fm', 'sort': None, 'track': None}"
test_258,Проверь прогноз погоды в Небраске .,weather/find,weather/find,True,0.9766,False,False,False,{'location': 'Небраске'},{'location': 'Небраске'}
test_259,Есть ли гроза сейчас в ЮК ?,weather/find,weather/find,True,0.9771,False,False,True,"{'condition_description': 'гроза', 'datetime': 'сейчас', 'location': 'ЮК'}","{'condition_description': 'гроза', 'condition_temperature': None, 'datetime': None, 'location': 'ЮК', 'weather/attribute': None}"
test_264,Я хочу забронировать сунданский гастропаб где-то в Техасе на 3 персоны на 5/20/2025 .,BookRestaurant,BookRestaurant,True,0.9637,False,False,True,"{'cuisine': 'сунданский', 'restaurant_type': 'гастропаб', 'location': 'где-то | Техасе', 'party_size_number': '3', 'datetime': '5/20/2025'}","{'cuisine': 'сунданский', 'datetime': '5/20/2025', 'facility': 'гастропаб', 'location': 'Техасе', 'party_size_description': '3 персоны', 'party_size_number': '3', 'restaurant_name': None, 'restaurant_type': None, 'served_dish': None, 'sort': None}"
test_269,Я хочу забронировать еврейский ресторан в Гамбии .,BookRestaurant,BookRestaurant,True,0.9523,False,False,True,"{'cuisine': 'еврейский', 'restaurant_type': 'ресторан', 'location': 'Гамбии'}","{'cuisine': 'еврейский', 'location': 'Гамбия', 'restaurant_name': None, 'restaurant_type': None, 'party_size_description': None, 'party_size_number': None}"
test_273,"Погода в Уолден, Россия на 12/26/2018",weather/find,weather/find,True,0.9596,False,False,False,"{'location': 'Уолден, | Россия', 'datetime': '12/26/2018'}","{'location': 'Уолден', 'datetime': '12/26/2018', 'condition_description': None, 'condition_temperature': None}"
test_274,Я хочу забронировать ресторан для моего тестя и себя в Банкере через год .,BookRestaurant,BookRestaurant,True,0.9258,False,False,True,"{'restaurant_type': 'ресторан', 'party_size_description': 'моего тестя и себя', 'location': 'Банкере', 'datetime': 'через год'}","{'restaurant_name': 'Банкере', 'party_size_number': '2', 'datetime': 'год', 'location': 'Банкере'}"
test_285,"Пожалуйста, забронируй мне столик в бистро, где подают lorna doone .",BookRestaurant,BookRestaurant,True,0.9263,False,False,True,"{'restaurant_type': 'бистро,', 'served_dish': 'lorna doone'}","{'cuisine': 'lorna doone', 'location': None, 'restaurant_name': 'бистро', 'restaurant_type': None, 'party_size_description': None, 'party_size_number': None}"
test_286,Оцени The Mystery of the Tolling Bell серию 4 звездами .,RateBook,RateBook,True,0.9289,False,False,True,"{'object_name': 'The Mystery of the Tolling Bell', 'object_part_of_series_type': 'серию', 'rating_value': '4', 'rating_unit': 'звездами'}","{'object_name': 'The Mystery of the Tolling Bell', 'object_type': 'book', 'best_rating': '4', 'rating_unit': 'зверей'}"
test_288,Проверь расписание для Snowbound в ближайшем кинотеатре .,SearchScreeningEvent,SearchScreeningEvent,True,0.9668,False,False,True,"{'movie_name': 'Snowbound', 'location': 'ближайшем', 'object_location_type': 'кинотеатре'}","{'datetime': None, 'location': 'Snowbound', 'movie_name': None, 'movie_type': None, 'object_location_type': None, 'object_type': 'cinema'}"
test_291,Будет I Think I Do показываться в 7 вечера ?,SearchScreeningEvent,SearchScreeningEvent,True,0.9645,False,False,False,"{'movie_name': 'I Think I Do', 'datetime': '7 вечера'}","{'datetime': '7', 'location': None, 'movie_name': 'I Think I Do', 'movie_type': None, 'object_location_type': None, 'object_type': 'movie'}"
test_295,"Какой прогноз погоды для государственного парка Боте-Напа-Вэлли рядом на февраль, 20 ?",weather/find,weather/find,True,0.9449,False,False,False,"{'location': 'государственного парка Боте-Напа-Вэлли | рядом', 'datetime': 'февраль, 20'}","{'condition_description': 'прогноз погоды', 'condition_temperature': 'null', 'datetime': 'февраль, 20', 'location': 'государственный парк Боте-Напа-Вэлли'}"
test_299,Оцени Soul Music на 0 .,RateBook,RateBook,True,0.9455,False,False,False,"{'object_name': 'Soul Music', 'rating_value': '0'}","{'object_name': 'Soul Music', 'best_rating': '0', 'object_type': 'book'}"
test_301,Включи All Things Must Pass .,PlayMusic,PlayMusic,True,0.9685,False,False,True,{'track': 'All Things Must Pass'},{'album': 'All Things Must Pass'}
test_304,Включи музыку на Netflix .,PlayMusic,PlayMusic,True,0.9608,False,False,False,{'service': 'Netflix'},"{'service': 'Netflix', 'album': None, 'artist': None, 'datetime': None, 'genre': None, 'music_item': None, 'playlist': None, 'sort': None, 'track': None}"
test_305,Я хочу увидеть Shattered Image .,SearchScreeningEvent,SearchCreativeWork,False,0.9936,False,False,False,{'movie_name': 'Shattered Image'},{'object_name': 'Shattered Image'}
test_310,какой прогноз для жаркой погоды в государственном парке Саутфорд-Фоллс,weather/find,weather/find,True,0.9742,False,False,True,"{'condition_temperature': 'жаркой', 'location': 'государственном парке Саутфорд-Фоллс'}","{'condition_description': 'жаркая погода', 'condition_temperature': None, 'datetime': None, 'location': 'Саутфорд-Фоллс', 'weather/attribute': None}"
test_311,"Пожалуйста, забронируй мне столик в пиццерии с парковкой в Гане .",BookRestaurant,BookRestaurant,True,0.9476,False,False,True,"{'restaurant_type': 'пиццерии', 'facility': 'парковкой', 'location': 'Гане'}","{'restaurant_name': 'пиццерия', 'location': 'Гане', 'facility': 'столик', 'party_size_number': None, 'party_size_description': None, 'restaurant_type': None, 'served_dish': None, 'sort': None}"
test_312,Я хочу услышать семидесятые саундтреки .,PlayMusic,PlayMusic,True,0.9484,False,False,False,"{'datetime': 'семидесятые', 'music_item': 'саундтреки'}","{'album': 'семидесятые', 'artist': None, 'datetime': None, 'genre': None, 'music_item': None, 'playlist': None, 'service': None, 'sort': None}"
test_313,Погода через два часа в Узбекистане,weather/find,weather/find,True,0.933,False,False,False,"{'datetime': 'через два часа', 'location': 'Узбекистане'}","{'condition_description': 'погода', 'condition_temperature': 'не указано', 'datetime': 'через два часа', 'location': 'Узбекистан'}"
test_314,"Пожалуйста, найди мне Journal of the British Astronomical Association фильм .",SearchCreativeWork,SearchCreativeWork,True,0.9739,False,False,False,"{'object_name': 'Journal of the British Astronomical Association', 'object_type': 'фильм'}","{'object_name': 'Journal of the British Astronomical Association', 'object_type': 'film'}"
test_315,"Забронируй столик на 8 человек в Уордвилле, Канзас",BookRestaurant,BookRestaurant,True,0.9787,False,False,False,"{'party_size_number': '8', 'location': 'Уордвилле | Канзасе'}","{'location': 'Уордвилле', 'party_size_number': '8', 'restaurant_name': None, 'restaurant_type': None, 'served_dish': None, 'sort': None}"
test_316,Какой будет погода далеко отсюда ?,weather/find,weather/find,True,0.9731,False,False,False,{'location': 'далеко | отсюда'},"{'condition_description': 'далеко отсюда', 'condition_temperature': None, 'datetime': None, 'location': None, 'weather/attribute': None}"
test_321,Какой будет погода в ноябре в Брукниле ?,weather/find,weather/find,True,0.9415,False,False,False,"{'datetime': 'ноябре', 'location': 'Бруклине'}","{'condition_description': 'погода в ноябре', 'condition_temperature': None, 'datetime': 'november', 'location': 'Брукниле'}"
test_325,какие фильмы в Star Theatres .,SearchScreeningEvent,SearchScreeningEvent,True,0.9601,False,False,False,"{'movie_type': 'фильмы', 'location': 'Star Theatres'}",{'movie_name': 'Star Theatres'}
test_330,Дай одну звезду текущей книге,RateBook,RateBook,True,0.958,False,False,False,"{'rating_value': 'одну', 'object_select': 'текущей', 'object_type': 'книге'}","{'object_name': 'книга', 'best_rating': '1', 'object_part_of_series_type': None, 'object_select': None, 'object_type': 'книга', 'rating_unit': None, 'rating_value': '1'}"
test_345,"Пожалуйста, найди мне ТВ сериал , Now We Are Married .",SearchCreativeWork,SearchScreeningEvent,False,0.9618,False,False,False,"{'object_type': 'ТВ сериал', 'object_name': 'Now We Are Married'}","{'movie_name': 'Now We Are Married', 'movie_type': None, 'object_location_type': None, 'object_type': 'TV series'}"
test_356,Я хочу увидеть The Portrait of a Lady в ближайшем кинотеатре .,SearchScreeningEvent,SearchScreeningEvent,True,0.9532,False,False,True,"{'movie_name': 'The Portrait of a Lady', 'location': 'ближайшем', 'object_location_type': 'кинотеатре'}","{'movie_name': 'The Portrait of a Lady', 'location': 'cinema'}"
test_357,"Пожалуйста, найди мне Phineas Redux .",SearchCreativeWork,SearchCreativeWork,True,0.9918,False,False,False,{'object_name': 'Phineas Redux'},{'object_name': 'Phineas Redux'}
test_360,Какой будет погода в Памятнике Лихуле в декабре 5-го ?,weather/find,weather/find,True,0.9176,False,False,False,"{'location': 'Памятнике Лихуле', 'datetime': 'декабре 5-го'}","{'condition_description': 'памятник Лихуле', 'condition_temperature': None, 'datetime': '15 декабря', 'location': 'Памятник Лихуле', 'weather/attribute': None}"
test_363,"Какая погода в Тионеке , Нью-Джерси",weather/find,weather/find,True,0.9271,False,False,False,{'location': 'Тионеке | Нью-Джерси'},"{'condition_description': 'Тионеке', 'location': 'Тионеке', 'datetime': None, 'condition_temperature': None}"
test_365,забронируй место для моих племянниц и меня в чайном доме,BookRestaurant,BookRestaurant,True,0.9678,False,False,True,"{'party_size_description': 'моих племянниц и меня', 'restaurant_type': 'чайном доме'}","{'cuisine': None, 'datetime': None, 'facility': 'чайный дом', 'location': None, 'party_size_description': 'племянницы и я', 'party_size_number': None, 'restaurant_name': None, 'restaurant_type': None, 'served_dish': None, 'sort': None}"
test_366,Будет ли жарко в Нидерландах в феврале 16-го ?,weather/find,weather/find,True,0.9344,False,False,True,"{'condition_temperature': 'жарко', 'location': 'Нидерландах', 'datetime': 'феврале 16-го'}","{'condition_description': 'жарко', 'condition_temperature': 'не указано', 'datetime': '16-го', 'location': 'Нидерланды'}"
test_367,Я хочу добавить jordan rudess в Divertido para niños плейлист.,AddToPlaylist,AddToPlaylist,True,0.9618,False,False,False,"{'artist': 'jordan rudess', 'playlist': 'Divertido para niños'}","{'artist': 'jordan rudess', 'entity_name': 'Divertido para niños', 'music_item': None, 'playlist': ' плейлист', 'reference': None}"
test_369,Забронируй мне столик в лучшем бистро,BookRestaurant,BookRestaurant,True,0.9818,False,False,False,"{'sort': 'лучшем', 'restaurant_type': 'бистро'}","{'cuisine': None, 'datetime': None, 'facility': 'бистро', 'location': None, 'party_size_description': None, 'party_size_number': None, 'restaurant_name': None, 'restaurant_type': None, 'served_dish': None, 'sort': None}"
test_372,Какой будет погода в Огайо ?,weather/find,weather/find,True,0.9601,False,False,False,{'location': 'Огайо'},"{'condition_description': 'погода', 'condition_temperature': None, 'datetime': None, 'location': 'Огайо', 'weather/attribute': None}"
test_374,Забронируй столик для моих малышей и меня,BookRestaurant,BookRestaurant,True,0.9685,False,False,True,{'party_size_description': 'моих малышей и меня'},"{'cuisine': None, 'datetime': None, 'facility': None, 'location': None, 'party_size_description': 'малышей и меня', 'party_size_number': None, 'restaurant_name': None, 'restaurant_type': None, 'served_dish': None, 'sort': None}"
test_392,Я хочу забронировать массаж в спа .,BookRestaurant,BookRestaurant,True,0.9775,False,False,True,"{'restaurant_type': 'массаж', 'facility': 'спа'}","{'cuisine': None, 'datetime': None, 'facility': 'массаж', 'location': None, 'party_size_description': None, 'party_size_number': None, 'restaurant_name': None, 'restaurant_type': None, 'served_dish': None, 'sort': None}"
test_417,"Пожалуйста, найди телевизионное шоу , Episodi di The Blacklist .",SearchCreativeWork,SearchScreeningEvent,False,0.9404,False,False,False,"{'object_type': 'телевизионное шоу', 'object_name': 'Episodi di The Blacklist'}","{'movie_name': 'Episodi di The Blacklist', 'movie_type': None, 'object_location_type': None, 'object_type': 'television show'}"
test_418,"какой прогноз для холодной погоды, начиная с Дня закона здесь",weather/find,weather/find,True,0.9705,False,False,True,"{'condition_temperature': 'холодной', 'datetime': 'Дня закона', 'location': 'здесь'}","{'condition_description': 'холодная погода', 'condition_temperature': None, 'datetime': 'День закона здесь', 'location': None, 'weather/attribute': None}"
test_419,Я хочу забронировать ресторан на десять человек.,BookRestaurant,BookRestaurant,True,0.9435,False,False,False,"{'restaurant_type': 'ресторан', 'party_size_number': 'десять'}","{'party_size_number': '10', 'restaurant_name': None, 'restaurant_type': None, 'location': None, 'cuisine': None}"
test_420,Включи что-то от Duke Ellington из семидесятых,PlayMusic,SearchCreativeWork,False,0.9375,False,False,False,"{'artist': 'Duke Ellington', 'datetime': 'семидесятых'}","{'object_name': 'Duke Ellington', 'object_type': 'music_item'}"
test_421,Оцени Cotton Comes to Harlem на 2,RateBook,RateBook,True,0.9599,False,False,False,"{'object_name': 'Cotton Comes to Harlem', 'rating_value': '2'}","{'object_name': 'Cotton Comes to Harlem', 'best_rating': '2'}"
test_422,Добавь песню в мой плейлист madden nfl 16,AddToPlaylist,AddToPlaylist,True,0.9345,False,False,False,"{'music_item': 'песню', 'reference': 'мой', 'playlist': 'madden nfl 16'}","{'artist': 'madden nfl', 'entity_name': 'песня', 'music_item': None, 'playlist': 'мой плейлист', 'reference': None}"
test_423,Добавь Toyan в мой Epic Gaming плейлист.,AddToPlaylist,AddToPlaylist,True,0.9682,False,False,False,"{'artist': 'Toyan', 'reference': 'мой', 'playlist': 'Epic Gaming'}","{'artist': 'Toyan', 'entity_name': 'Epic Gaming', 'music_item': None, 'playlist': 'Epic Gaming', 'reference': None}"
test_424,включи что-то новое от Les Vandyke на Slacker,PlayMusic,AddToPlaylist,False,0.9539,False,False,False,"{'sort': 'новое', 'artist': 'Les Vandyke', 'service': 'Slacker'}","{'artist': 'Les Vandyke', 'entity_name': 'music_item', 'playlist': 'Slacker'}"
test_425,оцени Three Junes одним баллом из 6,RateBook,RateBook,True,0.9564,False,False,False,"{'object_name': 'Three Junes', 'rating_value': 'одним', 'best_rating': '6'}","{'object_name': 'Three Junes', 'best_rating': '1', 'object_type': 'book'}"
test_426,Забронируй столик на девять людей в пекарне в Нуньес,BookRestaurant,BookRestaurant,True,0.9697,False,False,False,"{'party_size_number': 'девять', 'restaurant_type': 'пекарне', 'location': 'Нуньес'}","{'cuisine': None, 'datetime': None, 'facility': 'пекарня', 'location': 'Нуньес', 'party_size_description': 'девять', 'party_size_number': '9', 'restaurant_name': None, 'restaurant_type': None, 'served_dish': None, 'sort': None}"
test_427,Оцени этот текущий роман двумя баллами из 6 .,RateBook,RateBook,True,0.939,False,False,False,"{'object_select': 'этот текущий', 'object_type': 'роман', 'rating_value': 'двумя', 'best_rating': '6'}","{'object_name': 'roman', 'best_rating': '2', 'object_type': 'book'}"
test_428,Включи The Happy Blues от Ronnie Wood .,PlayMusic,PlayMusic,True,0.9783,False,False,True,"{'album': 'The Happy Blues', 'artist': 'Ronnie Wood'}","{'album': 'The Happy Blues', 'artist': 'Ronnie Wood', 'datetime': None, 'genre': None, 'music_item': None, 'playlist': None, 'service': None, 'sort': None}"
test_429,Включи симфонию из 2013 .,PlayMusic,SearchCreativeWork,False,0.9317,False,False,False,"{'music_item': 'симфонию', 'datetime': '2013'}","{'object_name': 'симфония', 'object_type': 'music'}"
,Забронируй мне столик в лучшем кафе.,BookRestaurant,BookRestaurant,True,0.929,False,False,False,"{'sort': 'лучшем', 'restaurant_type': 'кафе'}","{'restaurant_name': None, 'restaurant_type': None, 'location': None, 'cuisine': None, 'datetime': None, 'party_size_description': None, 'party_size_number': None}"
,Оцени текущий учебник на 1 из 6.,RateBook,RateBook,True,0.9455,False,False,False,"{'object_select': 'текущий', 'object_type': 'учебник', 'rating_value': '1', 'best_rating': '6'}","{'object_name': 'учебник', 'rating_value': '1', 'rating_unit': 'из 6'}"
,В какое время показывают фильм,SearchScreeningEvent,SearchScreeningEvent,True,0.9651,False,False,False,{'object_type': 'время показывают фильм'},{'datetime': 'datetime'}
,Какая погода будет в Огайо?,weather/find,weather/find,True,0.9623,False,False,False,{'location': 'Огайо'},"{'condition_description': 'погода', 'condition_temperature': None, 'datetime': None, 'location': 'Огайо', 'weather/attribute': None}"
,Добавь этого исполнителя в Showstopper Being Mary Jane.,AddToPlaylist,AddToPlaylist,True,0.952,False,False,False,"{'music_item': 'исполнителя', 'playlist': 'Showstopper Being Mary Jane'}","{'artist': 'Исполнитель', 'entity_name': 'Being Mary Jane', 'music_item': None, 'playlist': 'Showstopper', 'reference': None}"
,Забронируй столик для меня и моих детей.,BookRestaurant,BookRestaurant,True,0.9756,False,False,True,{'party_size_description': 'меня и моих детей'},"{'cuisine': None, 'datetime': None, 'facility': None, 'location': None, 'party_size_description': 'дети', 'party_size_number': None, 'restaurant_name': None, 'restaurant_type': None, 'served_dish': None, 'sort': None}"
test_375,"Какая погода будет в заповеднике Сарыгамыш 21 августа, 2035 ?",weather/find,weather/find,True,0.935,False,False,False,"{'location': 'заповеднике Сарыгамыш', 'datetime': '21 августа, 2035'}","{'condition_description': 'погода', 'condition_temperature': 'не указано', 'datetime': '21 августа, 2035', 'location': 'Сарыгамыш'}"
test_376,Оцени Ruth пять баллов из 6 .,RateBook,RateBook,True,0.9689,False,False,False,"{'object_name': 'Ruth', 'rating_value': 'пять', 'rating_unit': 'баллов', 'best_rating': '6'}","{'object_name': 'Ruth', 'best_rating': '5', 'object_type': 'book'}"
test_377,Reminiscences of the Anti-Japanese Guerillas chronicle заслуживает ноль баллов из 6.,RateBook,RateBook,True,0.9432,False,False,True,"{'object_name': 'Reminiscences of the Anti-Japanese Guerillas', 'object_part_of_series_type': 'chronicle', 'rating_value': 'ноль', 'rating_unit': 'баллов', 'best_rating': '6.'}","{'object_name': 'Reminiscences of the Anti-Japanese Guerillas', 'object_type': 'book', 'best_rating': '0', 'rating_unit': None, 'rating_value': '0'}"
test_378,Покажи мне расписание сеансов в южных кинотеатрах,SearchScreeningEvent,SearchScreeningEvent,True,0.9442,False,False,False,"{'object_type': 'расписание сеансов', 'location': 'южных кинотеатрах'}","{'datetime': 'datetime', 'location': 'южные', 'movie_name': None, 'movie_type': None, 'object_location_type': None, 'object_type': None}"
test_379,Найди расписание фильмов рядом,SearchScreeningEvent,SearchScreeningEvent,True,0.9794,False,False,False,"{'object_type': 'расписание фильмов', 'location': 'рядом'}","{'datetime': None, 'location': None, 'movie_name': None, 'movie_type': None, 'object_location_type': None, 'object_type': None}"
test_380,Добавь этот альбом в плейлист Spanish Beat,AddToPlaylist,AddToPlaylist,True,0.9059,False,False,False,"{'music_item': 'альбом', 'playlist': 'Spanish Beat'}","{'artist': 'Spanish Beat', 'entity_name': 'album', 'playlist': 'playlist', 'music_item': 'Spanish Beat', 'reference': 'Spanish Beat'}"
test_381,Забронируй столик на 6 человек в креольской таверне в Черногории,BookRestaurant,BookRestaurant,True,0.9437,False,False,True,"{'party_size_number': '6', 'cuisine': 'креольской', 'restaurant_type': 'таверне', 'location': 'Черногории'}","{'cuisine': 'креольская', 'location': 'Черногория', 'party_size_number': '6', 'restaurant_name': 'креольская таверне', 'restaurant_type': 'ресторан'}"
test_382,Поставь сериалу Catedral 4 звезды .,RateBook,RateBook,True,0.9038,False,False,True,"{'object_part_of_series_type': 'сериалу', 'object_name': 'Catedral', 'rating_value': '4', 'rating_unit': 'звезды'}","{'object_name': 'Catedral', 'object_type': 'book', 'best_rating': '4', 'rating_unit': 'звезда'}"
test_383,Добавь The Famous Flower of Serving-Men в мой вечерний акустический плейлист.,AddToPlaylist,AddToPlaylist,True,0.9451,False,False,False,"{'entity_name': 'The Famous Flower of Serving-Men', 'reference': 'мой', 'playlist': 'вечерний акустический'}","{'artist': 'The Famous Flower of Serving-Men', 'entity_name': 'The Famous Flower of Serving-Men', 'playlist': 'evening acoustic playlist', 'music_item': None, 'reference': None}"
test_384,Покажи мне расписание ArcLight Hollywood только для анимационных фильмов,SearchScreeningEvent,SearchScreeningEvent,True,0.949,False,False,False,"{'object_type': 'расписание', 'location': 'ArcLight Hollywood', 'movie_type': 'анимационных фильмов'}","{'movie_type': 'анимационные фильмы', 'location': 'ArcLight Hollywood'}"
test_385,"Пожалуйста, найди картину под названием This Is the Night .",SearchCreativeWork,SearchCreativeWork,True,0.9937,False,False,False,"{'object_type': 'картину', 'object_name': 'This Is the Night'}",{'object_name': 'This Is the Night'}
test_386,Какова будет влажность в данном месте в 15:19:29 ?,weather/find,weather/find,True,0.9795,False,False,True,"{'condition_description': 'влажность', 'location': 'данном месте', 'datetime': '15:19:29'}","{'condition_description': 'влажность', 'condition_temperature': None, 'datetime': '15:19:29', 'location': None, 'weather/attribute': None}"
test_387,я хочу посмотреть JLA Adventures: Trapped In Time,SearchScreeningEvent,SearchScreeningEvent,True,0.966,False,False,False,{'movie_name': 'JLA Adventures: Trapped In Time'},"{'movie_name': 'JLA Adventures: Trapped In Time', 'movie_type': None, 'object_location_type': None, 'object_type': None}"
test_388,Добавь мелодию Дерека Уоткинса в This Is Johnny Cash,AddToPlaylist,AddToPlaylist,True,0.9753,False,False,False,"{'music_item': 'мелодию', 'artist': 'Дерека Уоткинса', 'playlist': 'This Is Johnny Cash'}","{'artist': 'Дерек Уоткинс', 'entity_name': 'music_item', 'playlist': 'This Is Johnny Cash'}"
test_389,Найди творческую работу под названием Fire in the Hole,SearchCreativeWork,SearchCreativeWork,True,0.996,False,False,False,{'object_name': 'Fire in the Hole'},{'object_name': 'Fire in the Hole'}
test_390,забронируй столик возле колледжа Пэта,BookRestaurant,BookRestaurant,True,0.9351,False,False,False,{'location': 'возле | колледжа Пэта'},"{'location': 'колледж Пэта', 'restaurant_type': None, 'cuisine': None, 'party_size_number': None, 'party_size_description': None, 'restaurant_name': None}"
test_391,Идет ли Patrick Still Lives в кинотеатрах AMC,SearchScreeningEvent,SearchScreeningEvent,True,0.9731,False,False,False,"{'movie_name': 'Patrick Still Lives', 'location': 'кинотеатрах AMC'}","{'datetime': None, 'location': None, 'movie_name': 'Patrick Still Lives', 'movie_type': None, 'object_location_type': None, 'object_type': None}"
test_393,нужен столик где-нибудь в Кворривилле через 14 часов,BookRestaurant,BookRestaurant,True,0.9738,False,False,False,"{'location': 'Кворривилле', 'datetime': 'через 14 часов'}","{'location': 'Кворривилле', 'datetime': '14 часов'}"
test_394,включи Гэри Ли Коннера,PlayMusic,BookRestaurant,False,0.9157,False,False,False,{'artist': 'Гэри Ли Коннера'},"{'restaurant_name': 'Гэри Ли Конне', 'restaurant_type': None, 'location': None, 'party_size_number': None, 'party_size_description': None, 'cuisine': None, 'served_dish': None}"
test_395,"покажи ближайший кинотеатр, где показывают Boycott",SearchScreeningEvent,SearchScreeningEvent,True,0.9675,False,False,True,"{'location': 'ближайший', 'object_location_type': 'кинотеатр', 'movie_name': 'Boycott'}",{'location': 'Boycott'}
test_396,"Пожалуйста, включи мой ecstatic плейлист.",PlayMusic,AddToPlaylist,False,0.9298,False,False,False,{'playlist': 'ecstatic'},"{'artist': 'ecstatic', 'playlist': 'ecstatic', 'music_item': None, 'reference': None}"
test_397,"Пожалуйста, найди песню The Mad Magician .",SearchCreativeWork,SearchCreativeWork,True,0.984,False,False,False,"{'object_type': 'песню', 'object_name': 'The Mad Magician'}",{'object_name': 'The Mad Magician'}
test_398,Проверь расписание кинотеатров Bow Tie Cinemas .,SearchScreeningEvent,SearchScreeningEvent,True,0.9756,False,False,False,"{'object_type': 'расписание', 'location': 'Bow Tie Cinemas'}",{'location': 'Bow Tie Cinemas'}
test_399,Забронируй мне столик на вечеринку из 3 человек в пабе на Северных Марианских островах,BookRestaurant,BookRestaurant,True,0.9706,False,False,False,"{'party_size_number': '3', 'restaurant_type': 'пабе', 'location': 'Северных Марианских островах'}","{'cuisine': None, 'datetime': None, 'facility': 'паб', 'location': 'Северные Марианские острова', 'party_size_description': 'из 3 человек', 'party_size_number': '3', 'restaurant_name': None, 'restaurant_type': None, 'served_dish': None, 'sort': None}"
test_400,Мне нужно добавить в текущий список Infinite Indie Folk произведения Рахим Шаха,AddToPlaylist,AddToPlaylist,True,0.9092,False,False,False,"{'reference': 'текущий', 'playlist': 'Infinite Indie Folk', 'artist': 'Рахим Шаха'}","{'artist': 'Рахим Шаха', 'entity_name': 'Infinite Indie Folk', 'playlist': 'current', 'music_item': None}"
test_401,Добавь Джерри Каллиста-младшего в мой плейлист Te quiero.,AddToPlaylist,AddToPlaylist,True,0.9821,False,False,False,"{'artist': 'Джерри Каллиста - младшего', 'reference': 'мой', 'playlist': 'Te quiero.'}","{'artist': 'Джерри Каллиста-младшего', 'entity_name': 'Te quiero', 'music_item': None, 'playlist': 'Te quiero', 'reference': None}"
test_402,Насколько холоднее будет недалеко от Юты около 3 часов утра?,weather/find,weather/find,True,0.9086,False,False,True,"{'condition_temperature': 'холоднее', 'location': 'недалеко | Юты', 'datetime': '3 часов утра'}","{'condition_description': 'холоднее', 'condition_temperature': 'неизвестно', 'datetime': '3 часа утра', 'location': 'Юты'}"
test_403,Добавь альбом в плейлист Hipster Soul.,AddToPlaylist,AddToPlaylist,True,0.9287,False,False,False,"{'music_item': 'альбом', 'playlist': 'Hipster Soul.'}","{'artist': 'Hipster Soul', 'entity_name': 'album', 'playlist': 'playlist', 'music_item': None}"
test_404,Через тринадцать часов я хочу отведать деликатесы восточноевропейской кухни,BookRestaurant,BookRestaurant,True,0.9862,False,False,True,"{'datetime': 'Через тринадцать часов', 'restaurant_type': 'деликатесы', 'cuisine': 'восточноевропейской'}","{'cuisine': 'восточноевропейская', 'datetime': 'тринадцать часов', 'facility': None, 'location': None, 'party_size_description': None, 'party_size_number': None, 'restaurant_name': None, 'restaurant_type': None, 'served_dish': None, 'sort': None}"
test_405,включи саундтрек шестидесятых,PlayMusic,PlayMusic,True,0.9536,False,False,False,"{'music_item': 'саундтрек', 'datetime': 'шестидесятых'}","{'album': 'sixties', 'artist': None, 'datetime': None, 'genre': None, 'music_item': None, 'playlist': None, 'service': None, 'sort': None}"
test_406,Поставь этому альбому одну звезду,RateBook,RateBook,True,0.932,False,False,False,"{'object_select': 'этому', 'object_type': 'альбому', 'rating_value': 'одну', 'rating_unit': 'звезду'}","{'object_name': 'album', 'rating_value': '1'}"
test_407,Включи лучшую музыку Брайана Маклина .,PlayMusic,PlayMusic,True,0.9654,False,False,False,"{'sort': 'лучшую', 'artist': 'Брайана Маклина'}","{'album': 'Брайан Маклин', 'artist': 'Брайан Маклин', 'datetime': None, 'genre': None, 'music_item': None, 'playlist': None, 'service': None, 'sort': None}"
test_408,какой прогноз погоды в Никодиме и окрестностях,weather/find,weather/find,True,0.9296,False,False,False,{'location': 'Никодиме | окрестностях'},"{'condition_description': 'погода', 'condition_temperature': None, 'datetime': None, 'location': 'Никодима', 'weather/attribute': None}"
test_409,Найди игру под названием Phinally Phamous,SearchCreativeWork,SearchCreativeWork,True,0.9786,False,False,False,"{'object_type': 'игру', 'object_name': 'Phinally Phamous'}",{'object_name': 'Phinally Phamous'}
test_410,Поставь оценку 2 Juneteenth .,RateBook,RateBook,True,0.9446,False,False,False,"{'rating_value': '2', 'object_name': 'Juneteenth'}","{'object_name': 'Juneteenth', 'object_type': 'book', 'rating_value': '2', 'rating_unit': None}"
test_411,Поставь ноль звезд Rhialto the Marvellous,RateBook,RateBook,True,0.9539,False,False,False,"{'rating_value': 'ноль', 'rating_unit': 'звезд', 'object_name': 'Rhialto the Marvellous'}","{'object_name': 'Rhialto the Marvellous', 'object_type': 'book'}"
test_412,Я хочу послушать саундтрек на Ютубе от Helena Iren Michaelsen,PlayMusic,PlayMusic,True,0.9698,False,False,False,"{'music_item': 'саундтрек', 'service': 'Ютубе', 'artist': 'Helena Iren Michaelsen'}","{'album': 'Helena Iren Michaelsen', 'artist': 'Helena Iren Michaelsen', 'datetime': None, 'genre': None, 'music_item': None, 'playlist': None, 'service': 'YouTube', 'sort': None, 'track': None}"
test_413,забронируй столик на 1/20/2023 на 5 человек в MH,BookRestaurant,BookRestaurant,True,0.962,False,False,False,"{'datetime': '1/20/2023', 'party_size_number': '5', 'location': 'MH'}","{'location': 'MH', 'party_size_number': '5', 'restaurant_name': None, 'restaurant_type': None, 'served_dish': None, 'sort': None}"
test_414,расписание сеансов анимационных фильмов рядом,SearchScreeningEvent,SearchScreeningEvent,True,0.9808,False,False,False,"{'object_type': 'расписание сеансов', 'movie_type': 'анимационных фильмов', 'location': 'рядом'}","{'datetime': None, 'location': None, 'movie_name': None, 'movie_type': None, 'object_location_type': None, 'object_type': None}"
test_415,Добавь jack white в мой плейлист This Is Shakira,AddToPlaylist,AddToPlaylist,True,0.9701,False,False,False,"{'artist': 'jack white', 'reference': 'мой', 'playlist': 'This Is Shakira'}","{'artist': 'jack white', 'entity_name': 'This Is Shakira', 'music_item': None, 'playlist': None, 'reference': None}"
test_416,Я хочу забронировать ресторан на пять человек на Шри-Ланке .,BookRestaurant,BookRestaurant,True,0.9558,False,False,False,"{'restaurant_type': 'ресторан', 'party_size_number': 'пять', 'location': 'Шри - Ланке'}","{'location': 'Шри-Ланка', 'party_size_number': '5', 'restaurant_name': None, 'restaurant_type': None, 'cuisine': None, 'sort': None}"
test_481,Включи британский блюз .,PlayMusic,BookRestaurant,False,0.9498,False,False,True,{'genre': 'британский блюз'},"{'cuisine': 'британский блюз', 'datetime': None, 'facility': None, 'location': None, 'party_size_description': None, 'party_size_number': None, 'restaurant_name': None, 'restaurant_type': 'ресторан', 'served_dish': None, 'sort': None}"
test_162,Сколько снега прогнозируется?,weather/find,weather/find,True,0.9777,False,False,False,{'weather/attribute': 'снега'},"{'condition_description': 'снег', 'condition_temperature': None, 'datetime': None, 'location': None, 'weather/attribute': None}"
test_163,на улице жарко,weather/find,weather/find,True,0.956,False,False,False,"{'location': 'улице', 'weather/attribute': 'жарко'}",{'condition_description': 'жарко'}
test_164,Какая температура будет сегодня?,weather/find,weather/find,True,0.9653,False,False,False,"{'weather/attribute': 'температура', 'datetime': 'сегодня'}",{'condition_temperature': 'temperature'}
test_165,какая погода будет завтра в Далласе,weather/find,weather/find,True,0.9567,False,False,False,"{'datetime': 'завтра', 'location': 'Далласе'}","{'condition_description': 'завтра', 'condition_temperature': None, 'datetime': 'завтра', 'location': 'Далласе', 'weather/attribute': None}"
test_166,Покажи мне все текущие напоминания на сегодня,reminder/show_reminders,reminder/show_reminders,True,0.9768,False,False,False,"{'reference': 'все текущие', 'datetime': 'сегодня'}",{'datetime': 'today'}
test_167,Установи еженедельное напоминание о покупках.,reminder/set_reminder,reminder/set_alarm,False,0.9296,False,False,False,"{'recurring_datetime': 'еженедельное', 'reminder/todo': 'покупках'}",{'datetime': 'datetime'}
test_168,погода,weather/find,weather/find,True,0.9569,False,False,False,{},"{'condition_description': 'неизвестно', 'condition_temperature': 'неизвестно', 'datetime': 'неизвестно', 'location': 'неизвестно', 'weather/attribute': 'неизвестно'}"
test_169,Будет ли идти весь день дождь?,weather/find,weather/find,True,0.9802,False,False,False,"{'datetime': 'весь день', 'weather/attribute': 'дождь'}",{'condition_description': 'дождь'}
test_170,завтра будет дождь,weather/find,weather/find,True,0.9876,False,False,False,"{'datetime': 'завтра', 'weather/attribute': 'дождь'}",{'condition_description': 'дождь'}
test_171,Напомни мне ответить на рабочие письма сегодня вечером,reminder/set_reminder,alarm/set_alarm,False,0.9359,False,False,False,"{'reminder/todo': 'ответить на рабочие письма', 'datetime': 'сегодня вечером'}",{'datetime': 'today evening'}
test_172,Удали будильники,alarm/cancel_alarm,alarm/cancel_alarm,True,0.9377,False,False,False,{},{'datetime': 'null'}
test_173,Отмени текущие будильники,alarm/cancel_alarm,alarm/cancel_alarm,True,0.937,False,False,False,{'reference': 'текущие'},{'datetime': 'null'}
test_215,Могу ли я надеть сегодня шорты?,weather/find,weather/find,True,0.9583,False,False,False,"{'datetime': 'сегодня', 'weather/attribute': 'шорты'}",{'condition_description': 'шорты'}
test_203,Завтра будет дождь?,weather/find,weather/find,True,0.9846,False,False,False,"{'datetime': 'Завтра', 'weather/attribute': 'дождь'}",{'condition_description': 'дождь'}
test_176,Установи будильник на 10 утра,alarm/set_alarm,alarm/set_alarm,True,0.9864,False,False,False,{'datetime': '10 утра'},{'datetime': '10:00'}
test_177,Будет ли на этой недели дождь?,weather/find,weather/find,True,0.9847,False,False,False,"{'weather/attribute': 'дождь', 'datetime': 'этой недели'}",{'condition_description': 'дождь'}
test_237,покажи все напоминания,reminder/show_reminders,reminder/show_reminders,True,0.9485,False,False,False,{'reference': 'все'},{'datetime': 'datetime'}
test_179,отмени будильники,alarm/cancel_alarm,alarm/cancel_alarm,True,0.9358,False,False,False,{},{'datetime': 'null'}
test_180,отключи все будильники,alarm/cancel_alarm,alarm/cancel_alarm,True,0.9413,False,False,False,{'reference': 'все'},{'datetime': 'null'}
test_181,покажи все предустановленные будильники,alarm/show_alarms,alarm/show_alarms,True,0.9392,False,False,False,{'reference': 'все'},{'datetime': 'null'}
test_182,Установи будильник на каждую минуту в течение 20 минут.,alarm/set_alarm,alarm/set_alarm,True,0.9576,False,False,False,{'recurring_datetime': 'каждую минуту в течение 20 минут'},{'datetime': '20'}
test_183,Какие у меня напоминания?,reminder/show_reminders,reminder/show_reminders,True,0.951,False,False,False,{'reference': 'меня'},{'datetime': 'datetime'}
test_184,отмени будильник на завтра,alarm/cancel_alarm,alarm/cancel_alarm,True,0.9677,False,False,False,{'datetime': 'завтра'},{'datetime': 'завтра'}
test_185,мне нужен зонт сегодня?,weather/find,weather/find,True,0.961,False,False,False,"{'weather/attribute': 'зонт', 'datetime': 'сегодня'}","{'condition_description': 'зонт', 'condition_temperature': None, 'datetime': None, 'location': None, 'weather/attribute': None}"
test_186,сегодня будет снег?,weather/find,weather/find,True,0.9718,False,False,False,"{'datetime': 'сегодня', 'weather/attribute': 'снег'}",{'condition_description': 'снег'}
test_187,Напомни мне позвонить маме сегодня вечером,reminder/set_reminder,reminder/set_alarm,False,0.9166,False,False,False,"{'reminder/todo': 'позвонить маме', 'datetime': 'сегодня вечером'}",{'datetime': 'today evening'}
test_188,сегодня будет дождь,weather/find,weather/find,True,0.9822,False,False,False,"{'datetime': 'сегодня', 'weather/attribute': 'дождь'}",{'condition_description': 'дождь'}
test_189,В субботу будет дождь?,weather/find,weather/find,True,0.9848,False,False,False,"{'datetime': 'субботу', 'weather/attribute': 'дождь'}",{'condition_description': 'дождь'}
test_190,Будете ли вы ставить будильник каждую минуту в течение 20 минут?,alarm/set_alarm,alarm/set_alarm,True,0.9618,False,False,False,{'recurring_datetime': 'каждую минуту в течение 20 минут'},{'datetime': '20'}
test_191,Тропические штормы в Карибском море,weather/find,weather/find,True,0.979,False,False,False,"{'weather/attribute': 'Тропические штормы', 'location': 'Карибском море'}","{'condition_description': 'Тропические штормы', 'condition_temperature': None, 'datetime': None, 'location': 'Карибское море', 'weather/attribute': None}"
test_234,отмени все будильники,alarm/cancel_alarm,alarm/cancel_alarm,True,0.927,False,False,False,{'reference': 'все'},{'datetime': 'null'}
test_193,Установи будильник на каждые девять минут.,alarm/set_alarm,alarm/set_alarm,True,0.9487,False,False,False,{'recurring_datetime': 'каждые девять минут'},{'datetime': '9'}
test_194,Удали два последних напоминания в моем списке,reminder/cancel_reminder,reminder/cancel_reminder,True,0.9283,False,False,False,{'reference': 'два последних'},{'datetime': 'null'}
test_195,какая сегодня погода,weather/find,weather/find,True,0.9634,False,False,False,{'datetime': 'сегодня'},"{'condition_description': 'сейчас', 'condition_temperature': None, 'datetime': None, 'location': None, 'weather/attribute': None}"
test_196,включи текущий будильник,alarm/set_alarm,alarm/set_alarm,True,0.95,False,False,False,{'reference': 'текущий'},{'datetime': 'now'}
test_223,Какая сегодня влажность?,weather/find,weather/find,True,0.9789,False,False,False,"{'datetime': 'сегодня', 'weather/attribute': 'влажность'}","{'condition_description': 'влажность', 'condition_temperature': None, 'datetime': None, 'location': None, 'weather/attribute': None}"
test_198,напомни мне установить будильник для подъема,reminder/set_reminder,alarm/set_alarm,False,0.95,False,False,False,{'reminder/todo': 'установить будильник для подъема'},{'datetime': 'datetime'}
test_199,Будет ли в эти выходные снег?,weather/find,weather/find,True,0.98,False,False,False,"{'datetime': 'эти выходные', 'weather/attribute': 'снег'}","{'condition_description': 'снег', 'condition_temperature': None, 'datetime': None, 'location': None, 'weather/attribute': None}"
test_232,Насколько жарко будет сегодня?,weather/find,weather/find,True,0.9529,False,False,False,"{'weather/attribute': 'жарко', 'datetime': 'сегодня'}","{'condition_description': 'жаркая', 'condition_temperature': None, 'datetime': None, 'location': None, 'weather/attribute': None}"
test_201,На какое время установлен текущий будильник,alarm/show_alarms,alarm/show_alarms,True,0.9538,False,False,False,{'reference': 'текущий'},{'datetime': 'null'}
test_202,Какая сегодня погода?,weather/find,weather/find,True,0.9617,False,False,False,{'datetime': 'сегодня'},"{'condition_description': 'погода', 'condition_temperature': None, 'datetime': None, 'location': None, 'weather/attribute': None}"
test_203,Завтра будет дождь?,weather/find,weather/find,True,0.9846,False,False,False,"{'datetime': 'Завтра', 'weather/attribute': 'дождь'}",{'condition_description': 'дождь'}
test_204,Отмени текущий будильник на 5:15 утра во вторник,alarm/cancel_alarm,alarm/cancel_alarm,True,0.9378,False,False,False,"{'reference': 'текущий', 'datetime': '5:15 утра во вторник'}","{'datetime': '5:15 утра', 'reference': 'null'}"
test_205,отмени напоминание о сегодняшней вечерней игре,reminder/cancel_reminder,reminder/cancel_reminder,True,0.9494,False,False,False,"{'datetime': 'сегодняшней | вечерней', 'reminder/todo': 'игре'}",{'datetime': 'today'}
test_206,Поставь будильник на 3 ночи,alarm/set_alarm,alarm/set_alarm,True,0.987,False,False,False,{'datetime': '3 ночи'},{'datetime': '3'}
test_207,отмени все будильники на субботу,alarm/cancel_alarm,alarm/cancel_alarm,True,0.9534,False,False,False,"{'reference': 'все', 'datetime': 'субботу'}",{'datetime': 'суббота'}
test_208,"мне нужно напоминание, чтобы забрать Лизу",reminder/set_reminder,reminder/set_alarm,False,0.9201,False,False,False,{'reminder/todo': 'забрать Лизу'},{'datetime': 'datetime'}
test_209,Какой сегодня максимум?,weather/find,weather/find,True,0.9667,False,False,False,"{'datetime': 'сегодня', 'weather/attribute': 'максимум'}",{'condition_temperature': 'максимум'}
test_210,Будет ли сегодня облачно в Гриндстоуне?,weather/find,weather/find,True,0.9548,False,False,False,"{'datetime': 'сегодня', 'weather/attribute': 'облачно', 'location': 'Гриндстоуне'}","{'condition_description': 'облачно', 'location': 'Гриндстоуне', 'datetime': 'today'}"
test_211,Напомни мне позже,reminder/set_reminder,reminder/show_reminders,False,0.8992,False,False,False,{'datetime': 'позже'},{'reference': 'напомни мне позже'}
test_212,какая сегодня погода во Франции,weather/find,weather/find,True,0.9632,False,False,False,"{'location': 'Франции', 'datetime': 'сегодня'}","{'condition_description': 'погода', 'condition_temperature': None, 'datetime': None, 'location': 'Франция', 'weather/attribute': None}"
test_213,Будет ли солнечно на вечеринке в субботу,weather/find,weather/find,True,0.9455,False,False,False,"{'weather/attribute': 'солнечно', 'datetime': 'субботу'}","{'condition_description': 'солнечно', 'location': 'вечеринка', 'datetime': 'суббота'}"
test_214,завтра пойдет дождь?,weather/find,weather/find,True,0.9865,False,False,False,"{'datetime': 'завтра', 'weather/attribute': 'дождь'}",{'condition_description': 'дождь'}
test_215,Могу ли я надеть сегодня шорты?,weather/find,weather/find,True,0.9583,False,False,False,"{'datetime': 'сегодня', 'weather/attribute': 'шорты'}",{'condition_description': 'шорты'}
test_216,Покажи текущее напоминание,reminder/show_reminders,alarm/show_alarms,False,0.9114,False,False,False,{'reference': 'текущее'},{'datetime': 'null'}
test_217,какой средний прогноз на сентябрь,weather/find,weather/find,True,0.9621,False,False,False,{'datetime': 'сентябрь'},"{'condition_description': 'прогноз на сентябрь', 'condition_temperature': None, 'datetime': None, 'location': None, 'weather/attribute': None}"
test_218,Сегодня холодно?,weather/find,weather/find,True,0.9609,False,False,False,"{'datetime': 'Сегодня', 'weather/attribute': 'холодно'}",{'condition_description': 'холодно'}
test_240,Отмени все напоминания,reminder/cancel_reminder,reminder/cancel_reminder,True,0.9251,False,False,False,{'reference': 'все'},{'datetime': 'null'}
test_220,жарко?,weather/find,weather/find,True,0.9757,False,False,False,{'weather/attribute': 'жарко'},{'condition_description': 'жарко'}
test_221,Поставь будильник на выходные в 2 часа дня,alarm/set_alarm,alarm/set_alarm,True,0.927,False,False,False,{'recurring_datetime': 'выходные в 2 часа дня'},"{'datetime': '2 часа дня', 'reference': None}"
test_222,Поставь будильник на 2 утра,alarm/set_alarm,alarm/set_alarm,True,0.9681,False,False,False,{'datetime': '2 утра'},{'datetime': '2:00'}
test_223,Какая сегодня влажность?,weather/find,weather/find,True,0.9789,False,False,False,"{'datetime': 'сегодня', 'weather/attribute': 'влажность'}","{'condition_description': 'влажность', 'condition_temperature': None, 'datetime': None, 'location': None, 'weather/attribute': None}"
test_224,покажи все текущие будильники,alarm/show_alarms,alarm/show_alarms,True,0.9295,False,False,False,{'reference': 'все текущие'},{'datetime': 'null'}
test_225,Покажи мне все текущие напоминания,reminder/show_reminders,reminder/show_reminders,True,0.9317,False,False,False,{'reference': 'все текущие'},"{'datetime': 'null', 'reference': 'null'}"
test_234,отмени все будильники,alarm/cancel_alarm,alarm/cancel_alarm,True,0.927,False,False,False,{'reference': 'все'},{'datetime': 'null'}
test_227,Надвигается ли гроза в моем районе?,weather/find,weather/find,True,0.9651,False,False,False,"{'weather/attribute': 'гроза', 'location': 'моем районе'}","{'condition_description': 'гроза', 'condition_temperature': None, 'datetime': None, 'location': None, 'weather/attribute': None}"
test_195,какая сегодня погода,weather/find,weather/find,True,0.9634,False,False,False,{'datetime': 'сегодня'},"{'condition_description': 'сейчас', 'condition_temperature': None, 'datetime': None, 'location': None, 'weather/attribute': None}"
test_229,удали последнее напоминание,reminder/cancel_reminder,reminder/cancel_reminder,True,0.9369,False,False,False,{'reference': 'последнее'},{'reference': 'последнее напоминание'}
test_230,Сколько времени осталость до будильника.,alarm/time_left_on_alarm,alarm/show_alarms,False,0.94,False,True,False,{},{'datetime': 'null'}
test_231,Отмени все текущие будильники на воскресенье.,alarm/cancel_alarm,alarm/cancel_alarm,True,0.9045,False,False,False,"{'reference': 'все текущие', 'datetime': 'воскресенье'}",{'datetime': 'не указано'}
test_232,Насколько жарко будет сегодня?,weather/find,weather/find,True,0.9529,False,False,False,"{'weather/attribute': 'жарко', 'datetime': 'сегодня'}","{'condition_description': 'жаркая', 'condition_temperature': None, 'datetime': None, 'location': None, 'weather/attribute': None}"
test_233,"Я бы хотел, чтобы ты создал новый будильник на завтрашнее утро в 8:45",alarm/set_alarm,alarm/set_alarm,True,0.9833,False,False,False,{'datetime': 'завтрашнее утро в 8:45'},{'datetime': '8:45'}
test_234,отмени все будильники,alarm/cancel_alarm,alarm/cancel_alarm,True,0.927,False,False,False,{'reference': 'все'},{'datetime': 'null'}
test_235,Пойдет ли снег сегодня?,weather/find,weather/find,True,0.9784,False,False,False,"{'weather/attribute': 'снег', 'datetime': 'сегодня'}","{'condition_description': 'снег', 'condition_temperature': None, 'datetime': None, 'location': None, 'weather/attribute': None}"
test_236,напомни мне купить лед,reminder/set_reminder,none,False,0.9401,True,False,False,{'reminder/todo': 'купить лед'},{}
test_237,покажи все напоминания,reminder/show_reminders,reminder/show_reminders,True,0.9485,False,False,False,{'reference': 'все'},{'datetime': 'datetime'}
test_245,покажи все будильники,alarm/show_alarms,alarm/show_alarms,True,0.9288,False,False,False,{'reference': 'все'},{'datetime': 'null'}
test_239,Какая погода в Сан-Франциско?,weather/find,weather/find,True,0.9488,False,False,False,{'location': 'Сан - Франциско'},"{'condition_description': 'погода', 'condition_temperature': None, 'datetime': None, 'location': 'Сан-Франциско', 'weather/attribute': None}"
test_240,Отмени все напоминания,reminder/cancel_reminder,reminder/cancel_reminder,True,0.9251,False,False,False,{'reference': 'все'},{'datetime': 'null'}
test_241,Отмени напоминание о концерте,reminder/cancel_reminder,reminder/cancel_reminder,True,0.9417,False,False,False,{'reminder/todo': 'концерте'},"{'datetime': 'null', 'reference': 'null', 'reminder/todo': 'null'}"
test_242,Отмени будильник на завтрашнее утро,alarm/cancel_alarm,alarm/cancel_alarm,True,0.9789,False,False,False,{'datetime': 'завтрашнее утро'},{'datetime': 'завтрашнее утро'}
test_243,будет ли дождь на этой недели,weather/find,weather/find,True,0.9729,False,False,False,"{'weather/attribute': 'дождь', 'datetime': 'этой недели'}",{'condition_description': 'дождь'}
test_244,Какая погода будет в среду для игры в гольф,weather/find,weather/find,True,0.955,False,False,False,{'datetime': 'среду'},"{'condition_description': 'в гольф', 'condition_temperature': None, 'datetime': 'среда', 'location': None, 'weather/attribute': None}"
test_245,покажи все будильники,alarm/show_alarms,alarm/show_alarms,True,0.9288,False,False,False,{'reference': 'все'},{'datetime': 'null'}
test_246,отключи все будильники на завтра,alarm/cancel_alarm,alarm/cancel_alarm,True,0.9698,False,False,False,"{'reference': 'все', 'datetime': 'завтра'}",{'datetime': 'завтра'}
test_56,Установи будильник на 5 часов вечера сегодня,alarm/set_alarm,alarm/set_alarm,True,0.9431,False,False,False,{'datetime': '5 часов вечера сегодня'},{'datetime': '5 часов вечера сегодня'}
,поставь будильник на 7 утра на завтра,alarm/set_alarm,alarm/set_alarm,True,0.9593,False,False,False,{'datetime': '7 утра на завтра'},{'datetime': '7:00'}
test_249,Завтра будет солнечно?,weather/find,weather/find,True,0.9708,False,False,False,"{'datetime': 'Завтра', 'weather/attribute': 'солнечно'}",{'condition_description': 'солнечно'}
test_250,насколько жарко будет сегодня,weather/find,weather/find,True,0.9496,False,False,False,"{'weather/attribute': 'жарко', 'datetime': 'сегодня'}","{'condition_description': 'жаркая', 'condition_temperature': None, 'datetime': None, 'location': None, 'weather/attribute': None}"
test_251,Поставь ноль звезд игре Halo: Призраки Оникса,RateBook,RateBook,True,0.9189,False,False,False,"{'rating_value': 'ноль', 'rating_unit': 'звезд', 'object_name': 'Halo: Призраки Оникса'}","{'object_name': 'Halo: Призраки Оникса', 'object_type': 'game', 'rating_value': '0', 'rating_unit': 'звезд'}"
,Включи музыку Джой Нило.,PlayMusic,PlayMusic,True,0.9558,False,False,False,{'artist': 'Джой Нило'},"{'artist': 'Джой Нило', 'music_item': None, 'playlist': None, 'service': None, 'sort': None, 'track': None}"
,"Пожалуйста, найди мне видеоигру под названием 20 часов в Америке.",SearchCreativeWork,SearchScreeningEvent,False,0.9661,False,False,False,"{'object_type': 'видеоигру', 'object_name': '20 часов в Америке'}","{'movie_name': '20 часов в Америке', 'movie_type': None, 'object_location_type': None, 'object_type': 'video game'}"
test_254,Включи мой изобретательный плейлист,PlayMusic,AddToPlaylist,False,0.9435,False,False,False,{'playlist': 'изобретательный'},"{'artist': ' ', 'entity_name': ' ', 'music_item': ' ', 'playlist': ' ', 'reference': ' '}"
test_255,Забронируй место на 9 в Термонте,BookRestaurant,BookRestaurant,True,0.9445,False,False,False,"{'party_size_number': '9', 'location': 'Термонте'}","{'restaurant_name': 'Термонте', 'location': 'Термонте', 'datetime': '9'}"
test_256,Добавь эту мелодию в плейлист вечеринок 80-х для Дорти,AddToPlaylist,AddToPlaylist,True,0.9071,False,False,False,"{'music_item': 'мелодию', 'playlist': 'вечеринок 80-х', 'reference': 'Дорти'}","{'artist': '80-х', 'entity_name': 'мелодия', 'music_item': 'Дорти', 'playlist': 'вечеринки 80-х'}"
,Включи новейшую мелодию Эдди Винсона на Last Fm.,PlayMusic,PlayMusic,True,0.9686,False,False,False,"{'sort': 'новейшую', 'music_item': 'мелодию', 'artist': 'Эдди Винсона', 'service': 'Last Fm'}","{'album': 'Эдди Винсон', 'artist': 'Эдди Винсон', 'datetime': None, 'genre': None, 'music_item': None, 'playlist': None, 'service': 'Last Fm', 'sort': None, 'track': None}"
,Проверь прогноз для Небраски.,weather/find,weather/find,True,0.9659,False,False,False,{'location': 'Небраски'},{'location': 'Небраски'}
,В Северной Каролине сейчас шторм?,weather/find,weather/find,True,0.9776,False,False,True,"{'location': 'Северной Каролине', 'datetime': 'сейчас', 'condition_description': 'шторм'}","{'condition_description': 'шторм', 'condition_temperature': None, 'datetime': None, 'location': 'Северная Каролина', 'weather/attribute': None}"
,Я хочу послушать миньон 1988 года.,PlayMusic,PlayMusic,True,0.9514,False,False,False,"{'music_item': 'миньон', 'datetime': '1998 года'}","{'album': '1988', 'artist': 'миньон', 'datetime': None, 'genre': None, 'music_item': None, 'playlist': None, 'service': None, 'sort': None}"
test_261,Мне нужно время спектакля A Yiddish World Remembered в театрах Дипсон,SearchScreeningEvent,SearchScreeningEvent,True,0.9515,False,False,False,"{'object_type': 'время', 'movie_name': 'A Yiddish World Remembered', 'location': 'театрах Дипсон'}","{'datetime': 'datetime', 'location': 'Дипсон', 'movie_name': 'A Yiddish World Remembered', 'movie_type': None, 'object_location_type': None, 'object_type': 'спектакль'}"
test_262,Поставь текущему учебнику 1 из 6,RateBook,BookBook,False,0.8715,False,False,False,"{'object_select': 'текущему', 'object_type': 'учебнику', 'rating_value': '1', 'best_rating': '6'}","{'book_name': 'учебник', 'book_number': '1', 'book_type': 'учебник'}"
test_263,Добавь мелодию Мэтта Мерфи в плейлист  Flow Español.,AddToPlaylist,AddToPlaylist,True,0.9828,False,False,False,"{'music_item': 'мелодию', 'artist': 'Мэтта Мерфи', 'playlist': 'Flow Español.'}","{'artist': 'Мэтт Мерфи', 'entity_name': 'Flow Español', 'music_item': None, 'playlist': 'Flow Español'}"
,Я хочу забронировать суданский гастропаб поблизости в Техасе для 3 человек на 5/20/2025.,BookRestaurant,BookRestaurant,True,0.962,False,False,True,"{'cuisine': 'суданский', 'restaurant_type': 'гастропаб', 'location': 'поблизости | Техасе', 'party_size_number': '3', 'datetime': '5/20/2025'}","{'cuisine': 'суданский', 'datetime': '5/20/2025', 'facility': 'гастропаб', 'location': 'Техасе', 'party_size_description': '3', 'party_size_number': '3', 'restaurant_name': None, 'restaurant_type': None, 'served_dish': None, 'sort': None}"
test_265,Не мог бы ты найти телесериал The Approach,SearchCreativeWork,SearchScreeningEvent,False,0.9484,False,False,False,"{'object_type': 'телесериал', 'object_name': 'The Approach'}","{'movie_name': 'The Approach', 'movie_type': None, 'object_location_type': None, 'object_type': 'телесериал'}"
test_266,Поставь этой хронике 2 балла.,RateBook,RateBook,True,0.9518,False,False,True,"{'object_select': 'этой', 'object_part_of_series_type': 'хронике', 'rating_value': '2'}","{'object_name': 'хронике', 'best_rating': '2', 'object_type': 'book'}"
test_267,Поставь The American Scene 2  из 6 звезд,RateBook,RateBook,True,0.9766,False,False,False,"{'object_name': 'The American Scene', 'rating_value': '2', 'best_rating': '6', 'rating_unit': 'звезд'}","{'object_name': 'The American Scene 2', 'best_rating': '6', 'object_type': 'book'}"
test_268,Добавь Эмили Отем в мой плейлист Nação Reggae.,AddToPlaylist,AddToPlaylist,True,0.9781,False,False,False,"{'artist': 'Эмили Отем', 'reference': 'мой', 'playlist': 'Nação Reggae'}","{'artist': 'Эмили Отем', 'playlist': 'Nação Reggae'}"
test_269,Я хочу забронировать еврейский ресторан в Гамбии .,BookRestaurant,BookRestaurant,True,0.9523,False,False,True,"{'cuisine': 'еврейский', 'restaurant_type': 'ресторан', 'location': 'Гамбии'}","{'cuisine': 'еврейский', 'location': 'Гамбия', 'restaurant_name': None, 'restaurant_type': None, 'party_size_description': None, 'party_size_number': None}"
test_270,забронируй столик в ресторане Fried chicken,BookRestaurant,BookRestaurant,True,0.9317,False,False,True,{'restaurant_name': 'ресторане Fried chicken'},"{'restaurant_name': 'Fried chicken', 'restaurant_type': None, 'cuisine': None, 'location': None, 'party_size_number': None, 'party_size_description': None}"
test_271,добавь we have a theme song для моего плейлиста House Afterwork,AddToPlaylist,AddToPlaylist,True,0.941,False,False,False,"{'entity_name': 'we have a theme song', 'reference': 'моего', 'playlist': 'House Afterwork'}","{'artist': 'House Afterwork', 'entity_name': 'House Afterwork', 'music_item': None, 'playlist': 'my playlist', 'reference': None}"
test_272,Какая погода будет недалеко отсюда девятнадцатого октября 2026 года?,weather/find,weather/find,True,0.9501,False,False,False,"{'location': 'недалеко отсюда', 'datetime': 'девятнадцатого октября 2026 года'}","{'condition_description': 'недалеко отсюда', 'condition_temperature': None, 'datetime': 'девятнадцатого октября 2026 года', 'location': None, 'weather/attribute': None}"
,Погода в Урюпинске Россия на 12/26/2018,weather/find,weather/find,True,0.9394,False,False,False,"{'location': 'Урюпинске | Россия', 'datetime': '12/26/2018'}","{'location': 'Урюпинск', 'datetime': '12/26/2018', 'condition_description': None, 'condition_temperature': None}"
,Я хочу забронировать ресторан для моего тестя и меня в Бакнере через год.,BookRestaurant,BookRestaurant,True,0.9526,False,False,True,"{'restaurant_type': 'ресторан', 'party_size_description': 'моего тестя и меня', 'location': 'Бакнере', 'datetime': 'через год'}","{'location': 'Бакнере', 'party_size_number': '2', 'restaurant_name': None, 'restaurant_type': None, 'served_dish': None, 'sort': None}"
test_275,Оцени эту книгу на 1,RateBook,RateBook,True,0.9602,False,False,False,"{'object_select': 'эту', 'object_type': 'книгу', 'rating_value': '1'}","{'object_name': 'книга', 'best_rating': '1', 'object_part_of_series_type': None, 'object_select': None, 'object_type': 'книга', 'rating_unit': None, 'rating_value': '1'}"
test_276,добавь этого исполнителя в мой плейлист spotlight on country 2016,AddToPlaylist,AddToPlaylist,True,0.955,False,False,False,"{'music_item': 'исполнителя', 'reference': 'мой', 'playlist': 'spotlight on country 2016'}","{'artist': 'spotlight on country', 'entity_name': 'spotlight on country', 'music_item': None, 'playlist': 'my playlist', 'reference': None}"
test_277,Не мог бы ты найти фотографию Epic Conditions?,SearchCreativeWork,SearchCreativeWork,True,0.9938,False,False,False,"{'object_type': 'фотографию', 'object_name': 'Epic Conditions'}",{'object_name': 'Epic Conditions'}
test_278,Включи rich sex на Iheart,PlayMusic,PlayMusic,True,0.9517,False,False,True,"{'track': 'rich sex', 'service': 'Iheart'}","{'album': 'rich sex', 'artist': 'Iheart', 'datetime': None, 'genre': None, 'music_item': None, 'playlist': None, 'service': None, 'sort': None, 'track': None}"
test_279,Играет ли Барток Великолепный в семь утра?,SearchScreeningEvent,PlayMusic,False,0.9535,False,False,False,"{'movie_name': 'Барток Великолепный', 'datetime': 'семь утра'}","{'album': 'Барток Великолепный', 'artist': 'Барток', 'datetime': 'семь утра', 'genre': None, 'music_item': None, 'playlist': None, 'service': None, 'sort': None}"
test_280,Включи что-нибудь на Zvooq,PlayMusic,BookRestaurant,False,0.9735,False,False,False,{'service': 'Zvooq'},{'restaurant_name': 'Zvooq'}
test_281,Позволь мне послушать музыку Криса Найта,PlayMusic,PlayMusic,True,0.9614,False,False,False,{'artist': 'Криса Найта'},"{'album': ' Криса Найта', 'artist': ' Криса Найта', 'datetime': None, 'genre': None, 'music_item': None, 'playlist': None, 'service': None, 'sort': None}"
test_282,включи альбом Джилл Собул,PlayMusic,SearchCreativeWork,False,0.9706,False,False,True,"{'music_item': 'альбом', 'album': 'Джилл Собул'}",{'object_name': 'Джилл Собул'}
test_283,Поставь четыре звезды The Broken Window,RateBook,RateBook,True,0.9621,False,False,False,"{'rating_value': 'четыре', 'rating_unit': 'звезды', 'object_name': 'The Broken Window'}","{'object_name': 'The Broken Window', 'best_rating': '4', 'object_type': 'book'}"
test_284,Расскажи мне прогноз на 6 утра в Татра-Национальном парке,weather/find,weather/find,True,0.9299,False,False,False,"{'datetime': '6 утра', 'location': 'Татра - Национальном парке'}","{'condition_description': 'прогноз', 'condition_temperature': 'не указано', 'datetime': '6 утра', 'location': 'Татра-Национальном парке'}"
,"Пожалуйста, забронируй мне стол в кафе, где подают домашнее печенье.",BookRestaurant,BookRestaurant,True,0.9534,False,False,True,"{'restaurant_type': 'кафе', 'served_dish': 'домашнее печенье'}","{'cuisine': 'home_baked_goods', 'datetime': None, 'facility': 'cafe', 'location': None, 'party_size_description': None, 'party_size_number': None, 'restaurant_name': None, 'restaurant_type': None, 'served_dish': 'home_baked_goods', 'sort': None}"
,Оцени серию The Mystery of the Tolling Bell на 4 звезды.,RateBook,RateBook,True,0.9606,False,False,True,"{'object_part_of_series_type': 'серию', 'object_name': 'The Mystery of the Tolling Bell', 'rating_value': '4', 'rating_unit': 'звезды'}","{'object_name': 'The Mystery of the Tolling Bell', 'best_rating': '4', 'object_type': 'book'}"
test_287,Используй Groove Shark для воспроизведения музыки,PlayMusic,PlayMusic,True,0.9828,False,False,False,{'service': 'Groove Shark'},"{'album': None, 'artist': None, 'datetime': None, 'genre': None, 'music_item': None, 'playlist': None, 'service': 'Groove Shark', 'sort': None, 'track': None}"
,Проверь расписание сеансов Snowbound в ближайшем кинотеатре.,SearchScreeningEvent,SearchScreeningEvent,True,0.9609,False,False,True,"{'movie_name': 'Snowbound', 'location': 'ближайшем', 'object_location_type': 'кинотеатре'}","{'datetime': None, 'location': None, 'movie_name': None, 'movie_type': None, 'object_location_type': None, 'object_type': None}"
test_289,Пожалуйста открой Zvooq,PlayMusic,BookRestaurant,False,0.9783,False,False,False,{'service': 'Zvooq'},{'restaurant_name': 'Zvooq'}
test_290,забронируй место на 1 человека в Town of Ramsgate in Merit,BookRestaurant,BookRestaurant,True,0.9719,False,False,True,"{'party_size_number': '1', 'restaurant_name': 'Town of Ramsgate', 'location': 'Merit'}","{'location': 'Town of Ramsgate', 'party_size_number': '1', 'restaurant_name': None, 'restaurant_type': None, 'served_dish': None, 'sort': None}"
,Будет ли Теория большого взрыва идти в 7 вечера?,SearchScreeningEvent,SearchScreeningEvent,True,0.9598,False,False,False,"{'movie_name': 'Теория большого взрыва', 'datetime': '7 вечера'}","{'datetime': '7', 'location': None, 'movie_name': 'Теория большого взрыва', 'movie_type': None, 'object_location_type': None, 'object_type': 'movie'}"
,станет ли прохладнее в Кастерском национальном лесу в семь вечера,weather/find,weather/find,True,0.9197,False,False,True,"{'condition_temperature': 'прохладнее', 'location': 'Кастерском национальном лесу', 'datetime': 'семь вечера'}","{'condition_description': 'прохладнее', 'location': 'Кастерский национальный лес', 'datetime': 'семеь', 'weather/attribute': 'temperature'}"
test_293,Я хочу послушать что-нибудь на Ютубе.,PlayMusic,PlayMusic,True,0.9795,False,False,False,{'service': 'Ютубе'},"{'album': None, 'artist': None, 'datetime': None, 'genre': None, 'music_item': None, 'playlist': None, 'service': None, 'sort': None, 'track': None}"
test_294,Найди игру Difficult Loves,SearchCreativeWork,SearchCreativeWork,True,0.9887,False,False,False,"{'object_type': 'игру', 'object_name': 'Difficult Loves'}",{'object_name': 'Difficult Loves'}
,Какой прогноз погоды на 20 февраля в Bothe-Napa Valley State Park?,weather/find,weather/find,True,0.9563,False,False,False,"{'datetime': '20 февраля', 'location': 'Bothe-Napa Valley State Park'}","{'condition_description': 'прогноз погоды', 'condition_temperature': 'null', 'datetime': '20 февраля', 'location': 'Bothe-Napa Valley State Park'}"
test_296,покажи мне расписание фильма The Great Gildersleeve возле кинотеатра,SearchScreeningEvent,SearchScreeningEvent,True,0.9603,False,False,True,"{'object_type': 'расписание', 'movie_name': 'The Great Gildersleeve', 'object_location_type': 'кинотеатра'}","{'datetime': None, 'location': 'кинотеатр', 'movie_name': 'The Great Gildersleeve', 'movie_type': None, 'object_location_type': None, 'object_type': 'movie'}"
test_297,Расскажи мне о прогнозе погоды в Гибсленде,weather/find,weather/find,True,0.9835,False,False,False,{'location': 'Гибсленде'},{'location': 'Гибсленде'}
test_298,Могу ли я узнать время сеансов в кинотеатрах по соседству?,SearchScreeningEvent,SearchScreeningEvent,True,0.9659,False,False,False,"{'object_type': 'время сеансов', 'movie_type': 'кинотеатрах', 'location': 'по соседству'}","{'datetime': 'datetime', 'location': 'location', 'movie_name': None, 'movie_type': None, 'object_location_type': None, 'object_type': None}"
test_299,Оцени Soul Music на 0 .,RateBook,RateBook,True,0.9455,False,False,False,"{'object_name': 'Soul Music', 'rating_value': '0'}","{'object_name': 'Soul Music', 'best_rating': '0', 'object_type': 'book'}"
test_300,Забронируй столик на пять человек в татарской таверне в Сарджентсе,BookRestaurant,BookRestaurant,True,0.9389,False,False,True,"{'party_size_number': 'пять', 'cuisine': 'татарской', 'restaurant_type': 'таверне', 'location': 'Сарджентсе'}","{'cuisine': 'татарская', 'location': 'Сарджентсе', 'party_size_number': '5', 'restaurant_name': 'татарская таверна', 'restaurant_type': None, 'served_dish': None, 'sort': None}"
,Включи All Things Must Pass,PlayMusic,PlayMusic,True,0.9743,False,False,True,{'track': 'All Things Must Pass'},"{'album': 'All Things Must Pass', 'artist': None, 'datetime': None, 'genre': None, 'music_item': None, 'playlist': None, 'service': None, 'sort': None}"
test_302,Какой прогноз дождя в Южной Корее через час,weather/find,weather/find,True,0.9664,False,False,True,"{'condition_description': 'дождя', 'location': 'Южной Корее', 'datetime': 'час'}","{'condition_description': 'дождь', 'condition_temperature': None, 'datetime': 'через час', 'location': 'Южная Корея'}"
test_303,Забронируй место на 4 персоны в Оклахоме в South Street Diner,BookRestaurant,BookRestaurant,True,0.9404,False,False,True,"{'party_size_number': '4', 'location': 'Оклахоме', 'restaurant_name': 'South Street Diner'}","{'location': 'Оклахоме', 'party_size_number': '4', 'restaurant_name': 'South Street Diner', 'restaurant_type': None, 'cuisine': None, 'sort': None}"
,Включи музыку с Нетфликса.,PlayMusic,PlayMusic,True,0.9442,False,False,False,{'service': 'Нетфликса'},"{'service': 'Нетфликса', 'album': None, 'artist': None, 'datetime': None, 'genre': None, 'music_item': None, 'playlist': None, 'track': None}"
,Я хочу увидеть Shattered Image,SearchScreeningEvent,SearchCreativeWork,False,0.9949,False,False,False,{'movie_name': 'Shattered Image'},{'object_name': 'Shattered Image'}
test_306,Найди The Sound of One Hand Clapping,SearchCreativeWork,SearchCreativeWork,True,0.9903,False,False,False,{'object_name': 'The Sound of One Hand Clapping'},{'object_name': 'The Sound of One Hand Clapping'}
test_307,Найди альбом Wolves Within,SearchCreativeWork,SearchCreativeWork,True,0.9948,False,False,False,"{'object_type': 'альбом', 'object_name': 'Wolves Within'}",{'object_name': 'Wolves Within'}
test_308,в каком кинотеатре идет We Are Northern Lights,SearchScreeningEvent,SearchScreeningEvent,True,0.9715,False,False,True,"{'object_location_type': 'кинотеатре', 'movie_name': 'We Are Northern Lights'}","{'datetime': None, 'location': None, 'movie_name': 'We Are Northern Lights', 'movie_type': None, 'object_location_type': None, 'object_type': None}"
test_309,Добавь our little corner of the world music from gilmore girls в мой плейлист The Funny Thing About Football Is.,AddToPlaylist,AddToPlaylist,True,0.9442,False,False,False,"{'entity_name': 'our little corner of the world music from gilmore girls', 'reference': 'мой', 'playlist': 'The Funny Thing About Football Is'}","{'artist': 'our little corner of the world', 'entity_name': 'music', 'playlist': 'The Funny Thing About Football Is'}"
test_317,Добавь новейшую песню Richard McNamara в плейлист Just Smile,AddToPlaylist,AddToPlaylist,True,0.9448,False,False,False,"{'music_item': 'песню', 'artist': 'Richard McNamara', 'playlist': 'Just Smile'}","{'artist': 'Richard McNamara', 'entity_name': 'Just Smile', 'music_item': 'no_music_item', 'playlist': 'Just Smile', 'reference': 'no_reference'}"
test_318,насколько здесь будет холодно через секунду,weather/find,weather/find,True,0.9617,False,False,True,"{'location': 'здесь', 'condition_temperature': 'холодно', 'datetime': 'через секунду'}","{'condition_description': 'холодно', 'condition_temperature': None, 'datetime': None, 'location': None, 'weather/attribute': None}"
test_319,Найди картинку с названием With You,SearchCreativeWork,SearchCreativeWork,True,0.9952,False,False,False,"{'object_type': 'картинку', 'object_name': 'With You'}",{'object_name': 'With You'}
test_320,Найди творческую работу Deadly Weapons,SearchCreativeWork,SearchCreativeWork,True,0.9953,False,False,False,{'object_name': 'Deadly Weapons'},{'object_name': 'Deadly Weapons'}
,Какая погода будет в ноябре в Брукниле?,weather/find,weather/find,True,0.9377,False,False,False,"{'datetime': 'ноябре', 'location': 'Брукниле'}","{'condition_description': 'погода в ноябре', 'condition_temperature': None, 'datetime': 'november', 'location': 'Брукниле'}"
test_322,Забронируй столик в кафе на лапшу,BookRestaurant,BookRestaurant,True,0.9798,False,False,True,"{'restaurant_type': 'кафе', 'served_dish': 'лапшу'}","{'cuisine': 'лапша', 'datetime': None, 'facility': 'кафе', 'location': None, 'party_size_description': None, 'party_size_number': None, 'restaurant_name': None, 'restaurant_type': None, 'served_dish': 'лапша', 'sort': None}"
test_323,какой прогноз на Коста-Рике,weather/find,weather/find,True,0.968,False,False,False,{'location': 'Коста - Рике'},"{'condition_description': 'прогноз', 'condition_temperature': None, 'datetime': None, 'location': 'Коста-Рика', 'weather/attribute': None}"
test_324,Играет The Two Gladiators,SearchScreeningEvent,PlayMusic,False,0.9832,False,False,False,{'movie_name': 'The Two Gladiators'},"{'album': 'The Two Gladiators', 'artist': None, 'datetime': None, 'genre': None, 'music_item': None, 'playlist': None, 'service': None, 'sort': None}"
test_325,какие фильмы в Star Theatres .,SearchScreeningEvent,SearchScreeningEvent,True,0.9601,False,False,False,"{'movie_type': 'фильмы', 'location': 'Star Theatres'}",{'movie_name': 'Star Theatres'}
test_326,Можешь пожалуйста найти мне сагу Harry Hood ?,SearchCreativeWork,SearchCreativeWork,True,0.9909,False,False,False,"{'object_type': 'сагу', 'object_name': 'Harry Hood'}",{'object_name': 'Harry Hood'}
test_327,добавь эту мелодию в мой плейлист Sleepify,AddToPlaylist,AddToPlaylist,True,0.9618,False,False,False,"{'music_item': 'мелодию', 'reference': 'мой', 'playlist': 'Sleepify'}",{'music_item': 'Sleepify'}
test_328,Заиграет ли Any Which Way You Can через 15 секунд,SearchScreeningEvent,PlayMusic,False,0.958,False,False,False,"{'movie_name': 'Any Which Way You Can', 'datetime': 'через 15 секунд'}","{'album': 'Any Which You Can', 'artist': None, 'datetime': '15', 'genre': None, 'music_item': None, 'playlist': None, 'service': None, 'sort': None}"
test_329,Включи музыку с E-type .,PlayMusic,PlayMusic,True,0.9536,False,False,False,{'artist': 'E-type'},{'album': 'E-type'}
,Поставь одну звезду текущей книге,RateBook,RateBook,True,0.9567,False,False,False,"{'rating_value': 'одну', 'object_select': 'текущей', 'object_type': 'книге'}","{'object_name': 'книга', 'best_rating': '1', 'object_part_of_series_type': None, 'object_select': None, 'object_type': 'книга', 'rating_unit': None, 'rating_value': '1'}"
test_331,Включи Another Passenger от Louis Nelson Delisle .,PlayMusic,BookRestaurant,False,0.9324,False,False,True,"{'album': 'Another Passenger', 'artist': 'Louis Nelson Delisle'}","{'restaurant_name': 'Another Passenger', 'restaurant_type': None, 'served_dish': None, 'sort': None, 'location': None, 'party_size_number': None, 'party_size_description': None, 'cuisine': None}"
test_332,Где я могу найти расписание фильмов,SearchScreeningEvent,SearchScreeningEvent,True,0.9866,False,False,False,{'object_type': 'расписание фильмов'},"{'datetime': None, 'location': None, 'movie_name': None, 'movie_type': None, 'object_location_type': None, 'object_type': None}"
test_333,какой прогноз на сентябрь 26 в Эмерадо Сен-Пьер и Микелон,weather/find,weather/find,True,0.9464,False,False,False,"{'datetime': 'сентябрь 26', 'location': 'Эмерадо Сен - Пьер и Микелон'}","{'condition_description': 'прогноз на сентябрь 26', 'condition_temperature': None, 'datetime': 'сентябрь 26', 'location': 'Эмерадо Сен-Пьер и Микелон', 'weather/attribute': None}"
test_334,Давайте поедим рядом с Оукфилдом через пару минут в Ted Peters Famous Smoked Fish,BookRestaurant,BookRestaurant,True,0.9338,False,False,True,"{'location': 'рядом с | Оукфилдом', 'datetime': 'через пару минут', 'restaurant_name': 'Ted Peters Famous Smoked Fish'}","{'location': 'Оукфилдом', 'restaurant_name': 'Ted Peters Famous Smoked Fish', 'datetime': 'через пару минут'}"
test_335,найди мне трейлер Good Morning Sunshine,SearchCreativeWork,SearchScreeningEvent,False,0.9866,False,False,False,"{'object_type': 'трейлер', 'object_name': 'Good Morning Sunshine'}",{'movie_name': 'Good Morning Sunshine'}
test_336,Я хочу забронировать пивную на 3 человек на Нидерландских Антильских островах .,BookRestaurant,BookRestaurant,True,0.9288,False,False,False,"{'restaurant_type': 'пивную', 'party_size_number': '3', 'location': 'Нидерландских Антильских островах'}","{'location': 'Нидерландские Антильские острова', 'party_size_number': '3', 'restaurant_name': None, 'restaurant_type': 'пивная', 'cuisine': None, 'sort': None}"
test_337,оцени этот текущий альбом на 0 звезд,RateBook,RateBook,True,0.9251,False,False,False,"{'object_select': 'этот текущий', 'object_type': 'альбом', 'rating_value': '0', 'rating_unit': 'звезд'}","{'object_name': 'album', 'object_type': 'album', 'rating_value': '0', 'rating_unit': None}"
test_338,Хотели бы забронировать место в Монако в кофейне Yankee Doodle Coffee Shop,BookRestaurant,BookRestaurant,True,0.9513,False,False,True,"{'location': 'Монако', 'restaurant_name': 'Yankee Doodle Coffee Shop'}","{'location': 'Монако', 'restaurant_name': 'Yankee Doodle Coffee Shop', 'restaurant_type': 'кофейня', 'cuisine': None, 'datetime': None, 'facility': None, 'party_size_description': None, 'party_size_number': None}"
test_339,Добавь исполнителя в плейлист political punks.,AddToPlaylist,AddToPlaylist,True,0.9336,False,False,False,"{'music_item': 'исполнителя', 'playlist': 'political punks.'}","{'artist': 'political punks', 'playlist': 'null', 'entity_name': 'null', 'music_item': 'null'}"
test_340,Будет ли холоднее через четыре месяца в Сувани AK,weather/find,weather/find,True,0.96,False,False,True,"{'condition_temperature': 'холоднее', 'datetime': 'через четыре месяца', 'location': 'Сувани | AK'}","{'condition_description': 'холоднее', 'condition_temperature': None, 'datetime': None, 'location': 'Сувани AK', 'weather/attribute': None}"
test_341,добавь  Muzika za decu в мой плейлист Crash Course,AddToPlaylist,AddToPlaylist,True,0.959,False,False,False,"{'entity_name': 'Muzika za decu', 'reference': 'мой', 'playlist': 'Crash Course'}","{'artist': 'Muzika za decu', 'entity_name': 'Crash Course', 'music_item': None, 'playlist': 'my playlist', 'reference': None}"
test_342,Можешь поискать сагу Molecular Oncology ?,SearchCreativeWork,SearchCreativeWork,True,0.9935,False,False,False,"{'object_type': 'сагу', 'object_name': 'Molecular Oncology'}",{'object_name': 'Molecular Oncology'}
test_343,Я хочу забронировать ресторан на шесть человек в Вагстаффе AK .,BookRestaurant,BookRestaurant,True,0.9546,False,False,False,"{'restaurant_type': 'ресторан', 'party_size_number': 'шесть', 'location': 'Вагстаффе | AK'}","{'location': 'Вагстаффе AK', 'party_size_number': '6', 'restaurant_name': None, 'restaurant_type': None, 'cuisine': None, 'sort': None}"
test_344,Включи симфоническую музыку Дэвида Линдли .,PlayMusic,PlayMusic,True,0.9514,False,False,False,"{'music_item': 'симфоническую', 'artist': 'Дэвида Линдли'}","{'album': 'David Lynch', 'artist': 'David Lynch', 'datetime': None, 'genre': None, 'music_item': None, 'playlist': None, 'service': None, 'sort': None}"
,"Пожалуйста, найди мне телесериал Now We Are Married .",SearchCreativeWork,SearchScreeningEvent,False,0.9594,False,False,False,"{'object_type': 'телесериал', 'object_name': 'Now We Are Married'}","{'movie_name': 'Now We Are Married', 'movie_type': None, 'object_location_type': None, 'object_type': 'movie'}"
test_346,Я хочу посмотреть Outcast .,SearchScreeningEvent,SearchCreativeWork,False,0.9804,False,False,False,{'movie_name': 'Outcast'},{'object_name': 'Outcast'}
test_347,добавь текущий трек в мой плейлист This Is Tchaikovsky,AddToPlaylist,AddToPlaylist,True,0.9546,False,False,False,"{'music_item': 'трек', 'reference': 'мой', 'playlist': 'This Is Tchaikovsky'}","{'artist': 'This Is Tchaikovsky', 'entity_name': 'This Is Tchaikovsky', 'music_item': 'This Is Tchaikovsky', 'playlist': 'my playlist', 'reference': 'This Is Tchaikovsky'}"
test_348,Включи This Is: Miles Davis на Lastfm .,PlayMusic,SearchCreativeWork,False,0.9816,False,False,False,"{'playlist': 'This Is: Miles Davis', 'service': 'Lastfm'}",{'object_name': 'This Is: Miles Davis'}
test_349,забронируй лучший столик в Танзании на 5 человек в кафе,BookRestaurant,BookRestaurant,True,0.9823,False,False,False,"{'sort': 'лучший', 'location': 'Танзании', 'party_size_number': '5', 'restaurant_type': 'кафе'}","{'cuisine': None, 'datetime': None, 'facility': 'кафе', 'location': 'Танзания', 'party_size_description': '5 человек', 'party_size_number': '5', 'restaurant_name': None, 'restaurant_type': None, 'served_dish': None, 'sort': None}"
test_350,Давайте послушаем старого доброго Mohammad Mamlе на Vimeo .,PlayMusic,PlayMusic,True,0.9693,False,False,False,"{'sort': 'старого | доброго', 'artist': 'Mohammad Mamle', 'service': 'Vimeo'}","{'artist': 'Mohammad Mamlе', 'album': None, 'datetime': None, 'genre': None, 'music_item': None, 'playlist': None, 'service': None, 'sort': None}"
test_351,Помести трек Vandemataram Srinivas в HipHop Hot 50 .,AddToPlaylist,PlayMusic,False,0.916,False,False,False,"{'music_item': 'трек', 'artist': 'Vandemataram Srinivas', 'playlist': 'HipHop Hot 50'}","{'music_item': 'Vandemataram Srinivas', 'playlist': 'HipHop Hot 50', 'service': 'none'}"
test_352,Найди мне песню Secret South .,SearchCreativeWork,SearchCreativeWork,True,0.9768,False,False,False,"{'object_type': 'песню', 'object_name': 'Secret South'}",{'object_name': 'Secret South'}
test_353,песни девяностых на Zvooq,PlayMusic,SearchMusic,False,0.9261,False,False,False,"{'datetime': 'девяностых', 'service': 'Zvooq'}",{'music_item': 'песни'}
test_354,"какой прогноз погоды в Admire в Техасе, начиная с пяти вечера",weather/find,weather/find,True,0.9107,False,False,False,"{'location': 'Admire | Техасе', 'datetime': 'пяти | вечера'}","{'location': 'Техас', 'condition_description': 'прогноз погоды', 'datetime': 'пятница', 'condition_temperature': None}"
test_355,Включи что-нибудь на Last Fm,PlayMusic,PlayMusic,True,0.9719,False,False,False,{'service': 'Last Fm'},"{'album': None, 'artist': None, 'datetime': None, 'genre': None, 'music_item': None, 'playlist': None, 'service': 'Last Fm', 'sort': None, 'track': None}"
,Я хочу посмотреть The Portrait of a Lady в ближайшем кинотеатре.,SearchScreeningEvent,SearchScreeningEvent,True,0.951,False,False,True,"{'movie_name': 'The Portrait of a Lady', 'location': 'ближайшем', 'object_location_type': 'кинотеатре'}","{'movie_name': 'The Portrait of a Lady', 'location': 'null', 'movie_type': 'null', 'object_location_type': 'null', 'object_type': 'movie'}"
,Пожалуйста найди мне Phineas Redux.,SearchCreativeWork,SearchCreativeWork,True,0.9885,False,False,False,{'object_name': 'Phineas Redux'},{'object_name': 'Phineas Redux'}
test_358,Добавь мелодию 40 cal в плейлист laundry.,AddToPlaylist,AddToPlaylist,True,0.9734,False,False,False,"{'music_item': 'мелодию', 'artist': '40 cal', 'playlist': 'laundry'}","{'artist': '40 cal', 'entity_name': 'laundry', 'music_item': None, 'playlist': 'laundry', 'reference': None}"
,Открой itunes и включи Ben Burnley Ready To Die.,PlayMusic,PlayMusic,True,0.9711,False,False,True,"{'service': 'itunes', 'artist': 'Ben Burnley', 'album': 'Ready To Die'}","{'album': 'Ben Burnley Ready To Die', 'artist': 'Ben Burnley', 'datetime': None, 'genre': None, 'music_item': 'Ben Burnley Ready To Die', 'playlist': None, 'service': 'itunes', 'sort': None}"
,Какая погода будет около Памятника Лихула 5 декабря?,weather/find,weather/find,True,0.9529,False,False,False,"{'location': 'Памятника Лихула', 'datetime': '5 декабря'}","{'condition_description': 'Памятник Лихула', 'location': 'Памятник Лихула', 'datetime': '5 декабря'}"
,Покажи расписание Sexy Dance 2 в ближайшем кинотеатре.,SearchScreeningEvent,SearchScreeningEvent,True,0.9499,False,False,True,"{'object_type': 'расписание', 'movie_name': 'Sexy Dance 2', 'location': 'ближайшем', 'object_location_type': 'кинотеатре'}","{'movie_name': 'Sexy Dance 2', 'location': 'кинотеатр'}"
,Найди песню с названием Live at the Kings Center.,SearchCreativeWork,SearchMusic,False,0.9663,False,False,False,"{'object_type': 'песню', 'object_name': 'Live at the Kings Center'}",{'music_item': 'Live at the Kings Center'}
,"Какая погода в Тайонеке, Нью-Джерси?",weather/find,weather/find,True,0.9433,False,False,False,{'location': 'Тайонеке | Нью | - Джерси'},"{'condition_description': 'погода', 'condition_temperature': None, 'datetime': None, 'location': 'Тайонеке, Нью-Джерси', 'weather/attribute': None}"
test_364,Я хочу забронировать Tupelo Honey Cafe в Нью-Джерси для пяти человек.,BookRestaurant,BookRestaurant,True,0.9588,False,False,True,"{'restaurant_name': 'Tupelo Honey Cafe', 'location': 'Нью | - Джерси', 'party_size_number': 'пяти'}","{'restaurant_name': 'Tupelo Honey Cafe', 'location': 'Нью-Джерси', 'party_size_number': '5', 'restaurant_type': None, 'cuisine': None}"
,Забронируй место для меня и моих племянниц в чайном домике.,BookRestaurant,BookRestaurant,True,0.9685,False,False,True,"{'party_size_description': 'меня и моих племянниц', 'restaurant_type': 'чайном домике'}","{'cuisine': None, 'datetime': None, 'facility': 'чайный домик', 'location': None, 'party_size_description': 'племянницы', 'party_size_number': None, 'restaurant_name': None, 'restaurant_type': None, 'served_dish': None, 'sort': None}"
,Будет ли жарко в Нидерландах 16 февраля?,weather/find,weather/find,True,0.9546,False,False,True,"{'condition_temperature': 'жарко', 'location': 'Нидерландах', 'datetime': '16 февраля'}","{'condition_description': 'жарко', 'condition_temperature': None, 'datetime': '16 февраля', 'location': 'Нидерланды'}"
,Я хотел бы добавить Jordan Rudess в плейлист Divertido para niños.,AddToPlaylist,AddToPlaylist,True,0.9811,False,False,False,"{'artist': 'Jordan Rudess', 'playlist': 'Divertido para niños'}","{'artist': 'Jordan Rudess', 'playlist': 'Divertido para niños'}"
,Оцени In the Company of Cheerful Ladies на ноль из 6.,RateBook,RateBook,True,0.9663,False,False,False,"{'object_name': 'In the Company of Cheerful Ladies', 'rating_value': 'ноль', 'best_rating': '6'}","{'object_name': 'In the Company of Cheerful Ladies', 'object_part_of_series_type': None, 'object_select': None, 'rating_unit': None, 'rating_value': '0'}"
test_112,Что такое суровый прогноз погода?,weather/find,weather/find,True,0.9715,False,False,False,{'weather/attribute': 'суровый'},{'condition_description': 'суровый'}
test_113,напомни мне о визите к врачу на следующей недели,reminder/set_reminder,reminder/show_reminders,False,0.9347,False,False,False,"{'reminder/todo': 'визите к врачу', 'datetime': 'на следующей недели'}",{'datetime': 'next week'}
test_114,поставь напоминание о походе в магазин в 8 утра,reminder/set_reminder,reminder/set_alarm,False,0.9439,False,False,False,"{'reminder/todo': 'походе в магазин', 'datetime': '8 утра'}",{'datetime': '8:00'}
test_115,Поставь напоминание о сдачи вещей в химчистку,reminder/set_reminder,reminder/set_alarm,False,0.941,False,False,False,{'reminder/todo': 'сдачи вещей в химчистку'},{'datetime': 'datetime'}
test_116,когда похоладает?,weather/find,weather/find,True,0.9532,False,False,False,{'weather/attribute': 'похоладает'},{'condition_description': 'холод'}
test_243,будет ли дождь на этой недели,weather/find,weather/find,True,0.9729,False,False,False,"{'weather/attribute': 'дождь', 'datetime': 'этой недели'}",{'condition_description': 'дождь'}
test_118,удали все будильники,alarm/cancel_alarm,alarm/cancel_alarm,True,0.9365,False,False,False,{'reference': 'все'},{'datetime': 'null'}
test_179,отмени будильники,alarm/cancel_alarm,alarm/cancel_alarm,True,0.9358,False,False,False,{},{'datetime': 'null'}
test_120,покажи мне текущие будильники,alarm/show_alarms,alarm/show_alarms,True,0.9344,False,False,False,{'reference': 'текущие'},{'datetime': 'null'}
test_121,На какое время у меня установлен будильник?,alarm/show_alarms,alarm/show_alarms,True,0.9579,False,False,False,{},{'datetime': 'null'}
test_189,В субботу пойдет дождь?,weather/find,weather/find,True,0.9838,False,False,False,{'datetime': 'субботу'},{'condition_description': 'дождь'}
test_123,насколько жарко сегодня будет,weather/find,weather/find,True,0.9609,False,False,False,"{'weather/attribute': 'жарко', 'datetime': 'сегодня'}","{'condition_description': 'жарко', 'condition_temperature': None, 'datetime': None, 'location': None, 'weather/attribute': None}"
test_124,Сбрось все будильники,alarm/cancel_alarm,alarm/cancel_alarm,True,0.9391,False,False,False,{'reference': 'все'},{'datetime': 'null'}
test_125,Погода в Тахо в эти выходных?,weather/find,weather/find,True,0.9749,False,False,False,"{'location': 'Тахо', 'datetime': 'эти выходные'}",{'location': 'Тахо'}
test_126,Понадобится ли курта сегодня?,weather/find,weather/find,True,0.949,False,False,False,"{'weather/attribute': 'куртка', 'datetime': 'сегодня'}",{'condition_description': 'курта'}
test_127,Когда дождь закончится?,weather/find,weather/find,True,0.9845,False,False,False,{'weather/attribute': 'дождь'},{'condition_description': 'дождь'}
test_128,Поставь напоминание позвонить в школу в понедельник в 4 часа дня,reminder/set_reminder,alarm/set_alarm,False,0.9253,False,False,False,"{'reminder/todo': 'позвонить в школу', 'datetime': 'понедельник в 4 часа дня'}","{'datetime': '4', 'reference': 'school'}"
test_129,Выключи текущий будильник.,alarm/cancel_alarm,alarm/cancel_alarm,True,0.9434,False,False,False,{'reference': 'текущий'},{'datetime': 'null'}
test_130,Насколько холодно будет сегодня вечером?,weather/find,weather/find,True,0.9477,False,False,False,"{'weather/attribute': 'холодно', 'datetime': 'сегодня вечером'}","{'condition_description': 'холодный', 'condition_temperature': None, 'datetime': None, 'location': None, 'weather/attribute': None}"
,поставь будильник на 7 утра на завтра,alarm/set_alarm,alarm/set_alarm,True,0.9593,False,False,False,{'datetime': '7 утра на завтра'},{'datetime': '7:00'}
test_132,"Отмени текущее напоминание о том, чтобы забрать Роба",reminder/cancel_reminder,alarm/cancel_alarm,False,0.9605,False,False,False,"{'reference': 'текущее', 'reminder/todo': 'забрать Роба'}",{'reference': 'Роба'}
test_133,Создай напоминание на завтра о покупке молока,reminder/set_reminder,reminder/set_alarm,False,0.9175,False,False,False,"{'datetime': 'завтра', 'reminder/todo': 'покупке молока'}","{'datetime': 'tomorrow', 'reference': 'milk', 'recurring_datetime': None, 'reminder/todo': None}"
test_134,поставь будильник на 6 вечера,alarm/set_alarm,alarm/set_alarm,True,0.9815,False,False,False,{'datetime': '6 вечера'},{'datetime': '6'}
test_135,запланируй ежедневный будильник на 7:30 вечера до удаления,alarm/set_alarm,alarm/set_alarm,True,0.9467,False,False,False,{'recurring_datetime': 'ежедневный | 7:30 вечера'},"{'datetime': '7:30', 'reference': 'удаление'}"
test_198,напомни мне поставить будильник для подъема,reminder/set_reminder,alarm/set_alarm,False,0.9512,False,False,False,{'reminder/todo': 'поставить будильник для подъема'},{'datetime': 'datetime'}
test_137,Отмени текущее напоминание,reminder/cancel_reminder,reminder/cancel_reminder,True,0.9005,False,False,False,{'reference': 'текущее'},{'datetime': 'null'}
test_235,Сегодня пойдет снег?,weather/find,weather/find,True,0.9751,False,False,False,"{'datetime': 'Сегодня', 'weather/attribute': 'снег'}","{'condition_description': 'снег', 'condition_temperature': None, 'datetime': None, 'location': None, 'weather/attribute': None}"
test_139,Покажи мне все будильники,alarm/show_alarms,alarm/show_alarms,True,0.9461,False,False,False,{'reference': 'все'},{'datetime': 'datetime'}
test_237,покажи все напоминания,reminder/show_reminders,reminder/show_reminders,True,0.9485,False,False,False,{'reference': 'все'},{'datetime': 'datetime'}
test_141,сколько времени осталось до текущего будильника,alarm/time_left_on_alarm,alarm/show_alarms,False,0.9468,False,True,False,{'reference': 'текущего'},{'datetime': 'null'}
test_142,поставь будильник на 2 часа,alarm/set_alarm,alarm/set_alarm,True,0.9842,False,False,False,{'datetime': '2 часа'},{'datetime': '2'}
test_143,Напомни мне купить хлеб после работы,reminder/set_reminder,BookRestaurant,False,0.9404,False,False,False,"{'reminder/todo': 'купить хлеб', 'datetime': 'после работы'}","{'restaurant_name': None, 'restaurant_type': None, 'cuisine': None, 'datetime': None, 'location': None, 'party_size_description': None, 'party_size_number': None}"
test_144,Сегодня будет дождь?,weather/find,weather/find,True,0.9873,False,False,False,"{'datetime': 'Сегодня', 'weather/attribute': 'дождь'}",{'condition_description': 'дождь'}
test_145,прочитай прогноз погоды на сегодня,weather/find,weather/find,True,0.9455,False,False,False,{'datetime': 'сегодня'},"{'condition_description': 'прочитай прогноз погоды', 'condition_temperature': None, 'datetime': 'today', 'location': None, 'weather/attribute': None}"
test_146,На какое время установлен текущий будильник?,alarm/show_alarms,alarm/show_alarms,True,0.9585,False,False,False,{'reference': 'текущий'},{'datetime': 'null'}
test_147,завтра в 4 напомни мне сходить в торговый центр,reminder/set_reminder,alarm/set_alarm,False,0.9286,False,False,False,"{'datetime': 'завтра в 4', 'reminder/todo': 'сходить в торговый центр'}","{'datetime': 'tomorrow', 'reference': 'reminder/todo'}"
test_148,сегодня мне понадобится зонт,weather/find,weather/find,True,0.9625,False,False,False,"{'datetime': 'сегодня', 'weather/attribute': 'зонт'}","{'condition_description': 'сегодня', 'condition_temperature': None, 'datetime': None, 'location': None, 'weather/attribute': None}"
test_216,Покажи текущее напоминание,reminder/show_reminders,alarm/show_alarms,False,0.9114,False,False,False,{'reference': 'текущее'},{'datetime': 'null'}
test_237,покажи все напоминания,reminder/show_reminders,reminder/show_reminders,True,0.9485,False,False,False,{'reference': 'все'},{'datetime': 'datetime'}
test_151,Установи напоминание покормить собаку в понедельник.,reminder/set_reminder,reminder/set_alarm,False,0.9391,False,False,False,"{'reminder/todo': 'покормить собаку', 'datetime': 'понедельник'}","{'datetime': 'понедельник', 'reference': 'покормить собаку'}"
test_152,"Поставь напоминание ""Класс саб-йоги во вторник вечером в Bala"" на завтра",reminder/set_reminder,reminder/set_alarm,False,0.9431,False,False,False,"{'reminder/todo': 'Класс саб-йоги во вторник вечером в Bala', 'datetime': 'завтра'}","{'datetime': 'завтра', 'reference': 'Класс саб-йоги во вторник вечером в Bala'}"
test_153,Отмени все напоминания на сегодня,reminder/cancel_reminder,reminder/cancel_reminder,True,0.9815,False,False,False,"{'reference': 'все', 'datetime': 'сегодня'}",{'datetime': 'today'}
test_154,Какая погода будет в Нью Йорке на этой недели,weather/find,weather/find,True,0.9318,False,False,False,"{'location': 'Нью Йорке', 'datetime': 'этой недели'}","{'condition_description': 'неизвестно', 'condition_temperature': 'неизвестно', 'datetime': 'неизвестно', 'location': 'Нью Йорк', 'weather/attribute': 'неизвестно'}"
test_155,напомни мне о визите к доктору в четверг в 12 часов дня,reminder/set_reminder,alarm/set_alarm,False,0.9025,False,False,False,"{'reminder/todo': 'визите к доктору', 'datetime': 'четверг в 12 часов дня'}","{'datetime': '12', 'reference': 'visit_doctor'}"
test_156,Установи будильник на 6:50 вечера,alarm/set_alarm,alarm/set_alarm,True,0.9808,False,False,False,{'datetime': '6:50 вечера'},{'datetime': '6:50'}
test_235,Пойдет ли снег сегодня?,weather/find,weather/find,True,0.9784,False,False,False,"{'weather/attribute': 'снег', 'datetime': 'сегодня'}","{'condition_description': 'снег', 'condition_temperature': None, 'datetime': None, 'location': None, 'weather/attribute': None}"
test_158,Какие будильники установлены?,alarm/show_alarms,alarm/show_alarms,True,0.9395,False,False,False,{},"{'datetime': 'null', 'reference': 'null'}"
test_159,Установи напоминание на 7 октября,reminder/set_reminder,reminder/set_alarm,False,0.9614,False,False,False,{'datetime': '7 октября'},{'datetime': '7 октября'}
test_160,Будет ли сегодня снег?,weather/find,weather/find,True,0.9807,False,False,False,"{'datetime': 'сегодня', 'weather/attribute': 'снег'}","{'condition_description': 'снег', 'condition_temperature': None, 'datetime': None, 'location': None, 'weather/attribute': None}"
test_161,отложи будильник на 15 минут,alarm/snooze_alarm,alarm/set_alarm,False,0.9706,False,True,False,{'datetime': '15 минут'},{'datetime': '15'}
test_237,покажи все напоминания,reminder/show_reminders,reminder/show_reminders,True,0.9485,False,False,False,{'reference': 'все'},{'datetime': 'datetime'}
test_2,Нужен ли мне свитер?,weather/find,BookRestaurant,False,0.9351,False,False,False,{'weather/attribute': 'свитер'},"{'restaurant_name': None, 'restaurant_type': None, 'served_dish': None, 'sort': None, 'location': None, 'party_size_number': None, 'party_size_description': None, 'cuisine': None}"
test_3,Добавь напоминание на сегодня на 4 часа дня,reminder/set_reminder,reminder/set_alarm,False,0.9318,False,False,False,{'datetime': 'сегодня на 4 часа дня'},"{'datetime': 'today', 'reference': '4 часа дня'}"
test_137,Отмени текущее напоминание,reminder/cancel_reminder,reminder/cancel_reminder,True,0.9005,False,False,False,{'reference': 'текущее'},{'datetime': 'null'}
test_5,Напомни мне заправиться.,reminder/set_reminder,reminder/show_reminders,False,0.928,False,False,False,{'reminder/todo': 'заправиться'},{'reminder/todo': 'заправиться'}
test_6,Нужен ли мне зонт в среду?,weather/find,weather/find,True,0.9296,False,False,False,"{'weather/attribute': 'зонт', 'datetime': 'среду'}",{'condition_description': 'зонты'}
test_7,отложи будильники на 5 минут,alarm/snooze_alarm,alarm/set_alarm,False,0.9329,False,True,False,{'datetime': '5 минут'},{'datetime': '5'}
test_8,поставь напоминание о дне рождения Макса,reminder/set_reminder,reminder/set_alarm,False,0.8681,False,False,False,{'reminder/todo': 'напоминание о дне рождения Макса'},"{'datetime': 'day_of_the_week', 'reference': 'Max'}"
test_237,покажи все напоминания,reminder/show_reminders,reminder/show_reminders,True,0.9485,False,False,False,{'reference': 'все'},{'datetime': 'datetime'}
test_10,Покажи все будильники.,alarm/show_alarms,alarm/show_alarms,True,0.9657,False,False,False,{'reference': 'все'},"{'datetime': None, 'reference': None}"
test_144,Сегодня будет дождь?,weather/find,weather/find,True,0.9873,False,False,False,"{'datetime': 'Сегодня', 'weather/attribute': 'дождь'}",{'condition_description': 'дождь'}
test_12,Поставь будильник на 8 утра,alarm/set_alarm,alarm/set_alarm,True,0.9747,False,False,False,{'datetime': '8 утра'},{'datetime': '8:00'}
test_96,Какая сегодня температура?,weather/find,weather/find,True,0.9692,False,False,False,"{'datetime': 'сегодня', 'weather/attribute': 'температура'}",{'condition_temperature': 'temperature'}
test_216,Покажи текущее напоминание,reminder/show_reminders,alarm/show_alarms,False,0.9114,False,False,False,{'reference': 'текущее'},{'datetime': 'null'}
test_245,покажи все будильники,alarm/show_alarms,alarm/show_alarms,True,0.9288,False,False,False,{'reference': 'все'},{'datetime': 'null'}
test_16,Напомни мне поговорить с Беном о Джорджии,reminder/set_reminder,BookRestaurant,False,0.9529,False,False,False,{'reminder/todo': 'поговорить с Беном о Джорджии'},"{'restaurant_name': 'Бен', 'location': 'Джорджии'}"
test_17,Поставь будильник на 5 утра,alarm/set_alarm,alarm/set_alarm,True,0.9682,False,False,False,{'datetime': '5 утра'},{'datetime': '5:00'}
test_18,сегодня пасмурно,weather/find,weather/find,True,0.969,False,False,False,"{'datetime': 'сегодня', 'weather/attribute': 'пасмурно'}",{'condition_description': 'пасмурно'}
test_19,Сколько дюймов дождя выпадет сегодня?,weather/find,weather/find,True,0.9777,False,False,False,"{'weather/attribute': 'дюймов дождя', 'datetime': 'сегодня'}","{'condition_description': 'дождь', 'condition_temperature': None, 'datetime': None, 'location': None, 'weather/attribute': None}"
test_20,Напомни мне позвонить сестре завтра,reminder/set_reminder,CallPerson,False,0.8965,False,False,False,"{'reminder/todo': 'позвонить сестре', 'datetime': 'завтра'}",{'person_name': 'сестра'}
test_21,выключи будильник,alarm/cancel_alarm,alarm/cancel_alarm,True,0.9456,False,False,False,{},{'datetime': 'null'}
test_22,Будет ли жарко на этой неделе?,weather/find,weather/find,True,0.9723,False,False,False,"{'weather/attribute': 'жарко', 'datetime': 'этой неделе'}","{'condition_description': 'жарко', 'condition_temperature': None, 'datetime': None, 'location': None, 'weather/attribute': None}"
test_23,Поставь будильник на 3 часа дня,alarm/set_alarm,alarm/set_alarm,True,0.9707,False,False,False,{'datetime': '3 часа дня'},{'datetime': '3'}
test_61,сегодня будет снег,weather/find,weather/find,True,0.9713,False,False,False,"{'datetime': 'сегодня', 'weather/attribute': 'снег'}",{'condition_description': 'снег'}
test_118,удали все будильники,alarm/cancel_alarm,alarm/cancel_alarm,True,0.9365,False,False,False,{'reference': 'все'},{'datetime': 'null'}
test_26,Покажи мне все напоминания,reminder/show_reminders,reminder/show_reminders,True,0.9502,False,False,False,{'reference': 'все'},{'datetime': 'datetime'}
test_230,Сколько времени осталость до будильника.,alarm/time_left_on_alarm,alarm/show_alarms,False,0.94,False,True,False,{},{'datetime': 'null'}
test_183,Какие у меня напоминания?,reminder/show_reminders,reminder/show_reminders,True,0.951,False,False,False,{'reference': 'меня'},{'datetime': 'datetime'}
test_29,Поставь ежедневный будильник на 8 утра,alarm/set_alarm,alarm/set_alarm,True,0.9741,False,False,False,{'recurring_datetime': 'ежедневный | 8 утра'},{'datetime': '8:00'}
test_30,можешь показать мне будильники?,alarm/show_alarms,alarm/show_alarms,True,0.9441,False,False,False,{},{'datetime': 'datetime'}
test_31,В мире Диснея сегодня ожидаются бури?,weather/find,weather/find,True,0.969,False,False,False,"{'location': 'В мире Диснея', 'datetime': 'сегодня', 'weather/attribute': 'бури'}","{'condition_description': 'бури', 'condition_temperature': None, 'datetime': None, 'location': None, 'weather/attribute': None}"
test_61,сегодня будет снег,weather/find,weather/find,True,0.9713,False,False,False,"{'datetime': 'сегодня', 'weather/attribute': 'снег'}",{'condition_description': 'снег'}
test_245,покажи все будильники,alarm/show_alarms,alarm/show_alarms,True,0.9288,False,False,False,{'reference': 'все'},{'datetime': 'null'}
test_218,Сегодня холодно?,weather/find,weather/find,True,0.9609,False,False,False,"{'datetime': 'Сегодня', 'weather/attribute': 'холодно'}",{'condition_description': 'холодно'}
test_35,Пожалуйста отмени будильник на утро четверга.,alarm/cancel_alarm,alarm/cancel_alarm,True,0.8984,False,False,False,{'datetime': 'утро четверга'},{'datetime': '04.04.2024'}
test_144,Сегодня будет дождь?,weather/find,weather/find,True,0.9873,False,False,False,"{'datetime': 'Сегодня', 'weather/attribute': 'дождь'}",{'condition_description': 'дождь'}
test_37,в Канаде идет снег,weather/find,weather/find,True,0.9694,False,False,False,"{'location': 'Канаде', 'weather/attribute': 'снег'}","{'condition_description': 'снег', 'condition_temperature': None, 'datetime': None, 'location': 'Канада', 'weather/attribute': None}"
test_38,Какой максимум будет сегодня?,weather/find,weather/find,True,0.9507,False,False,False,"{'weather/attribute': 'максимум', 'datetime': 'сегодня'}","{'condition_description': 'Максимум', 'condition_temperature': None, 'datetime': None, 'location': None, 'weather/attribute': None}"
test_39,"Выпадет ли сегодня вечером достаточно снега, чтобы сделать поездки опасными?",weather/find,weather/find,True,0.9467,False,False,False,"{'datetime': 'сегодня вечером', 'weather/attribute': 'снега'}","{'condition_description': 'опасными', 'condition_temperature': None, 'datetime': 'вечер', 'location': None, 'weather/attribute': None}"
test_237,покажи все напоминания,reminder/show_reminders,reminder/show_reminders,True,0.9485,False,False,False,{'reference': 'все'},{'datetime': 'datetime'}
test_41,удали все напоминания,reminder/cancel_reminder,reminder/cancel_reminder,True,0.9249,False,False,False,{'reference': 'все'},{'datetime': 'null'}
test_42,понадобится лм мне завтра куртка?,weather/find,BookRestaurant,False,0.9816,False,False,False,"{'datetime': 'завтра', 'weather/attribute': 'куртка'}","{'cuisine': None, 'datetime': None, 'facility': None, 'location': None, 'party_size_description': None, 'party_size_number': None, 'restaurant_name': None, 'restaurant_type': None, 'served_dish': None, 'sort': None}"
test_43,Сколько времени осталось до будильника,alarm/time_left_on_alarm,alarm/show_alarms,False,0.9481,False,True,False,{},{'datetime': 'null'}
test_44,Останови будильник,alarm/snooze_alarm,alarm/cancel_alarm,False,0.9483,False,True,False,{},{'datetime': 'datetime'}
test_139,Покажи мне все будильники,alarm/show_alarms,alarm/show_alarms,True,0.9461,False,False,False,{'reference': 'все'},{'datetime': 'datetime'}
test_46,Какая погода в Йеллоустоуне?,weather/find,weather/find,True,0.9421,False,False,False,{'location': 'Йеллоустоуне'},"{'condition_description': 'погода', 'condition_temperature': None, 'datetime': None, 'location': 'Йеллоустоуне', 'weather/attribute': None}"
test_202,Какая сегодня погода?,weather/find,weather/find,True,0.9617,False,False,False,{'datetime': 'сегодня'},"{'condition_description': 'погода', 'condition_temperature': None, 'datetime': None, 'location': None, 'weather/attribute': None}"
test_48,"Удали текущее напоминание о том, что завтра нужно забрать Патрика из школы.",reminder/cancel_reminder,alarm/cancel_alarm,False,0.9179,False,False,False,"{'reference': 'текущее', 'datetime': 'завтра', 'reminder/todo': 'забрать Патрика из школы'}","{'datetime': 'tomorrow', 'reference': 'reminder/todo'}"
test_49,"Напомни мне завта в это же время, записаться на прием к врачу",reminder/set_reminder,BookRestaurant,False,0.9377,False,False,False,"{'datetime': 'завтра в это же время', 'reminder/todo': 'записаться на прием к врачу'}","{'datetime': 'this time', 'facility': 'врач', 'location': None, 'party_size_description': None, 'party_size_number': None, 'restaurant_name': None, 'restaurant_type': None, 'served_dish': None, 'sort': None}"
test_50,Напомни мне отказаться от аренды,reminder/set_reminder,alarm/cancel_alarm,False,0.9114,False,False,False,{'reminder/todo': 'отказаться от аренды'},{'datetime': 'null'}
test_51,когда закончится дождь?,weather/find,weather/find,True,0.9885,False,False,False,{'weather/attribute': 'дождь'},{'condition_description': 'дождь'}
test_179,отмени будильники,alarm/cancel_alarm,alarm/cancel_alarm,True,0.9358,False,False,False,{},{'datetime': 'null'}
test_53,Напомни мне позвонить Стефани во вторник,reminder/set_reminder,CallPerson,False,0.9116,False,False,False,"{'reminder/todo': 'позвонить Стефани', 'datetime': 'вторник'}","{'person_name': 'Стефани', 'day': 'вторник'}"
test_224,покажи все текущие будильники,alarm/show_alarms,alarm/show_alarms,True,0.9295,False,False,False,{'reference': 'все текущие'},{'datetime': 'null'}
test_232,Насколько жарко сегодня будет?,weather/find,weather/find,True,0.9588,False,False,False,"{'weather/attribute': 'жарко', 'datetime': 'сегодня'}","{'condition_description': 'жарко', 'condition_temperature': None, 'datetime': None, 'location': None, 'weather/attribute': None}"
test_56,Установи будильник на 5 часов вечера сегодня,alarm/set_alarm,alarm/set_alarm,True,0.9431,False,False,False,{'datetime': '5 часов вечера сегодня'},{'datetime': '5 часов вечера сегодня'}
test_57,напомни мне сходить к врачу 21 августа в 3 часа дня,reminder/set_reminder,alarm/set_alarm,False,0.9084,False,False,False,"{'reminder/todo': 'сходить к врачу', 'datetime': '21 августа в 3 часа дня'}","{'datetime': '21 08 2023', 'reference': 'null'}"
test_58,отмени текущее повторяющееся напоминание о приеме лекарств ежедневно в 7 утра,reminder/cancel_reminder,alarm/cancel_alarm,False,0.9412,False,False,False,"{'reminder/todo': 'приеме лекарств', 'recurring_datetime': 'ежедневно в 7 утра'}",{'datetime': '7 утра'}
test_59,когда по прогнозу будет дождь,weather/find,weather/find,True,0.9849,False,False,False,{'weather/attribute': 'дождь'},{'condition_description': 'дождь'}
test_60,На какое время установлен текущий будильник на завтрашнее утро?,alarm/show_alarms,alarm/show_alarms,True,0.961,False,False,False,"{'reference': 'текущий', 'datetime': 'завтрашнее утро'}",{'datetime': 'tomorrow'}
test_61,сегодня будет снег,weather/find,weather/find,True,0.9713,False,False,False,"{'datetime': 'сегодня', 'weather/attribute': 'снег'}",{'condition_description': 'снег'}
test_129,Выключи текущий будильник.,alarm/cancel_alarm,alarm/cancel_alarm,True,0.9434,False,False,False,{'reference': 'текущий'},{'datetime': 'null'}
test_234,отмени все будильники,alarm/cancel_alarm,alarm/cancel_alarm,True,0.927,False,False,False,{'reference': 'все'},{'datetime': 'null'}
test_64,напомни мне купить продукты,reminder/set_reminder,AddToPlaylist,False,0.9729,False,False,False,{'reminder/todo': 'купить продукты'},"{'artist': None, 'entity_name': None, 'music_item': None, 'playlist': None, 'reference': None}"
test_65,Мне нужен будильник на 9 утра для завтрака,alarm/set_alarm,alarm/set_alarm,True,0.9688,False,False,False,{'datetime': '9 утра'},{'datetime': '09:00'}
test_66,установи напоминание о просмотре Колтс за час до начала игры,reminder/set_reminder,alarm/set_alarm,False,0.8944,False,False,False,"{'reminder/todo': 'просмотре Колтс', 'datetime': 'за час до начала игры'}","{'datetime': '1 hour before', 'reference': 'Колтс'}"
test_234,отмени все будильники,alarm/cancel_alarm,alarm/cancel_alarm,True,0.927,False,False,False,{'reference': 'все'},{'datetime': 'null'}
test_68,Отмени текущее третье напоминание в этом списке,reminder/cancel_reminder,reminder/cancel_reminder,True,0.9601,False,False,False,{'reference': 'текущее третье'},{'reference': 'третье'}
test_87,установи будильник на 6 утра,alarm/set_alarm,alarm/set_alarm,True,0.965,False,False,False,{'datetime': '6 утра'},{'datetime': '6 утра'}
test_70,Сейчас сбрось этот будильник и установи на 2 часа дня,alarm/cancel_alarm,alarm/cancel_alarm,True,0.959,False,False,False,"{'datetime': 'Сейчас | 2 часа дня', 'reference': 'этот'}",{'datetime': '2'}
test_71,Пойдет ли снег?,weather/find,weather/find,True,0.9692,False,False,False,{'weather/attribute': 'снег'},{'condition_description': 'снег'}
test_72,Напомни мне заплатить арендную плату.,reminder/set_reminder,RateBook,False,0.8972,False,False,False,{'reminder/todo': 'заплатить арендную плату'},"{'object_name': 'аренда', 'object_type': 'плату'}"
test_73,какой минимум на завтра,weather/find,weather/find,True,0.962,False,False,False,"{'weather/attribute': 'минимум', 'datetime': 'завтра'}",{'condition_description': 'на завтра'}
test_74,cегодня будет солнечно?,weather/find,weather/find,True,0.9714,False,False,False,"{'datetime': 'сегодня', 'weather/attribute': 'солнечно'}",{'condition_description': 'солнечно'}
test_84,Сколько у меня напоминаний на сегодня?,reminder/show_reminders,reminder/show_reminders,True,0.9786,False,False,False,{'datetime': 'сегодня'},{'datetime': 'today'}
test_76,Какие у меня напоминание на завтра?,reminder/show_reminders,reminder/show_reminders,True,0.9625,False,False,False,"{'reference': 'меня', 'datetime': 'завтра'}",{'datetime': 'завтра'}
test_77,Отмени все текущие напоминания.,reminder/cancel_reminder,reminder/cancel_reminder,True,0.9653,False,False,False,{'reference': 'все текущие'},"{'datetime': None, 'reference': None, 'reminder/todo': None}"
test_78,установи будильник на 6 утра на завтра,alarm/set_alarm,alarm/set_alarm,True,0.9443,False,False,False,{'datetime': '6 утра на завтра'},"{'datetime': '6 утра', 'reference': None}"
test_79,Установи будильник на 30 минут,alarm/set_alarm,alarm/set_alarm,True,0.9717,False,False,False,{'datetime': '30 минут'},{'datetime': '30'}
test_80,Установи будильник на час вперед,alarm/set_alarm,alarm/set_alarm,True,0.9415,False,False,False,{'datetime': 'час вперед'},{'datetime': '1 hour'}
test_234,отмени все будильники,alarm/cancel_alarm,alarm/cancel_alarm,True,0.927,False,False,False,{'reference': 'все'},{'datetime': 'null'}
test_82,прогноз погоды в Лос Анджелесе,weather/find,weather/find,True,0.9719,False,False,False,{'location': 'Лос Анджелесе'},{'location': 'Лос Анджелесе'}
test_234,отмени все будильники,alarm/cancel_alarm,alarm/cancel_alarm,True,0.927,False,False,False,{'reference': 'все'},{'datetime': 'null'}
test_84,Сколько у меня напоминаний на сегодня?,reminder/show_reminders,reminder/show_reminders,True,0.9786,False,False,False,{'datetime': 'сегодня'},{'datetime': 'today'}
test_85,Напомни мне купить бумажные полотенца в магазине завтра,reminder/set_reminder,BookRestaurant,False,0.9539,False,False,False,"{'reminder/todo': 'купить бумажные полотенца в магазине', 'datetime': 'завтра'}","{'restaurant_name': None, 'location': None, 'cuisine': None, 'datetime': 'завтра', 'facility': 'магазин', 'party_size_description': None, 'party_size_number': None, 'restaurant_type': None, 'served_dish': None, 'sort': None}"
test_225,Покажи мне все текущие напоминания,reminder/show_reminders,reminder/show_reminders,True,0.9317,False,False,False,{'reference': 'все текущие'},"{'datetime': 'null', 'reference': 'null'}"
test_87,поставь будильник на 6 утра,alarm/set_alarm,alarm/set_alarm,True,0.9658,False,False,False,{'datetime': '6 утра'},{'datetime': '6:00'}
test_88,завтра будет снег,weather/find,weather/find,True,0.9806,False,False,False,"{'datetime': 'завтра', 'weather/attribute': 'снег'}",{'condition_description': 'снег'}
test_89,удали текущий будильник на завтрашнее утро,alarm/cancel_alarm,alarm/cancel_alarm,True,0.9734,False,False,False,"{'reference': 'текущий', 'datetime': 'завтрашнее утро'}",{'datetime': 'завтрашнее утро'}
test_90,Установи будильник на полдень только по пондельникам.,alarm/set_alarm,alarm/set_alarm,True,0.9245,False,False,False,{'recurring_datetime': 'полдень только по понедельникам'},"{'datetime': '12:00', 'reference': 'пондельники'}"
test_232,Насколько жарко будет сегодня?,weather/find,weather/find,True,0.9529,False,False,False,"{'weather/attribute': 'жарко', 'datetime': 'сегодня'}","{'condition_description': 'жаркая', 'condition_temperature': None, 'datetime': None, 'location': None, 'weather/attribute': None}"
test_92,напомни мне установить будильники на утром,reminder/set_reminder,alarm/set_alarm,False,0.9796,False,False,False,"{'reminder/todo': 'установить будильники', 'datetime': 'утро'}",{'datetime': 'утро'}
test_118,удали все будильники,alarm/cancel_alarm,alarm/cancel_alarm,True,0.9365,False,False,False,{'reference': 'все'},{'datetime': 'null'}
test_245,покажи все будильники,alarm/show_alarms,alarm/show_alarms,True,0.9288,False,False,False,{'reference': 'все'},{'datetime': 'null'}
test_97,отключи будильник,alarm/cancel_alarm,alarm/cancel_alarm,True,0.9465,False,False,False,{},{'datetime': 'null'}
test_96,Какая температура сегодня?,weather/find,weather/find,True,0.9661,False,False,False,"{'weather/attribute': 'температура', 'datetime': 'сегодня'}",{'condition_temperature': 'temperature'}
test_245,покажи все будильники,alarm/show_alarms,alarm/show_alarms,True,0.9288,False,False,False,{'reference': 'все'},{'datetime': 'null'}
test_99,установи будильник на каждые 30 минут,alarm/set_alarm,alarm/set_alarm,True,0.9493,False,False,False,{'recurring_datetime': 'каждые 30 минут'},{'datetime': '30'}
test_164,Какая температура будет сегодня?,weather/find,weather/find,True,0.9653,False,False,False,"{'weather/attribute': 'температура', 'datetime': 'сегодня'}",{'condition_temperature': 'temperature'}
test_101,будет ли жарко сегодня?,weather/find,weather/find,True,0.9731,False,False,False,"{'weather/attribute': 'жарко', 'datetime': 'сегодня'}","{'condition_description': 'жарко', 'condition_temperature': None, 'datetime': None, 'location': None, 'weather/attribute': None}"
test_214,завтра пойдет дождь?,weather/find,weather/find,True,0.9865,False,False,False,"{'datetime': 'завтра', 'weather/attribute': 'дождь'}",{'condition_description': 'дождь'}
