id,text,true_intent,pred_intent,intent_correct,confidence,weak_by_conf,weak_intent_real,weak_slot_real,true_slots,pred_slots
test_1,барлык хәтерләтүләрне күрсәт,reminder/show_reminders,SearchCreativeWork,False,0.9267,False,False,False,{'reference': 'барлык'},"{'object_name': 'барлык хәтерләтүләр', 'object_type': 'әсәр'}"
test_2,Миңа свитер кирәкме?,weather/find,SearchCreativeWork,False,0.9432,False,False,False,{'weather/attribute': 'свитер'},{'object_name': 'свитер'}
test_3,Бүген сәгать ун алтыга хәтерләтүне өстә,reminder/set_reminder,SearchScreeningEvent,False,0.8905,False,False,False,{'datetime': 'Бүген сәгать ун алтыга'},"{'datetime': '2023-10-27', 'location': 'Кинотеатр', 'movie_name': 'The Batman', 'movie_type': 'Фильм', 'object_location_type': 'Кинотеатр', 'object_type': 'Фильм'}"
test_4,Минем хәтерләтүне бетер,reminder/cancel_reminder,reminder/cancel_reminder,True,0.9403,False,False,False,{'reference': 'Минем'},{'reference': 'конкрет искәртүгә күрсәтү'}
test_5,Миңа бензин салырга искә төшер.,reminder/set_reminder,none,False,0.9068,True,False,False,{'reminder/todo': 'бензин салырга'},{}
test_6,Чәршәмбе көнне миңа кул чатыры кирәкме?,weather/find,weather/find,True,0.8534,False,False,False,"{'datetime': 'Чәршәмбе', 'weather/attribute': 'кул чатыры'}","{'condition_description': 'чәршәмбе көнне', 'condition_temperature': 'жара', 'datetime': 'Чәршәмбе көнне', 'location': 'урын', 'weather/attribute': 'жара'}"
test_7,биш минуттан соң минем будильникны кабатла,alarm/snooze_alarm,alarm/set_alarm,False,0.9429,False,True,False,"{'datetime': 'биш минуттан', 'reference': 'минем'}","{'datetime': 'биш минуттан соң', 'recurring_datetime': None, 'reference': None, 'reminder/todo': None}"
test_8,максның туган көне турында искә төшеруне куй,reminder/set_reminder,SearchCreativeWork,False,0.9025,False,False,False,{'reminder/todo': 'максның туган көне турында искә төшеруне'},"{'object_name': 'максның туган көне', 'object_type': 'фильм'}"
test_9,Миңа барлык хәтерләтүләрне күрсәт,reminder/show_reminders,SearchCreativeWork,False,0.914,False,False,False,{'reference': 'барлык'},"{'object_name': 'миңа барлык хәтерләтүләр', 'object_type': 'әсәр'}"
test_10,Барлык будильникларны күрсәт.,alarm/show_alarms,alarm/show_alarms,True,0.9182,False,False,False,{'reference': 'Барлык'},{'datetime': 'null'}
test_11,Бүген яңгыр явар микән?,weather/find,weather,False,0.9225,False,False,False,"{'datetime': 'Бүген', 'weather/attribute': 'яңгыр'}","{'condition_description': 'яңгыр', 'datetime': 'Бүген'}"
test_12,Будильникны иртәнге 8 куй,alarm/set_alarm,alarm/set_alarm,True,0.9442,False,False,False,{'datetime': 'иртәнге 8'},"{'datetime': '8', 'recurring_datetime': None, 'reference': None, 'reminder/todo': None}"
test_13,Бүген температура нинди?,weather/find,weather,False,0.8329,False,False,False,"{'datetime': 'Бүген', 'weather/attribute': 'температура'}","{'condition_description': 'ниндә температура', 'datetime': 'ниндә температура', 'location': 'ниндә температура'}"
test_14,Минем хәтерләтүне күрсәт,reminder/show_reminders,SearchScreeningEvent,False,0.9104,False,False,False,{'reference': 'Минем'},"{'movie_name': 'Минем хәтерләтүне күрсәт', 'movie_type': 'фильм', 'object_location_type': 'күрсәтү урыны төре', 'object_type': 'фильм'}"
test_15,Барлык будильникларны күрсәт,alarm/show_alarms,alarm/show_alarms,True,0.8942,False,False,False,{'reference': 'Барлык'},"{'datetime': '2023-10-27 10:00:00', 'reference': 'будильникка күрсәтү'}"
test_16,Миңа Бен белән Джорджия турында сөйләшергә искә төшер,reminder/set_reminder,SearchCreativeWork,False,0.9337,False,False,False,{'reminder/todo': 'Бен белән Джорджия турында сөйләшергә'},"{'object_name': 'Миңа Бен', 'object_type': 'фильм'}"
test_17,Будильникны иртәнге 5 куй,alarm/set_alarm,alarm/set_alarm,True,0.918,False,False,False,{'datetime': 'иртәнге 5'},"{'datetime': '2023-10-27 10:00', 'recurring_datetime': None, 'reference': None, 'reminder/todo': None}"
test_18,бүген болытлымы,weather/find,SearchCreativeWork,False,0.9376,False,False,False,"{'datetime': 'бүген', 'weather/attribute': 'болытлымы'}",{'object_name': 'бүген болытлымы'}
test_19,Бүген бездә ничә дюйм яңгыры явар?,weather/find,weather/find,True,0.9052,False,False,False,"{'datetime': 'Бүген', 'weather/attribute': 'дюйм яңгыры'}","{'condition_description': 'яңгыр', 'condition_temperature': 'салкын', 'datetime': 'Бүген', 'location': 'урын'}"
test_20,Иртәгә минем апама шалтыратырга искә төшер,reminder/set_reminder,alarm/set_alarm,False,0.87,False,False,False,"{'datetime': 'Иртәгә', 'reminder/todo': 'минем апама шалтыратырга'}","{'datetime': '2023-10-27 10:00:00', 'recurring_datetime': None, 'reference': 'будильникка күрсәтү', 'reminder/todo': 'яңа вакыт/дата'}"
test_21,будильникны туктат,alarm/cancel_alarm,alarm/cancel_alarm,True,0.9286,False,False,False,{},{'reference': 'будильникка күрсәтү'}
test_22,Бу атнада кызу булырмы?,weather/find,SearchCreativeWork,False,0.9286,False,False,False,"{'datetime': 'Бу атнада', 'weather/attribute': 'кызу'}",{'object_name': 'кызу'}
test_23,Будильникны көндезге 3 куй.,alarm/set_alarm,set_alarm,False,0.8757,False,False,False,{'datetime': 'көндезге 3'},"{'datetime': '3', 'reference': 'будильник'}"
test_24,бүген кар явармы,weather/find,weather/find,True,0.9077,False,False,False,"{'datetime': 'бүген', 'weather/attribute': 'кар'}","{'condition_description': 'кар', 'condition_temperature': 'салкын', 'datetime': 'бүген', 'location': 'урын'}"
test_25,бөтен будильникларны бетер,alarm/cancel_alarm,alarm/cancel_alarm,True,0.9424,False,False,False,{'reference': 'бөтен'},{'reference': 'будильникка күрсәтү'}
test_26,Минем хәтерләтүләрне күрсәт,reminder/show_reminders,SearchScreeningEvent,False,0.9003,False,False,False,{'reference': 'Минем'},"{'movie_name': 'Минем хәтерләтүләрне күрсәт', 'movie_type': 'сеанс расписаниесе', 'object_location_type': 'күрсәтү урыны төре', 'object_type': 'объект төре'}"
test_27,Будильникка кадәр күпме вакыт калды,alarm/time_left_on_alarm,alarm/set_alarm,False,0.9207,False,True,False,{},"{'datetime': 'кадәр', 'recurring_datetime': None, 'reference': None, 'reminder/todo': None}"
test_28,Минем нинди искә төшерүләрем бар?,reminder/show_reminders,reminder_set,False,0.8594,False,False,False,{'reference': 'Минем'},"{'datetime': '2023-10-27', 'recurring_datetime': None, 'reminder/todo': 'искәртү кую', 'reference': None}"
test_29,Будильникны көн саен иртәнге 8 куй,alarm/set_alarm,alarm/set_alarm,True,0.9316,False,False,False,{'recurring_datetime': 'иртәнге 8'},"{'datetime': '2023-10-27 08:00', 'recurring_datetime': None, 'reference': None, 'reminder/todo': None}"
test_30,син миңа будильникларны күрсәтә аласыңмы?,alarm/show_alarms,alarm/show_alarms,True,0.9053,False,False,False,{},{'datetime': 'дата/вакыт'}
test_31,Бүген Диснейуорлдта буран булырмы?,weather/find,weather,False,0.926,False,False,False,"{'datetime': 'Бүген', 'location': 'Диснейуорлдта', 'weather/attribute': 'буран'}","{'condition_description': 'буран', 'datetime': 'Диснейуорлдта буран булырмы', 'location': 'Диснейуорлд'}"
test_32,бүген кар явырмы,weather/find,weather/find,True,0.9167,False,False,False,"{'datetime': 'бүген', 'weather/attribute': 'кар'}","{'condition_description': 'кар явырмы', 'condition_temperature': 'салкын', 'datetime': 'бүген', 'location': 'урын'}"
test_33,бөтен будильникларны күрсәт,alarm/show_alarms,alarm/show_alarms,True,0.8874,False,False,False,{'reference': 'бөтен'},{'datetime': '2023-10-27 10:00:00'}
test_34,Бүген салкынмы?,weather/find,weather,False,0.9222,False,False,False,"{'datetime': 'Бүген', 'weather/attribute': 'салкынмы'}","{'condition_description': 'салкын', 'datetime': 'Бүген', 'location': 'урын'}"
test_35,"Зинһар, пәнҗешәмбе иртәсеннән будильникны бетер.",alarm/cancel_alarm,alarm/cancel_alarm,True,0.9283,False,False,False,{'datetime': 'пәнҗешәмбе иртәсеннән'},{'reference': 'будильникны бетер'}
test_36,Бүген яңгыр явырмы?,weather/find,weather,False,0.9237,False,False,False,"{'datetime': 'Бүген', 'weather/attribute': 'яңгыр'}","{'condition_description': 'яңгыр', 'datetime': 'Бүген'}"
test_37,канадада кар явамы,weather/find,SearchCreativeWork,False,0.9405,False,False,False,"{'location': 'канадада', 'weather/attribute': 'кар явамы'}",{'object_name': 'канадада кар явамы'}
test_38,Бүген нинди югары температура булачак?,weather/find,weather,False,0.8363,False,False,False,"{'datetime': 'Бүген', 'weather/attribute': 'югары температура'}","{'condition_description': 'ниндә югары температура булачак?', 'location': 'урын'}"
test_39,"Төнлә шулкадәр кар яуса, сәяхәт куркыныч булырмы?",weather/find,weather/find,True,0.9102,False,False,False,"{'datetime': 'Төнлә', 'weather/attribute': 'кар яуса'}","{'condition_description': 'яңгыр', 'location': 'урын', 'datetime': 'дата/вакыт'}"
test_40,бөтен хәтерләтүләрне күрсәт,reminder/show_reminders,weather/find,False,0.8591,False,False,False,{'reference': 'бөтен'},"{'condition_description': 'хәтер', 'condition_temperature': 'салкын', 'datetime': 'сегодня', 'location': 'урын'}"
test_41,барлык хәтерләтүләрне бетер,reminder/cancel_reminder,reminder/set_reminder,False,0.9052,False,False,False,{'reference': 'барлык'},"{'datetime': '2023-10-27 10:00:00', 'recurring_datetime': None, 'reminder/todo': 'барлык хәтерләтүләрне бетер'}"
test_42,миңа иртәгә куртка кирәкме?,weather/find,SearchCreativeWork,False,0.9416,False,False,False,"{'datetime': 'иртәгә', 'weather/attribute': 'куртка'}",{'object_name': 'куртка'}
test_43,Будильникка кадәр күпме вакыт калды,alarm/time_left_on_alarm,alarm/set_alarm,False,0.9207,False,True,False,{},"{'datetime': 'кадәр', 'recurring_datetime': None, 'reference': None, 'reminder/todo': None}"
test_44,Будильникны туктат,alarm/snooze_alarm,alarm/cancel_alarm,False,0.9356,False,True,False,{},{'reference': 'будильникка күрсәтү'}
test_45,Миңа барлык будильникларны күрсәт,alarm/show_alarms,alarm/show_alarms,True,0.8961,False,False,False,{'reference': 'барлык'},"{'datetime': '2023-10-27 10:00:00', 'reference': 'будильникка күрсәтү'}"
test_46,Йеллоустонда һава торышы нинди?,weather/find,weather,False,0.9224,False,False,False,{'location': 'Йеллоустонда'},"{'condition_description': 'яңгыр', 'condition_temperature': 'салкын', 'datetime': 'дата/вакыт', 'location': 'урын'}"
test_47,Бүген һава торышы нинди?,weather/find,weather,False,0.9222,False,False,False,{'datetime': 'Бүген'},"{'condition_description': 'һава торышы тасвирламасы: яңгыр', 'datetime': 'Бүген'}"
test_48,Иртәгә Патрикны мәктәптән алырга минем искә төшерүдән алып бетер.,reminder/cancel_reminder,SearchCreativeWork,False,0.8998,False,False,False,"{'datetime': 'Иртәгә', 'reminder/todo': 'Патрикны мәктәптән алырга', 'reference': 'минем'}","{'object_name': 'Патрик', 'object_type': 'искусство'}"
test_49,Миңа иртәгә шул ук вакытта табибка язылырга искә төшер,reminder/set_reminder,SearchCreativeWork,False,0.8588,False,False,False,"{'datetime': 'иртәгә шул ук вакытта', 'reminder/todo': 'табибка язылырга'}",{'object_name': 'табибка язылырга'}
test_50,Миңа аренданы түләргә искә төшер,reminder/set_reminder,BookRestaurant,False,0.8978,False,False,False,{'reminder/todo': 'аренданы түләргә'},"{'cuisine': 'Italian', 'datetime': '2023-10-27', 'facility': 'outdoor seating', 'location': 'Central Park', 'party_size_description': 'large', 'party_size_number': 10, 'restaurant_name': 'La Piazza', 'restaurant_type': 'Italian', 'served_dish': 'pasta', 'sort': 'outdoor seating'}"
test_51,яңгыр кайчан бетәчәк?,weather/find,weather/find,True,0.9327,False,False,False,{'weather/attribute': 'яңгыр'},"{'condition_description': 'яңгыр', 'location': 'урын', 'datetime': 'дата/вакыт'}"
test_52,будильникларны бетер,alarm/cancel_alarm,cancel_alarm,False,0.9464,False,False,False,{},{'reference': 'будильникка күрсәтү'}
test_53,Сишәмбе көнне миңа Стефанига шалтыратырга искә төшер,reminder/set_reminder,SearchCreativeWork,False,0.8943,False,False,False,"{'datetime': 'Сишәмбе көнне', 'reminder/todo': 'Стефанига шалтыратырга'}","{'object_name': 'Стефани', 'object_type': 'фильм'}"
test_54,барлык минем уяткыч сәгатьләрне күрсәт,alarm/show_alarms,SearchCreativeWork,False,0.9249,False,False,False,{'reference': 'барлык минем'},"{'object_name': 'минем уяткыч сәгатьләр', 'object_type': 'әсәр'}"
test_55,Бүген никадәр эссе булачак?,weather/find,weather/find,True,0.8523,False,False,False,"{'datetime': 'Бүген', 'weather/attribute': 'эссе'}","{'condition_description': 'сегодня', 'condition_temperature': 'жара', 'datetime': 'сегодня', 'location': 'урын', 'weather/attribute': 'дымлылык'}"
test_56,будильникны бүген кичке 5 куй,alarm/set_alarm,alarm/set_alarm,True,0.8867,False,False,False,{'datetime': 'бүген кичке 5'},"{'datetime': 'буген', 'reference': '5'}"
test_57,21-енче августта көндез 3-тә табибка барырга искә төшер,reminder/set_reminder,SearchScreeningEvent,False,0.924,False,False,False,"{'datetime': '21-енче августта көндез 3-тә', 'reminder/todo': 'табибка барырга'}","{'datetime': '21-е август', 'location': '3-тә табибка барырга', 'movie_name': None, 'movie_type': None, 'object_location_type': None, 'object_type': None}"
test_58,көн саен иртәнге сәгать 7-дә дарулар эчәргә турында минем искә төшерүне бетер,reminder/cancel_reminder,SearchCreativeWork,False,0.9153,False,False,False,"{'recurring_datetime': 'көн саен иртәнге сәгать 7-дә', 'reminder/todo': 'дарулар эчәргә'}","{'object_name': 'минем искә төшерүне', 'object_type': 'әсәр'}"
test_59,киләсе фараз яңгырны кайчан күрсәтә,weather/find,weather/find,True,0.9371,False,False,False,{'weather/attribute': 'яңгырны'},"{'condition_description': 'яңгыр', 'location': 'урын', 'datetime': 'дата/вакыт'}"
test_60,Иртәгә иртә белән минем будильнигым нинди вакытка куелган?,alarm/show_alarms,alarm/show_alarms,True,0.9119,False,False,False,"{'datetime': 'Иртәгә иртә', 'reference': 'минем'}",{'datetime': '2023-10-27'}
test_61,бүген кар явармы,weather/find,weather/find,True,0.9077,False,False,False,"{'datetime': 'бүген', 'weather/attribute': 'кар'}","{'condition_description': 'кар', 'condition_temperature': 'салкын', 'datetime': 'бүген', 'location': 'урын'}"
test_62,Минем будильнигымны сүндер.,alarm/cancel_alarm,alarm/cancel_alarm,True,0.9594,False,False,False,{'reference': 'Минем'},{'reference': 'будильникка күрсәтү'}
test_63,Барлык будильникларны бетер,alarm/cancel_alarm,alarm/cancel_alarm,True,0.9443,False,False,False,{'reference': 'Барлык'},{'reference': 'будильникка күрсәтү'}
test_64,миңа продуктларны сатып алырга искә төшер,reminder/set_reminder,BookRestaurant,False,0.9063,False,False,False,{'reminder/todo': 'продуктларны сатып алырга'},"{'cuisine': 'Italian', 'datetime': '2023-10-27', 'facility': 'outdoor seating', 'location': 'Central Park', 'party_size_description': '4 people', 'party_size_number': 4, 'restaurant_name': 'La Piazza', 'restaurant_type': 'Italian', 'served_dish': 'pasta', 'sort': 'outdoor seating'}"
test_65,Миңа иртәнге сәгать 9-да иртәнге аш өчен будильник кирәк,alarm/set_alarm,alarm/set_alarm,True,0.944,False,False,False,{'datetime': 'иртәнге сәгать 9-да'},"{'datetime': '9-да', 'recurring_datetime': None, 'reference': None, 'reminder/todo': None}"
test_66,уен башланганчы бер сәгать алдан Кольтларны карау турында искә төшерүне куй,reminder/set_reminder,SearchCreativeWork,False,0.9208,False,False,False,"{'datetime': 'уен башланганчы бер сәгать алдан', 'reminder/todo': 'Кольтларны карау'}","{'object_name': 'уен', 'object_type': 'иҗади әсәр'}"
test_67,барлык будильникларны бетер,alarm/cancel_alarm,alarm/cancel_alarm,True,0.9364,False,False,False,{'reference': 'барлык'},{'reference': 'будильникка күрсәтү'}
test_68,Бу исемлектән минем өченче искә төшерүне бетер.,reminder/cancel_reminder,reminder/set_reminder,False,0.8853,False,False,False,{'reference': 'минем өченче'},"{'datetime': '2023-10-27 10:00:00', 'recurring_datetime': None, 'reminder/todo': 'set_reminder'}"
test_69,Будильникны иртәнге 6 куй,alarm/set_alarm,alarm/set_alarm,True,0.9196,False,False,False,{'datetime': 'иртәнге 6'},"{'datetime': '2023-10-27 10:00', 'recurring_datetime': None, 'reference': None, 'reminder/todo': None}"
test_70,Бу будильникны хәзердән көндезге 2-гә куй,alarm/cancel_alarm,set_alarm,False,0.9223,False,False,False,"{'reference': 'Бу', 'datetime': 'хәзердән | көндезге 2-гә'}","{'datetime': '2023-10-27', 'recurring_datetime': None, 'reference': None, 'reminder/todo': None}"
test_71,Кар булырмы?,weather/find,weather/find,True,0.8854,False,False,False,{'weather/attribute': 'Кар'},"{'condition_description': 'Кар булырмы?', 'location': 'урын'}"
test_72,Миңа аренданы түләргә искә төшер.,reminder/set_reminder,BookRestaurant,False,0.8988,False,False,False,{'reminder/todo': 'аренданы түләргә'},"{'cuisine': 'Italian', 'datetime': '2023-10-27', 'facility': 'outdoor seating', 'location': 'Central Park', 'party_size_description': 'large', 'party_size_number': 10, 'restaurant_name': 'La Piazza', 'restaurant_type': 'Italian', 'served_dish': 'pasta', 'sort': 'outdoor seating'}"
test_73,иртәгә нинди иң түбән температура,weather/find,weather/find,True,0.8792,False,False,False,"{'datetime': 'иртәгә', 'weather/attribute': 'иң түбән'}","{'condition_description': 'ниндә иң түбән температура', 'location': 'урын', 'datetime': 'дата/вакыт'}"
test_74,Бүген кояшлы булырмы?,weather/find,weather,False,0.7945,False,False,False,"{'datetime': 'Бүген', 'weather/attribute': 'кояшлы'}","{'condition_description': 'буйрә', 'datetime': 'бүген', 'location': 'урын'}"
test_75,Бүген минем ничә искә төшерүләрем бар?,reminder/show_reminders,weather/find,False,0.8919,False,False,False,{'datetime': 'Бүген'},"{'condition_description': 'минем ничә искә төшерүләрем бар', 'datetime': 'Бүген'}"
test_76,Минем иртәгә нинди искә төшерүләрем бар?,reminder/show_reminders,reminder/set_reminder,False,0.8924,False,False,False,"{'reference': 'Минем', 'datetime': 'иртәгә'}","{'datetime': '2023-10-27', 'recurring_datetime': None, 'reminder/todo': 'искәртү эчтәлеге'}"
test_77,Минем барлык искә төшерүләремне бетер.,reminder/cancel_reminder,reminder/set_reminder,False,0.9045,False,False,False,{'reference': 'Минем барлык'},"{'datetime': '2023-10-27 10:00:00', 'recurring_datetime': None, 'reminder/todo': 'искәртү эчтәлеге'}"
test_78,будильникны иртәнге 6-га куй,alarm/set_alarm,set_alarm,False,0.8845,False,False,False,{'datetime': 'иртәнге 6-га'},"{'datetime': '2023-10-27 06:00', 'reference': 'будильник'}"
test_79,Будильникны 30 минутка куй,alarm/set_alarm,set_alarm,False,0.8908,False,False,False,{'datetime': '30 минутка'},"{'datetime': '30 минутка', 'reference': 'будильник'}"
test_80,Будильникны бер сәгать алга куй.,alarm/set_alarm,set_alarm,False,0.9313,False,False,False,{'datetime': 'бер сәгать алга'},"{'datetime': 'дата/вакыт', 'recurring_datetime': None, 'reference': None, 'reminder/todo': None}"
test_81,барлык будильникларны бетер,alarm/cancel_alarm,alarm/cancel_alarm,True,0.9364,False,False,False,{'reference': 'барлык'},{'reference': 'будильникка күрсәтү'}
test_82,Лос-Анджелеста һава торышы,weather/find,weather,False,0.8802,False,False,False,{'location': 'Лос - Анджелеста'},"{'condition_description': 'хәзерге һава торышы', 'location': 'Лос-Анджелеста'}"
test_83,бөтен будильникларны бетер,alarm/cancel_alarm,alarm/cancel_alarm,True,0.9424,False,False,False,{'reference': 'бөтен'},{'reference': 'будильникка күрсәтү'}
test_84,Бүген минем ничә искә төшерүләрем бар?,reminder/show_reminders,weather/find,False,0.8919,False,False,False,{'datetime': 'Бүген'},"{'condition_description': 'минем ничә искә төшерүләрем бар', 'datetime': 'Бүген'}"
test_85,Миңа иртәгә кибеттә кәгазь сөлгеләр сатып алырга искә төшер,reminder/set_reminder,BookRestaurant,False,0.9061,False,False,False,"{'datetime': 'иртәгә', 'reminder/todo': 'кибеттә кәгазь сөлгеләр сатып алырга'}","{'cuisine': 'Italian', 'datetime': '2023-10-27', 'facility': 'outdoor seating', 'location': 'Central Park', 'party_size_description': '4 people', 'party_size_number': 4, 'restaurant_name': 'La Piazza', 'restaurant_type': 'Italian', 'served_dish': 'pasta', 'sort': 'outdoor seating'}"
test_86,Миңа минем барлык искә төшерүләремне күрсәт,reminder/show_reminders,SearchCreativeWork,False,0.9091,False,False,False,{'reference': 'минем барлык'},"{'object_name': 'искә төшерүләре', 'object_type': 'әсәр'}"
test_87,Будильникны иртәнге 6 куй,alarm/set_alarm,alarm/set_alarm,True,0.9196,False,False,False,{'datetime': 'иртәнге 6'},"{'datetime': '2023-10-27 10:00', 'recurring_datetime': None, 'reference': None, 'reminder/todo': None}"
test_88,иртәгә кар булырмы,weather/find,weather/find,True,0.8764,False,False,False,"{'datetime': 'иртәгә', 'weather/attribute': 'кар'}","{'condition_description': 'кар', 'condition_temperature': 'салкын', 'datetime': 'сегодня', 'location': 'урын'}"
test_89,иртәгә минем иртәнге будильникны бетер,alarm/cancel_alarm,alarm/cancel_alarm,True,0.9441,False,False,False,"{'datetime': 'иртәгә | иртәнге', 'reference': 'минем'}",{'reference': 'будильникка күрсәтү'}
test_90,Дүшәмбе көнне төшке ашка будильникны куй.,alarm/set_alarm,set_alarm,False,0.8954,False,False,False,{'recurring_datetime': 'Дүшәмбе көнне төшке ашка'},"{'datetime': '2023-10-27 08:00', 'reference': 'будильник'}"
test_91,Бүген никадәр эссе булачак?,weather/find,weather/find,True,0.8523,False,False,False,"{'datetime': 'Бүген', 'weather/attribute': 'эссе'}","{'condition_description': 'сегодня', 'condition_temperature': 'жара', 'datetime': 'сегодня', 'location': 'урын', 'weather/attribute': 'дымлылык'}"
test_92,иртәнге будильникларны куерга миңа искә төшер,reminder/set_reminder,alarm/set_alarm,False,0.9071,False,False,False,"{'datetime': 'иртәнге', 'reminder/todo': 'будильникларны куерга'}","{'datetime': '2023-10-27 08:00', 'recurring_datetime': None, 'reference': None, 'reminder/todo': None}"
test_93,бөтен будильникларны бетер,alarm/cancel_alarm,alarm/cancel_alarm,True,0.9424,False,False,False,{'reference': 'бөтен'},{'reference': 'будильникка күрсәтү'}
test_94,Минем будильникларымны күрсәт,alarm/show_alarms,alarm/set_alarm,False,0.914,False,False,False,{'reference': 'Минем'},"{'datetime': '2023-10-27 10:00', 'recurring_datetime': None, 'reference': None, 'reminder/todo': None}"
test_95,будильникны сүндер,alarm/cancel_alarm,alarm/cancel_alarm,True,0.947,False,False,False,{},{'reference': 'будильникка күрсәтү'}
test_96,Бүген температура нинди?,weather/find,weather,False,0.8329,False,False,False,"{'datetime': 'Бүген', 'weather/attribute': 'температура'}","{'condition_description': 'ниндә температура', 'datetime': 'ниндә температура', 'location': 'ниндә температура'}"
test_97,будильникны сүндер,alarm/cancel_alarm,alarm/cancel_alarm,True,0.947,False,False,False,{},{'reference': 'будильникка күрсәтү'}
test_98,Барлык будильникларны күрсәт,alarm/show_alarms,alarm/show_alarms,True,0.8942,False,False,False,{'reference': 'Барлык'},"{'datetime': '2023-10-27 10:00:00', 'reference': 'будильникка күрсәтү'}"
test_99,Будильникны 30 минут саен куй,alarm/set_alarm,set_alarm,False,0.9088,False,False,False,{'recurring_datetime': '30 минут саен'},{'datetime': '30 минут саен кую'}
test_100,Бүген нинди температура булачак?,weather/find,weather,False,0.8126,False,False,False,"{'datetime': 'Бүген', 'weather/attribute': 'температура'}","{'condition_description': 'был', 'condition_temperature': 'сея', 'datetime': 'ниге', 'location': 'урын'}"
test_101,Бүген кызу булырмы?,weather/find,weather,False,0.8806,False,False,False,"{'datetime': 'Бүген', 'weather/attribute': 'кызу'}","{'condition_description': 'кызу', 'datetime': 'бүген', 'location': 'урын'}"
test_102,Иртәгә яңгыр булырмы?,weather/find,weather/find,True,0.9383,False,False,False,"{'datetime': 'Иртәгә', 'weather/attribute': 'яңгыр'}","{'condition_description': 'яңгыр', 'datetime': 'дата/вакыт', 'location': 'урын'}"
test_103,Киләсе будильникны бетер,alarm/cancel_alarm,alarm/cancel_alarm,True,0.9608,False,False,False,{'reference': 'Киләсе'},{'reference': 'будильникка күрсәтү'}
test_104,Бүген кибеткә барырга искә төшер,reminder/set_reminder,SearchCreativeWork,False,0.8257,False,False,False,"{'datetime': 'Бүген', 'reminder/todo': 'кибеткә барырга'}",{'object_name': 'кызыл кибеткә барырга искә төшер'}
test_105,киләсе атнада минем искә төшерүләрне бетер,reminder/cancel_reminder,reminder/set_reminder,False,0.9106,False,False,False,"{'datetime': 'киләсе атнада', 'reference': 'минем'}","{'datetime': '2023-10-27 10:00:00', 'recurring_datetime': None, 'reminder/todo': 'минем искә төшерүләрне бетер'}"
test_106,миңа сишәмбе көнне көндезге сәгать 3-тә этне грумерга алып барырга исемә төшер,reminder/set_reminder,weather/find,False,0.9074,False,False,False,"{'datetime': 'сишәмбе көнне көндезге сәгать 3-тә', 'reminder/todo': 'этне грумерга алып барырга'}","{'condition_description': 'миңа сишәмбе көнне көндезге сәгать 3-тә этне грумерга алып барырга исемә төшер', 'location': 'неизвестно'}"
test_107,28-енче көнне Дженга годовщинага чәчәкләр сатып алырга исемә төшер.,reminder/set_reminder,SearchCreativeWork,False,0.9314,False,False,False,"{'datetime': '28-енче көнне', 'reminder/todo': 'Дженга годовщинага чәчәкләр сатып алырга'}","{'object_name': 'Дженга годовщина', 'object_type': 'фильм'}"
test_108,Бүген һава торышы нинди?,weather/find,weather,False,0.9222,False,False,False,{'datetime': 'Бүген'},"{'condition_description': 'һава торышы тасвирламасы: яңгыр', 'datetime': 'Бүген'}"
test_109,Иртәгә табибка язылырга миңа искә төшер.,reminder/set_reminder,BookRestaurant,False,0.8912,False,False,False,"{'datetime': 'Иртәгә', 'reminder/todo': 'табибка язылырга'}","{'cuisine': 'Italian', 'datetime': '2023-10-27', 'facility': 'outdoor seating', 'location': 'Central Park', 'party_size_description': 'large', 'party_size_number': 10, 'restaurant_name': 'La Piazza', 'restaurant_type': 'Italian', 'served_dish': 'pasta', 'sort': 'best service'}"
test_110,бөтен будильникларны сүндер,alarm/cancel_alarm,alarm/cancel_alarm,True,0.9236,False,False,False,{'reference': 'бөтен'},{'reference': 'будильниклар'}
test_111,Мин үзем белән дождевикны алыйммы?,weather/find,weather/find,True,0.8517,False,False,False,{'weather/attribute': 'дождевикны'},"{'condition_description': 'дождевик', 'datetime': 'ниә', 'location': 'урын'}"
test_112,Начар һава торышы фаразы нинди?,weather/find,weather,False,0.8439,False,False,False,{'weather/attribute': 'Начар'},"{'condition_description': 'начар һава торышы', 'condition_temperature': 'фаразы', 'datetime': 'ниндә', 'location': 'ниндә', 'weather/attribute': 'ниндә'}"
test_113,киләсе атнада табибка язуым турында искә төшер,reminder/set_reminder,SearchCreativeWork,False,0.9178,False,False,False,"{'datetime': 'киләсе атнада', 'reminder/todo': 'табибка язуым турында'}","{'object_name': 'китапка', 'object_type': 'книга'}"
test_114,иртәнге 8 кибеткә бару турында искә төшер,reminder/set_reminder,SearchCreativeWork,False,0.9569,False,False,False,"{'datetime': 'иртәнге 8', 'reminder/todo': 'кибеткә бару'}",{'object_name': 'иртәнге 8 кибеткә бару турында искә төшер'}
test_115,Химчисткага барырга искә төшерү яса.,reminder/set_reminder,SearchCreativeWork,False,0.9538,False,False,False,{'reminder/todo': 'Химчисткага барырга'},{'object_name': 'Химчистка'}
test_116,кайчан салкынрак булачак,weather/find,weather/find,True,0.9357,False,False,False,{'weather/attribute': 'салкынрак'},"{'condition_description': 'салкын', 'datetime': 'дата/вакыт', 'location': 'урын'}"
test_117,бу атнада яңгыр булырмы,weather/find,weather/find,True,0.9317,False,False,False,"{'datetime': 'бу атнада', 'weather/attribute': 'яңгыр'}","{'condition_description': 'яңгыр', 'location': 'урын', 'datetime': 'дата/вакыт'}"
test_118,барлык будильникларны бетер,alarm/cancel_alarm,alarm/cancel_alarm,True,0.9364,False,False,False,{'reference': 'барлык'},{'reference': 'будильникка күрсәтү'}
test_119,будильникларны бетер,alarm/cancel_alarm,cancel_alarm,False,0.9464,False,False,False,{},{'reference': 'будильникка күрсәтү'}
test_120,минем будильникларымны күрсәт,alarm/show_alarms,alarm/set_alarm,False,0.9075,False,False,False,{'reference': 'минем'},"{'datetime': '2023-10-27 10:00', 'recurring_datetime': None, 'reference': None, 'reminder/todo': None}"
test_121,Минем будильнигым кайсы вакытка куйган?,alarm/show_alarms,alarm/show_alarms,True,0.9418,False,False,False,{},{'reference': 'будильникка күрсәтү'}
test_122,Шимбә көнне яңгыр булырмы?,weather/find,weather/find,True,0.9207,False,False,False,"{'datetime': 'Шимбә', 'weather/attribute': 'яңгыр'}","{'condition_description': 'яңгыр', 'datetime': 'Шимбә көнне', 'location': 'урын'}"
test_123,бүген никадәр эссе булачак,weather/find,SearchCreativeWork,False,0.9415,False,False,False,"{'datetime': 'бүген', 'weather/attribute': 'эссе'}",{'object_name': 'бүген никадәр эссе булачак'}
test_124,Барлык будильникларны бетер,alarm/cancel_alarm,alarm/cancel_alarm,True,0.9443,False,False,False,{'reference': 'Барлык'},{'reference': 'будильникка күрсәтү'}
test_125,Бу ял көннәрендә Тахода һава торышы?,weather/find,weather,False,0.8831,False,False,False,"{'datetime': 'Бу ял көннәрендә', 'location': 'Тахода'}","{'condition_description': 'яңгыр', 'condition_temperature': 'салкын', 'datetime': 'кыс', 'location': 'Тахода'}"
test_126,Миңа бүген пальто кирәкме?,weather/find,weather,False,0.8511,False,False,False,"{'datetime': 'бүген', 'weather/attribute': 'пальто'}","{'condition_description': 'жара', 'datetime': 'бүген', 'location': 'урын', 'weather/attribute': 'жара'}"
test_127,Яңгыр кайчан туктар?,weather/find,weather/find,True,0.9427,False,False,False,{'weather/attribute': 'Яңгыр'},"{'condition_description': 'яңгыр', 'condition_temperature': 'салкын', 'datetime': 'дата/вакыт', 'location': 'урын'}"
test_128,Дүшәмбе көнне 16:00 сәгатьтә минем мәктәпкә шалтыратырга хәтерләтү куй,reminder/set_reminder,SearchScreeningEvent,False,0.9539,False,False,False,"{'datetime': 'Дүшәмбе көнне 16:00 сәгатьтә', 'reminder/todo': 'минем мәктәпкә шалтыратырга'}","{'datetime': '16:00', 'location': 'минем мәктәпкә', 'movie_name': None, 'movie_type': None, 'object_location_type': None, 'object_type': None}"
test_129,Минем будильнигымны сүндер.,alarm/cancel_alarm,alarm/cancel_alarm,True,0.9594,False,False,False,{'reference': 'Минем'},{'reference': 'будильникка күрсәтү'}
test_130,Бүген кич никадәр салкын булыр?,weather/find,weather,False,0.9324,False,False,False,"{'datetime': 'Бүген кич', 'weather/attribute': 'салкын'}","{'condition_description': 'салкын', 'datetime': 'Бүген', 'location': 'урын'}"
test_131,Будильникны иртәнге җидегә куй.,alarm/set_alarm,set_alarm,False,0.934,False,False,False,{'datetime': 'иртәнге җидегә'},"{'datetime': 'яңа вакыт/дата', 'reference': 'будильникка күрсәтү'}"
test_132,Минем Робны алу турында хәтерләтүемне бетер,reminder/cancel_reminder,SearchCreativeWork,False,0.9304,False,False,False,"{'reference': 'Минем', 'reminder/todo': 'Робны алу'}",{'object_name': 'Минем Робны алу турында хәтерләтүемне бетер'}
test_133,Иртәгә сөт сатып алу турында хәтерләтү яса.,reminder/set_reminder,BookRestaurant,False,0.9113,False,False,False,"{'datetime': 'Иртәгә', 'reminder/todo': 'сөт сатып алу'}","{'cuisine': 'Italian', 'datetime': '2023-10-27', 'facility': 'outdoor seating', 'location': 'Central Park', 'party_size_description': '4 people', 'party_size_number': 4, 'restaurant_name': 'La Piazza', 'restaurant_type': 'Italian', 'served_dish': 'pasta', 'sort': 'outdoor seating'}"
test_134,Будильникны иртәнге 6 куй,alarm/set_alarm,alarm/set_alarm,True,0.9196,False,False,False,{'datetime': 'иртәнге 6'},"{'datetime': '2023-10-27 10:00', 'recurring_datetime': None, 'reference': None, 'reminder/todo': None}"
test_135,"көндәлек будильникны, аны бетергәнче, кичке җиде сәгать утыз минутка планлаштыр",alarm/set_alarm,alarm/set_alarm,True,0.8919,False,False,False,{'recurring_datetime': 'көндәлек | кичке җиде сәгать утыз минутка'},"{'datetime': '2023-10-27 10:00:00', 'recurring_datetime': None, 'reference': 'будильник', 'reminder/todo': None}"
test_136,миңа торыр өчен будильникны куерга исемә төшер,reminder/set_reminder,set_alarm,False,0.8792,False,False,False,{'reminder/todo': 'торыр өчен будильникны куерга'},"{'datetime': '2023-10-27 10:00:00', 'reference': 'будильникны куерга'}"
test_137,Минем хәтерләтүне бетер,reminder/cancel_reminder,reminder/cancel_reminder,True,0.9403,False,False,False,{'reference': 'Минем'},{'reference': 'конкрет искәртүгә күрсәтү'}
test_138,Бүген кар булырмы?,weather/find,weather,False,0.8703,False,False,False,"{'datetime': 'Бүген', 'weather/attribute': 'кар'}","{'condition_description': 'кар', 'datetime': 'Бүген', 'location': 'урын', 'weather/attribute': 'хава торышы'}"
test_139,Миңа бөтен будильникларны күрсәт,alarm/show_alarms,alarm/show_alarms,True,0.8938,False,False,False,{'reference': 'бөтен'},{'datetime': '2023-10-27 10:00:00'}
test_140,бөтен хәтерләтүләрне күрсәт,reminder/show_reminders,weather/find,False,0.8591,False,False,False,{'reference': 'бөтен'},"{'condition_description': 'хәтер', 'condition_temperature': 'салкын', 'datetime': 'сегодня', 'location': 'урын'}"
test_141,минем будильнигымда күпме вакыт калды,alarm/time_left_on_alarm,alarm/set_alarm,False,0.947,False,True,False,{'reference': 'минем'},{'datetime': 'минем будильнигымда күпме вакыт калды'}
test_142,будильникны 2 сәгатькә куй,alarm/set_alarm,set_alarm,False,0.9326,False,False,False,{'datetime': '2 сәгатькә'},"{'datetime': '2 сәгатькә', 'reference': 'будильник'}"
test_143,Эштән соң икмәк сатып алырга исемә төшер,reminder/set_reminder,BookRestaurant,False,0.9066,False,False,False,"{'datetime': 'Эштән соң', 'reminder/todo': 'икмәк сатып алырга'}","{'cuisine': 'Italian', 'datetime': '2023-10-27', 'facility': 'outdoor seating', 'location': 'Central Park', 'party_size_description': '4 people', 'party_size_number': 4, 'restaurant_name': 'La Piazza', 'restaurant_type': 'Italian', 'served_dish': 'pasta', 'sort': 'outdoor seating'}"
test_144,Бүген яңгыр булырмы?,weather/find,weather,False,0.9235,False,False,False,"{'datetime': 'Бүген', 'weather/attribute': 'яңгыр'}","{'condition_description': 'яңгыр', 'datetime': 'Бүген'}"
test_145,бүгенге һава торышы фаразын укы,weather/find,weather,False,0.8849,False,False,False,{'datetime': 'бүгенге'},"{'condition_description': 'фаразын укы', 'condition_temperature': 'фаразын укы', 'datetime': 'бүгенге', 'location': 'урын'}"
test_146,Минем будильнигым нинди вакытка куелган?,alarm/show_alarms,alarm/show_alarms,True,0.8774,False,False,False,{'reference': 'Минем'},{'datetime': 'нинд вакытка куелган'}
test_147,иртәгә 4 миңа сәүдә үзәгенә барырга исемә төшер,reminder/set_reminder,BookRestaurant,False,0.9001,False,False,False,"{'datetime': 'иртәгә 4', 'reminder/todo': 'сәүдә үзәгенә барырга'}","{'cuisine': 'Italian', 'datetime': '2023-10-27', 'facility': 'outdoor seating', 'location': 'Central Park', 'party_size_description': 'large', 'party_size_number': 4, 'restaurant_name': 'La Piazza', 'restaurant_type': 'Italian', 'served_dish': 'pasta', 'sort': 'outdoor seating'}"
test_148,бүген кул чатырны үзем белән алыйммы,weather/find,BookRestaurant,False,0.876,False,False,False,"{'datetime': 'бүген', 'weather/attribute': 'кул чатырны'}","{'cuisine': 'Italian', 'datetime': 'today', 'facility': 'outdoor seating', 'location': 'city center', 'party_size_description': 'large', 'party_size_number': '10', 'restaurant_name': 'La Bella Vista', 'restaurant_type': 'Italian', 'served_dish': 'pasta', 'sort': 'best rated'}"
test_149,Минем хәтерләтүне күрсәт,reminder/show_reminders,SearchScreeningEvent,False,0.9104,False,False,False,{'reference': 'Минем'},"{'movie_name': 'Минем хәтерләтүне күрсәт', 'movie_type': 'фильм', 'object_location_type': 'күрсәтү урыны төре', 'object_type': 'фильм'}"
test_150,Минем бөтен хәтерләтүләрне күрсәт,reminder/show_reminders,weather/find,False,0.8646,False,False,False,{'reference': 'Минем бөтен'},"{'condition_description': 'хәтер', 'condition_temperature': 'салкын', 'datetime': 'сегодня', 'location': 'урын'}"
test_151,Дүшәмбе көнне эт ризыгы турында хәтерләтү куй,reminder/set_reminder,SearchCreativeWork,False,0.91,False,False,False,"{'datetime': 'Дүшәмбе', 'reminder/todo': 'эт ризыгы'}","{'object_name': 'ризыгы', 'object_type': 'фильм'}"
test_152,"Иртәгегә ""Сишәмбе кичендә Балада Саб йога дәресенә язылырга "" хәтерләтүне куй",reminder/set_reminder,BookRestaurant,False,0.8616,False,False,False,"{'datetime': 'Иртәгегә', 'reminder/todo': 'Сишәмбе кичендә Балада Саб йога дәресенә язылырга'}","{'cuisine': 'бараба', 'datetime': '2023-10-27', 'facility': 'бараба', 'location': 'Балада', 'party_size_description': '2 кеше', 'party_size_number': 2, 'restaurant_name': 'Саб', 'restaurant_type': 'бараба', 'served_dish': 'бараба', 'sort': 'сайлау'}"
test_153,бүгенгегә бөтен искә төшерүләрне бетер,reminder/cancel_reminder,reminder/set_reminder,False,0.9214,False,False,False,"{'datetime': 'бүгенгегә', 'reference': 'бөтен'}","{'datetime': '2023-10-27', 'recurring_datetime': None, 'reminder/todo': 'бүгенгегә бөтен искә төшерүләрне бетер'}"
test_154,Бу атнада Нью-Йоркта нинди һава торышы булачак,weather/find,weather,False,0.8843,False,False,False,"{'datetime': 'Бу атнада', 'location': 'Нью - Йоркта'}","{'condition_description': 'хәзерге һава торышы', 'condition_temperature': 'салкын', 'datetime': '2023-10-27', 'location': 'Нью-Йорк'}"
test_155,пәнҗешәмбе көнне көндез 12-дә табибка баруымны исемә төшер,reminder/set_reminder,AddToPlaylist,False,0.8282,False,False,False,"{'datetime': 'пәнҗешәмбе көнне көндез 12-дә', 'reminder/todo': 'табибка баруымны'}","{'artist': 'Башкаручы', 'entity_name': 'Төрә', 'music_item': 'Төрә', 'playlist': 'Плейлист', 'reference': 'Төрә'}"
test_156,Будильникны кичке 6:50 куй,alarm/set_alarm,alarm/snooze_alarm,False,0.9716,False,False,False,{'datetime': 'кичке 6:50'},{'reference': '6:50'}
test_157,Бүген кар булырмы?,weather/find,weather,False,0.8703,False,False,False,"{'datetime': 'Бүген', 'weather/attribute': 'кар'}","{'condition_description': 'кар', 'datetime': 'Бүген', 'location': 'урын', 'weather/attribute': 'хава торышы'}"
test_158,Нинди будильниклар куелган?,alarm/show_alarms,alarm/show_alarms,True,0.8985,False,False,False,{},{'datetime': 'null'}
test_159,7 октябрьгә искә төшерү будильникны куй,reminder/set_reminder,set_alarm,False,0.949,False,False,False,{'datetime': '7 октябрьгә'},"{'datetime': '7 октября', 'recurring_datetime': None, 'reference': None, 'reminder/todo': None}"
test_160,бүген кар булырмы?,weather/find,weather,False,0.9171,False,False,False,"{'datetime': 'бүген', 'weather/attribute': 'кар'}","{'condition_description': 'кар', 'datetime': 'бүген', 'location': 'урын'}"
test_161,будильникны 15 минутка күчер,alarm/snooze_alarm,alarm/set_alarm,False,0.9256,False,True,False,{'datetime': '15 минутка'},{'recurring_datetime': '15 minutes'}
test_162,Күпме кар булуын фаразлыйлар?,weather/find,weather/find,True,0.8881,False,False,False,{'weather/attribute': 'кар'},"{'condition_description': 'кар булу', 'condition_temperature': 'салкын', 'datetime': 'дата/вакыт', 'location': 'урын'}"
test_163,урамда эссе ме,weather/find,weather/find,True,0.8727,False,False,False,"{'location': 'урамда', 'weather/attribute': 'эссе'}","{'condition_description': 'эссе', 'condition_temperature': 'яңгыр', 'datetime': 'сегодня', 'location': 'урам'}"
test_164,Бүген нинди температура булачак?,weather/find,weather,False,0.8126,False,False,False,"{'datetime': 'Бүген', 'weather/attribute': 'температура'}","{'condition_description': 'был', 'condition_temperature': 'сея', 'datetime': 'ниге', 'location': 'урын'}"
test_165,иртәгә Далласта һава торышы нинди булыр,weather/find,weather,False,0.9008,False,False,False,"{'datetime': 'иртәгә', 'location': 'Далласта'}","{'condition_description': 'хава торышы тасвирламасы: яңгыр', 'location': 'Далласта'}"
test_166,бүгенгегә минем бөтен искә төшерүләрне күрсәт,reminder/show_reminders,SearchCreativeWork,False,0.9296,False,False,False,"{'datetime': 'бүгенгегә', 'reference': 'минем бөтен'}","{'object_name': 'искә төшерүләр', 'object_type': 'әсәр'}"
test_167,Атна саен продукт сатып алу турында хәтерләтү куй.,reminder/set_reminder,BookRestaurant,False,0.91,False,False,False,"{'recurring_datetime': 'Атна саен', 'reminder/todo': 'продукт сатып алу'}","{'cuisine': 'Italian', 'datetime': '2023-10-27', 'facility': 'outdoor seating', 'location': 'Central Park', 'party_size_description': '4 people', 'party_size_number': 4, 'restaurant_name': 'La Piazza', 'restaurant_type': 'Italian', 'served_dish': 'pasta', 'sort': 'outdoor seating'}"
test_168,һава торышы,weather/find,weather,False,0.9071,False,False,False,{},"{'condition_description': 'яңгыр', 'condition_temperature': 'салкын', 'datetime': 'сегодня', 'location': 'урын'}"
test_169,Яңгыр көне буе явыр микән?,weather/find,weather/find,True,0.8694,False,False,False,"{'weather/attribute': 'Яңгыр', 'datetime': 'көне буе'}","{'condition_description': 'яңгыр', 'datetime': 'көне', 'location': 'нел', 'weather/attribute': 'яңгыр'}"
test_170,Иртәгә яңгыр булырмы?,weather/find,weather/find,True,0.9383,False,False,False,"{'datetime': 'Иртәгә', 'weather/attribute': 'яңгыр'}","{'condition_description': 'яңгыр', 'datetime': 'дата/вакыт', 'location': 'урын'}"
test_171,Бүген кич эш хатларына җавап бирергә исемә төшер,reminder/set_reminder,SearchCreativeWork,False,0.7972,False,False,False,"{'datetime': 'Бүген кич', 'reminder/todo': 'эш хатларына җавап бирергә'}",{'object_name': 'кыпкыч эш хатлары'}
test_172,Будильникларны бетер,alarm/cancel_alarm,alarm/cancel_alarm,True,0.9484,False,False,False,{},{'reference': 'будильникка күрсәтү'}
test_173,Минем будильникларны бетер,alarm/cancel_alarm,alarm/cancel_alarm,True,0.9548,False,False,False,{'reference': 'Минем'},{'reference': 'будильникка күрсәтү'}
test_174,Мин бүген шортыны кия аламмы?,weather/find,weather/find,True,0.8568,False,False,False,"{'datetime': 'бүген', 'weather/attribute': 'шортыны'}","{'condition_description': 'жара', 'condition_temperature': 'салкын', 'datetime': 'бүген', 'location': 'урын'}"
test_175,Иртәгә яңгыр булырмы?,weather/find,weather/find,True,0.9383,False,False,False,"{'datetime': 'Иртәгә', 'weather/attribute': 'яңгыр'}","{'condition_description': 'яңгыр', 'datetime': 'дата/вакыт', 'location': 'урын'}"
test_176,Будильникны иртәнге 10 куй,alarm/set_alarm,alarm/set_alarm,True,0.9193,False,False,False,{'datetime': 'иртәнге 10'},"{'datetime': '2023-10-27 10:00', 'recurring_datetime': None, 'reference': None, 'reminder/todo': None}"
test_177,бу атнада яңгыр булырмы,weather/find,weather/find,True,0.9317,False,False,False,"{'datetime': 'бу атнада', 'weather/attribute': 'яңгыр'}","{'condition_description': 'яңгыр', 'location': 'урын', 'datetime': 'дата/вакыт'}"
test_178,бөтен хәтерләтүләрне күрсәт,reminder/show_reminders,weather/find,False,0.8591,False,False,False,{'reference': 'бөтен'},"{'condition_description': 'хәтер', 'condition_temperature': 'салкын', 'datetime': 'сегодня', 'location': 'урын'}"
test_179,будильникларны бетер,alarm/cancel_alarm,cancel_alarm,False,0.9464,False,False,False,{},{'reference': 'будильникка күрсәтү'}
test_180,бөтен будильникларны сүндер,alarm/cancel_alarm,alarm/cancel_alarm,True,0.9236,False,False,False,{'reference': 'бөтен'},{'reference': 'будильниклар'}
test_181,бөтен будильник настройкаларын күрсәт,alarm/show_alarms,alarm/set_alarm,False,0.9044,False,False,False,{'reference': 'бөтен'},"{'datetime': '2023-10-27 08:00', 'recurring_datetime': None, 'reference': None, 'reminder/todo': None}"
test_182,Будильникны егерме минут саен куй,alarm/set_alarm,set_alarm,False,0.883,False,False,False,{'recurring_datetime': 'егерме минут саен'},"{'datetime': '2023-10-27 10:00:00', 'reference': 'будильник'}"
test_183,Минем нинди искә төшерүләрем бар?,reminder/show_reminders,reminder_set,False,0.8594,False,False,False,{'reference': 'Минем'},"{'datetime': '2023-10-27', 'recurring_datetime': None, 'reminder/todo': 'искәртү кую', 'reference': None}"
test_184,иртәгегә будильникны бетер,alarm/cancel_alarm,alarm/cancel_alarm,True,0.9563,False,False,False,{'datetime': 'иртәгегә'},{'reference': 'будильникка күрсәтү'}
test_185,бүген миңа зонтик кирәкме?,weather/find,weather,False,0.8933,False,False,False,"{'datetime': 'бүген', 'weather/attribute': 'зонтик'}","{'condition_description': 'миңа зонтик кирәк', 'datetime': 'бүген', 'location': 'урын'}"
test_186,бүген кар булырмы?,weather/find,weather,False,0.9171,False,False,False,"{'datetime': 'бүген', 'weather/attribute': 'кар'}","{'condition_description': 'кар', 'datetime': 'бүген', 'location': 'урын'}"
test_187,Бүген кич минем әнигә шалтыратырга искә төшер,reminder/set_reminder,alarm/set_alarm,False,0.8931,False,False,False,"{'datetime': 'Бүген кич', 'reminder/todo': 'минем әнигә шалтыратырга'}","{'datetime': '2023-10-27', 'recurring_datetime': None, 'reference': 'будильникка күрсәтү', 'reminder/todo': None}"
test_188,Бүген яңгыр булырмы?,weather/find,weather,False,0.9235,False,False,False,"{'datetime': 'Бүген', 'weather/attribute': 'яңгыр'}","{'condition_description': 'яңгыр', 'datetime': 'Бүген'}"
test_189,Шимбә көнне яңгыр булырмы?,weather/find,weather/find,True,0.9207,False,False,False,"{'datetime': 'Шимбә', 'weather/attribute': 'яңгыр'}","{'condition_description': 'яңгыр', 'datetime': 'Шимбә көнне', 'location': 'урын'}"
test_190,Будильникны һәр минут саен 20 минутка куясынмы?,alarm/set_alarm,set_alarm,False,0.8854,False,False,False,{'recurring_datetime': 'һәр минут саен 20 минутка'},"{'recurring_datetime': '20 minutes', 'reference': 'будильникны һәр минут саен 20 минутка куясынмы'}"
test_191,Кариб бассейнында тропик давыллар,weather/find,SearchCreativeWork,False,0.9265,False,False,False,"{'location': 'Кариб', 'weather/attribute': 'тропик давыллар'}",{'object_name': 'кариб бассейнында давыллар'}
test_192,барлык будильникларны бетер,alarm/cancel_alarm,alarm/cancel_alarm,True,0.9364,False,False,False,{'reference': 'барлык'},{'reference': 'будильникка күрсәтү'}
test_193,Будильникны тугыз минут саен куй,alarm/set_alarm,set_alarm,False,0.886,False,False,False,{'recurring_datetime': 'тугыз минут саен'},"{'datetime': '2023-10-27 10:00:00', 'reference': 'будильник тугыз минут саен кую'}"
test_194,Минем исемлектән соңгы ике хәтерләтүне бетер,reminder/cancel_reminder,reminder/set_reminder,False,0.879,False,False,False,{'reference': 'соңгы ике'},"{'datetime': '2023-10-27 10:00:00', 'recurring_datetime': None, 'reminder/todo': 'ике хәтерләтүне бетер'}"
test_195,бүген һава торышы нинди,weather/find,weather,False,0.9205,False,False,False,{'datetime': 'бүген'},"{'condition_description': 'һава торышы тасвирламасы: яңгыр', 'datetime': 'бүген', 'location': 'урын'}"
test_196,минем будильнигымны кабыз,alarm/set_alarm,alarm/cancel_alarm,False,0.9226,False,False,False,{'reference': 'минем'},{'reference': 'будильник кабыз'}
test_197,Бүген һаваның дымлылыгы нинди?,weather/find,weather,False,0.9017,False,False,False,"{'datetime': 'Бүген', 'weather/attribute': 'һаваның дымлылыгы'}","{'weather/attribute': 'дымлылык', 'location': 'урын', 'datetime': 'дата/вакыт'}"
test_198,миңа торыр өчен будильникны куерга исемә төшер,reminder/set_reminder,set_alarm,False,0.8792,False,False,False,{'reminder/todo': 'миңа торыр өчен будильникны куерга'},"{'datetime': '2023-10-27 10:00:00', 'reference': 'будильникны куерга'}"
test_199,Бу ял көннәрендә кар явырмы?,weather/find,weather/find,True,0.8624,False,False,False,"{'datetime': 'Бу ял көннәрендә', 'weather/attribute': 'кар'}","{'condition_description': 'кар явырмы', 'datetime': 'бу', 'location': 'явырмы', 'weather/attribute': 'кар'}"
test_200,Бүген никадәр эссе булачак?,weather/find,weather/find,True,0.8523,False,False,False,"{'datetime': 'Бүген', 'weather/attribute': 'эссе'}","{'condition_description': 'сегодня', 'condition_temperature': 'жара', 'datetime': 'сегодня', 'location': 'урын', 'weather/attribute': 'дымлылык'}"
test_201,Минем будильнигым нинди вакытка куелган,alarm/show_alarms,alarm/set_alarm,False,0.8762,False,False,False,{'reference': 'Минем'},{'datetime': 'нинд вакытка куелган'}
test_202,Бүген һава торышы нинди?,weather/find,weather,False,0.9222,False,False,False,{'datetime': 'Бүген'},"{'condition_description': 'һава торышы тасвирламасы: яңгыр', 'datetime': 'Бүген'}"
test_203,Иртәгә яңгыр явармы?,weather/find,weather/find,True,0.9337,False,False,False,"{'datetime': 'Иртәгә', 'weather/attribute': 'яңгыр'}","{'condition_description': 'яңгыр', 'location': 'урын', 'datetime': 'дата/вакыт'}"
test_204,Сишәмбе көнне иртәнге 5:15 минем будильнигымны бетер,alarm/cancel_alarm,alarm/cancel_alarm,True,0.9561,False,False,False,"{'datetime': 'Сишәмбе көнне иртәнге 5:15', 'reference': 'минем'}",{'reference': '5:15'}
test_205,бүгенге уен турында искәртүне бетер,reminder/cancel_reminder,reminder/set_reminder,False,0.9088,False,False,False,"{'datetime': 'бүгенге', 'reminder/todo': 'уен'}","{'datetime': '2023-10-27', 'recurring_datetime': None, 'reminder/todo': 'бүгенге уен турында искәртү'}"
test_206,будильникны иртәнге көндезге 3-ке куй,alarm/set_alarm,set_alarm,False,0.9182,False,False,False,{'datetime': 'көндезге 3-ке'},"{'datetime': '2023-10-27', 'recurring_datetime': None, 'reference': None, 'reminder/todo': None}"
test_207,шимбә көнне бөтен будильникларны бетер,alarm/cancel_alarm,alarm/cancel_alarm,True,0.9392,False,False,False,"{'datetime': 'шимбә көнне', 'reference': 'бөтен'}",{'reference': 'будильникка күрсәтү'}
test_208,Миңа Лизаны алу турында искәртү кирәк,reminder/set_reminder,reminder/set_reminder,True,0.9052,False,False,False,{'reminder/todo': 'Лизаны алу'},"{'datetime': '2023-10-27 10:00:00', 'recurring_datetime': None, 'reminder/todo': 'Лизаны алу', 'reference': None}"
test_209,Бүген нинди югары температура?,weather/find,weather,False,0.8185,False,False,False,"{'datetime': 'Бүген', 'weather/attribute': 'югары'}","{'condition_description': 'нигез температура', 'datetime': 'нигез', 'location': 'урын'}"
test_210,Бүген Гринстоунда болытлы булырмы?,weather/find,weather,False,0.9308,False,False,False,"{'datetime': 'Бүген', 'location': 'Гринстоунда', 'weather/attribute': 'болытлы'}",{'location': 'Гринстоун'}
test_211,Соңрак искә төшер,reminder/set_reminder,reminder/set_reminder,True,0.91,False,False,False,{'datetime': 'Соңрак'},"{'datetime': '2023-10-27 10:00:00', 'recurring_datetime': None, 'reminder/todo': 'Соңрак искә төшер'}"
test_212,бүген франциядә нинди һава торышы,weather/find,weather,False,0.9436,False,False,False,"{'datetime': 'бүген', 'location': 'франциядә'}","{'condition_description': 'һава торышы тасвирламасы: яңгыр', 'condition_temperature': 'температура шартлары: салкын', 'datetime': 'бүген', 'location': 'франция'}"
test_213,Шимбә кичәсендә кояшлы булырмы?,weather/find,SearchCreativeWork,False,0.8636,False,False,False,"{'datetime': 'Шимбә', 'weather/attribute': 'кояшлы'}","{'object_name': 'китапка', 'object_type': 'кытап'}"
test_214,Иртәгә яңгыр явармы?,weather/find,weather/find,True,0.9337,False,False,False,"{'datetime': 'Иртәгә', 'weather/attribute': 'яңгыр'}","{'condition_description': 'яңгыр', 'location': 'урын', 'datetime': 'дата/вакыт'}"
test_215,Мин бүген шортыны кия аламмы?,weather/find,weather/find,True,0.8568,False,False,False,"{'datetime': 'бүген', 'weather/attribute': 'шортыны'}","{'condition_description': 'жара', 'condition_temperature': 'салкын', 'datetime': 'бүген', 'location': 'урын'}"
test_216,Минем искәртүемне күрсәт,reminder/show_reminders,reminder/set_reminder,False,0.8684,False,False,False,{'reference': 'Минем'},"{'datetime': '2023-10-27 10:00:00', 'recurring_datetime': None, 'reminder/todo': 'күрсәтү', 'reference': None}"
test_217,Сентябрьдә уртача һава торышы нинди,weather/find,weather,False,0.8935,False,False,False,{'datetime': 'Сентябрьдә'},"{'condition_description': 'уртача һава торышы', 'datetime': 'Сентябрь', 'location': 'нинд'}"
test_218,Бүген салкынмы?,weather/find,weather,False,0.9222,False,False,False,"{'datetime': 'Бүген', 'weather/attribute': 'салкынмы'}","{'condition_description': 'салкын', 'datetime': 'Бүген', 'location': 'урын'}"
test_219,Бөтен искәртүләремне бетер,reminder/cancel_reminder,reminder/set_reminder,False,0.9134,False,False,False,{'reference': 'Бөтен'},"{'datetime': '2023-10-27 10:00:00', 'recurring_datetime': None, 'reminder/todo': 'Бөтен искәртүләремне бетер'}"
test_220,монда эссеме?,weather/find,SearchCreativeWork,False,0.9587,False,False,False,{'weather/attribute': 'эссеме'},{'object_name': 'эссе'}
test_221,Ял көннәрендә көндезге 2 будильнигымны куй,alarm/set_alarm,alarm/set_alarm,True,0.9173,False,False,False,{'recurring_datetime': 'Ял көннәрендә көндезге 2'},"{'datetime': '2023-10-26 08:00', 'recurring_datetime': None, 'reference': None, 'reminder/todo': None}"
test_222,Будильникны иртәнге 2 куй,alarm/set_alarm,alarm/set_alarm,True,0.9169,False,False,False,{'datetime': 'иртәнге 2'},"{'datetime': '2023-10-27 10:00', 'recurring_datetime': None, 'reference': None, 'reminder/todo': None}"
test_223,Бүген һаваның дымлылыгы нинди?,weather/find,weather,False,0.9017,False,False,False,"{'datetime': 'Бүген', 'weather/attribute': 'һаваның дымлылыгы'}","{'weather/attribute': 'дымлылык', 'location': 'урын', 'datetime': 'дата/вакыт'}"
test_224,минем бөтен будильникларымны күрсәт,alarm/show_alarms,alarm/show_alarms,True,0.9143,False,False,False,{'reference': 'минем бөтен'},{'datetime': 'null'}
test_225,Минем бөтен искәртүләремне күрсәт,reminder/show_reminders,reminder/set_reminder,False,0.9187,False,False,False,{'reference': 'Минем бөтен'},"{'datetime': '2023-10-27 10:00:00', 'recurring_datetime': None, 'reminder/todo': 'Минем бөтен искәртүләремне күрсәт'}"
test_226,бөтен будильникларымны бетер,alarm/cancel_alarm,alarm/cancel_alarm,True,0.9439,False,False,False,{'reference': 'бөтен'},{'reference': 'будильникка күрсәтү'}
test_227,Давыл минем районыма якынлашамы?,weather/find,weather/find,True,0.7565,False,False,False,"{'weather/attribute': 'Давыл', 'location': 'минем районыма'}","{'condition_description': 'жарылма', 'location': 'района', 'datetime': 'катыр'}"
test_228,бүген һава торышы нинди,weather/find,weather,False,0.9205,False,False,False,{'datetime': 'бүген'},"{'condition_description': 'һава торышы тасвирламасы: яңгыр', 'datetime': 'бүген', 'location': 'урын'}"
test_229,соңгы искәртүемне бетер,reminder/cancel_reminder,reminder/cancel_reminder,True,0.9613,False,False,False,{'reference': 'соңгы'},{'reference': 'соңгы искәртүемне бетер'}
test_230,Будильникка күпме вакыт калды.,alarm/time_left_on_alarm,alarm/set_alarm,False,0.9335,False,True,False,{},{'datetime': 'будильникка күпме вакыт калды'}
test_231,Якшәмбе көнне минем бөтен будильникларымны бетер.,alarm/cancel_alarm,alarm/cancel_alarm,True,0.9177,False,False,False,"{'datetime': 'Якшәмбе көнне', 'reference': 'минем бөтен'}",{'reference': 'будильникларны бетер'}
test_232,Бүген нихәтле эссе булачак?,weather/find,weather/find,True,0.8762,False,False,False,"{'datetime': 'Бүген', 'weather/attribute': 'эссе'}","{'condition_description': 'ничем не', 'condition_temperature': 'салкын', 'datetime': 'ничем не', 'location': 'ничем не', 'weather/attribute': 'дымлылык'}"
test_233,Мин сине иртәгә иртәнге 8:45 яңа будильникны куерга теләр идем,alarm/set_alarm,set_alarm,False,0.9219,False,False,False,{'datetime': 'иртәгә иртәнге 8:45'},"{'datetime': '8:45', 'reference': 'будильник'}"
test_234,бөтен будильникларны бетер,alarm/cancel_alarm,alarm/cancel_alarm,True,0.9424,False,False,False,{'reference': 'бөтен'},{'reference': 'будильникка күрсәтү'}
test_235,Бүген кар явармы?,weather/find,weather,False,0.8982,False,False,False,"{'datetime': 'Бүген', 'weather/attribute': 'кар'}","{'condition_description': 'кар', 'datetime': 'today'}"
test_236,миңа бозны алырга искә төшер,reminder/set_reminder,SearchCreativeWork,False,0.9258,False,False,False,{'reminder/todo': 'бозны алырга'},{'object_name': 'миңа бозны алырга'}
test_237,бөтен искәртүләремне күрсәт,reminder/show_reminders,reminder/set_reminder,False,0.9201,False,False,False,{'reference': 'бөтен'},"{'datetime': '2023-10-27 10:00:00', 'recurring_datetime': None, 'reminder/todo': 'бөтен искәртүләремне күрсәт'}"
test_238,бөтен будильникларымны күрсәт,alarm/show_alarms,alarm/set_alarm,False,0.9016,False,False,False,{'reference': 'бөтен'},"{'datetime': '2023-10-27 08:00', 'recurring_datetime': None, 'reference': None, 'reminder/todo': None}"
test_239,Сан-Францискода һава торышы нинди?,weather/find,weather,False,0.9265,False,False,False,{'location': 'Сан - Францискода'},"{'condition_description': 'һава торышы', 'condition_temperature': 'салкын', 'datetime': 'дата/вакыт', 'location': 'Сан-Франциско'}"
test_240,Бөтен искәртүләремне бетер,reminder/cancel_reminder,reminder/set_reminder,False,0.9134,False,False,False,{'reference': 'Бөтен'},"{'datetime': '2023-10-27 10:00:00', 'recurring_datetime': None, 'reminder/todo': 'Бөтен искәртүләремне бетер'}"
test_241,Концерт турында искәртүне бетер,reminder/cancel_reminder,reminder/cancel_reminder,True,0.9019,False,False,False,{'reminder/todo': 'Концерт'},{'reference': 'концерт турында искәртү'}
test_242,Иртәгә иртәнге будильникны бетер,alarm/cancel_alarm,alarm/cancel_alarm,True,0.9484,False,False,False,{'datetime': 'Иртәгә иртәнге'},{'reference': 'будильникка күрсәтү'}
test_243,бу атнада яңгыр явармы,weather/find,weather/find,True,0.8934,False,False,False,"{'datetime': 'бу атнада', 'weather/attribute': 'яңгыр'}","{'condition_description': 'яңгыр', 'location': 'атнада', 'datetime': 'бу атнада яңгыр'}"
test_244,Гольф уйнау өчен чәршәмбе көнне һава торышы нинди?,weather/find,weather,False,0.8806,False,False,False,{'datetime': 'чәршәмбе көнне'},"{'condition_description': 'хәзерге һава торышы', 'condition_temperature': 'салкын', 'datetime': '2023-10-27', 'location': 'урын', 'weather/attribute': 'дымлылык'}"
test_245,бөтен будильникларымны күрсәт,alarm/show_alarms,alarm/set_alarm,False,0.9016,False,False,False,{'reference': 'бөтен'},"{'datetime': '2023-10-27 08:00', 'recurring_datetime': None, 'reference': None, 'reminder/todo': None}"
test_246,бөтен иртәгә будильникларны сүндер,alarm/cancel_alarm,alarm/cancel_alarm,True,0.9423,False,False,False,"{'reference': 'бөтен', 'datetime': 'иртәгә'}",{'reference': 'будильникка күрсәтү'}
test_247,Будильнигымны бүген кичке 5 куй,alarm/set_alarm,alarm/set_alarm,True,0.8881,False,False,False,{'datetime': 'бүген кичке 5'},"{'datetime': '2023-10-27', 'reference': 'будильникны кичектерү'}"
test_248,будильнигымны иртәге 7-гә куй,alarm/set_alarm,alarm/set_alarm,True,0.9344,False,False,False,{'datetime': 'иртәге 7-гә'},"{'datetime': '7-гә', 'recurring_datetime': None, 'reference': None, 'reminder/todo': None}"
test_249,Иртәгә кояшлы булырмы?,weather/find,weather/find,True,0.8589,False,False,False,"{'datetime': 'Иртәгә', 'weather/attribute': 'кояшлы'}","{'condition_description': 'жарылма', 'condition_temperature': 'салкын', 'datetime': '2023-10-27', 'location': 'Мәскәү', 'weather/attribute': 'дымлылык'}"
test_250,бүген нинди эссе булыр,weather/find,weather/find,True,0.8992,False,False,False,"{'datetime': 'бүген', 'weather/attribute': 'эссе'}","{'condition_description': 'бүген нинди эссе булыр', 'location': 'урын', 'datetime': 'дата/вакыт'}"
test_251,Бир ноль йолдызлар Halo: Ghosts of Onyx,RateBook,SearchCreativeWork,False,0.9694,False,False,False,"{'rating_value': 'ноль', 'rating_unit': 'йолдызлар', 'object_name': 'Halo: Ghosts of Onyx'}","{'object_name': 'Halo: Ghosts of Onyx', 'object_type': 'фильм'}"
test_252,Джой Нило музыкасын кабыз .,PlayMusic,PlayMusic,True,0.8644,False,False,False,{'artist': 'Джой Нило'},"{'album': ""JoJo's Bizarre Adventure"", 'artist': ""JoJo's Bizarre Adventure"", 'datetime': '2023-10-27', 'genre': 'J-pop', 'music_item': ""JoJo's Bizarre Adventure"", 'playlist': None, 'service': 'Spotify', 'sort': None}"
test_253,"Зинһар, миңа 20 Hours in America дип аталган видеоуен таб .",SearchCreativeWork,SearchCreativeWork,True,0.9367,False,False,False,"{'object_name': '20 Hours in America', 'object_type': 'видеоуен'}","{'object_name': 'video', 'object_type': 'movie'}"
test_254,Мин ясаган плейлистымны уйнат,PlayMusic,AddToPlaylist,False,0.8966,False,False,False,{'playlist': 'ясаган'},"{'artist': 'Башкаручы', 'entity_name': 'Плейлистка', 'music_item': 'Музыкаль объект', 'playlist': 'Плейлист'}"
test_255,Термонтта 9 кешегә урын броньла,BookRestaurant,BookRestaurant,True,0.9107,False,False,False,"{'location': 'Термонтта', 'party_size_number': '9 кешегә'}","{'cuisine': 'Italian', 'datetime': '2023-10-27', 'facility': 'outdoor seating', 'location': 'Central Park', 'party_size_description': '9 people', 'party_size_number': '9', 'restaurant_name': 'La Piazza', 'restaurant_type': 'Italian', 'served_dish': 'pasta', 'sort': 'outdoor seating'}"
test_256,Бу көйне Доротиның 80's party плейлистына өстә,AddToPlaylist,AddToPlaylist,True,0.9157,False,False,False,"{'music_item': 'көйне', 'reference': 'Доротиның', 'playlist': ""80's party""}","{'artist': 'Lady Gaga', 'entity_name': ""Дороти 80's party"", 'music_item': 'playlist', 'playlist': ""Дороти 80's party"", 'reference': 'плейлист'}"
test_257,Last FM-да Эдди Винсонның иң яңа көйен кабыз .,PlayMusic,SearchCreativeWork,False,0.937,False,False,False,"{'service': 'Last FM-да', 'artist': 'Эдди Винсонның', 'sort': 'иң яңа', 'music_item': 'көйен'}","{'object_name': 'Эдди Винсон', 'object_type': 'исполнитель'}"
test_258,Небрасканың һава торышын тикшер .,weather/find,weather/find,True,0.9434,False,False,False,{'location': 'Небрасканың'},"{'condition_description': 'яңгыр', 'condition_temperature': 'салкын', 'datetime': 'дата/вакыт', 'location': 'урын'}"
test_259,NC-да хәзер буран бармы ?,weather/find,weather,False,0.8903,False,False,True,"{'location': 'NC-да', 'datetime': 'хәзер', 'condition_description': 'буран'}","{'condition_description': 'буран бар', 'datetime': 'NC-да', 'location': 'NC'}"
test_260,Мин 1998 елгы минионны тыңларга телим .,PlayMusic,SearchCreativeWork,False,0.9171,False,False,False,"{'datetime': '1998', 'music_item': 'минионны'}","{'object_name': 'минион', 'object_type': 'фильм'}"
test_261,Миңа Дипсон театрларында A Yiddish World Remembered өчен вакыт кирәк,SearchScreeningEvent,SearchScreeningEvent,True,0.9393,False,False,False,"{'location': 'Дипсон театрларында', 'movie_name': 'A Yiddish World Remembered', 'object_type': 'вакыт'}","{'movie_name': 'A Yiddish World Remembered', 'movie_type': 'film', 'object_location_type': 'cinema', 'object_type': 'film'}"
test_262,Хәзерге дәреслеккә 6-дан 1 балл бир,RateBook,RateBook,True,0.9136,False,False,False,"{'object_select': 'Хәзерге', 'object_type': 'дәреслеккә', 'best_rating': '6-дан', 'rating_value': '1'}","{'object_name': '6-дан 1 балл', 'object_type': 'балл', 'rating_unit': 'балл', 'rating_value': '6'}"
test_263,Мэтт Мерфиның көйен Flow Español плейлистына өстә.,AddToPlaylist,AddToPlaylist,True,0.9585,False,False,False,"{'artist': 'Мэтт Мерфиның', 'music_item': 'көйен', 'playlist': 'Flow Español'}","{'artist': 'Мэтт Мерфи', 'entity_name': 'Flow Español', 'music_item': 'плейлисты', 'playlist': 'Flow Español'}"
test_264,Мин 3 кешегә 20/05/2025 Техас янындагы судан гастропабын броньларга телим .,BookRestaurant,BookRestaurant,True,0.9503,False,False,True,"{'party_size_number': '3', 'datetime': '20/05/2025', 'location': 'Техас | янындагы', 'cuisine': 'судан', 'restaurant_type': 'гастропабын'}","{'cuisine': 'гастропабы', 'datetime': '20/05/2025', 'facility': 'судан гастропабы', 'location': 'Техас', 'party_size_description': '3 кеше', 'party_size_number': '3', 'restaurant_name': None, 'restaurant_type': None, 'served_dish': None, 'sort': None}"
test_265,Син The Approach телесериал таба алмасыңмы,SearchCreativeWork,SearchCreativeWork,True,0.9548,False,False,False,"{'object_name': 'The Approach', 'object_type': 'телесериал'}",{'object_name': 'The Approach'}
test_266,Бу хроникага 2 балл бир.,RateBook,RateBook,True,0.9466,False,False,True,"{'object_select': 'Бу', 'object_part_of_series_type': 'хроникага', 'rating_value': '2'}","{'object_name': 'книга', 'object_part_of_series_type': None, 'object_select': None, 'object_type': 'книга', 'rating_unit': 'балл', 'rating_value': 2}"
test_267,The American Scene-ка 6-дан 2 йолдыз бир,RateBook,SearchScreeningEvent,False,0.9288,False,False,False,"{'object_name': 'The American Scene-ка', 'best_rating': '6-дан', 'rating_value': '2', 'rating_unit': 'йолдыз'}","{'movie_name': 'The American Scene', 'movie_type': 'film', 'object_location_type': 'cinema', 'object_type': 'film'}"
test_268,Минем Nação Reggae плейлистына emilie autumn өстә.,AddToPlaylist,AddToPlaylist,True,0.9494,False,False,False,"{'reference': 'Минем', 'playlist': 'Nação Reggae', 'artist': 'emilie autumn'}","{'artist': 'Nação Reggae', 'entity_name': 'emilie autumn', 'music_item': 'playlist', 'playlist': 'emilie autumn', 'reference': 'emilie autumn'}"
test_269,Мин Гамбиядәге яһүд ресторанын броньларга телим .,BookRestaurant,none,False,0.9132,True,False,True,"{'location': 'Гамбиядәге', 'cuisine': 'яһүд', 'restaurant_type': 'ресторанын'}",{}
test_270,Fried chicken restaurant өстәленә заказ бир,BookRestaurant,BookRestaurant,True,0.8792,False,False,True,{'restaurant_name': 'Fried chicken restaurant'},"{'cuisine': 'chicken', 'datetime': 'today', 'facility': 'table', 'location': 'city center', 'party_size_description': '2 people', 'party_size_number': 2, 'restaurant_name': 'Fried Chicken', 'restaurant_type': 'restaurant', 'served_dish': 'fried chicken', 'sort': 'best_rated'}"
test_271,минем House Afterwork плейлистымна we have a theme song өстә,AddToPlaylist,AddToPlaylist,True,0.9443,False,False,False,"{'reference': 'минем', 'playlist': 'House Afterwork', 'entity_name': 'we have a theme song'}","{'artist': 'we', 'entity_name': 'theme song', 'music_item': 'song', 'playlist': 'плейлист', 'reference': 'we have a theme song'}"
test_272,2026 елның унтугызынчы октябрендә моннан ерак түгел нинди һава торышы булачак ?,weather/find,weather,False,0.8991,False,False,False,"{'datetime': '2026 елның унтугызынчы октябрендә', 'location': 'моннан | ерак түгел'}","{'condition_description': 'һава торышы тасвирламасы: яңгыр', 'datetime': '2026 унтугызынчы октябрен', 'location': 'нел'}"
test_273,Уолденда һава торышы Россия 26/12/2018,weather/find,weather,False,0.9554,False,False,False,"{'location': 'Уолденда | Россия', 'datetime': '26/12/2018'}","{'condition_description': 'һава торышы', 'condition_temperature': 'салкын', 'datetime': '26/12/2018', 'location': 'Россия'}"
test_274,Мин каенана һәм миңа бер елдан соң Buckner ресторанны броньларга телим .,BookRestaurant,BookRestaurant,True,0.9248,False,False,True,"{'party_size_description': 'каенана һәм миңа', 'datetime': 'бер елдан соң', 'location': 'Buckner', 'restaurant_type': 'ресторанны'}","{'cuisine': 'Italian', 'datetime': '2023-10-27', 'facility': 'outdoor seating', 'location': 'Buckner', 'party_size_description': '4 people', 'party_size_number': 4, 'restaurant_name': 'Buckner', 'restaurant_type': 'Italian', 'served_dish': 'pasta', 'sort': 'outdoor seating'}"
test_275,Бу китапка 1 балл бир,RateBook,RateBook,True,0.9518,False,False,False,"{'object_select': 'Бу', 'object_type': 'китапка', 'rating_value': '1'}","{'object_name': 'китап', 'object_part_of_series_type': None, 'object_select': None, 'object_type': 'китап', 'rating_unit': 'балл', 'rating_value': '1'}"
test_276,бу башкаручыны минем spotlight on country 2016 плейлистына өстә,AddToPlaylist,SearchCreativeWork,False,0.8881,False,False,False,"{'music_item': 'башкаручыны', 'reference': 'минем', 'playlist': 'spotlight on country 2016'}","{'object_name': 'country', 'object_type': 'music_item', 'playlist': 'spotlight on country 2016'}"
test_277,Син Epic Conditions рәсемен таба алмасыңмы ?,SearchCreativeWork,SearchCreativeWork,True,0.9543,False,False,False,"{'object_name': 'Epic Conditions', 'object_type': 'рәсемен'}",{'object_name': 'Epic Conditions'}
test_278,Iheart-та rich sex уйна,PlayMusic,PlayMusic,True,0.9497,False,False,True,"{'service': 'Iheart-та', 'track': 'rich sex'}","{'album': 'Iheart-та rich sex', 'artist': 'null', 'datetime': 'null', 'genre': 'null', 'music_item': 'null', 'playlist': 'null', 'service': 'null', 'sort': 'null', 'track': 'null'}"
test_279,Bartok the Magnificent иртәнге җидедә башланачакмы ?,SearchScreeningEvent,SearchCreativeWork,False,0.969,False,False,False,"{'movie_name': 'Bartok the Magnificent', 'datetime': 'иртәнге җидедә'}",{'object_name': 'Bartok the Magnificent'}
test_280,Zvooq-да берәр нәрсә уйна,PlayMusic,SearchCreativeWork,False,0.8551,False,False,False,{'service': 'Zvooq-да'},"{'object_name': 'nəvə', 'object_type': 'film'}"
test_281,Миңа Крис Найт музыкасын тыңларга бир,PlayMusic,PlayMusic,True,0.9359,False,False,False,{'artist': 'Крис Найт'},"{'album': 'Миңа Крис Найт', 'artist': 'Миңа Крис Найт', 'datetime': 'дата/вакыт', 'genre': 'музыка', 'music_item': 'музыка', 'playlist': 'плейлист', 'service': 'музыкаль сервис', 'sort': 'сайлау/тәртипләү критерие', 'track': 'трек'}"
test_282,Джилл Собул альбомын кабыз,PlayMusic,PlayMusic,True,0.9548,False,False,True,"{'album': 'Джилл Собул', 'music_item': 'альбомын'}",{'album': 'Джилл Собул'}
test_283,The Broken Window дүрт йолдыз бирегез,RateBook,weather/find,False,0.8659,False,False,False,"{'object_name': 'The Broken Window', 'rating_value': 'дүрт', 'rating_unit': 'йолдыз'}","{'condition_description': 'дүрт йолдыз', 'location': 'неизвестно', 'datetime': 'неизвестно'}"
test_284,Tatra-милли паркында иртәнге 6да һава торышын миңа әйт,weather/find,weather,False,0.8718,False,False,False,"{'location': 'Tatra-милли паркында', 'datetime': 'иртәнге 6да'}","{'condition_description': 'хәзерге һава торышы', 'condition_temperature': 'салкын', 'datetime': '6', 'location': 'Tatra-милли паркы'}"
test_285,"Зинһар, миңа бистродагы өстәлне броньла, анда lorna doone хезмәт итәләр .",BookRestaurant,BookRestaurant,True,0.9056,False,False,True,"{'restaurant_type': 'бистродагы', 'served_dish': 'lorna doone'}","{'cuisine': 'Italian', 'datetime': '2023-10-27', 'facility': 'outdoor seating', 'location': 'Zurich', 'party_size_description': '2 people', 'party_size_number': 2, 'restaurant_name': 'La Piazza', 'restaurant_type': 'Italian', 'served_dish': 'pasta', 'sort': 'outdoor seating'}"
test_286,The Mystery of the Tolling Bell сериалны 4 йолдызга бәялә .,RateBook,SearchCreativeWork,False,0.9682,False,False,True,"{'object_name': 'The Mystery of the Tolling Bell', 'object_part_of_series_type': 'сериалны', 'rating_value': '4', 'rating_unit': 'йолдызга'}","{'object_name': 'The Mystery of the Tolling Bell', 'object_type': 'сериал'}"
test_287,Музыка уйнау өчен Groove Shark куллан,PlayMusic,PlayMusic,True,0.9648,False,False,False,{'service': 'Groove Shark'},"{'album': 'Groove Shark', 'artist': 'null', 'datetime': 'null', 'genre': 'null', 'music_item': 'null', 'playlist': 'null', 'service': 'null', 'sort': 'null', 'track': 'null'}"
test_288,Якындагы кинотеатрда Snowbound күрсәтү графигын тикшер .,SearchScreeningEvent,SearchScreeningEvent,True,0.9435,False,False,True,"{'location': 'Якындагы', 'object_location_type': 'кинотеатрда', 'movie_name': 'Snowbound'}","{'movie_name': 'Snowbound', 'location': 'кинотеатр', 'movie_type': None, 'object_location_type': None, 'object_type': None}"
test_289,"Зинһар, Zvooq ач",PlayMusic,BookRestaurant,False,0.8916,False,False,False,{'service': 'Zvooq'},"{'cuisine': 'Italian', 'datetime': '2023-10-27', 'facility': 'outdoor seating', 'location': 'Central Park', 'party_size_description': 'large', 'party_size_number': 10, 'restaurant_name': 'La Piazza', 'restaurant_type': 'Italian', 'served_dish': 'pasta', 'sort': 'outdoor seating'}"
test_290,1 кешегә урын Меритта Town of Ramsgate броньла,BookRestaurant,BookRestaurant,True,0.9101,False,False,True,"{'party_size_number': '1', 'location': 'Меритта', 'restaurant_name': 'Town of Ramsgate'}","{'cuisine': 'italian', 'datetime': '2023-10-27', 'facility': 'outdoor seating', 'location': 'Ramsgate', 'party_size_description': '2 people', 'party_size_number': 2, 'restaurant_name': 'The Italian', 'restaurant_type': 'Italian', 'served_dish': 'pasta', 'sort': 'outdoor seating'}"
test_291,I Think I Do кичке 7-дә уйныймы ?,SearchScreeningEvent,PlayMusic,False,0.87,False,False,False,"{'movie_name': 'I Think I Do', 'datetime': 'кичке 7-дә'}","{'album': 'I Think I Do', 'artist': 'The Beatles', 'datetime': '7-дә уйныймы', 'genre': 'pop', 'music_item': 'I Think I Do', 'playlist': None, 'service': 'null', 'sort': None}"
test_292,Custer National Forest кичке җидедә салкынрак булырмы,weather/find,weather,False,0.9215,False,False,True,"{'location': 'Custer National Forest', 'datetime': 'кичке җидедә', 'condition_temperature': 'салкынрак'}","{'condition_description': 'салкын', 'datetime': 'null', 'location': 'Custer National Forest'}"
test_293,Мин Youtube-та берәр нәрсә тыңларга телим,PlayMusic,SearchCreativeWork,False,0.9268,False,False,False,{'service': 'Youtube-та'},"{'object_name': 'фильм', 'object_type': 'фильм'}"
test_294,Difficult Loves уенын эзлә,SearchCreativeWork,SearchCreativeWork,True,0.9197,False,False,False,"{'object_name': 'Difficult Loves', 'object_type': 'уенын'}","{'object_name': 'уены', 'object_type': 'иҗади әсәр'}"
test_295,Нинди һава торышы 20 февральгә Bothe-Napa Valley дәүләт паркында ?,weather/find,weather,False,0.9402,False,False,False,"{'datetime': '20 февральгә', 'location': 'Bothe-Napa Valley дәүләт паркында'}","{'location': 'Bothe-Napa Valley', 'condition_description': 'һава торышы', 'datetime': '20 февраль'}"
test_296,миңа кинотеатр янындагы The Great Gildersleeve фильмы сессияләре расписаниесен күрсәт,SearchScreeningEvent,SearchScreeningEvent,True,0.9374,False,False,True,"{'object_location_type': 'кинотеатр', 'movie_name': 'The Great Gildersleeve', 'object_type': 'расписаниесен'}","{'movie_name': 'The Great Gildersleeve', 'movie_type': 'film', 'object_location_type': 'cinema', 'object_location': 'The Great Gildersleeve'}"
test_297,Миңа Гибслендта һава торышын әйт,weather/find,weather,False,0.9087,False,False,False,{'location': 'Гибслендта'},"{'condition_description': 'яңгыр', 'condition_temperature': 'салкын', 'datetime': '2023-10-27', 'location': 'Гибсленд'}"
test_298,Мин күршедәге кино графигын белә аламмы,SearchScreeningEvent,SearchScreeningEvent,True,0.9071,False,False,False,"{'location': 'күршедәге', 'movie_type': 'кино', 'object_type': 'графигын'}","{'movie_name': 'Мин күршедәге кино графигын белә аламмы', 'movie_type': 'кино', 'object_location_type': 'күрсәтү урыны', 'object_type': 'фильм'}"
test_299,Soul Music-ка 0 балл бир .,RateBook,RateBook,True,0.9453,False,False,False,"{'object_name': 'Soul Music-ка', 'rating_value': '0'}","{'object_name': 'Soul Music', 'object_type': 'әсәр', 'rating_value': '0', 'rating_unit': 'балл'}"
test_300,Сарджентстада татар тавернасында биш кешегә өстәл заказ итегез,BookRestaurant,BookRestaurant,True,0.9179,False,False,True,"{'location': 'Сарджентстада', 'cuisine': 'татар', 'restaurant_type': 'тавернасында', 'party_size_number': 'биш'}","{'cuisine': 'татар', 'datetime': 'татар', 'facility': 'татар', 'location': 'татар', 'party_size_description': 'биш кеше', 'party_size_number': 'биш', 'restaurant_name': 'татар', 'restaurant_type': 'татар', 'served_dish': 'татар', 'sort': 'татар'}"
test_301,All Things Must Pass кабыз,PlayMusic,SearchCreativeWork,False,0.9559,False,False,True,{'track': 'All Things Must Pass'},"{'object_name': 'All Things Must Pass', 'object_type': 'film'}"
test_302,Кореяда бер сәгатьтән соң нинди яңгыр фаразы булачак,weather/find,weather/find,True,0.9179,False,False,True,"{'location': 'Кореяда', 'datetime': 'бер сәгатьтән соң', 'condition_description': 'яңгыр'}","{'condition_description': 'хава торышы тасвирламасы: яңгыр', 'location': 'Корея', 'datetime': 'бер сәгатьтән соң'}"
test_303,Оклахомада South Street Diner-да 4 кешелек урын броньла,BookRestaurant,BookRestaurant,True,0.9438,False,False,True,"{'location': 'Оклахомада', 'restaurant_name': 'South Street Diner-да', 'party_size_number': '4'}","{'cuisine': 'American', 'datetime': '2023-10-27', 'facility': 'table', 'location': 'South Street Diner', 'party_size_description': '4 people', 'party_size_number': 4, 'restaurant_name': 'South Street Diner', 'restaurant_type': 'restaurant', 'served_dish': None, 'sort': None}"
test_304,Netflix-тан музыканы уйнат .,PlayMusic,PlayMusic,True,0.9768,False,False,False,{'service': 'Netflix-тан'},"{'album': 'null', 'artist': 'null', 'datetime': 'null', 'genre': 'null', 'music_item': 'null', 'playlist': 'null', 'service': 'null', 'sort': 'null', 'track': 'null'}"
test_305,Мин Shattered Image-не күрергә телим .,SearchScreeningEvent,SearchCreativeWork,False,0.9523,False,False,False,{'movie_name': 'Shattered Image-не'},{'object_name': 'Shattered Image'}
test_306,The Sound of One Hand Clapping-ны таб,SearchCreativeWork,SearchCreativeWork,True,0.9623,False,False,False,{'object_name': 'The Sound of One Hand Clapping-ны'},"{'object_name': 'The Sound of One Hand Clapping', 'object_type': 'film'}"
test_307,Wolves Within альбомын эзлә,SearchCreativeWork,SearchCreativeWork,True,0.9727,False,False,False,"{'object_name': 'Wolves Within', 'object_type': 'альбомын'}","{'object_name': 'Wolves Within', 'object_type': 'альбом'}"
test_308,берәр кинотеатрда We Are Northern Lights күрсәтеләрмә,SearchScreeningEvent,SearchScreeningEvent,True,0.9378,False,False,True,"{'object_location_type': 'кинотеатрда', 'movie_name': 'We Are Northern Lights'}","{'movie_name': 'We Are Northern Lights', 'location': 'кинотеатр', 'movie_type': 'фильм', 'object_location_type': 'кинотеатр', 'object_type': 'фильм'}"
test_309,"Безнең кечкенә дөнья почмагы, Гилмор кыз музыкасы минем Иң көлкесе әйберләр футболда плейлистыма өстә.",AddToPlaylist,AddToPlaylist,True,0.8976,False,False,False,"{'entity_name': 'Безнең кечкенә дөнья почмагы , Гилмор кыз музыкасы', 'reference': 'минем', 'playlist': 'Иң көлкесе әйберләр футболда'}","{'artist': 'Гилмор', 'entity_name': 'Музыка', 'music_item': 'Минем Иң көлкесе', 'playlist': 'плейлистка', 'reference': 'плейлистыма'}"
test_310,Саутфорд Фолс дәүләт паркында эссе һава торышы фаразы нинди,weather/find,weather,False,0.9002,False,False,True,"{'location': 'Саутфорд Фолс дәүләт паркында', 'condition_temperature': 'эссе'}","{'condition_description': 'эссе һава торышы', 'location': 'Саутфорд Фолс дәүләт паркы', 'datetime': 'нинд'}"
test_311,"Зинһар, миӊа Гана парковкасы белән пиццерия өстәленә заказ бир .",BookRestaurant,AddToPlaylist,False,0.8808,False,False,True,"{'location': 'Гана', 'facility': 'парковкасы', 'restaurant_type': 'пиццерия'}","{'artist': 'Гана', 'entity_name': 'пиццерия', 'music_item': 'не знае', 'playlist': 'не знае', 'reference': 'не знае'}"
test_312,Мин җитмешенче еллар саундтрегын тыңларга телим .,PlayMusic,SearchCreativeWork,False,0.8678,False,False,False,"{'datetime': 'җитмешенче', 'music_item': 'саундтрегын'}","{'object_name': 'музыкаль объект төре', 'object_type': 'фильм'}"
test_313,Ике сәгатьтән соң Үзбәкстанда һава торышы,weather/find,weather,False,0.9184,False,False,False,"{'datetime': 'Ике сәгатьтән соң', 'location': 'Үзбәкстанда'}","{'condition_description': 'һава торышы', 'condition_temperature': 'салкын', 'datetime': '2023-10-27', 'location': 'Үзбәкстан'}"
test_314,"Зинһар, миңа Journal of the British Astronomical Association фильмын таб .",SearchCreativeWork,SearchCreativeWork,True,0.9648,False,False,False,"{'object_name': 'Journal of the British Astronomical Association', 'object_type': 'фильмын'}","{'object_name': 'Journal of the British Astronomical Association', 'object_type': 'фильм'}"
test_315,"Уордвилл-да, Канзас-та 8 кешелек урын броньла",BookRestaurant,BookRestaurant,True,0.9122,False,False,False,"{'location': 'Уордвилл-да | Канзас-та', 'party_size_number': '8'}","{'cuisine': 'Italian', 'datetime': '2023-10-27', 'facility': 'outdoor seating', 'location': 'Kansas City', 'party_size_description': '8 people', 'party_size_number': 8, 'restaurant_name': 'The Italian Place', 'restaurant_type': 'Italian', 'served_dish': 'pasta', 'sort': 'outdoor seating'}"
test_316,Нинди һава торышы моннан ерак булачак ?,weather/find,weather,False,0.9321,False,False,False,{'location': 'моннан | ерак'},"{'condition_description': 'яңгыр', 'condition_temperature': 'салкын', 'datetime': 'дата/вакыт', 'location': 'урын'}"
test_317,Ричард Макнамараның яңа җырын Just Smile плейлистыма өстә,AddToPlaylist,AddToPlaylist,True,0.971,False,False,False,"{'artist': 'Ричард Макнамараның', 'music_item': 'җырын', 'playlist': 'Just Smile'}","{'artist': 'Ричард Макнамара', 'entity_name': 'Just Smile', 'music_item': 'плейлист', 'playlist': 'Just Smile'}"
test_318,монда 1 секундтан соң никадәр салкын булыр,weather/find,weather,False,0.9224,False,False,True,"{'location': 'монда', 'datetime': '1 секундтан соң', 'condition_temperature': 'салкын'}","{'condition_description': 'салкын', 'datetime': '1 секундтан соң', 'location': 'null'}"
test_319,With You исемле рәсем эзлә,SearchCreativeWork,SearchCreativeWork,True,0.9573,False,False,False,"{'object_name': 'With You', 'object_type': 'рәсем'}","{'object_name': 'With You', 'object_type': 'фильм'}"
test_320,Deadly Weapons иҗади эшен таб,SearchCreativeWork,SearchCreativeWork,True,0.9705,False,False,False,{'object_name': 'Deadly Weapons'},{'object_name': 'Deadly Weapons'}
test_321,Ноябрьдә Брукнилда һава торышы нинди булыр ?,weather/find,weather,False,0.9188,False,False,False,"{'datetime': 'Ноябрьдә', 'location': 'Брукнилда'}","{'condition_description': 'һава торышы', 'datetime': 'Ноябрь', 'location': 'Брукнил'}"
test_322,Токмач өчен тавернада өстәл броньла,BookRestaurant,BookRestaurant,True,0.9159,False,False,True,"{'served_dish': 'Токмач', 'restaurant_type': 'тавернада'}","{'cuisine': 'Italian', 'datetime': '2023-10-27', 'facility': 'outdoor seating', 'location': 'Central Park', 'party_size_description': '4 people', 'party_size_number': 4, 'restaurant_name': 'La Piazza', 'restaurant_type': 'Italian', 'served_dish': 'pasta', 'sort': 'outdoor seating'}"
test_323,Коста-Рикада нинди һава торышы,weather/find,weather,False,0.9103,False,False,False,{'location': 'Коста - Рикада'},"{'condition_description': 'хава торышы', 'datetime': 'дата/вакыт', 'location': 'Коста-Рика'}"
test_324,The Two Gladiators уйнымы,SearchScreeningEvent,SearchCreativeWork,False,0.9734,False,False,False,{'movie_name': 'The Two Gladiators'},{'object_name': 'The Two Gladiators'}
test_325,Star Theatres-да нинди фильмнар бар .,SearchScreeningEvent,SearchScreeningEvent,True,0.916,False,False,False,"{'location': 'Star Theatres-да', 'movie_type': 'фильмнар'}","{'movie_name': 'ниндди', 'movie_type': 'фильм', 'object_location_type': 'күрсәтү урыны төре', 'object_type': 'фильм'}"
test_326,Зинһар миңа Harry Hood сагасын таба аласызмы ?,SearchCreativeWork,SearchCreativeWork,True,0.9379,False,False,False,"{'object_name': 'Harry Hood', 'object_type': 'сагасын'}","{'object_name': 'Harry Hood', 'object_type': 'film'}"
test_327,бу көйне минем Sleepify плейлистыма өстә,AddToPlaylist,AddToPlaylist,True,0.8985,False,False,False,"{'music_item': 'көйне', 'reference': 'минем', 'playlist': 'Sleepify'}","{'artist': 'Sleepify', 'entity_name': 'плейлистка', 'music_item': 'плейлистка', 'playlist': 'Sleepify'}"
test_328,Any Which Way You Can 15 секундтан соң уйнаячакмы,SearchScreeningEvent,PlayMusic,False,0.8702,False,False,False,"{'movie_name': 'Any Which Way You Can', 'datetime': '15 секундтан соң'}","{'album': 'Any Which Way You Can', 'artist': 'The Beatles', 'datetime': '15 seconds', 'genre': 'Rock', 'music_item': 'Any Which Way You Can', 'playlist': None, 'service': 'null', 'sort': 'null'}"
test_329,E-type музыкасын кабыз .,PlayMusic,PlayMusic,True,0.8867,False,False,False,{'artist': 'E-type'},"{'album': 'E-type', 'artist': 'музыкасын', 'datetime': 'кабыз', 'genre': 'музыка', 'music_item': 'музыка', 'playlist': 'плейлист', 'service': 'музыкаль сервис', 'sort': 'сайлау/тәртипләү критерие', 'track': 'трек'}"
test_330,Хәзерге китапка бер йолдыз куй,RateBook,RateBook,True,0.9324,False,False,False,"{'object_select': 'Хәзерге', 'object_type': 'китапка', 'rating_value': 'бер'}","{'object_name': 'китапка', 'object_part_of_series_type': 'том', 'object_select': 'бу', 'object_type': 'китап', 'rating_unit': 'йолдыз', 'rating_value': '4'}"
test_331,Louis Nelson Delisle-ның Another Passenger уйнат .,PlayMusic,SearchCreativeWork,False,0.9596,False,False,True,"{'artist': 'Louis Nelson Delisle-ның', 'album': 'Another Passenger'}",{'object_name': 'Another Passenger'}
test_332,Кайда мин кино графигын таба алам,SearchScreeningEvent,SearchScreeningEvent,True,0.9784,False,False,False,{'object_type': 'кино графигын'},"{'datetime': 'дата/вакыт', 'location': 'урын', 'movie_name': 'фильм исеме', 'movie_type': 'фильм төре', 'object_location_type': 'күрсәтү урыны төре', 'object_type': 'объект төре'}"
test_333,Эмерадода Сен-Пьер һәм Микелонда 26 сентябрьгә нинди һава торышы,weather/find,weather,False,0.919,False,False,False,"{'location': 'Эмерадода | Сен - Пьер һәм Микелонда', 'datetime': '26 сентябрьгә'}","{'condition_description': 'һава торышы тасвирламасы: яңгыр', 'location': 'Эмерадода Сен-Пьер, Микелонда'}"
test_334,Ted Peters Famous Smoked Fish-та Окфилд янында 17 секундтансын ашарга барык,BookRestaurant,BookRestaurant,True,0.9364,False,False,True,"{'restaurant_name': 'Ted Peters Famous Smoked Fish-та', 'location': 'Окфилд | янында', 'datetime': '17 секундтансын'}","{'cuisine': 'smoked fish', 'datetime': '17 seconds', 'facility': 'restaurant', 'location': 'Okfield', 'party_size_description': None, 'party_size_number': None, 'restaurant_name': 'Ted Peters', 'restaurant_type': None, 'served_dish': 'smoked fish', 'sort': None}"
test_335,миңа Good Morning Sunshine трейлерын таб,SearchCreativeWork,SearchScreeningEvent,False,0.9437,False,False,False,"{'object_name': 'Good Morning Sunshine', 'object_type': 'трейлерын'}","{'movie_name': 'Good Morning Sunshine', 'movie_type': 'film', 'object_location_type': 'cinema', 'object_type': 'film'}"
test_336,Мин Нидерланд Антиль утрауларында 3 кешегә сыра ресторанны броньларга телим .,BookRestaurant,BookRestaurant,True,0.9062,False,False,False,"{'location': 'Нидерланд Антиль утрауларында', 'party_size_number': '3', 'restaurant_type': 'сыра ресторанны'}","{'cuisine': 'нидерланд', 'datetime': '3 кешегә сыра', 'facility': 'ресторан', 'location': 'Нидерланд', 'party_size_description': '3 кешегә сыра', 'party_size_number': '3', 'restaurant_name': 'ресторан', 'restaurant_type': 'ресторан', 'served_dish': None, 'sort': None}"
test_337,бу хәзерге альбомга 0 йолдыз куй,RateBook,PlayMusic,False,0.9642,False,False,False,"{'object_select': 'бу хәзерге', 'object_type': 'альбомга', 'rating_value': '0', 'rating_unit': 'йолдыз'}","{'album': '0 йолдыз', 'artist': None, 'datetime': None, 'genre': None, 'music_item': None, 'playlist': None, 'service': None, 'sort': None, 'track': None}"
test_338,Монакода Yankee Doodle Coffee Ѕһор-та урын алырга теләр идем,BookRestaurant,BookRestaurant,True,0.9269,False,False,True,"{'location': 'Монакода', 'restaurant_name': 'Yankee Doodle Coffee Ѕһор-та'}","{'cuisine': 'Italian', 'datetime': '2023-10-27', 'facility': 'outdoor seating', 'location': 'Monaco', 'party_size_description': '2 people', 'party_size_number': 2, 'restaurant_name': 'Yankee Doodle Coffee', 'restaurant_type': 'cafe', 'served_dish': 'coffee', 'sort': 'outdoor seating'}"
test_339,Political punks плейлистыма башкаручыны өстә.,AddToPlaylist,AddToPlaylist,True,0.9206,False,False,False,"{'playlist': 'Political punks', 'music_item': 'башкаручыны'}","{'artist': 'Political punks', 'entity_name': 'плейлисты', 'music_item': 'плейлисты', 'playlist': 'плейлисты'}"
test_340,Дүрт айдан соң Саванида AK-ында салкынрак булырмы,weather/find,weather,False,0.9282,False,False,True,"{'datetime': 'Дүрт айдан соң', 'location': 'Саванида | AK-ында', 'condition_temperature': 'салкынрак'}","{'condition_description': 'салкын', 'datetime': 'Дүрт айдан соң', 'location': 'Саванида', 'weather/attribute': 'булырмы'}"
test_341,минем Crash Course плейлистыма Muzika za decu өстә,AddToPlaylist,AddToPlaylist,True,0.9499,False,False,False,"{'reference': 'минем', 'playlist': 'Crash Course', 'entity_name': 'Muzika za decu'}","{'artist': 'Muzika za decu', 'entity_name': 'Muzika za decu', 'music_item': 'playlist', 'playlist': 'Muzika za decu'}"
test_342,Molecular Oncology сагасын эзли аласынмы ?,SearchCreativeWork,SearchCreativeWork,True,0.9581,False,False,False,"{'object_name': 'Molecular Oncology', 'object_type': 'сагасын'}",{'object_name': 'Molecular Oncology'}
test_343,Мин алты кешелек ресторанны Вагстаффта AK-да броньларга телим .,BookRestaurant,BookRestaurant,True,0.9137,False,False,False,"{'party_size_number': 'алты', 'restaurant_type': 'ресторанны', 'location': 'Вагстаффта | AK-да'}","{'cuisine': 'аш-су төре', 'datetime': 'Вагстаффта', 'facility': 'ресторан уңайлыклары', 'location': 'Вагстаффта', 'party_size_description': 'алты кешелек', 'party_size_number': '7', 'restaurant_name': 'ресторан', 'restaurant_type': 'ресторан', 'served_dish': None, 'sort': None}"
test_344,Дэвид Линдлиның симфоник музыкасын уйнат .,PlayMusic,PlayMusic,True,0.9064,False,False,False,"{'artist': 'Дэвид Линдлиның', 'music_item': 'симфоник'}","{'album': 'Дэвид Линдли', 'artist': 'Дэвид Линдли', 'datetime': 'ниә', 'genre': 'симфоник музыка', 'music_item': 'музыка', 'playlist': None, 'service': None, 'sort': None, 'track': None}"
test_345,"Зинһар, миңа Now We Are Married телесериалын таб .",SearchCreativeWork,SearchCreativeWork,True,0.963,False,False,False,"{'object_name': 'Now We Are Married', 'object_type': 'телесериалын'}","{'object_name': 'Now We Are Married', 'object_type': 'фильм'}"
test_346,Мин Outcast-ны карарга телим .,SearchScreeningEvent,SearchCreativeWork,False,0.9408,False,False,False,{'movie_name': 'Outcast-ны'},{'object_name': 'Мин Outcast'}
test_347,минем This Is Tchaikovsky плейлистыма хәзерге трекны өстә,AddToPlaylist,AddToPlaylist,True,0.9326,False,False,False,"{'reference': 'минем', 'playlist': 'This Is Tchaikovsky', 'music_item': 'трекны'}","{'artist': 'Tchaikovsky', 'entity_name': 'This Is Tchaikovsky', 'music_item': 'track', 'playlist': 'плейлист', 'reference': 'хәзерге'}"
test_348,Lastfm-да This Is: Miles Davis-ны кабыз .,PlayMusic,SearchCreativeWork,False,0.9601,False,False,False,"{'service': 'Lastfm-да', 'playlist': 'This Is: Miles Davis-ны'}",{'object_name': 'This Is: Miles Davis'}
test_349,Танзаниядә кабымханәдә 5 кешегә иң яхшы өстәлне броньла,BookRestaurant,BookRestaurant,True,0.8933,False,False,False,"{'location': 'Танзаниядә', 'restaurant_type': 'кабымханәдә', 'party_size_number': '5', 'sort': 'иң яхшы'}","{'cuisine': 'Italian', 'datetime': '2023-10-27', 'facility': 'outdoor seating', 'location': 'Tanzania', 'party_size_description': '5 people', 'party_size_number': 5, 'restaurant_name': 'La Bella Vita', 'restaurant_type': 'Italian', 'served_dish': 'pasta', 'sort': 'best service'}"
test_350,Әйдә Vimeo-да яхшы элекке Mohammad Mamle тыңлыйк .,PlayMusic,SearchCreativeWork,False,0.9483,False,False,False,"{'service': 'Vimeo-да', 'sort': 'элекке', 'artist': 'Mohammad Mamle'}","{'object_name': 'Mohammad Mamle', 'object_type': 'film'}"
test_351,Vandemataram Srinivas трегын HipHop Hot 50-гә куй.,AddToPlaylist,SearchCreativeWork,False,0.9412,False,False,False,"{'artist': 'Vandemataram Srinivas', 'music_item': 'трегын', 'playlist': 'HipHop Hot 50-гә'}","{'object_name': 'Vandemataram Srinivas', 'object_type': 'фильм'}"
test_352,Миңа Secret South җырын таб .,SearchCreativeWork,BookRestaurant,False,0.8637,False,False,False,"{'object_name': 'Secret South', 'object_type': 'җырын'}","{'cuisine': 'south indian', 'datetime': 'today', 'facility': 'table for 4', 'location': 'city center', 'party_size_description': 'table for 4', 'party_size_number': 4, 'restaurant_name': 'Secret South', 'restaurant_type': 'south indian', 'served_dish': 'curry', 'sort': 'best rated'}"
test_353,Zvooq-та туксанынчы еллар җырлары,PlayMusic,SearchCreativeWork,False,0.8716,False,False,False,"{'service': 'Zvooq-та', 'datetime': 'туксанынчы'}","{'object_name': 'музыкаль объект төре: җыр, трек һ.б.'}"
test_354,кичке биштән башлап Техаста Admire-да һава торышы нинди,weather/find,weather,False,0.8497,False,False,False,"{'datetime': 'кичке биштән', 'location': 'Техаста | Admire-да'}","{'condition_description': 'хәзерге һава торышы', 'condition_temperature': 'салкын', 'datetime': 'ниндә', 'location': 'Техаста'}"
test_355,Last FM-да берәр нәрсә уйнат,PlayMusic,SearchCreativeWork,False,0.9357,False,False,False,{'service': 'Last FM-да'},{'object_name': 'Last FM'}
test_356,Мин якындагы кинотеатрда The Portrait of a Lady карарга телим .,SearchScreeningEvent,SearchScreeningEvent,True,0.9325,False,False,True,"{'location': 'якындагы', 'object_location_type': 'кинотеатрда', 'movie_name': 'The Portrait of a Lady'}","{'movie_name': 'The Portrait of a Lady', 'location': 'кинотеатр', 'movie_type': 'фильм', 'object_location_type': 'кинотеатр', 'object_type': 'фильм'}"
test_357,"Зинһар, миңа Phineas Redux таб .",SearchCreativeWork,BookRestaurant,False,0.8881,False,False,False,{'object_name': 'Phineas Redux'},"{'cuisine': 'Italian', 'datetime': '2023-10-27', 'facility': 'outdoor seating', 'location': 'Central Park', 'party_size_description': 'large', 'party_size_number': 10, 'restaurant_name': 'The Italian Place', 'restaurant_type': 'Italian', 'served_dish': 'pasta', 'sort': 'outdoor seating'}"
test_358,Laundry плейлистына 40 cal көйен өстә.,AddToPlaylist,AddToPlaylist,True,0.9497,False,False,False,"{'playlist': 'Laundry', 'artist': '40 cal', 'music_item': 'көйен'}","{'artist': 'null', 'entity_name': '40 cal', 'music_item': 'null', 'playlist': 'null', 'reference': 'null'}"
test_359,Itunes-ны ач һәм Ben Burnley Ready To Die-ны уйнат,PlayMusic,SearchCreativeWork,False,0.9551,False,False,True,"{'service': 'Itunes-ны', 'artist': 'Ben Burnley', 'album': 'Ready To Die-ны'}","{'object_name': 'Ben Burnley Ready To Die', 'object_type': 'film'}"
test_360,5-енче декабрьдә Лихул һәйкәле янында нинди һава торышы булачак ?,weather/find,weather,False,0.9573,False,False,False,"{'datetime': '5-енче декабрьдә', 'location': 'Лихул һәйкәле'}","{'condition_description': 'һава торышы тасвирламасы: яңгыр', 'condition_temperature': 'температура шартлары: салкын', 'datetime': '5-енче декабрь', 'location': 'Лихул', 'weather/attribute': 'һава торышы атрибуты: дымлылык'}"
test_361,Якындагы кинотеатрда Sexy Dance 2 расписаниесен күрсәт,SearchScreeningEvent,SearchScreeningEvent,True,0.8723,False,False,True,"{'location': 'Якындагы', 'object_location_type': 'кинотеатрда', 'movie_name': 'Sexy Dance 2', 'object_type': 'расписаниесен'}","{'movie_name': 'Sexy Dance 2', 'movie_type': 'фильм', 'object_location_type': 'кинотеатр', 'object_location': 'кыпкы', 'datetime': '2023-10-27'}"
test_362,Live at the Kings Center дип аталган җырны таб,SearchCreativeWork,SearchCreativeWork,True,0.9517,False,False,False,"{'object_name': 'Live at the Kings Center', 'object_type': 'җырны'}","{'object_name': 'Live at the Kings Center', 'object_type': 'song'}"
test_363,"Тайонкта , Нью-Джерсида нинди һава торышы",weather/find,weather,False,0.8971,False,False,False,{'location': 'Тайонкта | Нью - Джерсида'},"{'condition_description': 'хәзерге һава торышы', 'condition_temperature': 'салкын', 'datetime': '2023-10-27', 'location': 'Нью-Джерси', 'weather/attribute': 'дымлылык'}"
test_364,Мин биш кешелек өстәл Tupelo Honey Cafe-да Нью-Джерсида броньларга телим.,BookRestaurant,BookRestaurant,True,0.9212,False,False,True,"{'party_size_number': 'биш', 'restaurant_name': 'Tupelo Honey Cafe-да', 'location': 'Нью - Джерсида'}","{'cuisine': 'Tupelo Honey Cafe', 'datetime': 'New-Jersey', 'facility': 'cafe', 'location': 'Tupelo Honey Cafe', 'party_size_description': 'nine people', 'party_size_number': 'nine', 'restaurant_name': 'Tupelo Honey Cafe', 'restaurant_type': 'cafe', 'served_dish': None, 'sort': None}"
test_365,чәй йорта миӊа һәм минем cеңелләремә урын броньла,BookRestaurant,BookRestaurant,True,0.9262,False,False,True,"{'restaurant_type': 'чәй йорта', 'party_size_description': 'миӊа һәм минем cеңелләремә'}","{'cuisine': 'яңы', 'datetime': 'минем', 'facility': 'минем', 'location': 'минем', 'party_size_description': 'минем', 'party_size_number': 'минем', 'restaurant_name': 'минем', 'restaurant_type': 'минем', 'served_dish': 'минем', 'sort': 'минем'}"
test_366,16 февральдә Нидерландта эссе булачакмы ?,weather/find,weather/find,True,0.8871,False,False,True,"{'datetime': '16 февральдә', 'location': 'Нидерландта', 'condition_temperature': 'эссе'}","{'condition_description': 'есе', 'condition_temperature': 'эсе', 'datetime': '16 февраль', 'location': 'Нидерланд'}"
test_367,Мин jordan rudess-ны Divertido para niños плейлистына өстәргә телим.,AddToPlaylist,AddToPlaylist,True,0.9638,False,False,False,"{'artist': 'jordan rudess-ны', 'playlist': 'Divertido para niños'}","{'artist': 'jordan rudess', 'entity_name': 'Divertido para niños', 'music_item': 'playlist', 'playlist': 'Divertido para niños'}"
test_368,In the Company of Cheerful Ladies-ка 6-дан нуль куй,RateBook,BookRestaurant,False,0.9499,False,False,False,"{'object_name': 'In the Company of Cheerful Ladies-ка', 'best_rating': '6-дан', 'rating_value': 'нуль'}","{'cuisine': 'кафе', 'datetime': '6-дан нуль', 'facility': 'урынның уңайлыклары/үзенчәлекләре', 'location': 'In the Company of Cheerful Ladies', 'party_size_description': None, 'party_size_number': None, 'restaurant_name': 'In the Company of Cheerful Ladies', 'restaurant_type': None, 'served_dish': None, 'sort': None}"
test_369,Миңа иң яхшы бистрода өстәл броньла,BookRestaurant,BookRestaurant,True,0.8914,False,False,False,"{'sort': 'иң яхшы', 'restaurant_type': 'бистрода'}","{'cuisine': 'Italian', 'datetime': '2023-10-27', 'facility': 'outdoor seating', 'location': 'city center', 'party_size_description': 'large', 'party_size_number': 10, 'restaurant_name': 'La Bella Vista', 'restaurant_type': 'Italian', 'served_dish': 'pasta', 'sort': 'best service'}"
test_370,Хәзерге дәреслеккә 6-дан 1 куй,RateBook,alarm/set_alarm,False,0.9124,False,False,False,"{'object_select': 'Хәзерге', 'object_type': 'дәреслеккә', 'best_rating': '6-дан', 'rating_value': '1'}","{'datetime': '2023-10-27 18:00', 'recurring_datetime': None, 'reference': None, 'reminder/todo': None}"
test_371,кино вакытлары кайчан,SearchScreeningEvent,SearchScreeningEvent,True,0.9234,False,False,False,{'object_type': 'кино вакытлары'},"{'datetime': 'кача', 'location': 'кача', 'movie_name': 'кача', 'movie_type': 'кача', 'object_location_type': 'кача', 'object_type': 'кача'}"
test_372,Огайода нинди hава торышы булачак ?,weather/find,weather,False,0.9312,False,False,False,{'location': 'Огайода'},"{'condition_description': 'яңгыр', 'condition_temperature': 'салкын', 'datetime': 'дата/вакыт', 'location': 'урын'}"
test_373,Бу артистны Showstopper Being Mary Jane плейлистына өстә,AddToPlaylist,SearchCreativeWork,False,0.9568,False,False,False,"{'music_item': 'артистны', 'playlist': 'Showstopper Being Mary Jane'}","{'object_name': 'Showstopper Being Mary Jane', 'object_type': 'playlist'}"
test_374,Балаларыма һәм миңа броньла,BookRestaurant,BookRestaurant,True,0.8942,False,False,True,{'party_size_description': 'Балаларыма һәм миңа'},"{'cuisine': 'Italian', 'datetime': '2023-10-27', 'facility': 'outdoor seating', 'location': 'Central Park', 'party_size_description': 'large', 'party_size_number': 10, 'restaurant_name': 'La Bella Luna', 'restaurant_type': 'Italian', 'served_dish': 'pasta', 'sort': 'outdoor seating'}"
test_375,2035 елның 21 августында Сарыкамыш тыюлыгыда нинди һава торышы булачак ?,weather/find,weather,False,0.9444,False,False,False,"{'datetime': '2035 елның 21 августында', 'location': 'Сарыкамыш тыюлыгыда'}","{'condition_description': 'һава торышы', 'condition_temperature': 'салкын', 'datetime': '2035 елның 21 августы', 'location': 'Сарыкамыш', 'weather/attribute': 'дымлылык'}"
test_376,Руфь китапка 6-дан биш балл бир .,RateBook,RateBook,True,0.9395,False,False,False,"{'object_name': 'Руфь китапка', 'best_rating': '6-дан', 'rating_value': 'биш', 'rating_unit': 'балл'}","{'object_name': 'китап', 'object_part_of_series_type': None, 'object_select': None, 'object_type': 'китап', 'rating_unit': 'балл', 'rating_value': '6'}"
test_377,Reminiscences of the Anti-Japanese Guerillas хроникасы 6-дан ноль балл рейтинг лаек.,RateBook,RateBook,True,0.939,False,False,True,"{'object_name': 'Reminiscences of the Anti-Japanese Guerillas', 'object_part_of_series_type': 'хроникасы', 'best_rating': '6-дан', 'rating_value': 'ноль', 'rating_unit': 'балл'}","{'object_name': 'Reminiscences of the Anti-Japanese Guerillas', 'object_type': 'книги', 'best_rating': '6', 'rating_value': '6'}"
test_378,Миңа Көньяк Театрларындагы кино графикларын күрсәт,SearchScreeningEvent,SearchScreeningEvent,True,0.9309,False,False,False,"{'location': 'Көньяк Театрларындагы', 'object_type': 'кино графикларын'}","{'movie_name': 'Миңа Көньяк Театрлары', 'movie_type': 'кино', 'object_location_type': 'театр', 'object_type': 'фильм'}"
test_379,Якындагы кинотеатрда кино графикларын таб,SearchScreeningEvent,SearchScreeningEvent,True,0.8998,False,False,False,"{'location': 'Якындагы кинотеатрда', 'object_type': 'кино графикларын'}","{'movie_name': 'Якындагы кинотеатрда кино графикларын таб', 'location': 'Якындагы', 'movie_type': 'кино', 'object_location_type': 'кинотеатр', 'object_type': 'кино театры'}"
test_380,Бу альбом Испан ритмнар плейлистына өстә,AddToPlaylist,AddToPlaylist,True,0.9215,False,False,False,"{'music_item': 'альбом', 'playlist': 'Испан ритмнар'}","{'artist': 'Испан ритмнар', 'entity_name': 'плейлистка', 'music_item': 'альбом', 'playlist': 'плейлистка', 'reference': 'Испан ритмнар'}"
test_381,6 кешегә креол тавернасында Черногориядә броньла,BookRestaurant,BookRestaurant,True,0.8988,False,False,True,"{'party_size_number': '6', 'cuisine': 'креол', 'restaurant_type': 'тавернасында', 'location': 'Черногориядә'}","{'cuisine': 'Italian', 'datetime': '2023-10-27', 'facility': 'outdoor seating', 'location': 'Black Sea', 'party_size_description': '2 people', 'party_size_number': 2, 'restaurant_name': 'La Bella Vista', 'restaurant_type': 'Italian', 'served_dish': 'pasta', 'sort': 'outdoor seating'}"
test_382,Cathedral сериясенә дүрт йолдыз бир .,RateBook,SearchCreativeWork,False,0.9424,False,False,True,"{'object_name': 'Cathedral', 'object_part_of_series_type': 'сериясенә', 'rating_value': 'дүрт', 'rating_unit': 'йолдыз'}","{'object_name': 'серия', 'object_type': 'серия'}"
test_383,The Famous Flower of Serving-Men минем кичке акустика плейлистымна өстә.,AddToPlaylist,AddToPlaylist,True,0.9228,False,False,False,"{'entity_name': 'The Famous Flower of Serving-Men', 'reference': 'минем', 'playlist': 'кичке акустика'}","{'artist': 'The Famous Flower of Serving-Men', 'entity_name': 'плейлистка', 'music_item': 'плейлистка', 'playlist': 'плейлистка'}"
test_384,Миңа ArcLight Hollywood кинотеатырында анимацион фильмнарга гына расписаниесене күрсәт,SearchScreeningEvent,SearchScreeningEvent,True,0.9107,False,False,False,"{'location': 'ArcLight Hollywood кинотеатырында', 'movie_type': 'анимацион фильмнарга', 'object_type': 'расписаниесене'}","{'movie_name': 'анимацион фильм', 'movie_type': 'фильм', 'object_location_type': 'кинотеатры', 'object_location': 'ArcLight Hollywood'}"
test_385,"Зинһар, Йолдызлы төн рәсемне таб .",SearchCreativeWork,SearchCreativeWork,True,0.9317,False,False,False,"{'object_name': 'Йолдызлы төн', 'object_type': 'рәсемне'}","{'object_name': 'рәсем', 'object_type': 'әсәр'}"
test_386,Бу урында 15:19:29 дымлылык нинди булачак ?,weather/find,weather,False,0.914,False,False,True,"{'location': 'Бу урында', 'datetime': '15:19:29', 'condition_description': 'дымлылык'}",{'weather/attribute': 'дымлылык'}
test_387,мин JLA Adventures: Trapped In Time-ны карарга телим,SearchScreeningEvent,SearchCreativeWork,False,0.9671,False,False,False,{'movie_name': 'JLA Adventures: Trapped In Time-ны'},{'object_name': 'JLA Adventures: Trapped In Time'}
test_388,This Is Johnny Cash-ка дерек уоткинсныӊ көйен өстә,AddToPlaylist,SearchCreativeWork,False,0.9392,False,False,False,"{'playlist': 'This Is Johnny Cash-ка', 'artist': 'дерек уоткинсныӊ', 'music_item': 'көйен'}","{'object_name': 'Johnny Cash', 'object_type': 'әсәр'}"
test_389,Fire in the Hole дип аталган иҗади эш таб,SearchCreativeWork,SearchCreativeWork,True,0.9608,False,False,False,{'object_name': 'Fire in the Hole'},"{'object_name': 'Fire in the Hole', 'object_type': 'film'}"
test_390,пэтныӊ колледж янында өстәлне броньла,BookRestaurant,AddToPlaylist,False,0.8786,False,False,False,{'location': 'пэтныӊ колледж | янында'},"{'artist': 'pэтныӊ', 'entity_name': 'пэтныӊ колледж', 'music_item': 'музыкаль объект төре', 'playlist': 'плейлист', 'reference': 'пэтныӊ колледж янында өстәлне'}"
test_391,Patrick Still Lives AMC кинотеатрларында барамы,SearchScreeningEvent,SearchScreeningEvent,True,0.9467,False,False,False,"{'movie_name': 'Patrick Still Lives', 'location': 'AMC кинотеатрларында'}","{'movie_name': 'Patrick Still Lives', 'movie_type': 'film', 'object_location_type': 'cinema', 'object_type': 'film'}"
test_392,Мин спа массажын броньларга телим .,BookRestaurant,BookRestaurant,True,0.9233,False,False,True,"{'facility': 'спа', 'restaurant_type': 'массажын'}","{'cuisine': 'массаж', 'datetime': 'телим', 'facility': 'телим', 'location': 'телим', 'party_size_description': 'телим', 'party_size_number': 'телим', 'restaurant_name': 'телим', 'restaurant_type': 'телим', 'served_dish': 'телим', 'sort': 'телим'}"
test_393,14 сәгатьтән соң берәр җирдә Кварривиллда өстәл кирәк,BookRestaurant,SearchCreativeWork,False,0.8811,False,False,False,"{'datetime': '14 сәгатьтән соң', 'location': 'Кварривиллда'}","{'object_name': 'Кварривилл', 'object_type': 'кытап'}"
test_394,Гари Ли Коннерны уйнат,PlayMusic,SearchCreativeWork,False,0.9371,False,False,False,{'artist': 'Гари Ли Коннерны'},"{'object_name': 'Гари Ли Коннер', 'object_type': 'фильм'}"
test_395,иң якын кинотеатрны кайда Boycott-ны күрсәтәләр күрсәт,SearchScreeningEvent,SearchScreeningEvent,True,0.9121,False,False,True,"{'location': 'иң якын', 'object_location_type': 'кинотеатрны', 'movie_name': 'Boycott-ны'}","{'movie_name': 'Boycott', 'location': 'кинотеатр', 'movie_type': 'фильм', 'object_location_type': 'кинотеатр', 'object_type': 'фильм'}"
test_396,"Зинһар, минем ecstatic плейлистны кабыз.",PlayMusic,AddToPlaylist,False,0.9362,False,False,False,{'playlist': 'ecstatic'},"{'artist': 'башкаручы', 'entity_name': 'плейлист', 'music_item': 'музыкаль объект төре', 'playlist': 'плейлист исеме', 'reference': 'конкрет объектка күрсәтү: «моны», «хәзергене» һ.б.'}"
test_397,"Зинһар, The Mad Magician җырын таб .",SearchCreativeWork,BookRestaurant,False,0.8933,False,False,False,"{'object_name': 'The Mad Magician', 'object_type': 'җырын'}","{'cuisine': 'Italian', 'datetime': '2023-10-27', 'facility': 'outdoor seating', 'location': 'Central Park', 'party_size_description': 'large', 'party_size_number': 10, 'restaurant_name': 'The Mad Magician', 'restaurant_type': 'Italian', 'served_dish': 'pasta', 'sort': 'outdoor seating'}"
test_398,Bow Tie Cinemas-ның расписаниесен тикшер .,SearchScreeningEvent,SearchScreeningEvent,True,0.9006,False,False,False,"{'location': 'Bow Tie Cinemas-ның', 'object_type': 'расписаниесен'}","{'movie_name': 'Bow Tie Cinemas', 'movie_type': 'cinemas', 'object_location_type': 'cinema', 'object_type': 'cinema'}"
test_399,Миңа Төньяк Мариан утрауларындагы пабта кичәгә 3 кешелек өстәл броньла,BookRestaurant,BookRestaurant,True,0.9005,False,False,False,"{'location': 'Төньяк Мариан утрауларындагы', 'restaurant_type': 'пабта', 'party_size_number': '3'}","{'cuisine': 'Italian', 'datetime': '2023-10-27', 'facility': 'outdoor seating', 'location': 'Tbilisi', 'party_size_description': '3 people', 'party_size_number': 3, 'restaurant_name': 'The Italian Place', 'restaurant_type': 'Italian', 'served_dish': 'pasta', 'sort': 'outdoor seating'}"
test_400,Миңа Infinite Indie Folk исемлеккә Rahim Shah-ның әсәрләрен өстәргә кирәк,AddToPlaylist,SearchCreativeWork,False,0.9657,False,False,False,"{'playlist': 'Infinite Indie Folk', 'artist': 'Rahim Shah-ның'}","{'object_name': 'Rahim Shah', 'object_type': 'әсәр'}"
test_401,Минем Te quiero плейлистыма Кече Джерри Каллистны өстә.,AddToPlaylist,AddToPlaylist,True,0.9493,False,False,False,"{'reference': 'Минем', 'playlist': 'Te quiero', 'artist': 'Кече Джерри Каллистны'}","{'artist': 'Кече Джерри Каллист', 'entity_name': 'Кече Джерри Каллист', 'music_item': 'плейлист', 'playlist': 'плейлист', 'reference': 'Кече Джерри Каллист'}"
test_402,Юта янында төнге 3 сәгать тирәсендә никадәр салкынрак булачак ?,weather/find,weather,False,0.9145,False,False,True,"{'location': 'Юта | янында', 'datetime': 'төнге 3 сәгать', 'condition_temperature': 'салкынрак'}","{'condition_description': 'салкын', 'datetime': '3 сагать', 'location': 'Юта'}"
test_403,Альбомны Hipster Soul плейлистына өстә.,AddToPlaylist,AddToPlaylist,True,0.9372,False,False,False,"{'music_item': 'Альбомны', 'playlist': 'Hipster Soul'}","{'artist': 'Hipster Soul', 'entity_name': 'album', 'music_item': 'album', 'playlist': 'плейлист', 'reference': 'Hipster Soul'}"
test_404,"Мин унөч сәгатьтән соң деликатес ресторанында ашарга телим, анда көнчыгыш европа ризыклары сатыла",BookRestaurant,BookRestaurant,True,0.9147,False,False,True,"{'datetime': 'унөч сәгатьтән соң', 'restaurant_type': 'деликатес ресторанында', 'cuisine': 'көнчыгыш европа'}","{'cuisine': 'европа ризыклары', 'datetime': 'мине унөч сәгатьтән', 'facility': 'деликатес рестораны', 'location': 'ашарга', 'party_size_description': 'көнчыгыш', 'party_size_number': None, 'restaurant_name': None, 'restaurant_type': None, 'served_dish': None, 'sort': None}"
test_405,алтмышынчы еллар саундтрегын кабыз,PlayMusic,SearchCreativeWork,False,0.9325,False,False,False,"{'datetime': 'алтмышынчы еллар', 'music_item': 'саундтрегын'}",{'object_name': 'алтмышынчы еллар саундтрег'}
test_406,Бу альбомга бер йолдыз бир,RateBook,PlayMusic,False,0.9281,False,False,False,"{'object_select': 'Бу', 'object_type': 'альбомга', 'rating_value': 'бер', 'rating_unit': 'йолдыз'}","{'album': 'Йолдыз', 'artist': 'неизвестный', 'datetime': 'неизвестный', 'genre': 'неизвестный', 'music_item': 'неизвестный', 'playlist': 'неизвестный', 'service': 'неизвестный', 'sort': 'неизвестный', 'track': 'неизвестный'}"
test_407,Bryan Macleanның иң олуг музыкасын кабыз .,PlayMusic,PlayMusic,True,0.8998,False,False,False,"{'artist': 'Bryan Macleanның', 'sort': 'иң олуг'}","{'album': 'Bryan Maclean', 'artist': 'Bryan Maclean', 'datetime': 'now', 'genre': 'music', 'music_item': 'music', 'playlist': None, 'service': 'null', 'sort': 'null', 'track': None}"
test_408,Nicodemus-та һәм аның тирәсендәге һава торышы нинди,weather/find,weather,False,0.8818,False,False,False,{'location': 'Nicodemus-та | аның тирәсендәге'},"{'condition_description': 'хәзерге һава торышы', 'condition_temperature': 'салкын', 'datetime': '2023-10-27', 'location': 'Nicodemus'}"
test_409,Phinally Phamous дип аталган уен эзлә,SearchCreativeWork,SearchCreativeWork,True,0.9557,False,False,False,"{'object_name': 'Phinally Phamous', 'object_type': 'уен'}",{'object_name': 'Phinally Phamous'}
test_410,Juneteenth-га 2 балл куй .,RateBook,RateBook,True,0.902,False,False,False,"{'object_name': 'Juneteenth-га', 'rating_value': '2'}","{'object_name': 'Juneteenth', 'object_type': 'кытап', 'rating_value': 2, 'rating_unit': 'балл'}"
test_411,Rhialto the Marvellous-га нуль йолдыз бир,RateBook,BookRestaurant,False,0.9188,False,False,False,"{'object_name': 'Rhialto the Marvellous-га', 'rating_value': 'нуль', 'rating_unit': 'йолдыз'}","{'cuisine': 'Italian', 'datetime': '2023-10-27', 'facility': 'outdoor seating', 'location': 'Rhialto the Marvellous', 'party_size_description': '2 people', 'party_size_number': 2, 'restaurant_name': 'Rhialto the Marvellous', 'restaurant_type': 'Italian', 'served_dish': 'pasta', 'sort': 'outdoor seating'}"
test_412,Мин Хелена Ирен Михаэльсенның Youtube-та саундтрегын ишетергә телим,PlayMusic,SearchCreativeWork,False,0.9122,False,False,False,"{'artist': 'Мин Хелена Ирен', 'service': 'Youtube-та', 'music_item': 'саундтрегын'}","{'object_name': 'YouTube-та саундтрег', 'object_type': 'музыкаль объект'}"
test_413,5 кешегә 20/01/2023 MH-да өстәл броньла,BookRestaurant,BookRestaurant,True,0.9272,False,False,False,"{'party_size_number': '5', 'datetime': '20/01/2023', 'location': 'MH-да'}","{'cuisine': 'нефтехимия', 'datetime': '20/01/2023', 'facility': 'MH', 'location': 'MH', 'party_size_description': '5 кеше', 'party_size_number': '5', 'restaurant_name': None, 'restaurant_type': None, 'served_dish': None, 'sort': None}"
test_414,якындагы анимация фильмнары сессияләре расписаниесе,SearchScreeningEvent,SearchScreeningEvent,True,0.9403,False,False,False,"{'location': 'якындагы', 'movie_type': 'анимация фильмнары', 'object_type': 'сессияләре расписаниесе'}","{'movie_name': 'якындагы анимация', 'movie_type': 'фильм', 'object_location_type': 'күрсәтү урыны төре', 'object_type': 'фильм'}"
test_415,Минем This Is Shakira плейлистымна jack white-ны өстә,AddToPlaylist,AddToPlaylist,True,0.9301,False,False,False,"{'reference': 'Минем', 'playlist': 'This Is Shakira', 'artist': 'jack white-ны'}","{'artist': 'jack white', 'entity_name': 'shakira', 'music_item': 'This Is Shakira', 'playlist': 'плейлист', 'reference': 'минем'}"
test_416,Мин Шри-Ланкада биш кешегә ресторан броньларга телим .,BookRestaurant,BookRestaurant,True,0.9546,False,False,False,"{'location': 'Шри-Ланкада', 'party_size_number': 'биш', 'restaurant_type': 'ресторан'}","{'cuisine': 'неизвестно', 'datetime': 'неизвестно', 'facility': 'неизвестно', 'location': 'Шри-Ланка', 'party_size_description': 'неизвестно', 'party_size_number': 'неизвестно', 'restaurant_name': 'неизвестно', 'restaurant_type': 'ресторан', 'served_dish': 'неизвестно', 'sort': 'неизвестно'}"
test_417,"Зинһар, Episodi di The Blacklist телевизион тапшыруын таб .",SearchCreativeWork,SearchScreeningEvent,False,0.9304,False,False,False,"{'object_name': 'Episodi di The Blacklist', 'object_type': 'телевизион тапшыруын'}","{'movie_name': 'The Blacklist', 'movie_type': 'телевизион', 'object_location_type': 'тапшыру', 'object_type': 'телевизион'}"
test_418,монда Law Day-нән башлап салкын һава торышы нинди,weather/find,weather,False,0.879,False,False,True,"{'location': 'монда', 'datetime': 'Law Day-нән', 'condition_temperature': 'салкын'}","{'condition_description': 'салкын', 'datetime': 'нинд', 'location': 'null'}"
test_419,Мин ун кешелек өстәленә ресторанда заказ бирергә телим.,BookRestaurant,AddToPlaylist,False,0.8832,False,False,False,"{'party_size_number': 'ун', 'restaurant_type': 'ресторанда'}","{'artist': 'Башкаручы', 'entity_name': 'Ресторан', 'music_item': 'Музыка', 'playlist': 'Плейлист', 'reference': 'Ресторан'}"
test_420,Җитмешенче еллардагы Дюк Эллингтоннан берәр нәрсә уйна,PlayMusic,SearchCreativeWork,False,0.9447,False,False,False,"{'datetime': 'Җитмешенче', 'artist': 'Дюк Эллингтоннан'}","{'object_name': 'Дюк Эллингтон', 'object_type': 'фильм'}"
test_421,Cotton Comes to Harlem-ны 2-гә бәялә,RateBook,SearchCreativeWork,False,0.9636,False,False,False,"{'object_name': 'Cotton Comes to Harlem-ны', 'rating_value': '2-гә'}",{'object_name': 'Cotton Comes to Harlem'}
test_422,Җырны минем madden nfl 16 плейлистымна өстә,AddToPlaylist,AddToPlaylist,True,0.8917,False,False,False,"{'reference': 'минем', 'playlist': 'madden nfl 16', 'music_item': 'плейлистымна'}","{'artist': 'минем madden nfl', 'entity_name': 'плейлистка', 'music_item': 'Җыр', 'playlist': 'плейлистым', 'reference': 'минем madden nfl'}"
test_423,Toyan-ны минем Epic Gaming плейлистымна өстә.,AddToPlaylist,AddToPlaylist,True,0.9244,False,False,False,"{'artist': 'Toyan-ны', 'reference': 'минем', 'playlist': 'Epic Gaming'}","{'artist': 'Epic Gaming', 'entity_name': 'Epic Gaming', 'music_item': 'playlist', 'playlist': 'плейлист', 'reference': 'Epic Gaming'}"
test_424,Slacker-да ниндидер яңа Les Vandyke уйнат,PlayMusic,SearchCreativeWork,False,0.9493,False,False,False,"{'service': 'Slacker-да', 'sort': 'яңа', 'artist': 'Les Vandyke'}","{'object_name': 'Les Vandyke', 'object_type': 'film'}"
test_425,Three Junes-га 6-дан берге бәялә,RateBook,SearchCreativeWork,False,0.9121,False,False,False,"{'object_name': 'Three Junes-га', 'best_rating': '6-дан', 'rating_value': 'берге'}","{'object_name': 'Three Junes', 'object_type': 'film'}"
test_426,Nunez пекарнясында тугыз кешегә өстәл заказ ит,BookRestaurant,none,False,0.8957,True,False,False,"{'location': 'Nunez', 'restaurant_type': 'пекарнясында', 'party_size_number': 'тугыз'}",{}
test_427,Бу агымдагы романны 6-дан икеге бәялә .,RateBook,RateBook,True,0.9087,False,False,False,"{'object_select': 'Бу агымдагы', 'object_type': 'романны', 'best_rating': '6-дан', 'rating_value': 'икеге'}","{'object_name': 'бу агымдагы роман', 'object_type': 'книги', 'rating_value': '6-дан икеге бәя', 'rating_unit': 'балл'}"
test_428,Ронни Вудның The Happy Blues-ны уйнат .,PlayMusic,PlayMusic,True,0.9044,False,False,True,"{'artist': 'Ронни Вудның', 'album': 'The Happy Blues-ны'}","{'album': 'The Happy Blues', 'artist': 'Ronny Wood', 'datetime': 'now', 'genre': 'blues', 'music_item': 'The Happy Blues', 'playlist': None, 'service': 'null', 'sort': None}"
test_429,2013 елгы симфонияне уйнат .,PlayMusic,SearchCreativeWork,False,0.9078,False,False,False,"{'datetime': '2013 елгы', 'music_item': 'симфонияне'}","{'object_name': 'симфония', 'object_type': 'музыкаль объект'}"
test_430,Jennifer Paull-ның Subconscious Lobotomy-ны уйнат .,PlayMusic,SearchCreativeWork,False,0.9521,False,False,True,"{'artist': 'Jennifer Paull-ның', 'album': 'Subconscious Lobotomy-ны'}","{'object_name': 'Subconscious Lobotomy', 'object_type': 'film'}"
test_431,The Crystal Snare-га 5 йолдыз бир,RateBook,BookRestaurant,False,0.916,False,False,False,"{'object_name': 'The Crystal Snare-га', 'rating_value': '5', 'rating_unit': 'йолдыз'}","{'cuisine': 'Italian', 'datetime': '2023-10-27', 'facility': 'outdoor seating', 'location': 'The Crystal Snare', 'party_size_description': '2 people', 'party_size_number': 2, 'restaurant_name': 'The Crystal Snare', 'restaurant_type': 'Italian', 'served_dish': 'pasta', 'sort': 'outdoor seating'}"
test_432,Бу дәреслеккә нуль йолдыз куй,RateBook,RateBook,True,0.8919,False,False,False,"{'object_select': 'Бу', 'object_type': 'дәреслеккә', 'rating_value': 'нуль', 'rating_unit': 'йолдыз'}","{'object_name': 'бу дәреслеккә нуль йолдыз куй', 'object_type': 'книги', 'rating_unit': 'балл', 'rating_value': '0'}"
test_433,Агымдагы серияне 4 баллга бәялә,RateBook,RateBook,True,0.9275,False,False,True,"{'object_select': 'Агымдагы', 'object_part_of_series_type': 'серияне', 'rating_value': '4', 'rating_unit': 'баллга'}","{'object_name': 'серия', 'object_part_of_series_type': 'том', 'object_select': 'бу', 'object_type': 'кытап', 'rating_unit': 'балл', 'rating_value': '4'}"
test_434,Мин Urbank California-да James D. Conrey House-да өстәл телим,BookRestaurant,SearchCreativeWork,False,0.9446,False,False,True,"{'location': 'Urbank | California-да', 'restaurant_name': 'James D. Conrey House-да'}","{'object_name': 'James D. Conrey House', 'object_type': 'house'}"
test_435,Babar: King of the Elephants уйнымы,SearchScreeningEvent,SearchCreativeWork,False,0.9512,False,False,False,{'movie_name': 'Babar: King of the Elephants'},{'object_name': 'King of the Elephants'}
test_436,this is racionais mc's-га җырны өстә,AddToPlaylist,AddToPlaylist,True,0.8899,False,False,False,"{'playlist': ""this is racionais mc's-га"", 'music_item': 'җырны'}","{'artist': 'racionais mc', 'entity_name': 'racionais mc', 'music_item': 'song', 'playlist': 'my playlist', 'reference': ""this is racionais mc's-га җырны өстә""}"
test_437,Хәзерге эссега 6-дан нуль йолдыз куй,RateBook,RateBook,True,0.9202,False,False,False,"{'object_select': 'Хәзерге', 'object_type': 'эссега', 'best_rating': '6-дан', 'rating_value': 'нуль', 'rating_unit': 'йолдыз'}","{'object_name': 'эссе', 'object_part_of_series_type': 'том', 'object_select': 'бу', 'object_type': 'кытап', 'rating_unit': 'балл', 'rating_value': '6'}"
test_438,Әйдә Эндрю Хьюиттан берәр нәрсә тыңлыйк .,PlayMusic,SearchCreativeWork,False,0.9195,False,False,False,{'artist': 'Эндрю Хьюиттан'},"{'object_name': 'Эндрю Хьюиттан', 'object_type': 'иҗади әсәр'}"
test_439,Якында анимация фильмнарын таб,SearchScreeningEvent,SearchScreeningEvent,True,0.9245,False,False,False,"{'location': 'Якында', 'movie_type': 'анимация фильмнарын'}","{'movie_name': 'анимация', 'movie_type': 'фильм', 'object_location_type': 'кино', 'object_type': 'фильм'}"
test_440,хәзерге хроникага 6-дан биш балл бир,RateBook,RateBook,True,0.9256,False,False,True,"{'object_select': 'хәзерге', 'object_part_of_series_type': 'хроникага', 'best_rating': '6-дан', 'rating_value': 'биш', 'rating_unit': 'балл'}","{'object_name': 'хәзерге хроника', 'object_part_of_series_type': None, 'object_select': None, 'object_type': 'кытап', 'rating_unit': 'балл', 'rating_value': '6'}"
test_441,Миңа Settha Palace Hotel-да Saint Helena-да 4 кешелек өстәл кирәк,BookRestaurant,AddToPlaylist,False,0.9109,False,False,True,"{'restaurant_name': 'Settha Palace Hotel-да', 'location': 'Saint Helena-да', 'party_size_number': '4 кешелек'}","{'artist': 'Settha Palace Hotel', 'entity_name': 'Saint Helena', 'music_item': 'hotel', 'playlist': 'плейлист', 'reference': 'Saint Helena'}"
test_442,Изге Патрик көнендә Вирджинияда һава торышы нинди булыр ?,weather/find,weather,False,0.9125,False,False,False,"{'datetime': 'Изге Патрик көнендә', 'location': 'Вирджинияда'}","{'condition_description': 'һава торышы', 'condition_temperature': 'салкын', 'datetime': 'Вирджинияда', 'location': 'Вирджиния'}"
test_443,Миңа Speakeasy Theaters киноның вакыт исемлеге кирәк,SearchScreeningEvent,SearchScreeningEvent,True,0.8902,False,False,False,"{'location': 'Speakeasy Theaters', 'object_type': 'киноның вакыт'}","{'movie_name': 'Speakeasy Theaters', 'datetime': 'кино вакыты', 'location': 'Speakeasy Theaters'}"
test_444,Meet the Prince телевизион тапшыруын эзлә,SearchCreativeWork,SearchScreeningEvent,False,0.9519,False,False,False,"{'object_name': 'Meet the Prince', 'object_type': 'телевизион тапшыруын'}","{'movie_name': 'Meet the Prince', 'movie_type': 'film', 'object_location_type': 'cinema', 'object_type': 'film'}"
test_445,"Зинһар, миңа Compulsive Disclosure җырын бир .",SearchCreativeWork,BookRestaurant,False,0.8911,False,False,False,"{'object_name': 'Compulsive Disclosure', 'object_type': 'җырын'}","{'cuisine': 'Italian', 'datetime': '2023-10-27', 'facility': 'outdoor seating', 'location': 'Central Park', 'party_size_description': 'large', 'party_size_number': 10, 'restaurant_name': 'La Piazza', 'restaurant_type': 'Italian', 'served_dish': 'pasta', 'sort': 'outdoor seating'}"
test_446,Zvooq-та Trance Life-ны уйнат .,PlayMusic,SearchCreativeWork,False,0.9408,False,False,False,"{'service': 'Zvooq-та', 'playlist': 'Trance Life-ны'}",{'object_name': 'Trance Life'}
test_447,"Зинһар, миңа Serious Awesomeness ! эшен таб.",SearchCreativeWork,SearchCreativeWork,True,0.9487,False,False,False,{'object_name': 'Serious Awesomeness'},{'object_name': 'Serious Awesomeness'}
test_448,мин кинотеатрда I Dream of Jeanie-ны карарга телим,SearchScreeningEvent,SearchScreeningEvent,True,0.9574,False,False,True,"{'object_location_type': 'кинотеатрда', 'movie_name': 'I Dream of Jeanie-ны'}","{'movie_name': 'I Dream of Jeanie', 'movie_type': 'film', 'object_location_type': 'cinema', 'object_type': 'film'}"
test_449,Пол Маккартни уйнат,PlayMusic,PlayMusic,True,0.9037,False,False,False,{'artist': 'Пол Маккартни'},"{'album': 'Пол Маккартни', 'artist': 'Пол Маккартни', 'datetime': '2023-10-27', 'genre': 'музыка', 'music_item': 'Пол Маккартни', 'playlist': 'null', 'service': 'null', 'sort': 'null'}"
test_450,Хәзерге романны 3 йолдызга бәялә,RateBook,RateBook,True,0.9179,False,False,False,"{'object_select': 'Хәзерге', 'object_type': 'романны', 'rating_value': '3', 'rating_unit': 'йолдызга'}","{'object_name': '3 йолдызга бәя', 'object_type': 'книги', 'rating_unit': 'йолдыз', 'rating_value': '3'}"
test_451,Paris - When It Sizzles китабын таба аласызмы ?,SearchCreativeWork,SearchCreativeWork,True,0.9594,False,False,False,"{'object_name': 'Paris - When It Sizzles', 'object_type': 'китабын'}","{'object_name': 'Paris - When It Sizzles', 'object_type': 'книга'}"
test_452,Филипп Киркоровның җитмешенче еллар пьесасын уйнат,PlayMusic,SearchCreativeWork,False,0.9226,False,False,False,"{'artist': 'Филипп Киркоровның', 'datetime': 'җитмешенче'}","{'object_name': 'Филипп Киркоров', 'object_type': 'иҗади әсәр'}"
test_453,Киләсе елда мин Пенни янындагы bougatsa ресторанын өч кешегә броньларга телим.,BookRestaurant,BookRestaurant,True,0.9173,False,False,True,"{'datetime': 'Киләсе елда', 'location': 'Пенни | янындагы', 'cuisine': 'bougatsa', 'restaurant_type': 'ресторанын', 'party_size_number': 'өч'}","{'cuisine': 'Italian', 'datetime': '2023-10-27', 'facility': 'outdoor seating', 'location': 'Pennie', 'party_size_description': '3 people', 'party_size_number': 3, 'restaurant_name': 'Bougatsa', 'restaurant_type': 'restaurant', 'served_dish': 'Italian', 'sort': 'outdoor seating'}"
test_454,Тенинода яңгырлар булырмы ?,weather/find,weather/find,True,0.9376,False,False,True,"{'location': 'Тенинода', 'condition_description': 'яңгырлар'}","{'condition_description': 'яңгыр', 'datetime': 'дата/вакыт', 'location': 'урын'}"
test_455,"Зинһар, Three Essays on the Theory of Sexuality шоусын эзлә .",SearchCreativeWork,SearchCreativeWork,True,0.9691,False,False,False,"{'object_name': 'Three Essays on the Theory of Sexuality', 'object_type': 'шоусын'}","{'object_name': 'Three Essays on the Theory of Sexuality', 'object_type': 'фильм'}"
test_456,Мин Рамонда ашарга телим,BookRestaurant,BookRestaurant,True,0.8907,False,False,False,{'location': 'Рамонда'},"{'cuisine': 'Italian', 'datetime': '2023-10-27', 'facility': 'outdoor seating', 'location': 'Central Park', 'party_size_description': 'large', 'party_size_number': 10, 'restaurant_name': 'La Piazza', 'restaurant_type': 'Italian', 'served_dish': 'pasta', 'sort': 'outdoor seating'}"
test_457,Emo Forever плейлистына boy george трегын өстә.,AddToPlaylist,AddToPlaylist,True,0.9399,False,False,False,"{'playlist': 'Emo Forever', 'artist': 'boy george', 'music_item': 'трегын'}","{'artist': 'boy george', 'entity_name': 'boy george', 'music_item': 'Emo Forever', 'playlist': 'Emo Forever', 'reference': 'boy george'}"
test_458,Vimy Ridge-да стейк-хаус заказ итәргә телим .,BookRestaurant,BookRestaurant,True,0.8891,False,False,False,"{'location': 'Vimy Ridge-да', 'restaurant_type': 'стейк-хаус'}","{'cuisine': 'steak', 'datetime': 'today', 'facility': 'restaurant', 'location': 'Vimy Ridge', 'party_size_description': '2 people', 'party_size_number': 2, 'restaurant_name': 'Steak House', 'restaurant_type': 'steakhouse', 'served_dish': 'steak', 'sort': 'best_service'}"
test_459,Without Witness егерме ике  сәгатьтән соң уйнаячакмы,SearchScreeningEvent,SearchCreativeWork,False,0.9223,False,False,False,"{'movie_name': 'Without Witness', 'datetime': 'егерме ике сәгатьтән соң'}","{'object_name': 'Without Witness', 'object_type': 'film'}"
test_460,9 кешегә урын броньла,BookRestaurant,BookRestaurant,True,0.9048,False,False,False,{'party_size_number': '9'},"{'cuisine': 'Italian', 'datetime': '2023-10-27', 'facility': 'outdoor seating', 'location': 'Central Park', 'party_size_description': 'large', 'party_size_number': 9, 'restaurant_name': 'La Bella Luna', 'restaurant_type': 'Italian', 'served_dish': 'pasta', 'sort': 'outdoor seating'}"
test_461,бу трекны минем Hands Up плейлистына өстә,AddToPlaylist,AddToPlaylist,True,0.9462,False,False,False,"{'music_item': 'трекны', 'reference': 'минем', 'playlist': 'Hands Up'}","{'artist': 'Hands Up', 'entity_name': 'track', 'music_item': 'track', 'playlist': 'Hands Up'}"
test_462,90s Pop Rock Essentials-тан берәр нәрсә уйнат,PlayMusic,SearchCreativeWork,False,0.9303,False,False,False,{'playlist': '90s Pop Rock Essentials-тан'},"{'object_name': '90s Pop Rock Essentials', 'object_type': 'music album'}"
test_463,Син миңа Blue Spring трейлерын таба аласыңмы ?,SearchCreativeWork,SearchScreeningEvent,False,0.9378,False,False,False,"{'object_name': 'Blue Spring', 'object_type': 'трейлерын'}","{'movie_name': 'Blue Spring', 'movie_type': 'film', 'object_location_type': 'cinema', 'object_type': 'film'}"
test_464,36 Children-га 6-дан ике йолдыз куй,RateBook,SearchCreativeWork,False,0.9268,False,False,False,"{'object_name': '36 Children-га', 'best_rating': '6-дан', 'rating_value': 'ике', 'rating_unit': 'йолдыз'}",{'object_name': 'Children-га 6-дан ике йолдыз куй'}
test_465,Мин MJR театрында анимацион фильмнарны телим,SearchScreeningEvent,SearchCreativeWork,False,0.9266,False,False,False,"{'location': 'MJR театрында', 'movie_type': 'анимацион фильмнарны'}","{'object_name': 'анимацион фильмнар', 'object_type': 'фильм'}"
test_466,Sexy as Folk плейлистына башкаручы mike-ны өстә.,AddToPlaylist,AddToPlaylist,True,0.9616,False,False,False,"{'playlist': 'Sexy as Folk', 'music_item': 'башкаручы', 'artist': 'mike-ны'}","{'artist': 'mike', 'entity_name': 'Sexy as Folk', 'music_item': 'плейлист', 'playlist': 'Sexy as Folk'}"
test_467,минем this is al green плейлистына Highway Patrolman өстә,AddToPlaylist,AddToPlaylist,True,0.9457,False,False,False,"{'reference': 'минем', 'playlist': 'this is al green', 'entity_name': 'Highway Patrolman'}","{'artist': 'Highway Patrolman', 'entity_name': 'Highway Patrolman', 'music_item': 'playlist', 'playlist': 'al green', 'reference': 'Highway Patrolman'}"
test_468,Миңа To Lose My Life исемле романны таб …,SearchCreativeWork,SearchCreativeWork,True,0.9535,False,False,False,"{'object_name': 'To Lose My Life', 'object_type': 'романны'}","{'object_name': 'To Lose My Life', 'object_type': 'әсәр'}"
test_469,бу альбомны 5-кә бәялә,RateBook,PlayMusic,False,0.9579,False,False,False,"{'object_select': 'бу', 'object_type': 'альбомны', 'rating_value': '5-кә'}","{'album': 'альбом', 'artist': 'башкаручы', 'datetime': 'дата/вакыт', 'genre': 'жанр', 'music_item': 'музыкаль объект төре', 'playlist': 'плейлист', 'service': 'музыкаль сервис', 'sort': 'сайлау критерие', 'track': 'трек исеме'}"
test_470,Төшке ашта якындагы кинотеатрда Rare Birds күрсәтеләчәк .,SearchScreeningEvent,SearchScreeningEvent,True,0.9104,False,False,True,"{'datetime': 'Төшке ашта', 'location': 'якындагы', 'object_location_type': 'кинотеатрда', 'movie_name': 'Rare Birds'}","{'movie_name': 'Rare Birds', 'location': 'Төшке ашта якындагы', 'movie_type': 'күрсәтү', 'object_location_type': 'күрсәтү урыны төре', 'object_type': 'күрсәтү'}"
test_471,The 8-Week Cholesterol Cure-га 6-дан өчкә бәялә .,RateBook,RateBook,True,0.9156,False,False,False,"{'object_name': 'The 8-Week Cholesterol Cure-га', 'best_rating': '6-дан', 'rating_value': 'өчкә'}","{'object_name': 'The 8-Week Cholesterol Cure', 'object_type': 'книга', 'best_rating': '6', 'rating_unit': 'балл', 'rating_value': '4'}"
test_472,Martin barre-ны минем punk unplugged плейлистыма өстә.,AddToPlaylist,AddToPlaylist,True,0.9452,False,False,False,"{'artist': 'Martin barre-ны', 'reference': 'минем', 'playlist': 'punk unplugged'}","{'artist': 'Martin', 'entity_name': 'punk unplugged', 'music_item': 'playlist', 'playlist': 'punk unplugged'}"
test_473,хәзерге романны 6-дан нульгә бәялә,RateBook,RateBook,True,0.917,False,False,False,"{'object_select': 'хәзерге', 'object_type': 'романны', 'best_rating': '6-дан', 'rating_value': 'нульгә'}","{'object_name': '6-дан нульгә бәя', 'object_type': 'книга', 'rating_value': '6', 'rating_unit': 'балл'}"
test_474,Минем кинотеатрда The Young Swordsman нинди вакытта барачак ?,SearchScreeningEvent,SearchScreeningEvent,True,0.9316,False,False,True,"{'object_location_type': 'кинотеатрда', 'movie_name': 'The Young Swordsman', 'object_type': 'вакытта'}","{'movie_name': 'The Young Swordsman', 'location': 'кинотеатр', 'movie_type': 'фильм', 'object_location_type': 'кинотеатр', 'object_type': 'фильм'}"
test_475,Тирә-юньдә нинди фильмнар күрсәтеләр,SearchScreeningEvent,SearchScreeningEvent,True,0.9174,False,False,False,"{'location': 'Тирә-юньдә', 'movie_type': 'фильмнар'}","{'movie_name': 'нинд', 'movie_type': 'фильм', 'object_location_type': 'күрсәтү урыны төре', 'object_type': 'фильм'}"
test_476,Мин North City-дәге Oregon Electric Station броньларга телим .,BookRestaurant,BookRestaurant,True,0.908,False,False,True,"{'location': 'North City-дәге', 'restaurant_name': 'Oregon Electric Station'}","{'cuisine': 'Italian', 'datetime': '2023-10-27', 'facility': 'outdoor seating', 'location': 'North City', 'party_size_description': 'large', 'party_size_number': '10', 'restaurant_name': 'North City Italian', 'restaurant_type': 'Italian', 'served_dish': 'pasta', 'sort': 'outdoor seating'}"
test_477,монда төнге сәгать икедә һава торышы нинди,weather/find,weather/find,True,0.9637,False,False,False,"{'location': 'монда', 'datetime': 'төнге сәгать икедә'}","{'condition_description': 'һава торышы тасвирламасы: яңгыр', 'condition_temperature': 'температура шартлары: салкын', 'datetime': 'дата/вакыт', 'location': 'урын'}"
test_478,Wanda Group-ның фильм кестесін таб .,SearchScreeningEvent,SearchScreeningEvent,True,0.9319,False,False,False,"{'location': 'Wanda Group-ның', 'object_type': 'фильм кестесін'}","{'movie_name': 'Wanda Group', 'movie_type': 'film', 'object_location_type': 'cinema', 'object_type': 'film'}"
test_479,Самоада Ваурикада нинди һава торышы,weather/find,weather,False,0.8718,False,False,False,{'location': 'Самоада | Ваурикада'},"{'condition_description': 'жара', 'condition_temperature': 'салкын', 'datetime': 'сегодня', 'location': 'Ваурика'}"
test_480,Тирә-яктагы фильмнар расписаниесен күрсәт,SearchScreeningEvent,SearchScreeningEvent,True,0.9311,False,False,False,"{'location': 'Тирә-яктагы', 'object_type': 'фильмнар расписаниесен'}","{'movie_name': 'Тирә-яктагы фильмнар', 'movie_type': 'фильм', 'object_location_type': 'күрсәтү урыны төре', 'object_type': 'фильм'}"
test_481,Blues britânico уйнат .,PlayMusic,SearchCreativeWork,False,0.9126,False,False,True,{'genre': 'Blues britânico'},"{'object_name': 'Blues', 'object_type': 'music'}"
test_482,AMC Theaters-да No Time to Be Young күрсәтеләме,SearchScreeningEvent,SearchScreeningEvent,True,0.9468,False,False,False,"{'location': 'AMC Theaters-да', 'movie_name': 'No Time to Be Young'}","{'movie_name': 'No Time to Be Young', 'movie_type': 'film', 'object_location_type': 'cinema', 'object_type': 'film'}"
test_483,"Зинһар, миңа Монти Пайтон Голливудта эзлә һәм таб .",SearchCreativeWork,SearchCreativeWork,True,0.9423,False,False,False,{'object_name': 'Монти Пайтон Голливудта'},"{'object_name': 'Монти Пайтон', 'object_type': 'иҗади әсәр'}"
test_484,кичке бишкә монда буран аркасында һава торышы нинди,weather/find,weather,False,0.821,False,False,True,"{'datetime': 'кичке бишкә', 'location': 'монда', 'condition_description': 'буран'}","{'condition_description': 'буран', 'condition_temperature': 'хава', 'datetime': 'ниндә', 'location': 'аркасы', 'weather/attribute': 'буран'}"
test_485,Ирландия балалар евровидениеда 2015 минем Jazzy Dinner плейлистына өстә,AddToPlaylist,AddToPlaylist,True,0.9337,False,False,False,"{'entity_name': 'Ирландия балалар евровидениеда 2015', 'reference': 'минем', 'playlist': 'Jazzy Dinner'}","{'artist': 'Jazzy Dinner', 'entity_name': 'Jazzy Dinner', 'music_item': 'playlist', 'playlist': 'плейлист', 'reference': 'Jazzy Dinner'}"
test_486,Indie Hipster-га җырны өстә,AddToPlaylist,SearchCreativeWork,False,0.889,False,False,False,"{'playlist': 'Indie Hipster-га', 'music_item': 'җырны'}","{'object_name': 'музыкаль объект төре: җыр', 'object_type': 'әсәр төре'}"
test_487,Син миңа National Anthem of the Ancient Britons телевизион тапшыруын таба аласыңмы ?,SearchCreativeWork,SearchCreativeWork,True,0.9597,False,False,False,"{'object_name': 'National Anthem of the Ancient Britons', 'object_type': 'телевизион тапшыруын'}","{'object_name': 'National Anthem of the Ancient Britons', 'object_type': 'film'}"
test_488,"travelling плейлистына зинһар, бу Дэвид Гаан җырын өстә .",AddToPlaylist,AddToPlaylist,True,0.8961,False,False,False,"{'playlist': 'travelling', 'artist': 'Дэвид Гаан', 'music_item': 'җырын'}","{'artist': 'David Guetta', 'entity_name': 'playlist', 'music_item': 'song', 'playlist': 'David Guetta playlist', 'reference': 'song'}"
test_489,Мин аларны Murcof рәссамнан ишетергә телим,PlayMusic,BookRestaurant,False,0.8947,False,False,False,"{'music_item': 'аларны', 'artist': 'Murcof'}","{'cuisine': 'Italian', 'datetime': '2023-10-27', 'facility': 'outdoor seating', 'location': 'Central Park', 'party_size_description': 'large', 'party_size_number': 10, 'restaurant_name': 'La Piazza', 'restaurant_type': 'Italian', 'served_dish': 'pasta', 'sort': 'outdoor seating'}"
test_490,The Gift: Imagination and the Erotic Life of Property-ны биш йолдызга бәялә,RateBook,SearchCreativeWork,False,0.9675,False,False,False,"{'object_name': 'The Gift: Imagination and the Erotic Life of Property-ны', 'rating_value': 'биш', 'rating_unit': 'йолдызга'}",{'object_name': 'The Gift: Imagination and the Erotic Life of Property'}
test_491,Миңа Baby Blue дип аталган телевизион тапшыруны таб,SearchCreativeWork,SearchScreeningEvent,False,0.9321,False,False,False,"{'object_name': 'Baby Blue', 'object_type': 'телевизион тапшыруны'}","{'movie_name': 'Baby Blue', 'movie_type': 'телевизион тапшыру', 'object_location_type': 'күрсәтү урыны төре', 'object_type': 'телевизион тапшыру'}"
test_492,The Girl Who Was Plugged In китабын эзлә,SearchCreativeWork,SearchCreativeWork,True,0.9558,False,False,False,"{'object_name': 'The Girl Who Was Plugged In', 'object_type': 'китабын'}","{'object_name': 'The Girl Who Was Plugged In', 'object_type': 'книга'}"
test_493,филлис уордка һәм вероникага 152 көннән соң ресторанда өстәл кирәк,BookRestaurant,BookRestaurant,True,0.8778,False,False,True,"{'party_size_description': 'филлис уордка һәм вероникага', 'datetime': '152 көннән соң', 'restaurant_type': 'ресторанда'}","{'cuisine': 'Italian', 'datetime': '152', 'facility': 'table', 'location': 'restaurant', 'party_size_description': '10 people', 'party_size_number': 10, 'restaurant_name': 'Restaurant Name', 'restaurant_type': 'Italian', 'served_dish': 'pasta', 'sort': 'best_service'}"
test_494,5 кешелек танылган ресторанны броньла,BookRestaurant,BookRestaurant,True,0.908,False,False,False,"{'party_size_number': '5', 'sort': 'танылган', 'restaurant_type': 'ресторанны'}","{'cuisine': 'Italian', 'datetime': '2023-10-27', 'facility': 'outdoor seating', 'location': 'Central Park', 'party_size_description': 'large', 'party_size_number': 5, 'restaurant_name': 'La Bella Luna', 'restaurant_type': 'Italian', 'served_dish': 'pasta', 'sort': 'outdoor seating'}"
test_495,"Бруклон янында The Dome, Edinburgh отеленда номерны броньла",BookRestaurant,BookRestaurant,True,0.9079,False,False,True,"{'location': 'Бруклон | янында', 'restaurant_name': 'The Dome, Edinburgh'}","{'cuisine': 'Italian', 'datetime': '2023-10-27', 'facility': 'bar', 'location': 'Brooklyn', 'party_size_description': '2 people', 'party_size_number': 2, 'restaurant_name': 'The Dome', 'restaurant_type': 'hotel', 'served_dish': 'pasta', 'sort': 'best_value'}"
test_496,Бу альбомны Old School Death Metal-га өстә,AddToPlaylist,SearchCreativeWork,False,0.9449,False,False,False,"{'music_item': 'альбомны', 'playlist': 'Old School Death Metal-га'}","{'object_name': 'Old School Death Metal', 'object_type': 'альбом'}"
test_497,Jersey Boys телесериалын эзлә,SearchCreativeWork,SearchCreativeWork,True,0.9565,False,False,False,"{'object_name': 'Jersey Boys', 'object_type': 'телесериалын'}","{'object_name': 'Jersey Boys', 'object_type': 'телесериал'}"
test_498,Алты ай эчендә Танжер янындагы иң яхшы пабта тугыз кешегә өстәл броньла,BookRestaurant,none,False,0.9188,True,False,False,"{'datetime': 'Алты ай эчендә', 'location': 'Танжер | янындагы', 'sort': 'иң яхшы', 'restaurant_type': 'пабта', 'party_size_number': 'тугыз'}",{}
test_499,Миңа Harkins Theatres-ында фильмларны күрсәт .,SearchScreeningEvent,SearchScreeningEvent,True,0.9599,False,False,False,"{'location': 'Harkins Theatres-ында', 'movie_type': 'фильмларны'}","{'movie_name': 'фильм исеме', 'location': 'урын', 'movie_type': 'фильм төре', 'object_location_type': 'күрсәтү урыны төре', 'object_type': 'объект төре'}"
test_500,аларның кампусында шул ук райондагы чурраскарияга кичәгә заказ бир,BookRestaurant,BookRestaurant,True,0.9058,False,False,False,"{'location': 'аларның кампусында | шул ук райондагы', 'restaurant_type': 'чурраскарияга'}","{'cuisine': 'Italian', 'datetime': '2023-10-27', 'facility': 'outdoor seating', 'location': 'Central Park', 'party_size_description': '4 people', 'party_size_number': 4, 'restaurant_name': 'La Piazza', 'restaurant_type': 'Italian', 'served_dish': 'pasta', 'sort': 'outdoor seating'}"
