id,text,true_intent,pred_intent,intent_correct,confidence,weak_by_conf,weak_intent_real,weak_slot_real,true_slots,pred_slots
test_1,show all reminders,reminder/show_reminders,none,False,0.9735,True,False,False,{'reference': 'барлык'},{}
test_2,Do I need a sweater?,weather/find,weather/find,True,0.9495,False,False,False,{'weather/attribute': 'свитер'},"{'condition_temperature': 'температура шартлары: салкын', 'weather/attribute': 'дымлылык'}"
test_3,Add a reminder for today at 4pm,reminder/set_reminder,set_reminder,False,0.927,False,False,False,{'datetime': 'Бүген сәгать ун алтыга'},"{'datetime': '4pm', 'reminder/todo': 'эчтәлеге'}"
test_4,Cancel my reminder,reminder/cancel_reminder,cancel_reminder,False,0.9525,False,False,False,{'reference': 'Минем'},"{'datetime': '', 'reference': '', 'reminder/todo': ''}"
test_5,Remind me to get gas.,reminder/set_reminder,reminder/set_reminder,True,0.9531,False,False,False,{'reminder/todo': 'бензин салырга'},{'datetime': 'get gas'}
test_6,Do I need an umbrella on Wednesday?,weather/find,weather/find,True,0.8449,False,False,False,"{'datetime': 'Чәршәмбе', 'weather/attribute': 'кул чатыры'}","{'datetime': 'Wednesday', 'weather/attribute': 'үзгәрүү'}"
test_7,snooze my alarms for five minutes,alarm/snooze_alarm,alarm/snooze_alarm,True,0.978,False,True,False,"{'datetime': 'биш минуттан', 'reference': 'минем'}","{'reference': 'my alarms', 'duration': 'five minutes'}"
test_8,set a birthday reminder for max,reminder/set_reminder,set_reminder,False,0.9642,False,False,False,{'reminder/todo': 'максның туган көне турында искә төшеруне'},"{'datetime': 'birthday', 'reminder/todo': 'max'}"
test_9,Show me all reminders,reminder/show_reminders,reminder/show_reminders,True,0.9946,False,False,False,{'reference': 'барлык'},{}
test_10,Show all alarms.,alarm/show_alarms,alarm/show_alarms,True,0.9981,False,False,False,{'reference': 'Барлык'},{}
test_11,Is it going to rain today?,weather/find,weather/find,True,0.9336,False,False,False,"{'datetime': 'Бүген', 'weather/attribute': 'яңгыр'}","{'datetime': 'today', 'condition_description': 'rain'}"
test_12,Set alarm for 8am,alarm/set_alarm,alarm/set_alarm,True,0.9771,False,False,False,{'datetime': 'иртәнге 8'},{'datetime': '8am'}
test_13,What is the temperature today?,weather/find,weather/find,True,0.9102,False,False,False,"{'datetime': 'Бүген', 'weather/attribute': 'температура'}","{'condition_temperature': 'температура шартлары', 'datetime': 'сейн', 'location': 'сейн'}"
test_14,Show my reminder,reminder/show_reminders,reminder/show_reminders,True,0.9928,False,False,False,{'reference': 'Минем'},{}
test_15,Show all alarms,alarm/show_alarms,alarm/show_alarms,True,0.9985,False,False,False,{'reference': 'Барлык'},{}
test_16,Remind me to talk to Ben about Georgia,reminder/set_reminder,reminder/set_reminder,True,0.9674,False,False,False,{'reminder/todo': 'Бен белән Джорджия турында сөйләшергә'},"{'datetime': '', 'reminder/todo': 'talk to Ben about Georgia'}"
test_17,Set alarm for 5 am,alarm/set_alarm,alarm/set_alarm,True,0.9854,False,False,False,{'datetime': 'иртәнге 5'},{'datetime': '5 am'}
test_18,is it cloudy today,weather/find,weather/find,True,0.8904,False,False,False,"{'datetime': 'бүген', 'weather/attribute': 'болытлымы'}","{'condition_description': 'яңгыр', 'datetime': 'хәзер', 'location': 'хәзер'}"
test_19,How many inches of rain will we get today?,weather/find,weather/find,True,0.9647,False,False,False,"{'datetime': 'Бүген', 'weather/attribute': 'дюйм яңгыры'}","{'condition_temperature': '', 'condition_description': 'rain', 'datetime': 'today'}"
test_20,Remind me to call my sister tomorrow,reminder/set_reminder,reminder/set_reminder,True,0.9151,False,False,False,"{'datetime': 'Иртәгә', 'reminder/todo': 'минем апама шалтыратырга'}",{'datetime': 'tomorrow'}
test_21,stop alarm,alarm/cancel_alarm,cancel_alarm,False,0.9498,False,False,False,{},{'reference': 'конкрет будильникка күрсәтү'}
test_22,Is it going to be hot this week?,weather/find,weather/find,True,0.9667,False,False,False,"{'datetime': 'Бу атнада', 'weather/attribute': 'кызу'}","{'condition_temperature': 'салкын', 'datetime': 'this week'}"
test_23,Set alarm for 3pm.,alarm/set_alarm,set_alarm,False,0.9756,False,False,False,{'datetime': 'көндезге 3'},{'datetime': '3pm'}
test_24,will it snow today,weather/find,weather/find,True,0.9703,False,False,False,"{'datetime': 'бүген', 'weather/attribute': 'кар'}","{'condition_description': 'snow', 'datetime': 'today'}"
test_25,delete all alarms,alarm/cancel_alarm,alarm/cancel_alarm,True,0.9532,False,False,False,{'reference': 'бөтен'},{'reference': 'all'}
test_26,Show me my reminders,reminder/show_reminders,reminder/show_reminders,True,0.9955,False,False,False,{'reference': 'Минем'},{}
test_27,How much time is left on alarm,alarm/time_left_on_alarm,alarm/time_left_on_alarm,True,0.9784,False,True,False,{},{'reference': 'будильник'}
test_28,What are my reminders?,reminder/show_reminders,reminder/show_reminders,True,0.9932,False,False,False,{'reference': 'Минем'},{}
test_29,Set an alarm for 8am daily,alarm/set_alarm,alarm/set_alarm,True,0.9973,False,False,False,{'recurring_datetime': 'иртәнге 8'},"{'datetime': '8am', 'recurring_datetime': 'daily'}"
test_30,can you show me the alarms?,alarm/show_alarms,alarm/show_alarms,True,0.9985,False,False,False,{},{}
test_31,Is Disney world expecting storms today?,weather/find,weather/find,True,0.9911,False,False,False,"{'datetime': 'Бүген', 'location': 'Диснейуорлдта', 'weather/attribute': 'буран'}","{'condition_description': 'storms', 'datetime': 'today'}"
test_32,will it snow today,weather/find,weather/find,True,0.9703,False,False,False,"{'datetime': 'бүген', 'weather/attribute': 'кар'}","{'condition_description': 'snow', 'datetime': 'today'}"
test_33,show all alarms,alarm/show_alarms,alarm/show_alarms,True,0.994,False,False,False,{'reference': 'бөтен'},{}
test_34,Is it cold today?,weather/find,weather/find,True,0.9072,False,False,False,"{'datetime': 'Бүген', 'weather/attribute': 'салкынмы'}","{'condition_temperature': 'салкын', 'datetime': 'хәзер', 'location': 'хәзер'}"
test_35,Please cancel the alarm for Thursday morning.,alarm/cancel_alarm,cancel_alarm,False,0.9244,False,False,False,{'datetime': 'пәнҗешәмбе иртәсеннән'},"{'datetime': 'Thursday morning', 'reference': 'concrete_alarm'}"
test_36,Is it going to rain today?,weather/find,weather/find,True,0.9336,False,False,False,"{'datetime': 'Бүген', 'weather/attribute': 'яңгыр'}","{'datetime': 'today', 'condition_description': 'rain'}"
test_37,is it snowing in canada,weather/find,weather/find,True,0.9765,False,False,False,"{'location': 'канадада', 'weather/attribute': 'кар явамы'}","{'condition_description': 'snowing', 'location': 'Canada'}"
test_38,What will the high be today?,weather/find,weather/find,True,0.871,False,False,False,"{'datetime': 'Бүген', 'weather/attribute': 'югары температура'}","{'condition_temperature': 'высокая', 'datetime': 'сейн'}"
test_39,Will it snow enough tonight to make travelling hazardous?,weather/find,weather/find,True,0.7309,False,False,False,"{'datetime': 'Төнлә', 'weather/attribute': 'кар яуса'}","{'condition_description': 'снег', 'condition_temperature': 'хазыр', 'datetime': 'хазырдаштан күнгә', 'weather/attribute': 'дәрәжәләр күрсәтү'}"
test_40,show all reminders,reminder/show_reminders,none,False,0.9735,True,False,False,{'reference': 'бөтен'},{}
test_41,delete all reminders,reminder/cancel_reminder,cancel_reminder,False,0.9733,False,False,False,{'reference': 'барлык'},{'reminder/todo': 'искәртүләр'}
test_42,will i need a jacket tomorrow?,weather/find,weather/find,True,0.9646,False,False,False,"{'datetime': 'иртәгә', 'weather/attribute': 'куртка'}","{'condition_description': 'jacket', 'datetime': 'tomorrow'}"
test_43,How much time is left on alarm,alarm/time_left_on_alarm,alarm/time_left_on_alarm,True,0.9784,False,True,False,{},{'reference': 'будильник'}
test_44,Pause the alarm,alarm/snooze_alarm,alarm/snooze_alarm,True,0.9631,False,True,False,{},{'reference': 'alarm'}
test_45,Show me all the alarms,alarm/show_alarms,alarm/show_alarms,True,0.9993,False,False,False,{'reference': 'барлык'},{}
test_46,What's the weather like in yellowstone?,weather/find,weather/find,True,0.9835,False,False,False,{'location': 'Йеллоустонда'},"{'location': 'yellowstone', 'condition_description': '', 'condition_temperature': ''}"
test_47,What's the weather like today?,weather/find,weather/find,True,0.9662,False,False,False,{'datetime': 'Бүген'},{'datetime': 'today'}
test_48,Delete my reminder for picking up Patrick from school tomorrow.,reminder/cancel_reminder,cancel_reminder,False,0.9736,False,False,False,"{'datetime': 'Иртәгә', 'reminder/todo': 'Патрикны мәктәптән алырга', 'reference': 'минем'}","{'datetime': 'Tomorrow', 'reminder/todo': 'picking up Patrick from school'}"
test_49,Remind me tomorrow at this time to schedule a doctor appointment,reminder/set_reminder,set_reminder,False,0.7688,False,False,False,"{'datetime': 'иртәгә шул ук вакытта', 'reminder/todo': 'табибка язылырга'}","{'datetime': 'төгәл вакытта калганTomorrow', 'reminder/todo': 'нәрсә эшләргә кирәк | суроулаулау'}"
test_50,Remind me to drop off rent,reminder/set_reminder,set_reminder,False,0.9188,False,False,False,{'reminder/todo': 'аренданы түләргә'},{'datetime': 'drop off rent'}
test_51,when will the rain end?,weather/find,weather/find,True,0.9453,False,False,False,{'weather/attribute': 'яңгыр'},"{'condition_description': 'rain', 'datetime': 'will the rain end'}"
test_52,cancel alarms,alarm/cancel_alarm,alarm/cancel_alarm,True,0.9673,False,False,False,{},{}
test_53,Remind me to call Stephanie on Tuesday,reminder/set_reminder,reminder/set_reminder,True,0.9799,False,False,False,"{'datetime': 'Сишәмбе көнне', 'reminder/todo': 'Стефанига шалтыратырга'}","{'datetime': 'Tuesday', 'reminder/todo': 'call Stephanie'}"
test_54,show all my alarms,alarm/show_alarms,alarm/show_alarms,True,0.9977,False,False,False,{'reference': 'барлык минем'},{}
test_55,How hot will it get today?,weather/find,weather/find,True,0.8394,False,False,False,"{'datetime': 'Бүген', 'weather/attribute': 'эссе'}","{'condition_temperature': 'салкын', 'datetime': 'хәзер', 'location': 'хәзер'}"
test_56,Set alarm for 5 pm tonight,alarm/set_alarm,alarm/set_alarm,True,0.9829,False,False,False,{'datetime': 'бүген кичке 5'},{'datetime': '5 pm tonight'}
test_57,remind me to go to the doctors on august 21st 3 pm,reminder/set_reminder,reminder/set_reminder,True,0.9762,False,False,False,"{'datetime': '21-енче августта көндез 3-тә', 'reminder/todo': 'табибка барырга'}","{'datetime': 'august 21st 3 pm', 'reminder/todo': 'go to the doctors'}"
test_58,cancel my recurring reminder to take meds daily at 7 am,reminder/cancel_reminder,cancel_reminder,False,0.9746,False,False,False,"{'recurring_datetime': 'көн саен иртәнге сәгать 7-дә', 'reminder/todo': 'дарулар эчәргә'}",{'datetime': 'daily at 7 am'}
test_59,when does the forecast next show rain,weather/find,weather/find,True,0.9763,False,False,False,{'weather/attribute': 'яңгырны'},"{'condition_description': 'rain', 'datetime': 'next'}"
test_60,What time is my alarm set for tomorrow morning?,alarm/show_alarms,alarm/time_left_on_alarm,False,0.9513,False,False,False,"{'datetime': 'Иртәгә иртә', 'reference': 'минем'}",{'reference': 'будильник'}
test_61,will it snow today,weather/find,weather/find,True,0.9703,False,False,False,"{'datetime': 'бүген', 'weather/attribute': 'кар'}","{'condition_description': 'snow', 'datetime': 'today'}"
test_62,Turn off my alarm.,alarm/cancel_alarm,alarm/cancel_alarm,True,0.9027,False,False,False,{'reference': 'Минем'},{'reference': 'my alarm'}
test_63,Cancel all alarms,alarm/cancel_alarm,cancel_alarm,False,0.952,False,False,False,{'reference': 'Барлык'},{'reference': 'all'}
test_64,remind me to buy groceries,reminder/set_reminder,reminder/set_reminder,True,0.9449,False,False,False,{'reminder/todo': 'продуктларны сатып алырга'},{'datetime': 'buy groceries'}
test_65,I need an alarm set for a 9 am breakfast,alarm/set_alarm,alarm/set_alarm,True,0.9772,False,False,False,{'datetime': 'иртәнге сәгать 9-да'},{'datetime': '9 am'}
test_66,set reminder to watch the Colts one hour before game starts,reminder/set_reminder,SetReminder,False,0.9893,False,False,False,"{'datetime': 'уен башланганчы бер сәгать алдан', 'reminder/todo': 'Кольтларны карау'}","{'datetime': 'one hour before game starts', 'reminder/todo': 'watch the Colts'}"
test_67,cancel all alarms,alarm/cancel_alarm,alarm/cancel_alarm,True,0.9642,False,False,False,{'reference': 'барлык'},{'reference': 'all'}
test_68,Cancel my third reminder on this list.,reminder/cancel_reminder,cancel_reminder,False,0.9666,False,False,False,{'reference': 'минем өченче'},"{'datetime': '', 'reference': 'this list', 'reminder/todo': 'third reminder'}"
test_69,set alarm for 6 am,alarm/set_alarm,alarm/set_alarm,True,0.9951,False,False,False,{'datetime': 'иртәнге 6'},{'datetime': '6 am'}
test_70,Reset this alarm now and start at 2 pm,alarm/cancel_alarm,alarm/cancel_alarm,True,0.9173,False,False,False,"{'reference': 'Бу', 'datetime': 'хәзердән | көндезге 2-гә'}","{'datetime': 'now', 'reference': 'this alarm'}"
test_71,Is it going to snow?,weather/find,weather/find,True,0.9359,False,False,False,{'weather/attribute': 'Кар'},"{'condition_description': 'snow', 'datetime': 'going to', 'location': 'default_location'}"
test_72,Remind me to pay rent.,reminder/set_reminder,set_reminder,False,0.8743,False,False,False,{'reminder/todo': 'аренданы түләргә'},{'datetime': 'pay rent'}
test_73,whats the low for tomorrow,weather/find,weather/find,True,0.9559,False,False,False,"{'datetime': 'иртәгә', 'weather/attribute': 'иң түбән'}","{'condition_temperature': '低温', 'datetime': '明天'}"
test_74,Is it going to be sunny today?,weather/find,weather/find,True,0.8201,False,False,False,"{'datetime': 'Бүген', 'weather/attribute': 'кояшлы'}","{'condition_description': 'яңгыр', 'datetime': 'сүйүк', 'location': 'үркүнзө'}"
test_75,How many reminders do I have today?,reminder/show_reminders,reminder/show_reminders,True,0.9633,False,False,False,{'datetime': 'Бүген'},{'datetime': 'today'}
test_76,What are my reminders for tomorrow?,reminder/show_reminders,none,False,0.8524,True,False,False,"{'reference': 'Минем', 'datetime': 'иртәгә'}",{}
test_77,Cancel all my reminders.,reminder/cancel_reminder,cancel_reminder,False,0.9577,False,False,False,{'reference': 'Минем барлык'},"{'datetime': '', 'reference': ''}"
test_78,set alarm for 6am tomorrow,alarm/set_alarm,alarm/set_alarm,True,0.9949,False,False,False,{'datetime': 'иртәнге 6-га'},{'datetime': '6am tomorrow'}
test_79,Set alarm for 30 minutes,alarm/set_alarm,alarm/set_alarm,True,0.9803,False,False,False,{'datetime': '30 минутка'},{'datetime': '30 minutes'}
test_80,Set an alarm for an hour from now.,alarm/set_alarm,alarm/set_alarm,True,0.964,False,False,False,{'datetime': 'бер сәгать алга'},{'datetime': 'an hour from now'}
test_81,cancel all alarms,alarm/cancel_alarm,alarm/cancel_alarm,True,0.9642,False,False,False,{'reference': 'барлык'},{'reference': 'all'}
test_82,weather update Los Angeles,weather/find,weather/find,True,0.9887,False,False,False,{'location': 'Лос - Анджелеста'},{'location': 'Los Angeles'}
test_83,cancel all alarms,alarm/cancel_alarm,alarm/cancel_alarm,True,0.9642,False,False,False,{'reference': 'бөтен'},{'reference': 'all'}
test_84,How many reminders do I have today?,reminder/show_reminders,reminder/show_reminders,True,0.9633,False,False,False,{'datetime': 'Бүген'},{'datetime': 'today'}
test_85,Remind me to get paper towels at the store tomorrow,reminder/set_reminder,reminder/set_reminder,True,0.9728,False,False,False,"{'datetime': 'иртәгә', 'reminder/todo': 'кибеттә кәгазь сөлгеләр сатып алырга'}","{'datetime': 'tomorrow', 'reminder/todo': 'get paper towels at the store'}"
test_86,show me all my reminders,reminder/show_reminders,reminder/show_reminders,True,0.9963,False,False,False,{'reference': 'минем барлык'},{}
test_87,Set alarm for 6 am,alarm/set_alarm,alarm/set_alarm,True,0.9854,False,False,False,{'datetime': 'иртәнге 6'},{'datetime': '6 am'}
test_88,will it snow tomorrow,weather/find,weather/find,True,0.9532,False,False,False,"{'datetime': 'иртәгә', 'weather/attribute': 'кар'}","{'condition_description': 'snow', 'datetime': 'tomorrow'}"
test_89,cancel my alarm for tomorrow morning,alarm/cancel_alarm,cancel_alarm,False,0.8334,False,False,False,"{'datetime': 'иртәгә | иртәнге', 'reference': 'минем'}","{'datetime': 'түркән', 'reference': 'хәзерген будильник'}"
test_90,Set the alarm for noon on Mondays only.,alarm/set_alarm,alarm/set_alarm,True,0.9826,False,False,False,{'recurring_datetime': 'Дүшәмбе көнне төшке ашка'},"{'datetime': 'noon', 'recurring_datetime': 'on Mondays only'}"
test_91,How hot will it get today?,weather/find,weather/find,True,0.8394,False,False,False,"{'datetime': 'Бүген', 'weather/attribute': 'эссе'}","{'condition_temperature': 'салкын', 'datetime': 'хәзер', 'location': 'хәзер'}"
test_92,remind me to set alarms for morning,reminder/set_reminder,alarm/set_alarm,False,0.9908,False,False,False,"{'datetime': 'иртәнге', 'reminder/todo': 'будильникларны куерга'}",{'datetime': 'morning'}
test_93,delete all alarms,alarm/cancel_alarm,alarm/cancel_alarm,True,0.9532,False,False,False,{'reference': 'бөтен'},{'reference': 'all'}
test_94,show my alarms,alarm/show_alarms,alarm/show_alarms,True,0.9983,False,False,False,{'reference': 'Минем'},{}
test_95,dismiss alarm,alarm/cancel_alarm,cancel_alarm,False,0.9438,False,False,False,{},{'reference': 'конкрет будильникка күрсәтү'}
test_96,What is the temperature today?,weather/find,weather/find,True,0.9102,False,False,False,"{'datetime': 'Бүген', 'weather/attribute': 'температура'}","{'condition_temperature': 'температура шартлары', 'datetime': 'сейн', 'location': 'сейн'}"
test_97,dismiss alarm,alarm/cancel_alarm,cancel_alarm,False,0.9438,False,False,False,{},{'reference': 'конкрет будильникка күрсәтү'}
test_98,Show all alarms,alarm/show_alarms,alarm/show_alarms,True,0.9985,False,False,False,{'reference': 'Барлык'},{}
test_99,set alarm for every 30 minutes,alarm/set_alarm,alarm/set_alarm,True,0.9928,False,False,False,{'recurring_datetime': '30 минут саен'},{'recurring_datetime': 'every 30 minutes'}
test_100,What is the temperature going to be today?,weather/find,weather/find,True,0.9069,False,False,False,"{'datetime': 'Бүген', 'weather/attribute': 'температура'}","{'condition_temperature': 'температура шартлары', 'datetime': 'сейн', 'location': 'сейн'}"
test_101,Is it going to be hot today?,weather/find,weather/find,True,0.8884,False,False,False,"{'datetime': 'Бүген', 'weather/attribute': 'кызу'}","{'condition_temperature': 'салкын', 'datetime': 'хәзер', 'location': 'хәзер'}"
test_102,Is it going to rain tomorrow?,weather/find,weather/find,True,0.8814,False,False,False,"{'datetime': 'Иртәгә', 'weather/attribute': 'яңгыр'}","{'datetime': 'төгөл', 'condition_description': 'яңгыр'}"
test_103,Cancel the next alarm,alarm/cancel_alarm,cancel_alarm,False,0.9784,False,False,False,{'reference': 'Киләсе'},{'datetime': 'next'}
test_104,Remind me to go to grocery store today,reminder/set_reminder,reminder/set_reminder,True,0.9887,False,False,False,"{'datetime': 'Бүген', 'reminder/todo': 'кибеткә барырга'}",{'datetime': 'today'}
test_105,cancel my reminders for next week,reminder/cancel_reminder,cancel_reminder,False,0.9848,False,False,False,"{'datetime': 'киләсе атнада', 'reference': 'минем'}","{'datetime': 'next week', 'reminder/todo': 'reminders'}"
test_106,remind me to take dog to groomer tuesday at 3pm,reminder/set_reminder,reminder/set_reminder,True,0.9594,False,False,False,"{'datetime': 'сишәмбе көнне көндезге сәгать 3-тә', 'reminder/todo': 'этне грумерга алып барырга'}","{'datetime': 'Tuesday at 3pm', 'reminder/todo': 'take dog to groomer'}"
test_107,Remind me to pick up flowers for Jen for our anniversary on the 28th.,reminder/set_reminder,reminder/set_reminder,True,0.9765,False,False,False,"{'datetime': '28-енче көнне', 'reminder/todo': 'Дженга годовщинага чәчәкләр сатып алырга'}","{'datetime': '28th', 'reminder/todo': 'pick up flowers for Jen for our anniversary'}"
test_108,What's the weather like today?,weather/find,weather/find,True,0.9662,False,False,False,{'datetime': 'Бүген'},{'datetime': 'today'}
test_109,Remind me to make a doctor's appointment tomorrow.,reminder/set_reminder,reminder/set_reminder,True,0.9445,False,False,False,"{'datetime': 'Иртәгә', 'reminder/todo': 'табибка язылырга'}",{'datetime': 'tomorrow'}
test_110,turn off all alarms,alarm/cancel_alarm,alarm/cancel_alarm,True,0.9705,False,False,False,{'reference': 'бөтен'},{'reference': 'all'}
test_111,Should I bring a raincoat?,weather/find,weather/find,True,0.9428,False,False,False,{'weather/attribute': 'дождевикны'},"{'condition_description': 'raincoat', 'weather/attribute': 'humidity'}"
test_112,What is the severe weather forecast?,weather/find,weather/find,True,0.8968,False,False,False,{'weather/attribute': 'Начар'},"{'condition_description': 'severe', 'datetime': 'хәзер', 'location': 'default_location'}"
test_113,remind me of next weeks doctor appointment,reminder/set_reminder,reminder/set_reminder,True,0.988,False,False,False,"{'datetime': 'киләсе атнада', 'reminder/todo': 'табибка язуым турында'}","{'datetime': 'next weeks', 'reminder/todo': 'doctor appointment'}"
test_114,set reminder to go to the store at 8am,reminder/set_reminder,set_reminder,False,0.9889,False,False,False,"{'datetime': 'иртәнге 8', 'reminder/todo': 'кибеткә бару'}",{'datetime': '8am'}
test_115,Set reminder to get the dry cleaning.,reminder/set_reminder,set_reminder,False,0.9676,False,False,False,{'reminder/todo': 'Химчисткага барырга'},{'reminder/todo': 'get the dry cleaning'}
test_116,when is it cool down,weather/find,weather/find,True,0.9341,False,False,False,{'weather/attribute': 'салкынрак'},"{'condition_temperature': 'cool', 'condition_description': 'down', 'datetime': 'when'}"
test_117,will it rain this week,weather/find,weather/find,True,0.9758,False,False,False,"{'datetime': 'бу атнада', 'weather/attribute': 'яңгыр'}","{'datetime': 'this week', 'condition_description': 'rain'}"
test_118,delete all alarms,alarm/cancel_alarm,alarm/cancel_alarm,True,0.9532,False,False,False,{'reference': 'барлык'},{'reference': 'all'}
test_119,cancel alarms,alarm/cancel_alarm,alarm/cancel_alarm,True,0.9673,False,False,False,{},{}
test_120,show me my alarms,alarm/show_alarms,alarm/show_alarms,True,0.9991,False,False,False,{'reference': 'минем'},{}
test_121,What time do I have an alarm set for?,alarm/show_alarms,alarm/show_alarms,True,0.903,False,False,False,{},{'datetime': 'I have an alarm set for'}
test_122,Is it going to rain Saturday?,weather/find,weather/find,True,0.989,False,False,False,"{'datetime': 'Шимбә', 'weather/attribute': 'яңгыр'}","{'datetime': 'Saturday', 'condition_description': 'rain'}"
test_123,how hot is it going to get today,weather/find,weather/find,True,0.8444,False,False,False,"{'datetime': 'бүген', 'weather/attribute': 'эссе'}","{'condition_temperature': 'салкын', 'datetime': 'хәзердән'}"
test_124,Reset all alarms,alarm/cancel_alarm,alarm/cancel_alarm,True,0.9408,False,False,False,{'reference': 'Барлык'},{'reference': 'all alarms'}
test_125,Weather in Tahoe this weekend?,weather/find,weather/find,True,0.9857,False,False,False,"{'datetime': 'Бу ял көннәрендә', 'location': 'Тахода'}","{'datetime': 'this weekend', 'location': 'Tahoe'}"
test_126,Do I need a coat today?,weather/find,weather/find,True,0.9755,False,False,False,"{'datetime': 'бүген', 'weather/attribute': 'пальто'}","{'condition_description': 'coat', 'datetime': 'today'}"
test_127,When will the rain stop?,weather/find,weather/find,True,0.9509,False,False,False,{'weather/attribute': 'Яңгыр'},"{'condition_description': 'дымлылык', 'datetime': 'when'}"
test_128,Set a reminder to call my school on Monday at 4 PM,reminder/set_reminder,set_reminder,False,0.9963,False,False,False,"{'datetime': 'Дүшәмбе көнне 16:00 сәгатьтә', 'reminder/todo': 'минем мәктәпкә шалтыратырга'}","{'datetime': 'Monday at 4 PM', 'reminder/todo': 'call my school'}"
test_129,Turn off my alarm.,alarm/cancel_alarm,alarm/cancel_alarm,True,0.9027,False,False,False,{'reference': 'Минем'},{'reference': 'my alarm'}
test_130,How cold will it be tonight?,weather/find,weather/find,True,0.9637,False,False,False,"{'datetime': 'Бүген кич', 'weather/attribute': 'салкын'}","{'condition_temperature': 'салкын', 'datetime': 'tonight'}"
test_131,Set alarm for 7 am tomorrow.,alarm/set_alarm,alarm/set_alarm,True,0.9789,False,False,False,{'datetime': 'иртәнге җидегә'},{'datetime': '7 am tomorrow'}
test_132,Cancel my reminder to pick up Rob,reminder/cancel_reminder,cancel_reminder,False,0.9667,False,False,False,"{'reference': 'Минем', 'reminder/todo': 'Робны алу'}",{'reminder_todo': 'pick up Rob'}
test_133,Create a reminder for tomorrow to buy milk.,reminder/set_reminder,set_reminder,False,0.9747,False,False,False,"{'datetime': 'Иртәгә', 'reminder/todo': 'сөт сатып алу'}","{'datetime': 'tomorrow', 'reminder/todo': 'buy milk'}"
test_134,set alarm for 6pm,alarm/set_alarm,alarm/set_alarm,True,0.9849,False,False,False,{'datetime': 'иртәнге 6'},{'datetime': '6pm'}
test_135,schedule a daily alarm for 7:30 pm until deleted,alarm/set_alarm,alarm/set_alarm,True,0.9653,False,False,False,{'recurring_datetime': 'көндәлек | кичке җиде сәгать утыз минутка'},"{'datetime': '7:30 pm', 'recurring_datetime': 'until deleted'}"
test_136,remind me to set an alarm for ups,reminder/set_reminder,alarm/set_alarm,False,0.9103,False,False,False,{'reminder/todo': 'торыр өчен будильникны куерга'},{'datetime': 'ups'}
test_137,Cancel my reminder,reminder/cancel_reminder,cancel_reminder,False,0.9525,False,False,False,{'reference': 'Минем'},"{'datetime': '', 'reference': '', 'reminder/todo': ''}"
test_138,Is it going to snow today?,weather/find,weather/find,True,0.9703,False,False,False,"{'datetime': 'Бүген', 'weather/attribute': 'кар'}","{'condition_description': 'snow', 'datetime': 'today'}"
test_139,Show me all the alarms,alarm/show_alarms,alarm/show_alarms,True,0.9993,False,False,False,{'reference': 'бөтен'},{}
test_140,show all reminders,reminder/show_reminders,none,False,0.9735,True,False,False,{'reference': 'бөтен'},{}
test_141,how much time is left on my alarm,alarm/time_left_on_alarm,alarm/time_left_on_alarm,True,0.9658,False,True,False,{'reference': 'минем'},{'reference': 'my alarm'}
test_142,set alarm for 2 hours,alarm/set_alarm,alarm/set_alarm,True,0.9932,False,False,False,{'datetime': '2 сәгатькә'},{'datetime': '2 hours'}
test_143,Remind me to get bread after work,reminder/set_reminder,reminder/set_reminder,True,0.9728,False,False,False,"{'datetime': 'Эштән соң', 'reminder/todo': 'икмәк сатып алырга'}","{'datetime': 'after work', 'reminder/todo': 'get bread'}"
test_144,Will it rain today?,weather/find,weather/find,True,0.9664,False,False,False,"{'datetime': 'Бүген', 'weather/attribute': 'яңгыр'}",{'datetime': 'today'}
test_145,read today's weather forecast,weather/find,weather/find,True,0.9809,False,False,False,{'datetime': 'бүгенге'},"{'datetime': 'today', 'condition_description': 'forecast'}"
test_146,What time is my alarm set for?,alarm/show_alarms,alarm/time_left_on_alarm,False,0.9723,False,False,False,{'reference': 'Минем'},{'reference': 'будильник'}
test_147,at 4 tomorrow remind me to go to the mall,reminder/set_reminder,reminder/set_reminder,True,0.971,False,False,False,"{'datetime': 'иртәгә 4', 'reminder/todo': 'сәүдә үзәгенә барырга'}",{'datetime': '4 tomorrow'}
test_148,do I need to bring an umbrella today,weather/find,weather/find,True,0.8795,False,False,False,"{'datetime': 'бүген', 'weather/attribute': 'кул чатырны'}","{'condition_description': 'үзгәрүү', 'datetime': 'үзгәрүү', 'location': 'үзгәрүү'}"
test_149,Show my reminder,reminder/show_reminders,reminder/show_reminders,True,0.9928,False,False,False,{'reference': 'Минем'},{}
test_150,Show all my reminders,reminder/show_reminders,reminder/show_reminders,True,0.9909,False,False,False,{'reference': 'Минем бөтен'},{}
test_151,Set a reminder for dog food on Monday.,reminder/set_reminder,set_reminder,False,0.9978,False,False,False,"{'datetime': 'Дүшәмбе', 'reminder/todo': 'эт ризыгы'}","{'datetime': 'Monday', 'reminder/todo': 'dog food'}"
test_152,"Set reminder ""Sub yoga class Tuesday night at Bala"" for tomorrow",reminder/set_reminder,set_reminder,False,0.9809,False,False,False,"{'datetime': 'Иртәгегә', 'reminder/todo': 'Сишәмбе кичендә Балада Саб йога дәресенә язылырга'}","{'datetime': 'tomorrow', 'reminder/todo': 'Sub yoga class Tuesday night at Bala'}"
test_153,Cancel all reminders for today,reminder/cancel_reminder,cancel_reminder,False,0.9615,False,False,False,"{'datetime': 'бүгенгегә', 'reference': 'бөтен'}",{'datetime': 'today'}
test_154,What will the weather be in New York city this week,weather/find,weather/find,True,0.9955,False,False,False,"{'datetime': 'Бу атнада', 'location': 'Нью - Йоркта'}","{'location': 'New York city', 'datetime': 'this week'}"
test_155,remind me of a doctor visit Thursday at 12 pm,reminder/set_reminder,reminder/set_reminder,True,0.9813,False,False,False,"{'datetime': 'пәнҗешәмбе көнне көндез 12-дә', 'reminder/todo': 'табибка баруымны'}",{'datetime': 'Thursday at 12 pm'}
test_156,Set an alarm for 6:50 pm,alarm/set_alarm,alarm/set_alarm,True,0.9887,False,False,False,{'datetime': 'кичке 6:50'},{'datetime': '6:50 pm'}
test_157,Is it going to snow today?,weather/find,weather/find,True,0.9703,False,False,False,"{'datetime': 'Бүген', 'weather/attribute': 'кар'}","{'condition_description': 'snow', 'datetime': 'today'}"
test_158,What alarms are set?,alarm/show_alarms,alarm/show_alarms,True,0.999,False,False,False,{},{}
test_159,Set a reminder alarm for October 7,reminder/set_reminder,set_alarm,False,0.9775,False,False,False,{'datetime': '7 октябрьгә'},{'datetime': 'October 7'}
test_160,Will there be snow today?,weather/find,weather/find,True,0.9866,False,False,False,"{'datetime': 'бүген', 'weather/attribute': 'кар'}","{'condition_description': 'snow', 'datetime': 'today'}"
test_161,snooze alarm for 15 minutes,alarm/snooze_alarm,alarm/snooze_alarm,True,0.9653,False,True,False,{'datetime': '15 минутка'},{'reference': 'конкрет будильникка күрсәтү'}
test_162,How much snow are they predicting?,weather/find,weather/find,True,0.9775,False,False,False,{'weather/attribute': 'кар'},"{'condition_description': 'snow', 'weather/attribute': 'amount'}"
test_163,is it hot outside,weather/find,weather/find,True,0.9275,False,False,False,"{'location': 'урамда', 'weather/attribute': 'эссе'}","{'condition_temperature': 'салкын', 'datetime': 'өч көннән соң', 'location': 'outside'}"
test_164,What is the temperature going to be today?,weather/find,weather/find,True,0.9069,False,False,False,"{'datetime': 'Бүген', 'weather/attribute': 'температура'}","{'condition_temperature': 'температура шартлары', 'datetime': 'сейн', 'location': 'сейн'}"
test_165,what will the weather be like in Dallas tomorrow,weather/find,weather/find,True,0.9678,False,False,False,"{'datetime': 'иртәгә', 'location': 'Далласта'}","{'condition_description': 'what will the weather be like', 'location': 'Dallas', 'datetime': 'tomorrow'}"
test_166,Show me all my reminders for today,reminder/show_reminders,reminder/show_reminders,True,0.771,False,False,False,"{'datetime': 'бүгенгегә', 'reference': 'минем бөтен'}",{'datetime': 'сүйүлгән урында | сүйүлгән урында'}
test_167,Set a weekly reminder for groceries.,reminder/set_reminder,set_reminder,False,0.9792,False,False,False,"{'recurring_datetime': 'Атна саен', 'reminder/todo': 'продукт сатып алу'}","{'recurring_datetime': 'weekly', 'reminder/todo': 'groceries'}"
test_168,weather,weather/find,weather/find,True,0.9836,False,False,False,{},"{'condition_description': '', 'condition_temperature': '', 'datetime': '', 'location': ''}"
test_169,Is it supposed to rain all day?,weather/find,weather/find,True,0.9801,False,False,False,"{'weather/attribute': 'Яңгыр', 'datetime': 'көне буе'}","{'condition_description': 'яңгыр', 'datetime': 'all day'}"
test_170,is it going to rain tomorrow,weather/find,weather/find,True,0.8839,False,False,False,"{'datetime': 'Иртәгә', 'weather/attribute': 'яңгыр'}","{'datetime': 'төгөл', 'condition_description': 'яңгыр'}"
test_171,Remind me to reply to work emails tonight,reminder/set_reminder,set_reminder,False,0.987,False,False,False,"{'datetime': 'Бүген кич', 'reminder/todo': 'эш хатларына җавап бирергә'}","{'datetime': 'tonight', 'reminder/todo': 'reply to work emails'}"
test_172,Delete alarms,alarm/cancel_alarm,alarm/cancel_alarm,True,0.9367,False,False,False,{},{'reference': 'конкрет будильникка күрсәтү'}
test_173,Cancel my alarms,alarm/cancel_alarm,cancel_alarm,False,0.9508,False,False,False,{'reference': 'Минем'},{'reference': 'конкрет будильникка күрсәтү'}
test_174,Can I wear shorts today?,weather/find,none,False,0.9007,False,False,False,"{'datetime': 'бүген', 'weather/attribute': 'шортыны'}",{}
test_175,Will it rain tomorrow?,weather/find,weather/find,True,0.9522,False,False,False,"{'datetime': 'Иртәгә', 'weather/attribute': 'яңгыр'}",{'datetime': 'Tomorrow'}
test_176,Set alarm for 10 am,alarm/set_alarm,alarm/set_alarm,True,0.9766,False,False,False,{'datetime': 'иртәнге 10'},{'datetime': '10 am'}
test_177,Is it going to rain this week?,weather/find,weather/find,True,0.9138,False,False,False,"{'datetime': 'бу атнада', 'weather/attribute': 'яңгыр'}","{'condition_description': 'яңгыр', 'datetime': 'this week', 'location': 'default_location'}"
test_178,show all reminders,reminder/show_reminders,none,False,0.9735,True,False,False,{'reference': 'бөтен'},{}
test_179,cancel alarms,alarm/cancel_alarm,alarm/cancel_alarm,True,0.9673,False,False,False,{},{}
test_180,turn off all alarms,alarm/cancel_alarm,alarm/cancel_alarm,True,0.9705,False,False,False,{'reference': 'бөтен'},{'reference': 'all'}
test_181,show all alarms preset,alarm/show_alarms,alarm/show_alarms,True,0.9975,False,False,False,{'reference': 'бөтен'},{}
test_182,Set alarm every minute for 20 minutes.,alarm/set_alarm,alarm/set_alarm,True,0.977,False,False,False,{'recurring_datetime': 'егерме минут саен'},"{'datetime': 'every minute', 'recurring_datetime': 'for 20 minutes'}"
test_183,What are my reminders?,reminder/show_reminders,reminder/show_reminders,True,0.9932,False,False,False,{'reference': 'Минем'},{}
test_184,cancel alarm for tomorrow,alarm/cancel_alarm,cancel_alarm,False,0.8836,False,False,False,{'datetime': 'иртәгегә'},"{'datetime': 'төгөлдән соң', 'reference': 'конкрет будильникка күрсәтү'}"
test_185,Do I need an umbrella today?,weather/find,weather/find,True,0.8575,False,False,False,"{'datetime': 'бүген', 'weather/attribute': 'зонтик'}","{'condition_description': 'үзенчәлек', 'datetime': 'Ẩy.Today'}"
test_186,is it supposed to snow today?,weather/find,weather/find,True,0.8626,False,False,False,"{'datetime': 'бүген', 'weather/attribute': 'кар'}","{'condition_description': 'снег', 'datetime': 'сейн', 'location': 'сейн'}"
test_187,Remind me to call my mom tonight,reminder/set_reminder,reminder/set_reminder,True,0.9731,False,False,False,"{'datetime': 'Бүген кич', 'reminder/todo': 'минем әнигә шалтыратырга'}","{'datetime': 'tonight', 'reminder/todo': 'call my mom'}"
test_188,will it rain today?,weather/find,weather/find,True,0.9758,False,False,False,"{'datetime': 'Бүген', 'weather/attribute': 'яңгыр'}",{'datetime': 'today'}
test_189,Is it going to rain Saturday?,weather/find,weather/find,True,0.989,False,False,False,"{'datetime': 'Шимбә', 'weather/attribute': 'яңгыр'}","{'datetime': 'Saturday', 'condition_description': 'rain'}"
test_190,Will you set the alarm every minute for 20 minutes?,alarm/set_alarm,alarm/set_alarm,True,0.9805,False,False,False,{'recurring_datetime': 'һәр минут саен 20 минутка'},"{'datetime': 'every minute', 'recurring_datetime': 'for 20 minutes'}"
test_191,Tropical storms in caribbean,weather/find,weather/find,True,0.9846,False,False,False,"{'location': 'Кариб', 'weather/attribute': 'тропик давыллар'}","{'condition_description': 'tropical storms', 'location': 'caribbean'}"
test_192,cancel all alarms,alarm/cancel_alarm,alarm/cancel_alarm,True,0.9642,False,False,False,{'reference': 'барлык'},{'reference': 'all'}
test_193,Set alarm for every nine minutes.,alarm/set_alarm,alarm/set_alarm,True,0.9736,False,False,False,{'recurring_datetime': 'тугыз минут саен'},{'recurring_datetime': 'every nine minutes'}
test_194,Delete the last two reminders on my list,reminder/cancel_reminder,cancel_reminder,False,0.9489,False,False,False,{'reference': 'соңгы ике'},"{'datetime': '', 'reference': 'last two', 'reminder/todo': 'искәртү'}"
test_195,how's the weather today,weather/find,weather/find,True,0.9654,False,False,False,{'datetime': 'бүген'},{'datetime': 'today'}
test_196,turn on my alarm,alarm/set_alarm,alarm/set_alarm,True,0.9833,False,False,False,{'reference': 'минем'},{'datetime': 'my alarm'}
test_197,What is the humidity today?,weather/find,weather/find,True,0.8837,False,False,False,"{'datetime': 'Бүген', 'weather/attribute': 'һаваның дымлылыгы'}","{'weather/attribute': 'дымлылык', 'datetime': 'сейн'}"
test_198,remind me to set an alarm for ups,reminder/set_reminder,alarm/set_alarm,False,0.9103,False,False,False,{'reminder/todo': 'миңа торыр өчен будильникны куерга'},{'datetime': 'ups'}
test_199,Will it snow this weekend?,weather/find,weather/find,True,0.975,False,False,False,"{'datetime': 'Бу ял көннәрендә', 'weather/attribute': 'кар'}","{'condition_description': 'snow', 'datetime': 'this weekend'}"
test_200,How hot will it get today?,weather/find,weather/find,True,0.8394,False,False,False,"{'datetime': 'Бүген', 'weather/attribute': 'эссе'}","{'condition_temperature': 'салкын', 'datetime': 'хәзер', 'location': 'хәзер'}"
test_201,What time is my alarm set for,alarm/show_alarms,alarm/time_left_on_alarm,False,0.9651,False,False,False,{'reference': 'Минем'},{'reference': 'будильник'}
test_202,What's the weather like today?,weather/find,weather/find,True,0.9662,False,False,False,{'datetime': 'Бүген'},{'datetime': 'today'}
test_203,Will it rain tomorrow?,weather/find,weather/find,True,0.9522,False,False,False,"{'datetime': 'Иртәгә', 'weather/attribute': 'яңгыр'}",{'datetime': 'Tomorrow'}
test_204,Cancel my alarm for 5:15am on Tuesday,alarm/cancel_alarm,cancel_alarm,False,0.9671,False,False,False,"{'datetime': 'Сишәмбе көнне иртәнге 5:15', 'reference': 'минем'}","{'datetime': '5:15am on Tuesday', 'reference': ''}"
test_205,cancel reminder for tonight's game,reminder/cancel_reminder,cancel_reminder,False,0.9869,False,False,False,"{'datetime': 'бүгенге', 'reminder/todo': 'уен'}","{'datetime': 'tonight', 'reminder_todo': 'game'}"
test_206,set alarm for 3am,alarm/set_alarm,alarm/set_alarm,True,0.9949,False,False,False,{'datetime': 'көндезге 3-ке'},{'datetime': '3am'}
test_207,cancel all alarms for saturday,alarm/cancel_alarm,alarm/cancel_alarm,True,0.9687,False,False,False,"{'datetime': 'шимбә көнне', 'reference': 'бөтен'}",{'datetime': 'saturday'}
test_208,i need a reminder to pick Lisa up,reminder/set_reminder,reminder/set_reminder,True,0.9793,False,False,False,{'reminder/todo': 'Лизаны алу'},"{'datetime': 'need', 'reminder/todo': 'pick Lisa up'}"
test_209,What is the high today?,weather/find,weather/find,True,0.9137,False,False,False,"{'datetime': 'Бүген', 'weather/attribute': 'югары'}","{'condition_temperature': 'температура шартлары: салкын', 'datetime': 'хана'}"
test_210,Is it going to be cloudy today in Grindstone?,weather/find,weather/find,True,0.9098,False,False,False,"{'datetime': 'Бүген', 'location': 'Гринстоунда', 'weather/attribute': 'болытлы'}","{'condition_description': 'яңгыр', 'datetime': 'сейн', 'location': 'Grindstone'}"
test_211,Remind me later,reminder/set_reminder,reminder/set_reminder,True,0.9773,False,False,False,{'datetime': 'Соңрак'},{'datetime': 'later'}
test_212,what is the weather in france today,weather/find,weather/find,True,0.9894,False,False,False,"{'datetime': 'бүген', 'location': 'франциядә'}","{'location': 'France', 'datetime': 'today'}"
test_213,Will it be sunny for the party on Saturday?,weather/find,weather/find,True,0.9305,False,False,False,"{'datetime': 'Шимбә', 'weather/attribute': 'кояшлы'}","{'condition_description': 'сүнүү', 'datetime': 'Saturday'}"
test_214,Is it going to rain tomorrow?,weather/find,weather/find,True,0.8814,False,False,False,"{'datetime': 'Иртәгә', 'weather/attribute': 'яңгыр'}","{'datetime': 'төгөл', 'condition_description': 'яңгыр'}"
test_215,Can I wear shorts today?,weather/find,none,False,0.9007,False,False,False,"{'datetime': 'бүген', 'weather/attribute': 'шортыны'}",{}
test_216,Show my reminder,reminder/show_reminders,reminder/show_reminders,True,0.9928,False,False,False,{'reference': 'Минем'},{}
test_217,what is the average forecast for september,weather/find,weather/find,True,0.9566,False,False,False,{'datetime': 'Сентябрьдә'},"{'condition_temperature': 'average', 'datetime': 'september'}"
test_218,Is it cold today?,weather/find,weather/find,True,0.9072,False,False,False,"{'datetime': 'Бүген', 'weather/attribute': 'салкынмы'}","{'condition_temperature': 'салкын', 'datetime': 'хәзер', 'location': 'хәзер'}"
test_219,Cancel all reminders,reminder/cancel_reminder,cancel_reminder,False,0.9511,False,False,False,{'reference': 'Бөтен'},"{'datetime': '', 'reference': '', 'reminder/todo': ''}"
test_220,is it hot?,weather/find,weather/find,True,0.9212,False,False,False,{'weather/attribute': 'эссеме'},"{'condition_temperature': 'салкын', 'condition_description': 'яңгыр', 'datetime': 'өч көннән соң', 'location': ''}"
test_221,Make alarm for weekends at 2pm,alarm/set_alarm,set_alarm,False,0.9453,False,False,False,{'recurring_datetime': 'Ял көннәрендә көндезге 2'},"{'datetime': '2pm', 'recurring_datetime': 'weekends', 'reference': ''}"
test_222,Set alarm for 2 am,alarm/set_alarm,alarm/set_alarm,True,0.9901,False,False,False,{'datetime': 'иртәнге 2'},{'datetime': '2 am'}
test_223,What is the humidity today?,weather/find,weather/find,True,0.8837,False,False,False,"{'datetime': 'Бүген', 'weather/attribute': 'һаваның дымлылыгы'}","{'weather/attribute': 'дымлылык', 'datetime': 'сейн'}"
test_224,show all my alarms,alarm/show_alarms,alarm/show_alarms,True,0.9977,False,False,False,{'reference': 'минем бөтен'},{}
test_225,Show me all my reminders,reminder/show_reminders,reminder/show_reminders,True,0.9973,False,False,False,{'reference': 'Минем бөтен'},{}
test_226,cancel all alarms,alarm/cancel_alarm,alarm/cancel_alarm,True,0.9642,False,False,False,{'reference': 'бөтен'},{'reference': 'all'}
test_227,Is there a storm headed for my area?,weather/find,weather/find,True,0.9784,False,False,False,"{'weather/attribute': 'Давыл', 'location': 'минем районыма'}","{'condition_description': 'storm', 'location': 'my area', 'datetime': 'headed for'}"
test_228,what's the weather today,weather/find,weather/find,True,0.9585,False,False,False,{'datetime': 'бүген'},{'datetime': 'today'}
test_229,delete last reminder,reminder/cancel_reminder,cancel_reminder,False,0.9631,False,False,False,{'reference': 'соңгы'},{'datetime': 'last'}
test_230,What time is left on the alarm.,alarm/time_left_on_alarm,alarm/time_left_on_alarm,True,0.9784,False,True,False,{},{'reference': 'будильник'}
test_231,Cancel all my alarms for Sunday.,alarm/cancel_alarm,alarm/cancel_alarm,True,0.9743,False,False,False,"{'datetime': 'Якшәмбе көнне', 'reference': 'минем бөтен'}",{'datetime': 'Sunday'}
test_232,How hot will it get today?,weather/find,weather/find,True,0.8394,False,False,False,"{'datetime': 'Бүген', 'weather/attribute': 'эссе'}","{'condition_temperature': 'салкын', 'datetime': 'хәзер', 'location': 'хәзер'}"
test_233,I'd like you to create a new alarm for 8:45 tomorrow morning,alarm/set_alarm,set_alarm,False,0.975,False,False,False,{'datetime': 'иртәгә иртәнге 8:45'},{'datetime': '8:45 tomorrow morning'}
test_234,cancel all alarms,alarm/cancel_alarm,alarm/cancel_alarm,True,0.9642,False,False,False,{'reference': 'бөтен'},{'reference': 'all'}
test_235,Is it going to snow today?,weather/find,weather/find,True,0.9703,False,False,False,"{'datetime': 'Бүген', 'weather/attribute': 'кар'}","{'condition_description': 'snow', 'datetime': 'today'}"
test_236,remind me to buy ice,reminder/set_reminder,reminder/set_reminder,True,0.9444,False,False,False,{'reminder/todo': 'бозны алырга'},{'datetime': 'me to buy ice'}
test_237,show all reminders,reminder/show_reminders,none,False,0.9735,True,False,False,{'reference': 'бөтен'},{}
test_238,show all alarms,alarm/show_alarms,alarm/show_alarms,True,0.994,False,False,False,{'reference': 'бөтен'},{}
test_239,What's the weather in San Francisco?,weather/find,weather/find,True,0.9987,False,False,False,{'location': 'Сан - Францискода'},{'location': 'San Francisco'}
test_240,Cancel all reminders,reminder/cancel_reminder,cancel_reminder,False,0.9511,False,False,False,{'reference': 'Бөтен'},"{'datetime': '', 'reference': '', 'reminder/todo': ''}"
test_241,Cancel reminder for concert,reminder/cancel_reminder,cancel_reminder,False,0.9345,False,False,False,{'reminder/todo': 'Концерт'},"{'reminder/todo': 'concert', 'datetime': 'for concert'}"
test_242,Cancel the alarm for tomorrow morning,alarm/cancel_alarm,cancel_alarm,False,0.8694,False,False,False,{'datetime': 'Иртәгә иртәнге'},"{'datetime': 'түркән', 'reference': 'түркән будильник'}"
test_243,will it rain this week,weather/find,weather/find,True,0.9758,False,False,False,"{'datetime': 'бу атнада', 'weather/attribute': 'яңгыр'}","{'datetime': 'this week', 'condition_description': 'rain'}"
test_244,What is the weather like on Wednesday for golfing?,weather/find,weather/find,True,0.9482,False,False,False,{'datetime': 'чәршәмбе көнне'},"{'datetime': 'Wednesday', 'object_type': 'һава торышы', 'weather/attribute': 'дымлылык'}"
test_245,show all alarms,alarm/show_alarms,alarm/show_alarms,True,0.994,False,False,False,{'reference': 'бөтен'},{}
test_246,turn off all alarms for tomorrow,alarm/cancel_alarm,alarm/cancel_alarm,True,0.8207,False,False,False,"{'reference': 'бөтен', 'datetime': 'иртәгә'}",{'datetime': 'төгөлдән'}
test_247,Set alarm for 5pm tonight,alarm/set_alarm,alarm/set_alarm,True,0.9827,False,False,False,{'datetime': 'бүген кичке 5'},{'datetime': '5pm tonight'}
test_248,set alarm for 7 tomorrow,alarm/set_alarm,alarm/set_alarm,True,0.9929,False,False,False,{'datetime': 'иртәге 7-гә'},{'datetime': '7 tomorrow'}
test_249,Will it be sunny tomorrow?,weather/find,weather/find,True,0.9512,False,False,False,"{'datetime': 'Иртәгә', 'weather/attribute': 'кояшлы'}","{'condition_description': 'яңгыр', 'datetime': '.tomorrow'}"
test_250,how hot will it be today,weather/find,weather/find,True,0.9718,False,False,False,"{'datetime': 'бүген', 'weather/attribute': 'эссе'}","{'condition_temperature': 'hot', 'datetime': 'today'}"
test_251,Give zero stars to Halo: Ghosts of Onyx,RateBook,RateBook,True,0.9738,False,False,False,"{'rating_value': 'ноль', 'rating_unit': 'йолдызлар', 'object_name': 'Halo: Ghosts of Onyx'}","{'best_rating': 'zero', 'object_name': 'Halo: Ghosts of Onyx', 'object_type': 'китап'}"
test_252,Play music by Joy Nilo .,PlayMusic,PlayMusic,True,0.9723,False,False,False,{'artist': 'Джой Нило'},"{'artist': 'Joy Nilo', 'music_item': 'music_item'}"
test_253,Please find me the video game titled 20 Hours in America .,SearchCreativeWork,SearchCreativeWork,True,0.9972,False,False,False,"{'object_name': '20 Hours in America', 'object_type': 'видеоуен'}","{'object_name': '20 Hours in America', 'object_type': 'video game'}"
test_254,Play my inventive playlist,PlayMusic,PlayMusic,True,0.9764,False,False,False,{'playlist': 'ясаган'},{'playlist': 'my inventive playlist'}
test_255,Book spot for 9 at Thurmont,BookRestaurant,BookRestaurant,True,0.999,False,False,False,"{'location': 'Термонтта', 'party_size_number': '9 кешегә'}","{'datetime': '9', 'location': 'Thurmont'}"
test_256,Add this tune to dorthy's 80's party playlist,AddToPlaylist,AddToPlaylist,True,0.9731,False,False,False,"{'music_item': 'көйне', 'reference': 'Доротиның', 'playlist': ""80's party""}","{'entity_name': 'tune', 'playlist': ""dorthy's 80's party playlist""}"
test_257,Play the newest melody on Last Fm by Eddie Vinson .,PlayMusic,PlayMusic,True,0.9787,False,False,False,"{'service': 'Last FM-да', 'artist': 'Эдди Винсонның', 'sort': 'иң яңа', 'music_item': 'көйен'}","{'artist': 'Eddie Vinson', 'music_item': 'melody', 'service': 'Last Fm', 'sort': 'newest'}"
test_258,Check the forecast for Nebraska .,weather/find,weather/find,True,0.9717,False,False,False,{'location': 'Небрасканың'},{'location': 'Nebraska'}
test_259,Is there a storm now in NC ?,weather/find,weather/find,True,0.9835,False,False,True,"{'location': 'NC-да', 'datetime': 'хәзер', 'condition_description': 'буран'}","{'condition_description': 'storm', 'location': 'NC', 'datetime': 'now'}"
test_260,I want to listen to an ep from 1998 .,PlayMusic,RateBook,False,0.9631,False,False,False,"{'datetime': '1998', 'music_item': 'минионны'}","{'object_part_of_series_type': 'ep', 'object_select': '1998'}"
test_261,I need times for A Yiddish World Remembered at Dipson Theatres,SearchScreeningEvent,SearchScreeningEvent,True,0.9876,False,False,False,"{'location': 'Дипсон театрларында', 'movie_name': 'A Yiddish World Remembered', 'object_type': 'вакыт'}","{'movie_name': 'A Yiddish World Remembered', 'object_type': 'фильм', 'location': 'Dipson Theatres'}"
test_262,Give 1 out of 6 rating to the current textbook,RateBook,RateBook,True,0.9404,False,False,False,"{'object_select': 'Хәзерге', 'object_type': 'дәреслеккә', 'best_rating': '6-дан', 'rating_value': '1'}","{'rating_value': '1', 'object_type': 'китап', 'best_rating': '6', 'rating_unit': 'йолдыз'}"
test_263,Add the Matt Murphy tune to the Flow Español playlist.,AddToPlaylist,AddToPlaylist,True,0.963,False,False,False,"{'artist': 'Мэтт Мерфиның', 'music_item': 'көйен', 'playlist': 'Flow Español'}","{'music_item': 'Matt Murphy tune', 'playlist': 'Flow Español'}"
test_264,I want to book a sundanese gastropub nearby in Texas for 3 people on 5/20/2025 .,BookRestaurant,BookRestaurant,True,0.9953,False,False,True,"{'party_size_number': '3', 'datetime': '20/05/2025', 'location': 'Техас | янындагы', 'cuisine': 'судан', 'restaurant_type': 'гастропабын'}","{'datetime': '5/20/2025', 'party_size_number': '3', 'restaurant_type': 'gastropub', 'cuisine': 'sundanese', 'location': 'nearby in Texas'}"
test_265,Could you find the TV series The Approach,SearchCreativeWork,SearchCreativeWork,True,0.9874,False,False,False,"{'object_name': 'The Approach', 'object_type': 'телесериал'}","{'object_name': 'The Approach', 'object_type': 'TV series'}"
test_266,Give this chronicle a 2 rating.,RateBook,RateBook,True,0.9268,False,False,True,"{'object_select': 'Бу', 'object_part_of_series_type': 'хроникага', 'rating_value': '2'}","{'best_rating': '2', 'rating_value': 'куела торган', 'object_type': 'китап', 'rating_unit': 'йолдыз'}"
test_267,Give The American Scene 2 of 6 stars,RateBook,RateBook,True,0.9451,False,False,False,"{'object_name': 'The American Scene-ка', 'best_rating': '6-дан', 'rating_value': '2', 'rating_unit': 'йолдыз'}","{'object_name': 'The American Scene', 'object_part_of_series_type': 'том', 'rating_value': '2', 'rating_unit': 'stars', 'best_rating': '6'}"
test_268,Add emilie autumn to my Nação Reggae playlist.,AddToPlaylist,AddToPlaylist,True,0.9726,False,False,False,"{'reference': 'Минем', 'playlist': 'Nação Reggae', 'artist': 'emilie autumn'}","{'artist': 'Emilie Autumn', 'music_item': 'track', 'playlist': 'Nação Reggae'}"
test_269,I want to book a jewish restaurant in Gambia .,BookRestaurant,BookRestaurant,True,0.9964,False,False,True,"{'location': 'Гамбиядәге', 'cuisine': 'яһүд', 'restaurant_type': 'ресторанын'}","{'cuisine': 'jewish', 'location': 'Gambia'}"
test_270,book a table at a Fried chicken restaurant,BookRestaurant,BookRestaurant,True,0.9577,False,False,True,{'restaurant_name': 'Fried chicken restaurant'},{'cuisine': 'Fried chicken'}
test_271,add we have a theme song to my House Afterwork playlist,AddToPlaylist,AddToPlaylist,True,0.9665,False,False,False,"{'reference': 'минем', 'playlist': 'House Afterwork', 'entity_name': 'we have a theme song'}","{'music_item': 'theme song', 'playlist': 'House Afterwork'}"
test_272,"What will the weather be not far from here on October the nineteenth, 2026 ?",weather/find,weather/find,True,0.9912,False,False,False,"{'datetime': '2026 елның унтугызынчы октябрендә', 'location': 'моннан | ерак түгел'}","{'datetime': 'October the nineteenth, 2026', 'location': 'not far from here'}"
test_273,Weather in Walden Russia on 12/26/2018,weather/find,weather/find,True,0.9971,False,False,False,"{'location': 'Уолденда | Россия', 'datetime': '26/12/2018'}","{'datetime': '12/26/2018', 'location': 'Walden Russia'}"
test_274,I want to book a restaurant for my father in law and I in Buckner a year from now .,BookRestaurant,BookRestaurant,True,0.9661,False,False,True,"{'party_size_description': 'каенана һәм миңа', 'datetime': 'бер елдан соң', 'location': 'Buckner', 'restaurant_type': 'ресторанны'}","{'datetime': 'a year from now', 'party_size_number': 'my father in law and I | 2', 'location': 'Buckner'}"
test_275,Rate this book a 1,RateBook,RateBook,True,0.9423,False,False,False,"{'object_select': 'Бу', 'object_type': 'китапка', 'rating_value': '1'}","{'rating_value': '1', 'object_type': 'китап', 'best_rating': '1'}"
test_276,add this artist to my spotlight on country 2016 playlist,AddToPlaylist,AddToPlaylist,True,0.9889,False,False,False,"{'music_item': 'башкаручыны', 'reference': 'минем', 'playlist': 'spotlight on country 2016'}","{'artist': 'this artist', 'music_item': 'artist', 'playlist': 'spotlight on country 2016'}"
test_277,Could you locate the Epic Conditions picture ?,SearchCreativeWork,SearchCreativeWork,True,0.9831,False,False,False,"{'object_name': 'Epic Conditions', 'object_type': 'рәсемен'}","{'object_type': 'picture', 'object_name': 'Epic Conditions'}"
test_278,Play rich sex on Iheart,PlayMusic,PlayMusic,True,0.9802,False,False,True,"{'service': 'Iheart-та', 'track': 'rich sex'}","{'music_item': 'rich sex', 'service': 'Iheart'}"
test_279,Is Bartok the Magnificent playing at seven AM ?,SearchScreeningEvent,SearchScreeningEvent,True,0.9808,False,False,False,"{'movie_name': 'Bartok the Magnificent', 'datetime': 'иртәнге җидедә'}","{'movie_name': 'Bartok the Magnificent', 'datetime': 'seven AM'}"
test_280,Play something on Zvooq,PlayMusic,PlayMusic,True,0.9759,False,False,False,{'service': 'Zvooq-да'},{'service': 'Zvooq'}
test_281,Let me hear Chris Knight music,PlayMusic,PlayMusic,True,0.9656,False,False,False,{'artist': 'Крис Найт'},"{'artist': 'Chris Knight', 'music_item': 'music'}"
test_282,play Jill Sobule album,PlayMusic,PlayMusic,True,0.9888,False,False,True,"{'album': 'Джилл Собул', 'music_item': 'альбомын'}",{'album': 'Jill Sobule'}
test_283,Give four stars to The Broken Window,RateBook,RateBook,True,0.9449,False,False,False,"{'object_name': 'The Broken Window', 'rating_value': 'дүрт', 'rating_unit': 'йолдыз'}","{'best_rating': 'four stars', 'rating_value': 'четыре', 'object_type': 'китап', 'object_name': 'The Broken Window', 'rating_unit': 'звезд'}"
test_284,Tell me the forecast for 6 am in Tatra-Nationalpark,weather/find,weather/find,True,0.9946,False,False,False,"{'location': 'Tatra-милли паркында', 'datetime': 'иртәнге 6да'}","{'datetime': '6 am', 'location': 'Tatra-Nationalpark'}"
test_285,Please book me a table at a bistro which serves lorna doone .,BookRestaurant,BookRestaurant,True,0.9978,False,False,True,"{'restaurant_type': 'бистродагы', 'served_dish': 'lorna doone'}","{'cuisine': 'lorna doone', 'restaurant_type': 'bistro'}"
test_286,Rate The Mystery of the Tolling Bell series 4 stars .,RateBook,RateBook,True,0.9564,False,False,True,"{'object_name': 'The Mystery of the Tolling Bell', 'object_part_of_series_type': 'сериалны', 'rating_value': '4', 'rating_unit': 'йолдызга'}","{'rating_value': '4', 'rating_unit': 'stars', 'object_name': 'The Mystery of the Tolling Bell', 'object_part_of_series_type': 'series'}"
test_287,Use Groove Shark to play music,PlayMusic,PlayMusic,True,0.9901,False,False,False,{'service': 'Groove Shark'},{'service': 'Groove Shark'}
test_288,Check the timings for Snowbound at the closest movie theatre .,SearchScreeningEvent,SearchScreeningEvent,True,0.9764,False,False,True,"{'location': 'Якындагы', 'object_location_type': 'кинотеатрда', 'movie_name': 'Snowbound'}","{'movie_name': 'Snowbound', 'object_location_type': 'movie theatre', 'location': 'closest movie theatre'}"
test_289,Please open Zvooq,PlayMusic,PlayMusic,True,0.9994,False,False,False,{'service': 'Zvooq'},{'service': 'Zvooq'}
test_290,book spot for 1 at Town of Ramsgate in Merit,BookRestaurant,BookRestaurant,True,0.988,False,False,True,"{'party_size_number': '1', 'location': 'Меритта', 'restaurant_name': 'Town of Ramsgate'}","{'party_size_number': '1', 'restaurant_type': 'spot', 'location': 'Town of Ramsgate in Merit'}"
test_291,Will I Think I Do be playing at 7 PM ?,SearchScreeningEvent,PlayMusic,False,0.9582,False,False,False,"{'movie_name': 'I Think I Do', 'datetime': 'кичке 7-дә'}","{'music_item': 'be playing', 'datetime': '7 PM'}"
test_292,will Custer National Forest be chillier at seven Pm,weather/find,weather/find,True,0.956,False,False,True,"{'location': 'Custer National Forest', 'datetime': 'кичке җидедә', 'condition_temperature': 'салкынрак'}","{'condition_temperature': 'чилли', 'datetime': 'seven Pm', 'location': 'Custer National Forest'}"
test_293,I want to listen to something on Youtube,PlayMusic,PlayMusic,True,0.9908,False,False,False,{'service': 'Youtube-та'},{'service': 'Youtube'}
test_294,Search for the game Difficult Loves,SearchCreativeWork,SearchCreativeWork,True,0.9956,False,False,False,"{'object_name': 'Difficult Loves', 'object_type': 'уенын'}","{'object_name': 'Difficult Loves', 'object_type': 'game'}"
test_295,What's the weather forecast for Bothe-Napa Valley State Park close by february 20 ?,weather/find,weather/find,True,0.9801,False,False,False,"{'datetime': '20 февральгә', 'location': 'Bothe-Napa Valley дәүләт паркында'}","{'datetime': 'february 20', 'location': 'Bothe-Napa Valley State Park'}"
test_296,show me the schedule of movie The Great Gildersleeve near movie house,SearchScreeningEvent,SearchScreeningEvent,True,0.9728,False,False,True,"{'object_location_type': 'кинотеатр', 'movie_name': 'The Great Gildersleeve', 'object_type': 'расписаниесен'}","{'movie_name': 'The Great Gildersleeve', 'object_type': 'movie', 'location': 'near movie house'}"
test_297,Tell me the weather forecast for Gibsland,weather/find,weather/find,True,0.9761,False,False,False,{'location': 'Гибслендта'},{'location': 'Gibsland'}
test_298,Can I get the times for movies in the neighbourhood,SearchScreeningEvent,SearchScreeningEvent,True,0.9426,False,False,False,"{'location': 'күршедәге', 'movie_type': 'кино', 'object_type': 'графигын'}","{'object_type': 'movies', 'location': 'neighbourhood'}"
test_299,Rate Soul Music a 0 .,RateBook,RateBook,True,0.9676,False,False,False,"{'object_name': 'Soul Music-ка', 'rating_value': '0'}","{'object_type': 'китап', 'rating_value': '0', 'rating_unit': 'балл', 'object_name': 'Soul Music'}"
test_300,Book a reservation for five people for a tatar taverna in Sargents,BookRestaurant,BookRestaurant,True,0.9891,False,False,True,"{'location': 'Сарджентстада', 'cuisine': 'татар', 'restaurant_type': 'тавернасында', 'party_size_number': 'биш'}","{'party_size_number': 'five', 'restaurant_type': 'taverna', 'cuisine': 'tatar', 'location': 'Sargents'}"
test_301,Play All Things Must Pass .,PlayMusic,PlayMusic,True,0.985,False,False,True,{'track': 'All Things Must Pass'},"{'music_item': 'All Things Must Pass', 'album': 'All Things Must Pass'}"
test_302,What is the rain forecast for one hour from now in South Korea,weather/find,weather/find,True,0.9705,False,False,True,"{'location': 'Кореяда', 'datetime': 'бер сәгатьтән соң', 'condition_description': 'яңгыр'}","{'condition_description': 'rain', 'datetime': 'one hour from now', 'location': 'South Korea'}"
test_303,Book a spot for 4 in Oklahoma at South Street Diner,BookRestaurant,BookRestaurant,True,0.9989,False,False,True,"{'location': 'Оклахомада', 'restaurant_name': 'South Street Diner-да', 'party_size_number': '4'}","{'party_size_number': '4', 'location': 'Oklahoma', 'restaurant_name': 'South Street Diner'}"
test_304,Play music off Netflix .,PlayMusic,PlayMusic,True,0.9748,False,False,False,{'service': 'Netflix-тан'},{'service': 'Netflix'}
test_305,I want to see Shattered Image .,SearchScreeningEvent,SearchCreativeWork,False,0.9742,False,False,False,{'movie_name': 'Shattered Image-не'},"{'object_type': 'Image', 'object_name': 'Shattered Image'}"
test_306,Search for The Sound of One Hand Clapping,SearchCreativeWork,SearchCreativeWork,True,0.9819,False,False,False,{'object_name': 'The Sound of One Hand Clapping-ны'},"{'object_name': 'The Sound of One Hand Clapping', 'object_type': 'китап'}"
test_307,Look for the album Wolves Within,SearchCreativeWork,PlayMusic,False,0.9281,False,False,False,"{'object_name': 'Wolves Within', 'object_type': 'альбомын'}",{'music_item': 'album | Wolves Within'}
test_308,is We Are Northern Lights playing in any movie theatre,SearchScreeningEvent,SearchScreeningEvent,True,0.978,False,False,True,"{'object_location_type': 'кинотеатрда', 'movie_name': 'We Are Northern Lights'}","{'movie_name': 'We Are Northern Lights', 'object_type': 'фильм'}"
test_309,Add our little corner of the world music from gilmore girls to my The Funny Thing About Football Is playlist.,AddToPlaylist,AddToPlaylist,True,0.9662,False,False,False,"{'entity_name': 'Безнең кечкенә дөнья почмагы , Гилмор кыз музыкасы', 'reference': 'минем', 'playlist': 'Иң көлкесе әйберләр футболда'}","{'entity_name': 'little corner of the world music from gilmore girls', 'music_item': 'music from gilmore girls', 'playlist': 'The Funny Thing About Football Is'}"
test_310,what is the forecast for hotter weather at Southford Falls State Park,weather/find,weather/find,True,0.9609,False,False,True,"{'location': 'Саутфорд Фолс дәүләт паркында', 'condition_temperature': 'эссе'}","{'condition_temperature': '.hotter', 'location': 'Southford Falls State Park'}"
test_311,Please book me a table at a pizzeria with a parking facility in Ghana .,BookRestaurant,BookRestaurant,True,0.9907,False,False,True,"{'location': 'Гана', 'facility': 'парковкасы', 'restaurant_type': 'пиццерия'}","{'restaurant_type': 'pizzeria', 'facility': 'parking facility', 'location': 'Ghana'}"
test_312,I want to hear a seventies sound track .,PlayMusic,PlayMusic,True,0.9651,False,False,False,"{'datetime': 'җитмешенче', 'music_item': 'саундтрегын'}","{'genre': 'seventies sound track', 'music_item': 'трек'}"
test_313,Weather in two hours in Uzbekistan,weather/find,weather/find,True,0.9834,False,False,False,"{'datetime': 'Ике сәгатьтән соң', 'location': 'Үзбәкстанда'}","{'datetime': 'two hours', 'location': 'Uzbekistan'}"
test_314,Please find me the Journal of the British Astronomical Association movie .,SearchCreativeWork,SearchCreativeWork,True,0.9732,False,False,False,"{'object_name': 'Journal of the British Astronomical Association', 'object_type': 'фильмын'}","{'object_name': 'Journal of the British Astronomical Association', 'object_type': 'movie'}"
test_315,"Book a reservation for 8 people in Wardville , Kansas",BookRestaurant,BookRestaurant,True,0.9901,False,False,False,"{'location': 'Уордвилл-да | Канзас-та', 'party_size_number': '8'}","{'party_size_number': '8', 'location': 'Wardville , Kansas'}"
test_316,What will the weather be faraway from here ?,weather/find,weather/find,True,0.9409,False,False,False,{'location': 'моннан | ерак'},"{'condition_description': '', 'datetime': '', 'location': 'faraway from here'}"
test_317,Add Richard McNamara newest song to the Just Smile playlist,AddToPlaylist,AddToPlaylist,True,0.9885,False,False,False,"{'artist': 'Ричард Макнамараның', 'music_item': 'җырын', 'playlist': 'Just Smile'}","{'artist': 'Richard McNamara', 'music_item': 'newest song', 'playlist': 'Just Smile'}"
test_318,how cold will it be here in 1 second,weather/find,weather/find,True,0.9332,False,False,True,"{'location': 'монда', 'datetime': '1 секундтан соң', 'condition_temperature': 'салкын'}","{'condition_temperature': 'салкын', 'datetime': '1 секунд', 'location': 'here'}"
test_319,Looking for a painting with the title With You,SearchCreativeWork,SearchCreativeWork,True,0.9973,False,False,False,"{'object_name': 'With You', 'object_type': 'рәсем'}","{'object_name': 'With You', 'object_type': 'painting'}"
test_320,Find the creative work Deadly Weapons,SearchCreativeWork,SearchCreativeWork,True,0.9961,False,False,False,{'object_name': 'Deadly Weapons'},{'object_name': 'Deadly Weapons'}
test_321,What will the weather be in nov. in Brookneal ?,weather/find,weather/find,True,0.9906,False,False,False,"{'datetime': 'Ноябрьдә', 'location': 'Брукнилда'}","{'datetime': 'nov.', 'location': 'Brookneal'}"
test_322,Book a reservation at tavern for noodle,BookRestaurant,BookRestaurant,True,0.9964,False,False,True,"{'served_dish': 'Токмач', 'restaurant_type': 'тавернада'}","{'restaurant_type': 'tavern', 'cuisine': 'noodle'}"
test_323,what is the forecast for Costa Rica,weather/find,weather/find,True,0.987,False,False,False,{'location': 'Коста - Рикада'},{'location': 'Costa Rica'}
test_324,Is The Two Gladiators playing,SearchScreeningEvent,SearchCreativeWork,False,0.9623,False,False,False,{'movie_name': 'The Two Gladiators'},"{'object_type': 'film', 'object_name': 'The Two Gladiators'}"
test_325,what movies at Star Theatres .,SearchScreeningEvent,SearchScreeningEvent,True,0.9668,False,False,False,"{'location': 'Star Theatres-да', 'movie_type': 'фильмнар'}","{'object_type': 'movie', 'location': 'Star Theatres'}"
test_326,Can you please find me the Harry Hood saga ?,SearchCreativeWork,RateBook,False,0.942,False,False,False,"{'object_name': 'Harry Hood', 'object_type': 'сагасын'}","{'object_name': 'Harry Hood', 'object_part_of_series_type': 'сага'}"
test_327,add this tune to my Sleepify playlist,AddToPlaylist,AddToPlaylist,True,0.9916,False,False,False,"{'music_item': 'көйне', 'reference': 'минем', 'playlist': 'Sleepify'}","{'music_item': 'tune', 'playlist': 'Sleepify'}"
test_328,Is Any Which Way You Can playing in 15 seconds,SearchScreeningEvent,PlayMusic,False,0.9944,False,False,False,"{'movie_name': 'Any Which Way You Can', 'datetime': '15 секундтан соң'}","{'music_item': 'Is Any Which Way You Can', 'datetime': '15 seconds'}"
test_329,Play music from E-type .,PlayMusic,PlayMusic,True,0.9706,False,False,False,{'artist': 'E-type'},{'music_item': 'E-type'}
test_330,Give one start to the current book,RateBook,RateBook,True,0.9221,False,False,False,"{'object_select': 'Хәзерге', 'object_type': 'китапка', 'rating_value': 'бер'}","{'best_rating': 'one', 'object_type': 'book', 'rating_unit': 'star', 'rating_value': 'one'}"
test_331,Play Another Passenger from Louis Nelson Delisle .,PlayMusic,PlayMusic,True,0.9855,False,False,True,"{'artist': 'Louis Nelson Delisle-ның', 'album': 'Another Passenger'}","{'music_item': 'Another Passenger', 'artist': 'Louis Nelson Delisle'}"
test_332,Where can I find the movie schedules,SearchScreeningEvent,SearchScreeningEvent,True,0.9021,False,False,False,{'object_type': 'кино графигын'},"{'object_type': 'movie', 'datetime': 'хәзер', 'location': 'урын'}"
test_333,what's the forecast for sep. 26 in Emerado Saint Pierre and Miquelon,weather/find,weather/find,True,0.9991,False,False,False,"{'location': 'Эмерадода | Сен - Пьер һәм Микелонда', 'datetime': '26 сентябрьгә'}","{'datetime': 'sep. 26', 'location': 'Emerado Saint Pierre and Miquelon'}"
test_334,Lets eat near Oakfield 17 seconds from now at Ted Peters Famous Smoked Fish,BookRestaurant,BookRestaurant,True,0.9941,False,False,True,"{'restaurant_name': 'Ted Peters Famous Smoked Fish-та', 'location': 'Окфилд | янында', 'datetime': '17 секундтансын'}","{'datetime': '17 seconds from now', 'location': 'near Oakfield', 'restaurant_name': 'Ted Peters Famous Smoked Fish'}"
test_335,get me the trailer of Good Morning Sunshine,SearchCreativeWork,SearchCreativeWork,True,0.9794,False,False,False,"{'object_name': 'Good Morning Sunshine', 'object_type': 'трейлерын'}","{'object_name': 'Good Morning Sunshine', 'object_type': 'trailer'}"
test_336,I want to book a brasserie for 3 people in Netherlands Antilles .,BookRestaurant,BookRestaurant,True,0.9915,False,False,False,"{'location': 'Нидерланд Антиль утрауларында', 'party_size_number': '3', 'restaurant_type': 'сыра ресторанны'}","{'restaurant_type': 'brasserie', 'party_size_number': '3', 'location': 'Netherlands Antilles'}"
test_337,rate this current album 0 stars,RateBook,RateBook,True,0.968,False,False,False,"{'object_select': 'бу хәзерге', 'object_type': 'альбомга', 'rating_value': '0', 'rating_unit': 'йолдыз'}","{'rating_value': '0', 'object_type': 'album', 'rating_unit': 'stars'}"
test_338,Like to book a seat in Monaco for the Yankee Doodle Coffee Shop,BookRestaurant,BookRestaurant,True,0.9912,False,False,True,"{'location': 'Монакода', 'restaurant_name': 'Yankee Doodle Coffee Ѕһор-та'}","{'restaurant_name': 'Yankee Doodle Coffee Shop', 'location': 'Monaco'}"
test_339,Add the artist to the political punks playlist.,AddToPlaylist,AddToPlaylist,True,0.9732,False,False,False,"{'playlist': 'Political punks', 'music_item': 'башкаручыны'}","{'artist': 'political punks', 'music_item': 'artist', 'playlist': 'playlist'}"
test_340,Will it be colder four months from now in Suwanee AK,weather/find,weather/find,True,0.974,False,False,True,"{'datetime': 'Дүрт айдан соң', 'location': 'Саванида | AK-ында', 'condition_temperature': 'салкынрак'}","{'condition_temperature': 'colder', 'datetime': 'four months from now', 'location': 'Suwanee AK'}"
test_341,add Muzika za decu to my Crash Course playlist,AddToPlaylist,AddToPlaylist,True,0.9824,False,False,False,"{'reference': 'минем', 'playlist': 'Crash Course', 'entity_name': 'Muzika za decu'}","{'music_item': 'Muzika za decu', 'playlist': 'Crash Course'}"
test_342,Can you look up the Molecular Oncology saga ?,SearchCreativeWork,RateBook,False,0.942,False,False,False,"{'object_name': 'Molecular Oncology', 'object_type': 'сагасын'}","{'object_name': 'Molecular Oncology', 'object_type': 'роман', 'object_part_of_series_type': 'серия өлеше'}"
test_343,I want to book a restaurant for six people in Wagstaff AK .,BookRestaurant,BookRestaurant,True,0.9983,False,False,False,"{'party_size_number': 'алты', 'restaurant_type': 'ресторанны', 'location': 'Вагстаффта | AK-да'}","{'party_size_number': 'six', 'location': 'Wagstaff AK'}"
test_344,Play some symphony music from David Lindley .,PlayMusic,PlayMusic,True,0.9934,False,False,False,"{'artist': 'Дэвид Линдлиның', 'music_item': 'симфоник'}","{'artist': 'David Lindley', 'music_item': 'symphony'}"
test_345,"Please fine me the TV series , Now We Are Married .",SearchCreativeWork,SearchCreativeWork,True,0.9939,False,False,False,"{'object_name': 'Now We Are Married', 'object_type': 'телесериалын'}","{'object_name': 'Now We Are Married', 'object_type': 'TV series'}"
test_346,I want to see Outcast .,SearchScreeningEvent,SearchCreativeWork,False,0.9828,False,False,False,{'movie_name': 'Outcast-ны'},"{'object_name': 'Outcast', 'object_type': 'фильм'}"
test_347,add the current track to my This Is Tchaikovsky playlist,AddToPlaylist,AddToPlaylist,True,0.9962,False,False,False,"{'reference': 'минем', 'playlist': 'This Is Tchaikovsky', 'music_item': 'трекны'}","{'music_item': 'current track', 'playlist': 'This Is Tchaikovsky'}"
test_348,Play This Is: Miles Davis on Lastfm .,PlayMusic,PlayMusic,True,0.9972,False,False,False,"{'service': 'Lastfm-да', 'playlist': 'This Is: Miles Davis-ны'}","{'music_item': 'This Is: Miles Davis', 'service': 'Lastfm'}"
test_349,book the best table in Tanzania for 5 people at a diner,BookRestaurant,BookRestaurant,True,0.9841,False,False,False,"{'location': 'Танзаниядә', 'restaurant_type': 'кабымханәдә', 'party_size_number': '5', 'sort': 'иң яхшы'}","{'best_rating': 'best', 'party_size_number': '5', 'restaurant_type': 'diner', 'location': 'Tanzania'}"
test_350,Let's hear good Mohammad Mamle on Vimeo .,PlayMusic,SearchCreativeWork,False,0.9795,False,False,False,"{'service': 'Vimeo-да', 'sort': 'элекке', 'artist': 'Mohammad Mamle'}","{'object_type': 'фильм', 'object_name': 'Mohammad Mamle', 'service': 'Vimeo'}"
test_351,Put Vandemataram Srinivas 's track onto HipHop Hot 50 .,AddToPlaylist,AddToPlaylist,True,0.9977,False,False,False,"{'artist': 'Vandemataram Srinivas', 'music_item': 'трегын', 'playlist': 'HipHop Hot 50-гә'}","{'artist': 'Vandemataram Srinivas', 'music_item': 'track', 'playlist': 'HipHop Hot 50'}"
test_352,Get me the Secret South song .,SearchCreativeWork,PlayMusic,False,0.9831,False,False,False,"{'object_name': 'Secret South', 'object_type': 'җырын'}","{'music_item': 'Secret South song', 'object_type': 'song'}"
test_353,nineties songs on Zvooq,PlayMusic,SearchCreativeWork,False,0.9766,False,False,False,"{'service': 'Zvooq-та', 'datetime': 'туксанынчы'}","{'object_type': 'music_item', 'object_name': 'nineties songs', 'service': 'Zvooq'}"
test_354,what is the forecast in Admire in TX starting at seventeen,weather/find,weather/find,True,0.9798,False,False,False,"{'datetime': 'кичке биштән', 'location': 'Техаста | Admire-да'}","{'datetime': 'seventeen', 'location': 'Admire in TX'}"
test_355,Play something on Last Fm,PlayMusic,PlayMusic,True,0.9836,False,False,False,{'service': 'Last FM-да'},{'service': 'Last Fm'}
test_356,I want to see The Portrait of a Lady at the nearest cinema .,SearchScreeningEvent,SearchScreeningEvent,True,0.9791,False,False,True,"{'location': 'якындагы', 'object_location_type': 'кинотеатрда', 'movie_name': 'The Portrait of a Lady'}","{'movie_name': 'The Portrait of a Lady', 'object_location_type': 'cinema', 'location': 'nearest'}"
test_357,Please find me Phineas Redux .,SearchCreativeWork,SearchCreativeWork,True,0.9807,False,False,False,{'object_name': 'Phineas Redux'},"{'object_name': 'Phineas Redux', 'object_type': 'әсәр'}"
test_358,Add the 40 cal tune to the laundry playlist.,AddToPlaylist,AddToPlaylist,True,0.9925,False,False,False,"{'playlist': 'Laundry', 'artist': '40 cal', 'music_item': 'көйен'}","{'music_item': '40 cal tune', 'playlist': 'laundry playlist'}"
test_359,Open itunes and play Ben Burnley Ready To Die,PlayMusic,PlayMusic,True,0.9785,False,False,True,"{'service': 'Itunes-ны', 'artist': 'Ben Burnley', 'album': 'Ready To Die-ны'}","{'artist': 'Ben Burnley', 'music_item': 'Ready To Die', 'service': 'iTunes'}"
test_360,What will the weather be in Monument of Lihula on december the 5th ?,weather/find,weather/find,True,0.9952,False,False,False,"{'datetime': '5-енче декабрьдә', 'location': 'Лихул һәйкәле'}","{'datetime': 'december the 5th', 'location': 'Monument of Lihula'}"
test_361,Show the Sexy Dance 2 times at the closest movie house,SearchScreeningEvent,SearchScreeningEvent,True,0.9444,False,False,True,"{'location': 'Якындагы', 'object_location_type': 'кинотеатрда', 'movie_name': 'Sexy Dance 2', 'object_type': 'расписаниесен'}","{'movie_name': 'Show the Sexy Dance', 'sort': 'closest', 'object_type': 'movie', 'quantity': '2 times'}"
test_362,Looking for a song with the title of Live at the Kings Center,SearchCreativeWork,SearchCreativeWork,True,0.9909,False,False,False,"{'object_name': 'Live at the Kings Center', 'object_type': 'җырны'}","{'object_name': 'Live at the Kings Center', 'object_type': 'song'}"
test_363,"What's the weather like in Tyonek , New Jersey",weather/find,weather/find,True,0.9754,False,False,False,{'location': 'Тайонкта | Нью - Джерсида'},"{'location': 'Tyonek , New Jersey'}"
test_364,I want to book Tupelo Honey Cafe in New Jersey for five people.,BookRestaurant,BookRestaurant,True,0.9949,False,False,True,"{'party_size_number': 'биш', 'restaurant_name': 'Tupelo Honey Cafe-да', 'location': 'Нью - Джерсида'}","{'restaurant_name': 'Tupelo Honey Cafe', 'location': 'New Jersey', 'party_size_number': 'five'}"
test_365,book spot for my nieces and I at a tea house,BookRestaurant,BookRestaurant,True,0.9901,False,False,True,"{'restaurant_type': 'чәй йорта', 'party_size_description': 'миӊа һәм минем cеңелләремә'}","{'party_size_description': 'my nieces and I', 'restaurant_type': 'tea house'}"
test_366,Will it be hot in the Netherlands on February 16th ?,weather/find,weather/find,True,0.9542,False,False,True,"{'datetime': '16 февральдә', 'location': 'Нидерландта', 'condition_temperature': 'эссе'}","{'condition_temperature': '.hot', 'datetime': 'February 16th', 'location': 'the Netherlands'}"
test_367,I'd like to add jordan rudess onto the Divertido para niños playlist.,AddToPlaylist,AddToPlaylist,True,0.9755,False,False,False,"{'artist': 'jordan rudess-ны', 'playlist': 'Divertido para niños'}","{'artist': 'jordan rudess', 'entity_name': 'Divertido para niños', 'music_item': 'playlist'}"
test_368,Rate In the Company of Cheerful Ladies a zero out of 6,RateBook,RateBook,True,0.9552,False,False,False,"{'object_name': 'In the Company of Cheerful Ladies-ка', 'best_rating': '6-дан', 'rating_value': 'нуль'}","{'rating_value': 'zero', 'rating_unit': 'балл', 'object_type': 'роман', 'object_name': 'In the Company of Cheerful Ladies'}"
test_369,Book me a reservation for the best bistro,BookRestaurant,BookRestaurant,True,0.979,False,False,False,"{'sort': 'иң яхшы', 'restaurant_type': 'бистрода'}","{'sort': 'best', 'restaurant_type': 'bistro'}"
test_370,rate the current textbook 1 out of 6,RateBook,RateBook,True,0.9335,False,False,False,"{'object_select': 'Хәзерге', 'object_type': 'дәреслеккә', 'best_rating': '6-дан', 'rating_value': '1'}","{'rating_value': '1', 'rating_unit': 'балл', 'object_type': 'китап', 'best_rating': '6', 'object_name': 'тексткитап'}"
test_371,what are the movie times,SearchScreeningEvent,SearchScreeningEvent,True,0.9591,False,False,False,{'object_type': 'кино вакытлары'},{'datetime': 'what are the movie times'}
test_372,What will the weather be in Ohio ?,weather/find,weather/find,True,0.997,False,False,False,{'location': 'Огайода'},{'location': 'Ohio'}
test_373,Add this artist to Showstopper Being Mary Jane,AddToPlaylist,AddToPlaylist,True,0.9832,False,False,False,"{'music_item': 'артистны', 'playlist': 'Showstopper Being Mary Jane'}","{'artist': 'this artist', 'entity_name': 'Showstopper Being Mary Jane'}"
test_374,Book a reservation for my babies and I,BookRestaurant,BookRestaurant,True,0.9447,False,False,True,{'party_size_description': 'Балаларыма һәм миңа'},"{'party_size_number': 'my babies and I', 'best_rating': 'reservation'}"
test_375,"What will the weather be in Sarygamyş Sanctuary on august 21, 2035 ?",weather/find,weather/find,True,0.9911,False,False,False,"{'datetime': '2035 елның 21 августында', 'location': 'Сарыкамыш тыюлыгыда'}","{'datetime': 'august 21, 2035', 'location': 'Sarygamysh Sanctuary'}"
test_376,Rate Ruth five out of 6 points .,RateBook,RateBook,True,0.9605,False,False,False,"{'object_name': 'Руфь китапка', 'best_rating': '6-дан', 'rating_value': 'биш', 'rating_unit': 'балл'}","{'object_name': 'Ruth', 'rating_value': 'five', 'rating_unit': 'points', 'best_rating': '6'}"
test_377,Reminiscences of the Anti-Japanese Guerillas chronicle deserves zero points out of 6 for a rating.,RateBook,RateBook,True,0.9615,False,False,True,"{'object_name': 'Reminiscences of the Anti-Japanese Guerillas', 'object_part_of_series_type': 'хроникасы', 'best_rating': '6-дан', 'rating_value': 'ноль', 'rating_unit': 'балл'}","{'object_name': 'Reminiscences of the Anti-Japanese Guerillas chronicle', 'rating_value': 'zero', 'rating_unit': 'points', 'best_rating': 'six', 'object_type': 'роман'}"
test_378,Show me Southern Theatres movie times,SearchScreeningEvent,SearchScreeningEvent,True,0.9717,False,False,False,"{'location': 'Көньяк Театрларындагы', 'object_type': 'кино графикларын'}","{'movie_type': 'movie', 'object_type': 'movie', 'object_name': 'Southern Theatres', 'datetime': 'movie times'}"
test_379,Find the movie schedule close by,SearchScreeningEvent,SearchScreeningEvent,True,0.9596,False,False,False,"{'location': 'Якындагы кинотеатрда', 'object_type': 'кино графикларын'}","{'object_type': 'movie', 'location': 'close by'}"
test_380,Add this album to the Spanish Beat playlist,AddToPlaylist,AddToPlaylist,True,0.9877,False,False,False,"{'music_item': 'альбом', 'playlist': 'Испан ритмнар'}","{'music_item': 'album', 'playlist': 'Spanish Beat'}"
test_381,Book a reservation for 6 people for a creole tavern in Montenegro,BookRestaurant,BookRestaurant,True,0.9912,False,False,True,"{'party_size_number': '6', 'cuisine': 'креол', 'restaurant_type': 'тавернасында', 'location': 'Черногориядә'}","{'party_size_number': '6', 'cuisine': 'creole', 'restaurant_type': 'tavern', 'location': 'Montenegro'}"
test_382,Give the Catedral series four stars .,RateBook,RateBook,True,0.9268,False,False,True,"{'object_name': 'Cathedral', 'object_part_of_series_type': 'сериясенә', 'rating_value': 'дүрт', 'rating_unit': 'йолдыз'}","{'rating_value': 'четыре', 'rating_unit': 'звезд', 'object_type': 'серия', 'object_name': 'Catedral series'}"
test_383,Add The Famous Flower of Serving-Men to my evening acoustic playlist.,AddToPlaylist,AddToPlaylist,True,0.9701,False,False,False,"{'entity_name': 'The Famous Flower of Serving-Men', 'reference': 'минем', 'playlist': 'кичке акустика'}","{'entity_name': 'The Famous Flower of Serving-Men', 'music_item': 'acoustic', 'playlist': 'my evening'}"
test_384,Show me the schedule for ArcLight Hollywood for only animated movies,SearchScreeningEvent,SearchScreeningEvent,True,0.9762,False,False,False,"{'location': 'ArcLight Hollywood кинотеатырында', 'movie_type': 'анимацион фильмнарга', 'object_type': 'расписаниесене'}","{'movie_type': 'animated', 'object_type': 'movie', 'location': 'ArcLight Hollywood'}"
test_385,Please search for the painting titled This Is the Night .,SearchCreativeWork,SearchCreativeWork,True,0.9991,False,False,False,"{'object_name': 'Йолдызлы төн', 'object_type': 'рәсемне'}","{'object_name': 'This Is the Night', 'object_type': 'painting'}"
test_386,What will the humidity be in the current spot at 15:19:29 ?,weather/find,weather/find,True,0.9702,False,False,True,"{'location': 'Бу урында', 'datetime': '15:19:29', 'condition_description': 'дымлылык'}","{'datetime': '15:19:29', 'weather/attribute': 'humidity', 'condition_description': 'current spot'}"
test_387,i want to see JLA Adventures: Trapped In Time,SearchScreeningEvent,SearchCreativeWork,False,0.9597,False,False,False,{'movie_name': 'JLA Adventures: Trapped In Time-ны'},"{'object_name': 'JLA Adventures: Trapped In Time', 'object_type': 'роман'}"
test_388,Add a derek watkins tune to This Is Johnny Cash,AddToPlaylist,AddToPlaylist,True,0.9631,False,False,False,"{'playlist': 'This Is Johnny Cash-ка', 'artist': 'дерек уоткинсныӊ', 'music_item': 'көйен'}","{'music_item': 'derek watkins tune', 'entity_name': 'This Is Johnny Cash'}"
test_389,Find a creative work called Fire in the Hole,SearchCreativeWork,SearchCreativeWork,True,0.9999,False,False,False,{'object_name': 'Fire in the Hole'},{'object_name': 'Fire in the Hole'}
test_390,book a table near pat's college,BookRestaurant,BookRestaurant,True,0.9859,False,False,False,{'location': 'пэтныӊ колледж | янында'},"{'location': ""near pat's college""}"
test_391,Is Patrick Still Lives showing at AMC Theaters,SearchScreeningEvent,SearchScreeningEvent,True,0.9614,False,False,False,"{'movie_name': 'Patrick Still Lives', 'location': 'AMC кинотеатрларында'}","{'movie_name': 'Patrick Still Lives', 'object_type': 'кино күрсәтүләре', 'object_location_type': 'AMC Theaters'}"
test_392,I want to book a joint in a spa .,BookRestaurant,BookRestaurant,True,0.9849,False,False,True,"{'facility': 'спа', 'restaurant_type': 'массажын'}",{'restaurant_type': 'spa'}
test_393,need a table somewhere in Quarryville 14 hours from now,BookRestaurant,BookRestaurant,True,0.9959,False,False,False,"{'datetime': '14 сәгатьтән соң', 'location': 'Кварривиллда'}","{'datetime': '14 hours from now', 'location': 'Quarryville'}"
test_394,play some Gary Lee Conner,PlayMusic,PlayMusic,True,0.966,False,False,False,{'artist': 'Гари Ли Коннерны'},"{'artist': 'Gary Lee Conner', 'music_item': 'трек'}"
test_395,show the closest movie theatre that shows Boycott,SearchScreeningEvent,SearchScreeningEvent,True,0.9897,False,False,True,"{'location': 'иң якын', 'object_location_type': 'кинотеатрны', 'movie_name': 'Boycott-ны'}","{'movie_name': 'Boycott', 'object_location_type': 'movie theatre', 'location': 'closest'}"
test_396,Please play my ecstatic playlist.,PlayMusic,PlayMusic,True,0.9672,False,False,False,{'playlist': 'ecstatic'},{'playlist': 'ecstatic playlist'}
test_397,Please look up the song The Mad Magician .,SearchCreativeWork,SearchCreativeWork,True,0.9951,False,False,False,"{'object_name': 'The Mad Magician', 'object_type': 'җырын'}","{'object_name': 'The Mad Magician', 'object_type': 'song'}"
test_398,Check the schedule for Bow Tie Cinemas .,SearchScreeningEvent,SearchScreeningEvent,True,0.9572,False,False,False,"{'location': 'Bow Tie Cinemas-ның', 'object_type': 'расписаниесен'}","{'movie_type': 'фильм', 'object_type': 'кино күрсәтүләре', 'location': 'Bow Tie Cinemas'}"
test_399,Book me a reservation for a party of 3 at a pub in Northern Mariana Islands,BookRestaurant,BookRestaurant,True,0.9992,False,False,False,"{'location': 'Төньяк Мариан утрауларындагы', 'restaurant_type': 'пабта', 'party_size_number': '3'}","{'party_size_number': '3', 'restaurant_type': 'pub', 'location': 'Northern Mariana Islands'}"
test_400,I need to add to my Infinite Indie Folk list the works of Rahim Shah,AddToPlaylist,AddToPlaylist,True,0.961,False,False,False,"{'playlist': 'Infinite Indie Folk', 'artist': 'Rahim Shah-ның'}","{'artist': 'Rahim Shah', 'object_name': 'works', 'object_type': 'Indie Folk', 'playlist': 'Infinite Indie Folk'}"
test_401,"Add Jerry Calliste, Jr to my Te quiero playlist.",AddToPlaylist,AddToPlaylist,True,0.9589,False,False,False,"{'reference': 'Минем', 'playlist': 'Te quiero', 'artist': 'Кече Джерри Каллистны'}","{'artist': 'Jerry Calliste, Jr', 'entity_name': 'Te quiero', 'music_item': 'song', 'playlist': 'playlist'}"
test_402,How much colder will it be not far from Utah around 3 Am ?,weather/find,weather/find,True,0.9497,False,False,True,"{'location': 'Юта | янында', 'datetime': 'төнге 3 сәгать', 'condition_temperature': 'салкынрак'}","{'condition_temperature': 'салкын', 'location': 'not far from Utah', 'datetime': '3 Am'}"
test_403,Add the album to the Hipster Soul playlist.,AddToPlaylist,AddToPlaylist,True,0.992,False,False,False,"{'music_item': 'Альбомны', 'playlist': 'Hipster Soul'}","{'music_item': 'album', 'playlist': 'Hipster Soul'}"
test_404,I want to eat a delicatessen in thirteen hours that serves eastern european food,BookRestaurant,BookRestaurant,True,0.9824,False,False,True,"{'datetime': 'унөч сәгатьтән соң', 'restaurant_type': 'деликатес ресторанында', 'cuisine': 'көнчыгыш европа'}","{'datetime': 'thirteen hours', 'cuisine': 'eastern european'}"
test_405,play a sixties soundtrack,PlayMusic,PlayMusic,True,0.9943,False,False,False,"{'datetime': 'алтмышынчы еллар', 'music_item': 'саундтрегын'}","{'genre': 'sixties', 'music_item': 'soundtrack'}"
test_406,Give this album one stars,RateBook,RateBook,True,0.9729,False,False,False,"{'object_select': 'Бу', 'object_type': 'альбомга', 'rating_value': 'бер', 'rating_unit': 'йолдыз'}","{'rating_value': 'one', 'rating_unit': 'stars', 'object_type': 'album'}"
test_407,Play the greatest music from Bryan Maclean .,PlayMusic,PlayMusic,True,0.9866,False,False,False,"{'artist': 'Bryan Macleanның', 'sort': 'иң олуг'}","{'artist': 'Bryan Maclean', 'music_item': 'greatest music'}"
test_408,what is the forecast in Nicodemus and nearby,weather/find,weather/find,True,0.9597,False,False,False,{'location': 'Nicodemus-та | аның тирәсендәге'},{'location': 'Nicodemus and nearby'}
test_409,Looking for a game called Phinally Phamous,SearchCreativeWork,SearchCreativeWork,True,0.9972,False,False,False,"{'object_name': 'Phinally Phamous', 'object_type': 'уен'}","{'object_name': 'Phinally Phamous', 'object_type': 'game'}"
test_410,Give a rating of 2 to Juneteenth .,RateBook,RateBook,True,0.9624,False,False,False,"{'object_name': 'Juneteenth-га', 'rating_value': '2'}","{'rating_value': '2', 'object_name': 'Juneteenth', 'object_type': 'китап'}"
test_411,Give zero stars to Rhialto the Marvellous,RateBook,RateBook,True,0.9479,False,False,False,"{'object_name': 'Rhialto the Marvellous-га', 'rating_value': 'нуль', 'rating_unit': 'йолдыз'}","{'best_rating': 'zero', 'object_type': 'китап', 'rating_unit': 'йолдыз', 'object_name': 'Rhialto the Marvellous', 'rating_value': 'куела торган бәя'}"
test_412,I want to hear soundtrack music on Youtube from Helena Iren Michaelsen,PlayMusic,PlayMusic,True,0.9519,False,False,False,"{'artist': 'Мин Хелена Ирен', 'service': 'Youtube-та', 'music_item': 'саундтрегын'}","{'artist': 'Helena Iren Michaelsen', 'object_type': 'soundtrack', 'service': 'Youtube'}"
test_413,book a table on 1/20/2023 for 5 people in MH,BookRestaurant,BookRestaurant,True,0.9921,False,False,False,"{'party_size_number': '5', 'datetime': '20/01/2023', 'location': 'MH-да'}","{'datetime': '1/20/2023', 'party_size_number': '5', 'location': 'MH'}"
test_414,movie schedules close by for animated movies,SearchScreeningEvent,SearchScreeningEvent,True,0.9651,False,False,False,"{'location': 'якындагы', 'movie_type': 'анимация фильмнары', 'object_type': 'сессияләре расписаниесе'}","{'movie_type': 'animated', 'object_type': 'movie', 'location': 'close by'}"
test_415,Add jack white to my playlist This Is Shakira,AddToPlaylist,AddToPlaylist,True,0.9903,False,False,False,"{'reference': 'Минем', 'playlist': 'This Is Shakira', 'artist': 'jack white-ны'}","{'artist': 'Jack White', 'entity_name': 'This Is Shakira'}"
test_416,I want to book a restaurant for five people in Sri Lanka .,BookRestaurant,BookRestaurant,True,0.9964,False,False,False,"{'location': 'Шри-Ланкада', 'party_size_number': 'биш', 'restaurant_type': 'ресторан'}","{'party_size_number': 'five', 'location': 'Sri Lanka'}"
test_417,"Please search for the television show , Episodi di The Blacklist .",SearchCreativeWork,SearchCreativeWork,True,0.9637,False,False,False,"{'object_name': 'Episodi di The Blacklist', 'object_type': 'телевизион тапшыруын'}","{'object_name': 'Episodi di The Blacklist', 'object_type': 'episode', 'object_part_of_series_type': 'series'}"
test_418,what is the forecast for colder temps beginning on Law Day here,weather/find,weather/find,True,0.9852,False,False,True,"{'location': 'монда', 'datetime': 'Law Day-нән', 'condition_temperature': 'салкын'}","{'condition_temperature': 'colder', 'datetime': 'Law Day', 'location': 'here'}"
test_419,I want to book a restaurant for ten people.,BookRestaurant,BookRestaurant,True,0.9788,False,False,False,"{'party_size_number': 'ун', 'restaurant_type': 'ресторанда'}",{'party_size_number': 'ten'}
test_420,Play something by Duke Ellington from the seventies,PlayMusic,PlayMusic,True,0.9754,False,False,False,"{'datetime': 'Җитмешенче', 'artist': 'Дюк Эллингтоннан'}","{'artist': 'Duke Ellington', 'genre': 'from the seventies', 'music_item': 'something'}"
test_421,Rate Cotton Comes to Harlem a 2,RateBook,RateBook,True,0.9429,False,False,False,"{'object_name': 'Cotton Comes to Harlem-ны', 'rating_value': '2-гә'}","{'object_name': 'Cotton Comes to Harlem', 'rating_value': '2', 'rating_unit': 'балл'}"
test_422,Add a song to my playlist madden nfl 16,AddToPlaylist,AddToPlaylist,True,0.9583,False,False,False,"{'reference': 'минем', 'playlist': 'madden nfl 16', 'music_item': 'плейлистымна'}","{'music_item': 'song', 'playlist': 'madden nfl 16', 'entity_name': 'madden nfl 16'}"
test_423,Add Toyan to my Epic Gaming playlist.,AddToPlaylist,AddToPlaylist,True,0.9565,False,False,False,"{'artist': 'Toyan-ны', 'reference': 'минем', 'playlist': 'Epic Gaming'}","{'artist': 'Toyan', 'music_item': 'song', 'playlist': 'Epic Gaming'}"
test_424,play some new Les Vandyke on Slacker,PlayMusic,PlayMusic,True,0.9465,False,False,False,"{'service': 'Slacker-да', 'sort': 'яңа', 'artist': 'Les Vandyke'}","{'artist': 'Les Vandyke', 'music_item': 'track', 'service': 'Slacker', 'object_name': 'new'}"
test_425,rate the Three Junes one out of 6,RateBook,RateBook,True,0.9244,False,False,False,"{'object_name': 'Three Junes-га', 'best_rating': '6-дан', 'rating_value': 'берге'}","{'rating_value': '6', 'object_type': 'китап', 'best_rating': 'one out of 6', 'object_name': 'Three Junes'}"
test_426,Book a reservation for nine people at a bakery in Nunez,BookRestaurant,BookRestaurant,True,0.9939,False,False,False,"{'location': 'Nunez', 'restaurant_type': 'пекарнясында', 'party_size_number': 'тугыз'}","{'party_size_number': 'nine', 'restaurant_type': 'bakery', 'location': 'Nunez'}"
test_427,Rate this current novel two out of 6 .,RateBook,RateBook,True,0.9547,False,False,False,"{'object_select': 'Бу агымдагы', 'object_type': 'романны', 'best_rating': '6-дан', 'rating_value': 'икеге'}","{'rating_value': 'two', 'rating_unit': 'out of 6', 'object_type': 'novel', 'object_select': 'current'}"
test_428,Play The Happy Blues by Ronnie Wood .,PlayMusic,PlayMusic,True,0.9843,False,False,True,"{'artist': 'Ронни Вудның', 'album': 'The Happy Blues-ны'}","{'music_item': 'The Happy Blues', 'artist': 'Ronnie Wood'}"
test_429,Play a symphony from 2013 .,PlayMusic,PlayMusic,True,0.9651,False,False,False,"{'datetime': '2013 елгы', 'music_item': 'симфонияне'}","{'music_item': 'symphony', 'datetime': '', 'year': '2013'}"
test_430,Play Subconscious Lobotomy from Jennifer Paull .,PlayMusic,PlayMusic,True,0.9844,False,False,True,"{'artist': 'Jennifer Paull-ның', 'album': 'Subconscious Lobotomy-ны'}","{'music_item': 'Subconscious Lobotomy', 'artist': 'Jennifer Paull'}"
test_431,Give The Crystal Snare 5 stars,RateBook,RateBook,True,0.9431,False,False,False,"{'object_name': 'The Crystal Snare-га', 'rating_value': '5', 'rating_unit': 'йолдыз'}","{'best_rating': '5 stars', 'object_type': 'book', 'object_name': 'The Crystal Snare', 'rating_unit': 'stars', 'rating_value': '5'}"
test_432,Give zero stars to this textbook,RateBook,RateBook,True,0.9446,False,False,False,"{'object_select': 'Бу', 'object_type': 'дәреслеккә', 'rating_value': 'нуль', 'rating_unit': 'йолдыз'}","{'best_rating': 'zero', 'object_type': 'китап', 'rating_unit': 'йолдыз', 'rating_value': 'куела торган бәя'}"
test_433,Rate the current series 4 points,RateBook,RateBook,True,0.9254,False,False,True,"{'object_select': 'Агымдагы', 'object_part_of_series_type': 'серияне', 'rating_value': '4', 'rating_unit': 'баллга'}","{'rating_value': '4', 'object_type': 'серия', 'best_rating': 'points'}"
test_434,I want a table at James D. Conrey House in Urbank California,BookRestaurant,BookRestaurant,True,0.9982,False,False,True,"{'location': 'Urbank | California-да', 'restaurant_name': 'James D. Conrey House-да'}","{'restaurant_name': 'James D. Conrey House', 'location': 'Urbank California'}"
test_435,Is Babar: King of the Elephants playing,SearchScreeningEvent,PlayMusic,False,0.9839,False,False,False,{'movie_name': 'Babar: King of the Elephants'},{'music_item': 'Babar: King of the Elephants'}
test_436,Add a song to this is racionais mc's,AddToPlaylist,AddToPlaylist,True,0.9695,False,False,False,"{'playlist': ""this is racionais mc's-га"", 'music_item': 'җырны'}","{'artist': ""Racionais Mc's"", 'music_item': 'song'}"
test_437,rate the current essay zero out of 6 stars,RateBook,RateBook,True,0.9532,False,False,False,"{'object_select': 'Хәзерге', 'object_type': 'эссега', 'best_rating': '6-дан', 'rating_value': 'нуль', 'rating_unit': 'йолдыз'}","{'rating_value': 'zero', 'rating_unit': 'stars', 'object_type': 'essay', 'object_name': 'current essay'}"
test_438,Let's hear stuff from Andrew Hewitt .,PlayMusic,PlayMusic,True,0.9601,False,False,False,{'artist': 'Эндрю Хьюиттан'},"{'artist': 'Andrew Hewitt', 'music_item': 'җыр'}"
test_439,Find animated movies close by,SearchScreeningEvent,SearchCreativeWork,False,0.9695,False,False,False,"{'location': 'Якында', 'movie_type': 'анимация фильмнарын'}","{'object_type': 'animated movies', 'location': 'close by'}"
test_440,give the current chronicle five of 6 points,RateBook,RateBook,True,0.9332,False,False,True,"{'object_select': 'хәзерге', 'object_part_of_series_type': 'хроникага', 'best_rating': '6-дан', 'rating_value': 'биш', 'rating_unit': 'балл'}","{'object_type': 'chronicle', 'rating_unit': 'points', 'rating_value': 'five', 'best_rating': 'current'}"
test_441,I need a table for 4 in Saint Helena at Settha Palace Hotel,BookRestaurant,BookRestaurant,True,0.9904,False,False,True,"{'restaurant_name': 'Settha Palace Hotel-да', 'location': 'Saint Helena-да', 'party_size_number': '4 кешелек'}","{'party_size_number': '4', 'location': 'Saint Helena', 'restaurant_name': 'Settha Palace Hotel'}"
test_442,What is the weather going to be like in Virginia on st. patrick's day ?,weather/find,weather/find,True,0.9754,False,False,False,"{'datetime': 'Изге Патрик көнендә', 'location': 'Вирджинияда'}","{'condition_description': 'what is the weather going to be like', 'location': 'Virginia', 'datetime': ""st. patrick's day""}"
test_443,I need a list of Speakeasy Theaters movie times,SearchScreeningEvent,SearchScreeningEvent,True,0.9527,False,False,False,"{'location': 'Speakeasy Theaters', 'object_type': 'киноның вакыт'}","{'movie_type': 'movie times', 'object_type': 'movie', 'location': 'Speakeasy Theaters'}"
test_444,Look for the television show Meet the Prince,SearchCreativeWork,SearchCreativeWork,True,0.9832,False,False,False,"{'object_name': 'Meet the Prince', 'object_type': 'телевизион тапшыруын'}","{'object_name': 'Meet the Prince', 'object_type': 'television show'}"
test_445,Please get me the Compulsive Disclosure song .,SearchCreativeWork,SearchCreativeWork,True,0.9865,False,False,False,"{'object_name': 'Compulsive Disclosure', 'object_type': 'җырын'}","{'object_type': 'song', 'object_name': 'Compulsive Disclosure'}"
test_446,Play Trance Life on Zvooq .,PlayMusic,PlayMusic,True,0.9994,False,False,False,"{'service': 'Zvooq-та', 'playlist': 'Trance Life-ны'}","{'music_item': 'Trance Life', 'service': 'Zvooq'}"
test_447,"Please find me the work, Serious Awesomeness !.",SearchCreativeWork,SearchCreativeWork,True,0.9845,False,False,False,{'object_name': 'Serious Awesomeness'},"{'object_name': 'Serious Awesomeness', 'object_type': 'work'}"
test_448,i want to see I Dream of Jeanie in a movie theatre,SearchScreeningEvent,SearchScreeningEvent,True,0.9919,False,False,True,"{'object_location_type': 'кинотеатрда', 'movie_name': 'I Dream of Jeanie-ны'}","{'movie_name': 'I Dream of Jeanie', 'object_location_type': 'movie theatre'}"
test_449,Play Paul Mccartney,PlayMusic,PlayMusic,True,0.9664,False,False,False,{'artist': 'Пол Маккартни'},"{'artist': 'Paul McCartney', 'music_item': 'track'}"
test_450,Rate the current novel 3 stars,RateBook,RateBook,True,0.9462,False,False,False,"{'object_select': 'Хәзерге', 'object_type': 'романны', 'rating_value': '3', 'rating_unit': 'йолдызга'}","{'rating_value': '3', 'object_type': 'китап', 'rating_unit': 'балл'}"
test_451,"Can you search the book , Paris - When It Sizzles ?",SearchCreativeWork,RateBook,False,0.9815,False,False,False,"{'object_name': 'Paris - When It Sizzles', 'object_type': 'китабын'}","{'object_name': 'Paris - When It Sizzles', 'object_type': 'китап'}"
test_452,play some seventies Filipp Kirkorow,PlayMusic,PlayMusic,True,0.9627,False,False,False,"{'artist': 'Филипп Киркоровның', 'datetime': 'җитмешенче'}","{'artist': 'Filipp Kirkorov', 'genre': 'seventies', 'music_item': 'track'}"
test_453,I want to book a bougatsa restaurant in next year nearby Penn for three people.,BookRestaurant,BookRestaurant,True,0.9816,False,False,True,"{'datetime': 'Киләсе елда', 'location': 'Пенни | янындагы', 'cuisine': 'bougatsa', 'restaurant_type': 'ресторанын', 'party_size_number': 'өч'}","{'datetime': 'next year', 'restaurant_type': 'bougatsa restaurant', 'location': 'nearby Penn', 'party_size_number': 'three'}"
test_454,Will it be rainy in Tenino ?,weather/find,weather/find,True,0.8893,False,False,True,"{'location': 'Тенинода', 'condition_description': 'яңгырлар'}","{'condition_description': 'яңгыр', 'location': 'Tenino', 'datetime': 'кулашкан вакыт'}"
test_455,Please look up Three Essays on the Theory of Sexuality show .,SearchCreativeWork,SearchCreativeWork,True,0.9796,False,False,False,"{'object_name': 'Three Essays on the Theory of Sexuality', 'object_type': 'шоусын'}","{'object_name': 'Three Essays on the Theory of Sexuality', 'object_type': 'show'}"
test_456,I want to eat in Ramona,BookRestaurant,BookRestaurant,True,0.9951,False,False,False,{'location': 'Рамонда'},{'restaurant_name': 'Ramona'}
test_457,Add the boy george track to the Emo Forever playlist.,AddToPlaylist,AddToPlaylist,True,0.9678,False,False,False,"{'playlist': 'Emo Forever', 'artist': 'boy george', 'music_item': 'трегын'}","{'music_item': 'track', 'entity_name': 'boy george', 'playlist': 'Emo Forever'}"
test_458,I want to book a steakhouse in Vimy Ridge .,BookRestaurant,BookRestaurant,True,0.9994,False,False,False,"{'location': 'Vimy Ridge-да', 'restaurant_type': 'стейк-хаус'}","{'restaurant_type': 'steakhouse', 'location': 'Vimy Ridge'}"
test_459,Is Without Witness playing twenty two hours from now,SearchScreeningEvent,PlayMusic,False,0.9531,False,False,False,"{'movie_name': 'Without Witness', 'datetime': 'егерме ике сәгатьтән соң'}","{'music_item': 'Is Without Witness', 'datetime': 'twenty two hours from now'}"
test_460,Book spot for 9,BookRestaurant,none,False,0.8629,True,False,False,{'party_size_number': '9'},{}
test_461,add this track to my Hands Up playlist,AddToPlaylist,AddToPlaylist,True,0.9811,False,False,False,"{'music_item': 'трекны', 'reference': 'минем', 'playlist': 'Hands Up'}","{'music_item': 'track', 'playlist': 'Hands Up'}"
test_462,Play something from 90s Pop Rock Essentials,PlayMusic,PlayMusic,True,0.9112,False,False,False,{'playlist': '90s Pop Rock Essentials-тан'},"{'music_item': 'Pop Rock Essentials', 'genre': 'Pop Rock', 'artist': '90s'}"
test_463,Can you find me the Blue Spring trailer ?,SearchCreativeWork,SearchCreativeWork,True,0.9795,False,False,False,"{'object_name': 'Blue Spring', 'object_type': 'трейлерын'}","{'object_type': 'trailer', 'object_name': 'Blue Spring'}"
test_464,Give two stars out of 6 to 36 Children,RateBook,RateBook,True,0.9483,False,False,False,"{'object_name': '36 Children-га', 'best_rating': '6-дан', 'rating_value': 'ике', 'rating_unit': 'йолдыз'}","{'best_rating': 'two', 'rating_unit': 'stars', 'object_type': 'book', 'object_name': '36 Children'}"
test_465,I want animated movies at MJR Theatres,SearchScreeningEvent,SearchScreeningEvent,True,0.9573,False,False,False,"{'location': 'MJR театрында', 'movie_type': 'анимацион фильмнарны'}","{'object_type': 'animated movies', 'object_name': 'MJR Theatres'}"
test_466,Add the artist mike to the Sexy as Folk playlist.,AddToPlaylist,AddToPlaylist,True,0.9662,False,False,False,"{'playlist': 'Sexy as Folk', 'music_item': 'башкаручы', 'artist': 'mike-ны'}","{'artist': 'mike', 'entity_name': 'Sexy as Folk', 'music_item': 'artist'}"
test_467,add Highway Patrolman in my playlist this is al green,AddToPlaylist,AddToPlaylist,True,0.966,False,False,False,"{'reference': 'минем', 'playlist': 'this is al green', 'entity_name': 'Highway Patrolman'}","{'artist': 'Al Green', 'music_item': 'Highway Patrolman', 'entity_name': 'this is al green'}"
test_468,Find me the novel with the name To Lose My Life …,SearchCreativeWork,RateBook,False,0.9798,False,False,False,"{'object_name': 'To Lose My Life', 'object_type': 'романны'}","{'object_name': 'To Lose My Life', 'object_type': 'novel'}"
test_469,mark this album a score of 5,RateBook,RateBook,True,0.938,False,False,False,"{'object_select': 'бу', 'object_type': 'альбомны', 'rating_value': '5-кә'}","{'rating_value': '5', 'object_type': 'album', 'best_rating': '害羞'}"
test_470,Is Rare Birds showing at the nearest movie theatre at noon .,SearchScreeningEvent,SearchScreeningEvent,True,0.9823,False,False,True,"{'datetime': 'Төшке ашта', 'location': 'якындагы', 'object_location_type': 'кинотеатрда', 'movie_name': 'Rare Birds'}","{'movie_name': 'Rare Birds', 'datetime': 'noon', 'object_location_type': 'nearest movie theatre'}"
test_471,Rate The 8-Week Cholesterol Cure three out of 6 .,RateBook,RateBook,True,0.9598,False,False,False,"{'object_name': 'The 8-Week Cholesterol Cure-га', 'best_rating': '6-дан', 'rating_value': 'өчкә'}","{'rating_value': 'three', 'best_rating': 'six', 'object_type': 'китап', 'object_name': 'The 8-Week Cholesterol Cure'}"
test_472,Add martin barre to my punk unplugged playlist.,AddToPlaylist,AddToPlaylist,True,0.9641,False,False,False,"{'artist': 'Martin barre-ны', 'reference': 'минем', 'playlist': 'punk unplugged'}","{'artist': 'martin barre', 'music_item': 'track', 'playlist': 'punk unplugged', 'entity_name': 'martin barre'}"
test_473,rate the current novel zero out of 6,RateBook,RateBook,True,0.97,False,False,False,"{'object_select': 'хәзерге', 'object_type': 'романны', 'best_rating': '6-дан', 'rating_value': 'нульгә'}","{'rating_value': 'zero', 'rating_unit': 'out of 6', 'object_type': 'novel', 'object_select': 'current'}"
test_474,What times will The Young Swordsman be showing at my cinema ?,SearchScreeningEvent,SearchScreeningEvent,True,0.9879,False,False,True,"{'object_location_type': 'кинотеатрда', 'movie_name': 'The Young Swordsman', 'object_type': 'вакытта'}","{'movie_name': 'The Young Swordsman', 'object_location_type': 'cinema', 'location': 'my cinema'}"
test_475,What are the movies showing in the neighbourhood,SearchScreeningEvent,SearchScreeningEvent,True,0.9385,False,False,False,"{'location': 'Тирә-юньдә', 'movie_type': 'фильмнар'}","{'object_type': 'movie', 'location': 'neighborhood'}"
test_476,I want to book Oregon Electric Station in North City .,BookRestaurant,BookRestaurant,True,0.9934,False,False,True,"{'location': 'North City-дәге', 'restaurant_name': 'Oregon Electric Station'}","{'restaurant_name': 'Oregon Electric Station', 'location': 'North City'}"
test_477,how's the weather here at two Am,weather/find,weather/find,True,0.9848,False,False,False,"{'location': 'монда', 'datetime': 'төнге сәгать икедә'}","{'datetime': 'two Am', 'location': 'here'}"
test_478,Fine the movie schedules for the Wanda Group .,SearchScreeningEvent,SearchScreeningEvent,True,0.9545,False,False,False,"{'location': 'Wanda Group-ның', 'object_type': 'фильм кестесін'}","{'movie_type': 'фильм', 'object_type': 'фильм', 'object_location_type': 'урын', 'location': 'Wanda Group'}"
test_479,what is the forecast for Waurika in Samoa,weather/find,weather/find,True,0.9627,False,False,False,{'location': 'Самоада | Ваурикада'},"{'location': 'Waurika', 'object_type': 'Samoa'}"
test_480,Show the movie schedules in the neighborhood,SearchScreeningEvent,SearchScreeningEvent,True,0.9673,False,False,False,"{'location': 'Тирә-яктагы', 'object_type': 'фильмнар расписаниесен'}","{'object_type': 'movie', 'location': 'neighborhood'}"
test_481,Play some blues britânico .,PlayMusic,PlayMusic,True,0.9865,False,False,True,{'genre': 'Blues britânico'},"{'genre': 'blues', 'music_item': 'britânico'}"
test_482,Is No Time to Be Young showing at AMC Theaters,SearchScreeningEvent,SearchScreeningEvent,True,0.9781,False,False,False,"{'location': 'AMC Theaters-да', 'movie_name': 'No Time to Be Young'}","{'movie_name': 'Is No Time to Be Young', 'object_location_type': 'AMC Theaters'}"
test_483,Please look up and find me Monty Python Live at the Hollywood Bowl .,SearchCreativeWork,SearchScreeningEvent,False,0.9959,False,False,False,{'object_name': 'Монти Пайтон Голливудта'},{'movie_name': 'Monty Python Live at the Hollywood Bowl'}
test_484,what is the forecast for here for blizzard conditions at five pm,weather/find,weather/find,True,0.9972,False,False,True,"{'datetime': 'кичке бишкә', 'location': 'монда', 'condition_description': 'буран'}","{'condition_description': 'blizzard conditions', 'datetime': 'five pm', 'location': 'here'}"
test_485,add ireland in the junior eurovision song contest 2015 to my Jazzy Dinner playlist,AddToPlaylist,AddToPlaylist,True,0.957,False,False,False,"{'entity_name': 'Ирландия балалар евровидениеда 2015', 'reference': 'минем', 'playlist': 'Jazzy Dinner'}","{'artist': 'ireland', 'music_item': 'song', 'playlist': 'Jazzy Dinner'}"
test_486,Add a song to Indie Hipster,AddToPlaylist,AddToPlaylist,True,0.9506,False,False,False,"{'playlist': 'Indie Hipster-га', 'music_item': 'җырны'}","{'music_item': 'song', 'object_type': 'Indie Hipster'}"
test_487,Can you find me the National Anthem of the Ancient Britons television show ?,SearchCreativeWork,SearchCreativeWork,True,0.9741,False,False,False,"{'object_name': 'National Anthem of the Ancient Britons', 'object_type': 'телевизион тапшыруын'}","{'object_type': 'National Anthem', 'object_name': 'Ancient Britons television show'}"
test_488,"To the travelling playlist, please add this David Gahan song .",AddToPlaylist,AddToPlaylist,True,0.9833,False,False,False,"{'playlist': 'travelling', 'artist': 'Дэвид Гаан', 'music_item': 'җырын'}","{'artist': 'David Gahan', 'music_item': 'song', 'playlist': 'travelling playlist'}"
test_489,I want to hear them from the artist Murcof,PlayMusic,AddToPlaylist,False,0.9657,False,False,False,"{'music_item': 'аларны', 'artist': 'Murcof'}","{'artist': 'Murcof', 'entity_name': 'them'}"
test_490,rate The Gift: Imagination and the Erotic Life of Property five stars,RateBook,RateBook,True,0.9639,False,False,False,"{'object_name': 'The Gift: Imagination and the Erotic Life of Property-ны', 'rating_value': 'биш', 'rating_unit': 'йолдызга'}","{'best_rating': 'five stars', 'object_name': 'The Gift: Imagination and the Erotic Life of Property', 'object_type': 'роман'}"
test_491,Find me a TV show called Baby Blue,SearchCreativeWork,SearchCreativeWork,True,0.9985,False,False,False,"{'object_name': 'Baby Blue', 'object_type': 'телевизион тапшыруны'}","{'object_name': 'Baby Blue', 'object_type': 'TV show'}"
test_492,look for the book The Girl Who Was Plugged In,SearchCreativeWork,SearchCreativeWork,True,0.9854,False,False,False,"{'object_name': 'The Girl Who Was Plugged In', 'object_type': 'китабын'}","{'object_name': 'The Girl Who Was Plugged In', 'object_type': 'book'}"
test_493,phyllis ward and veronica need a table at a restaurant in 152 days,BookRestaurant,BookRestaurant,True,0.9406,False,False,True,"{'party_size_description': 'филлис уордка һәм вероникага', 'datetime': '152 көннән соң', 'restaurant_type': 'ресторанда'}","{'datetime': '152 days', 'party_size_number': 'Phyllis Ward and Veronica', 'restaurant_type': 'any'}"
test_494,Book a popular restaurant for 5 people,BookRestaurant,BookRestaurant,True,0.9929,False,False,False,"{'party_size_number': '5', 'sort': 'танылган', 'restaurant_type': 'ресторанны'}","{'party_size_number': '5', 'sort': 'popular'}"
test_495,"Book a reservation for The Dome, Edinburgh close to Brooklawn",BookRestaurant,BookRestaurant,True,0.9867,False,False,True,"{'location': 'Бруклон | янында', 'restaurant_name': 'The Dome, Edinburgh'}","{'restaurant_name': 'The Dome', 'location': 'Edinburgh close to Brooklawn'}"
test_496,Add this album to Old School Death Metal,AddToPlaylist,AddToPlaylist,True,0.9477,False,False,False,"{'music_item': 'альбомны', 'playlist': 'Old School Death Metal-га'}","{'artist': '', 'album': 'album', 'music_item': 'альбом', 'playlist': 'Old School Death Metal'}"
test_497,Look for the TV series Jersey Boys,SearchCreativeWork,SearchCreativeWork,True,0.9848,False,False,False,"{'object_name': 'Jersey Boys', 'object_type': 'телесериалын'}","{'object_type': 'TV series', 'object_name': 'Jersey Boys'}"
test_498,Book a reservation for nine people at the best pub nearby Tangier in six months,BookRestaurant,BookRestaurant,True,0.9908,False,False,False,"{'datetime': 'Алты ай эчендә', 'location': 'Танжер | янындагы', 'sort': 'иң яхшы', 'restaurant_type': 'пабта', 'party_size_number': 'тугыз'}","{'datetime': 'six months', 'party_size_number': 'nine', 'sort': 'best', 'restaurant_type': 'pub', 'location': 'nearby Tangier'}"
test_499,Show me the movies at Harkins Theatres .,SearchScreeningEvent,SearchScreeningEvent,True,0.924,False,False,False,"{'location': 'Harkins Theatres-ында', 'movie_type': 'фильмларны'}","{'object_type': 'movie', 'object_location_type': 'theatres', 'location': 'Harkins'}"
test_500,book a party at their campus within the same area for churrascaria,BookRestaurant,BookRestaurant,True,0.9522,False,False,False,"{'location': 'аларның кампусында | шул ук райондагы', 'restaurant_type': 'чурраскарияга'}","{'restaurant_type': 'churrascaria', 'location': 'their campus | within the same area'}"
