id,text,true_intent,pred_intent,intent_correct,true_slots,pred_slots
test_1,барлык хәтерләтүләрне күрсәт,reminder/show_reminders,reminder/show_reminders,True,{'reference': 'барлык'},{'reference': 'барлык'}
test_2,Миңа свитер кирәкме?,weather/find,SearchCreativeWork,False,{'weather/attribute': 'свитер'},{'object_type': 'свитер'}
test_3,Бүген сәгать ун алтыга хәтерләтүне өстә,reminder/set_reminder,AddToPlaylist,False,{'datetime': 'Бүген сәгать ун алтыга'},"{'artist': 'Бүген сәгать ун алтыга', 'music_item': 'хәтерләтүне', 'playlist': 'өстә'}"
test_4,Минем хәтерләтүне бетер,reminder/cancel_reminder,RateBook,False,{'reference': 'Минем'},"{'object_name': 'минем', 'object_type': 'хәтерләтүне', 'rating_value': 'бетер'}"
test_5,Миңа бензин салырга искә төшер.,reminder/set_reminder,RateBook,False,{'reminder/todo': 'бензин салырга'},"{'object_type': 'бензин салырга', 'rating_value': 'искә төшер'}"
test_6,Чәршәмбе көнне миңа кул чатыры кирәкме?,weather/find,reminder/set_reminder,False,"{'datetime': 'Чәршәмбе', 'weather/attribute': 'кул чатыры'}","{'datetime': 'Чәршәмбе көнне миңа', 'reminder/todo': 'чатыры кирәкме'}"
test_7,биш минуттан соң минем будильникны кабатла,alarm/snooze_alarm,alarm/modify_alarm,False,"{'datetime': 'биш минуттан', 'reference': 'минем'}","{'datetime': 'биш минуттан соң', 'recurring_datetime': 'кабатлау расписаниесе'}"
test_8,максның туган көне турында искә төшеруне куй,reminder/set_reminder,reminder/set_reminder,True,{'reminder/todo': 'максның туган көне турында искә төшеруне'},"{'datetime': 'максның туган көне турында', 'reminder/todo': 'искә төшеруне'}"
test_9,Миңа барлык хәтерләтүләрне күрсәт,reminder/show_reminders,reminder/show_reminders,True,{'reference': 'барлык'},"{'datetime': 'миңа', 'reference': 'барлык'}"
test_10,Барлык будильникларны күрсәт.,alarm/show_alarms,alarm/show_alarms,True,{'reference': 'Барлык'},{'reference': 'барлык'}
test_11,Бүген яңгыр явар микән?,weather/find,weather/find,True,"{'datetime': 'Бүген', 'weather/attribute': 'яңгыр'}","{'datetime': 'бүген', 'condition_description': 'яңгыр', 'location': 'микән'}"
test_12,Будильникны иртәнге 8 куй,alarm/set_alarm,alarm/set_alarm,True,{'datetime': 'иртәнге 8'},"{'datetime': 'иртәнге 8 куй', 'reference': 'будильникны'}"
test_13,Бүген температура нинди?,weather/find,weather/find,True,"{'datetime': 'Бүген', 'weather/attribute': 'температура'}","{'datetime': 'бүген', 'weather/attribute': 'температура'}"
test_14,Минем хәтерләтүне күрсәт,reminder/show_reminders,reminder/set_reminder,False,{'reference': 'Минем'},{'reminder/todo': 'хәтерләтүне күрсәт'}
test_15,Барлык будильникларны күрсәт,alarm/show_alarms,alarm/show_alarms,True,{'reference': 'Барлык'},{'reference': 'барлык'}
test_16,Миңа Бен белән Джорджия турында сөйләшергә искә төшер,reminder/set_reminder,SearchCreativeWork,False,{'reminder/todo': 'Бен белән Джорджия турында сөйләшергә'},"{'object_name': 'Бен белән Джорджия турында сөйләшергә искә төшер', 'object_type': 'фильм исеме'}"
test_17,Будильникны иртәнге 5 куй,alarm/set_alarm,alarm/set_alarm,True,{'datetime': 'иртәнге 5'},"{'datetime': 'иртәнге 5 куй', 'reference': 'будильникны'}"
test_18,бүген болытлымы,weather/find,weather/find,True,"{'datetime': 'бүген', 'weather/attribute': 'болытлымы'}","{'datetime': 'бүген', 'weather/attribute': 'болытлымы'}"
test_19,Бүген бездә ничә дюйм яңгыры явар?,weather/find,weather/find,True,"{'datetime': 'Бүген', 'weather/attribute': 'дюйм яңгыры'}","{'datetime': 'бүген', 'condition_description': 'яңгыры', 'weather/attribute': 'дюйм'}"
test_20,Иртәгә минем апама шалтыратырга искә төшер,reminder/set_reminder,alarm/snooze_alarm,False,"{'datetime': 'Иртәгә', 'reminder/todo': 'минем апама шалтыратырга'}",{'reference': 'минем апама'}
test_21,будильникны туктат,alarm/cancel_alarm,alarm/snooze_alarm,False,{},{'reference': 'будильникны'}
test_22,Бу атнада кызу булырмы?,weather/find,weather/find,True,"{'datetime': 'Бу атнада', 'weather/attribute': 'кызу'}","{'datetime': 'бу атнада', 'condition_description': 'кызу булырмы'}"
test_23,Будильникны көндезге 3 куй.,alarm/set_alarm,alarm/snooze_alarm,False,{'datetime': 'көндезге 3'},"{'reference': 'будильникны', 'datetime': 'көндезге 3 куй'}"
test_24,бүген кар явармы,weather/find,weather/find,True,"{'datetime': 'бүген', 'weather/attribute': 'кар'}","{'datetime': 'бүген', 'condition_description': 'кар явармы', 'location': 'бүгүнкi урын'}"
test_25,бөтен будильникларны бетер,alarm/cancel_alarm,alarm/cancel_alarm,True,{'reference': 'бөтен'},{'reference': 'бөтөн'}
test_26,Минем хәтерләтүләрне күрсәт,reminder/show_reminders,ShowReminders,False,{'reference': 'Минем'},{'reminder/todo': 'хәтерләтүләрне күрсәт'}
test_27,Будильникка кадәр күпме вакыт калды,alarm/time_left_on_alarm,alarm/time_left_on_alarm,True,{},{'reference': 'будильникка'}
test_28,Минем нинди искә төшерүләрем бар?,reminder/show_reminders,reminder/show_reminders,True,{'reference': 'Минем'},{}
test_29,Будильникны көн саен иртәнге 8 куй,alarm/set_alarm,alarm/set_alarm,True,{'recurring_datetime': 'иртәнге 8'},"{'datetime': 'көн саен иртәнге 8', 'recurring_datetime': 'көннән'}"
test_30,син миңа будильникларны күрсәтә аласыңмы?,alarm/show_alarms,alarm/show_alarms,True,{},"{'datetime': 'миңа', 'reference': 'барлык'}"
test_31,Бүген Диснейуорлдта буран булырмы?,weather/find,weather/find,True,"{'datetime': 'Бүген', 'location': 'Диснейуорлдта', 'weather/attribute': 'буран'}","{'datetime': 'Бүген', 'location': 'DisneyWorldта', 'weather/attribute': 'буран булырмы'}"
test_32,бүген кар явырмы,weather/find,weather/find,True,"{'datetime': 'бүген', 'weather/attribute': 'кар'}","{'datetime': 'бүген', 'condition_description': 'кар явырмы', 'location': 'бүгінгі урын'}"
test_33,бөтен будильникларны күрсәт,alarm/show_alarms,alarm/show_alarms,True,{'reference': 'бөтен'},{}
test_34,Бүген салкынмы?,weather/find,weather/find,True,"{'datetime': 'Бүген', 'weather/attribute': 'салкынмы'}","{'datetime': 'бүген', 'condition_temperature': 'салкынмы'}"
test_35,"Зинһар, пәнҗешәмбе иртәсеннән будильникны бетер.",alarm/cancel_alarm,alarm/cancel_alarm,True,{'datetime': 'пәнҗешәмбе иртәсеннән'},"{'reference': 'Зинһар, пәнҗешәмбе иртәсеннән'}"
test_36,Бүген яңгыр явырмы?,weather/find,weather/find,True,"{'datetime': 'Бүген', 'weather/attribute': 'яңгыр'}","{'datetime': 'бүген', 'condition_description': 'яңгыр', 'location': 'явырмы'}"
test_37,канадада кар явамы,weather/find,weather/find,True,"{'location': 'канадада', 'weather/attribute': 'кар явамы'}","{'location': 'канада', 'condition_description': 'кар', 'weather/temperatureUnit': 'градус Цельсия'}"
test_38,Бүген нинди югары температура булачак?,weather/find,weather/find,True,"{'datetime': 'Бүген', 'weather/attribute': 'югары температура'}","{'datetime': 'Бүген', 'weather/attribute': 'температура', 'weather/temperatureUnit': 'югары'}"
test_39,"Төнлә шулкадәр кар яуса, сәяхәт куркыныч булырмы?",weather/find,weather/find,True,"{'datetime': 'Төнлә', 'weather/attribute': 'кар яуса'}","{'condition_description': 'Төнлә шулкадәр кар яуса', 'datetime': 'сәяхәт куркыныч булырмы'}"
test_40,бөтен хәтерләтүләрне күрсәт,reminder/show_reminders,reminder/show_reminders,True,{'reference': 'бөтен'},{}
test_41,барлык хәтерләтүләрне бетер,reminder/cancel_reminder,reminder/cancel_reminder,True,{'reference': 'барлык'},{'reference': 'барлык'}
test_42,миңа иртәгә куртка кирәкме?,weather/find,weather/find,True,"{'datetime': 'иртәгә', 'weather/attribute': 'куртка'}","{'datetime': 'миңа иртәгә', 'weather/attribute': 'куртка кирәкме'}"
test_43,Будильникка кадәр күпме вакыт калды,alarm/time_left_on_alarm,alarm/time_left_on_alarm,True,{},{'reference': 'будильникка'}
test_44,Будильникны туктат,alarm/snooze_alarm,alarm/snooze_alarm,True,{},{'reference': 'будильникны'}
test_45,Миңа барлык будильникларны күрсәт,alarm/show_alarms,alarm/show_alarms,True,{'reference': 'барлык'},"{'datetime': 'миңа', 'reference': 'барлык'}"
test_46,Йеллоустонда һава торышы нинди?,weather/find,weather/find,True,{'location': 'Йеллоустонда'},"{'location': 'Йеллоустон', 'weather/attribute': 'һава торышы'}"
test_47,Бүген һава торышы нинди?,weather/find,weather/find,True,{'datetime': 'Бүген'},"{'datetime': 'бүген', 'weather/attribute': 'һава торышы'}"
test_48,Иртәгә Патрикны мәктәптән алырга минем искә төшерүдән алып бетер.,reminder/cancel_reminder,RateBook,False,"{'datetime': 'Иртәгә', 'reminder/todo': 'Патрикны мәктәптән алырга', 'reference': 'минем'}","{'object_name': 'Иртәгә Патрикны мәктәптән алырга минем', 'rating_value': 'искә төшерүдән алып бетер', 'object_type': 'китап'}"
test_49,Миңа иртәгә шул ук вакытта табибка язылырга искә төшер,reminder/set_reminder,reminder/set_reminder,True,"{'datetime': 'иртәгә шул ук вакытта', 'reminder/todo': 'табибка язылырга'}","{'datetime': 'миңа иртәгә', 'reminder/todo': 'табибка язылырга'}"
test_50,Миңа аренданы түләргә искә төшер,reminder/set_reminder,reminder/set_reminder,True,{'reminder/todo': 'аренданы түләргә'},"{'datetime': 'миңа', 'reminder/todo': 'искә төшер'}"
test_51,яңгыр кайчан бетәчәк?,weather/find,weather/find,True,{'weather/attribute': 'яңгыр'},"{'condition_description': 'яңгыр', 'datetime': 'кайчан'}"
test_52,будильникларны бетер,alarm/cancel_alarm,alarm/cancel_alarm,True,{},{'reference': 'будильникларны'}
test_53,Сишәмбе көнне миңа Стефанига шалтыратырга искә төшер,reminder/set_reminder,reminder/set_reminder,True,"{'datetime': 'Сишәмбе көнне', 'reminder/todo': 'Стефанига шалтыратырга'}","{'datetime': 'Сишәмбе көнне миңа', 'reminder/todo': 'Стефанига шалтыратырга'}"
test_54,барлык минем уяткыч сәгатьләрне күрсәт,alarm/show_alarms,SearchCreativeWork,False,{'reference': 'барлык минем'},"{'object_name': 'минем уяткыч сәгатьләр', 'object_type': 'фильмнар'}"
test_55,Бүген никадәр эссе булачак?,weather/find,weather/find,True,"{'datetime': 'Бүген', 'weather/attribute': 'эссе'}","{'datetime': 'бүген', 'weather/temperatureUnit': 'esson', 'weather/attribute': 'булачак'}"
test_56,будильникны бүген кичке 5 куй,alarm/set_alarm,alarm/snooze_alarm,False,{'datetime': 'бүген кичке 5'},"{'reference': 'будильникны', 'datetime': 'бүген кичке 5'}"
test_57,21-енче августта көндез 3-тә табибка барырга искә төшер,reminder/set_reminder,reminder/set_reminder,True,"{'datetime': '21-енче августта көндез 3-тә', 'reminder/todo': 'табибка барырга'}","{'datetime': '21-енче августта көндез 3-тә', 'reminder/todo': 'барырга искә төшер'}"
test_58,көн саен иртәнге сәгать 7-дә дарулар эчәргә турында минем искә төшерүне бетер,reminder/cancel_reminder,reminder/cancel_reminder,True,"{'recurring_datetime': 'көн саен иртәнге сәгать 7-дә', 'reminder/todo': 'дарулар эчәргә'}","{'reminder/todo': 'искә төшерүне', 'datetime': 'көн саен иртәнге сәгать 7-дә', 'reference': 'минем'}"
test_59,киләсе фараз яңгырны кайчан күрсәтә,weather/find,weather/find,True,{'weather/attribute': 'яңгырны'},"{'condition_description': 'яңгырны', 'datetime': 'киләсе'}"
test_60,Иртәгә иртә белән минем будильнигым нинди вакытка куелган?,alarm/show_alarms,alarm/time_left_on_alarm,False,"{'datetime': 'Иртәгә иртә', 'reference': 'минем'}",{'reference': 'будильнигым'}
test_61,бүген кар явармы,weather/find,weather/find,True,"{'datetime': 'бүген', 'weather/attribute': 'кар'}","{'datetime': 'бүген', 'condition_description': 'кар явармы', 'location': 'бүгүнкi урын'}"
test_62,Минем будильнигымны сүндер.,alarm/cancel_alarm,alarm/cancel_alarm,True,{'reference': 'Минем'},{'reference': 'будильнигымны'}
test_63,Барлык будильникларны бетер,alarm/cancel_alarm,alarm/cancel_alarm,True,{'reference': 'Барлык'},{'reference': 'барлык'}
test_64,миңа продуктларны сатып алырга искә төшер,reminder/set_reminder,SearchCreativeWork,False,{'reminder/todo': 'продуктларны сатып алырга'},{'object_type': 'продуктларны'}
test_65,Миңа иртәнге сәгать 9-да иртәнге аш өчен будильник кирәк,alarm/set_alarm,alarm/set_alarm,True,{'datetime': 'иртәнге сәгать 9-да'},"{'datetime': 'миңа иртәнге сәгать 9-да', 'recurring_datetime': 'иртәнге', 'reminder/todo': 'аш өчен'}"
test_66,уен башланганчы бер сәгать алдан Кольтларны карау турында искә төшерүне куй,reminder/set_reminder,reminder/set_reminder,True,"{'datetime': 'уен башланганчы бер сәгать алдан', 'reminder/todo': 'Кольтларны карау'}","{'datetime': 'уен башланганчы', 'recurring_datetime': 'бер сәгать', 'reminder/todo': 'Кольтларны карау турында искә төшерүне'}"
test_67,барлык будильникларны бетер,alarm/cancel_alarm,alarm/cancel_alarm,True,{'reference': 'барлык'},{'reference': 'барлык'}
test_68,Бу исемлектән минем өченче искә төшерүне бетер.,reminder/cancel_reminder,RateBook,False,{'reference': 'минем өченче'},"{'object_name': 'бу исемлектән', 'object_select': 'өченче', 'object_type': 'китап', 'rating_unit': 'искә төшерүне', 'rating_value': 'бетер'}"
test_69,Будильникны иртәнге 6 куй,alarm/set_alarm,alarm/set_alarm,True,{'datetime': 'иртәнге 6'},"{'datetime': 'иртәнге 6 куй', 'reference': 'будильникны'}"
test_70,Бу будильникны хәзердән көндезге 2-гә куй,alarm/cancel_alarm,alarm/modify_alarm,False,"{'reference': 'Бу', 'datetime': 'көндезге 2-гә'}","{'reference': 'бу будильникны', 'datetime': 'хәзердән көндезге 2-гә'}"
test_71,Кар булырмы?,weather/find,weather/find,True,{'weather/attribute': 'Кар'},"{'condition_temperature': 'кар булырмы', 'condition_description': 'кар', 'weather/attribute': 'дымлылык', 'datetime': 'бу атнабызда', 'location': 'жер айырмасында'}"
test_72,Миңа аренданы түләргә искә төшер.,reminder/set_reminder,reminder/set_reminder,True,{'reminder/todo': 'аренданы түләргә'},"{'datetime': 'миңа', 'reminder/todo': 'аренданы түләргә искә төшер'}"
test_73,иртәгә нинди иң түбән температура,weather/find,weather/find,True,"{'datetime': 'иртәгә', 'weather/attribute': 'иң түбән'}","{'datetime': 'иртәгә', 'weather/attribute': 'температура', 'weather/temperatureUnit': 'ин түбән'}"
test_74,Бүген кояшлы булырмы?,weather/find,weather/find,True,"{'datetime': 'Бүген', 'weather/attribute': 'кояшлы'}","{'datetime': 'бүген', 'condition_description': 'кояшлы булырмы'}"
test_75,Бүген минем ничә искә төшерүләрем бар?,reminder/show_reminders,reminder/show_reminders,True,{'datetime': 'Бүген'},{'datetime': 'бүген минем'}
test_76,Минем иртәгә нинди искә төшерүләрем бар?,reminder/show_reminders,reminder/show_reminders,True,"{'reference': 'Минем', 'datetime': 'иртәгә'}",{'datetime': 'иртәгә'}
test_77,Минем барлык искә төшерүләремне бетер.,reminder/cancel_reminder,cancel_reminder,False,{'reference': 'Минем барлык'},{'reminder/todo': 'барлык искә төшерүләремне'}
test_78,будильникны иртәнге 6-га куй,alarm/set_alarm,alarm/set_alarm,True,{'datetime': 'иртәнге 6-га'},"{'datetime': 'иртәнге 6-га', 'reference': 'будильникны'}"
test_79,Будильникны 30 минутка куй,alarm/set_alarm,alarm/set_alarm,True,{'datetime': '30 минутка'},"{'datetime': '30 минутка', 'reference': 'будильникны'}"
test_80,Будильникны бер сәгать алга куй.,alarm/set_alarm,alarm/set_alarm,True,{'datetime': 'бер сәгать алга'},"{'datetime': 'бер сәгать алга', 'reference': 'будильникны'}"
test_81,барлык будильникларны бетер,alarm/cancel_alarm,alarm/cancel_alarm,True,{'reference': 'барлык'},{'reference': 'барлык'}
test_82,Лос-Анджелеста һава торышы,weather/find,weather/find,True,{'location': 'Лос - Анджелеста'},{'location': 'Лос-Анджелеста'}
test_83,бөтен будильникларны бетер,alarm/cancel_alarm,alarm/cancel_alarm,True,{'reference': 'бөтен'},{'reference': 'бөтөн'}
test_84,Бүген минем ничә искә төшерүләрем бар?,reminder/show_reminders,reminder/show_reminders,True,{'datetime': 'Бүген'},{'datetime': 'бүген минем'}
test_85,Миңа иртәгә кибеттә кәгазь сөлгеләр сатып алырга искә төшер,reminder/set_reminder,reminder/set_reminder,True,"{'datetime': 'иртәгә', 'reminder/todo': 'кибеттә кәгазь сөлгеләр сатып алырга'}","{'datetime': 'миңа иртәгә кибеттә', 'reminder/todo': 'кәгазь сөлгеләр сатып алырга'}"
test_86,Миңа минем барлык искә төшерүләремне күрсәт,reminder/show_reminders,reminder/show_reminders,True,{'reference': 'минем барлык'},"{'datetime': 'миңа', 'reference': 'барлык'}"
test_87,Будильникны иртәнге 6 куй,alarm/set_alarm,alarm/set_alarm,True,{'datetime': 'иртәнге 6'},"{'datetime': 'иртәнге 6 куй', 'reference': 'будильникны'}"
test_88,иртәгә кар булырмы,weather/find,alarm/snooze_alarm,False,"{'datetime': 'иртәгә', 'weather/attribute': 'кар'}",{'reference': 'иртәгә кар булырмы'}
test_89,иртәгә минем иртәнге будильникны бетер,alarm/cancel_alarm,alarm/cancel_alarm,True,"{'datetime': 'иртәнге', 'reference': 'минем'}",{'reference': 'иртәгә минем иртәнге будильникны'}
test_90,Дүшәмбе көнне төшке ашка будильникны куй.,alarm/set_alarm,alarm/set_alarm,True,{'recurring_datetime': 'Дүшәмбе көнне төшке ашка'},{'datetime': 'Дүшәмбе көнне төшке ашка'}
test_91,Бүген никадәр эссе булачак?,weather/find,weather/find,True,"{'datetime': 'Бүген', 'weather/attribute': 'эссе'}","{'datetime': 'бүген', 'condition_temperature': 'эссе'}"
test_92,иртәнге будильникларны куерга миңа искә төшер,reminder/set_reminder,alarm/modify_alarm,False,"{'datetime': 'иртәнге', 'reminder/todo': 'будильникларны куерга'}","{'datetime': 'иртәнге', 'reference': 'будильникларны'}"
test_93,бөтен будильникларны бетер,alarm/cancel_alarm,alarm/cancel_alarm,True,{'reference': 'бөтен'},{'reference': 'бөтөн'}
test_94,Минем будильникларымны күрсәт,alarm/show_alarms,alarm/show_alarms,True,{'reference': 'Минем'},{'reference': 'будильникларымны'}
test_95,будильникны сүндер,alarm/cancel_alarm,alarm/cancel_alarm,True,{},{'reference': 'будильникны'}
test_96,Бүген температура нинди?,weather/find,weather/find,True,"{'datetime': 'Бүген', 'weather/attribute': 'температура'}","{'datetime': 'бүген', 'weather/attribute': 'температура'}"
test_97,будильникны сүндер,alarm/cancel_alarm,alarm/cancel_alarm,True,{},{'reference': 'будильникны'}
test_98,Барлык будильникларны күрсәт,alarm/show_alarms,alarm/show_alarms,True,{'reference': 'Барлык'},{'reference': 'барлык'}
test_99,Будильникны 30 минут саен куй,alarm/set_alarm,alarm/set_alarm,True,{'recurring_datetime': '30 минут саен'},"{'datetime': '30 минут саен', 'reference': 'будильникны'}"
test_100,Бүген нинди температура булачак?,weather/find,weather/find,True,"{'datetime': 'Бүген', 'weather/attribute': 'температура'}","{'datetime': 'Бүген', 'weather/attribute': 'температура'}"
test_101,Бүген кызу булырмы?,weather/find,weather/find,True,"{'datetime': 'Бүген', 'weather/attribute': 'кызу'}","{'datetime': 'бүген кызу булырмы', 'condition_description': 'булырмы'}"
test_102,Иртәгә яңгыр булырмы?,weather/find,weather/find,True,"{'datetime': 'Иртәгә', 'weather/attribute': 'яңгыр'}","{'datetime': 'иртәгә', 'condition_description': 'яңгыр'}"
test_103,Киләсе будильникны бетер,alarm/cancel_alarm,alarm/cancel_alarm,True,{'reference': 'Киләсе'},{'reference': 'киләсе'}
test_104,Бүген кибеткә барырга искә төшер,reminder/set_reminder,reminder/set_reminder,True,"{'datetime': 'Бүген', 'reminder/todo': 'кибеткә барырга'}","{'datetime': 'Бүген кибеткә барырга', 'reminder/todo': 'искә төшер'}"
test_105,киләсе атнада минем искә төшерүләрне бетер,reminder/cancel_reminder,RateBook,False,"{'datetime': 'киләсе атнада', 'reference': 'минем'}","{'object_type': 'искә төшерүләрне', 'object_name': 'минем', 'rating_value': 'бетер'}"
test_106,миңа сишәмбе көнне көндезге сәгать 3-тә этне грумерга алып барырга исемә төшер,reminder/set_reminder,reminder/set_reminder,True,"{'datetime': 'сишәмбе көнне көндезге сәгать 3-тә', 'reminder/todo': 'этне грумерга алып барырга'}","{'datetime': 'миңа сишәмбе көнне көндезге сәгать 3-тә', 'reminder/todo': 'грумерга алып барырга', 'object_name': 'исемә'}"
test_107,28-енче көнне Дженга годовщинага чәчәкләр сатып алырга исемә төшер.,reminder/set_reminder,SearchCreativeWork,False,"{'datetime': '28-енче көнне', 'reminder/todo': 'Дженга годовщинага чәчәкләр сатып алырга'}","{'datetime': '28-енче көнне', 'object_name': 'Дженга годовщинага чәчәкләр', 'object_type': 'исемә'}"
test_108,Бүген һава торышы нинди?,weather/find,weather/find,True,{'datetime': 'Бүген'},"{'datetime': 'бүген', 'weather/attribute': 'һава торышы'}"
test_109,Иртәгә табибка язылырга миңа искә төшер.,reminder/set_reminder,alarm/set_alarm,False,"{'datetime': 'Иртәгә', 'reminder/todo': 'табибка язылырга'}","{'datetime': 'миңа', 'reminder/todo': 'искә төшер', 'reference': 'иртәгә табибка язылырга'}"
test_110,бөтен будильникларны сүндер,alarm/cancel_alarm,alarm/cancel_alarm,True,{'reference': 'бөтен'},{'reference': 'бөтөн'}
test_111,Мин үзем белән дождевикны алыйммы?,weather/find,weather/find,True,{'weather/attribute': 'дождевикны'},"{'condition_description': 'дождевик', 'location': 'үзем белән'}"
test_112,Начар һава торышы фаразы нинди?,weather/find,weather/find,True,{'weather/attribute': 'Начар'},"{'condition_description': 'фаразы нинди', 'location': 'Начар'}"
test_113,киләсе атнада табибка язуым турында искә төшер,reminder/set_reminder,RateBook,False,"{'datetime': 'киләсе атнада', 'reminder/todo': 'табибка язуым турында'}","{'object_type': 'киләсе атнада табибка язуым', 'rating_unit': 'бала', 'rating_value': 'турында'}"
test_114,иртәнге 8 кибеткә бару турында искә төшер,reminder/set_reminder,reminder/set_reminder,True,"{'datetime': 'иртәнге 8', 'reminder/todo': 'кибеткә бару'}","{'datetime': 'иртәнге 8 кибеткә', 'reminder/todo': 'бару турында искә төшер'}"
test_115,Химчисткага барырга искә төшерү яса.,reminder/set_reminder,reminder/set_reminder,True,{'reminder/todo': 'Химчисткага барырга'},"{'reminder/todo': 'искә төшерү', 'datetime': 'барырга'}"
test_116,кайчан салкынрак булачак,weather/find,weather/find,True,{'weather/attribute': 'салкынрак'},"{'condition_temperature': 'салкынрак', 'datetime': 'кайчан'}"
test_117,бу атнада яңгыр булырмы,weather/find,weather/find,True,"{'datetime': 'бу атнада', 'weather/attribute': 'яңгыр'}","{'datetime': 'бу атнада', 'condition_description': 'яңгыр булырмы'}"
test_118,барлык будильникларны бетер,alarm/cancel_alarm,alarm/cancel_alarm,True,{'reference': 'барлык'},{'reference': 'барлык'}
test_119,будильникларны бетер,alarm/cancel_alarm,alarm/cancel_alarm,True,{},{'reference': 'будильникларны'}
test_120,минем будильникларымны күрсәт,alarm/show_alarms,alarm/show_alarms,True,{'reference': 'минем'},{'reference': 'минем будильникларымны'}
test_121,Минем будильнигым кайсы вакытка куйган?,alarm/show_alarms,alarm/time_left_on_alarm,False,{},{'reference': 'будильнигым'}
test_122,Шимбә көнне яңгыр булырмы?,weather/find,weather/find,True,"{'datetime': 'Шимбә', 'weather/attribute': 'яңгыр'}","{'datetime': 'Шимбә көнне', 'condition_description': 'яңгыр'}"
test_123,бүген никадәр эссе булачак,weather/find,weather/find,True,"{'datetime': 'бүген', 'weather/attribute': 'эссе'}","{'datetime': 'бүген', 'condition_temperature': 'эссе'}"
test_124,Барлык будильникларны бетер,alarm/cancel_alarm,alarm/cancel_alarm,True,{'reference': 'Барлык'},{'reference': 'барлык'}
test_125,Бу ял көннәрендә Тахода һава торышы?,weather/find,weather/find,True,"{'datetime': 'Бу ял көннәрендә', 'location': 'Тахода'}","{'location': 'Бу ял', 'datetime': 'көннәрендә'}"
test_126,Миңа бүген пальто кирәкме?,weather/find,SearchCreativeWork,False,"{'datetime': 'бүген', 'weather/attribute': 'пальто'}",{'object_type': 'пальто'}
test_127,Яңгыр кайчан туктар?,weather/find,weather/find,True,{'weather/attribute': 'Яңгыр'},"{'condition_description': 'яңгыр', 'datetime': 'яңгыр кайчан'}"
test_128,Дүшәмбе көнне 16:00 сәгатьтә минем мәктәпкә шалтыратырга хәтерләтү куй,reminder/set_reminder,reminder/set_reminder,True,"{'datetime': 'Дүшәмбе көнне 16:00 сәгатьтә', 'reminder/todo': 'минем мәктәпкә шалтыратырга'}","{'datetime': 'Дүшәмбе көнне 16:00 сәгатьтә', 'reminder/todo': 'минем мәктәпкә шалтыратырга'}"
test_129,Минем будильнигымны сүндер.,alarm/cancel_alarm,alarm/cancel_alarm,True,{'reference': 'Минем'},{'reference': 'будильнигымны'}
test_130,Бүген кич никадәр салкын булыр?,weather/find,weather/find,True,"{'datetime': 'Бүген кич', 'weather/attribute': 'салкын'}","{'datetime': 'Бүген', 'condition_temperature': 'салкын'}"
test_131,Будильникны иртәнге җидегә куй.,alarm/set_alarm,alarm/set_alarm,True,{'datetime': 'иртәнге җидегә'},"{'reference': 'будильникны', 'recurring_datetime': 'иртәнге җидегә', 'datetime': 'куй'}"
test_132,Минем Робны алу турында хәтерләтүемне бетер,reminder/cancel_reminder,RateBook,False,"{'reference': 'Минем', 'reminder/todo': 'Робны алу'}","{'object_name': 'Роб', 'object_type': 'китап', 'rating_value': 'минем'}"
test_133,Иртәгә сөт сатып алу турында хәтерләтү яса.,reminder/set_reminder,alarm/set_alarm,False,"{'datetime': 'Иртәгә', 'reminder/todo': 'сөт сатып алу'}","{'reminder/todo': 'хәтерләтү', 'datetime': 'иртәгә сөт сатып алу турында'}"
test_134,Будильникны иртәнге 6 куй,alarm/set_alarm,alarm/set_alarm,True,{'datetime': 'иртәнге 6'},"{'datetime': 'иртәнге 6 куй', 'reference': 'будильникны'}"
test_135,"көндәлек будильникны, аны бетергәнче, кичке җиде сәгать утыз минутка планлаштыр",alarm/set_alarm,alarm/modify_alarm,False,{'recurring_datetime': 'кичке җиде сәгать утыз минутка'},"{'datetime': 'көндәлек', 'recurring_datetime': 'җиде сәгать утыз минутка'}"
test_136,миңа торыр өчен будильникны куерга исемә төшер,reminder/set_reminder,alarm/set_alarm,False,{'reminder/todo': 'торыр өчен будильникны куерга'},"{'datetime': 'миңа торыр өчен', 'reference': 'будильникны куерга'}"
test_137,Минем хәтерләтүне бетер,reminder/cancel_reminder,RateBook,False,{'reference': 'Минем'},"{'object_name': 'минем', 'object_type': 'хәтерләтүне', 'rating_value': 'бетер'}"
test_138,Бүген кар булырмы?,weather/find,weather/find,True,"{'datetime': 'Бүген', 'weather/attribute': 'кар'}","{'datetime': 'бүген', 'condition_description': 'кар булырмы'}"
test_139,Миңа бөтен будильникларны күрсәт,alarm/show_alarms,alarm/show_alarms,True,{'reference': 'бөтен'},"{'datetime': 'миңа', 'reference': 'барлык'}"
test_140,бөтен хәтерләтүләрне күрсәт,reminder/show_reminders,reminder/show_reminders,True,{'reference': 'бөтен'},{}
test_141,минем будильнигымда күпме вакыт калды,alarm/time_left_on_alarm,alarm/time_left_on_alarm,True,{'reference': 'минем'},{'reference': 'будильнигымда'}
test_142,будильникны 2 сәгатькә куй,alarm/set_alarm,alarm/set_alarm,True,{'datetime': '2 сәгатькә'},{'datetime': '2 сәгатькә'}
test_143,Эштән соң икмәк сатып алырга исемә төшер,reminder/set_reminder,SearchCreativeWork,False,"{'datetime': 'Эштән соң', 'reminder/todo': 'икмәк сатып алырга'}","{'object_name': 'икмәк', 'object_type': 'исеме'}"
test_144,Бүген яңгыр булырмы?,weather/find,weather/find,True,"{'datetime': 'Бүген', 'weather/attribute': 'яңгыр'}","{'datetime': 'бүген', 'condition_description': 'яңгыр булырмы'}"
test_145,бүгенге һава торышы фаразын укы,weather/find,weather/find,True,{'datetime': 'бүгенге'},"{'datetime': 'бүгенге', 'location': 'фаразы'}"
test_146,Минем будильнигым нинди вакытка куелган?,alarm/show_alarms,alarm/time_left_on_alarm,False,{'reference': 'Минем'},{'reference': 'будильнигым'}
test_147,иртәгә 4 миңа сәүдә үзәгенә барырга исемә төшер,reminder/set_reminder,alarm/set_alarm,False,"{'datetime': 'иртәгә 4', 'reminder/todo': 'сәүдә үзәгенә барырга'}","{'datetime': 'иртәгә 4 миңа сәүдә үзәгенә барырга', 'reminder/todo': 'исемә төшер'}"
test_148,бүген кул чатырны үзем белән алыйммы,weather/find,RateBook,False,"{'datetime': 'бүген', 'weather/attribute': 'кул чатырны'}","{'object_name': 'бүген кул чатырны', 'object_type': 'чатыр', 'rating_value': 'үзем белән алыйм'}"
test_149,Минем хәтерләтүне күрсәт,reminder/show_reminders,reminder/set_reminder,False,{'reference': 'Минем'},{'reminder/todo': 'хәтерләтүне күрсәт'}
test_150,Минем бөтен хәтерләтүләрне күрсәт,reminder/show_reminders,SearchCreativeWork,False,{'reference': 'Минем бөтен'},{'object_type': 'хәтерләтүләрне'}
test_151,Дүшәмбе көнне эт ризыгы турында хәтерләтү куй,reminder/set_reminder,reminder/set_reminder,True,"{'datetime': 'Дүшәмбе', 'reminder/todo': 'эт ризыгы'}","{'datetime': 'Дүшәмбе көнне', 'reminder/todo': 'хәтерләтү куй'}"
test_152,"Иртәгегә ""Сишәмбе кичендә Балада Саб йога дәресенә язылырга "" хәтерләтүне куй",reminder/set_reminder,reminder/set_reminder,True,"{'datetime': 'Иртәгегә', 'reminder/todo': 'Сишәмбе кичендә Балада Саб йога дәресенә язылырга'}","{'datetime': 'иртәгегә сишәмбе кичендә', 'reminder/todo': 'Балада Саб йога дәресенә язылырга'}"
test_153,бүгенгегә бөтен искә төшерүләрне бетер,reminder/cancel_reminder,RateBook,False,"{'datetime': 'бүгенгегә', 'reference': 'бөтен'}","{'object_name': 'бөтен искә төшерүләр', 'object_type': 'китап', 'rating_value': 'бүгенгегә'}"
test_154,Бу атнада Нью-Йоркта нинди һава торышы булачак,weather/find,weather/find,True,"{'datetime': 'Бу атнада', 'location': 'Нью - Йоркта'}","{'datetime': 'бу атнада', 'location': 'Нью-Йоркта'}"
test_155,пәнҗешәмбе көнне көндез 12-дә табибка баруымны исемә төшер,reminder/set_reminder,reminder/set_reminder,True,"{'datetime': 'пәнҗешәмбе көнне көндез 12-дә', 'reminder/todo': 'табибка баруымны'}","{'datetime': 'пәнҗешәмбе көнне көндез 12-дә', 'reminder/todo': 'табибка баруымны исемә төшер'}"
test_156,Будильникны кичке 6:50 куй,alarm/set_alarm,alarm/snooze_alarm,False,{'datetime': 'кичке 6:50'},"{'reference': 'будильникны', 'datetime': '6:50'}"
test_157,Бүген кар булырмы?,weather/find,weather/find,True,"{'datetime': 'Бүген', 'weather/attribute': 'кар'}","{'datetime': 'бүген', 'condition_description': 'кар булырмы'}"
test_158,Нинди будильниклар куелган?,alarm/show_alarms,alarm/show_alarms,True,{},{}
test_159,7 октябрьгә искә төшерү будильникны куй,reminder/set_reminder,alarm/set_alarm,False,{'datetime': '7 октябрьгә'},"{'datetime': '7 октябрьгә', 'reference': 'будильникны'}"
test_160,бүген кар булырмы?,weather/find,weather/find,True,"{'datetime': 'бүген', 'weather/attribute': 'кар'}","{'datetime': 'бүген', 'condition_description': 'кар булырмы'}"
test_161,будильникны 15 минутка күчер,alarm/snooze_alarm,alarm/snooze_alarm,True,{'datetime': '15 минутка'},"{'reference': 'будильникны', 'datetime': '15 минутка'}"
test_162,Күпме кар булуын фаразлыйлар?,weather/find,weather/find,True,{'weather/attribute': 'кар'},"{'condition_description': 'кар булуын', 'weather/attribute': 'фаразлыйлар'}"
test_163,урамда эссе ме,weather/find,weather/find,True,"{'location': 'урамда', 'weather/attribute': 'эссе'}","{'condition_temperature': 'эссе', 'datetime': 'урамда'}"
test_164,Бүген нинди температура булачак?,weather/find,weather/find,True,"{'datetime': 'Бүген', 'weather/attribute': 'температура'}","{'datetime': 'Бүген', 'weather/attribute': 'температура'}"
test_165,иртәгә Далласта һава торышы нинди булыр,weather/find,weather/find,True,"{'datetime': 'иртәгә', 'location': 'Далласта'}","{'location': 'Далласта', 'datetime': 'иртәгә', 'weather/attribute': 'нинди'}"
test_166,бүгенгегә минем бөтен искә төшерүләрне күрсәт,reminder/show_reminders,SearchCreativeWork,False,"{'datetime': 'бүгенгегә', 'reference': 'минем бөтен'}","{'object_name': 'минем бөтен искә төшерүләр', 'object_type': 'әсәр'}"
test_167,Атна саен продукт сатып алу турында хәтерләтү куй.,reminder/set_reminder,reminder/set_reminder,True,"{'recurring_datetime': 'Атна саен', 'reminder/todo': 'продукт сатып алу'}","{'reminder/todo': 'атна саен продукт сатып алу', 'datetime': 'саен'}"
test_168,һава торышы,weather/find,weather/find,True,{},"{'datetime': 'һәрчө', 'location': 'һәрчө'}"
test_169,Яңгыр көне буе явыр микән?,weather/find,weather/find,True,"{'weather/attribute': 'Яңгыр', 'datetime': 'көне буе'}","{'condition_description': 'яңгыр көне', 'datetime': 'буе явыр'}"
test_170,Иртәгә яңгыр булырмы?,weather/find,weather/find,True,"{'datetime': 'Иртәгә', 'weather/attribute': 'яңгыр'}","{'datetime': 'иртәгә', 'condition_description': 'яңгыр'}"
test_171,Бүген кич эш хатларына җавап бирергә исемә төшер,reminder/set_reminder,RateBook,False,"{'datetime': 'Бүген кич', 'reminder/todo': 'эш хатларына җавап бирергә'}","{'object_name': 'Бүген кич эш хатларына', 'rating_value': 'җавап бирергә', 'object_type': 'хатларына'}"
test_172,Будильникларны бетер,alarm/cancel_alarm,alarm/cancel_alarm,True,{},{'reference': 'будильникларны'}
test_173,Минем будильникларны бетер,alarm/cancel_alarm,alarm/cancel_alarm,True,{'reference': 'Минем'},{'reference': 'минем будильникларны'}
test_174,Мин бүген шортыны кия аламмы?,weather/find,weather/find,True,"{'datetime': 'бүген', 'weather/attribute': 'шортыны'}","{'datetime': 'бүген', 'condition_description': 'шортыны кия аламмы'}"
test_175,Иртәгә яңгыр булырмы?,weather/find,weather/find,True,"{'datetime': 'Иртәгә', 'weather/attribute': 'яңгыр'}","{'datetime': 'иртәгә', 'condition_description': 'яңгыр'}"
test_176,Будильникны иртәнге 10 куй,alarm/set_alarm,alarm/set_alarm,True,{'datetime': 'иртәнге 10'},"{'datetime': 'иртәнге 10 куй', 'recurring_datetime': '', 'reference': ''}"
test_177,бу атнада яңгыр булырмы,weather/find,weather/find,True,"{'datetime': 'бу атнада', 'weather/attribute': 'яңгыр'}","{'datetime': 'бу атнада', 'condition_description': 'яңгыр булырмы'}"
test_178,бөтен хәтерләтүләрне күрсәт,reminder/show_reminders,reminder/show_reminders,True,{'reference': 'бөтен'},{}
test_179,будильникларны бетер,alarm/cancel_alarm,alarm/cancel_alarm,True,{},{'reference': 'будильникларны'}
test_180,бөтен будильникларны сүндер,alarm/cancel_alarm,alarm/cancel_alarm,True,{'reference': 'бөтен'},{'reference': 'бөтөн'}
test_181,бөтен будильник настройкаларын күрсәт,alarm/show_alarms,alarm/show_alarms,True,{'reference': 'бөтен'},{}
test_182,Будильникны егерме минут саен куй,alarm/set_alarm,alarm/set_alarm,True,{'recurring_datetime': 'егерме минут саен'},"{'datetime': 'егерме минут саен', 'reference': 'будильникны куй'}"
test_183,Минем нинди искә төшерүләрем бар?,reminder/show_reminders,reminder/show_reminders,True,{'reference': 'Минем'},{}
test_184,иртәгегә будильникны бетер,alarm/cancel_alarm,alarm/cancel_alarm,True,{'datetime': 'иртәгегә'},{'reference': 'иртәгегә'}
test_185,бүген миңа зонтик кирәкме?,weather/find,weather/find,True,"{'datetime': 'бүген', 'weather/attribute': 'зонтик'}","{'datetime': 'бүген миңа', 'weather/attribute': 'зонтик кирәкме'}"
test_186,бүген кар булырмы?,weather/find,weather/find,True,"{'datetime': 'бүген', 'weather/attribute': 'кар'}","{'datetime': 'бүген', 'condition_description': 'кар булырмы'}"
test_187,Бүген кич минем әнигә шалтыратырга искә төшер,reminder/set_reminder,alarm/snooze_alarm,False,"{'datetime': 'Бүген кич', 'reminder/todo': 'минем әнигә шалтыратырга'}",{'reference': 'Бүген кич минем'}
test_188,Бүген яңгыр булырмы?,weather/find,weather/find,True,"{'datetime': 'Бүген', 'weather/attribute': 'яңгыр'}","{'datetime': 'бүген', 'condition_description': 'яңгыр булырмы'}"
test_189,Шимбә көнне яңгыр булырмы?,weather/find,weather/find,True,"{'datetime': 'Шимбә', 'weather/attribute': 'яңгыр'}","{'datetime': 'Шимбә көнне', 'condition_description': 'яңгыр'}"
test_190,Будильникны һәр минут саен 20 минутка куясынмы?,alarm/set_alarm,alarm/set_alarm,True,{'recurring_datetime': 'һәр минут саен 20 минутка'},"{'recurring_datetime': 'һәр минут саен', 'datetime': '20 минутка куясынмы'}"
test_191,Кариб бассейнында тропик давыллар,weather/find,weather/find,True,"{'location': 'Кариб', 'weather/attribute': 'тропик давыллар'}","{'location': 'Кариб бассейнында', 'weather/attribute': 'тропик давыллар'}"
test_192,барлык будильникларны бетер,alarm/cancel_alarm,alarm/cancel_alarm,True,{'reference': 'барлык'},{'reference': 'барлык'}
test_193,Будильникны тугыз минут саен куй,alarm/set_alarm,alarm/set_alarm,True,{'recurring_datetime': 'тугыз минут саен'},"{'datetime': 'минут саен', 'reference': 'будильникны'}"
test_194,Минем исемлектән соңгы ике хәтерләтүне бетер,reminder/cancel_reminder,RateBook,False,{'reference': 'соңгы ике'},"{'object_name': 'исемлектән', 'object_select': 'соңгы ике', 'object_type': 'хәтерләтүне', 'rating_unit': 'бәяләү берәмлеге'}"
test_195,бүген һава торышы нинди,weather/find,weather/find,True,{'datetime': 'бүген'},"{'datetime': 'бүген', 'weather/attribute': 'һава торышы'}"
test_196,минем будильнигымны кабыз,alarm/set_alarm,alarm/modify_alarm,False,{'reference': 'минем'},"{'reference': 'будильнигымны', 'datetime': 'кабыз'}"
test_197,Бүген һаваның дымлылыгы нинди?,weather/find,weather/find,True,"{'datetime': 'Бүген', 'weather/attribute': 'һаваның дымлылыгы'}","{'datetime': 'Бүген', 'weather/attribute': 'дымлылыгы'}"
test_198,миңа торыр өчен будильникны куерга исемә төшер,reminder/set_reminder,alarm/set_alarm,False,{'reminder/todo': 'миңа торыр өчен будильникны куерга'},"{'datetime': 'миңа торыр өчен', 'reference': 'будильникны куерга'}"
test_199,Бу ял көннәрендә кар явырмы?,weather/find,weather/find,True,"{'datetime': 'Бу ял көннәрендә', 'weather/attribute': 'кар'}","{'datetime': 'бу ял көннәрендә', 'weather/attribute': 'кар явырмы'}"
test_200,Бүген никадәр эссе булачак?,weather/find,weather/find,True,"{'datetime': 'Бүген', 'weather/attribute': 'эссе'}","{'datetime': 'бүген', 'condition_temperature': 'эссе'}"
test_201,Минем будильнигым нинди вакытка куелган,alarm/show_alarms,alarm/time_left_on_alarm,False,{'reference': 'Минем'},{'reference': 'будильнигым'}
test_202,Бүген һава торышы нинди?,weather/find,weather/find,True,{'datetime': 'Бүген'},"{'datetime': 'бүген', 'weather/attribute': 'һава торышы'}"
test_203,Иртәгә яңгыр явармы?,weather/find,weather/find,True,"{'datetime': 'Иртәгә', 'weather/attribute': 'яңгыр'}","{'datetime': 'иртәгә', 'condition_description': 'яңгыр'}"
test_204,Сишәмбе көнне иртәнге 5:15 минем будильнигымны бетер,alarm/cancel_alarm,alarm/cancel_alarm,True,"{'datetime': 'Сишәмбе көнне иртәнге 5:15', 'reference': 'минем'}","{'datetime': 'сишәмбе көнне иртәнге 5:15', 'reference': 'минем будильнигымны'}"
test_205,бүгенге уен турында искәртүне бетер,reminder/cancel_reminder,cancel_reminder,False,"{'datetime': 'бүгенге', 'reminder/todo': 'уен'}","{'datetime': 'бүгенге', 'reminder/todo': 'уен турында искәртүне'}"
test_206,будильникны иртәнге көндезге 3-ке куй,alarm/set_alarm,alarm/set_alarm,True,{'datetime': 'көндезге 3-ке'},"{'datetime': 'иртәнге көндезге', 'datetime_value': '3-ке'}"
test_207,шимбә көнне бөтен будильникларны бетер,alarm/cancel_alarm,alarm/cancel_alarm,True,"{'datetime': 'шимбә көнне', 'reference': 'бөтен'}",{'reference': 'шимбә көнне бөтен'}
test_208,Миңа Лизаны алу турында искәртү кирәк,reminder/set_reminder,reminder/set_reminder,True,{'reminder/todo': 'Лизаны алу'},"{'datetime': 'миңа', 'reminder/todo': 'Лизаны алу турында'}"
test_209,Бүген нинди югары температура?,weather/find,weather/find,True,"{'datetime': 'Бүген', 'weather/attribute': 'югары'}","{'datetime': 'бүген', 'weather/attribute': 'температура', 'weather/temperatureUnit': 'югары'}"
test_210,Бүген Гринстоунда болытлы булырмы?,weather/find,weather/find,True,"{'datetime': 'Бүген', 'location': 'Гринстоунда', 'weather/attribute': 'болытлы'}","{'datetime': 'Бүген', 'location': 'Гринстоунда', 'weather/attribute': 'булырмы'}"
test_211,Соңрак искә төшер,reminder/set_reminder,RateBook,False,{'datetime': 'Соңрак'},"{'object_name': 'соңрак', 'object_type': 'искә', 'rating_value': 'төшер'}"
test_212,бүген франциядә нинди һава торышы,weather/find,weather/find,True,"{'datetime': 'бүген', 'location': 'франциядә'}","{'datetime': 'бүген', 'location': 'франциядә'}"
test_213,Шимбә кичәсендә кояшлы булырмы?,weather/find,weather/find,True,"{'datetime': 'Шимбә', 'weather/attribute': 'кояшлы'}","{'condition_description': 'кичәсендә кояшлы булырмы', 'datetime': 'шимбә'}"
test_214,Иртәгә яңгыр явармы?,weather/find,weather/find,True,"{'datetime': 'Иртәгә', 'weather/attribute': 'яңгыр'}","{'datetime': 'иртәгә', 'condition_description': 'яңгыр'}"
test_215,Мин бүген шортыны кия аламмы?,weather/find,weather/find,True,"{'datetime': 'бүген', 'weather/attribute': 'шортыны'}","{'datetime': 'бүген', 'condition_description': 'шортыны кия аламмы'}"
test_216,Минем искәртүемне күрсәт,reminder/show_reminders,reminder/show_reminders,True,{'reference': 'Минем'},{'reference': 'минем'}
test_217,Сентябрьдә уртача һава торышы нинди,weather/find,weather/find,True,{'datetime': 'Сентябрьдә'},"{'datetime': 'сентябрьдә', 'weather/attribute': 'уртача һава торышы'}"
test_218,Бүген салкынмы?,weather/find,weather/find,True,"{'datetime': 'Бүген', 'weather/attribute': 'салкынмы'}","{'datetime': 'бүген', 'condition_temperature': 'салкынмы'}"
test_219,Бөтен искәртүләремне бетер,reminder/cancel_reminder,cancel_reminder,False,{'reference': 'Бөтен'},{'reminder/todo': 'болондоган искәртүләремне'}
test_220,монда эссеме?,weather/find,RateBook,False,{'weather/attribute': 'эссеме'},"{'object_name': 'эссеме', 'object_type': 'мәкаләгә', 'rating_value': 'монда'}"
test_221,Ял көннәрендә көндезге 2 будильнигымны куй,alarm/set_alarm,alarm/set_alarm,True,{'recurring_datetime': 'Ял көннәрендә көндезге 2'},"{'datetime': 'көндезге', 'recurring_datetime': 'һәр көннәрендә', 'reference': '2 будильнигымны'}"
test_222,Будильникны иртәнге 2 куй,alarm/set_alarm,alarm/set_alarm,True,{'datetime': 'иртәнге 2'},"{'datetime': 'иртәнге 2 куй', 'recurring_datetime': '', 'reference': ''}"
test_223,Бүген һаваның дымлылыгы нинди?,weather/find,weather/find,True,"{'datetime': 'Бүген', 'weather/attribute': 'һаваның дымлылыгы'}","{'datetime': 'Бүген', 'weather/attribute': 'дымлылыгы'}"
test_224,минем бөтен будильникларымны күрсәт,alarm/show_alarms,alarm/show_alarms,True,{'reference': 'минем бөтен'},{'reference': 'минем бөтен будильникларымны'}
test_225,Минем бөтен искәртүләремне күрсәт,reminder/show_reminders,reminder/show_reminders,True,{'reference': 'Минем бөтен'},{'reference': 'бөтен искәртүләремне'}
test_226,бөтен будильникларымны бетер,alarm/cancel_alarm,alarm/cancel_alarm,True,{'reference': 'бөтен'},{'reference': 'бөтөн будильникларымны'}
test_227,Давыл минем районыма якынлашамы?,weather/find,SearchScreeningEvent,False,"{'weather/attribute': 'Давыл', 'location': 'минем районыма'}",{'location': 'Давыл минем районыма якынлашамы'}
test_228,бүген һава торышы нинди,weather/find,weather/find,True,{'datetime': 'бүген'},"{'datetime': 'бүген', 'weather/attribute': 'һава торышы'}"
test_229,соңгы искәртүемне бетер,reminder/cancel_reminder,cancel_reminder,False,{'reference': 'соңгы'},{'reference': 'соңгы искәртүемне'}
test_230,Будильникка күпме вакыт калды.,alarm/time_left_on_alarm,alarm/time_left_on_alarm,True,{},{'reference': 'будильникна'}
test_231,Якшәмбе көнне минем бөтен будильникларымны бетер.,alarm/cancel_alarm,alarm/cancel_alarm,True,"{'datetime': 'Якшәмбе көнне', 'reference': 'минем бөтен'}","{'reference': 'бөтен будильникларымны', 'datetime': 'якшәмбе көнне'}"
test_232,Бүген нихәтле эссе булачак?,weather/find,weather/find,True,"{'datetime': 'Бүген', 'weather/attribute': 'эссе'}","{'datetime': 'бүген', 'weather/attribute': 'Nichetele', 'condition_description': 'эссе'}"
test_233,Мин сине иртәгә иртәнге 8:45 яңа будильникны куерга теләр идем,alarm/set_alarm,alarm/set_alarm,True,{'datetime': 'иртәгә иртәнге 8:45'},"{'datetime': 'иртәнге 8:45', 'recurring_datetime': 'иртәгә', 'reference': 'будильникны'}"
test_234,бөтен будильникларны бетер,alarm/cancel_alarm,alarm/cancel_alarm,True,{'reference': 'бөтен'},{'reference': 'бөтөн'}
test_235,Бүген кар явармы?,weather/find,weather/find,True,"{'datetime': 'Бүген', 'weather/attribute': 'кар'}","{'datetime': 'бүген', 'condition_description': 'кар явармы', 'location': 'бүгүнкi урын'}"
test_236,миңа бозны алырга искә төшер,reminder/set_reminder,RateBook,False,{'reminder/todo': 'бозны алырга'},"{'object_type': 'миңа', 'rating_value': 'бозны', 'rating_unit': 'алырга'}"
test_237,бөтен искәртүләремне күрсәт,reminder/show_reminders,reminder/show_reminders,True,{'reference': 'бөтен'},{}
test_238,бөтен будильникларымны күрсәт,alarm/show_alarms,alarm/show_alarms,True,{'reference': 'бөтен'},{}
test_239,Сан-Францискода һава торышы нинди?,weather/find,weather/find,True,{'location': 'Сан - Францискода'},{'location': 'Сан-Францискода'}
test_240,Бөтен искәртүләремне бетер,reminder/cancel_reminder,cancel_reminder,False,{'reference': 'Бөтен'},{'reminder/todo': 'болондоган искәртүләремне'}
test_241,Концерт турында искәртүне бетер,reminder/cancel_reminder,cancel_reminder,False,{'reminder/todo': 'Концерт'},"{'reminder/todo': 'искәртүне', 'reference': 'концерт турында'}"
test_242,Иртәгә иртәнге будильникны бетер,alarm/cancel_alarm,alarm/cancel_alarm,True,{'datetime': 'Иртәгә иртәнге'},{'reference': 'иртәгә иртәнге будильникны'}
test_243,бу атнада яңгыр явармы,weather/find,weather/find,True,"{'datetime': 'бу атнада', 'weather/attribute': 'яңгыр'}","{'condition_description': 'яңгыр', 'datetime': 'бу атнада'}"
test_244,Гольф уйнау өчен чәршәмбе көнне һава торышы нинди?,weather/find,weather/find,True,{'datetime': 'чәршәмбе көнне'},"{'datetime': 'чәршәмбе көнне', 'weather/attribute': 'һава торышы нинди'}"
test_245,бөтен будильникларымны күрсәт,alarm/show_alarms,alarm/show_alarms,True,{'reference': 'бөтен'},{}
test_246,бөтен иртәгә будильникларны сүндер,alarm/cancel_alarm,alarm/cancel_alarm,True,"{'reference': 'бөтен', 'datetime': 'иртәгә'}",{'reference': 'бөтен иртәгә будильникларны'}
test_247,Будильнигымны бүген кичке 5 куй,alarm/set_alarm,alarm/set_alarm,True,{'datetime': 'бүген кичке 5'},"{'datetime': 'бүген кичке 5', 'reference': 'будильнигымны'}"
test_248,будильнигымны иртәге 7-гә куй,alarm/set_alarm,alarm/set_alarm,True,{'datetime': 'иртәге 7-гә'},"{'datetime': 'иртәге 7-гә', 'reference': 'будильнигымны'}"
test_249,Иртәгә кояшлы булырмы?,weather/find,alarm/set_alarm,False,"{'datetime': 'Иртәгә', 'weather/attribute': 'кояшлы'}","{'datetime': 'иртәгә кояшлы булырмы', 'reference': ''}"
test_250,бүген нинди эссе булыр,weather/find,RateBook,False,"{'datetime': 'бүген', 'weather/attribute': 'эссе'}","{'object_type': 'эссе', 'datetime': 'бүген', 'rating_unit': 'бала', 'rating_value': 'булыр'}"
test_251,Бир ноль йолдызлар Halo: Ghosts of Onyx,RateBook,RateBook,True,"{'rating_value': 'ноль', 'rating_unit': 'йолдызлар', 'object_name': 'Halo: Ghosts of Onyx'}","{'rating_value': '1', 'rating_unit': 'йолдызлар', 'object_name': 'Halo: Ghosts of Onyx', 'object_type': 'китап'}"
test_252,Джой Нило музыкасын кабыз .,PlayMusic,PlayMusic,True,{'artist': 'Джой Нило'},"{'artist': 'Джой Нило', 'music_item': 'музыкасын'}"
test_253,"Зинһар, миңа 20 Hours in America дип аталган видеоуен таб .",SearchCreativeWork,SearchCreativeWork,True,"{'object_name': '20 Hours in America', 'object_type': 'видеоуен'}","{'object_name': '20 Hours in America', 'object_type': 'видеоуен'}"
test_254,Мин ясаган плейлистымны уйнат,PlayMusic,PlayMusic,True,{'playlist': 'ясаган'},{'playlist': 'мин ясаган плейлистымны'}
test_255,Термонтта 9 кешегә урын броньла,BookRestaurant,BookRestaurant,True,"{'location': 'Термонтта', 'party_size_number': '9 кешегә'}","{'datetime': '9 кешегә', 'location': 'Термонтта'}"
test_256,Бу көйне Доротиның 80's party плейлистына өстә,AddToPlaylist,AddToPlaylist,True,"{'music_item': 'көйне', 'reference': 'Доротиның', 'playlist': ""80's party""}","{'artist': 'Доротин', 'music_item': 'көйне', 'playlist': ""80's party плейлистына"", 'reference': 'өстә'}"
test_257,Last FM-да Эдди Винсонның иң яңа көйен кабыз .,PlayMusic,PlayMusic,True,"{'service': 'Last FM-да', 'artist': 'Эдди Винсонның', 'sort': 'иң яңа', 'music_item': 'көйен'}","{'music_item': 'кабыз', 'artist': 'Эдди Винсон', 'service': 'Last FM', 'object_type': 'иң яңа көйен'}"
test_258,Небрасканың һава торышын тикшер .,weather/find,weather/find,True,{'location': 'Небрасканың'},"{'location': 'Небраска', 'datetime': 'тикшер'}"
test_259,NC-да хәзер буран бармы ?,weather/find,weather/find,True,"{'location': 'NC-да', 'datetime': 'хәзер', 'condition_description': 'буран'}","{'location': 'NC', 'datetime': 'хәзер'}"
test_260,Мин 1998 елгы минионны тыңларга телим .,PlayMusic,PlayMusic,True,"{'datetime': '1998', 'music_item': 'минионны'}","{'music_item': '1998 елгы минионны', 'service': 'тыңларга'}"
test_261,Миңа Дипсон театрларында A Yiddish World Remembered өчен вакыт кирәк,SearchScreeningEvent,SearchScreeningEvent,True,"{'location': 'Дипсон театрларында', 'movie_name': 'A Yiddish World Remembered', 'object_type': 'вакыт'}","{'datetime': 'миңа', 'object_name': 'A Yiddish World Remembered', 'object_type': 'кино фильм', 'location': 'Дипсон театрларында'}"
test_262,Хәзерге дәреслеккә 6-дан 1 балл бир,RateBook,RateBook,True,"{'object_select': 'Хәзерге', 'object_type': 'дәреслеккә', 'best_rating': '6-дан', 'rating_value': '1'}","{'rating_value': '6', 'rating_unit': 'балл', 'object_type': 'дәреслек', 'object_name': 'хәзерге'}"
test_263,Мэтт Мерфиның көйен Flow Español плейлистына өстә.,AddToPlaylist,AddToPlaylist,True,"{'artist': 'Мэтт Мерфиның', 'music_item': 'көйен', 'playlist': 'Flow Español'}","{'artist': 'Мэтт Мерфиның', 'music_item': 'көйен', 'playlist': 'Flow Español плейлистына', 'reference': 'өстә'}"
test_264,Мин 3 кешегә 20/05/2025 Техас янындагы судан гастропабын броньларга телим .,BookRestaurant,BookRestaurant,True,"{'party_size_number': '3', 'datetime': '20/05/2025', 'location': 'янындагы', 'cuisine': 'судан', 'restaurant_type': 'гастропабын'}","{'datetime': '3 кешегә 20/05/2025', 'location': 'Техас янындагы', 'restaurant_type': 'судан гастропабын', 'party_size_number': '20'}"
test_265,Син The Approach телесериал таба алмасыңмы,SearchCreativeWork,SearchCreativeWork,True,"{'object_name': 'The Approach', 'object_type': 'телесериал'}","{'object_name': 'The Approach', 'object_type': 'телесериал'}"
test_266,Бу хроникага 2 балл бир.,RateBook,RateBook,True,"{'object_select': 'Бу', 'object_part_of_series_type': 'хроникага', 'rating_value': '2'}","{'rating_value': '2', 'object_type': 'хроникага', 'rating_unit': 'балл'}"
test_267,The American Scene-ка 6-дан 2 йолдыз бир,RateBook,RateBook,True,"{'object_name': 'The American Scene-ка', 'best_rating': '6-дан', 'rating_value': '2', 'rating_unit': 'йолдыз'}","{'object_name': 'The American Scene', 'rating_value': '6', 'rating_unit': 'йолдыз', 'best_rating': '2'}"
test_268,Минем Nação Reggae плейлистына emilie autumn өстә.,AddToPlaylist,AddToPlaylist,True,"{'reference': 'Минем', 'playlist': 'Nação Reggae', 'artist': 'emilie autumn'}","{'artist': 'emilie autumn', 'music_item': 'өстә', 'playlist': 'Nação Reggae плейлистына'}"
test_269,Мин Гамбиядәге яһүд ресторанын броньларга телим .,BookRestaurant,BookRestaurant,True,"{'location': 'Гамбиядәге', 'cuisine': 'яһүд', 'restaurant_type': 'ресторанын'}","{'location': 'Гамбиядәге яһүд', 'restaurant_type': 'ресторанын'}"
test_270,Fried chicken restaurant өстәленә заказ бир,BookRestaurant,BookRestaurant,True,{'restaurant_name': 'Fried chicken restaurant'},"{'restaurant_type': 'Fried chicken restaurant', 'party_size_number': 'бир'}"
test_271,минем House Afterwork плейлистымна we have a theme song өстә,AddToPlaylist,AddToPlaylist,True,"{'reference': 'минем', 'playlist': 'House Afterwork', 'entity_name': 'we have a theme song'}","{'music_item': 'we have a theme song', 'playlist': 'minem House Afterwork плейлистымна', 'reference': 'өстә'}"
test_272,2026 елның унтугызынчы октябрендә моннан ерак түгел нинди һава торышы булачак ?,weather/find,weather/find,True,"{'datetime': '2026 елның унтугызынчы октябрендә', 'location': 'ерак түгел'}","{'datetime': '2026 елның унтугызынчы октябрендә', 'location': 'моннан ерак түгел', 'weather/attribute': 'һава торышы'}"
test_273,Уолденда һава торышы Россия 26/12/2018,weather/find,weather/find,True,"{'location': 'Россия', 'datetime': '26/12/2018'}","{'location': 'Уолденда', 'datetime': 'Россия 26/12/2018', 'weather/attribute': 'һава торышы'}"
test_274,Мин каенана һәм миңа бер елдан соң Buckner ресторанны броньларга телим .,BookRestaurant,BookRestaurant,True,"{'party_size_description': 'каенана һәм миңа', 'datetime': 'бер елдан соң', 'location': 'Buckner', 'restaurant_type': 'ресторанны'}","{'datetime': 'каенана һәм миңа', 'restaurant_name': 'Buckner'}"
test_275,Бу китапка 1 балл бир,RateBook,RateBook,True,"{'object_select': 'Бу', 'object_type': 'китапка', 'rating_value': '1'}","{'rating_value': '1', 'object_type': 'китапка', 'rating_unit': 'балл'}"
test_276,бу башкаручыны минем spotlight on country 2016 плейлистына өстә,AddToPlaylist,AddToPlaylist,True,"{'music_item': 'башкаручыны', 'reference': 'минем', 'playlist': 'spotlight on country 2016'}","{'artist': 'бу башкаручыны', 'music_item': 'артистны', 'playlist': 'минем spotlight on country 2016 плейлистына', 'reference': 'өстә'}"
test_277,Син Epic Conditions рәсемен таба алмасыңмы ?,SearchCreativeWork,SearchCreativeWork,True,"{'object_name': 'Epic Conditions', 'object_type': 'рәсемен'}","{'object_name': 'Epic Conditions рәсемен', 'object_type': 'рәсемнәр'}"
test_278,Iheart-та rich sex уйна,PlayMusic,PlayMusic,True,"{'service': 'Iheart-та', 'track': 'rich sex'}","{'service': 'Iheart', 'artist': 'rich sex', 'music_item': 'уйнат'}"
test_279,Bartok the Magnificent иртәнге җидедә башланачакмы ?,SearchScreeningEvent,SearchScreeningEvent,True,"{'movie_name': 'Bartok the Magnificent', 'datetime': 'иртәнге җидедә'}","{'movie_name': 'Bartok the Magnificent', 'datetime': 'иртәнге җидедә', 'object_location_type': 'кинотеатрда'}"
test_280,Zvooq-да берәр нәрсә уйна,PlayMusic,PlayMusic,True,{'service': 'Zvooq-да'},"{'service': 'Zvooq-да', 'music_item': 'берәр нәрсә'}"
test_281,Миңа Крис Найт музыкасын тыңларга бир,PlayMusic,PlayMusic,True,{'artist': 'Крис Найт'},"{'artist': 'Крис Найт', 'music_item': 'музыкасын', 'sort': 'бир'}"
test_282,Джилл Собул альбомын кабыз,PlayMusic,PlayMusic,True,"{'album': 'Джилл Собул', 'music_item': 'альбомын'}","{'artist': 'Джилл Собул', 'music_item': 'альбомын'}"
test_283,The Broken Window дүрт йолдыз бирегез,RateBook,RateBook,True,"{'object_name': 'The Broken Window', 'rating_value': 'дүрт', 'rating_unit': 'йолдыз'}","{'object_name': 'The Broken Window', 'rating_value': '4', 'rating_unit': 'йолдыз'}"
test_284,Tatra-милли паркында иртәнге 6да һава торышын миңа әйт,weather/find,weather/find,True,"{'location': 'Tatra-милли паркында', 'datetime': 'иртәнге 6да'}","{'location': 'Tatra-милли паркында', 'datetime': 'иртәнге 6да', 'condition_temperature': 'миңа'}"
test_285,"Зинһар, миңа бистродагы өстәлне броньла, анда lorna doone хезмәт итәләр .",BookRestaurant,BookRestaurant,True,"{'restaurant_type': 'бистродагы', 'served_dish': 'lorna doone'}","{'datetime': 'миңа', 'restaurant_type': 'бистрода', 'entity_name': 'lorna doone хезмәт итәләр', 'restaurant_name': 'өстәлне'}"
test_286,The Mystery of the Tolling Bell сериалны 4 йолдызга бәялә .,RateBook,RateBook,True,"{'object_name': 'The Mystery of the Tolling Bell', 'object_part_of_series_type': 'сериалны', 'rating_value': '4', 'rating_unit': 'йолдызга'}","{'object_name': 'The Mystery of the Tolling Bell сериалны', 'rating_value': '4', 'rating_unit': 'йолдыз', 'best_rating': 'иң югары'}"
test_287,Музыка уйнау өчен Groove Shark куллан,PlayMusic,PlayMusic,True,{'service': 'Groove Shark'},{'service': 'Groove Shark'}
test_288,Якындагы кинотеатрда Snowbound күрсәтү графигын тикшер .,SearchScreeningEvent,SearchScreeningEvent,True,"{'location': 'Якындагы', 'object_location_type': 'кинотеатрда', 'movie_name': 'Snowbound'}","{'movie_name': 'Snowbound', 'location': 'якындагы кинотеатрда', 'object_location_type': 'кинотеатрда'}"
test_289,"Зинһар, Zvooq ач",PlayMusic,PlayMusic,True,{'service': 'Zvooq'},{'service': 'Zvooq'}
test_290,1 кешегә урын Меритта Town of Ramsgate броньла,BookRestaurant,BookRestaurant,True,"{'party_size_number': '1', 'location': 'Меритта', 'restaurant_name': 'Town of Ramsgate'}","{'datetime': '1 кешегә', 'restaurant_name': 'Меритта Town of Ramsgate', 'party_size_number': 'урын'}"
test_291,I Think I Do кичке 7-дә уйныймы ?,SearchScreeningEvent,none,False,"{'movie_name': 'I Think I Do', 'datetime': 'кичке 7-дә'}",{}
test_292,Custer National Forest кичке җидедә салкынрак булырмы,weather/find,weather/find,True,"{'location': 'Custer National Forest', 'datetime': 'кичке җидедә', 'condition_temperature': 'салкынрак'}","{'location': 'Custer National Forest', 'datetime': 'кичке җидедә', 'condition_temperature': 'салкынрак'}"
test_293,Мин Youtube-та берәр нәрсә тыңларга телим,PlayMusic,AddToPlaylist,False,{'service': 'Youtube-та'},"{'music_item': 'берәр нәрсә', 'service': 'Youtube-та', 'playlist': 'плейлистымга', 'reference': 'тыңларга телим'}"
test_294,Difficult Loves уенын эзлә,SearchCreativeWork,SearchCreativeWork,True,"{'object_name': 'Difficult Loves', 'object_type': 'уенын'}","{'object_name': 'Difficult Loves', 'object_type': 'уеннар'}"
test_295,Нинди һава торышы 20 февральгә Bothe-Napa Valley дәүләт паркында ?,weather/find,weather/find,True,"{'datetime': '20 февральгә', 'location': 'Bothe-Napa Valley дәүләт паркында'}","{'datetime': '20 февральгә', 'location': 'Bothe-Napa Valley дәүләт паркында', 'weather/attribute': 'нинди һава торышы'}"
test_296,миңа кинотеатр янындагы The Great Gildersleeve фильмы сессияләре расписаниесен күрсәт,SearchScreeningEvent,SearchScreeningEvent,True,"{'object_location_type': 'кинотеатр', 'movie_name': 'The Great Gildersleeve', 'object_type': 'расписаниесен'}","{'datetime': 'миңа', 'movie_name': 'The Great Gildersleeve', 'object_location_type': 'кинотеатр янындагы', 'object_type': 'сессияләре расписаниесен'}"
test_297,Миңа Гибслендта һава торышын әйт,weather/find,weather/find,True,{'location': 'Гибслендта'},"{'datetime': 'миңа', 'location': 'Гибслендта'}"
test_298,Мин күршедәге кино графигын белә аламмы,SearchScreeningEvent,SearchScreeningEvent,True,"{'location': 'күршедәге', 'movie_type': 'кино', 'object_type': 'графигын'}","{'datetime': 'мин күршедәге', 'object_type': 'кино графигын'}"
test_299,Soul Music-ка 0 балл бир .,RateBook,RateBook,True,"{'object_name': 'Soul Music-ка', 'rating_value': '0'}","{'rating_value': '0', 'rating_unit': 'балл', 'object_type': 'Soul Music'}"
test_300,Сарджентстада татар тавернасында биш кешегә өстәл заказ итегез,BookRestaurant,BookRestaurant,True,"{'location': 'Сарджентстада', 'cuisine': 'татар', 'restaurant_type': 'тавернасында', 'party_size_number': 'биш'}","{'party_size_number': 'биш', 'restaurant_name': 'Сарджентстада татар тавернасында', 'datetime': 'өстәл'}"
test_301,All Things Must Pass кабыз,PlayMusic,RateBook,False,{'track': 'All Things Must Pass'},"{'object_name': 'All Things Must Pass', 'object_type': 'кабыз'}"
test_302,Кореяда бер сәгатьтән соң нинди яңгыр фаразы булачак,weather/find,weather/find,True,"{'location': 'Кореяда', 'datetime': 'бер сәгатьтән соң', 'condition_description': 'яңгыр'}","{'location': 'Кореяда', 'datetime': 'бер сәгатьтән соң', 'condition_description': 'яңгыр'}"
test_303,Оклахомада South Street Diner-да 4 кешелек урын броньла,BookRestaurant,BookRestaurant,True,"{'location': 'Оклахомада', 'restaurant_name': 'South Street Diner-да', 'party_size_number': '4'}","{'location': 'Оклахома', 'restaurant_name': 'South Street Diner', 'party_size_number': '4 кешелек'}"
test_304,Netflix-тан музыканы уйнат .,PlayMusic,PlayMusic,True,{'service': 'Netflix-тан'},"{'service': 'Netflix-тан', 'music_item': 'музыканы'}"
test_305,Мин Shattered Image-не күрергә телим .,SearchScreeningEvent,SearchCreativeWork,False,{'movie_name': 'Shattered Image-не'},"{'object_name': 'Shattered Image', 'object_type': 'фильм'}"
test_306,The Sound of One Hand Clapping-ны таб,SearchCreativeWork,SearchCreativeWork,True,{'object_name': 'The Sound of One Hand Clapping-ны'},"{'object_name': 'The Sound of One Hand Clapping', 'object_type': 'әсәр'}"
test_307,Wolves Within альбомын эзлә,SearchCreativeWork,SearchCreativeWork,True,"{'object_name': 'Wolves Within', 'object_type': 'альбомын'}","{'object_name': 'Wolves Within', 'object_type': 'альбомын'}"
test_308,берәр кинотеатрда We Are Northern Lights күрсәтеләрмә,SearchScreeningEvent,SearchScreeningEvent,True,"{'object_location_type': 'кинотеатрда', 'movie_name': 'We Are Northern Lights'}","{'movie_name': 'We Are Northern Lights', 'object_type': 'күрсәтеләрмә', 'object_location_type': 'берәр кинотеатрда'}"
test_309,"Безнең кечкенә дөнья почмагы, Гилмор кыз музыкасы минем Иң көлкесе әйберләр футболда плейлистыма өстә.",AddToPlaylist,AddToPlaylist,True,"{'entity_name': 'Безнең кечкенә дөнья почмагы , Гилмор кыз музыкасы', 'reference': 'минем', 'playlist': 'Иң көлкесе әйберләр футболда'}","{'artist': 'Гилмор кыз музыкасы', 'music_item': 'минем Иң көлкесе әйберләр футболда', 'playlist': 'плейлистыма', 'reference': 'өстә'}"
test_310,Саутфорд Фолс дәүләт паркында эссе һава торышы фаразы нинди,weather/find,weather/find,True,"{'location': 'Саутфорд Фолс дәүләт паркында', 'condition_temperature': 'эссе'}","{'location': 'Саутфорд Фолс дәүләт паркында', 'condition_temperature': 'эссе', 'weather/temperatureUnit': 'Цельсий градус'}"
test_311,"Зинһар, миӊа Гана парковкасы белән пиццерия өстәленә заказ бир .",BookRestaurant,BookRestaurant,True,"{'location': 'Гана', 'facility': 'парковкасы', 'restaurant_type': 'пиццерия'}","{'datetime': 'Зинһар', 'party_size_number': 'миӊа', 'restaurant_type': 'пиццерия', 'location': 'Гана парковкасы белән'}"
test_312,Мин җитмешенче еллар саундтрегын тыңларга телим .,PlayMusic,PlayMusic,True,"{'datetime': 'җитмешенче', 'music_item': 'саундтрегын'}","{'music_item': 'җитмешенче еллар саундтрегын', 'service': 'тыңларга'}"
test_313,Ике сәгатьтән соң Үзбәкстанда һава торышы,weather/find,weather/find,True,"{'datetime': 'Ике сәгатьтән соң', 'location': 'Үзбәкстанда'}","{'datetime': 'Ике сәгатьтән соң', 'location': 'Үзбәкстанда'}"
test_314,"Зинһар, миңа Journal of the British Astronomical Association фильмын таб .",SearchCreativeWork,SearchCreativeWork,True,"{'object_name': 'Journal of the British Astronomical Association', 'object_type': 'фильмын'}","{'object_name': 'Journal of the British Astronomical Association', 'object_type': 'фильм'}"
test_315,"Уордвилл-да, Канзас-та 8 кешелек урын броньла",BookRestaurant,BookRestaurant,True,"{'location': 'Канзас-та', 'party_size_number': '8'}","{'location': 'Уордвилл-да, Канзас-та', 'party_size_number': '8 кешелек'}"
test_316,Нинди һава торышы моннан ерак булачак ?,weather/find,weather/find,True,{'location': 'ерак'},"{'condition_description': 'никали', 'location': 'моннан ерак'}"
test_317,Ричард Макнамараның яңа җырын Just Smile плейлистыма өстә,AddToPlaylist,AddToPlaylist,True,"{'artist': 'Ричард Макнамараның', 'music_item': 'җырын', 'playlist': 'Just Smile'}","{'artist': 'Ричард Макнамара', 'music_item': 'җырын', 'playlist': 'Just Smile плейлистыма', 'reference': 'өстә'}"
test_318,монда 1 секундтан соң никадәр салкын булыр,weather/find,weather/find,True,"{'location': 'монда', 'datetime': '1 секундтан соң', 'condition_temperature': 'салкын'}","{'datetime': 'монда', 'condition_temperature': 'салкын', 'weather/temperatureUnit': 'Цельсий градус', 'condition_description': 'никадәр'}"
test_319,With You исемле рәсем эзлә,SearchCreativeWork,SearchCreativeWork,True,"{'object_name': 'With You', 'object_type': 'рәсем'}","{'object_name': 'With You', 'object_type': 'рәсем'}"
test_320,Deadly Weapons иҗади эшен таб,SearchCreativeWork,SearchCreativeWork,True,{'object_name': 'Deadly Weapons'},"{'object_name': 'Deadly Weapons', 'object_type': 'эш'}"
test_321,Ноябрьдә Брукнилда һава торышы нинди булыр ?,weather/find,weather/find,True,"{'datetime': 'Ноябрьдә', 'location': 'Брукнилда'}","{'datetime': 'Ноябрьдә', 'location': 'Брукнилда'}"
test_322,Токмач өчен тавернада өстәл броньла,BookRestaurant,BookRestaurant,True,"{'served_dish': 'Токмач', 'restaurant_type': 'тавернада'}","{'restaurant_type': 'таверна', 'party_size_number': 'таверна өчен тавернада өстәл броньла'}"
test_323,Коста-Рикада нинди һава торышы,weather/find,weather/find,True,{'location': 'Коста - Рикада'},"{'location': 'Коста-Рикада', 'weather/attribute': 'нинди һава торышы'}"
test_324,The Two Gladiators уйнымы,SearchScreeningEvent,PlayMusic,False,{'movie_name': 'The Two Gladiators'},"{'music_item': 'The Two Gladiators уйнымы', 'service': 'Google Music'}"
test_325,Star Theatres-да нинди фильмнар бар .,SearchScreeningEvent,SearchScreeningEvent,True,"{'location': 'Star Theatres-да', 'movie_type': 'фильмнар'}","{'location': 'Star Theatres-да', 'object_type': 'фильмнар'}"
test_326,Зинһар миңа Harry Hood сагасын таба аласызмы ?,SearchCreativeWork,SearchCreativeWork,True,"{'object_name': 'Harry Hood', 'object_type': 'сагасын'}","{'object_name': 'Harry Hood сагасын', 'object_type': 'әсәр'}"
test_327,бу көйне минем Sleepify плейлистыма өстә,AddToPlaylist,AddToPlaylist,True,"{'music_item': 'көйне', 'reference': 'минем', 'playlist': 'Sleepify'}","{'music_item': 'бу көйне', 'playlist': 'Sleepify плейлистыма', 'reference': 'өстә'}"
test_328,Any Which Way You Can 15 секундтан соң уйнаячакмы,SearchScreeningEvent,PlayMusic,False,"{'movie_name': 'Any Which Way You Can', 'datetime': '15 секундтан соң'}","{'music_item': 'Any Which Way You Can', 'datetime': '15 секундтан соң'}"
test_329,E-type музыкасын кабыз .,PlayMusic,PlayMusic,True,{'artist': 'E-type'},"{'genre': 'E-type музыкасын', 'music_item': 'музыкасын'}"
test_330,Хәзерге китапка бер йолдыз куй,RateBook,RateBook,True,"{'object_select': 'Хәзерге', 'object_type': 'китапка', 'rating_value': 'бер'}","{'rating_value': 'бер йолдыз', 'rating_unit': 'йолдыз', 'object_type': 'китапка'}"
test_331,Louis Nelson Delisle-ның Another Passenger уйнат .,PlayMusic,PlayMusic,True,"{'artist': 'Louis Nelson Delisle-ның', 'album': 'Another Passenger'}","{'artist': 'Louis Nelson Delisle-ның', 'music_item': 'Another Passenger'}"
test_332,Кайда мин кино графигын таба алам,SearchScreeningEvent,SearchScreeningEvent,True,{'object_type': 'кино графигын'},{'object_type': 'кино графигын'}
test_333,Эмерадода Сен-Пьер һәм Микелонда 26 сентябрьгә нинди һава торышы,weather/find,weather/find,True,"{'location': 'Сен - Пьер һәм Микелонда', 'datetime': '26 сентябрьгә'}","{'location': 'Эмерадода Сен-Пьер һәм Микелон', 'datetime': '26 сентябрьгә'}"
test_334,Ted Peters Famous Smoked Fish-та Окфилд янында 17 секундтансын ашарга барык,BookRestaurant,SearchCreativeWork,False,"{'restaurant_name': 'Ted Peters Famous Smoked Fish-та', 'location': 'янында', 'datetime': '17 секундтансын'}","{'object_name': 'Ted Peters Famous Smoked Fish-та Окфилд янында 17 секундтансын ашарга барык', 'object_type': 'видео'}"
test_335,миңа Good Morning Sunshine трейлерын таб,SearchCreativeWork,SearchCreativeWork,True,"{'object_name': 'Good Morning Sunshine', 'object_type': 'трейлерын'}","{'object_name': 'Good Morning Sunshine', 'object_type': 'трейлерын'}"
test_336,Мин Нидерланд Антиль утрауларында 3 кешегә сыра ресторанны броньларга телим .,BookRestaurant,BookRestaurant,True,"{'location': 'Нидерланд Антиль утрауларында', 'party_size_number': '3', 'restaurant_type': 'сыра ресторанны'}","{'datetime': '3 кешегә', 'location': 'Нидерланд Антиль утрауларында', 'restaurant_type': 'ресторанны', 'sort': 'броньларга'}"
test_337,бу хәзерге альбомга 0 йолдыз куй,RateBook,RateBook,True,"{'object_select': 'бу хәзерге', 'object_type': 'альбомга', 'rating_value': '0', 'rating_unit': 'йолдыз'}","{'rating_value': '0', 'rating_unit': 'йолдыз', 'object_type': 'альбомга', 'best_rating': 'ин шкаладагы иң югары'}"
test_338,Монакода Yankee Doodle Coffee Ѕһор-та урын алырга теләр идем,BookRestaurant,BookRestaurant,True,"{'location': 'Монакода', 'restaurant_name': 'Yankee Doodle Coffee Ѕһор-та'}","{'location': 'Монакода', 'restaurant_name': 'Yankee Doodle Coffee Ѕһор-та', 'object_type': 'урын'}"
test_339,Political punks плейлистыма башкаручыны өстә.,AddToPlaylist,AddToPlaylist,True,"{'playlist': 'Political punks', 'music_item': 'башкаручыны'}","{'artist': 'башкаручыны', 'music_item': 'артистны', 'playlist': 'Political punks плейлистыма', 'reference': 'өстә'}"
test_340,Дүрт айдан соң Саванида AK-ында салкынрак булырмы,weather/find,weather/find,True,"{'datetime': 'Дүрт айдан соң', 'location': 'AK-ында', 'condition_temperature': 'салкынрак'}","{'datetime': 'Дүрт айдан соң', 'location': 'Саван', 'condition_temperature': 'салкынрак'}"
test_341,минем Crash Course плейлистыма Muzika za decu өстә,AddToPlaylist,AddToPlaylist,True,"{'reference': 'минем', 'playlist': 'Crash Course', 'entity_name': 'Muzika za decu'}","{'artist': 'Muzika za decu', 'music_item': 'өстә', 'playlist': 'минем Crash Course плейлистыма', 'reference': 'плейлистымга'}"
test_342,Molecular Oncology сагасын эзли аласынмы ?,SearchCreativeWork,SearchCreativeWork,True,"{'object_name': 'Molecular Oncology', 'object_type': 'сагасын'}","{'object_name': 'Molecular Oncology', 'object_type': 'сагасын'}"
test_343,Мин алты кешелек ресторанны Вагстаффта AK-да броньларга телим .,BookRestaurant,BookRestaurant,True,"{'party_size_number': 'алты', 'restaurant_type': 'ресторанны', 'location': 'AK-да'}","{'party_size_number': 'алты', 'location': 'Вагстаффта AK-да', 'restaurant_type': 'ресторанны'}"
test_344,Дэвид Линдлиның симфоник музыкасын уйнат .,PlayMusic,PlayMusic,True,"{'artist': 'Дэвид Линдлиның', 'music_item': 'симфоник'}","{'artist': 'Дэвид Линдли', 'genre': 'симфоник музыкасын'}"
test_345,"Зинһар, миңа Now We Are Married телесериалын таб .",SearchCreativeWork,SearchCreativeWork,True,"{'object_name': 'Now We Are Married', 'object_type': 'телесериалын'}","{'object_name': 'Now We Are Married', 'object_type': 'телесериалын'}"
test_346,Мин Outcast-ны карарга телим .,SearchScreeningEvent,PlayMusic,False,{'movie_name': 'Outcast-ны'},"{'music_item': 'Outcast-ны', 'service': 'Google Music'}"
test_347,минем This Is Tchaikovsky плейлистыма хәзерге трекны өстә,AddToPlaylist,AddToPlaylist,True,"{'reference': 'минем', 'playlist': 'This Is Tchaikovsky', 'music_item': 'трекны'}","{'artist': 'This Is Tchaikovsky', 'music_item': 'трекны', 'playlist': 'минем плейлистыма', 'reference': 'өстә'}"
test_348,Lastfm-да This Is: Miles Davis-ны кабыз .,PlayMusic,PlayMusic,True,"{'service': 'Lastfm-да', 'playlist': 'This Is: Miles Davis-ны'}","{'music_item': 'This Is: Miles Davis', 'service': 'Lastfm'}"
test_349,Танзаниядә кабымханәдә 5 кешегә иң яхшы өстәлне броньла,BookRestaurant,BookRestaurant,True,"{'location': 'Танзаниядә', 'restaurant_type': 'кабымханәдә', 'party_size_number': '5', 'sort': 'иң яхшы'}","{'party_size_number': '5 кешегә', 'sort': 'ин яхшы', 'restaurant_type': 'кабымханәдә', 'location': 'Танзаниядә'}"
test_350,Әйдә Vimeo-да яхшы элекке Mohammad Mamle тыңлыйк .,PlayMusic,SearchCreativeWork,False,"{'service': 'Vimeo-да', 'sort': 'элекке', 'artist': 'Mohammad Mamle'}","{'object_name': 'Mohammad Mamle', 'object_type': 'элекке', 'service': 'Vimeo-да'}"
test_351,Vandemataram Srinivas трегын HipHop Hot 50-гә куй.,AddToPlaylist,AddToPlaylist,True,"{'artist': 'Vandemataram Srinivas', 'music_item': 'трегын', 'playlist': 'HipHop Hot 50-гә'}","{'artist': 'Vandemataram Srinivas', 'music_item': 'трегын', 'playlist': 'HipHop Hot 50-гә', 'reference': 'куй'}"
test_352,Миңа Secret South җырын таб .,SearchCreativeWork,PlayMusic,False,"{'object_name': 'Secret South', 'object_type': 'җырын'}","{'music_item': 'Secret South җырын', 'service': 'Google Music'}"
test_353,Zvooq-та туксанынчы еллар җырлары,PlayMusic,PlayMusic,True,"{'service': 'Zvooq-та', 'datetime': 'туксанынчы'}","{'service': 'Zvooq', 'music_item': 'туксанынчы еллар җырлары', 'genre': 'еллар'}"
test_354,кичке биштән башлап Техаста Admire-да һава торышы нинди,weather/find,weather/find,True,"{'datetime': 'кичке биштән', 'location': 'Admire-да'}","{'datetime': 'кичке биштән башлап', 'location': 'Техаста Admire-да', 'weather/attribute': 'һава торышы нинди'}"
test_355,Last FM-да берәр нәрсә уйнат,PlayMusic,PlayMusic,True,{'service': 'Last FM-да'},"{'service': 'Last FM', 'music_item': 'берәр нәрсә'}"
test_356,Мин якындагы кинотеатрда The Portrait of a Lady карарга телим .,SearchScreeningEvent,SearchScreeningEvent,True,"{'location': 'якындагы', 'object_location_type': 'кинотеатрда', 'movie_name': 'The Portrait of a Lady'}","{'movie_name': 'The Portrait of a Lady', 'location': 'якындагы кинотеатрда'}"
test_357,"Зинһар, миңа Phineas Redux таб .",SearchCreativeWork,SearchCreativeWork,True,{'object_name': 'Phineas Redux'},"{'object_name': 'Phineas Redux', 'object_type': 'китап'}"
test_358,Laundry плейлистына 40 cal көйен өстә.,AddToPlaylist,AddToPlaylist,True,"{'playlist': 'Laundry', 'artist': '40 cal', 'music_item': 'көйен'}","{'music_item': '40 cal көйен', 'playlist': 'Laundry плейлистына', 'reference': 'өстә'}"
test_359,Itunes-ны ач һәм Ben Burnley Ready To Die-ны уйнат,PlayMusic,PlayMusic,True,"{'service': 'Itunes-ны', 'artist': 'Ben Burnley', 'album': 'Ready To Die-ны'}","{'service': 'Itunes-ны', 'music_item': 'Ben Burnley Ready To Die-ны', 'artist': 'Ben Burnley'}"
test_360,5-енче декабрьдә Лихул һәйкәле янында нинди һава торышы булачак ?,weather/find,weather/find,True,"{'datetime': '5-енче декабрьдә', 'location': 'Лихул һәйкәле'}","{'datetime': '5-енче декабрьдә', 'location': 'Лихул һәйкәле янында', 'weather/attribute': 'һава торышы'}"
test_361,Якындагы кинотеатрда Sexy Dance 2 расписаниесен күрсәт,SearchScreeningEvent,SearchScreeningEvent,True,"{'location': 'Якындагы', 'object_location_type': 'кинотеатрда', 'movie_name': 'Sexy Dance 2', 'object_type': 'расписаниесен'}","{'movie_name': 'Sexy Dance 2', 'location': 'якындагы кинотеатрда'}"
test_362,Live at the Kings Center дип аталган җырны таб,SearchCreativeWork,SearchCreativeWork,True,"{'object_name': 'Live at the Kings Center', 'object_type': 'җырны'}","{'object_name': 'Live at the Kings Center', 'object_type': 'җырны'}"
test_363,"Тайонкта , Нью-Джерсида нинди һава торышы",weather/find,weather/find,True,{'location': 'Нью - Джерсида'},"{'location': 'Тайонкта , Нью-Джерсида', 'weather/attribute': ' ninди һава торышы'}"
test_364,Мин биш кешелек өстәл Tupelo Honey Cafe-да Нью-Джерсида броньларга телим.,BookRestaurant,BookRestaurant,True,"{'party_size_number': 'биш', 'restaurant_name': 'Tupelo Honey Cafe-да', 'location': 'Нью - Джерсида'}","{'datetime': 'bish кешелек', 'restaurant_name': 'Tupelo Honey Cafe', 'location': 'Нью-Джерсида', 'sort': 'броньларга'}"
test_365,чәй йорта миӊа һәм минем cеңелләремә урын броньла,BookRestaurant,BookRestaurant,True,"{'restaurant_type': 'чәй йорта', 'party_size_description': 'миӊа һәм минем cеңелләремә'}","{'cuisine': 'чәй йорта', 'restaurant_type': 'миӊа һәм минем cеңелләремә', 'sort': 'урын броньлау'}"
test_366,16 февральдә Нидерландта эссе булачакмы ?,weather/find,weather/find,True,"{'datetime': '16 февральдә', 'location': 'Нидерландта', 'condition_temperature': 'эссе'}","{'datetime': '16 февральдә', 'location': 'Нидерландта', 'weather/temperatureUnit': 'esson'}"
test_367,Мин jordan rudess-ны Divertido para niños плейлистына өстәргә телим.,AddToPlaylist,AddToPlaylist,True,"{'artist': 'jordan rudess-ны', 'playlist': 'Divertido para niños'}","{'artist': 'jordan rudess', 'music_item': 'артистны', 'playlist': 'Divertido para niños', 'reference': 'плейлистына'}"
test_368,In the Company of Cheerful Ladies-ка 6-дан нуль куй,RateBook,AddToPlaylist,False,"{'object_name': 'In the Company of Cheerful Ladies-ка', 'best_rating': '6-дан', 'rating_value': 'нуль'}","{'artist': 'In the Company of Cheerful Ladies', 'music_item': '6-дан нуль куй', 'playlist': 'өстәлә торган'}"
test_369,Миңа иң яхшы бистрода өстәл броньла,BookRestaurant,BookRestaurant,True,"{'sort': 'иң яхшы', 'restaurant_type': 'бистрода'}","{'datetime': 'миңа', 'sort': 'иң яхшы бистрода'}"
test_370,Хәзерге дәреслеккә 6-дан 1 куй,RateBook,reminder/set_reminder,False,"{'object_select': 'Хәзерге', 'object_type': 'дәреслеккә', 'best_rating': '6-дан', 'rating_value': '1'}","{'datetime': 'хәзерге', 'recurring_datetime': '6-дан 1 куй', 'reminder/todo': 'дәреслеккә'}"
test_371,кино вакытлары кайчан,SearchScreeningEvent,SearchScreeningEvent,True,{'object_type': 'кино вакытлары'},{'datetime': 'кино вакытлары'}
test_372,Огайода нинди hава торышы булачак ?,weather/find,weather/find,True,{'location': 'Огайода'},"{'condition_description': 'Огайода нинди', 'datetime': 'булачак'}"
test_373,Бу артистны Showstopper Being Mary Jane плейлистына өстә,AddToPlaylist,AddToPlaylist,True,"{'music_item': 'артистны', 'playlist': 'Showstopper Being Mary Jane'}","{'artist': 'бу артистны', 'music_item': 'артистны', 'playlist': 'Showstopper Being Mary Jane', 'reference': 'плейлистына'}"
test_374,Балаларыма һәм миңа броньла,BookRestaurant,BookRestaurant,True,{'party_size_description': 'Балаларыма һәм миңа'},{'party_size_description': 'Балаларыма һәм миңа'}
test_375,2035 елның 21 августында Сарыкамыш тыюлыгыда нинди һава торышы булачак ?,weather/find,weather/find,True,"{'datetime': '2035 елның 21 августында', 'location': 'Сарыкамыш тыюлыгыда'}","{'datetime': '2035 елның 21 августында', 'location': 'Сарыкамыш тыюлыгыда', 'weather/attribute': 'нинди һава торышы'}"
test_376,Руфь китапка 6-дан биш балл бир .,RateBook,RateBook,True,"{'object_name': 'Руфь китапка', 'best_rating': '6-дан', 'rating_value': 'биш', 'rating_unit': 'балл'}","{'object_name': 'Руфь', 'object_type': 'китап', 'rating_value': '6-дан биш', 'rating_unit': 'балл'}"
test_377,Reminiscences of the Anti-Japanese Guerillas хроникасы 6-дан ноль балл рейтинг лаек.,RateBook,RateBook,True,"{'object_name': 'Reminiscences of the Anti-Japanese Guerillas', 'object_part_of_series_type': 'хроникасы', 'best_rating': '6-дан', 'rating_value': 'ноль', 'rating_unit': 'балл'}","{'object_name': 'Reminiscences of the Anti-Japanese Guerillas хроникасы', 'rating_value': '6', 'rating_unit': 'балл', 'best_rating': 'ноль'}"
test_378,Миңа Көньяк Театрларындагы кино графикларын күрсәт,SearchScreeningEvent,SearchScreeningEvent,True,"{'location': 'Көньяк Театрларындагы', 'object_type': 'кино графикларын'}","{'location': 'Көньяк Театрларында', 'object_location_type': 'кино'}"
test_379,Якындагы кинотеатрда кино графикларын таб,SearchScreeningEvent,SearchScreeningEvent,True,"{'location': 'Якындагы кинотеатрда', 'object_type': 'кино графикларын'}",{'location': 'якындагы кинотеатрда'}
test_380,Бу альбом Испан ритмнар плейлистына өстә,AddToPlaylist,AddToPlaylist,True,"{'music_item': 'альбом', 'playlist': 'Испан ритмнар'}","{'music_item': 'бу альбом', 'playlist': 'Испан ритмнар плейлистына', 'reference': 'өстә'}"
test_381,6 кешегә креол тавернасында Черногориядә броньла,BookRestaurant,BookRestaurant,True,"{'party_size_number': '6', 'cuisine': 'креол', 'restaurant_type': 'тавернасында', 'location': 'Черногориядә'}","{'datetime': '6 кешегә', 'restaurant_name': 'Креол тавернасында', 'location': 'Черногориядә', 'restaurant_type': 'ресторан'}"
test_382,Cathedral сериясенә дүрт йолдыз бир .,RateBook,RateBook,True,"{'object_name': 'Cathedral', 'object_part_of_series_type': 'сериясенә', 'rating_value': 'дүрт', 'rating_unit': 'йолдыз'}","{'rating_value': '4', 'object_name': 'Cathedral', 'object_part_of_series_type': 'сериясенә', 'rating_unit': 'йолдыз'}"
test_383,The Famous Flower of Serving-Men минем кичке акустика плейлистымна өстә.,AddToPlaylist,AddToPlaylist,True,"{'entity_name': 'The Famous Flower of Serving-Men', 'reference': 'минем', 'playlist': 'кичке акустика'}","{'music_item': 'акустика', 'artist': 'минем', 'playlist': 'плейлистымна', 'reference': 'өстә'}"
test_384,Миңа ArcLight Hollywood кинотеатырында анимацион фильмнарга гына расписаниесене күрсәт,SearchScreeningEvent,SearchScreeningEvent,True,"{'location': 'ArcLight Hollywood кинотеатырында', 'movie_type': 'анимацион фильмнарга', 'object_type': 'расписаниесене'}","{'datetime': 'миңа', 'object_type': 'анимацион фильмнарга', 'object_location_type': 'кинотеатырda', 'location': 'ArcLight Hollywood'}"
test_385,"Зинһар, Йолдызлы төн рәсемне таб .",SearchCreativeWork,SearchCreativeWork,True,"{'object_name': 'Йолдызлы төн', 'object_type': 'рәсемне'}","{'object_type': 'рәсем', 'object_name': 'Зинһар, Йолдызлы төн'}"
test_386,Бу урында 15:19:29 дымлылык нинди булачак ?,weather/find,weather/find,True,"{'location': 'Бу урында', 'datetime': '15:19:29', 'condition_description': 'дымлылык'}","{'datetime': '15:19:29', 'weather/attribute': 'дымлылык'}"
test_387,мин JLA Adventures: Trapped In Time-ны карарга телим,SearchScreeningEvent,SearchCreativeWork,False,{'movie_name': 'JLA Adventures: Trapped In Time-ны'},"{'object_name': 'JLA Adventures: Trapped In Time', 'object_type': 'фильм'}"
test_388,This Is Johnny Cash-ка дерек уоткинсныӊ көйен өстә,AddToPlaylist,AddToPlaylist,True,"{'playlist': 'This Is Johnny Cash-ка', 'artist': 'дерек уоткинсныӊ', 'music_item': 'көйен'}","{'artist': 'Johnny Cash', 'music_item': 'дерек уоткинсны', 'playlist': 'This Is Johnny Cash'}"
test_389,Fire in the Hole дип аталган иҗади эш таб,SearchCreativeWork,SearchCreativeWork,True,{'object_name': 'Fire in the Hole'},"{'object_name': 'Fire in the Hole', 'object_type': 'инжади эш'}"
test_390,пэтныӊ колледж янында өстәлне броньла,BookRestaurant,BookRestaurant,True,{'location': 'янында'},"{'restaurant_type': 'пэтныӊ колледж янында', 'sort': 'өстәлне'}"
test_391,Patrick Still Lives AMC кинотеатрларында барамы,SearchScreeningEvent,SearchScreeningEvent,True,"{'movie_name': 'Patrick Still Lives', 'location': 'AMC кинотеатрларында'}","{'movie_name': 'Patrick Still Lives', 'object_location_type': 'AMC кинотеатрларында', 'object_type': 'барамы'}"
test_392,Мин спа массажын броньларга телим .,BookRestaurant,BookRestaurant,True,"{'facility': 'спа', 'restaurant_type': 'массажын'}",{'sort': 'спа массажын броньларга'}
test_393,14 сәгатьтән соң берәр җирдә Кварривиллда өстәл кирәк,BookRestaurant,AddToPlaylist,False,"{'datetime': '14 сәгатьтән соң', 'location': 'Кварривиллда'}","{'datetime': '14 сәгатьтән соң', 'music_item': 'берәр җирдә', 'playlist': 'Кварривилл', 'reference': 'өстәл кирәк'}"
test_394,Гари Ли Коннерны уйнат,PlayMusic,PlayMusic,True,{'artist': 'Гари Ли Коннерны'},{'artist': 'Гари Ли Коннер'}
test_395,иң якын кинотеатрны кайда Boycott-ны күрсәтәләр күрсәт,SearchScreeningEvent,SearchScreeningEvent,True,"{'location': 'иң якын', 'object_location_type': 'кинотеатрны', 'movie_name': 'Boycott-ны'}","{'movie_name': 'Boycott-ны', 'location': 'иң якын кинотеатрны', 'object_location_type': 'кинотеатрда'}"
test_396,"Зинһар, минем ecstatic плейлистны кабыз.",PlayMusic,AddToPlaylist,False,{'playlist': 'ecstatic'},"{'artist': 'Зинһар', 'music_item': 'плейлистны', 'playlist': 'ecstatic', 'reference': 'кабыз'}"
test_397,"Зинһар, The Mad Magician җырын таб .",SearchCreativeWork,PlayMusic,False,"{'object_name': 'The Mad Magician', 'object_type': 'җырын'}",{'music_item': 'The Mad Magician җырын'}
test_398,Bow Tie Cinemas-ның расписаниесен тикшер .,SearchScreeningEvent,SearchScreeningEvent,True,"{'location': 'Bow Tie Cinemas-ның', 'object_type': 'расписаниесен'}","{'object_location_type': 'Bow Tie Cinemas-ның', 'object_type': 'расписаниесен'}"
test_399,Миңа Төньяк Мариан утрауларындагы пабта кичәгә 3 кешелек өстәл броньла,BookRestaurant,BookRestaurant,True,"{'location': 'Төньяк Мариан утрауларындагы', 'restaurant_type': 'пабта', 'party_size_number': '3'}","{'datetime': 'миңа', 'restaurant_type': 'пабта', 'party_size_number': '3 кешелек', 'cuisine': 'төньяк'}"
test_400,Миңа Infinite Indie Folk исемлеккә Rahim Shah-ның әсәрләрен өстәргә кирәк,AddToPlaylist,AddToPlaylist,True,"{'playlist': 'Infinite Indie Folk', 'artist': 'Rahim Shah-ның'}","{'artist': 'Rahim Shah-ның', 'entity_name': 'Infinite Indie Folk исемлеккә', 'music_item': 'әсәрләрен', 'reference': 'өстәргә кирәк'}"
test_401,Минем Te quiero плейлистыма Кече Джерри Каллистны өстә.,AddToPlaylist,AddToPlaylist,True,"{'reference': 'Минем', 'playlist': 'Te quiero', 'artist': 'Кече Джерри Каллистны'}","{'artist': 'Кече Джерри Каллист', 'music_item': 'Te quiero', 'playlist': 'Те quiero плейлистыма', 'reference': 'өстә'}"
test_402,Юта янында төнге 3 сәгать тирәсендә никадәр салкынрак булачак ?,weather/find,weather/find,True,"{'location': 'янында', 'datetime': 'төнге 3 сәгать', 'condition_temperature': 'салкынрак'}","{'location': 'Юта янында', 'datetime': '3 сәгать тирәсендә', 'weather/attribute': 'салкынрак'}"
test_403,Альбомны Hipster Soul плейлистына өстә.,AddToPlaylist,AddToPlaylist,True,"{'music_item': 'Альбомны', 'playlist': 'Hipster Soul'}","{'music_item': 'альбомны', 'playlist': 'Hipster Soul плейлистына', 'reference': 'өстә'}"
test_404,"Мин унөч сәгатьтән соң деликатес ресторанында ашарга телим, анда көнчыгыш европа ризыклары сатыла",BookRestaurant,BookRestaurant,True,"{'datetime': 'унөч сәгатьтән соң', 'restaurant_type': 'деликатес ресторанында', 'cuisine': 'көнчыгыш европа'}","{'datetime': 'унөч сәгатьтән соң', 'restaurant_type': 'деликатес ресторанында', 'cuisine': 'europа ризыклары', 'sort': 'көнчыгыш'}"
test_405,алтмышынчы еллар саундтрегын кабыз,PlayMusic,PlayMusic,True,"{'datetime': 'алтмышынчы еллар', 'music_item': 'саундтрегын'}","{'music_item': 'алтмышынчы еллар саундтрегын', 'service': 'кабыз'}"
test_406,Бу альбомга бер йолдыз бир,RateBook,RateBook,True,"{'object_select': 'Бу', 'object_type': 'альбомга', 'rating_value': 'бер', 'rating_unit': 'йолдыз'}","{'rating_value': 'бер', 'rating_unit': 'йолдыз', 'object_type': 'альбомга'}"
test_407,Bryan Macleanның иң олуг музыкасын кабыз .,PlayMusic,PlayMusic,True,"{'artist': 'Bryan Macleanның', 'sort': 'иң олуг'}","{'artist': 'Bryan Macleanның', 'music_item': 'иң олуг музыкасын'}"
test_408,Nicodemus-та һәм аның тирәсендәге һава торышы нинди,weather/find,weather/find,True,{'location': 'аның тирәсендәге'},"{'location': 'Nicodemus-та һәм аның тирәсендә', 'datetime': 'һәрчө'}"
test_409,Phinally Phamous дип аталган уен эзлә,SearchCreativeWork,SearchCreativeWork,True,"{'object_name': 'Phinally Phamous', 'object_type': 'уен'}","{'object_name': 'Phinally Phamous', 'object_type': 'уен'}"
test_410,Juneteenth-га 2 балл куй .,RateBook,alarm/set_alarm,False,"{'object_name': 'Juneteenth-га', 'rating_value': '2'}","{'datetime': 'Juneteenth-га', 'party_size_number': '2 балл', 'reference': 'куй'}"
test_411,Rhialto the Marvellous-га нуль йолдыз бир,RateBook,RateBook,True,"{'object_name': 'Rhialto the Marvellous-га', 'rating_value': 'нуль', 'rating_unit': 'йолдыз'}","{'object_name': 'Rhialto the Marvellous', 'rating_value': 'нуль', 'rating_unit': 'йолдыз'}"
test_412,Мин Хелена Ирен Михаэльсенның Youtube-та саундтрегын ишетергә телим,PlayMusic,PlayMusic,True,"{'artist': 'Мин Хелена Ирен', 'service': 'Youtube-та', 'music_item': 'саундтрегын'}","{'music_item': 'Хелена Ирен Михаэльсенның саундтрегы', 'service': 'Youtube'}"
test_413,5 кешегә 20/01/2023 MH-да өстәл броньла,BookRestaurant,BookRestaurant,True,"{'party_size_number': '5', 'datetime': '20/01/2023', 'location': 'MH-да'}","{'datetime': '20/01/2023', 'party_size_number': '5', 'location': 'MH-да'}"
test_414,якындагы анимация фильмнары сессияләре расписаниесе,SearchScreeningEvent,SearchScreeningEvent,True,"{'location': 'якындагы', 'movie_type': 'анимация фильмнары', 'object_type': 'сессияләре расписаниесе'}","{'object_type': 'анимация фильмнары', 'object_location_type': 'якындагы кинотеатрларда', 'object_location': 'якындагы'}"
test_415,Минем This Is Shakira плейлистымна jack white-ны өстә,AddToPlaylist,AddToPlaylist,True,"{'reference': 'Минем', 'playlist': 'This Is Shakira', 'artist': 'jack white-ны'}","{'artist': 'jack white', 'music_item': 'артистны', 'playlist': 'This Is Shakira', 'reference': 'плейлистымна'}"
test_416,Мин Шри-Ланкада биш кешегә ресторан броньларга телим .,BookRestaurant,BookRestaurant,True,"{'location': 'Шри-Ланкада', 'party_size_number': 'биш', 'restaurant_type': 'ресторан'}","{'datetime': 'Шри-Ланка', 'party_size_number': 'биш', 'sort': 'ресторан броньларга'}"
test_417,"Зинһар, Episodi di The Blacklist телевизион тапшыруын таб .",SearchCreativeWork,SearchScreeningEvent,False,"{'object_name': 'Episodi di The Blacklist', 'object_type': 'телевизион тапшыруын'}","{'object_name': 'Episodi di The Blacklist', 'object_type': 'телевизион тапшыруын'}"
test_418,монда Law Day-нән башлап салкын һава торышы нинди,weather/find,weather/find,True,"{'location': 'монда', 'datetime': 'Law Day-нән', 'condition_temperature': 'салкын'}","{'datetime': 'Law Day-нән башлап салкын', 'condition_temperature': 'һава торышы нинди'}"
test_419,Мин ун кешелек өстәленә ресторанда заказ бирергә телим.,BookRestaurant,BookRestaurant,True,"{'party_size_number': 'ун', 'restaurant_type': 'ресторанда'}",{'party_size_number': 'ун кешелек'}
test_420,Җитмешенче еллардагы Дюк Эллингтоннан берәр нәрсә уйна,PlayMusic,PlayMusic,True,"{'datetime': 'Җитмешенче', 'artist': 'Дюк Эллингтоннан'}","{'artist': 'Дюк Эллингтоннан', 'sort': 'Җитмешенче еллардагы'}"
test_421,Cotton Comes to Harlem-ны 2-гә бәялә,RateBook,RateBook,True,"{'object_name': 'Cotton Comes to Harlem-ны', 'rating_value': '2-гә'}","{'object_name': 'Cotton Comes to Harlem', 'object_type': 'китап', 'object_part_of_series_type': 'том', 'object_select': '2-гә', 'rating_unit': 'бала', 'rating_value': 'бәялә'}"
test_422,Җырны минем madden nfl 16 плейлистымна өстә,AddToPlaylist,AddToPlaylist,True,"{'reference': 'минем', 'playlist': 'madden nfl 16', 'music_item': 'плейлистымна'}","{'music_item': 'madden nfl 16', 'playlist': 'плейлистымна', 'entity_name': 'жырны'}"
test_423,Toyan-ны минем Epic Gaming плейлистымна өстә.,AddToPlaylist,AddToPlaylist,True,"{'artist': 'Toyan-ны', 'reference': 'минем', 'playlist': 'Epic Gaming'}","{'artist': 'Toyan', 'music_item': 'артистны', 'playlist': 'Epic Gaming', 'reference': 'плейлистымна'}"
test_424,Slacker-да ниндидер яңа Les Vandyke уйнат,PlayMusic,PlayMusic,True,"{'service': 'Slacker-да', 'sort': 'яңа', 'artist': 'Les Vandyke'}","{'music_item': 'Les Vandyke', 'service': 'Slacker'}"
test_425,Three Junes-га 6-дан берге бәялә,RateBook,RateBook,True,"{'object_name': 'Three Junes-га', 'best_rating': '6-дан', 'rating_value': 'берге'}","{'object_name': 'Three Junes', 'rating_value': '6-дан берге', 'object_type': 'китап'}"
test_426,Nunez пекарнясында тугыз кешегә өстәл заказ ит,BookRestaurant,BookRestaurant,True,"{'location': 'Nunez', 'restaurant_type': 'пекарнясында', 'party_size_number': 'тугыз'}","{'restaurant_name': 'Nunez пекарнясы', 'party_size_number': 'тугыз кешегә'}"
test_427,Бу агымдагы романны 6-дан икеге бәялә .,RateBook,RateBook,True,"{'object_select': 'Бу агымдагы', 'object_type': 'романны', 'best_rating': '6-дан', 'rating_value': 'икеге'}","{'object_name': 'Бу агымдагы роман', 'rating_value': '6', 'rating_unit': 'балл', 'object_select': 'дан икеге'}"
test_428,Ронни Вудның The Happy Blues-ны уйнат .,PlayMusic,PlayMusic,True,"{'artist': 'Ронни Вудның', 'album': 'The Happy Blues-ны'}","{'artist': 'Ронни Вуд', 'music_item': 'The Happy Blues-ны'}"
test_429,2013 елгы симфонияне уйнат .,PlayMusic,PlayMusic,True,"{'datetime': '2013 елгы', 'music_item': 'симфонияне'}","{'music_item': '2013 елгы симфонияне', 'genre': 'симфония'}"
test_430,Jennifer Paull-ның Subconscious Lobotomy-ны уйнат .,PlayMusic,PlayMusic,True,"{'artist': 'Jennifer Paull-ның', 'album': 'Subconscious Lobotomy-ны'}","{'artist': 'Jennifer Paull', 'music_item': 'Subconscious Lobotomy-ны'}"
test_431,The Crystal Snare-га 5 йолдыз бир,RateBook,RateBook,True,"{'object_name': 'The Crystal Snare-га', 'rating_value': '5', 'rating_unit': 'йолдыз'}","{'rating_value': '5', 'rating_unit': 'йолдыз', 'object_name': 'The Crystal Snare'}"
test_432,Бу дәреслеккә нуль йолдыз куй,RateBook,RateBook,True,"{'object_select': 'Бу', 'object_type': 'дәреслеккә', 'rating_value': 'нуль', 'rating_unit': 'йолдыз'}","{'rating_value': 'нуль', 'rating_unit': 'йолдыз', 'object_type': 'дәреслеккә'}"
test_433,Агымдагы серияне 4 баллга бәялә,RateBook,RateBook,True,"{'object_select': 'Агымдагы', 'object_part_of_series_type': 'серияне', 'rating_value': '4', 'rating_unit': 'баллга'}","{'rating_value': '4', 'object_type': 'серияне', 'rating_unit': 'балл'}"
test_434,Мин Urbank California-да James D. Conrey House-да өстәл телим,BookRestaurant,AddToPlaylist,False,"{'location': 'California-да', 'restaurant_name': 'James D. Conrey House-да'}","{'artist': 'James D. Conrey House', 'music_item': 'өстәл', 'playlist': 'Urbank California-да', 'reference': 'плейлистымга'}"
test_435,Babar: King of the Elephants уйнымы,SearchScreeningEvent,SearchCreativeWork,False,{'movie_name': 'Babar: King of the Elephants'},"{'object_name': 'Babar: King of the Elephants', 'object_type': 'унымы'}"
test_436,this is racionais mc's-га җырны өстә,AddToPlaylist,AddToPlaylist,True,"{'playlist': ""this is racionais mc's-га"", 'music_item': 'җырны'}","{'artist': ""racionais mc's"", 'music_item': 'җырны', 'playlist': 'плейлистым', 'reference': 'өстә'}"
test_437,Хәзерге эссега 6-дан нуль йолдыз куй,RateBook,RateBook,True,"{'object_select': 'Хәзерге', 'object_type': 'эссега', 'best_rating': '6-дан', 'rating_value': 'нуль', 'rating_unit': 'йолдыз'}","{'rating_value': '6', 'rating_unit': 'йолдыз', 'object_type': 'эссеге', 'best_rating': 'нуль'}"
test_438,Әйдә Эндрю Хьюиттан берәр нәрсә тыңлыйк .,PlayMusic,PlayMusic,True,{'artist': 'Эндрю Хьюиттан'},"{'artist': 'Әйдә Эндрю Хьюиттан', 'music_item': 'берәр нәрсә тыңлыйк'}"
test_439,Якында анимация фильмнарын таб,SearchScreeningEvent,SearchCreativeWork,False,"{'location': 'Якында', 'movie_type': 'анимация фильмнарын'}",{'object_type': 'анимация фильмнарын'}
test_440,хәзерге хроникага 6-дан биш балл бир,RateBook,RateBook,True,"{'object_select': 'хәзерге', 'object_part_of_series_type': 'хроникага', 'best_rating': '6-дан', 'rating_value': 'биш', 'rating_unit': 'балл'}","{'rating_value': '6-дан биш', 'object_type': 'хроникага', 'rating_unit': 'балл'}"
test_441,Миңа Settha Palace Hotel-да Saint Helena-да 4 кешелек өстәл кирәк,BookRestaurant,BookRestaurant,True,"{'restaurant_name': 'Settha Palace Hotel-да', 'location': 'Saint Helena-да', 'party_size_number': '4 кешелек'}","{'datetime': 'миңа', 'party_size_number': '4 кеше', 'restaurant_name': 'Settha Palace Hotel', 'location': 'Saint Helena'}"
test_442,Изге Патрик көнендә Вирджинияда һава торышы нинди булыр ?,weather/find,weather/find,True,"{'datetime': 'Изге Патрик көнендә', 'location': 'Вирджинияда'}","{'datetime': 'Изге Патрик көнендә', 'location': 'Вирджинияда', 'weather/attribute': 'һава торышы нинди'}"
test_443,Миңа Speakeasy Theaters киноның вакыт исемлеге кирәк,SearchScreeningEvent,SearchScreeningEvent,True,"{'location': 'Speakeasy Theaters', 'object_type': 'киноның вакыт'}","{'object_type': 'вакыт исемлеге', 'object_location_type': 'кино', 'location': 'Speakeasy Theaters', 'datetime': 'миңа'}"
test_444,Meet the Prince телевизион тапшыруын эзлә,SearchCreativeWork,SearchCreativeWork,True,"{'object_name': 'Meet the Prince', 'object_type': 'телевизион тапшыруын'}","{'object_name': 'Meet the Prince', 'object_type': 'телевизион тапшыруы'}"
test_445,"Зинһар, миңа Compulsive Disclosure җырын бир .",SearchCreativeWork,PlayMusic,False,"{'object_name': 'Compulsive Disclosure', 'object_type': 'җырын'}","{'music_item': 'Compulsive Disclosure җырын', 'service': 'Google Music'}"
test_446,Zvooq-та Trance Life-ны уйнат .,PlayMusic,PlayMusic,True,"{'service': 'Zvooq-та', 'playlist': 'Trance Life-ны'}","{'service': 'Zvooq', 'genre': 'Trance Life', 'music_item': 'жанрны'}"
test_447,"Зинһар, миңа Serious Awesomeness ! эшен таб.",SearchCreativeWork,SearchCreativeWork,True,{'object_name': 'Serious Awesomeness'},"{'object_name': 'Serious Awesomeness !', 'object_type': 'фильм'}"
test_448,мин кинотеатрда I Dream of Jeanie-ны карарга телим,SearchScreeningEvent,SearchScreeningEvent,True,"{'object_location_type': 'кинотеатрда', 'movie_name': 'I Dream of Jeanie-ны'}","{'movie_name': 'I Dream of Jeanie-ны', 'object_type': 'кинотеатрда'}"
test_449,Пол Маккартни уйнат,PlayMusic,PlayMusic,True,{'artist': 'Пол Маккартни'},"{'artist': 'Пол Маккартни', 'music_item': 'музыкаль объект төре'}"
test_450,Хәзерге романны 3 йолдызга бәялә,RateBook,RateBook,True,"{'object_select': 'Хәзерге', 'object_type': 'романны', 'rating_value': '3', 'rating_unit': 'йолдызга'}","{'rating_value': '3', 'rating_unit': 'йолдыз', 'object_type': 'романны'}"
test_451,Paris - When It Sizzles китабын таба аласызмы ?,SearchCreativeWork,SearchCreativeWork,True,"{'object_name': 'Paris - When It Sizzles', 'object_type': 'китабын'}","{'object_name': 'Paris - When It Sizzles', 'object_type': 'китабын'}"
test_452,Филипп Киркоровның җитмешенче еллар пьесасын уйнат,PlayMusic,PlayMusic,True,"{'artist': 'Филипп Киркоровның', 'datetime': 'җитмешенче'}","{'artist': 'Филипп Киркоров', 'music_item': 'җитмешенче еллар пьесасын'}"
test_453,Киләсе елда мин Пенни янындагы bougatsa ресторанын өч кешегә броньларга телим.,BookRestaurant,BookRestaurant,True,"{'datetime': 'Киләсе елда', 'location': 'янындагы', 'cuisine': 'bougatsa', 'restaurant_type': 'ресторанын', 'party_size_number': 'өч'}","{'location': 'Пенни янындагы', 'cuisine': 'bougatsa', 'party_size_number': 'өч', 'datetime': 'өч кешегә'}"
test_454,Тенинода яңгырлар булырмы ?,weather/find,weather/find,True,"{'location': 'Тенинода', 'condition_description': 'яңгырлар'}","{'condition_description': 'яңгырлар', 'datetime': 'тенинода'}"
test_455,"Зинһар, Three Essays on the Theory of Sexuality шоусын эзлә .",SearchCreativeWork,SearchCreativeWork,True,"{'object_name': 'Three Essays on the Theory of Sexuality', 'object_type': 'шоусын'}","{'object_name': 'Three Essays on the Theory of Sexuality шоусын', 'object_type': 'фильмнары'}"
test_456,Мин Рамонда ашарга телим,BookRestaurant,PlayMusic,False,{'location': 'Рамонда'},{'music_item': 'Рамонда ашарга'}
test_457,Emo Forever плейлистына boy george трегын өстә.,AddToPlaylist,AddToPlaylist,True,"{'playlist': 'Emo Forever', 'artist': 'boy george', 'music_item': 'трегын'}","{'music_item': 'boy george трегын', 'playlist': 'Emo Forever плейлистына', 'artist': 'boy george'}"
test_458,Vimy Ridge-да стейк-хаус заказ итәргә телим .,BookRestaurant,BookRestaurant,True,"{'location': 'Vimy Ridge-да', 'restaurant_type': 'стейк-хаус'}","{'restaurant_type': 'стейк-хаус', 'location': 'Vimy Ridge-да'}"
test_459,Without Witness егерме ике  сәгатьтән соң уйнаячакмы,SearchScreeningEvent,PlayMusic,False,"{'movie_name': 'Without Witness', 'datetime': 'егерме ике сәгатьтән соң'}","{'music_item': 'Without Witness', 'datetime': 'егерме ике сәгатьтән соң'}"
test_460,9 кешегә урын броньла,BookRestaurant,BookRestaurant,True,{'party_size_number': '9'},"{'datetime': '9 кешегә', 'party_size_number': 'урын'}"
test_461,бу трекны минем Hands Up плейлистына өстә,AddToPlaylist,AddToPlaylist,True,"{'music_item': 'трекны', 'reference': 'минем', 'playlist': 'Hands Up'}","{'music_item': 'трекны', 'playlist': 'минем Hands Up плейлистына', 'reference': 'өстә'}"
test_462,90s Pop Rock Essentials-тан берәр нәрсә уйнат,PlayMusic,PlayMusic,True,{'playlist': '90s Pop Rock Essentials-тан'},"{'playlist': '90s Pop Rock Essentials-тан', 'music_item': 'берәр нәрсә'}"
test_463,Син миңа Blue Spring трейлерын таба аласыңмы ?,SearchCreativeWork,SearchCreativeWork,True,"{'object_name': 'Blue Spring', 'object_type': 'трейлерын'}","{'object_name': 'Blue Spring', 'object_type': 'трейлерын'}"
test_464,36 Children-га 6-дан ике йолдыз куй,RateBook,RateBook,True,"{'object_name': '36 Children-га', 'best_rating': '6-дан', 'rating_value': 'ике', 'rating_unit': 'йолдыз'}","{'rating_value': '6', 'rating_unit': 'йолдыз', 'object_name': '36 Children-га', 'best_rating': 'ике'}"
test_465,Мин MJR театрында анимацион фильмнарны телим,SearchScreeningEvent,SearchScreeningEvent,True,"{'location': 'MJR театрында', 'movie_type': 'анимацион фильмнарны'}","{'object_type': 'анимацион фильмнарны', 'object_location_type': 'театрында', 'location': 'MJR'}"
test_466,Sexy as Folk плейлистына башкаручы mike-ны өстә.,AddToPlaylist,AddToPlaylist,True,"{'playlist': 'Sexy as Folk', 'music_item': 'башкаручы', 'artist': 'mike-ны'}","{'artist': 'mike', 'music_item': 'башкаручы', 'playlist': 'Sexy as Folk плейлистына'}"
test_467,минем this is al green плейлистына Highway Patrolman өстә,AddToPlaylist,AddToPlaylist,True,"{'reference': 'минем', 'playlist': 'this is al green', 'entity_name': 'Highway Patrolman'}","{'artist': 'this is al green', 'music_item': 'Highway Patrolman', 'playlist': 'минем плейлистына', 'reference': 'өстә'}"
test_468,Миңа To Lose My Life исемле романны таб …,SearchCreativeWork,SearchCreativeWork,True,"{'object_name': 'To Lose My Life', 'object_type': 'романны'}","{'object_name': 'To Lose My Life исемле романны', 'object_type': 'китап'}"
test_469,бу альбомны 5-кә бәялә,RateBook,RateBook,True,"{'object_select': 'бу', 'object_type': 'альбомны', 'rating_value': '5-кә'}","{'rating_value': '5', 'object_type': 'альбомны', 'rating_unit': 'бала'}"
test_470,Төшке ашта якындагы кинотеатрда Rare Birds күрсәтеләчәк .,SearchScreeningEvent,SearchScreeningEvent,True,"{'datetime': 'Төшке ашта', 'location': 'якындагы', 'object_location_type': 'кинотеатрда', 'movie_name': 'Rare Birds'}","{'movie_name': 'Rare Birds', 'object_type': 'кинотеатрда', 'object_location_type': 'төшке ашта якындагы'}"
test_471,The 8-Week Cholesterol Cure-га 6-дан өчкә бәялә .,RateBook,RateBook,True,"{'object_name': 'The 8-Week Cholesterol Cure-га', 'best_rating': '6-дан', 'rating_value': 'өчкә'}","{'object_name': 'The 8-Week Cholesterol Cure', 'rating_value': '6', 'best_rating': 'дан өчкә', 'object_type': 'китап', 'rating_unit': 'балл'}"
test_472,Martin barre-ны минем punk unplugged плейлистыма өстә.,AddToPlaylist,AddToPlaylist,True,"{'artist': 'Martin barre-ны', 'reference': 'минем', 'playlist': 'punk unplugged'}","{'artist': 'Martin barre', 'music_item': 'артистны', 'playlist': 'punk unplugged плейлистыма', 'reference': 'өстә'}"
test_473,хәзерге романны 6-дан нульгә бәялә,RateBook,RateBook,True,"{'object_select': 'хәзерге', 'object_type': 'романны', 'best_rating': '6-дан', 'rating_value': 'нульгә'}","{'rating_value': '6', 'object_type': 'романны', 'rating_unit': 'бәялә', 'best_rating': 'нульгә'}"
test_474,Минем кинотеатрда The Young Swordsman нинди вакытта барачак ?,SearchScreeningEvent,SearchScreeningEvent,True,"{'object_location_type': 'кинотеатрда', 'movie_name': 'The Young Swordsman', 'object_type': 'вакытта'}","{'movie_name': 'The Young Swordsman', 'object_type': 'кинотеатрда', 'datetime': 'минем'}"
test_475,Тирә-юньдә нинди фильмнар күрсәтеләр,SearchScreeningEvent,SearchScreeningEvent,True,"{'location': 'Тирә-юньдә', 'movie_type': 'фильмнар'}","{'location': 'Тирә-юньдә', 'object_type': 'фильмнар'}"
test_476,Мин North City-дәге Oregon Electric Station броньларга телим .,BookRestaurant,BookRestaurant,True,"{'location': 'North City-дәге', 'restaurant_name': 'Oregon Electric Station'}",{'location': 'North City-дәге Oregon Electric Station'}
test_477,монда төнге сәгать икедә һава торышы нинди,weather/find,weather/find,True,"{'location': 'монда', 'datetime': 'төнге сәгать икедә'}","{'datetime': 'төнге сәгать икедә', 'location': 'монда'}"
test_478,Wanda Group-ның фильм кестесін таб .,SearchScreeningEvent,SearchCreativeWork,False,"{'location': 'Wanda Group-ның', 'object_type': 'фильм кестесін'}","{'object_name': 'Wanda Group-ның', 'object_type': 'фильм кестесін'}"
test_479,Самоада Ваурикада нинди һава торышы,weather/find,weather/find,True,{'location': 'Ваурикада'},"{'location': 'Самоада Ваурика', 'datetime': 'самоада'}"
test_480,Тирә-яктагы фильмнар расписаниесен күрсәт,SearchScreeningEvent,SearchScreeningEvent,True,"{'location': 'Тирә-яктагы', 'object_type': 'фильмнар расписаниесен'}","{'object_type': 'фильмнар расписаниесен', 'location': 'тирә-яктагы'}"
test_481,Blues britânico уйнат .,PlayMusic,PlayMusic,True,{'genre': 'Blues britânico'},"{'genre': 'Blues', 'music_item': 'уйнат', 'artist': 'britânico'}"
test_482,AMC Theaters-да No Time to Be Young күрсәтеләме,SearchScreeningEvent,SearchScreeningEvent,True,"{'location': 'AMC Theaters-да', 'movie_name': 'No Time to Be Young'}","{'movie_name': 'No Time to Be Young', 'location': 'AMC Theaters-да'}"
test_483,"Зинһар, миңа Монти Пайтон Голливудта эзлә һәм таб .",SearchCreativeWork,SearchCreativeWork,True,{'object_name': 'Монти Пайтон Голливудта'},"{'object_name': 'Зинһар, миңа Монти Пайтон Голливудта', 'object_type': 'фильм исеме'}"
test_484,кичке бишкә монда буран аркасында һава торышы нинди,weather/find,weather/find,True,"{'datetime': 'кичке бишкә', 'location': 'монда', 'condition_description': 'буран'}","{'datetime': 'кичке бишкә монда буран аркасында', 'weather/attribute': 'һава торышы нинди'}"
test_485,Ирландия балалар евровидениеда 2015 минем Jazzy Dinner плейлистына өстә,AddToPlaylist,AddToPlaylist,True,"{'entity_name': 'Ирландия балалар евровидениеда 2015', 'reference': 'минем', 'playlist': 'Jazzy Dinner'}","{'artist': 'Ирландия балалар', 'music_item': 'евровидениеда 2015 минем Jazzy Dinner плейлистына өстә'}"
test_486,Indie Hipster-га җырны өстә,AddToPlaylist,AddToPlaylist,True,"{'playlist': 'Indie Hipster-га', 'music_item': 'җырны'}","{'music_item': 'җырны', 'artist': 'Indie Hipster-га', 'entity_name': 'музыкаль объект', 'reference': 'өстә'}"
test_487,Син миңа National Anthem of the Ancient Britons телевизион тапшыруын таба аласыңмы ?,SearchCreativeWork,SearchScreeningEvent,False,"{'object_name': 'National Anthem of the Ancient Britons', 'object_type': 'телевизион тапшыруын'}","{'movie_name': 'National Anthem of the Ancient Britons', 'object_type': 'телевизион тапшыруын', 'datetime': 'миңа'}"
test_488,"travelling плейлистына зинһар, бу Дэвид Гаан җырын өстә .",AddToPlaylist,AddToPlaylist,True,"{'playlist': 'travelling', 'artist': 'Дэвид Гаан', 'music_item': 'җырын'}","{'artist': 'Бу Дэвид Гаан', 'music_item': 'җырын', 'playlist': 'travelling плейлистына', 'reference': 'өстә'}"
test_489,Мин аларны Murcof рәссамнан ишетергә телим,PlayMusic,SearchCreativeWork,False,"{'music_item': 'аларны', 'artist': 'Murcof'}","{'object_name': 'Murcof рәссамнан ишетергә', 'object_type': 'әсәр'}"
test_490,The Gift: Imagination and the Erotic Life of Property-ны биш йолдызга бәялә,RateBook,RateBook,True,"{'object_name': 'The Gift: Imagination and the Erotic Life of Property-ны', 'rating_value': 'биш', 'rating_unit': 'йолдызга'}","{'object_name': 'The Gift: Imagination and the Erotic Life of Property', 'rating_unit': 'йолдыз', 'rating_value': 'биш', 'best_rating': 'иң югары'}"
test_491,Миңа Baby Blue дип аталган телевизион тапшыруны таб,SearchCreativeWork,SearchCreativeWork,True,"{'object_name': 'Baby Blue', 'object_type': 'телевизион тапшыруны'}","{'object_name': 'Baby Blue', 'object_type': 'телевизион тапшыруны'}"
test_492,The Girl Who Was Plugged In китабын эзлә,SearchCreativeWork,SearchCreativeWork,True,"{'object_name': 'The Girl Who Was Plugged In', 'object_type': 'китабын'}","{'object_name': 'The Girl Who Was Plugged In', 'object_type': 'китабын'}"
test_493,филлис уордка һәм вероникага 152 көннән соң ресторанда өстәл кирәк,BookRestaurant,AddToPlaylist,False,"{'party_size_description': 'филлис уордка һәм вероникага', 'datetime': '152 көннән соң', 'restaurant_type': 'ресторанда'}","{'artist': 'филлис уордка һәм вероникага', 'music_item': 'өстәл кирәк', 'playlist': '152 көннән соң'}"
test_494,5 кешелек танылган ресторанны броньла,BookRestaurant,BookRestaurant,True,"{'party_size_number': '5', 'sort': 'танылган', 'restaurant_type': 'ресторанны'}",{'party_size_number': '5 кеше'}
test_495,"Бруклон янында The Dome, Edinburgh отеленда номерны броньла",BookRestaurant,BookRestaurant,True,"{'location': 'янында', 'restaurant_name': 'The Dome, Edinburgh'}","{'location': 'Бруклон янында The Dome, Edinburgh отеленда', 'party_size_number': 'номерны'}"
test_496,Бу альбомны Old School Death Metal-га өстә,AddToPlaylist,AddToPlaylist,True,"{'music_item': 'альбомны', 'playlist': 'Old School Death Metal-га'}","{'music_item': 'бу альбомны', 'playlist': 'Old School Death Metal-га', 'reference': 'өстә'}"
test_497,Jersey Boys телесериалын эзлә,SearchCreativeWork,SearchCreativeWork,True,"{'object_name': 'Jersey Boys', 'object_type': 'телесериалын'}","{'object_name': 'Jersey Boys', 'object_type': 'телесериалын'}"
test_498,Алты ай эчендә Танжер янындагы иң яхшы пабта тугыз кешегә өстәл броньла,BookRestaurant,BookRestaurant,True,"{'datetime': 'Алты ай эчендә', 'location': 'янындагы', 'sort': 'иң яхшы', 'restaurant_type': 'пабта', 'party_size_number': 'тугыз'}","{'datetime': 'Алты ай эчендә', 'location': 'Танжер янындагы', 'sort': 'ин яхшы пабта', 'party_size_number': 'тугыз кешегә'}"
test_499,Миңа Harkins Theatres-ында фильмларны күрсәт .,SearchScreeningEvent,SearchScreeningEvent,True,"{'location': 'Harkins Theatres-ында', 'movie_type': 'фильмларны'}","{'object_type': 'кинотеатрларны', 'location': 'Harkins Theatres-ында'}"
test_500,аларның кампусында шул ук райондагы чурраскарияга кичәгә заказ бир,BookRestaurant,BookRestaurant,True,"{'location': 'шул ук райондагы', 'restaurant_type': 'чурраскарияга'}","{'location': 'аларның кампусында шул ук райондагы', 'restaurant_type': 'чурраскарияга', 'party_size_description': 'kichәгә'}"
