id,text,true_intent,pred_intent,intent_correct,confidence,weak_by_conf,weak_intent_real,weak_slot_real,true_slots,pred_slots
test_500,"забронируй вечеринку в их кампусе, в том же районе, что и чурраскария",BookRestaurant,BookRestaurant,True,0.9125,False,False,False,"{'location': 'их кампусе, | в том же районе,', 'restaurant_type': 'чурраскария'}","{'facility': 'campus', 'location': 'same district as Churrascaria'}"
test_499,Покажи мне фильмы в Харкинс Фитерс .,SearchScreeningEvent,SearchScreeningEvent,True,0.9214,False,False,False,"{'movie_type': 'фильмы', 'location': 'Харкинс Фитерс'}","{'location': 'Harkins Center', 'object_type': 'movies'}"
test_498,Забронируй столик на девять персон в лучшем пабе около Танжера через шесть месяцев,BookRestaurant,BookRestaurant,True,0.9239,False,False,False,"{'party_size_number': 'девять', 'sort': 'лучшем', 'restaurant_type': 'пабе', 'location': 'около | Танжера', 'datetime': 'через шесть месяцев'}","{'party_size_description': 'девять', 'party_size_number': '9', 'cuisine': 'паб', 'datetime': 'шесть месяцев'}"
test_497,Найди ТВ сериал Парни из Джерси,SearchCreativeWork,SearchCreativeWork,True,0.9421,False,False,False,"{'object_type': 'ТВ сериал', 'object_name': 'Парни из Джерси'}","{'object_name': 'Парни из Джерси', 'object_type': 'TV series'}"
test_496,Добавь этот альбом к Old School Death Metal,AddToPlaylist,AddToPlaylist,True,0.9356,False,False,False,"{'music_item': 'альбом', 'playlist': 'Old School Death Metal'}","{'playlist': 'Old School Death Metal', 'music_item': 'this album'}"
test_495,"Забронируй номер в The Dome, в Эдинбурге, недалеко от Бруклона",BookRestaurant,BookRestaurant,True,0.9775,False,False,True,"{'restaurant_name': 'The Dome, в Эдинбурге', 'location': 'недалеко | Бруклона'}","{'facility': 'The Dome', 'location': 'Эдинбург, недалеко от Бруклона'}"
test_494,Забронируй популярный ресторан на 5 персон,BookRestaurant,BookRestaurant,True,0.9341,False,False,False,"{'sort': 'популярный', 'restaurant_type': 'ресторан', 'party_size_number': '5'}","{'cuisine': 'popular', 'party_size_description': '5', 'party_size_number': '5'}"
test_493,филлис уорд и веронике нужен столик в ресторане через 152 дня,BookRestaurant,BookRestaurant,True,0.9317,False,False,True,"{'party_size_description': 'филлис уорд и веронике', 'restaurant_type': 'ресторане', 'datetime': 'через 152 дня'}","{'party_size_description': 'Филлис Уорд и Вероника', 'party_size_number': '2', 'datetime': '152 days from now'}"
test_492,найди книгу The Girl Who Was Plugged In,SearchCreativeWork,SearchCreativeWork,True,0.9669,False,False,False,"{'object_type': 'книгу', 'object_name': 'The Girl Who Was Plugged In'}",{'object_name': 'The Girl Who Was Plugged In'}
test_491,Найди мне ТВ шоу под названием Baby Blue,SearchCreativeWork,SearchCreativeWork,True,0.9712,False,False,False,"{'object_type': 'ТВ шоу', 'object_name': 'Baby Blue'}",{'object_name': 'Baby Blue'}
test_490,поставь The Gift: Imagination and the Erotic Life of Property пять звезд,RateBook,RateBook,True,0.9591,False,False,False,"{'object_name': 'The Gift: Imagination and the Erotic Life of Property', 'rating_value': 'пять', 'rating_unit': 'звезд'}","{'best_rating': 'five stars', 'object_name': 'The Gift: Imagination and the Erotic Life of Property'}"
test_489,Я хочу послушать их от артиста Murcof,PlayMusic,PlayMusic,True,0.9125,False,False,False,"{'music_item': 'их', 'artist': 'Murcof'}","{'artist': 'Murcof', 'music_item': 'album'}"
test_488,"В travelling плейлист, пожалуйста, добавь эту песню Дэвида Гаана .",AddToPlaylist,AddToPlaylist,True,0.9273,False,False,False,"{'playlist': 'travelling', 'music_item': 'песню', 'artist': 'Дэвида Гаана'}","{'artist': 'Дэвид Гаан', 'music_item': 'песня Дэвида Гаана'}"
test_487,Можешь найти мне the National Anthem of the Ancient Britons ТВ шоу ?,SearchCreativeWork,SearchCreativeWork,True,0.9687,False,False,False,"{'object_name': 'National Anthem of the Ancient Britons', 'object_type': 'ТВ шоу'}","{'object_name': 'National Anthem of the Ancient Britons', 'object_type': 'TV show'}"
test_486,Добавь песню в Indie Hipster,AddToPlaylist,PlayMusic,False,0.8552,False,False,False,"{'music_item': 'песню', 'playlist': 'Indie Hipster'}","{'genre': 'Indie Hipster', 'service': 'Spotify', 'sort': 'Release date: Most popular'}"
test_485,добавь ирландию на детском евровидении 2015 в мой Jazzy Dinner плейлист,AddToPlaylist,AddToPlaylist,True,0.9367,False,False,False,"{'entity_name': 'ирландию на детском евровидении 2015', 'reference': 'мой', 'playlist': 'Jazzy Dinner'}","{'playlist': 'Jazzy Dinner', 'entity_name': 'Ireland (2015)'}"
test_484,какой прогноз погоды здесь в связи с метелью на пять часов вечера,weather/find,weather/find,True,0.9012,False,False,True,"{'location': 'здесь', 'condition_description': 'метелью', 'datetime': 'пять часов вечера'}","{'condition_description': 'метель', 'datetime': '5 часов вечера'}"
test_483,"Пожалуйста, найди мне Monty Python Live в Голливуд-боул .",SearchCreativeWork,SearchScreeningEvent,False,0.8277,False,False,False,{'object_name': 'Monty Python Live в Голливуд - боул'},"{'movie_name': 'Monty Python Live: Ind Glad Piy', 'object_location_type': 'Hollywood Bowl', 'datetime': 'please specify date'}"
test_482,Показывают ли No Time to Be Young в AMC Theaters,SearchScreeningEvent,SearchCreativeWork,False,0.9615,False,False,False,"{'movie_name': 'No Time to Be Young', 'location': 'AMC Theaters'}",{}
test_481,Сыграй любой блюз британский .,PlayMusic,SearchCreativeWork,False,0.9185,False,False,True,{'genre': 'блюз британский'},{}
test_480,Покажи расписание фильмов в округе,SearchScreeningEvent,SearchScreeningEvent,True,0.9646,False,False,False,"{'object_type': 'расписание фильмов', 'location': 'в округе'}",{}
test_479,какой прогноз для Ваурики в Самоа,weather/find,weather/find,True,0.9257,False,False,False,{'location': 'Ваурики | Самоа'},"{'location': 'Vauraiki, Samoa'}"
test_478,Найди расписание фильмов для Wanda Group .,SearchScreeningEvent,SearchScreeningEvent,True,0.8938,False,False,False,"{'object_type': 'расписание фильмов', 'location': 'Wanda Group'}","{'object_name': 'Wanda Group', 'datetime': 'schedule', 'location': 'cinema'}"
test_477,какая погода здесь на два утра,weather/find,weather/find,True,0.9243,False,False,False,"{'location': 'здесь', 'datetime': 'два утра'}","{'datetime': 'two am', 'location': 'here'}"
test_476,Я хочу забронировать Oregon Electric Station в North City .,BookRestaurant,BookRestaurant,True,0.9707,False,False,True,"{'restaurant_name': 'Oregon Electric Station', 'location': 'North City'}","{'facility': 'Oregon Electric Station', 'location': 'North City'}"
test_475,Какие фильмы показывают в округе,SearchScreeningEvent,SearchScreeningEvent,True,0.9028,False,False,False,"{'movie_type': 'фильмы', 'location': 'в округе'}","{'object_name': 'filme', 'object_type': 'filme', 'location': 'district'}"
test_474,В какое время будет показ The Young Swordsman в моем кинотеатре ?,SearchScreeningEvent,SearchScreeningEvent,True,0.953,False,False,True,"{'object_type': 'время', 'movie_name': 'The Young Swordsman', 'object_location_type': 'кинотеатре'}","{'movie_name': 'The Young Swordsman', 'datetime': 'unknown', 'location': 'my cinema'}"
test_473,оцени текущий роман на ноль из 6,RateBook,RateBook,True,0.8333,False,False,False,"{'object_select': 'текущий', 'object_type': 'роман', 'rating_value': 'ноль', 'best_rating': '6'}","{'object_name': 'current roman', 'rating_value': '0', 'object_type': 'novel'}"
test_472,Добавь мартина барра в мой punk unplugged плейлист.,AddToPlaylist,AddToPlaylist,True,0.9305,False,False,False,"{'artist': 'мартина барра', 'reference': 'мой', 'playlist': 'punk unplugged'}","{'artist': 'Martina Barra', 'music_item': 'punk unplugged', 'playlist': 'my punk unplugged playlist'}"
test_471,Оцени The 8-Week Cholesterol Cure на три из 6 .,RateBook,BookRestaurant,False,0.9381,False,False,False,"{'object_name': 'The 8-Week Cholesterol Cure', 'rating_value': 'три', 'best_rating': '6'}","{'cuisine': 'The 8-Week Cholesterol Cure', 'datetime': 'three out of six', 'facility': 'restaurant', 'party_size_description': 'three out of six', 'party_size_number': 'three out of six', 'restaurant_name': 'The 8-Week Cholesterol Cure', 'restaurant_type': 'restaurant', 'served_dish': 'The 8-Week Cholesterol Cure', 'sort': 'three out of six'}"
test_470,Показывают ли Редкие птицы в ближайшем кинотеатре в обед .,SearchScreeningEvent,SearchScreeningEvent,True,0.8885,False,False,True,"{'movie_name': 'Редкие птицы', 'location': 'ближайшем', 'object_location_type': 'кинотеатре', 'datetime': 'обед'}","{'datetime': 'обед', 'location': 'близкий кинотеатр', 'movie_name': 'Редкие птицы', 'object_type': 'кинотеатры'}"
test_469,оцени этот альбом на 5 баллов,RateBook,RateBook,True,0.9827,False,False,False,"{'object_select': 'этот', 'object_type': 'альбом', 'rating_value': '5'}",{'rating_value': '5'}
test_468,Найди мне роман с названием To Lose My Life …,SearchCreativeWork,SearchCreativeWork,True,0.9731,False,False,False,"{'object_type': 'роман', 'object_name': 'To Lose My Life'}",{'object_name': 'To Lose My Life …'}
test_467,добавь Highway Patrolman в мой плейлист this is al green,AddToPlaylist,AddToPlaylist,True,0.972,False,False,False,"{'entity_name': 'Highway Patrolman', 'reference': 'мой', 'playlist': 'this is al green'}","{'artist': 'Highway Patrolman', 'music_item': 'al green'}"
test_466,Добавь artist от mike в Sexy as Folk плейлист.,AddToPlaylist,AddToPlaylist,True,0.9801,False,False,False,"{'music_item': 'artist', 'artist': 'mike', 'playlist': 'Sexy as Folk'}","{'artist': 'Mike', 'playlist': 'Sexy as Folk'}"
test_465,Я хочу анимационные фильмы в MJR Theatres,SearchScreeningEvent,SearchScreeningEvent,True,0.8772,False,False,False,"{'movie_type': 'анимационные фильмы', 'location': 'MJR Theatres'}","{'movie_name': 'animated', 'object_type': 'anime', 'location': 'MJR Theatres'}"
test_464,Дай две звезды из 6 для 36 Children,RateBook,RateBook,True,0.9401,False,False,False,"{'rating_value': 'две', 'rating_unit': 'звезды', 'best_rating': '6', 'object_name': '36 Children'}",{'rating_value': 'two stars'}
test_463,Можешь найти мне трейлер Синей весны ?,SearchCreativeWork,SearchCreativeWork,True,0.9658,False,False,False,"{'object_type': 'трейлер', 'object_name': 'Синей весны'}",{'object_name': 'Синяя весна'}
test_462,Включи что-нибудь из 90s Pop Rock Essentials,PlayMusic,SearchCreativeWork,False,0.9482,False,False,False,{'playlist': '90s Pop Rock Essentials'},{'object_name': '90s Pop Rock Essentials'}
test_461,добавь этот трек в мой Hands Up плейлист,AddToPlaylist,AddToPlaylist,True,0.9339,False,False,False,"{'music_item': 'трек', 'reference': 'мой', 'playlist': 'Hands Up'}","{'playlist': 'Hands Up', 'music_item': 'add track'}"
test_460,Забронируй место для 9,BookRestaurant,BookRestaurant,True,0.9827,False,False,False,{'party_size_number': '9'},{'party_size_number': '9'}
test_459,Будет ли Без свидетелей показываться двадцать два часа спустя,SearchScreeningEvent,weather/find,False,0.928,False,False,False,"{'movie_name': 'Без свидетелей', 'datetime': 'двадцать два часа спустя'}","{'datetime': 'двадцать два часа', 'location': 'Без свидетелей'}"
test_458,Я хочу забронировать стейк-хаус на хребте Вими .,BookRestaurant,BookRestaurant,True,0.8884,False,False,False,"{'restaurant_type': 'стейк-хаус', 'location': 'хребте Вими'}","{'cuisine': 'steakhouse', 'location': 'хребет Вими', 'restaurant_name': 'неизвестно', 'restaurant_type': 'неизвестно'}"
test_457,Добавь песню boy george в Emo Forever плейлист.,AddToPlaylist,AddToPlaylist,True,0.9669,False,False,False,"{'music_item': 'песню', 'artist': 'boy george', 'playlist': 'Emo Forever'}","{'artist': 'Boy George', 'music_item': 'Emo Forever', 'playlist': 'Emo Forever'}"
test_456,Я хочу поесть в Ramona,BookRestaurant,BookRestaurant,True,0.9325,False,False,False,{'location': 'Ramona'},{'location': 'Ramona'}
test_455,"Пожалуйста, найди Three Essays on the Theory of Sexuality шоу .",SearchCreativeWork,SearchCreativeWork,True,0.9322,False,False,False,"{'object_name': 'Three Essays on the Theory of Sexuality', 'object_type': 'шоу'}",{}
test_454,Будет ли дождь в Тенино ?,weather/find,weather/find,True,0.9082,False,False,True,"{'condition_description': 'дождь', 'location': 'Тенино'}","{'location': 'Тенино', 'condition_description': 'дождь'}"
test_453,Я хочу забронировать bougatsa restaurant в следующем году около Penn на троих персон.,BookRestaurant,BookRestaurant,True,0.9358,False,False,True,"{'cuisine': 'bougatsa', 'restaurant_type': 'restaurant', 'datetime': 'следующем году', 'location': 'около | Penn', 'party_size_number': 'троих'}","{'cuisine': 'bougatsa', 'datetime': 'next year', 'location': 'Penn', 'party_size_description': '3 people'}"
test_452,сыграй что-то семидесятое от Филиппа Киркорова,PlayMusic,SearchCreativeWork,False,0.9124,False,False,False,"{'datetime': 'семидесятое', 'artist': 'Филиппа Киркорова'}","{'object_name': 'Филипп Киркоров', 'object_type': 'composer'}"
test_451,"Можешь найти книгу Париж, когда там жара ?",SearchCreativeWork,SearchCreativeWork,True,0.9414,False,False,False,"{'object_type': 'книгу', 'object_name': 'Париж, когда там жара'}","{'object_name': 'Париж', 'object_type': 'книга', 'condition_description': 'жара'}"
test_450,Оцени текущий роман на 3 звезды,RateBook,RateBook,True,0.9616,False,False,False,"{'object_select': 'текущий', 'object_type': 'роман', 'rating_value': '3', 'rating_unit': 'звезды'}",{'rating_value': '3'}
test_449,Включи Пола Маккартни,PlayMusic,none,False,0.8355,True,False,False,{'artist': 'Пола Маккартни'},{}
test_448,я хочу увидеть Я мечтаю о Джинни в кинотеатре,SearchScreeningEvent,SearchCreativeWork,False,0.9266,False,False,True,"{'movie_name': 'Я мечтаю о Джинни', 'object_location_type': 'кинотеатре'}","{'object_name': 'Джинни', 'object_type': 'фильм'}"
test_447,"Пожалуйста, найди мне работу Serious Awesomeness !.",SearchCreativeWork,SearchCreativeWork,True,0.9406,False,False,False,{'object_name': 'Serious Awesomeness'},{'object_name': 'Serious Awesomeness'}
test_446,Включи Trance Life в Zvooq .,PlayMusic,SearchCreativeWork,False,0.9475,False,False,False,"{'playlist': 'Trance Life', 'service': 'Zvooq'}","{'object_name': 'Trance Life', 'object_type': 'music item'}"
test_445,"Пожалуйста, найди мне Compulsive Disclosure песню .",SearchCreativeWork,SearchCreativeWork,True,0.9937,False,False,False,"{'object_name': 'Compulsive Disclosure', 'object_type': 'песню'}",{'object_name': 'Compulsive Disclosure'}
test_444,Найди ТВ шоу Meet the Prince,SearchCreativeWork,SearchCreativeWork,True,0.9457,False,False,False,"{'object_type': 'ТВ шоу', 'object_name': 'Meet the Prince'}","{'object_name': 'Meet the Prince', 'object_type': 'TV show'}"
test_443,Мне нужен список Speakeasy Theaters с показом фильмов,SearchScreeningEvent,SearchScreeningEvent,True,0.9056,False,False,False,"{'location': 'Speakeasy Theaters', 'object_type': 'фильмов'}","{'object_type': 'Speakeasy Theater', 'object_location_type': 'Movie Showings'}"
test_442,Какая погода будет в Вирджинии на День святого Патрика ?,weather/find,weather/find,True,0.9609,False,False,False,"{'location': 'Вирджинии', 'datetime': 'День святого Патрика'}","{'location': 'Вирджиния', 'datetime': 'День святого Патрика'}"
test_441,Мне нужен столик на 4 в Saint Helena в Settha Palace Hotel,BookRestaurant,BookRestaurant,True,0.9608,False,False,True,"{'party_size_number': '4', 'location': 'Saint Helena', 'restaurant_name': 'Settha Palace Hotel'}","{'party_size_description': '4', 'party_size_number': '4', 'location': 'Saint Helena', 'facility': 'Settha Palace Hotel'}"
test_440,дай текущей летописи пять из 6 очков,RateBook,none,False,0.0,True,False,True,"{'object_select': 'текущей', 'object_part_of_series_type': 'летописи', 'rating_value': 'пять', 'best_rating': '6', 'rating_unit': 'очков'}",{}
test_439,Найди анимационные фильмы рядом,SearchScreeningEvent,SearchScreeningEvent,True,0.8777,False,False,False,"{'movie_type': 'анимационные фильмы', 'location': 'рядом'}","{'movie_name': 'audi', 'movie_type': 'animation'}"
test_438,Давай послушаем что-то от Andrew Hewitt .,PlayMusic,PlayMusic,True,0.9385,False,False,False,{'artist': 'Andrew Hewitt'},"{'artist': 'Andrew Hewitt', 'music_item': 'podcast'}"
test_437,оцени текущее эссе на ноль из 6 звезд,RateBook,none,False,0.0,True,False,False,"{'object_select': 'текущее', 'object_type': 'эссе', 'rating_value': 'ноль', 'best_rating': '6', 'rating_unit': 'звезд'}",{}
test_436,Добавь песню в this is racionais mc's,AddToPlaylist,PlayMusic,False,0.7566,False,False,False,"{'music_item': 'песню', 'playlist': ""this is racionais mc's""}","{'artist': ""MC's"", 'music_item': ""racionais mc's"", 'service': 'Spotify', 'sort': 'Release date'}"
test_435,Показывают ли Babar: King of the Elephants,SearchScreeningEvent,unknown,False,0.8055,False,False,False,{'movie_name': 'Babar: King of the Elephants'},{}
test_434,Я хочу столик в James D. Conrey House в Urbank California,BookRestaurant,BookRestaurant,True,0.9336,False,False,True,"{'restaurant_name': 'James D. Conrey House', 'location': 'Urbank | California'}","{'facility': 'James D. Conrey House', 'location': 'Urbank, California'}"
test_433,Оцени текущую серию на 4 очка,RateBook,RateBook,True,0.912,False,False,True,"{'object_select': 'текущую', 'object_part_of_series_type': 'серию', 'rating_value': '4', 'rating_unit': 'очка'}","{'object_name': 'current series', 'rating_value': '4'}"
test_432,Дай ноль звезд этому учебнику,RateBook,BookRestaurant,False,0.9673,False,False,False,"{'rating_value': 'ноль', 'rating_unit': 'звезд', 'object_select': 'этому', 'object_type': 'учебнику'}","{'cuisine': 'ноль звезд', 'datetime': 'ноль звезд', 'facility': 'ноль звезд', 'location': 'ноль звезд', 'party_size_description': 'ноль звезд', 'party_size_number': 'ноль звезд', 'restaurant_name': 'ноль звезд', 'restaurant_type': 'ноль звезд', 'served_dish': 'ноль звезд', 'sort': 'ноль звезд'}"
test_431,Дай The Crystal Snare 5 звезд,RateBook,RateBook,True,0.7731,False,False,False,"{'object_name': 'The Crystal Snare', 'rating_value': '5', 'rating_unit': 'звезд'}",{'rating_value': '5'}
test_430,Включи Subconscious Lobotomy от Дженнифер Полл .,PlayMusic,none,False,0.0,True,False,True,"{'album': 'Subconscious Lobotomy', 'artist': 'Дженнифер Полл'}",{}
test_103,Отмени следующий будильник,alarm/cancel_alarm,alarm/set_alarm,False,0.9463,False,False,False,{'reference': 'следующий'},{}
test_104,Напомни мне сходить в продуктовый магазин сегодня,reminder/set_reminder,undefined,False,0.8982,False,False,False,"{'reminder/todo': 'сходить в продуктовый магазин', 'datetime': 'сегодня'}",{}
test_105,отмени мои напоминания на следующую неделю,reminder/cancel_reminder,reminder/cancel_reminder,True,0.9146,False,False,False,"{'reference': 'мои', 'datetime': 'следующую неделю'}","{'datetime': 'на следующую неделю', 'reference': 'мои напоминания'}"
test_106,напомни мне отвести собаку к грумеру во вторник в 3 часа,reminder/set_reminder,AddToPlaylist,False,0.8795,False,False,False,"{'reminder/todo': 'отвести собаку к грумеру', 'datetime': 'вторник в 3 часа'}","{'artist': 'я', 'entity_name': 'грумер', 'datetime': 'во вторник в 3 часа', 'service': 'отвлечь собаку'}"
test_107,Напомни мне забрать цветы для Джен на нашу годовщину на 28-е.,reminder/set_reminder,AddToPlaylist,False,0.879,False,False,False,"{'reminder/todo': 'забрать цветы для Джен на нашу годовщину', 'datetime': '28-е'}","{'entity_name': 'Jenna', 'music_item': 'flowers', 'playlist': 'wedding'}"
test_109,Напомни мне записаться к доктору завтра.,reminder/set_reminder,reminder/set_reminder,True,0.9348,False,False,False,"{'reminder/todo': 'записаться к доктору', 'datetime': 'завтра'}","{'datetime': 'завтра', 'reference': 'Не указан'}"
test_111,Нужно ли взять дождевик?,weather/find,weather/find,True,0.8436,False,False,False,{'weather/attribute': 'дождевик'},"{'location': 'unknown location', 'condition_description': 'need raincoat or not'}"
test_150,Покажи все мои напоминания,reminder/show_reminders,reminder/show_reminders,True,0.9833,False,False,False,{'reference': 'все мои'},{}
test_247,Установи будильник на 5 вечера сегодня,alarm/set_alarm,alarm/set_alarm,True,0.8981,False,False,False,{'datetime': '5 вечера сегодня'},{'datetime': '5 вечера сегодня'}
test_248,установи будильник на 7 завтра,alarm/set_alarm,alarm/set_alarm,True,0.8078,False,False,False,{'datetime': '7 завтра'},{'datetime': '7 завтра'}
test_253,"Пожалуйста, найди мне видеоигру под названием 20 Hours in America .",SearchCreativeWork,SearchCreativeWork,True,0.9969,False,False,False,"{'object_type': 'видеоигру', 'object_name': '20 Hours in America'}",{'object_name': '20 Hours in America'}
test_257,Включи новую музыку на Last Fm от Eddie Vinson .,PlayMusic,PlayMusic,True,0.9449,False,False,False,"{'sort': 'новую', 'music_item': 'музыку', 'service': 'Last Fm', 'artist': 'Eddie Vinson'}","{'artist': 'Eddie Vinson', 'music_item': 'Last Fm'}"
test_258,Проверь прогноз погоды в Небраске .,weather/find,weather/find,True,0.9561,False,False,False,{'location': 'Небраске'},{'location': 'Небраска'}
test_259,Есть ли гроза сейчас в ЮК ?,weather/find,weather/find,True,0.9462,False,False,True,"{'condition_description': 'гроза', 'datetime': 'сейчас', 'location': 'ЮК'}",{'location': 'UK'}
test_264,Я хочу забронировать сунданский гастропаб где-то в Техасе на 3 персоны на 5/20/2025 .,BookRestaurant,BookRestaurant,True,0.9266,False,False,True,"{'cuisine': 'сунданский', 'restaurant_type': 'гастропаб', 'location': 'где-то | Техасе', 'party_size_number': '3', 'datetime': '5/20/2025'}","{'cuisine': 'Sundanese', 'datetime': '2025-05-20', 'party_size_description': '3 pers', 'party_size_number': '3'}"
test_269,Я хочу забронировать еврейский ресторан в Гамбии .,BookRestaurant,BookRestaurant,True,0.943,False,False,True,"{'cuisine': 'еврейский', 'restaurant_type': 'ресторан', 'location': 'Гамбии'}","{'cuisine': 'еврейская', 'location': 'Гамбия'}"
test_273,"Погода в Уолден, Россия на 12/26/2018",weather/find,weather/find,True,0.9872,False,False,False,"{'location': 'Уолден, | Россия', 'datetime': '12/26/2018'}","{'location': 'Уолден, Россия', 'datetime': '12/26/2018'}"
test_274,Я хочу забронировать ресторан для моего тестя и себя в Банкере через год .,BookRestaurant,BookRestaurant,True,0.9115,False,False,True,"{'restaurant_type': 'ресторан', 'party_size_description': 'моего тестя и себя', 'location': 'Банкере', 'datetime': 'через год'}","{'party_size_description': 'тест', 'party_size_number': '2', 'datetime': 'через год', 'location': 'Банкер', 'facility': 'ресторан'}"
test_285,"Пожалуйста, забронируй мне столик в бистро, где подают lorna doone .",BookRestaurant,BookRestaurant,True,0.9639,False,False,True,"{'restaurant_type': 'бистро,', 'served_dish': 'lorna doone'}","{'cuisine': 'bistro', 'restaurant_name': 'Lorna Doone', 'served_dish': 'Lorna Doone'}"
test_286,Оцени The Mystery of the Tolling Bell серию 4 звездами .,RateBook,RateBook,True,0.9429,False,False,True,"{'object_name': 'The Mystery of the Tolling Bell', 'object_part_of_series_type': 'серию', 'rating_value': '4', 'rating_unit': 'звездами'}",{'rating_value': '4'}
test_288,Проверь расписание для Snowbound в ближайшем кинотеатре .,SearchScreeningEvent,SearchScreeningEvent,True,0.9171,False,False,True,"{'movie_name': 'Snowbound', 'location': 'ближайшем', 'object_location_type': 'кинотеатре'}","{'movie_name': 'Snowbound', 'object_location_type': 'cinema'}"
test_291,Будет I Think I Do показываться в 7 вечера ?,SearchScreeningEvent,weather/find,False,0.941,False,False,False,"{'movie_name': 'I Think I Do', 'datetime': '7 вечера'}","{'datetime': '7 вечера', 'location': 'I Think I Do'}"
test_295,"Какой прогноз погоды для государственного парка Боте-Напа-Вэлли рядом на февраль, 20 ?",weather/find,weather/find,True,0.8896,False,False,False,"{'location': 'государственного парка Боте-Напа-Вэлли | рядом', 'datetime': 'февраль, 20'}","{'datetime': '2022-02-20', 'location': 'Butte Falls Valley State Park'}"
test_299,Оцени Soul Music на 0 .,RateBook,RateBook,True,0.9894,False,False,False,"{'object_name': 'Soul Music', 'rating_value': '0'}",{'rating_value': '0'}
test_301,Включи All Things Must Pass .,PlayMusic,none,False,0.7912,True,False,True,{'track': 'All Things Must Pass'},{}
test_304,Включи музыку на Netflix .,PlayMusic,PlayMusic,True,0.8821,False,False,False,{'service': 'Netflix'},"{'service': 'Netflix', 'music_item': 'music on Netflix'}"
test_305,Я хочу увидеть Shattered Image .,SearchScreeningEvent,SearchCreativeWork,False,0.9621,False,False,False,{'movie_name': 'Shattered Image'},{}
test_310,какой прогноз для жаркой погоды в государственном парке Саутфорд-Фоллс,weather/find,weather/find,True,0.9322,False,False,True,"{'condition_temperature': 'жаркой', 'location': 'государственном парке Саутфорд-Фоллс'}","{'condition_description': 'прогноз для жаркой погоды', 'location': 'государственный парк Саутфорд-Фоллс'}"
test_311,"Пожалуйста, забронируй мне столик в пиццерии с парковкой в Гане .",BookRestaurant,BookRestaurant,True,0.9548,False,False,True,"{'restaurant_type': 'пиццерии', 'facility': 'парковкой', 'location': 'Гане'}","{'cuisine': 'pizza', 'facility': 'parking', 'location': 'Ghana'}"
test_312,Я хочу услышать семидесятые саундтреки .,PlayMusic,PlayMusic,True,0.9405,False,False,False,"{'datetime': 'семидесятые', 'music_item': 'саундтреки'}",{}
test_313,Погода через два часа в Узбекистане,weather/find,weather/find,True,0.9733,False,False,False,"{'datetime': 'через два часа', 'location': 'Узбекистане'}","{'datetime': 'через два часа', 'location': 'Узбекистан'}"
test_314,"Пожалуйста, найди мне Journal of the British Astronomical Association фильм .",SearchCreativeWork,SearchCreativeWork,True,0.9559,False,False,False,"{'object_name': 'Journal of the British Astronomical Association', 'object_type': 'фильм'}",{'object_name': 'Journal of the British Astronomical Association film'}
test_315,"Забронируй столик на 8 человек в Уордвилле, Канзас",BookRestaurant,BookRestaurant,True,0.9777,False,False,False,"{'party_size_number': '8', 'location': 'Уордвилле | Канзасе'}","{'party_size_description': '8 человек', 'party_size_number': '8', 'location': 'Уордвилл, Канзас'}"
test_316,Какой будет погода далеко отсюда ?,weather/find,weather/find,True,0.9099,False,False,False,{'location': 'далеко | отсюда'},{'location': 'far away from here'}
test_321,Какой будет погода в ноябре в Брукниле ?,weather/find,weather/find,True,0.891,False,False,False,"{'datetime': 'ноябре', 'location': 'Бруклине'}","{'datetime': 'ноябрь', 'location': 'Брукнинл'}"
test_325,какие фильмы в Star Theatres .,SearchScreeningEvent,SearchScreeningEvent,True,0.9396,False,False,False,"{'movie_type': 'фильмы', 'location': 'Star Theatres'}","{'location': 'Star Theatres', 'object_type': 'movie'}"
test_330,Дай одну звезду текущей книге,RateBook,SearchCreativeWork,False,0.9169,False,False,False,"{'rating_value': 'одну', 'object_select': 'текущей', 'object_type': 'книге'}",{'object_name': 'одна звезда'}
test_345,"Пожалуйста, найди мне ТВ сериал , Now We Are Married .",SearchCreativeWork,SearchCreativeWork,True,0.9781,False,False,False,"{'object_type': 'ТВ сериал', 'object_name': 'Now We Are Married'}",{'object_name': 'Now We Are Married'}
test_356,Я хочу увидеть The Portrait of a Lady в ближайшем кинотеатре .,SearchScreeningEvent,SearchCreativeWork,False,0.9696,False,False,True,"{'movie_name': 'The Portrait of a Lady', 'location': 'ближайшем', 'object_location_type': 'кинотеатре'}","{'object_name': 'The Portrait of a Lady', 'object_type': 'movie'}"
test_357,"Пожалуйста, найди мне Phineas Redux .",SearchCreativeWork,SearchCreativeWork,True,0.9959,False,False,False,{'object_name': 'Phineas Redux'},{'object_name': 'Phineas Redux'}
test_360,Какой будет погода в Памятнике Лихуле в декабре 5-го ?,weather/find,weather/find,True,0.8967,False,False,False,"{'location': 'Памятнике Лихуле', 'datetime': 'декабре 5-го'}","{'datetime': '5th December', 'location': 'Pompeii'}"
test_363,"Какая погода в Тионеке , Нью-Джерси",weather/find,weather/find,True,0.9624,False,False,False,{'location': 'Тионеке | Нью-Джерси'},"{'location': 'Тионеке, Нью-Джерси'}"
test_365,забронируй место для моих племянниц и меня в чайном доме,BookRestaurant,BookRestaurant,True,0.9357,False,False,True,"{'party_size_description': 'моих племянниц и меня', 'restaurant_type': 'чайном доме'}","{'party_size_description': 'племянницы и я', 'party_size_number': '2'}"
test_366,Будет ли жарко в Нидерландах в феврале 16-го ?,weather/find,weather/find,True,0.8934,False,False,True,"{'condition_temperature': 'жарко', 'location': 'Нидерландах', 'datetime': 'феврале 16-го'}","{'datetime': '16 February', 'location': 'Netherlands'}"
test_367,Я хочу добавить jordan rudess в Divertido para niños плейлист.,AddToPlaylist,AddToPlaylist,True,0.9221,False,False,False,"{'artist': 'jordan rudess', 'playlist': 'Divertido para niños'}","{'artist': 'Jordan Russe', 'playlist': 'Divertido para niños'}"
test_369,Забронируй мне столик в лучшем бистро,BookRestaurant,BookRestaurant,True,0.8946,False,False,False,"{'sort': 'лучшем', 'restaurant_type': 'бистро'}","{'cuisine': 'best', 'restaurant_name': 'бистро', 'party_size_description': 'неизвестно', 'party_size_number': 'неизвестно', 'restaurant_type': 'бистро', 'datetime': 'неизвестно'}"
test_372,Какой будет погода в Огайо ?,weather/find,weather/find,True,0.9526,False,False,False,{'location': 'Огайо'},{'location': 'Ohio'}
test_374,Забронируй столик для моих малышей и меня,BookRestaurant,BookRestaurant,True,0.9372,False,False,True,{'party_size_description': 'моих малышей и меня'},"{'party_size_description': 'малыши и я', 'party_size_number': '3'}"
test_392,Я хочу забронировать массаж в спа .,BookRestaurant,BookRestaurant,True,0.908,False,False,True,"{'restaurant_type': 'массаж', 'facility': 'спа'}","{'facility': 'spa', 'service': 'massage'}"
test_417,"Пожалуйста, найди телевизионное шоу , Episodi di The Blacklist .",SearchCreativeWork,SearchCreativeWork,True,0.9439,False,False,False,"{'object_type': 'телевизионное шоу', 'object_name': 'Episodi di The Blacklist'}","{'object_name': 'The Blacklist', 'object_type': 'television show'}"
test_418,"какой прогноз для холодной погоды, начиная с Дня закона здесь",weather/find,weather/find,True,0.9153,False,False,True,"{'condition_temperature': 'холодной', 'datetime': 'Дня закона', 'location': 'здесь'}","{'condition_description': 'cold', 'datetime': 'today', 'location': 'Day law'}"
test_419,Я хочу забронировать ресторан на десять человек.,BookRestaurant,BookRestaurant,True,0.9219,False,False,False,"{'restaurant_type': 'ресторан', 'party_size_number': 'десять'}","{'party_size_description': 'ten', 'party_size_number': '10', 'restaurant_name': 'value from text', 'restaurant_type': 'value from text'}"
test_420,Включи что-то от Duke Ellington из семидесятых,PlayMusic,SearchCreativeWork,False,0.9264,False,False,False,"{'artist': 'Duke Ellington', 'datetime': 'семидесятых'}","{'object_name': 'songs from 1970s', 'object_type': 'musician'}"
test_421,Оцени Cotton Comes to Harlem на 2,RateBook,RateBook,True,0.9815,False,False,False,"{'object_name': 'Cotton Comes to Harlem', 'rating_value': '2'}","{'object_name': 'Cotton Comes to Harlem', 'rating_value': '2'}"
test_422,Добавь песню в мой плейлист madden nfl 16,AddToPlaylist,AddToPlaylist,True,0.9184,False,False,False,"{'music_item': 'песню', 'reference': 'мой', 'playlist': 'madden nfl 16'}","{'music_item': 'madden nfl 16', 'playlist': 'my playlist'}"
test_423,Добавь Toyan в мой Epic Gaming плейлист.,AddToPlaylist,AddToPlaylist,True,0.9612,False,False,False,"{'artist': 'Toyan', 'reference': 'мой', 'playlist': 'Epic Gaming'}","{'artist': 'Toyan', 'playlist': 'Epic Gaming'}"
test_424,включи что-то новое от Les Vandyke на Slacker,PlayMusic,none,False,0.0,True,False,False,"{'sort': 'новое', 'artist': 'Les Vandyke', 'service': 'Slacker'}",{}
test_425,оцени Three Junes одним баллом из 6,RateBook,RateBook,True,0.9597,False,False,False,"{'object_name': 'Three Junes', 'rating_value': 'одним', 'best_rating': '6'}","{'object_name': 'Three Junes', 'rating_value': '6'}"
test_426,Забронируй столик на девять людей в пекарне в Нуньес,BookRestaurant,BookRestaurant,True,0.9497,False,False,False,"{'party_size_number': 'девять', 'restaurant_type': 'пекарне', 'location': 'Нуньес'}","{'party_size_description': 'девять людей', 'party_size_number': '9', 'cuisine': 'пекарня', 'location': 'Нуньес'}"
test_427,Оцени этот текущий роман двумя баллами из 6 .,RateBook,RateBook,True,0.9323,False,False,False,"{'object_select': 'этот текущий', 'object_type': 'роман', 'rating_value': 'двумя', 'best_rating': '6'}",{'rating_value': '2'}
test_428,Включи The Happy Blues от Ronnie Wood .,PlayMusic,SearchCreativeWork,False,0.9239,False,False,True,"{'album': 'The Happy Blues', 'artist': 'Ronnie Wood'}","{'object_name': 'The Happy Blues', 'object_type': 'music_item', 'artist': 'Ronnie Wood'}"
test_429,Включи симфонию из 2013 .,PlayMusic,PlayMusic,True,0.8621,False,False,False,"{'music_item': 'симфонию', 'datetime': '2013'}","{'music_item': '2013 symphony', 'service': 'TIDAL', 'sort': 'relevance'}"
,Забронируй мне столик в лучшем кафе.,BookRestaurant,BookRestaurant,True,0.9051,False,False,False,"{'sort': 'лучшем', 'restaurant_type': 'кафе'}","{'cuisine': 'лучший', 'datetime': 'неуказано', 'facility': 'столик', 'restaurant_name': 'неуказано', 'restaurant_type': 'кафе'}"
,Оцени текущий учебник на 1 из 6.,RateBook,RateBook,True,0.9265,False,False,False,"{'object_select': 'текущий', 'object_type': 'учебник', 'rating_value': '1', 'best_rating': '6'}","{'rating_value': '1', 'object_name': 'учебник', 'object_type': 'книга'}"
,В какое время показывают фильм,SearchScreeningEvent,SearchScreeningEvent,True,0.8583,False,False,False,{'object_type': 'время показывают фильм'},"{'datetime': 'time', 'movie_name': 'value from text', 'object_location_type': 'cinema', 'object_location': 'cinema location'}"
,Какая погода будет в Огайо?,weather/find,weather/find,True,0.9558,False,False,False,{'location': 'Огайо'},{'location': 'Огайо'}
,Добавь этого исполнителя в Showstopper Being Mary Jane.,AddToPlaylist,AddToPlaylist,True,0.9172,False,False,False,"{'music_item': 'исполнителя', 'playlist': 'Showstopper Being Mary Jane'}","{'artist': 'Being Mary Jane', 'playlist': 'Showstopper'}"
,Забронируй столик для меня и моих детей.,BookRestaurant,BookRestaurant,True,0.9069,False,False,True,{'party_size_description': 'меня и моих детей'},"{'party_size_description': 'children', 'party_size_number': 'unknown'}"
test_375,"Какая погода будет в заповеднике Сарыгамыш 21 августа, 2035 ?",weather/find,weather/find,True,0.9428,False,False,False,"{'location': 'заповеднике Сарыгамыш', 'datetime': '21 августа, 2035'}","{'location': 'Сарагамыш', 'datetime': '21 августа, 2035'}"
test_376,Оцени Ruth пять баллов из 6 .,RateBook,RateBook,True,0.9502,False,False,False,"{'object_name': 'Ruth', 'rating_value': 'пять', 'rating_unit': 'баллов', 'best_rating': '6'}","{'rating_value': '5', 'object_name': 'Ruth', 'best_rating': '6'}"
test_377,Reminiscences of the Anti-Japanese Guerillas chronicle заслуживает ноль баллов из 6.,RateBook,RateBook,True,0.978,False,False,True,"{'object_name': 'Reminiscences of the Anti-Japanese Guerillas', 'object_part_of_series_type': 'chronicle', 'rating_value': 'ноль', 'rating_unit': 'баллов', 'best_rating': '6.'}","{'object_name': 'Reminiscences of the Anti-Japanese Guerillas', 'rating_value': '0'}"
test_378,Покажи мне расписание сеансов в южных кинотеатрах,SearchScreeningEvent,SearchScreeningEvent,True,0.9155,False,False,False,"{'object_type': 'расписание сеансов', 'location': 'южных кинотеатрах'}","{'datetime': 'value from text', 'location': 'southern cinema', 'object_type': 'movie'}"
test_379,Найди расписание фильмов рядом,SearchScreeningEvent,SearchScreeningEvent,True,0.9473,False,False,False,"{'object_type': 'расписание фильмов', 'location': 'рядом'}","{'datetime': 'value from text', 'location': 'value from text'}"
test_380,Добавь этот альбом в плейлист Spanish Beat,AddToPlaylist,AddToPlaylist,True,0.9505,False,False,False,"{'music_item': 'альбом', 'playlist': 'Spanish Beat'}","{'playlist': 'Spanish Beat', 'music_item': 'this album'}"
test_381,Забронируй столик на 6 человек в креольской таверне в Черногории,BookRestaurant,BookRestaurant,True,0.919,False,False,True,"{'party_size_number': '6', 'cuisine': 'креольской', 'restaurant_type': 'таверне', 'location': 'Черногории'}","{'party_size_description': '6 человек', 'party_size_number': '6', 'cuisine': 'креольская', 'location': 'Черногория', 'restaurant_name': 'таверна', 'restaurant_type': 'креольская'}"
test_382,Поставь сериалу Catedral 4 звезды .,RateBook,RateBook,True,0.9418,False,False,True,"{'object_part_of_series_type': 'сериалу', 'object_name': 'Catedral', 'rating_value': '4', 'rating_unit': 'звезды'}","{'object_name': 'Catedral 4', 'rating_value': '4'}"
test_383,Добавь The Famous Flower of Serving-Men в мой вечерний акустический плейлист.,AddToPlaylist,AddToPlaylist,True,0.9365,False,False,False,"{'entity_name': 'The Famous Flower of Serving-Men', 'reference': 'мой', 'playlist': 'вечерний акустический'}","{'entity_name': 'The Famous Flower of Serving-Men', 'playlist': 'evening acoustic playlist'}"
test_384,Покажи мне расписание ArcLight Hollywood только для анимационных фильмов,SearchScreeningEvent,SearchScreeningEvent,True,0.8993,False,False,False,"{'object_type': 'расписание', 'location': 'ArcLight Hollywood', 'movie_type': 'анимационных фильмов'}","{'object_name': 'ArcLight Hollywood', 'object_type': 'audiovisual', 'sort': 'datetime'}"
test_385,"Пожалуйста, найди картину под названием This Is the Night .",SearchCreativeWork,SearchCreativeWork,True,0.9973,False,False,False,"{'object_type': 'картину', 'object_name': 'This Is the Night'}",{'object_name': 'This Is the Night'}
test_386,Какова будет влажность в данном месте в 15:19:29 ?,weather/find,weather/find,True,0.9478,False,False,True,"{'condition_description': 'влажность', 'location': 'данном месте', 'datetime': '15:19:29'}","{'datetime': '15:19:29', 'location': 'данное место'}"
test_387,я хочу посмотреть JLA Adventures: Trapped In Time,SearchScreeningEvent,SearchCreativeWork,False,0.9958,False,False,False,{'movie_name': 'JLA Adventures: Trapped In Time'},{'object_name': 'JLA Adventures: Trapped In Time'}
test_388,Добавь мелодию Дерека Уоткинса в This Is Johnny Cash,AddToPlaylist,AddToPlaylist,True,0.8758,False,False,False,"{'music_item': 'мелодию', 'artist': 'Дерека Уоткинса', 'playlist': 'This Is Johnny Cash'}","{'artist': 'Derrek Willis', 'music_item': 'This Is Johnny Cash', 'playlist': 'Add to playlist'}"
test_389,Найди творческую работу под названием Fire in the Hole,SearchCreativeWork,SearchCreativeWork,True,0.998,False,False,False,{'object_name': 'Fire in the Hole'},{'object_name': 'Fire in the Hole'}
test_390,забронируй столик возле колледжа Пэта,BookRestaurant,BookRestaurant,True,0.8943,False,False,False,{'location': 'возле | колледжа Пэта'},"{'location': 'near college Pat', 'facility': 'college Pat'}"
test_391,Идет ли Patrick Still Lives в кинотеатрах AMC,SearchScreeningEvent,SearchScreeningEvent,True,0.9146,False,False,False,"{'movie_name': 'Patrick Still Lives', 'location': 'кинотеатрах AMC'}","{'movie_name': 'Patrick Still Lives', 'object_type': 'cinema'}"
test_393,нужен столик где-нибудь в Кворривилле через 14 часов,BookRestaurant,BookRestaurant,True,0.9326,False,False,False,"{'location': 'Кворривилле', 'datetime': 'через 14 часов'}","{'cuisine': 'any', 'datetime': '14 hours from now', 'location': 'Kowarraweena', 'party_size_description': 'any', 'party_size_number': 'any', 'restaurant_name': 'any', 'restaurant_type': 'any', 'served_dish': 'any', 'sort': 'any'}"
test_394,включи Гэри Ли Коннера,PlayMusic,AddToPlaylist,False,0.8125,False,False,False,{'artist': 'Гэри Ли Коннера'},{'artist': 'Гэри Ли Коннер'}
test_395,"покажи ближайший кинотеатр, где показывают Boycott",SearchScreeningEvent,SearchScreeningEvent,True,0.8896,False,False,True,"{'location': 'ближайший', 'object_location_type': 'кинотеатр', 'movie_name': 'Boycott'}","{'object_location_type': 'cinema', 'object_location': 'nearest', 'object_name': 'Boycott'}"
test_396,"Пожалуйста, включи мой ecstatic плейлист.",PlayMusic,AddToPlaylist,False,0.8854,False,False,False,{'playlist': 'ecstatic'},{'playlist': 'мой экстраваганельный плейлист'}
test_397,"Пожалуйста, найди песню The Mad Magician .",SearchCreativeWork,SearchCreativeWork,True,0.9971,False,False,False,"{'object_type': 'песню', 'object_name': 'The Mad Magician'}",{'object_name': 'The Mad Magician'}
test_398,Проверь расписание кинотеатров Bow Tie Cinemas .,SearchScreeningEvent,SearchScreeningEvent,True,0.9009,False,False,False,"{'object_type': 'расписание', 'location': 'Bow Tie Cinemas'}","{'object_name': 'Bow Tie Cinemas', 'datetime': 'check', 'location': 'check'}"
test_399,Забронируй мне столик на вечеринку из 3 человек в пабе на Северных Марианских островах,BookRestaurant,BookRestaurant,True,0.9175,False,False,False,"{'party_size_number': '3', 'restaurant_type': 'пабе', 'location': 'Северных Марианских островах'}","{'party_size_description': '3', 'party_size_number': '3', 'facility': 'pub', 'location': 'Northern Mariana Islands'}"
test_400,Мне нужно добавить в текущий список Infinite Indie Folk произведения Рахим Шаха,AddToPlaylist,AddToPlaylist,True,0.9339,False,False,False,"{'reference': 'текущий', 'playlist': 'Infinite Indie Folk', 'artist': 'Рахим Шаха'}","{'artist': 'Рахим Шах', 'music_item': 'Infinite Indie Folk', 'playlist': 'текущий список'}"
test_401,Добавь Джерри Каллиста-младшего в мой плейлист Te quiero.,AddToPlaylist,AddToPlaylist,True,0.8924,False,False,False,"{'artist': 'Джерри Каллиста - младшего', 'reference': 'мой', 'playlist': 'Te quiero.'}","{'artist': 'Джерри Каллист-младший', 'playlist': 'мой плейлист'}"
test_402,Насколько холоднее будет недалеко от Юты около 3 часов утра?,weather/find,weather/find,True,0.9171,False,False,True,"{'condition_temperature': 'холоднее', 'location': 'недалеко | Юты', 'datetime': '3 часов утра'}","{'location': 'Юта', 'datetime': '3 часов утра'}"
test_403,Добавь альбом в плейлист Hipster Soul.,AddToPlaylist,AddToPlaylist,True,0.9241,False,False,False,"{'music_item': 'альбом', 'playlist': 'Hipster Soul.'}","{'artist': 'Hipster Soul', 'music_item': 'album', 'playlist': 'Hipster Soul'}"
test_404,Через тринадцать часов я хочу отведать деликатесы восточноевропейской кухни,BookRestaurant,BookRestaurant,True,0.863,False,False,True,"{'datetime': 'Через тринадцать часов', 'restaurant_type': 'деликатесы', 'cuisine': 'восточноевропейской'}","{'cuisine': 'delicatessen', 'datetime': '3 hours from now', 'restaurant_type': 'eastern European cuisine', 'party_size_description': '1', 'party_size_number': '1', 'served_dish': 'delicacies', 'sort': 'delicacies'}"
test_405,включи саундтрек шестидесятых,PlayMusic,PlayMusic,True,0.843,False,False,False,"{'music_item': 'саундтрек', 'datetime': 'шестидесятых'}","{'genre': 'synth-pop', 'music_item': 'Soundtrack 60s', 'service': 'Spotify', 'sort': 'Release date: oldest first'}"
test_406,Поставь этому альбому одну звезду,RateBook,AddToPlaylist,False,0.936,False,False,False,"{'object_select': 'этому', 'object_type': 'альбому', 'rating_value': 'одну', 'rating_unit': 'звезду'}",{'music_item': 'Поставь этому альбому одну звезду'}
test_407,Включи лучшую музыку Брайана Маклина .,PlayMusic,PlayMusic,True,0.8895,False,False,False,"{'sort': 'лучшую', 'artist': 'Брайана Маклина'}","{'artist': 'Брайан Маклин', 'sort': 'rating_desc', 'track': 'лучший'}"
test_408,какой прогноз погоды в Никодиме и окрестностях,weather/find,weather/find,True,0.7799,False,False,False,{'location': 'Никодиме | окрестностях'},{'location': 'Nikodima and surroundings'}
test_409,Найди игру под названием Phinally Phamous,SearchCreativeWork,SearchCreativeWork,True,0.9816,False,False,False,"{'object_type': 'игру', 'object_name': 'Phinally Phamous'}",{'object_name': 'Phinally Phamous'}
test_410,Поставь оценку 2 Juneteenth .,RateBook,RateBook,True,0.9423,False,False,False,"{'rating_value': '2', 'object_name': 'Juneteenth'}","{'best_rating': '2', 'object_name': 'Juneteenth', 'rating_unit': 'Juneteenth', 'rating_value': '2'}"
test_411,Поставь ноль звезд Rhialto the Marvellous,RateBook,unknown,False,0.9557,False,False,False,"{'rating_value': 'ноль', 'rating_unit': 'звезд', 'object_name': 'Rhialto the Marvellous'}",{}
test_412,Я хочу послушать саундтрек на Ютубе от Helena Iren Michaelsen,PlayMusic,PlayMusic,True,0.9121,False,False,False,"{'music_item': 'саундтрек', 'service': 'Ютубе', 'artist': 'Helena Iren Michaelsen'}","{'service': 'YouTube', 'music_item': 'Helena Iren Michaelsen soundtrack', 'sort': 'title'}"
test_413,забронируй столик на 1/20/2023 на 5 человек в MH,BookRestaurant,BookRestaurant,True,0.9494,False,False,False,"{'datetime': '1/20/2023', 'party_size_number': '5', 'location': 'MH'}","{'facility': 'MH', 'datetime': '1/20/2023', 'party_size_description': '5 человек'}"
test_414,расписание сеансов анимационных фильмов рядом,SearchScreeningEvent,SearchScreeningEvent,True,0.9415,False,False,False,"{'object_type': 'расписание сеансов', 'movie_type': 'анимационных фильмов', 'location': 'рядом'}","{'datetime': 'value from text', 'location': 'value from text', 'movie_name': 'value from text', 'movie_type': 'value from text', 'object_location_type': 'value from text', 'object_type': 'value from text'}"
test_415,Добавь jack white в мой плейлист This Is Shakira,AddToPlaylist,AddToPlaylist,True,0.9518,False,False,False,"{'artist': 'jack white', 'reference': 'мой', 'playlist': 'This Is Shakira'}","{'artist': 'Jack White', 'playlist': 'my playlist'}"
test_416,Я хочу забронировать ресторан на пять человек на Шри-Ланке .,BookRestaurant,BookRestaurant,True,0.9496,False,False,False,"{'restaurant_type': 'ресторан', 'party_size_number': 'пять', 'location': 'Шри - Ланке'}","{'party_size_description': 'five', 'party_size_number': '5', 'location': 'Шри-Ланка'}"
test_481,Включи британский блюз .,PlayMusic,BookRestaurant,False,0.8043,False,False,True,{'genre': 'британский блюз'},{'cuisine': 'british_blues'}
test_162,Сколько снега прогнозируется?,weather/find,weather/find,True,0.9021,False,False,False,{'weather/attribute': 'снега'},{'condition_description': 'amount of snow'}
test_163,на улице жарко,weather/find,none,False,0.0,True,False,False,"{'location': 'улице', 'weather/attribute': 'жарко'}",{}
test_164,Какая температура будет сегодня?,weather/find,weather/find,True,0.9163,False,False,False,"{'weather/attribute': 'температура', 'datetime': 'сегодня'}","{'datetime': 'today', 'location': 'unspecified', 'condition_temperature': 'unspecified'}"
test_165,какая погода будет завтра в Далласе,weather/find,weather/find,True,0.9478,False,False,False,"{'datetime': 'завтра', 'location': 'Далласе'}","{'location': 'Dallas', 'datetime': 'tomorrow'}"
test_166,Покажи мне все текущие напоминания на сегодня,reminder/show_reminders,reminder/show_reminders,True,0.9538,False,False,False,"{'reference': 'все текущие', 'datetime': 'сегодня'}","{'datetime': 'today', 'reference': ''}"
test_167,Установи еженедельное напоминание о покупках.,reminder/set_reminder,reminder/set_reminder,True,0.8977,False,False,False,"{'recurring_datetime': 'еженедельное', 'reminder/todo': 'покупках'}","{'datetime': 'next week', 'reference': 'weekly shopping reminder'}"
test_168,погода,weather/find,weather/find,True,0.9709,False,False,False,{},{}
test_169,Будет ли идти весь день дождь?,weather/find,weather/find,True,0.9148,False,False,False,"{'datetime': 'весь день', 'weather/attribute': 'дождь'}","{'location': 'unknown location', 'condition_description': 'whole day', 'condition_temperature': 'unknown temperature', 'datetime': 'unknown datetime'}"
test_170,завтра будет дождь,weather/find,weather/find,True,0.8809,False,False,False,"{'datetime': 'завтра', 'weather/attribute': 'дождь'}","{'datetime': 'завтра', 'location': 'неизвестно'}"
test_171,Напомни мне ответить на рабочие письма сегодня вечером,reminder/set_reminder,none,False,0.8628,False,False,False,"{'reminder/todo': 'ответить на рабочие письма', 'datetime': 'сегодня вечером'}",{}
test_172,Удали будильники,alarm/cancel_alarm,alarm/set_alarm,False,0.9592,False,False,False,{},{}
test_173,Отмени текущие будильники,alarm/cancel_alarm,alarm/cancel_alarm,True,0.9761,False,False,False,{'reference': 'текущие'},{}
test_215,Могу ли я надеть сегодня шорты?,weather/find,weather/find,True,0.8707,False,False,False,"{'datetime': 'сегодня', 'weather/attribute': 'шорты'}","{'condition_description': 'weather', 'datetime': 'today', 'location': 'unspecified', 'weather/attribute': 'clothing appropriate'}"
test_203,Завтра будет дождь?,weather/find,weather/find,True,0.895,False,False,False,"{'datetime': 'Завтра', 'weather/attribute': 'дождь'}","{'datetime': 'завтра', 'location': 'неизвестно'}"
test_176,Установи будильник на 10 утра,alarm/set_alarm,alarm/set_alarm,True,0.9393,False,False,False,{'datetime': '10 утра'},{'datetime': '10 утра'}
test_177,Будет ли на этой недели дождь?,weather/find,weather/find,True,0.8895,False,False,False,"{'weather/attribute': 'дождь', 'datetime': 'этой недели'}","{'location': 'unknown location', 'datetime': 'this week'}"
test_237,покажи все напоминания,reminder/show_reminders,reminder/show_reminders,True,0.9507,False,False,False,{'reference': 'все'},{}
test_179,отмени будильники,alarm/cancel_alarm,alarm/cancel_alarm,True,0.9412,False,False,False,{},{}
test_180,отключи все будильники,alarm/cancel_alarm,alarm/cancel_alarm,True,0.9621,False,False,False,{'reference': 'все'},{}
test_181,покажи все предустановленные будильники,alarm/show_alarms,alarm/show_alarms,True,0.9747,False,False,False,{'reference': 'все'},{}
test_182,Установи будильник на каждую минуту в течение 20 минут.,alarm/set_alarm,alarm/set_alarm,True,0.8977,False,False,False,{'recurring_datetime': 'каждую минуту в течение 20 минут'},"{'datetime': 'каждые минуты в течение 20 минут', 'reference': 'каждую минуту в течение 20 минут'}"
test_183,Какие у меня напоминания?,reminder/show_reminders,reminder/show_reminders,True,0.9531,False,False,False,{'reference': 'меня'},{}
test_184,отмени будильник на завтра,alarm/cancel_alarm,alarm/set_alarm,False,0.9357,False,False,False,{'datetime': 'завтра'},{'datetime': 'завтра'}
test_185,мне нужен зонт сегодня?,weather/find,weather/find,True,0.8938,False,False,False,"{'weather/attribute': 'зонт', 'datetime': 'сегодня'}","{'location': 'unspecified', 'condition_description': 'need umbrella'}"
test_186,сегодня будет снег?,weather/find,weather/find,True,0.8769,False,False,False,"{'datetime': 'сегодня', 'weather/attribute': 'снег'}","{'location': 'unknown location', 'condition_description': 'snow'}"
test_187,Напомни мне позвонить маме сегодня вечером,reminder/set_reminder,reminder/set_reminder,True,0.9272,False,False,False,"{'reminder/todo': 'позвонить маме', 'datetime': 'сегодня вечером'}","{'datetime': 'Сегодня вечером', 'reference': 'Позвонить маме'}"
test_188,сегодня будет дождь,weather/find,weather/find,True,0.9358,False,False,False,"{'datetime': 'сегодня', 'weather/attribute': 'дождь'}","{'datetime': 'сегодня', 'location': ''}"
test_189,В субботу будет дождь?,weather/find,weather/find,True,0.9261,False,False,False,"{'datetime': 'субботу', 'weather/attribute': 'дождь'}","{'datetime': 'в субботу', 'location': 'неизвестно', 'condition_description': 'дождь'}"
test_190,Будете ли вы ставить будильник каждую минуту в течение 20 минут?,alarm/set_alarm,alarm/set_alarm,True,0.8573,False,False,False,{'recurring_datetime': 'каждую минуту в течение 20 минут'},"{'datetime': 'каждая минута в течение 20 минут', 'reference': 'каждую минуту'}"
test_191,Тропические штормы в Карибском море,weather/find,weather/find,True,0.905,False,False,False,"{'weather/attribute': 'Тропические штормы', 'location': 'Карибском море'}","{'location': 'Карибское море', 'condition_description': 'тропические штормы'}"
test_234,отмени все будильники,alarm/cancel_alarm,alarm/cancel_alarm,True,0.9665,False,False,False,{'reference': 'все'},{}
test_193,Установи будильник на каждые девять минут.,alarm/set_alarm,alarm/set_alarm,True,0.8788,False,False,False,{'recurring_datetime': 'каждые девять минут'},"{'recurring_datetime': 'every 9 minutes', 'reference': 'not provided'}"
test_194,Удали два последних напоминания в моем списке,reminder/cancel_reminder,reminder/cancel_reminder,True,0.9589,False,False,False,{'reference': 'два последних'},"{'datetime': 'value from text', 'reference': 'value from text'}"
test_195,какая сегодня погода,weather/find,weather/find,True,0.9889,False,False,False,{'datetime': 'сегодня'},{}
test_196,включи текущий будильник,alarm/set_alarm,alarm/set_alarm,True,0.9122,False,False,False,{'reference': 'текущий'},{'datetime': 'включи текущий будильник'}
test_223,Какая сегодня влажность?,weather/find,weather/find,True,0.8732,False,False,False,"{'datetime': 'сегодня', 'weather/attribute': 'влажность'}","{'location': 'unknown', 'condition_description': 'humidity', 'datetime': 'today'}"
test_198,напомни мне установить будильник для подъема,reminder/set_reminder,alarm/set_alarm,False,0.9289,False,False,False,{'reminder/todo': 'установить будильник для подъема'},{'datetime': 'будильник для подъема'}
test_199,Будет ли в эти выходные снег?,weather/find,weather/find,True,0.8846,False,False,False,"{'datetime': 'эти выходные', 'weather/attribute': 'снег'}","{'location': 'unknown', 'datetime': 'unknown weekend date'}"
test_232,Насколько жарко будет сегодня?,weather/find,weather/find,True,0.9047,False,False,False,"{'weather/attribute': 'жарко', 'datetime': 'сегодня'}","{'location': 'unknown', 'datetime': 'today'}"
test_201,На какое время установлен текущий будильник,alarm/show_alarms,alarm/show_alarms,True,0.971,False,False,False,{'reference': 'текущий'},{}
test_202,Какая сегодня погода?,weather/find,weather/find,True,0.9498,False,False,False,{'datetime': 'сегодня'},{}
test_203,Завтра будет дождь?,weather/find,weather/find,True,0.895,False,False,False,"{'datetime': 'Завтра', 'weather/attribute': 'дождь'}","{'datetime': 'завтра', 'location': 'неизвестно'}"
test_204,Отмени текущий будильник на 5:15 утра во вторник,alarm/cancel_alarm,alarm/set_alarm,False,0.8634,False,False,False,"{'reference': 'текущий', 'datetime': '5:15 утра во вторник'}","{'datetime': '5:15 AM on Monday', 'reference': 'current'}"
test_205,отмени напоминание о сегодняшней вечерней игре,reminder/cancel_reminder,reminder/cancel_reminder,True,0.9322,False,False,False,"{'datetime': 'сегодняшней | вечерней', 'reminder/todo': 'игре'}",{'reminder': 'отменить напоминание о сегодняшней вечерней игре'}
test_206,Поставь будильник на 3 ночи,alarm/set_alarm,alarm/set_alarm,True,0.7868,False,False,False,{'datetime': '3 ночи'},{'datetime': '3 ночи'}
test_207,отмени все будильники на субботу,alarm/cancel_alarm,alarm/set_alarm,False,0.9308,False,False,False,"{'reference': 'все', 'datetime': 'субботу'}","{'datetime': 'суббота', 'recurring_datetime': 'суббота'}"
test_208,"мне нужно напоминание, чтобы забрать Лизу",reminder/set_reminder,reminder/set_reminder,True,0.9625,False,False,False,{'reminder/todo': 'забрать Лизу'},{}
test_209,Какой сегодня максимум?,weather/find,weather/find,True,0.8596,False,False,False,"{'datetime': 'сегодня', 'weather/attribute': 'максимум'}","{'condition_description': ""today's maximum temperature""}"
test_210,Будет ли сегодня облачно в Гриндстоуне?,weather/find,weather/find,True,0.9209,False,False,False,"{'datetime': 'сегодня', 'weather/attribute': 'облачно', 'location': 'Гриндстоуне'}",{'location': 'Greenstown'}
test_211,Напомни мне позже,reminder/set_reminder,reminder/set_reminder,True,0.9307,False,False,False,{'datetime': 'позже'},{}
test_212,какая сегодня погода во Франции,weather/find,weather/find,True,0.9513,False,False,False,"{'location': 'Франции', 'datetime': 'сегодня'}",{'location': 'Франция'}
test_213,Будет ли солнечно на вечеринке в субботу,weather/find,weather/find,True,0.9202,False,False,False,"{'weather/attribute': 'солнечно', 'datetime': 'субботу'}","{'datetime': 'в субботу', 'location': 'вечеринка'}"
test_214,завтра пойдет дождь?,weather/find,weather/find,True,0.9179,False,False,False,"{'datetime': 'завтра', 'weather/attribute': 'дождь'}","{'datetime': 'завтра', 'location': 'неизвестно'}"
test_215,Могу ли я надеть сегодня шорты?,weather/find,weather/find,True,0.8707,False,False,False,"{'datetime': 'сегодня', 'weather/attribute': 'шорты'}","{'condition_description': 'weather', 'datetime': 'today', 'location': 'unspecified', 'weather/attribute': 'clothing appropriate'}"
test_216,Покажи текущее напоминание,reminder/show_reminders,reminder/show_reminders,True,0.9694,False,False,False,{'reference': 'текущее'},{}
test_217,какой средний прогноз на сентябрь,weather/find,weather/find,True,0.867,False,False,False,{'datetime': 'сентябрь'},"{'datetime': 'September', 'location': 'average', 'condition_description': 'average'}"
test_218,Сегодня холодно?,weather/find,weather/find,True,0.9152,False,False,False,"{'datetime': 'Сегодня', 'weather/attribute': 'холодно'}","{'location': 'unknown location', 'datetime': 'today'}"
test_240,Отмени все напоминания,reminder/cancel_reminder,reminder/cancel_reminder,True,0.9616,False,False,False,{'reference': 'все'},{}
test_220,жарко?,weather/find,weather/find,True,0.9403,False,False,False,{'weather/attribute': 'жарко'},{'condition_description': 'hot'}
test_221,Поставь будильник на выходные в 2 часа дня,alarm/set_alarm,alarm/set_alarm,True,0.9215,False,False,False,{'recurring_datetime': 'выходные в 2 часа дня'},"{'datetime': 'в выходные в 2 часа дня', 'reference': 'выходные'}"
test_222,Поставь будильник на 2 утра,alarm/set_alarm,alarm/set_alarm,True,0.9645,False,False,False,{'datetime': '2 утра'},{'datetime': '2 утра'}
test_223,Какая сегодня влажность?,weather/find,weather/find,True,0.8732,False,False,False,"{'datetime': 'сегодня', 'weather/attribute': 'влажность'}","{'location': 'unknown', 'condition_description': 'humidity', 'datetime': 'today'}"
test_224,покажи все текущие будильники,alarm/show_alarms,alarm/show_alarms,True,0.9788,False,False,False,{'reference': 'все текущие'},{}
test_225,Покажи мне все текущие напоминания,reminder/show_reminders,reminder/show_reminders,True,0.9751,False,False,False,{'reference': 'все текущие'},{}
test_234,отмени все будильники,alarm/cancel_alarm,alarm/cancel_alarm,True,0.9665,False,False,False,{'reference': 'все'},{}
test_227,Надвигается ли гроза в моем районе?,weather/find,weather/find,True,0.9273,False,False,False,"{'weather/attribute': 'гроза', 'location': 'моем районе'}",{'location': 'my district'}
test_195,какая сегодня погода,weather/find,weather/find,True,0.9889,False,False,False,{'datetime': 'сегодня'},{}
test_229,удали последнее напоминание,reminder/cancel_reminder,reminder/cancel_reminder,True,0.9251,False,False,False,{'reference': 'последнее'},{'reminder': 'удали последнее напоминание'}
test_230,Сколько времени осталость до будильника.,alarm/time_left_on_alarm,alarm/show_alarms,False,0.8536,False,True,False,{},"{'datetime': 'time left on alarm', 'reference': 'time left on alarm'}"
test_231,Отмени все текущие будильники на воскресенье.,alarm/cancel_alarm,alarm/set_alarm,False,0.8889,False,False,False,"{'reference': 'все текущие', 'datetime': 'воскресенье'}","{'datetime': 'воскресенье', 'reference': 'все'}"
test_232,Насколько жарко будет сегодня?,weather/find,weather/find,True,0.9047,False,False,False,"{'weather/attribute': 'жарко', 'datetime': 'сегодня'}","{'location': 'unknown', 'datetime': 'today'}"
test_233,"Я бы хотел, чтобы ты создал новый будильник на завтрашнее утро в 8:45",alarm/set_alarm,alarm/set_alarm,True,0.9496,False,False,False,{'datetime': 'завтрашнее утро в 8:45'},"{'datetime': 'завтрашнее утро в 8:45', 'reference': 'будильник'}"
test_234,отмени все будильники,alarm/cancel_alarm,alarm/cancel_alarm,True,0.9665,False,False,False,{'reference': 'все'},{}
test_235,Пойдет ли снег сегодня?,weather/find,weather/find,True,0.8887,False,False,False,"{'weather/attribute': 'снег', 'datetime': 'сегодня'}","{'location': 'unknown', 'datetime': 'today'}"
test_236,напомни мне купить лед,reminder/set_reminder,AddToPlaylist,False,0.9167,False,False,False,{'reminder/todo': 'купить лед'},{}
test_237,покажи все напоминания,reminder/show_reminders,reminder/show_reminders,True,0.9507,False,False,False,{'reference': 'все'},{}
test_245,покажи все будильники,alarm/show_alarms,alarm/show_alarms,True,0.9575,False,False,False,{'reference': 'все'},{}
test_239,Какая погода в Сан-Франциско?,weather/find,weather/find,True,0.9832,False,False,False,{'location': 'Сан - Франциско'},{'location': 'Сан-Франциско'}
test_240,Отмени все напоминания,reminder/cancel_reminder,reminder/cancel_reminder,True,0.9616,False,False,False,{'reference': 'все'},{}
test_241,Отмени напоминание о концерте,reminder/cancel_reminder,reminder/cancel_reminder,True,0.9541,False,False,False,{'reminder/todo': 'концерте'},{}
test_242,Отмени будильник на завтрашнее утро,alarm/cancel_alarm,alarm/set_alarm,False,0.8429,False,False,False,{'datetime': 'завтрашнее утро'},{'datetime': 'завтрашнее утро'}
test_243,будет ли дождь на этой недели,weather/find,weather/find,True,0.8873,False,False,False,"{'weather/attribute': 'дождь', 'datetime': 'этой недели'}","{'location': 'unknown', 'datetime': 'this week'}"
test_244,Какая погода будет в среду для игры в гольф,weather/find,weather/find,True,0.896,False,False,False,{'datetime': 'среду'},"{'datetime': 'среда', 'location': 'неизвестно'}"
test_245,покажи все будильники,alarm/show_alarms,alarm/show_alarms,True,0.9575,False,False,False,{'reference': 'все'},{}
test_246,отключи все будильники на завтра,alarm/cancel_alarm,alarm/cancel_alarm,True,0.8959,False,False,False,"{'reference': 'все', 'datetime': 'завтра'}","{'datetime': 'завтра', 'reference': 'все будильники'}"
test_56,Установи будильник на 5 часов вечера сегодня,alarm/set_alarm,alarm/set_alarm,True,0.927,False,False,False,{'datetime': '5 часов вечера сегодня'},{'datetime': '5 часов вечера сегодня'}
,поставь будильник на 7 утра на завтра,alarm/set_alarm,alarm/set_alarm,True,0.8943,False,False,False,{'datetime': '7 утра на завтра'},"{'datetime': '7 утра завтра', 'reference': 'на завтра'}"
test_249,Завтра будет солнечно?,weather/find,weather/find,True,0.8898,False,False,False,"{'datetime': 'Завтра', 'weather/attribute': 'солнечно'}","{'datetime': 'завтра', 'location': 'неизвестно'}"
test_250,насколько жарко будет сегодня,weather/find,weather/find,True,0.959,False,False,False,"{'weather/attribute': 'жарко', 'datetime': 'сегодня'}",{}
test_251,Поставь ноль звезд игре Halo: Призраки Оникса,RateBook,PlayMusic,False,0.7902,False,False,False,"{'rating_value': 'ноль', 'rating_unit': 'звезд', 'object_name': 'Halo: Призраки Оникса'}","{'service': 'Spotify', 'track': 'Halo: Pristine Echoes', 'genre': 'First-Person Shooter', 'sort': 'Release Date'}"
,Включи музыку Джой Нило.,PlayMusic,PlayMusic,True,0.8834,False,False,False,{'artist': 'Джой Нило'},"{'artist': 'Joy Neil', 'music_item': 'Include music'}"
,"Пожалуйста, найди мне видеоигру под названием 20 часов в Америке.",SearchCreativeWork,SearchCreativeWork,True,0.9867,False,False,False,"{'object_type': 'видеоигру', 'object_name': '20 часов в Америке'}",{'object_name': '20 часов в Америке'}
test_254,Включи мой изобретательный плейлист,PlayMusic,AddToPlaylist,False,0.9815,False,False,False,{'playlist': 'изобретательный'},{}
test_255,Забронируй место на 9 в Термонте,BookRestaurant,BookRestaurant,True,0.9212,False,False,False,"{'party_size_number': '9', 'location': 'Термонте'}","{'datetime': '9', 'location': 'Temptle'}"
test_256,Добавь эту мелодию в плейлист вечеринок 80-х для Дорти,AddToPlaylist,AddToPlaylist,True,0.8772,False,False,False,"{'music_item': 'мелодию', 'playlist': 'вечеринок 80-х', 'reference': 'Дорти'}","{'playlist': '80s Party Hits', 'music_item': 'Add Melody', 'service': 'Spotify'}"
,Включи новейшую мелодию Эдди Винсона на Last Fm.,PlayMusic,PlayMusic,True,0.8633,False,False,False,"{'sort': 'новейшую', 'music_item': 'мелодию', 'artist': 'Эдди Винсона', 'service': 'Last Fm'}","{'artist': 'Eddy Winson', 'service': 'Last Fm', 'track': 'newest song'}"
,Проверь прогноз для Небраски.,weather/find,weather/find,True,0.9386,False,False,False,{'location': 'Небраски'},"{'location': 'Nebraska', 'weather/attribute': 'forecast'}"
,В Северной Каролине сейчас шторм?,weather/find,weather/find,True,0.9261,False,False,True,"{'location': 'Северной Каролине', 'datetime': 'сейчас', 'condition_description': 'шторм'}",{'location': 'North Carolina'}
,Я хочу послушать миньон 1988 года.,PlayMusic,PlayMusic,True,0.8598,False,False,False,"{'music_item': 'миньон', 'datetime': '1998 года'}","{'music_item': '1988 minion', 'service': '1988 minion'}"
test_261,Мне нужно время спектакля A Yiddish World Remembered в театрах Дипсон,SearchScreeningEvent,BookRestaurant,False,0.9178,False,False,False,"{'object_type': 'время', 'movie_name': 'A Yiddish World Remembered', 'location': 'театрах Дипсон'}","{'cuisine': 'A Yiddish World Remembered', 'datetime': 'theatre Dipsom', 'facility': 'theatre Dipsom', 'party_size_description': '', 'party_size_number': '', 'restaurant_name': '', 'restaurant_type': '', 'served_dish': '', 'sort': ''}"
test_262,Поставь текущему учебнику 1 из 6,RateBook,BookRestaurant,False,0.8897,False,False,False,"{'object_select': 'текущему', 'object_type': 'учебнику', 'rating_value': '1', 'best_rating': '6'}","{'cuisine': 'current textbook', 'datetime': '1 of 6', 'facility': 'book', 'party_size_description': '1', 'party_size_number': '1', 'restaurant_name': '', 'restaurant_type': '', 'served_dish': '', 'sort': ''}"
test_263,Добавь мелодию Мэтта Мерфи в плейлист  Flow Español.,AddToPlaylist,AddToPlaylist,True,0.9422,False,False,False,"{'music_item': 'мелодию', 'artist': 'Мэтта Мерфи', 'playlist': 'Flow Español.'}","{'artist': 'Matt Mercer', 'playlist': 'Flow Español'}"
,Я хочу забронировать суданский гастропаб поблизости в Техасе для 3 человек на 5/20/2025.,BookRestaurant,BookRestaurant,True,0.9422,False,False,True,"{'cuisine': 'суданский', 'restaurant_type': 'гастропаб', 'location': 'поблизости | Техасе', 'party_size_number': '3', 'datetime': '5/20/2025'}","{'cuisine': 'Sudanese', 'datetime': '2025/20/05', 'location': 'Texas', 'party_size_description': '3 people', 'party_size_number': '3'}"
test_265,Не мог бы ты найти телесериал The Approach,SearchCreativeWork,SearchCreativeWork,True,0.9642,False,False,False,"{'object_type': 'телесериал', 'object_name': 'The Approach'}",{'object_name': 'The Approach'}
test_266,Поставь этой хронике 2 балла.,RateBook,unknown,False,0.9134,False,False,True,"{'object_select': 'этой', 'object_part_of_series_type': 'хронике', 'rating_value': '2'}",{}
test_267,Поставь The American Scene 2  из 6 звезд,RateBook,BookRestaurant,False,0.9136,False,False,False,"{'object_name': 'The American Scene', 'rating_value': '2', 'best_rating': '6', 'rating_unit': 'звезд'}","{'restaurant_name': 'The American Scene', 'restaurant_type': '2  из 6 звезд'}"
test_268,Добавь Эмили Отем в мой плейлист Nação Reggae.,AddToPlaylist,AddToPlaylist,True,0.9795,False,False,False,"{'artist': 'Эмили Отем', 'reference': 'мой', 'playlist': 'Nação Reggae'}","{'artist': 'Эмили Отем', 'music_item': 'Nação Reggae', 'playlist': 'мой плейлист'}"
test_269,Я хочу забронировать еврейский ресторан в Гамбии .,BookRestaurant,BookRestaurant,True,0.943,False,False,True,"{'cuisine': 'еврейский', 'restaurant_type': 'ресторан', 'location': 'Гамбии'}","{'cuisine': 'еврейская', 'location': 'Гамбия'}"
test_270,забронируй столик в ресторане Fried chicken,BookRestaurant,BookRestaurant,True,0.9583,False,False,True,{'restaurant_name': 'ресторане Fried chicken'},"{'cuisine': 'fried chicken', 'restaurant_name': 'value not provided', 'restaurant_type': 'value not provided', 'served_dish': 'fried chicken', 'datetime': 'value not provided', 'party_size_description': 'value not provided', 'party_size_number': 'value not provided'}"
test_271,добавь we have a theme song для моего плейлиста House Afterwork,AddToPlaylist,AddToPlaylist,True,0.9714,False,False,False,"{'entity_name': 'we have a theme song', 'reference': 'моего', 'playlist': 'House Afterwork'}","{'playlist': 'House Afterwork', 'music_item': 'theme song'}"
test_272,Какая погода будет недалеко отсюда девятнадцатого октября 2026 года?,weather/find,weather/find,True,0.9104,False,False,False,"{'location': 'недалеко отсюда', 'datetime': 'девятнадцатого октября 2026 года'}","{'datetime': '19 October 2026', 'location': 'nearby'}"
,Погода в Урюпинске Россия на 12/26/2018,weather/find,weather/find,True,0.9299,False,False,False,"{'location': 'Урюпинске | Россия', 'datetime': '12/26/2018'}","{'datetime': '20181226', 'location': 'Урюпинск, Россия'}"
,Я хочу забронировать ресторан для моего тестя и меня в Бакнере через год.,BookRestaurant,BookRestaurant,True,0.917,False,False,True,"{'restaurant_type': 'ресторан', 'party_size_description': 'моего тестя и меня', 'location': 'Бакнере', 'datetime': 'через год'}","{'party_size_description': 'тест', 'party_size_number': '2', 'datetime': 'через год', 'location': 'Бакнер'}"
test_275,Оцени эту книгу на 1,RateBook,RateBook,True,0.9767,False,False,False,"{'object_select': 'эту', 'object_type': 'книгу', 'rating_value': '1'}",{'rating_value': '1'}
test_276,добавь этого исполнителя в мой плейлист spotlight on country 2016,AddToPlaylist,AddToPlaylist,True,0.9239,False,False,False,"{'music_item': 'исполнителя', 'reference': 'мой', 'playlist': 'spotlight on country 2016'}","{'artist': 'this performer', 'playlist': 'my spotlight on country 2016'}"
test_277,Не мог бы ты найти фотографию Epic Conditions?,SearchCreativeWork,weather/find,False,0.873,False,False,False,"{'object_type': 'фотографию', 'object_name': 'Epic Conditions'}","{'location': 'Epic Conditions', 'attribute': 'condition_image_url'}"
test_278,Включи rich sex на Iheart,PlayMusic,none,False,0.0,True,False,True,"{'track': 'rich sex', 'service': 'Iheart'}",{}
test_279,Играет ли Барток Великолепный в семь утра?,SearchScreeningEvent,PlayMusic,False,0.7521,False,False,False,"{'movie_name': 'Барток Великолепный', 'datetime': 'семь утра'}","{'artist': 'Bartók', 'music_item': 'Greatest Works', 'service': '7 AM'}"
test_280,Включи что-нибудь на Zvooq,PlayMusic,unknown,False,0.9688,False,False,False,{'service': 'Zvooq'},{}
test_281,Позволь мне послушать музыку Криса Найта,PlayMusic,PlayMusic,True,0.9532,False,False,False,{'artist': 'Криса Найта'},{}
test_282,включи альбом Джилл Собул,PlayMusic,PlayMusic,True,0.8775,False,False,True,"{'music_item': 'альбом', 'album': 'Джилл Собул'}",{'album': 'The Album by Jill Sobule'}
test_283,Поставь четыре звезды The Broken Window,RateBook,BookRestaurant,False,0.9062,False,False,False,"{'rating_value': 'четыре', 'rating_unit': 'звезды', 'object_name': 'The Broken Window'}","{'cuisine': 'Four Star', 'datetime': 'The Broken Window', 'facility': 'Restaurant', 'restaurant_name': 'The Broken Window', 'restaurant_type': 'Four Star'}"
test_284,Расскажи мне прогноз на 6 утра в Татра-Национальном парке,weather/find,weather/find,True,0.9707,False,False,False,"{'datetime': '6 утра', 'location': 'Татра - Национальном парке'}","{'datetime': '6 утра', 'location': 'Татра-Национальный парк'}"
,"Пожалуйста, забронируй мне стол в кафе, где подают домашнее печенье.",BookRestaurant,BookRestaurant,True,0.9264,False,False,True,"{'restaurant_type': 'кафе', 'served_dish': 'домашнее печенье'}","{'cuisine': 'home-made cookies', 'facility': 'café', 'datetime': 'not provided', 'location': 'not provided', 'party_size_description': 'not provided', 'party_size_number': 'not provided', 'restaurant_name': 'not provided', 'restaurant_type': 'café', 'served_dish': 'home-made cookies', 'sort': 'not provided'}"
,Оцени серию The Mystery of the Tolling Bell на 4 звезды.,RateBook,RateBook,True,0.9813,False,False,True,"{'object_part_of_series_type': 'серию', 'object_name': 'The Mystery of the Tolling Bell', 'rating_value': '4', 'rating_unit': 'звезды'}","{'object_name': 'The Mystery of the Tolling Bell', 'rating_value': '4'}"
test_287,Используй Groove Shark для воспроизведения музыки,PlayMusic,PlayMusic,True,0.9793,False,False,False,{'service': 'Groove Shark'},{}
,Проверь расписание сеансов Snowbound в ближайшем кинотеатре.,SearchScreeningEvent,SearchScreeningEvent,True,0.9231,False,False,True,"{'movie_name': 'Snowbound', 'location': 'ближайшем', 'object_location_type': 'кинотеатре'}","{'movie_name': 'Snowbound', 'object_location_type': 'cinema'}"
test_289,Пожалуйста открой Zvooq,PlayMusic,BookRestaurant,False,0.8921,False,False,False,{'service': 'Zvooq'},{}
test_290,забронируй место на 1 человека в Town of Ramsgate in Merit,BookRestaurant,BookRestaurant,True,0.9106,False,False,True,"{'party_size_number': '1', 'restaurant_name': 'Town of Ramsgate', 'location': 'Merit'}","{'party_size_description': '1', 'party_size_number': '1', 'location': 'Town of Ramsgate', 'restaurant_name': 'Merit', 'restaurant_type': 'TBD'}"
,Будет ли Теория большого взрыва идти в 7 вечера?,SearchScreeningEvent,weather/find,False,0.8959,False,False,False,"{'movie_name': 'Теория большого взрыва', 'datetime': '7 вечера'}","{'datetime': '7 вечера', 'location': 'не указано'}"
,станет ли прохладнее в Кастерском национальном лесу в семь вечера,weather/find,weather/find,True,0.9292,False,False,True,"{'condition_temperature': 'прохладнее', 'location': 'Кастерском национальном лесу', 'datetime': 'семь вечера'}","{'location': 'Кастерский национальный лес', 'datetime': 'семь вечера'}"
test_293,Я хочу послушать что-нибудь на Ютубе.,PlayMusic,PlayMusic,True,0.8629,False,False,False,{'service': 'Ютубе'},{'service': 'service_name'}
test_294,Найди игру Difficult Loves,SearchCreativeWork,SearchCreativeWork,True,0.9415,False,False,False,"{'object_type': 'игру', 'object_name': 'Difficult Loves'}",{'object_name': 'Difficult Loves'}
,Какой прогноз погоды на 20 февраля в Bothe-Napa Valley State Park?,weather/find,weather/find,True,0.9647,False,False,False,"{'datetime': '20 февраля', 'location': 'Bothe-Napa Valley State Park'}","{'datetime': '20 февраля', 'location': 'Bothe-Napa Valley State Park'}"
test_296,покажи мне расписание фильма The Great Gildersleeve возле кинотеатра,SearchScreeningEvent,SearchScreeningEvent,True,0.9403,False,False,True,"{'object_type': 'расписание', 'movie_name': 'The Great Gildersleeve', 'object_location_type': 'кинотеатра'}","{'movie_name': 'The Great Gildersleeve', 'object_location_type': 'cinema', 'datetime': 'please specify date and time'}"
test_297,Расскажи мне о прогнозе погоды в Гибсленде,weather/find,weather/find,True,0.9183,False,False,False,{'location': 'Гибсленде'},{'location': 'Gibbsland'}
test_298,Могу ли я узнать время сеансов в кинотеатрах по соседству?,SearchScreeningEvent,SearchScreeningEvent,True,0.9041,False,False,False,"{'object_type': 'время сеансов', 'movie_type': 'кинотеатрах', 'location': 'по соседству'}","{'datetime': 'time', 'location': 'nearby cinema'}"
test_299,Оцени Soul Music на 0 .,RateBook,RateBook,True,0.9894,False,False,False,"{'object_name': 'Soul Music', 'rating_value': '0'}",{'rating_value': '0'}
test_300,Забронируй столик на пять человек в татарской таверне в Сарджентсе,BookRestaurant,BookRestaurant,True,0.9023,False,False,True,"{'party_size_number': 'пять', 'cuisine': 'татарской', 'restaurant_type': 'таверне', 'location': 'Сарджентсе'}","{'party_size_description': 'five people', 'party_size_number': '5', 'cuisine': 'Tatar', 'location': 'Sardjentes', 'restaurant_name': 'tavern', 'restaurant_type': 'restaurant'}"
,Включи All Things Must Pass,PlayMusic,none,False,0.0,True,False,True,{'track': 'All Things Must Pass'},{}
test_302,Какой прогноз дождя в Южной Корее через час,weather/find,weather/find,True,0.9218,False,False,True,"{'condition_description': 'дождя', 'location': 'Южной Корее', 'datetime': 'час'}","{'location': 'South Korea', 'datetime': '1 hour from now'}"
test_303,Забронируй место на 4 персоны в Оклахоме в South Street Diner,BookRestaurant,BookRestaurant,True,0.9523,False,False,True,"{'party_size_number': '4', 'location': 'Оклахоме', 'restaurant_name': 'South Street Diner'}","{'party_size_description': '4 персоны', 'party_size_number': '4', 'location': 'Оклахома, South Street Diner'}"
,Включи музыку с Нетфликса.,PlayMusic,PlayMusic,True,0.9303,False,False,False,{'service': 'Нетфликса'},{'service': 'Netflix'}
,Я хочу увидеть Shattered Image,SearchScreeningEvent,SearchCreativeWork,False,0.9648,False,False,False,{'movie_name': 'Shattered Image'},{}
test_306,Найди The Sound of One Hand Clapping,SearchCreativeWork,SearchCreativeWork,True,0.9663,False,False,False,{'object_name': 'The Sound of One Hand Clapping'},{}
test_307,Найди альбом Wolves Within,SearchCreativeWork,SearchCreativeWork,True,0.9821,False,False,False,"{'object_type': 'альбом', 'object_name': 'Wolves Within'}","{'object_name': 'Wolves Within', 'object_type': 'album'}"
test_308,в каком кинотеатре идет We Are Northern Lights,SearchScreeningEvent,SearchScreeningEvent,True,0.9464,False,False,True,"{'object_location_type': 'кинотеатре', 'movie_name': 'We Are Northern Lights'}","{'movie_name': 'We Are Northern Lights', 'location': 'unknown'}"
test_309,Добавь our little corner of the world music from gilmore girls в мой плейлист The Funny Thing About Football Is.,AddToPlaylist,AddToPlaylist,True,0.9658,False,False,False,"{'entity_name': 'our little corner of the world music from gilmore girls', 'reference': 'мой', 'playlist': 'The Funny Thing About Football Is'}","{'playlist': 'Our little corner of the world music from Gilmore Girls', 'music_item': 'The Funny Thing About Football Is'}"
test_317,Добавь новейшую песню Richard McNamara в плейлист Just Smile,AddToPlaylist,AddToPlaylist,True,0.9562,False,False,False,"{'music_item': 'песню', 'artist': 'Richard McNamara', 'playlist': 'Just Smile'}","{'artist': 'Richard McNamara', 'music_item': 'новейшая песня Richard McNamara', 'playlist': 'Just Smile'}"
test_318,насколько здесь будет холодно через секунду,weather/find,weather/find,True,0.7576,False,False,True,"{'location': 'здесь', 'condition_temperature': 'холодно', 'datetime': 'через секунду'}","{'datetime': 'через секунду', 'location': 'текущий местоположение'}"
test_319,Найди картинку с названием With You,SearchCreativeWork,SearchCreativeWork,True,0.9569,False,False,False,"{'object_type': 'картинку', 'object_name': 'With You'}",{'object_name': 'With You'}
test_320,Найди творческую работу Deadly Weapons,SearchCreativeWork,SearchCreativeWork,True,0.9977,False,False,False,{'object_name': 'Deadly Weapons'},{'object_name': 'Deadly Weapons'}
,Какая погода будет в ноябре в Брукниле?,weather/find,weather/find,True,0.9041,False,False,False,"{'datetime': 'ноябре', 'location': 'Брукниле'}","{'datetime': 'ноябрь', 'location': 'Брукнинл'}"
test_322,Забронируй столик в кафе на лапшу,BookRestaurant,BookRestaurant,True,0.951,False,False,True,"{'restaurant_type': 'кафе', 'served_dish': 'лапшу'}","{'cuisine': 'паста', 'datetime': 'неизвестно', 'facility': 'кафе', 'party_size_description': 'неизвестно', 'party_size_number': 'неизвестно', 'restaurant_name': 'неизвестно', 'restaurant_type': 'неизвестно', 'served_dish': 'неизвестно', 'sort': 'неизвестно'}"
test_323,какой прогноз на Коста-Рике,weather/find,weather/find,True,0.9621,False,False,False,{'location': 'Коста - Рике'},{'location': 'Коста-Рика'}
test_324,Играет The Two Gladiators,SearchScreeningEvent,SearchCreativeWork,False,0.9385,False,False,False,{'movie_name': 'The Two Gladiators'},{}
test_325,какие фильмы в Star Theatres .,SearchScreeningEvent,SearchScreeningEvent,True,0.9396,False,False,False,"{'movie_type': 'фильмы', 'location': 'Star Theatres'}","{'location': 'Star Theatres', 'object_type': 'movie'}"
test_326,Можешь пожалуйста найти мне сагу Harry Hood ?,SearchCreativeWork,SearchCreativeWork,True,0.9493,False,False,False,"{'object_type': 'сагу', 'object_name': 'Harry Hood'}",{'object_name': 'Harry Hood'}
test_327,добавь эту мелодию в мой плейлист Sleepify,AddToPlaylist,AddToPlaylist,True,0.9294,False,False,False,"{'music_item': 'мелодию', 'reference': 'мой', 'playlist': 'Sleepify'}","{'playlist': 'Sleepify', 'music_item': 'add this melody'}"
test_328,Заиграет ли Any Which Way You Can через 15 секунд,SearchScreeningEvent,PlayMusic,False,0.784,False,False,False,"{'movie_name': 'Any Which Way You Can', 'datetime': 'через 15 секунд'}","{'artist': 'Any Which Way You Can', 'datetime': '15 seconds from now', 'service': 'radio'}"
test_329,Включи музыку с E-type .,PlayMusic,PlayMusic,True,0.9478,False,False,False,{'artist': 'E-type'},{'object_type': 'E-type'}
,Поставь одну звезду текущей книге,RateBook,Book,False,0.8899,False,False,False,"{'rating_value': 'одну', 'object_select': 'текущей', 'object_type': 'книге'}",{'book_name': 'One Hundred Years of Solitude'}
test_331,Включи Another Passenger от Louis Nelson Delisle .,PlayMusic,AddToPlaylist,False,0.9331,False,False,True,"{'album': 'Another Passenger', 'artist': 'Louis Nelson Delisle'}","{'artist': 'Louis Nelson Delisle', 'music_item': 'Another Passenger'}"
test_332,Где я могу найти расписание фильмов,SearchScreeningEvent,SearchScreeningEvent,True,0.9467,False,False,False,{'object_type': 'расписание фильмов'},{}
test_333,какой прогноз на сентябрь 26 в Эмерадо Сен-Пьер и Микелон,weather/find,none,False,0.9128,True,False,False,"{'datetime': 'сентябрь 26', 'location': 'Эмерадо Сен - Пьер и Микелон'}",{}
test_334,Давайте поедим рядом с Оукфилдом через пару минут в Ted Peters Famous Smoked Fish,BookRestaurant,BookRestaurant,True,0.9381,False,False,True,"{'location': 'рядом с | Оукфилдом', 'datetime': 'через пару минут', 'restaurant_name': 'Ted Peters Famous Smoked Fish'}","{'cuisine': 'Ted Peters Famous Smoked Fish', 'datetime': 'in a few minutes', 'location': 'Oakfield'}"
test_335,найди мне трейлер Good Morning Sunshine,SearchCreativeWork,SearchCreativeWork,True,0.9721,False,False,False,"{'object_type': 'трейлер', 'object_name': 'Good Morning Sunshine'}",{'object_name': 'Good Morning Sunshine'}
test_336,Я хочу забронировать пивную на 3 человек на Нидерландских Антильских островах .,BookRestaurant,BookRestaurant,True,0.9588,False,False,False,"{'restaurant_type': 'пивную', 'party_size_number': '3', 'location': 'Нидерландских Антильских островах'}","{'party_size_description': '3', 'party_size_number': '3', 'location': 'Нидерландские Антильские острова'}"
test_337,оцени этот текущий альбом на 0 звезд,RateBook,RateBook,True,0.9844,False,False,False,"{'object_select': 'этот текущий', 'object_type': 'альбом', 'rating_value': '0', 'rating_unit': 'звезд'}",{'rating_value': '0'}
test_338,Хотели бы забронировать место в Монако в кофейне Yankee Doodle Coffee Shop,BookRestaurant,BookRestaurant,True,0.9321,False,False,True,"{'location': 'Монако', 'restaurant_name': 'Yankee Doodle Coffee Shop'}","{'location': 'Монако', 'facility': 'кофейня', 'restaurant_name': 'Yankee Doodle Coffee Shop', 'restaurant_type': 'Yankee Doodle Coffee Shop', 'party_size_description': 'не указано', 'party_size_number': 'не указано', 'datetime': 'не указано', 'cuisine': 'не указано'}"
test_339,Добавь исполнителя в плейлист political punks.,AddToPlaylist,AddToPlaylist,True,0.9749,False,False,False,"{'music_item': 'исполнителя', 'playlist': 'political punks.'}",{'artist': 'political punks'}
test_340,Будет ли холоднее через четыре месяца в Сувани AK,weather/find,weather/find,True,0.9374,False,False,True,"{'condition_temperature': 'холоднее', 'datetime': 'через четыре месяца', 'location': 'Сувани | AK'}","{'condition_description': 'colder', 'datetime': 'in four months', 'location': 'Suwanee, AK'}"
test_341,добавь  Muzika za decu в мой плейлист Crash Course,AddToPlaylist,AddToPlaylist,True,0.9488,False,False,False,"{'entity_name': 'Muzika za decu', 'reference': 'мой', 'playlist': 'Crash Course'}","{'playlist': 'Crash Course', 'entity_name': 'Muzika za decu'}"
test_342,Можешь поискать сагу Molecular Oncology ?,SearchCreativeWork,SearchCreativeWork,True,0.9521,False,False,False,"{'object_type': 'сагу', 'object_name': 'Molecular Oncology'}",{'object_name': 'Molecular Oncology'}
test_343,Я хочу забронировать ресторан на шесть человек в Вагстаффе AK .,BookRestaurant,BookRestaurant,True,0.9573,False,False,False,"{'restaurant_type': 'ресторан', 'party_size_number': 'шесть', 'location': 'Вагстаффе | AK'}","{'party_size_description': 'шесть человек', 'party_size_number': 'шесть', 'location': 'Вагстафф'}"
test_344,Включи симфоническую музыку Дэвида Линдли .,PlayMusic,PlayMusic,True,0.883,False,False,False,"{'music_item': 'симфоническую', 'artist': 'Дэвида Линдли'}","{'artist': 'David Lindley', 'genre': 'Symphonic Music', 'music_item': 'David Lindley'}"
,"Пожалуйста, найди мне телесериал Now We Are Married .",SearchCreativeWork,SearchCreativeWork,True,0.9871,False,False,False,"{'object_type': 'телесериал', 'object_name': 'Now We Are Married'}",{'object_name': 'Now We Are Married'}
test_346,Я хочу посмотреть Outcast .,SearchScreeningEvent,SearchCreativeWork,False,0.9903,False,False,False,{'movie_name': 'Outcast'},{'object_name': 'Outcast'}
test_347,добавь текущий трек в мой плейлист This Is Tchaikovsky,AddToPlaylist,PlayMusic,False,0.9382,False,False,False,"{'music_item': 'трек', 'reference': 'мой', 'playlist': 'This Is Tchaikovsky'}",{'music_item': 'This Is Tchaikovsky'}
test_348,Включи This Is: Miles Davis на Lastfm .,PlayMusic,PlayMusic,True,0.9517,False,False,False,"{'playlist': 'This Is: Miles Davis', 'service': 'Lastfm'}","{'artist': 'Miles Davis', 'music_item': 'Lastfm', 'service': 'Lastfm'}"
test_349,забронируй лучший столик в Танзании на 5 человек в кафе,BookRestaurant,BookRestaurant,True,0.92,False,False,False,"{'sort': 'лучший', 'location': 'Танзании', 'party_size_number': '5', 'restaurant_type': 'кафе'}","{'cuisine': 'best', 'party_size_description': '5 people', 'party_size_number': '5', 'location': 'Tanzania', 'restaurant_type': 'café'}"
test_350,Давайте послушаем старого доброго Mohammad Mamlе на Vimeo .,PlayMusic,SearchCreativeWork,False,0.943,False,False,False,"{'sort': 'старого | доброго', 'artist': 'Mohammad Mamle', 'service': 'Vimeo'}","{'object_name': 'Mohammad Mamlе', 'object_type': 'vimeo video'}"
test_351,Помести трек Vandemataram Srinivas в HipHop Hot 50 .,AddToPlaylist,AddToPlaylist,True,0.9718,False,False,False,"{'music_item': 'трек', 'artist': 'Vandemataram Srinivas', 'playlist': 'HipHop Hot 50'}","{'artist': 'Vandemataram Srinivas', 'music_item': 'HipHop Hot 50', 'playlist': 'HipHop Hot 50'}"
test_352,Найди мне песню Secret South .,SearchCreativeWork,SearchCreativeWork,True,0.9857,False,False,False,"{'object_type': 'песню', 'object_name': 'Secret South'}",{'object_name': 'Secret South'}
test_353,песни девяностых на Zvooq,PlayMusic,PlayMusic,True,0.7857,False,False,False,"{'datetime': 'девяностых', 'service': 'Zvooq'}","{'service': 'Zvooq', 'genre': '90s music', 'sort': 'release_date'}"
test_354,"какой прогноз погоды в Admire в Техасе, начиная с пяти вечера",weather/find,weather/find,True,0.8136,False,False,False,"{'location': 'Admire | Техасе', 'datetime': 'пяти | вечера'}","{'location': 'Admire, Texas', 'datetime': 'five PM'}"
test_355,Включи что-нибудь на Last Fm,PlayMusic,PlayMusic,True,0.8857,False,False,False,{'service': 'Last Fm'},"{'service': 'Last Fm', 'track': 'some track name from text', 'artist': 'artist name from text', 'album': 'album name from text', 'genre': 'genre from text', 'datetime': 'datetime from text', 'sort': 'sort order from text', 'playlist': 'playlist name from text'}"
,Я хочу посмотреть The Portrait of a Lady в ближайшем кинотеатре.,SearchScreeningEvent,SearchCreativeWork,False,0.9705,False,False,True,"{'movie_name': 'The Portrait of a Lady', 'location': 'ближайшем', 'object_location_type': 'кинотеатре'}","{'object_name': 'The Portrait of a Lady', 'object_type': 'movie'}"
,Пожалуйста найди мне Phineas Redux.,SearchCreativeWork,SearchCreativeWork,True,0.995,False,False,False,{'object_name': 'Phineas Redux'},{'object_name': 'Phineas Redux'}
test_358,Добавь мелодию 40 cal в плейлист laundry.,AddToPlaylist,AddToPlaylist,True,0.9468,False,False,False,"{'music_item': 'мелодию', 'artist': '40 cal', 'playlist': 'laundry'}","{'music_item': '40 cal melody', 'playlist': 'laundry'}"
,Открой itunes и включи Ben Burnley Ready To Die.,PlayMusic,PlayMusic,True,0.9406,False,False,True,"{'service': 'itunes', 'artist': 'Ben Burnley', 'album': 'Ready To Die'}","{'service': 'iTunes', 'music_item': 'Ben Burnley Ready To Die', 'artist': 'Ben Burnley'}"
,Какая погода будет около Памятника Лихула 5 декабря?,weather/find,weather/find,True,0.9904,False,False,False,"{'location': 'Памятника Лихула', 'datetime': '5 декабря'}","{'location': 'Памятник Лихула', 'datetime': '5 декабря'}"
,Покажи расписание Sexy Dance 2 в ближайшем кинотеатре.,SearchScreeningEvent,SearchScreeningEvent,True,0.9478,False,False,True,"{'object_type': 'расписание', 'movie_name': 'Sexy Dance 2', 'location': 'ближайшем', 'object_location_type': 'кинотеатре'}","{'movie_name': 'Sexy Dance 2', 'object_location_type': 'cinema', 'object_location': 'nearest cinema'}"
,Найди песню с названием Live at the Kings Center.,SearchCreativeWork,SearchCreativeWork,True,0.9816,False,False,False,"{'object_type': 'песню', 'object_name': 'Live at the Kings Center'}",{'object_name': 'Live at the Kings Center'}
,"Какая погода в Тайонеке, Нью-Джерси?",weather/find,weather/find,True,0.9862,False,False,False,{'location': 'Тайонеке | Нью | - Джерси'},"{'location': 'Тайонек, Нью-Джерси'}"
test_364,Я хочу забронировать Tupelo Honey Cafe в Нью-Джерси для пяти человек.,BookRestaurant,BookRestaurant,True,0.9223,False,False,True,"{'restaurant_name': 'Tupelo Honey Cafe', 'location': 'Нью | - Джерси', 'party_size_number': 'пяти'}","{'cuisine': 'Tupelo Honey Cafe', 'datetime': 'not provided', 'facility': 'New Jersey', 'party_size_description': 'five people', 'party_size_number': '5'}"
,Забронируй место для меня и моих племянниц в чайном домике.,BookRestaurant,BookRestaurant,True,0.9209,False,False,True,"{'party_size_description': 'меня и моих племянниц', 'restaurant_type': 'чайном домике'}","{'facility': 'чайный домик', 'party_size_description': 'мне и моих племянниц', 'party_size_number': 'неизвестно'}"
,Будет ли жарко в Нидерландах 16 февраля?,weather/find,weather/find,True,0.988,False,False,True,"{'condition_temperature': 'жарко', 'location': 'Нидерландах', 'datetime': '16 февраля'}","{'location': 'Нидерланды', 'datetime': '16 февраля'}"
,Я хотел бы добавить Jordan Rudess в плейлист Divertido para niños.,AddToPlaylist,AddToPlaylist,True,0.9797,False,False,False,"{'artist': 'Jordan Rudess', 'playlist': 'Divertido para niños'}","{'artist': 'Jordan Rudess', 'playlist': 'Divertido para niños'}"
,Оцени In the Company of Cheerful Ladies на ноль из 6.,RateBook,RateBook,True,0.9433,False,False,False,"{'object_name': 'In the Company of Cheerful Ladies', 'rating_value': 'ноль', 'best_rating': '6'}","{'object_name': 'In the Company of Cheerful Ladies', 'rating_value': '0', 'rating_unit': 'stars'}"
test_112,Что такое суровый прогноз погода?,weather/find,weather/find,True,0.8978,False,False,False,{'weather/attribute': 'суровый'},{'condition_description': 'surly forecast'}
test_113,напомни мне о визите к врачу на следующей недели,reminder/set_reminder,book_appointment,False,0.8451,False,False,False,"{'reminder/todo': 'визите к врачу', 'datetime': 'на следующей недели'}","{'datetime': 'next_week', 'facility': ""doctor's_office"", 'object_type': 'medical_appointment'}"
test_114,поставь напоминание о походе в магазин в 8 утра,reminder/set_reminder,reminder/set_reminder,True,0.9093,False,False,False,"{'reminder/todo': 'походе в магазин', 'datetime': '8 утра'}","{'datetime': '8 утра', 'reference': 'похоже на поход в магазин'}"
test_115,Поставь напоминание о сдачи вещей в химчистку,reminder/set_reminder,reminder/set_reminder,True,0.9008,False,False,False,{'reminder/todo': 'сдачи вещей в химчистку'},"{'datetime': 'дата сдачи', 'reference': 'сдача вещей в химчистку'}"
test_116,когда похоладает?,weather/find,weather/find,True,0.7969,False,False,False,{'weather/attribute': 'похоладает'},"{'datetime': 'unknown', 'location': 'unknown'}"
test_243,будет ли дождь на этой недели,weather/find,weather/find,True,0.8873,False,False,False,"{'weather/attribute': 'дождь', 'datetime': 'этой недели'}","{'location': 'unknown', 'datetime': 'this week'}"
test_118,удали все будильники,alarm/cancel_alarm,alarm/cancel_alarm,True,0.8924,False,False,False,{'reference': 'все'},{'reference': 'all'}
test_179,отмени будильники,alarm/cancel_alarm,alarm/cancel_alarm,True,0.9412,False,False,False,{},{}
test_120,покажи мне текущие будильники,alarm/show_alarms,alarm/show_alarms,True,0.9891,False,False,False,{'reference': 'текущие'},{}
test_121,На какое время у меня установлен будильник?,alarm/show_alarms,alarm/show_alarms,True,0.9052,False,False,False,{},"{'datetime': 'valueless', 'reference': 'valueless'}"
test_189,В субботу пойдет дождь?,weather/find,weather/find,True,0.9129,False,False,False,{'datetime': 'субботу'},"{'datetime': 'в субботу', 'location': 'неизвестно', 'condition_description': 'пойдет дождь?'}"
test_123,насколько жарко сегодня будет,weather/find,weather/find,True,0.9487,False,False,False,"{'weather/attribute': 'жарко', 'datetime': 'сегодня'}",{}
test_124,Сбрось все будильники,alarm/cancel_alarm,alarm/snooze_alarm,False,0.9577,False,False,False,{'reference': 'все'},{}
test_125,Погода в Тахо в эти выходных?,weather/find,weather/find,True,0.925,False,False,False,"{'location': 'Тахо', 'datetime': 'эти выходные'}","{'location': 'Тахо', 'datetime': 'эти выходные'}"
test_126,Понадобится ли курта сегодня?,weather/find,weather/find,True,0.9006,False,False,False,"{'weather/attribute': 'куртка', 'datetime': 'сегодня'}","{'location': 'unknown', 'datetime': 'today'}"
test_127,Когда дождь закончится?,weather/find,weather/find,True,0.8943,False,False,False,{'weather/attribute': 'дождь'},"{'condition_description': 'when will the rain stop', 'datetime': 'unknown', 'location': 'unknown'}"
test_128,Поставь напоминание позвонить в школу в понедельник в 4 часа дня,reminder/set_reminder,reminder/set_reminder,True,0.9581,False,False,False,"{'reminder/todo': 'позвонить в школу', 'datetime': 'понедельник в 4 часа дня'}","{'datetime': 'понедельник в 4 часа дня', 'reference': 'позвонить в школу'}"
test_129,Выключи текущий будильник.,alarm/cancel_alarm,alarm/disable_alarm,False,0.8465,False,False,False,{'reference': 'текущий'},"{'datetime': 'current time', 'reference': 'current alarm'}"
test_130,Насколько холодно будет сегодня вечером?,weather/find,weather/find,True,0.9038,False,False,False,"{'weather/attribute': 'холодно', 'datetime': 'сегодня вечером'}","{'datetime': 'today evening', 'location': 'unknown', 'condition_temperature': 'unknown'}"
,поставь будильник на 7 утра на завтра,alarm/set_alarm,alarm/set_alarm,True,0.8943,False,False,False,{'datetime': '7 утра на завтра'},"{'datetime': '7 утра завтра', 'reference': 'на завтра'}"
test_132,"Отмени текущее напоминание о том, чтобы забрать Роба",reminder/cancel_reminder,reminder/cancel_reminder,True,0.8833,False,False,False,"{'reference': 'текущее', 'reminder/todo': 'забрать Роба'}","{'reference': 'текущие напоминания', 'reminder/todo': 'забрать Роба'}"
test_133,Создай напоминание на завтра о покупке молока,reminder/set_reminder,reminder/set_reminder,True,0.9646,False,False,False,"{'datetime': 'завтра', 'reminder/todo': 'покупке молока'}","{'datetime': 'завтра', 'reference': 'покупка молока'}"
test_134,поставь будильник на 6 вечера,alarm/set_alarm,alarm/set_alarm,True,0.7299,False,False,False,{'datetime': '6 вечера'},{'datetime': '6 вечера'}
test_135,запланируй ежедневный будильник на 7:30 вечера до удаления,alarm/set_alarm,alarm/set_alarm,True,0.9018,False,False,False,{'recurring_datetime': 'ежедневный | 7:30 вечера'},"{'datetime': '7:30 PM', 'reference': 'daily reminder until deletion'}"
test_198,напомни мне поставить будильник для подъема,reminder/set_reminder,alarm/set_alarm,False,0.7976,False,False,False,{'reminder/todo': 'поставить будильник для подъема'},{'datetime': 'подъема'}
test_137,Отмени текущее напоминание,reminder/cancel_reminder,reminder/cancel_reminder,True,0.9802,False,False,False,{'reference': 'текущее'},{}
test_235,Сегодня пойдет снег?,weather/find,weather/find,True,0.8802,False,False,False,"{'datetime': 'Сегодня', 'weather/attribute': 'снег'}","{'location': 'unknown location', 'condition_description': 'snow', 'datetime': 'today'}"
test_139,Покажи мне все будильники,alarm/show_alarms,alarm/show_alarms,True,0.9773,False,False,False,{'reference': 'все'},{}
test_237,покажи все напоминания,reminder/show_reminders,reminder/show_reminders,True,0.9507,False,False,False,{'reference': 'все'},{}
test_141,сколько времени осталось до текущего будильника,alarm/time_left_on_alarm,alarm/time_left_on_alarm,True,0.9045,False,True,False,{'reference': 'текущего'},"{'datetime': 'current datetime', 'reference': 'reference to current alarm'}"
test_142,поставь будильник на 2 часа,alarm/set_alarm,alarm/set_alarm,True,0.7454,False,False,False,{'datetime': '2 часа'},{'datetime': '2 часа'}
test_143,Напомни мне купить хлеб после работы,reminder/set_reminder,BookRestaurant,False,0.9692,False,False,False,"{'reminder/todo': 'купить хлеб', 'datetime': 'после работы'}","{'cuisine': 'no value', 'datetime': 'no value', 'facility': 'no value', 'location': 'no value', 'party_size_description': 'no value', 'party_size_number': 'no value', 'restaurant_name': 'no value', 'restaurant_type': 'no value', 'served_dish': 'no value', 'sort': 'no value'}"
test_144,Сегодня будет дождь?,weather/find,weather/find,True,0.878,False,False,False,"{'datetime': 'Сегодня', 'weather/attribute': 'дождь'}","{'location': 'unknown', 'condition_description': 'rain', 'datetime': 'today'}"
test_145,прочитай прогноз погоды на сегодня,weather/find,weather/find,True,0.9611,False,False,False,{'datetime': 'сегодня'},{}
test_146,На какое время установлен текущий будильник?,alarm/show_alarms,alarm/show_alarms,True,0.878,False,False,False,{'reference': 'текущий'},{'datetime': 'Текущий время'}
test_147,завтра в 4 напомни мне сходить в торговый центр,reminder/set_reminder,reminder/set_reminder,True,0.9327,False,False,False,"{'datetime': 'завтра в 4', 'reminder/todo': 'сходить в торговый центр'}","{'datetime': 'завтра в 4', 'reference': 'напомнить сходить в торговый центр'}"
test_148,сегодня мне понадобится зонт,weather/find,weather/find,True,0.9089,False,False,False,"{'datetime': 'сегодня', 'weather/attribute': 'зонт'}","{'condition_description': 'need', 'datetime': 'today'}"
test_216,Покажи текущее напоминание,reminder/show_reminders,reminder/show_reminders,True,0.9694,False,False,False,{'reference': 'текущее'},{}
test_237,покажи все напоминания,reminder/show_reminders,reminder/show_reminders,True,0.9507,False,False,False,{'reference': 'все'},{}
test_151,Установи напоминание покормить собаку в понедельник.,reminder/set_reminder,reminder/set_reminder,True,0.9455,False,False,False,"{'reminder/todo': 'покормить собаку', 'datetime': 'понедельник'}","{'datetime': 'понедельник', 'reference': 'покормить собаку'}"
test_152,"Поставь напоминание ""Класс саб-йоги во вторник вечером в Bala"" на завтра",reminder/set_reminder,reminder/set_reminder,True,0.9541,False,False,False,"{'reminder/todo': 'Класс саб-йоги во вторник вечером в Bala', 'datetime': 'завтра'}","{'datetime': 'завтра', 'reference': 'Класс саб-йоги во вторник вечером в Bala', 'reminder/todo': 'Напоминание'}"
test_153,Отмени все напоминания на сегодня,reminder/cancel_reminder,reminder/cancel_reminder,True,0.9258,False,False,False,"{'reference': 'все', 'datetime': 'сегодня'}","{'datetime': 'today', 'reminder/todo': 'cancel_all'}"
test_154,Какая погода будет в Нью Йорке на этой недели,weather/find,weather/find,True,0.9633,False,False,False,"{'location': 'Нью Йорке', 'datetime': 'этой недели'}","{'location': 'New York', 'datetime': 'this week'}"
test_155,напомни мне о визите к доктору в четверг в 12 часов дня,reminder/set_reminder,BookRestaurant,False,0.9084,False,False,False,"{'reminder/todo': 'визите к доктору', 'datetime': 'четверг в 12 часов дня'}","{'datetime': 'четверг в 12 часов дня', 'facility': 'доктор', 'party_size_description': 'один'}"
test_156,Установи будильник на 6:50 вечера,alarm/set_alarm,alarm/set_alarm,True,0.9649,False,False,False,{'datetime': '6:50 вечера'},{'datetime': '6:50 PM'}
test_235,Пойдет ли снег сегодня?,weather/find,weather/find,True,0.8887,False,False,False,"{'weather/attribute': 'снег', 'datetime': 'сегодня'}","{'location': 'unknown', 'datetime': 'today'}"
test_158,Какие будильники установлены?,alarm/show_alarms,alarm/show_alarms,True,0.9844,False,False,False,{},{}
test_159,Установи напоминание на 7 октября,reminder/set_reminder,reminder/set_reminder,True,0.9588,False,False,False,{'datetime': '7 октября'},"{'datetime': '7 октября', 'reminder/todo': 'установить напоминание'}"
test_160,Будет ли сегодня снег?,weather/find,weather/find,True,0.8942,False,False,False,"{'datetime': 'сегодня', 'weather/attribute': 'снег'}","{'location': 'unknown', 'datetime': 'today'}"
test_161,отложи будильник на 15 минут,alarm/snooze_alarm,alarm/set_alarm,False,0.919,False,True,False,{'datetime': '15 минут'},"{'datetime': '15 minutes from now', 'reference': 'будильник'}"
test_237,покажи все напоминания,reminder/show_reminders,reminder/show_reminders,True,0.9507,False,False,False,{'reference': 'все'},{}
test_2,Нужен ли мне свитер?,weather/find,weather/find,True,0.8208,False,False,False,{'weather/attribute': 'свитер'},"{'condition_description': 'weather', 'condition_temperature': 'unknown'}"
test_3,Добавь напоминание на сегодня на 4 часа дня,reminder/set_reminder,reminder/set_reminder,True,0.7833,False,False,False,{'datetime': 'сегодня на 4 часа дня'},"{'datetime': 'today at 16:00', 'reference': 'add reminder for 4 hours'}"
test_137,Отмени текущее напоминание,reminder/cancel_reminder,reminder/cancel_reminder,True,0.9802,False,False,False,{'reference': 'текущее'},{}
test_5,Напомни мне заправиться.,reminder/set_reminder,reminder/set_reminder,True,0.8832,False,False,False,{'reminder/todo': 'заправиться'},{'datetime': 'напомни заправиться'}
test_6,Нужен ли мне зонт в среду?,weather/find,weather/find,True,0.8722,False,False,False,"{'weather/attribute': 'зонт', 'datetime': 'среду'}","{'location': 'unknown', 'datetime': 'unknown'}"
test_7,отложи будильники на 5 минут,alarm/snooze_alarm,alarm/set_alarm,False,0.9275,False,True,False,{'datetime': '5 минут'},"{'datetime': '5 minutes from now', 'reference': 'self'}"
test_8,поставь напоминание о дне рождения Макса,reminder/set_reminder,reminder/set_reminder,True,0.9469,False,False,False,{'reminder/todo': 'напоминание о дне рождения Макса'},"{'datetime': 'день рождения Макса', 'reference': 'день рождения Макса'}"
test_237,покажи все напоминания,reminder/show_reminders,reminder/show_reminders,True,0.9507,False,False,False,{'reference': 'все'},{}
test_10,Покажи все будильники.,alarm/show_alarms,alarm/show_alarms,True,0.974,False,False,False,{'reference': 'все'},{}
test_144,Сегодня будет дождь?,weather/find,weather/find,True,0.878,False,False,False,"{'datetime': 'Сегодня', 'weather/attribute': 'дождь'}","{'location': 'unknown', 'condition_description': 'rain', 'datetime': 'today'}"
test_12,Поставь будильник на 8 утра,alarm/set_alarm,alarm/set_alarm,True,0.9576,False,False,False,{'datetime': '8 утра'},{'datetime': '8 утра'}
test_96,Какая сегодня температура?,weather/find,weather/find,True,0.9082,False,False,False,"{'datetime': 'сегодня', 'weather/attribute': 'температура'}",{'condition_temperature': 'температура'}
test_216,Покажи текущее напоминание,reminder/show_reminders,reminder/show_reminders,True,0.9694,False,False,False,{'reference': 'текущее'},{}
test_245,покажи все будильники,alarm/show_alarms,alarm/show_alarms,True,0.9575,False,False,False,{'reference': 'все'},{}
test_16,Напомни мне поговорить с Беном о Джорджии,reminder/set_reminder,Remind,False,0.8646,False,False,False,{'reminder/todo': 'поговорить с Беном о Джорджии'},"{'person': 'Бен', 'topic': 'Джорджия'}"
test_17,Поставь будильник на 5 утра,alarm/set_alarm,alarm/set_alarm,True,0.7147,False,False,False,{'datetime': '5 утра'},{'datetime': '5 утра'}
test_18,сегодня пасмурно,weather/find,none,False,0.0,True,False,False,"{'datetime': 'сегодня', 'weather/attribute': 'пасмурно'}",{}
test_19,Сколько дюймов дождя выпадет сегодня?,weather/find,weather/find,True,0.8228,False,False,False,"{'weather/attribute': 'дюймов дождя', 'datetime': 'сегодня'}","{'location': 'today', 'condition_temperature': 'dollars'}"
test_20,Напомни мне позвонить сестре завтра,reminder/set_reminder,reminder/set_reminder,True,0.9356,False,False,False,"{'reminder/todo': 'позвонить сестре', 'datetime': 'завтра'}","{'datetime': 'завтра', 'reference': 'позвонить сестре'}"
test_21,выключи будильник,alarm/cancel_alarm,alarm/set_alarm,False,0.9598,False,False,False,{},{}
test_22,Будет ли жарко на этой неделе?,weather/find,weather/find,True,0.9099,False,False,False,"{'weather/attribute': 'жарко', 'datetime': 'этой неделе'}","{'location': 'unknown', 'datetime': 'this week'}"
test_23,Поставь будильник на 3 часа дня,alarm/set_alarm,alarm/set_alarm,True,0.9747,False,False,False,{'datetime': '3 часа дня'},{'datetime': '3 часа дня'}
test_61,сегодня будет снег,weather/find,weather/find,True,0.908,False,False,False,"{'datetime': 'сегодня', 'weather/attribute': 'снег'}","{'datetime': 'сегодня', 'location': 'неизвестно', 'condition_description': 'снег'}"
test_118,удали все будильники,alarm/cancel_alarm,alarm/cancel_alarm,True,0.8924,False,False,False,{'reference': 'все'},{'reference': 'all'}
test_26,Покажи мне все напоминания,reminder/show_reminders,reminder/show_reminders,True,0.9675,False,False,False,{'reference': 'все'},{}
test_230,Сколько времени осталость до будильника.,alarm/time_left_on_alarm,alarm/show_alarms,False,0.8536,False,True,False,{},"{'datetime': 'time left on alarm', 'reference': 'time left on alarm'}"
test_183,Какие у меня напоминания?,reminder/show_reminders,reminder/show_reminders,True,0.9531,False,False,False,{'reference': 'меня'},{}
test_29,Поставь ежедневный будильник на 8 утра,alarm/set_alarm,alarm/set_alarm,True,0.7464,False,False,False,{'recurring_datetime': 'ежедневный | 8 утра'},{'datetime': '8 утра'}
test_30,можешь показать мне будильники?,alarm/show_alarms,alarm/show_alarms,True,0.9646,False,False,False,{},{}
test_31,В мире Диснея сегодня ожидаются бури?,weather/find,weather/find,True,0.9408,False,False,False,"{'location': 'В мире Диснея', 'datetime': 'сегодня', 'weather/attribute': 'бури'}",{'location': 'Мир Диснея'}
test_61,сегодня будет снег,weather/find,weather/find,True,0.908,False,False,False,"{'datetime': 'сегодня', 'weather/attribute': 'снег'}","{'datetime': 'сегодня', 'location': 'неизвестно', 'condition_description': 'снег'}"
test_245,покажи все будильники,alarm/show_alarms,alarm/show_alarms,True,0.9575,False,False,False,{'reference': 'все'},{}
test_218,Сегодня холодно?,weather/find,weather/find,True,0.9152,False,False,False,"{'datetime': 'Сегодня', 'weather/attribute': 'холодно'}","{'location': 'unknown location', 'datetime': 'today'}"
test_35,Пожалуйста отмени будильник на утро четверга.,alarm/cancel_alarm,alarm/cancel_alarm,True,0.9086,False,False,False,{'datetime': 'утро четверга'},"{'datetime': 'утро четверга', 'reference': 'будильник'}"
test_144,Сегодня будет дождь?,weather/find,weather/find,True,0.878,False,False,False,"{'datetime': 'Сегодня', 'weather/attribute': 'дождь'}","{'location': 'unknown', 'condition_description': 'rain', 'datetime': 'today'}"
test_37,в Канаде идет снег,weather/find,weather/find,True,0.9541,False,False,False,"{'location': 'Канаде', 'weather/attribute': 'снег'}","{'location': 'Канада', 'condition_description': 'снег'}"
test_38,Какой максимум будет сегодня?,weather/find,weather/find,True,0.77,False,False,False,"{'weather/attribute': 'максимум', 'datetime': 'сегодня'}",{}
test_39,"Выпадет ли сегодня вечером достаточно снега, чтобы сделать поездки опасными?",weather/find,weather/find,True,0.8831,False,False,False,"{'datetime': 'сегодня вечером', 'weather/attribute': 'снега'}","{'datetime': 'today evening', 'location': 'unspecified', 'condition_description': 'enough snow to make trips dangerous'}"
test_237,покажи все напоминания,reminder/show_reminders,reminder/show_reminders,True,0.9507,False,False,False,{'reference': 'все'},{}
test_41,удали все напоминания,reminder/cancel_reminder,reminder/cancel_reminder,True,0.9476,False,False,False,{'reference': 'все'},"{'datetime': 'value from text', 'reference': 'value from text'}"
test_42,понадобится лм мне завтра куртка?,weather/find,weather/find,True,0.9006,False,False,False,"{'datetime': 'завтра', 'weather/attribute': 'куртка'}","{'datetime': 'завтра', 'object_name': 'куртка', 'condition_description': 'понадобится'}"
test_43,Сколько времени осталось до будильника,alarm/time_left_on_alarm,alarm/time_left_on_alarm,True,0.9032,False,True,False,{},{'datetime': 'время до будильника'}
test_44,Останови будильник,alarm/snooze_alarm,alarm/set_alarm,False,0.9678,False,True,False,{},{}
test_139,Покажи мне все будильники,alarm/show_alarms,alarm/show_alarms,True,0.9773,False,False,False,{'reference': 'все'},{}
test_46,Какая погода в Йеллоустоуне?,weather/find,weather/find,True,0.9377,False,False,False,{'location': 'Йеллоустоуне'},{'location': 'Йеллоустоуне'}
test_202,Какая сегодня погода?,weather/find,weather/find,True,0.9498,False,False,False,{'datetime': 'сегодня'},{}
test_48,"Удали текущее напоминание о том, что завтра нужно забрать Патрика из школы.",reminder/cancel_reminder,reminder/cancel_reminder,True,0.9398,False,False,False,"{'reference': 'текущее', 'datetime': 'завтра', 'reminder/todo': 'забрать Патрика из школы'}",{'reminder/todo': 'забрать Патрика из школы'}
test_49,"Напомни мне завта в это же время, записаться на прием к врачу",reminder/set_reminder,reminder/cancel_reminder,False,0.8671,False,False,False,"{'datetime': 'завтра в это же время', 'reminder/todo': 'записаться на прием к врачу'}","{'datetime': 'завтра в это же время', 'reference': 'время завта'}"
test_50,Напомни мне отказаться от аренды,reminder/set_reminder,AddToPlaylist,False,0.9396,False,False,False,{'reminder/todo': 'отказаться от аренды'},{}
test_51,когда закончится дождь?,weather/find,weather/find,True,0.764,False,False,False,{'weather/attribute': 'дождь'},"{'datetime': 'текущий момент', 'location': 'место пользователя'}"
test_179,отмени будильники,alarm/cancel_alarm,alarm/cancel_alarm,True,0.9412,False,False,False,{},{}
test_53,Напомни мне позвонить Стефани во вторник,reminder/set_reminder,reminder/set_reminder,True,0.8466,False,False,False,"{'reminder/todo': 'позвонить Стефани', 'datetime': 'вторник'}","{'datetime': 'second Monday of February', 'reference': 'call Stephanie'}"
test_224,покажи все текущие будильники,alarm/show_alarms,alarm/show_alarms,True,0.9788,False,False,False,{'reference': 'все текущие'},{}
test_232,Насколько жарко сегодня будет?,weather/find,weather/find,True,0.8754,False,False,False,"{'weather/attribute': 'жарко', 'datetime': 'сегодня'}","{'location': 'unknown', 'datetime': 'today'}"
test_56,Установи будильник на 5 часов вечера сегодня,alarm/set_alarm,alarm/set_alarm,True,0.927,False,False,False,{'datetime': '5 часов вечера сегодня'},{'datetime': '5 часов вечера сегодня'}
test_57,напомни мне сходить к врачу 21 августа в 3 часа дня,reminder/set_reminder,reminder/set_reminder,True,0.9543,False,False,False,"{'reminder/todo': 'сходить к врачу', 'datetime': '21 августа в 3 часа дня'}","{'datetime': '21 августа в 3 часа дня', 'reference': 'сходить к врачу'}"
test_58,отмени текущее повторяющееся напоминание о приеме лекарств ежедневно в 7 утра,reminder/cancel_reminder,reminder/cancel_reminder,True,0.8841,False,False,False,"{'reminder/todo': 'приеме лекарств', 'recurring_datetime': 'ежедневно в 7 утра'}","{'reference': 'daily medication reminder at 7 AM', 'reminder/todo': 'cancel'}"
test_59,когда по прогнозу будет дождь,weather/find,weather/find,True,0.8834,False,False,False,{'weather/attribute': 'дождь'},"{'datetime': 'future', 'location': 'unknown', 'condition_description': 'rain', 'condition_temperature': 'unknown'}"
test_60,На какое время установлен текущий будильник на завтрашнее утро?,alarm/show_alarms,alarm/show_alarms,True,0.9049,False,False,False,"{'reference': 'текущий', 'datetime': 'завтрашнее утро'}",{'datetime': 'будущий завтрашний'}
test_61,сегодня будет снег,weather/find,weather/find,True,0.908,False,False,False,"{'datetime': 'сегодня', 'weather/attribute': 'снег'}","{'datetime': 'сегодня', 'location': 'неизвестно', 'condition_description': 'снег'}"
test_129,Выключи текущий будильник.,alarm/cancel_alarm,alarm/disable_alarm,False,0.8465,False,False,False,{'reference': 'текущий'},"{'datetime': 'current time', 'reference': 'current alarm'}"
test_234,отмени все будильники,alarm/cancel_alarm,alarm/cancel_alarm,True,0.9665,False,False,False,{'reference': 'все'},{}
test_64,напомни мне купить продукты,reminder/set_reminder,AddToPlaylist,False,0.9133,False,False,False,{'reminder/todo': 'купить продукты'},{}
test_65,Мне нужен будильник на 9 утра для завтрака,alarm/set_alarm,alarm/set_alarm,True,0.9488,False,False,False,{'datetime': '9 утра'},"{'datetime': '9 утра', 'reference': 'завтрака'}"
test_66,установи напоминание о просмотре Колтс за час до начала игры,reminder/set_reminder,reminder/set_reminder,True,0.9465,False,False,False,"{'reminder/todo': 'просмотре Колтс', 'datetime': 'за час до начала игры'}","{'datetime': 'час до начала игры', 'reference': 'Колтс'}"
test_234,отмени все будильники,alarm/cancel_alarm,alarm/cancel_alarm,True,0.9665,False,False,False,{'reference': 'все'},{}
test_68,Отмени текущее третье напоминание в этом списке,reminder/cancel_reminder,alarm/cancel_alarm,False,0.8244,False,False,False,{'reference': 'текущее третье'},"{'reference': 'третие напоминание', 'recurring_datetime': 'текущее'}"
test_87,установи будильник на 6 утра,alarm/set_alarm,alarm/set_alarm,True,0.7252,False,False,False,{'datetime': '6 утра'},{'datetime': '6 утра'}
test_70,Сейчас сбрось этот будильник и установи на 2 часа дня,alarm/cancel_alarm,alarm/set_alarm,False,0.9489,False,False,False,"{'datetime': 'Сейчас | 2 часа дня', 'reference': 'этот'}",{'datetime': '2 часа дня'}
test_71,Пойдет ли снег?,weather/find,weather/find,True,0.9021,False,False,False,{'weather/attribute': 'снег'},"{'location': 'unknown', 'condition_description': 'snow'}"
test_72,Напомни мне заплатить арендную плату.,reminder/set_reminder,reminder/set_reminder,True,0.9031,False,False,False,{'reminder/todo': 'заплатить арендную плату'},"{'datetime': 'value from text', 'reference': 'value from text'}"
test_73,какой минимум на завтра,weather/find,reminder/set_reminder,False,0.9195,False,False,False,"{'weather/attribute': 'минимум', 'datetime': 'завтра'}","{'datetime': 'на завтра', 'reference': 'минимум'}"
test_74,cегодня будет солнечно?,weather/find,weather/find,True,0.9205,False,False,False,"{'datetime': 'сегодня', 'weather/attribute': 'солнечно'}","{'location': 'unknown', 'datetime': 'today'}"
test_84,Сколько у меня напоминаний на сегодня?,reminder/show_reminders,reminder/show_reminders,True,0.9446,False,False,False,{'datetime': 'сегодня'},{'datetime': 'today'}
test_76,Какие у меня напоминание на завтра?,reminder/show_reminders,reminder/show_reminders,True,0.9635,False,False,False,"{'reference': 'меня', 'datetime': 'завтра'}",{}
test_77,Отмени все текущие напоминания.,reminder/cancel_reminder,reminder/cancel_reminder,True,0.9741,False,False,False,{'reference': 'все текущие'},{}
test_78,установи будильник на 6 утра на завтра,alarm/set_alarm,alarm/set_alarm,True,0.9231,False,False,False,{'datetime': '6 утра на завтра'},"{'datetime': '6 утра на завтра', 'reference': 'на завтра'}"
test_79,Установи будильник на 30 минут,alarm/set_alarm,alarm/set_alarm,True,0.7381,False,False,False,{'datetime': '30 минут'},{'datetime': '30 минут'}
test_80,Установи будильник на час вперед,alarm/set_alarm,alarm/set_alarm,True,0.939,False,False,False,{'datetime': 'час вперед'},{'datetime': 'час вперед'}
test_234,отмени все будильники,alarm/cancel_alarm,alarm/cancel_alarm,True,0.9665,False,False,False,{'reference': 'все'},{}
test_82,прогноз погоды в Лос Анджелесе,weather/find,weather/find,True,0.9661,False,False,False,{'location': 'Лос Анджелесе'},{'location': 'Лос Анджелес'}
test_234,отмени все будильники,alarm/cancel_alarm,alarm/cancel_alarm,True,0.9665,False,False,False,{'reference': 'все'},{}
test_84,Сколько у меня напоминаний на сегодня?,reminder/show_reminders,reminder/show_reminders,True,0.9446,False,False,False,{'datetime': 'сегодня'},{'datetime': 'today'}
test_85,Напомни мне купить бумажные полотенца в магазине завтра,reminder/set_reminder,BookRestaurant,False,0.8762,False,False,False,"{'reminder/todo': 'купить бумажные полотенца в магазине', 'datetime': 'завтра'}","{'cuisine': 'paper towel', 'datetime': 'tomorrow', 'facility': 'shop', 'location': 'unspecified'}"
test_225,Покажи мне все текущие напоминания,reminder/show_reminders,reminder/show_reminders,True,0.9751,False,False,False,{'reference': 'все текущие'},{}
test_87,поставь будильник на 6 утра,alarm/set_alarm,alarm/set_alarm,True,0.7765,False,False,False,{'datetime': '6 утра'},{'datetime': '6 утра'}
test_88,завтра будет снег,weather/find,weather/find,True,0.9146,False,False,False,"{'datetime': 'завтра', 'weather/attribute': 'снег'}","{'datetime': 'завтра', 'location': 'не указан', 'condition_description': 'снег'}"
test_89,удали текущий будильник на завтрашнее утро,alarm/cancel_alarm,alarm/set_alarm,False,0.7942,False,False,False,"{'reference': 'текущий', 'datetime': 'завтрашнее утро'}",{'datetime': 'завтрашнее утро'}
test_90,Установи будильник на полдень только по пондельникам.,alarm/set_alarm,alarm/set_alarm,True,0.9041,False,False,False,{'recurring_datetime': 'полдень только по понедельникам'},"{'datetime': '12:00', 'reference': 'понедельник'}"
test_232,Насколько жарко будет сегодня?,weather/find,weather/find,True,0.9047,False,False,False,"{'weather/attribute': 'жарко', 'datetime': 'сегодня'}","{'location': 'unknown', 'datetime': 'today'}"
test_92,напомни мне установить будильники на утром,reminder/set_reminder,alarm/set_alarm,False,0.8107,False,False,False,"{'reminder/todo': 'установить будильники', 'datetime': 'утро'}",{'datetime': 'утром'}
test_118,удали все будильники,alarm/cancel_alarm,alarm/cancel_alarm,True,0.8924,False,False,False,{'reference': 'все'},{'reference': 'all'}
test_245,покажи все будильники,alarm/show_alarms,alarm/show_alarms,True,0.9575,False,False,False,{'reference': 'все'},{}
test_97,отключи будильник,alarm/cancel_alarm,alarm/set_alarm,False,0.9623,False,False,False,{},{}
test_96,Какая температура сегодня?,weather/find,weather/find,True,0.8885,False,False,False,"{'weather/attribute': 'температура', 'datetime': 'сегодня'}",{'condition_temperature': 'температура сегодня'}
test_245,покажи все будильники,alarm/show_alarms,alarm/show_alarms,True,0.9575,False,False,False,{'reference': 'все'},{}
test_99,установи будильник на каждые 30 минут,alarm/set_alarm,alarm/set_alarm,True,0.9397,False,False,False,{'recurring_datetime': 'каждые 30 минут'},{'recurring_datetime': 'каждые 30 минут'}
test_164,Какая температура будет сегодня?,weather/find,weather/find,True,0.9163,False,False,False,"{'weather/attribute': 'температура', 'datetime': 'сегодня'}","{'datetime': 'today', 'location': 'unspecified', 'condition_temperature': 'unspecified'}"
test_101,будет ли жарко сегодня?,weather/find,weather/find,True,0.8984,False,False,False,"{'weather/attribute': 'жарко', 'datetime': 'сегодня'}","{'location': 'unknown', 'datetime': 'today'}"
test_214,завтра пойдет дождь?,weather/find,weather/find,True,0.9179,False,False,False,"{'datetime': 'завтра', 'weather/attribute': 'дождь'}","{'datetime': 'завтра', 'location': 'неизвестно'}"
